idDivision	taula	codi	serie	periode	valor
797	TOTAL POBLACIÓ	0101010100010001	TOTAL POBLACIÓ. POBLACIÓ	2009	73600
797	TOTAL POBLACIÓ	0101010100010001	TOTAL POBLACIÓ. POBLACIÓ	2010	70290
797	TOTAL POBLACIÓ	0101010100010001	TOTAL POBLACIÓ. POBLACIÓ	2011	69772
797	TOTAL POBLACIÓ	0101010100010001	TOTAL POBLACIÓ. POBLACIÓ	2012	69758
797	TOTAL POBLACIÓ	0101010100010001	TOTAL POBLACIÓ. POBLACIÓ	2013	69966
797	TOTAL POBLACIÓ	0101010100010001	TOTAL POBLACIÓ. POBLACIÓ	2014	70570
797	TOTAL POBLACIÓ	0101010100010001	TOTAL POBLACIÓ. POBLACIÓ	2015	71732
797	TOTAL POBLACIÓ	0101010100010001	TOTAL POBLACIÓ. POBLACIÓ	2016	73105
797	TOTAL POBLACIÓ	0101010100010001	TOTAL POBLACIÓ. POBLACIÓ	2017	74794
797	TOTAL POBLACIÓ	0101010100010001	TOTAL POBLACIÓ. POBLACIÓ	2018	76177
797	TOTAL POBLACIÓ	0101010100010001	TOTAL POBLACIÓ. POBLACIÓ	2019	77543
797	TOTAL POBLACIÓ	0101010100010001	TOTAL POBLACIÓ. POBLACIÓ	2020	78015
797	TOTAL POBLACIÓ	0101010100010001	TOTAL POBLACIÓ. POBLACIÓ	2021	79535
797	TOTAL POBLACIÓ	0101010100010001	TOTAL POBLACIÓ. POBLACIÓ	2022	81588
797	TOTAL POBLACIÓ	0101010100010001	TOTAL POBLACIÓ. POBLACIÓ	2023	85101
797	TOTAL POBLACIÓ	0101010100010001	TOTAL POBLACIÓ. POBLACIÓ	2024	87097
797	TOTAL POBLACIÓ	0101010100010001	TOTAL POBLACIÓ. POBLACIÓ	2025	89058
798	POBLACIÓ PER PARRÒQUIA	0101010100020001	POBLACIÓ PER PARRÒQUIA. TOTAL	2009	73600
798	POBLACIÓ PER PARRÒQUIA	0101010100020001	POBLACIÓ PER PARRÒQUIA. TOTAL	2010	70290
798	POBLACIÓ PER PARRÒQUIA	0101010100020001	POBLACIÓ PER PARRÒQUIA. TOTAL	2011	69772
798	POBLACIÓ PER PARRÒQUIA	0101010100020001	POBLACIÓ PER PARRÒQUIA. TOTAL	2012	69758
798	POBLACIÓ PER PARRÒQUIA	0101010100020001	POBLACIÓ PER PARRÒQUIA. TOTAL	2013	69966
798	POBLACIÓ PER PARRÒQUIA	0101010100020001	POBLACIÓ PER PARRÒQUIA. TOTAL	2014	70570
798	POBLACIÓ PER PARRÒQUIA	0101010100020001	POBLACIÓ PER PARRÒQUIA. TOTAL	2015	71732
798	POBLACIÓ PER PARRÒQUIA	0101010100020001	POBLACIÓ PER PARRÒQUIA. TOTAL	2016	73105
798	POBLACIÓ PER PARRÒQUIA	0101010100020001	POBLACIÓ PER PARRÒQUIA. TOTAL	2017	74794
798	POBLACIÓ PER PARRÒQUIA	0101010100020001	POBLACIÓ PER PARRÒQUIA. TOTAL	2018	76177
798	POBLACIÓ PER PARRÒQUIA	0101010100020001	POBLACIÓ PER PARRÒQUIA. TOTAL	2019	77543
798	POBLACIÓ PER PARRÒQUIA	0101010100020001	POBLACIÓ PER PARRÒQUIA. TOTAL	2020	78015
798	POBLACIÓ PER PARRÒQUIA	0101010100020001	POBLACIÓ PER PARRÒQUIA. TOTAL	2021	79535
798	POBLACIÓ PER PARRÒQUIA	0101010100020001	POBLACIÓ PER PARRÒQUIA. TOTAL	2022	81588
798	POBLACIÓ PER PARRÒQUIA	0101010100020001	POBLACIÓ PER PARRÒQUIA. TOTAL	2023	85101
798	POBLACIÓ PER PARRÒQUIA	0101010100020001	POBLACIÓ PER PARRÒQUIA. TOTAL	2024	87097
798	POBLACIÓ PER PARRÒQUIA	0101010100020001	POBLACIÓ PER PARRÒQUIA. TOTAL	2025	89058
798	POBLACIÓ PER PARRÒQUIA	0101010100020002	POBLACIÓ PER PARRÒQUIA. CANILLO	2010	3166
798	POBLACIÓ PER PARRÒQUIA	0101010100020002	POBLACIÓ PER PARRÒQUIA. CANILLO	2011	3140
798	POBLACIÓ PER PARRÒQUIA	0101010100020002	POBLACIÓ PER PARRÒQUIA. CANILLO	2012	3204
798	POBLACIÓ PER PARRÒQUIA	0101010100020002	POBLACIÓ PER PARRÒQUIA. CANILLO	2013	3180
798	POBLACIÓ PER PARRÒQUIA	0101010100020002	POBLACIÓ PER PARRÒQUIA. CANILLO	2014	3277
798	POBLACIÓ PER PARRÒQUIA	0101010100020002	POBLACIÓ PER PARRÒQUIA. CANILLO	2015	3368
798	POBLACIÓ PER PARRÒQUIA	0101010100020002	POBLACIÓ PER PARRÒQUIA. CANILLO	2016	3670
798	POBLACIÓ PER PARRÒQUIA	0101010100020002	POBLACIÓ PER PARRÒQUIA. CANILLO	2017	3928
798	POBLACIÓ PER PARRÒQUIA	0101010100020002	POBLACIÓ PER PARRÒQUIA. CANILLO	2018	4103
798	POBLACIÓ PER PARRÒQUIA	0101010100020002	POBLACIÓ PER PARRÒQUIA. CANILLO	2019	4325
798	POBLACIÓ PER PARRÒQUIA	0101010100020002	POBLACIÓ PER PARRÒQUIA. CANILLO	2020	4422
798	POBLACIÓ PER PARRÒQUIA	0101010100020002	POBLACIÓ PER PARRÒQUIA. CANILLO	2021	4773
798	POBLACIÓ PER PARRÒQUIA	0101010100020002	POBLACIÓ PER PARRÒQUIA. CANILLO	2022	5160
798	POBLACIÓ PER PARRÒQUIA	0101010100020002	POBLACIÓ PER PARRÒQUIA. CANILLO	2023	5781
798	POBLACIÓ PER PARRÒQUIA	0101010100020002	POBLACIÓ PER PARRÒQUIA. CANILLO	2024	6018
798	POBLACIÓ PER PARRÒQUIA	0101010100020002	POBLACIÓ PER PARRÒQUIA. CANILLO	2025	6457
798	POBLACIÓ PER PARRÒQUIA	0101010100020003	POBLACIÓ PER PARRÒQUIA. ENCAMP	2010	11319
798	POBLACIÓ PER PARRÒQUIA	0101010100020003	POBLACIÓ PER PARRÒQUIA. ENCAMP	2011	11094
798	POBLACIÓ PER PARRÒQUIA	0101010100020003	POBLACIÓ PER PARRÒQUIA. ENCAMP	2012	10937
798	POBLACIÓ PER PARRÒQUIA	0101010100020003	POBLACIÓ PER PARRÒQUIA. ENCAMP	2013	10675
798	POBLACIÓ PER PARRÒQUIA	0101010100020003	POBLACIÓ PER PARRÒQUIA. ENCAMP	2014	10714
798	POBLACIÓ PER PARRÒQUIA	0101010100020003	POBLACIÓ PER PARRÒQUIA. ENCAMP	2015	10857
798	POBLACIÓ PER PARRÒQUIA	0101010100020003	POBLACIÓ PER PARRÒQUIA. ENCAMP	2016	10963
798	POBLACIÓ PER PARRÒQUIA	0101010100020003	POBLACIÓ PER PARRÒQUIA. ENCAMP	2017	11290
798	POBLACIÓ PER PARRÒQUIA	0101010100020003	POBLACIÓ PER PARRÒQUIA. ENCAMP	2018	11525
798	POBLACIÓ PER PARRÒQUIA	0101010100020003	POBLACIÓ PER PARRÒQUIA. ENCAMP	2019	11688
798	POBLACIÓ PER PARRÒQUIA	0101010100020003	POBLACIÓ PER PARRÒQUIA. ENCAMP	2020	11734
798	POBLACIÓ PER PARRÒQUIA	0101010100020003	POBLACIÓ PER PARRÒQUIA. ENCAMP	2021	11790
798	POBLACIÓ PER PARRÒQUIA	0101010100020003	POBLACIÓ PER PARRÒQUIA. ENCAMP	2022	12155
798	POBLACIÓ PER PARRÒQUIA	0101010100020003	POBLACIÓ PER PARRÒQUIA. ENCAMP	2023	12826
798	POBLACIÓ PER PARRÒQUIA	0101010100020003	POBLACIÓ PER PARRÒQUIA. ENCAMP	2024	13200
798	POBLACIÓ PER PARRÒQUIA	0101010100020003	POBLACIÓ PER PARRÒQUIA. ENCAMP	2025	13520
798	POBLACIÓ PER PARRÒQUIA	0101010100020004	POBLACIÓ PER PARRÒQUIA. ORDINO	2010	4015
798	POBLACIÓ PER PARRÒQUIA	0101010100020004	POBLACIÓ PER PARRÒQUIA. ORDINO	2011	4091
798	POBLACIÓ PER PARRÒQUIA	0101010100020004	POBLACIÓ PER PARRÒQUIA. ORDINO	2012	4210
798	POBLACIÓ PER PARRÒQUIA	0101010100020004	POBLACIÓ PER PARRÒQUIA. ORDINO	2013	4281
798	POBLACIÓ PER PARRÒQUIA	0101010100020004	POBLACIÓ PER PARRÒQUIA. ORDINO	2014	4390
798	POBLACIÓ PER PARRÒQUIA	0101010100020004	POBLACIÓ PER PARRÒQUIA. ORDINO	2015	4429
798	POBLACIÓ PER PARRÒQUIA	0101010100020004	POBLACIÓ PER PARRÒQUIA. ORDINO	2016	4577
798	POBLACIÓ PER PARRÒQUIA	0101010100020004	POBLACIÓ PER PARRÒQUIA. ORDINO	2017	4675
798	POBLACIÓ PER PARRÒQUIA	0101010100020004	POBLACIÓ PER PARRÒQUIA. ORDINO	2018	4798
798	POBLACIÓ PER PARRÒQUIA	0101010100020004	POBLACIÓ PER PARRÒQUIA. ORDINO	2019	4942
798	POBLACIÓ PER PARRÒQUIA	0101010100020004	POBLACIÓ PER PARRÒQUIA. ORDINO	2020	5001
798	POBLACIÓ PER PARRÒQUIA	0101010100020004	POBLACIÓ PER PARRÒQUIA. ORDINO	2021	5069
798	POBLACIÓ PER PARRÒQUIA	0101010100020004	POBLACIÓ PER PARRÒQUIA. ORDINO	2022	5225
798	POBLACIÓ PER PARRÒQUIA	0101010100020004	POBLACIÓ PER PARRÒQUIA. ORDINO	2023	5440
798	POBLACIÓ PER PARRÒQUIA	0101010100020004	POBLACIÓ PER PARRÒQUIA. ORDINO	2024	5545
798	POBLACIÓ PER PARRÒQUIA	0101010100020004	POBLACIÓ PER PARRÒQUIA. ORDINO	2025	5679
798	POBLACIÓ PER PARRÒQUIA	0101010100020005	POBLACIÓ PER PARRÒQUIA. LA MASSANA	2010	8618
798	POBLACIÓ PER PARRÒQUIA	0101010100020005	POBLACIÓ PER PARRÒQUIA. LA MASSANA	2011	8526
798	POBLACIÓ PER PARRÒQUIA	0101010100020005	POBLACIÓ PER PARRÒQUIA. LA MASSANA	2012	8647
798	POBLACIÓ PER PARRÒQUIA	0101010100020005	POBLACIÓ PER PARRÒQUIA. LA MASSANA	2013	8800
798	POBLACIÓ PER PARRÒQUIA	0101010100020005	POBLACIÓ PER PARRÒQUIA. LA MASSANA	2014	8907
798	POBLACIÓ PER PARRÒQUIA	0101010100020005	POBLACIÓ PER PARRÒQUIA. LA MASSANA	2015	9096
798	POBLACIÓ PER PARRÒQUIA	0101010100020005	POBLACIÓ PER PARRÒQUIA. LA MASSANA	2016	9318
798	POBLACIÓ PER PARRÒQUIA	0101010100020005	POBLACIÓ PER PARRÒQUIA. LA MASSANA	2017	9628
798	POBLACIÓ PER PARRÒQUIA	0101010100020005	POBLACIÓ PER PARRÒQUIA. LA MASSANA	2018	9924
798	POBLACIÓ PER PARRÒQUIA	0101010100020005	POBLACIÓ PER PARRÒQUIA. LA MASSANA	2019	10174
798	POBLACIÓ PER PARRÒQUIA	0101010100020005	POBLACIÓ PER PARRÒQUIA. LA MASSANA	2020	10349
798	POBLACIÓ PER PARRÒQUIA	0101010100020005	POBLACIÓ PER PARRÒQUIA. LA MASSANA	2021	10750
798	POBLACIÓ PER PARRÒQUIA	0101010100020005	POBLACIÓ PER PARRÒQUIA. LA MASSANA	2022	11113
798	POBLACIÓ PER PARRÒQUIA	0101010100020005	POBLACIÓ PER PARRÒQUIA. LA MASSANA	2023	11591
798	POBLACIÓ PER PARRÒQUIA	0101010100020005	POBLACIÓ PER PARRÒQUIA. LA MASSANA	2024	11837
798	POBLACIÓ PER PARRÒQUIA	0101010100020005	POBLACIÓ PER PARRÒQUIA. LA MASSANA	2025	12148
798	POBLACIÓ PER PARRÒQUIA	0101010100020006	POBLACIÓ PER PARRÒQUIA. ANDORRA LA VELLA	2010	21190
798	POBLACIÓ PER PARRÒQUIA	0101010100020006	POBLACIÓ PER PARRÒQUIA. ANDORRA LA VELLA	2011	21018
798	POBLACIÓ PER PARRÒQUIA	0101010100020006	POBLACIÓ PER PARRÒQUIA. ANDORRA LA VELLA	2012	20988
798	POBLACIÓ PER PARRÒQUIA	0101010100020006	POBLACIÓ PER PARRÒQUIA. ANDORRA LA VELLA	2013	21113
798	POBLACIÓ PER PARRÒQUIA	0101010100020006	POBLACIÓ PER PARRÒQUIA. ANDORRA LA VELLA	2014	21126
798	POBLACIÓ PER PARRÒQUIA	0101010100020006	POBLACIÓ PER PARRÒQUIA. ANDORRA LA VELLA	2015	21428
798	POBLACIÓ PER PARRÒQUIA	0101010100020006	POBLACIÓ PER PARRÒQUIA. ANDORRA LA VELLA	2016	21672
798	POBLACIÓ PER PARRÒQUIA	0101010100020006	POBLACIÓ PER PARRÒQUIA. ANDORRA LA VELLA	2017	22001
798	POBLACIÓ PER PARRÒQUIA	0101010100020006	POBLACIÓ PER PARRÒQUIA. ANDORRA LA VELLA	2018	22151
798	POBLACIÓ PER PARRÒQUIA	0101010100020006	POBLACIÓ PER PARRÒQUIA. ANDORRA LA VELLA	2019	22440
798	POBLACIÓ PER PARRÒQUIA	0101010100020006	POBLACIÓ PER PARRÒQUIA. ANDORRA LA VELLA	2020	22537
798	POBLACIÓ PER PARRÒQUIA	0101010100020006	POBLACIÓ PER PARRÒQUIA. ANDORRA LA VELLA	2021	22873
798	POBLACIÓ PER PARRÒQUIA	0101010100020006	POBLACIÓ PER PARRÒQUIA. ANDORRA LA VELLA	2022	23324
798	POBLACIÓ PER PARRÒQUIA	0101010100020006	POBLACIÓ PER PARRÒQUIA. ANDORRA LA VELLA	2023	24042
798	POBLACIÓ PER PARRÒQUIA	0101010100020006	POBLACIÓ PER PARRÒQUIA. ANDORRA LA VELLA	2024	24575
798	POBLACIÓ PER PARRÒQUIA	0101010100020006	POBLACIÓ PER PARRÒQUIA. ANDORRA LA VELLA	2025	24836
798	POBLACIÓ PER PARRÒQUIA	0101010100020007	POBLACIÓ PER PARRÒQUIA. SANT JULIÀ DE LÒRIA	2010	8500
798	POBLACIÓ PER PARRÒQUIA	0101010100020007	POBLACIÓ PER PARRÒQUIA. SANT JULIÀ DE LÒRIA	2011	8404
798	POBLACIÓ PER PARRÒQUIA	0101010100020007	POBLACIÓ PER PARRÒQUIA. SANT JULIÀ DE LÒRIA	2012	8406
798	POBLACIÓ PER PARRÒQUIA	0101010100020007	POBLACIÓ PER PARRÒQUIA. SANT JULIÀ DE LÒRIA	2013	8404
798	POBLACIÓ PER PARRÒQUIA	0101010100020007	POBLACIÓ PER PARRÒQUIA. SANT JULIÀ DE LÒRIA	2014	8522
798	POBLACIÓ PER PARRÒQUIA	0101010100020007	POBLACIÓ PER PARRÒQUIA. SANT JULIÀ DE LÒRIA	2015	8681
798	POBLACIÓ PER PARRÒQUIA	0101010100020007	POBLACIÓ PER PARRÒQUIA. SANT JULIÀ DE LÒRIA	2016	8857
798	POBLACIÓ PER PARRÒQUIA	0101010100020007	POBLACIÓ PER PARRÒQUIA. SANT JULIÀ DE LÒRIA	2017	9001
798	POBLACIÓ PER PARRÒQUIA	0101010100020007	POBLACIÓ PER PARRÒQUIA. SANT JULIÀ DE LÒRIA	2018	9219
798	POBLACIÓ PER PARRÒQUIA	0101010100020007	POBLACIÓ PER PARRÒQUIA. SANT JULIÀ DE LÒRIA	2019	9375
798	POBLACIÓ PER PARRÒQUIA	0101010100020007	POBLACIÓ PER PARRÒQUIA. SANT JULIÀ DE LÒRIA	2020	9390
798	POBLACIÓ PER PARRÒQUIA	0101010100020007	POBLACIÓ PER PARRÒQUIA. SANT JULIÀ DE LÒRIA	2021	9556
798	POBLACIÓ PER PARRÒQUIA	0101010100020007	POBLACIÓ PER PARRÒQUIA. SANT JULIÀ DE LÒRIA	2022	9694
798	POBLACIÓ PER PARRÒQUIA	0101010100020007	POBLACIÓ PER PARRÒQUIA. SANT JULIÀ DE LÒRIA	2023	9915
798	POBLACIÓ PER PARRÒQUIA	0101010100020007	POBLACIÓ PER PARRÒQUIA. SANT JULIÀ DE LÒRIA	2024	10127
798	POBLACIÓ PER PARRÒQUIA	0101010100020007	POBLACIÓ PER PARRÒQUIA. SANT JULIÀ DE LÒRIA	2025	10256
798	POBLACIÓ PER PARRÒQUIA	0101010100020008	POBLACIÓ PER PARRÒQUIA. ESCALDES-ENGORDANY	2010	13482
798	POBLACIÓ PER PARRÒQUIA	0101010100020008	POBLACIÓ PER PARRÒQUIA. ESCALDES-ENGORDANY	2011	13499
798	POBLACIÓ PER PARRÒQUIA	0101010100020008	POBLACIÓ PER PARRÒQUIA. ESCALDES-ENGORDANY	2012	13366
798	POBLACIÓ PER PARRÒQUIA	0101010100020008	POBLACIÓ PER PARRÒQUIA. ESCALDES-ENGORDANY	2013	13513
798	POBLACIÓ PER PARRÒQUIA	0101010100020008	POBLACIÓ PER PARRÒQUIA. ESCALDES-ENGORDANY	2014	13634
798	POBLACIÓ PER PARRÒQUIA	0101010100020008	POBLACIÓ PER PARRÒQUIA. ESCALDES-ENGORDANY	2015	13873
798	POBLACIÓ PER PARRÒQUIA	0101010100020008	POBLACIÓ PER PARRÒQUIA. ESCALDES-ENGORDANY	2016	14048
798	POBLACIÓ PER PARRÒQUIA	0101010100020008	POBLACIÓ PER PARRÒQUIA. ESCALDES-ENGORDANY	2017	14271
798	POBLACIÓ PER PARRÒQUIA	0101010100020008	POBLACIÓ PER PARRÒQUIA. ESCALDES-ENGORDANY	2018	14457
798	POBLACIÓ PER PARRÒQUIA	0101010100020008	POBLACIÓ PER PARRÒQUIA. ESCALDES-ENGORDANY	2019	14599
798	POBLACIÓ PER PARRÒQUIA	0101010100020008	POBLACIÓ PER PARRÒQUIA. ESCALDES-ENGORDANY	2020	14582
798	POBLACIÓ PER PARRÒQUIA	0101010100020008	POBLACIÓ PER PARRÒQUIA. ESCALDES-ENGORDANY	2021	14724
798	POBLACIÓ PER PARRÒQUIA	0101010100020008	POBLACIÓ PER PARRÒQUIA. ESCALDES-ENGORDANY	2022	14917
798	POBLACIÓ PER PARRÒQUIA	0101010100020008	POBLACIÓ PER PARRÒQUIA. ESCALDES-ENGORDANY	2023	15506
798	POBLACIÓ PER PARRÒQUIA	0101010100020008	POBLACIÓ PER PARRÒQUIA. ESCALDES-ENGORDANY	2024	15795
798	POBLACIÓ PER PARRÒQUIA	0101010100020008	POBLACIÓ PER PARRÒQUIA. ESCALDES-ENGORDANY	2025	16162
1096	POBLACIÓ PER POBLE	0101010100030001	POBLACIÓ PER POBLE. ALDOSA. (CANILLO)	2010	167
1096	POBLACIÓ PER POBLE	0101010100030001	POBLACIÓ PER POBLE. ALDOSA. (CANILLO)	2011	156
1096	POBLACIÓ PER POBLE	0101010100030001	POBLACIÓ PER POBLE. ALDOSA. (CANILLO)	2012	156
1096	POBLACIÓ PER POBLE	0101010100030001	POBLACIÓ PER POBLE. ALDOSA. (CANILLO)	2013	145
1096	POBLACIÓ PER POBLE	0101010100030001	POBLACIÓ PER POBLE. ALDOSA. (CANILLO)	2014	153
1096	POBLACIÓ PER POBLE	0101010100030001	POBLACIÓ PER POBLE. ALDOSA. (CANILLO)	2015	158
1096	POBLACIÓ PER POBLE	0101010100030001	POBLACIÓ PER POBLE. ALDOSA. (CANILLO)	2016	161
1096	POBLACIÓ PER POBLE	0101010100030001	POBLACIÓ PER POBLE. ALDOSA. (CANILLO)	2017	169
1096	POBLACIÓ PER POBLE	0101010100030001	POBLACIÓ PER POBLE. ALDOSA. (CANILLO)	2018	173
1096	POBLACIÓ PER POBLE	0101010100030001	POBLACIÓ PER POBLE. ALDOSA. (CANILLO)	2019	184
1096	POBLACIÓ PER POBLE	0101010100030001	POBLACIÓ PER POBLE. ALDOSA. (CANILLO)	2020	189
1096	POBLACIÓ PER POBLE	0101010100030001	POBLACIÓ PER POBLE. ALDOSA. (CANILLO)	2021	222
1096	POBLACIÓ PER POBLE	0101010100030001	POBLACIÓ PER POBLE. ALDOSA. (CANILLO)	2022	260
1096	POBLACIÓ PER POBLE	0101010100030001	POBLACIÓ PER POBLE. ALDOSA. (CANILLO)	2023	289
1096	POBLACIÓ PER POBLE	0101010100030001	POBLACIÓ PER POBLE. ALDOSA. (CANILLO)	2024	300
1096	POBLACIÓ PER POBLE	0101010100030001	POBLACIÓ PER POBLE. ALDOSA. (CANILLO)	2025	302
1096	POBLACIÓ PER POBLE	0101010100030002	POBLACIÓ PER POBLE. CANILLO. (CANILLO)	2010	1596
1096	POBLACIÓ PER POBLE	0101010100030002	POBLACIÓ PER POBLE. CANILLO. (CANILLO)	2011	1590
1096	POBLACIÓ PER POBLE	0101010100030002	POBLACIÓ PER POBLE. CANILLO. (CANILLO)	2012	1643
1096	POBLACIÓ PER POBLE	0101010100030002	POBLACIÓ PER POBLE. CANILLO. (CANILLO)	2013	1626
1096	POBLACIÓ PER POBLE	0101010100030002	POBLACIÓ PER POBLE. CANILLO. (CANILLO)	2014	1690
1096	POBLACIÓ PER POBLE	0101010100030002	POBLACIÓ PER POBLE. CANILLO. (CANILLO)	2015	1726
1096	POBLACIÓ PER POBLE	0101010100030002	POBLACIÓ PER POBLE. CANILLO. (CANILLO)	2016	1881
1096	POBLACIÓ PER POBLE	0101010100030002	POBLACIÓ PER POBLE. CANILLO. (CANILLO)	2017	1996
1096	POBLACIÓ PER POBLE	0101010100030002	POBLACIÓ PER POBLE. CANILLO. (CANILLO)	2018	2066
1096	POBLACIÓ PER POBLE	0101010100030002	POBLACIÓ PER POBLE. CANILLO. (CANILLO)	2019	2213
1096	POBLACIÓ PER POBLE	0101010100030002	POBLACIÓ PER POBLE. CANILLO. (CANILLO)	2020	2243
1096	POBLACIÓ PER POBLE	0101010100030002	POBLACIÓ PER POBLE. CANILLO. (CANILLO)	2021	2280
1096	POBLACIÓ PER POBLE	0101010100030002	POBLACIÓ PER POBLE. CANILLO. (CANILLO)	2022	2404
1096	POBLACIÓ PER POBLE	0101010100030002	POBLACIÓ PER POBLE. CANILLO. (CANILLO)	2023	2550
1096	POBLACIÓ PER POBLE	0101010100030002	POBLACIÓ PER POBLE. CANILLO. (CANILLO)	2024	2569
1096	POBLACIÓ PER POBLE	0101010100030002	POBLACIÓ PER POBLE. CANILLO. (CANILLO)	2025	2623
1096	POBLACIÓ PER POBLE	0101010100030003	POBLACIÓ PER POBLE. EL FORN. (CANILLO)	2010	64
1096	POBLACIÓ PER POBLE	0101010100030003	POBLACIÓ PER POBLE. EL FORN. (CANILLO)	2011	63
1096	POBLACIÓ PER POBLE	0101010100030003	POBLACIÓ PER POBLE. EL FORN. (CANILLO)	2012	62
1096	POBLACIÓ PER POBLE	0101010100030003	POBLACIÓ PER POBLE. EL FORN. (CANILLO)	2013	57
1096	POBLACIÓ PER POBLE	0101010100030003	POBLACIÓ PER POBLE. EL FORN. (CANILLO)	2014	64
1096	POBLACIÓ PER POBLE	0101010100030003	POBLACIÓ PER POBLE. EL FORN. (CANILLO)	2015	68
1096	POBLACIÓ PER POBLE	0101010100030003	POBLACIÓ PER POBLE. EL FORN. (CANILLO)	2016	68
1096	POBLACIÓ PER POBLE	0101010100030003	POBLACIÓ PER POBLE. EL FORN. (CANILLO)	2017	63
1096	POBLACIÓ PER POBLE	0101010100030003	POBLACIÓ PER POBLE. EL FORN. (CANILLO)	2018	63
1096	POBLACIÓ PER POBLE	0101010100030003	POBLACIÓ PER POBLE. EL FORN. (CANILLO)	2019	64
1096	POBLACIÓ PER POBLE	0101010100030003	POBLACIÓ PER POBLE. EL FORN. (CANILLO)	2020	63
1096	POBLACIÓ PER POBLE	0101010100030003	POBLACIÓ PER POBLE. EL FORN. (CANILLO)	2021	72
1096	POBLACIÓ PER POBLE	0101010100030003	POBLACIÓ PER POBLE. EL FORN. (CANILLO)	2022	77
1096	POBLACIÓ PER POBLE	0101010100030003	POBLACIÓ PER POBLE. EL FORN. (CANILLO)	2023	99
1096	POBLACIÓ PER POBLE	0101010100030003	POBLACIÓ PER POBLE. EL FORN. (CANILLO)	2024	122
1096	POBLACIÓ PER POBLE	0101010100030003	POBLACIÓ PER POBLE. EL FORN. (CANILLO)	2025	161
1096	POBLACIÓ PER POBLE	0101010100030004	POBLACIÓ PER POBLE. EL TARTER. (CANILLO)	2010	462
1096	POBLACIÓ PER POBLE	0101010100030004	POBLACIÓ PER POBLE. EL TARTER. (CANILLO)	2011	446
1096	POBLACIÓ PER POBLE	0101010100030004	POBLACIÓ PER POBLE. EL TARTER. (CANILLO)	2012	463
1096	POBLACIÓ PER POBLE	0101010100030004	POBLACIÓ PER POBLE. EL TARTER. (CANILLO)	2013	462
1096	POBLACIÓ PER POBLE	0101010100030004	POBLACIÓ PER POBLE. EL TARTER. (CANILLO)	2014	475
1096	POBLACIÓ PER POBLE	0101010100030004	POBLACIÓ PER POBLE. EL TARTER. (CANILLO)	2015	513
1096	POBLACIÓ PER POBLE	0101010100030004	POBLACIÓ PER POBLE. EL TARTER. (CANILLO)	2016	588
1096	POBLACIÓ PER POBLE	0101010100030004	POBLACIÓ PER POBLE. EL TARTER. (CANILLO)	2017	641
1096	POBLACIÓ PER POBLE	0101010100030004	POBLACIÓ PER POBLE. EL TARTER. (CANILLO)	2018	680
1096	POBLACIÓ PER POBLE	0101010100030004	POBLACIÓ PER POBLE. EL TARTER. (CANILLO)	2019	722
1096	POBLACIÓ PER POBLE	0101010100030004	POBLACIÓ PER POBLE. EL TARTER. (CANILLO)	2020	773
1096	POBLACIÓ PER POBLE	0101010100030004	POBLACIÓ PER POBLE. EL TARTER. (CANILLO)	2021	835
1096	POBLACIÓ PER POBLE	0101010100030004	POBLACIÓ PER POBLE. EL TARTER. (CANILLO)	2022	925
1096	POBLACIÓ PER POBLE	0101010100030004	POBLACIÓ PER POBLE. EL TARTER. (CANILLO)	2023	1003
1096	POBLACIÓ PER POBLE	0101010100030004	POBLACIÓ PER POBLE. EL TARTER. (CANILLO)	2024	1131
1096	POBLACIÓ PER POBLE	0101010100030004	POBLACIÓ PER POBLE. EL TARTER. (CANILLO)	2025	1257
1096	POBLACIÓ PER POBLE	0101010100030005	POBLACIÓ PER POBLE. EL VILAR. (CANILLO)	2010	9
1096	POBLACIÓ PER POBLE	0101010100030005	POBLACIÓ PER POBLE. EL VILAR. (CANILLO)	2011	9
1096	POBLACIÓ PER POBLE	0101010100030005	POBLACIÓ PER POBLE. EL VILAR. (CANILLO)	2012	9
1096	POBLACIÓ PER POBLE	0101010100030005	POBLACIÓ PER POBLE. EL VILAR. (CANILLO)	2013	9
1096	POBLACIÓ PER POBLE	0101010100030005	POBLACIÓ PER POBLE. EL VILAR. (CANILLO)	2014	9
1096	POBLACIÓ PER POBLE	0101010100030005	POBLACIÓ PER POBLE. EL VILAR. (CANILLO)	2015	9
1096	POBLACIÓ PER POBLE	0101010100030005	POBLACIÓ PER POBLE. EL VILAR. (CANILLO)	2016	8
1096	POBLACIÓ PER POBLE	0101010100030005	POBLACIÓ PER POBLE. EL VILAR. (CANILLO)	2017	8
1096	POBLACIÓ PER POBLE	0101010100030005	POBLACIÓ PER POBLE. EL VILAR. (CANILLO)	2018	8
1096	POBLACIÓ PER POBLE	0101010100030005	POBLACIÓ PER POBLE. EL VILAR. (CANILLO)	2019	8
1096	POBLACIÓ PER POBLE	0101010100030005	POBLACIÓ PER POBLE. EL VILAR. (CANILLO)	2020	8
1096	POBLACIÓ PER POBLE	0101010100030005	POBLACIÓ PER POBLE. EL VILAR. (CANILLO)	2021	8
1096	POBLACIÓ PER POBLE	0101010100030005	POBLACIÓ PER POBLE. EL VILAR. (CANILLO)	2022	7
1096	POBLACIÓ PER POBLE	0101010100030005	POBLACIÓ PER POBLE. EL VILAR. (CANILLO)	2023	7
1096	POBLACIÓ PER POBLE	0101010100030005	POBLACIÓ PER POBLE. EL VILAR. (CANILLO)	2024	7
1096	POBLACIÓ PER POBLE	0101010100030005	POBLACIÓ PER POBLE. EL VILAR. (CANILLO)	2025	7
1096	POBLACIÓ PER POBLE	0101010100030006	POBLACIÓ PER POBLE. ELS PLANS. (CANILLO)	2010	10
1096	POBLACIÓ PER POBLE	0101010100030006	POBLACIÓ PER POBLE. ELS PLANS. (CANILLO)	2011	10
1096	POBLACIÓ PER POBLE	0101010100030006	POBLACIÓ PER POBLE. ELS PLANS. (CANILLO)	2012	10
1096	POBLACIÓ PER POBLE	0101010100030006	POBLACIÓ PER POBLE. ELS PLANS. (CANILLO)	2013	10
1096	POBLACIÓ PER POBLE	0101010100030006	POBLACIÓ PER POBLE. ELS PLANS. (CANILLO)	2014	11
1096	POBLACIÓ PER POBLE	0101010100030006	POBLACIÓ PER POBLE. ELS PLANS. (CANILLO)	2015	11
1096	POBLACIÓ PER POBLE	0101010100030006	POBLACIÓ PER POBLE. ELS PLANS. (CANILLO)	2016	12
1096	POBLACIÓ PER POBLE	0101010100030006	POBLACIÓ PER POBLE. ELS PLANS. (CANILLO)	2017	12
1096	POBLACIÓ PER POBLE	0101010100030006	POBLACIÓ PER POBLE. ELS PLANS. (CANILLO)	2018	13
1096	POBLACIÓ PER POBLE	0101010100030006	POBLACIÓ PER POBLE. ELS PLANS. (CANILLO)	2019	13
1096	POBLACIÓ PER POBLE	0101010100030006	POBLACIÓ PER POBLE. ELS PLANS. (CANILLO)	2020	14
1096	POBLACIÓ PER POBLE	0101010100030006	POBLACIÓ PER POBLE. ELS PLANS. (CANILLO)	2021	15
1096	POBLACIÓ PER POBLE	0101010100030006	POBLACIÓ PER POBLE. ELS PLANS. (CANILLO)	2022	19
1096	POBLACIÓ PER POBLE	0101010100030006	POBLACIÓ PER POBLE. ELS PLANS. (CANILLO)	2023	38
1096	POBLACIÓ PER POBLE	0101010100030006	POBLACIÓ PER POBLE. ELS PLANS. (CANILLO)	2024	40
1096	POBLACIÓ PER POBLE	0101010100030006	POBLACIÓ PER POBLE. ELS PLANS. (CANILLO)	2025	40
1096	POBLACIÓ PER POBLE	0101010100030007	POBLACIÓ PER POBLE. INCLES. (CANILLO)	2010	226
1096	POBLACIÓ PER POBLE	0101010100030007	POBLACIÓ PER POBLE. INCLES. (CANILLO)	2011	229
1096	POBLACIÓ PER POBLE	0101010100030007	POBLACIÓ PER POBLE. INCLES. (CANILLO)	2012	227
1096	POBLACIÓ PER POBLE	0101010100030007	POBLACIÓ PER POBLE. INCLES. (CANILLO)	2013	237
1096	POBLACIÓ PER POBLE	0101010100030007	POBLACIÓ PER POBLE. INCLES. (CANILLO)	2014	224
1096	POBLACIÓ PER POBLE	0101010100030007	POBLACIÓ PER POBLE. INCLES. (CANILLO)	2015	231
1096	POBLACIÓ PER POBLE	0101010100030007	POBLACIÓ PER POBLE. INCLES. (CANILLO)	2016	258
1096	POBLACIÓ PER POBLE	0101010100030007	POBLACIÓ PER POBLE. INCLES. (CANILLO)	2017	275
1096	POBLACIÓ PER POBLE	0101010100030007	POBLACIÓ PER POBLE. INCLES. (CANILLO)	2018	283
1096	POBLACIÓ PER POBLE	0101010100030007	POBLACIÓ PER POBLE. INCLES. (CANILLO)	2019	292
1096	POBLACIÓ PER POBLE	0101010100030007	POBLACIÓ PER POBLE. INCLES. (CANILLO)	2020	304
1096	POBLACIÓ PER POBLE	0101010100030007	POBLACIÓ PER POBLE. INCLES. (CANILLO)	2021	372
1096	POBLACIÓ PER POBLE	0101010100030007	POBLACIÓ PER POBLE. INCLES. (CANILLO)	2022	429
1096	POBLACIÓ PER POBLE	0101010100030007	POBLACIÓ PER POBLE. INCLES. (CANILLO)	2023	510
1096	POBLACIÓ PER POBLE	0101010100030007	POBLACIÓ PER POBLE. INCLES. (CANILLO)	2024	540
1096	POBLACIÓ PER POBLE	0101010100030007	POBLACIÓ PER POBLE. INCLES. (CANILLO)	2025	608
1096	POBLACIÓ PER POBLE	0101010100030008	POBLACIÓ PER POBLE. MERITXELL. (CANILLO)	2010	54
1096	POBLACIÓ PER POBLE	0101010100030008	POBLACIÓ PER POBLE. MERITXELL. (CANILLO)	2011	52
1096	POBLACIÓ PER POBLE	0101010100030008	POBLACIÓ PER POBLE. MERITXELL. (CANILLO)	2012	50
1096	POBLACIÓ PER POBLE	0101010100030008	POBLACIÓ PER POBLE. MERITXELL. (CANILLO)	2013	49
1096	POBLACIÓ PER POBLE	0101010100030008	POBLACIÓ PER POBLE. MERITXELL. (CANILLO)	2014	55
1096	POBLACIÓ PER POBLE	0101010100030008	POBLACIÓ PER POBLE. MERITXELL. (CANILLO)	2015	53
1096	POBLACIÓ PER POBLE	0101010100030008	POBLACIÓ PER POBLE. MERITXELL. (CANILLO)	2016	59
1096	POBLACIÓ PER POBLE	0101010100030008	POBLACIÓ PER POBLE. MERITXELL. (CANILLO)	2017	56
1096	POBLACIÓ PER POBLE	0101010100030008	POBLACIÓ PER POBLE. MERITXELL. (CANILLO)	2018	56
1096	POBLACIÓ PER POBLE	0101010100030008	POBLACIÓ PER POBLE. MERITXELL. (CANILLO)	2019	60
1096	POBLACIÓ PER POBLE	0101010100030008	POBLACIÓ PER POBLE. MERITXELL. (CANILLO)	2020	60
1096	POBLACIÓ PER POBLE	0101010100030008	POBLACIÓ PER POBLE. MERITXELL. (CANILLO)	2021	63
1096	POBLACIÓ PER POBLE	0101010100030008	POBLACIÓ PER POBLE. MERITXELL. (CANILLO)	2022	61
1096	POBLACIÓ PER POBLE	0101010100030008	POBLACIÓ PER POBLE. MERITXELL. (CANILLO)	2023	69
1096	POBLACIÓ PER POBLE	0101010100030008	POBLACIÓ PER POBLE. MERITXELL. (CANILLO)	2024	69
1096	POBLACIÓ PER POBLE	0101010100030008	POBLACIÓ PER POBLE. MERITXELL. (CANILLO)	2025	70
1096	POBLACIÓ PER POBLE	0101010100030009	POBLACIÓ PER POBLE. PRATS. (CANILLO)	2010	38
1096	POBLACIÓ PER POBLE	0101010100030009	POBLACIÓ PER POBLE. PRATS. (CANILLO)	2011	43
1096	POBLACIÓ PER POBLE	0101010100030009	POBLACIÓ PER POBLE. PRATS. (CANILLO)	2012	45
1096	POBLACIÓ PER POBLE	0101010100030009	POBLACIÓ PER POBLE. PRATS. (CANILLO)	2013	44
1096	POBLACIÓ PER POBLE	0101010100030009	POBLACIÓ PER POBLE. PRATS. (CANILLO)	2014	49
1096	POBLACIÓ PER POBLE	0101010100030009	POBLACIÓ PER POBLE. PRATS. (CANILLO)	2015	48
1096	POBLACIÓ PER POBLE	0101010100030009	POBLACIÓ PER POBLE. PRATS. (CANILLO)	2016	50
1096	POBLACIÓ PER POBLE	0101010100030009	POBLACIÓ PER POBLE. PRATS. (CANILLO)	2017	54
1096	POBLACIÓ PER POBLE	0101010100030009	POBLACIÓ PER POBLE. PRATS. (CANILLO)	2018	54
1096	POBLACIÓ PER POBLE	0101010100030009	POBLACIÓ PER POBLE. PRATS. (CANILLO)	2019	47
1096	POBLACIÓ PER POBLE	0101010100030009	POBLACIÓ PER POBLE. PRATS. (CANILLO)	2020	51
1096	POBLACIÓ PER POBLE	0101010100030009	POBLACIÓ PER POBLE. PRATS. (CANILLO)	2021	70
1096	POBLACIÓ PER POBLE	0101010100030009	POBLACIÓ PER POBLE. PRATS. (CANILLO)	2022	81
1096	POBLACIÓ PER POBLE	0101010100030009	POBLACIÓ PER POBLE. PRATS. (CANILLO)	2023	82
1096	POBLACIÓ PER POBLE	0101010100030009	POBLACIÓ PER POBLE. PRATS. (CANILLO)	2024	85
1096	POBLACIÓ PER POBLE	0101010100030009	POBLACIÓ PER POBLE. PRATS. (CANILLO)	2025	80
1096	POBLACIÓ PER POBLE	0101010100030010	POBLACIÓ PER POBLE. RANSOL. (CANILLO)	2010	129
1096	POBLACIÓ PER POBLE	0101010100030010	POBLACIÓ PER POBLE. RANSOL. (CANILLO)	2011	129
1096	POBLACIÓ PER POBLE	0101010100030010	POBLACIÓ PER POBLE. RANSOL. (CANILLO)	2012	130
1096	POBLACIÓ PER POBLE	0101010100030010	POBLACIÓ PER POBLE. RANSOL. (CANILLO)	2013	131
1096	POBLACIÓ PER POBLE	0101010100030010	POBLACIÓ PER POBLE. RANSOL. (CANILLO)	2014	137
1096	POBLACIÓ PER POBLE	0101010100030010	POBLACIÓ PER POBLE. RANSOL. (CANILLO)	2015	145
1096	POBLACIÓ PER POBLE	0101010100030010	POBLACIÓ PER POBLE. RANSOL. (CANILLO)	2016	145
1096	POBLACIÓ PER POBLE	0101010100030010	POBLACIÓ PER POBLE. RANSOL. (CANILLO)	2017	159
1096	POBLACIÓ PER POBLE	0101010100030010	POBLACIÓ PER POBLE. RANSOL. (CANILLO)	2018	178
1096	POBLACIÓ PER POBLE	0101010100030010	POBLACIÓ PER POBLE. RANSOL. (CANILLO)	2019	208
1096	POBLACIÓ PER POBLE	0101010100030010	POBLACIÓ PER POBLE. RANSOL. (CANILLO)	2020	213
1096	POBLACIÓ PER POBLE	0101010100030010	POBLACIÓ PER POBLE. RANSOL. (CANILLO)	2021	249
1096	POBLACIÓ PER POBLE	0101010100030010	POBLACIÓ PER POBLE. RANSOL. (CANILLO)	2022	275
1096	POBLACIÓ PER POBLE	0101010100030010	POBLACIÓ PER POBLE. RANSOL. (CANILLO)	2023	344
1096	POBLACIÓ PER POBLE	0101010100030010	POBLACIÓ PER POBLE. RANSOL. (CANILLO)	2024	284
1096	POBLACIÓ PER POBLE	0101010100030010	POBLACIÓ PER POBLE. RANSOL. (CANILLO)	2025	324
1096	POBLACIÓ PER POBLE	0101010100030011	POBLACIÓ PER POBLE. SOLDEU. (CANILLO)	2010	411
1096	POBLACIÓ PER POBLE	0101010100030011	POBLACIÓ PER POBLE. SOLDEU. (CANILLO)	2011	413
1096	POBLACIÓ PER POBLE	0101010100030011	POBLACIÓ PER POBLE. SOLDEU. (CANILLO)	2012	409
1096	POBLACIÓ PER POBLE	0101010100030011	POBLACIÓ PER POBLE. SOLDEU. (CANILLO)	2013	410
1096	POBLACIÓ PER POBLE	0101010100030011	POBLACIÓ PER POBLE. SOLDEU. (CANILLO)	2014	410
1096	POBLACIÓ PER POBLE	0101010100030011	POBLACIÓ PER POBLE. SOLDEU. (CANILLO)	2015	406
1096	POBLACIÓ PER POBLE	0101010100030011	POBLACIÓ PER POBLE. SOLDEU. (CANILLO)	2016	440
1096	POBLACIÓ PER POBLE	0101010100030011	POBLACIÓ PER POBLE. SOLDEU. (CANILLO)	2017	495
1096	POBLACIÓ PER POBLE	0101010100030011	POBLACIÓ PER POBLE. SOLDEU. (CANILLO)	2018	529
1096	POBLACIÓ PER POBLE	0101010100030011	POBLACIÓ PER POBLE. SOLDEU. (CANILLO)	2019	514
1096	POBLACIÓ PER POBLE	0101010100030011	POBLACIÓ PER POBLE. SOLDEU. (CANILLO)	2020	504
1096	POBLACIÓ PER POBLE	0101010100030011	POBLACIÓ PER POBLE. SOLDEU. (CANILLO)	2021	587
1096	POBLACIÓ PER POBLE	0101010100030011	POBLACIÓ PER POBLE. SOLDEU. (CANILLO)	2022	622
1096	POBLACIÓ PER POBLE	0101010100030011	POBLACIÓ PER POBLE. SOLDEU. (CANILLO)	2023	790
1096	POBLACIÓ PER POBLE	0101010100030011	POBLACIÓ PER POBLE. SOLDEU. (CANILLO)	2024	871
1096	POBLACIÓ PER POBLE	0101010100030011	POBLACIÓ PER POBLE. SOLDEU. (CANILLO)	2025	985
1096	POBLACIÓ PER POBLE	0101010100030012	POBLACIÓ PER POBLE. ENCAMP. (ENCAMP)	2010	7155
1096	POBLACIÓ PER POBLE	0101010100030012	POBLACIÓ PER POBLE. ENCAMP. (ENCAMP)	2011	7016
1096	POBLACIÓ PER POBLE	0101010100030012	POBLACIÓ PER POBLE. ENCAMP. (ENCAMP)	2012	6923
1096	POBLACIÓ PER POBLE	0101010100030012	POBLACIÓ PER POBLE. ENCAMP. (ENCAMP)	2013	6759
1096	POBLACIÓ PER POBLE	0101010100030012	POBLACIÓ PER POBLE. ENCAMP. (ENCAMP)	2014	6781
1096	POBLACIÓ PER POBLE	0101010100030012	POBLACIÓ PER POBLE. ENCAMP. (ENCAMP)	2015	6907
1096	POBLACIÓ PER POBLE	0101010100030012	POBLACIÓ PER POBLE. ENCAMP. (ENCAMP)	2016	7009
1096	POBLACIÓ PER POBLE	0101010100030012	POBLACIÓ PER POBLE. ENCAMP. (ENCAMP)	2017	7235
1096	POBLACIÓ PER POBLE	0101010100030012	POBLACIÓ PER POBLE. ENCAMP. (ENCAMP)	2018	7403
1096	POBLACIÓ PER POBLE	0101010100030012	POBLACIÓ PER POBLE. ENCAMP. (ENCAMP)	2019	7575
1096	POBLACIÓ PER POBLE	0101010100030012	POBLACIÓ PER POBLE. ENCAMP. (ENCAMP)	2020	7648
1096	POBLACIÓ PER POBLE	0101010100030012	POBLACIÓ PER POBLE. ENCAMP. (ENCAMP)	2021	7678
1096	POBLACIÓ PER POBLE	0101010100030012	POBLACIÓ PER POBLE. ENCAMP. (ENCAMP)	2022	7971
1096	POBLACIÓ PER POBLE	0101010100030012	POBLACIÓ PER POBLE. ENCAMP. (ENCAMP)	2023	8326
1096	POBLACIÓ PER POBLE	0101010100030012	POBLACIÓ PER POBLE. ENCAMP. (ENCAMP)	2024	8612
1096	POBLACIÓ PER POBLE	0101010100030012	POBLACIÓ PER POBLE. ENCAMP. (ENCAMP)	2025	8817
1096	POBLACIÓ PER POBLE	0101010100030013	POBLACIÓ PER POBLE. LES BONS. (ENCAMP)	2010	992
1096	POBLACIÓ PER POBLE	0101010100030013	POBLACIÓ PER POBLE. LES BONS. (ENCAMP)	2011	1013
1096	POBLACIÓ PER POBLE	0101010100030013	POBLACIÓ PER POBLE. LES BONS. (ENCAMP)	2012	1019
1096	POBLACIÓ PER POBLE	0101010100030013	POBLACIÓ PER POBLE. LES BONS. (ENCAMP)	2013	1016
1096	POBLACIÓ PER POBLE	0101010100030013	POBLACIÓ PER POBLE. LES BONS. (ENCAMP)	2014	1020
1096	POBLACIÓ PER POBLE	0101010100030013	POBLACIÓ PER POBLE. LES BONS. (ENCAMP)	2015	1039
1096	POBLACIÓ PER POBLE	0101010100030013	POBLACIÓ PER POBLE. LES BONS. (ENCAMP)	2016	1042
1096	POBLACIÓ PER POBLE	0101010100030013	POBLACIÓ PER POBLE. LES BONS. (ENCAMP)	2017	1078
1096	POBLACIÓ PER POBLE	0101010100030013	POBLACIÓ PER POBLE. LES BONS. (ENCAMP)	2018	1087
1096	POBLACIÓ PER POBLE	0101010100030013	POBLACIÓ PER POBLE. LES BONS. (ENCAMP)	2019	1070
1096	POBLACIÓ PER POBLE	0101010100030013	POBLACIÓ PER POBLE. LES BONS. (ENCAMP)	2020	1088
1096	POBLACIÓ PER POBLE	0101010100030013	POBLACIÓ PER POBLE. LES BONS. (ENCAMP)	2021	1095
1096	POBLACIÓ PER POBLE	0101010100030013	POBLACIÓ PER POBLE. LES BONS. (ENCAMP)	2022	1114
1096	POBLACIÓ PER POBLE	0101010100030013	POBLACIÓ PER POBLE. LES BONS. (ENCAMP)	2023	1156
1096	POBLACIÓ PER POBLE	0101010100030013	POBLACIÓ PER POBLE. LES BONS. (ENCAMP)	2024	1171
1096	POBLACIÓ PER POBLE	0101010100030013	POBLACIÓ PER POBLE. LES BONS. (ENCAMP)	2025	1199
1096	POBLACIÓ PER POBLE	0101010100030014	POBLACIÓ PER POBLE. PAS DE LA CASA. (ENCAMP)	2010	2195
1096	POBLACIÓ PER POBLE	0101010100030014	POBLACIÓ PER POBLE. PAS DE LA CASA. (ENCAMP)	2011	2084
1096	POBLACIÓ PER POBLE	0101010100030014	POBLACIÓ PER POBLE. PAS DE LA CASA. (ENCAMP)	2012	2023
1096	POBLACIÓ PER POBLE	0101010100030014	POBLACIÓ PER POBLE. PAS DE LA CASA. (ENCAMP)	2013	1946
1096	POBLACIÓ PER POBLE	0101010100030014	POBLACIÓ PER POBLE. PAS DE LA CASA. (ENCAMP)	2014	1949
1096	POBLACIÓ PER POBLE	0101010100030014	POBLACIÓ PER POBLE. PAS DE LA CASA. (ENCAMP)	2015	1935
1096	POBLACIÓ PER POBLE	0101010100030014	POBLACIÓ PER POBLE. PAS DE LA CASA. (ENCAMP)	2016	1957
1096	POBLACIÓ PER POBLE	0101010100030014	POBLACIÓ PER POBLE. PAS DE LA CASA. (ENCAMP)	2017	1938
1096	POBLACIÓ PER POBLE	0101010100030014	POBLACIÓ PER POBLE. PAS DE LA CASA. (ENCAMP)	2018	1950
1096	POBLACIÓ PER POBLE	0101010100030014	POBLACIÓ PER POBLE. PAS DE LA CASA. (ENCAMP)	2019	1943
1096	POBLACIÓ PER POBLE	0101010100030014	POBLACIÓ PER POBLE. PAS DE LA CASA. (ENCAMP)	2020	1885
1096	POBLACIÓ PER POBLE	0101010100030014	POBLACIÓ PER POBLE. PAS DE LA CASA. (ENCAMP)	2021	1889
1096	POBLACIÓ PER POBLE	0101010100030014	POBLACIÓ PER POBLE. PAS DE LA CASA. (ENCAMP)	2022	1927
1096	POBLACIÓ PER POBLE	0101010100030014	POBLACIÓ PER POBLE. PAS DE LA CASA. (ENCAMP)	2023	2156
1096	POBLACIÓ PER POBLE	0101010100030014	POBLACIÓ PER POBLE. PAS DE LA CASA. (ENCAMP)	2024	2167
1096	POBLACIÓ PER POBLE	0101010100030014	POBLACIÓ PER POBLE. PAS DE LA CASA. (ENCAMP)	2025	2284
1096	POBLACIÓ PER POBLE	0101010100030015	POBLACIÓ PER POBLE. VILA. (ENCAMP)	2010	977
1096	POBLACIÓ PER POBLE	0101010100030015	POBLACIÓ PER POBLE. VILA. (ENCAMP)	2011	981
1096	POBLACIÓ PER POBLE	0101010100030015	POBLACIÓ PER POBLE. VILA. (ENCAMP)	2012	972
1096	POBLACIÓ PER POBLE	0101010100030015	POBLACIÓ PER POBLE. VILA. (ENCAMP)	2013	954
1096	POBLACIÓ PER POBLE	0101010100030015	POBLACIÓ PER POBLE. VILA. (ENCAMP)	2014	964
1096	POBLACIÓ PER POBLE	0101010100030015	POBLACIÓ PER POBLE. VILA. (ENCAMP)	2015	976
1096	POBLACIÓ PER POBLE	0101010100030015	POBLACIÓ PER POBLE. VILA. (ENCAMP)	2016	955
1096	POBLACIÓ PER POBLE	0101010100030015	POBLACIÓ PER POBLE. VILA. (ENCAMP)	2017	1039
1096	POBLACIÓ PER POBLE	0101010100030015	POBLACIÓ PER POBLE. VILA. (ENCAMP)	2018	1085
1096	POBLACIÓ PER POBLE	0101010100030015	POBLACIÓ PER POBLE. VILA. (ENCAMP)	2019	1100
1096	POBLACIÓ PER POBLE	0101010100030015	POBLACIÓ PER POBLE. VILA. (ENCAMP)	2020	1113
1096	POBLACIÓ PER POBLE	0101010100030015	POBLACIÓ PER POBLE. VILA. (ENCAMP)	2021	1128
1096	POBLACIÓ PER POBLE	0101010100030015	POBLACIÓ PER POBLE. VILA. (ENCAMP)	2022	1143
1096	POBLACIÓ PER POBLE	0101010100030015	POBLACIÓ PER POBLE. VILA. (ENCAMP)	2023	1188
1096	POBLACIÓ PER POBLE	0101010100030015	POBLACIÓ PER POBLE. VILA. (ENCAMP)	2024	1250
1096	POBLACIÓ PER POBLE	0101010100030015	POBLACIÓ PER POBLE. VILA. (ENCAMP)	2025	1220
1096	POBLACIÓ PER POBLE	0101010100030016	POBLACIÓ PER POBLE. ANSALONGA. (ORDINO)	2010	39
1096	POBLACIÓ PER POBLE	0101010100030016	POBLACIÓ PER POBLE. ANSALONGA. (ORDINO)	2011	52
1096	POBLACIÓ PER POBLE	0101010100030016	POBLACIÓ PER POBLE. ANSALONGA. (ORDINO)	2012	55
1096	POBLACIÓ PER POBLE	0101010100030016	POBLACIÓ PER POBLE. ANSALONGA. (ORDINO)	2013	55
1096	POBLACIÓ PER POBLE	0101010100030016	POBLACIÓ PER POBLE. ANSALONGA. (ORDINO)	2014	61
1096	POBLACIÓ PER POBLE	0101010100030016	POBLACIÓ PER POBLE. ANSALONGA. (ORDINO)	2015	60
1096	POBLACIÓ PER POBLE	0101010100030016	POBLACIÓ PER POBLE. ANSALONGA. (ORDINO)	2016	59
1096	POBLACIÓ PER POBLE	0101010100030016	POBLACIÓ PER POBLE. ANSALONGA. (ORDINO)	2017	57
1096	POBLACIÓ PER POBLE	0101010100030016	POBLACIÓ PER POBLE. ANSALONGA. (ORDINO)	2018	56
1096	POBLACIÓ PER POBLE	0101010100030016	POBLACIÓ PER POBLE. ANSALONGA. (ORDINO)	2019	53
1096	POBLACIÓ PER POBLE	0101010100030016	POBLACIÓ PER POBLE. ANSALONGA. (ORDINO)	2020	55
1096	POBLACIÓ PER POBLE	0101010100030016	POBLACIÓ PER POBLE. ANSALONGA. (ORDINO)	2021	55
1096	POBLACIÓ PER POBLE	0101010100030016	POBLACIÓ PER POBLE. ANSALONGA. (ORDINO)	2022	49
1096	POBLACIÓ PER POBLE	0101010100030016	POBLACIÓ PER POBLE. ANSALONGA. (ORDINO)	2023	50
1096	POBLACIÓ PER POBLE	0101010100030016	POBLACIÓ PER POBLE. ANSALONGA. (ORDINO)	2024	57
1096	POBLACIÓ PER POBLE	0101010100030016	POBLACIÓ PER POBLE. ANSALONGA. (ORDINO)	2025	67
1096	POBLACIÓ PER POBLE	0101010100030017	POBLACIÓ PER POBLE. ARANS. (ORDINO)	2010	200
1096	POBLACIÓ PER POBLE	0101010100030017	POBLACIÓ PER POBLE. ARANS. (ORDINO)	2011	206
1096	POBLACIÓ PER POBLE	0101010100030017	POBLACIÓ PER POBLE. ARANS. (ORDINO)	2012	225
1096	POBLACIÓ PER POBLE	0101010100030017	POBLACIÓ PER POBLE. ARANS. (ORDINO)	2013	213
1096	POBLACIÓ PER POBLE	0101010100030017	POBLACIÓ PER POBLE. ARANS. (ORDINO)	2014	215
1096	POBLACIÓ PER POBLE	0101010100030017	POBLACIÓ PER POBLE. ARANS. (ORDINO)	2015	208
1096	POBLACIÓ PER POBLE	0101010100030017	POBLACIÓ PER POBLE. ARANS. (ORDINO)	2016	210
1096	POBLACIÓ PER POBLE	0101010100030017	POBLACIÓ PER POBLE. ARANS. (ORDINO)	2017	229
1096	POBLACIÓ PER POBLE	0101010100030017	POBLACIÓ PER POBLE. ARANS. (ORDINO)	2018	232
1096	POBLACIÓ PER POBLE	0101010100030017	POBLACIÓ PER POBLE. ARANS. (ORDINO)	2019	228
1096	POBLACIÓ PER POBLE	0101010100030017	POBLACIÓ PER POBLE. ARANS. (ORDINO)	2020	222
1096	POBLACIÓ PER POBLE	0101010100030017	POBLACIÓ PER POBLE. ARANS. (ORDINO)	2021	220
1096	POBLACIÓ PER POBLE	0101010100030017	POBLACIÓ PER POBLE. ARANS. (ORDINO)	2022	226
1096	POBLACIÓ PER POBLE	0101010100030017	POBLACIÓ PER POBLE. ARANS. (ORDINO)	2023	234
1096	POBLACIÓ PER POBLE	0101010100030017	POBLACIÓ PER POBLE. ARANS. (ORDINO)	2024	245
1096	POBLACIÓ PER POBLE	0101010100030017	POBLACIÓ PER POBLE. ARANS. (ORDINO)	2025	229
1096	POBLACIÓ PER POBLE	0101010100030018	POBLACIÓ PER POBLE. EL SERRAT. (ORDINO)	2010	126
1096	POBLACIÓ PER POBLE	0101010100030018	POBLACIÓ PER POBLE. EL SERRAT. (ORDINO)	2011	131
1096	POBLACIÓ PER POBLE	0101010100030018	POBLACIÓ PER POBLE. EL SERRAT. (ORDINO)	2012	142
1096	POBLACIÓ PER POBLE	0101010100030018	POBLACIÓ PER POBLE. EL SERRAT. (ORDINO)	2013	157
1096	POBLACIÓ PER POBLE	0101010100030018	POBLACIÓ PER POBLE. EL SERRAT. (ORDINO)	2014	170
1096	POBLACIÓ PER POBLE	0101010100030018	POBLACIÓ PER POBLE. EL SERRAT. (ORDINO)	2015	174
1096	POBLACIÓ PER POBLE	0101010100030018	POBLACIÓ PER POBLE. EL SERRAT. (ORDINO)	2016	177
1096	POBLACIÓ PER POBLE	0101010100030018	POBLACIÓ PER POBLE. EL SERRAT. (ORDINO)	2017	189
1096	POBLACIÓ PER POBLE	0101010100030018	POBLACIÓ PER POBLE. EL SERRAT. (ORDINO)	2018	211
1096	POBLACIÓ PER POBLE	0101010100030018	POBLACIÓ PER POBLE. EL SERRAT. (ORDINO)	2019	219
1096	POBLACIÓ PER POBLE	0101010100030018	POBLACIÓ PER POBLE. EL SERRAT. (ORDINO)	2020	227
1096	POBLACIÓ PER POBLE	0101010100030018	POBLACIÓ PER POBLE. EL SERRAT. (ORDINO)	2021	214
1096	POBLACIÓ PER POBLE	0101010100030018	POBLACIÓ PER POBLE. EL SERRAT. (ORDINO)	2022	236
1096	POBLACIÓ PER POBLE	0101010100030018	POBLACIÓ PER POBLE. EL SERRAT. (ORDINO)	2023	312
1096	POBLACIÓ PER POBLE	0101010100030018	POBLACIÓ PER POBLE. EL SERRAT. (ORDINO)	2024	309
1096	POBLACIÓ PER POBLE	0101010100030018	POBLACIÓ PER POBLE. EL SERRAT. (ORDINO)	2025	338
1096	POBLACIÓ PER POBLE	0101010100030019	POBLACIÓ PER POBLE. LA CORTINADA. (ORDINO)	2010	725
1096	POBLACIÓ PER POBLE	0101010100030019	POBLACIÓ PER POBLE. LA CORTINADA. (ORDINO)	2011	728
1096	POBLACIÓ PER POBLE	0101010100030019	POBLACIÓ PER POBLE. LA CORTINADA. (ORDINO)	2012	722
1096	POBLACIÓ PER POBLE	0101010100030019	POBLACIÓ PER POBLE. LA CORTINADA. (ORDINO)	2013	755
1096	POBLACIÓ PER POBLE	0101010100030019	POBLACIÓ PER POBLE. LA CORTINADA. (ORDINO)	2014	777
1096	POBLACIÓ PER POBLE	0101010100030019	POBLACIÓ PER POBLE. LA CORTINADA. (ORDINO)	2015	773
1096	POBLACIÓ PER POBLE	0101010100030019	POBLACIÓ PER POBLE. LA CORTINADA. (ORDINO)	2016	802
1096	POBLACIÓ PER POBLE	0101010100030019	POBLACIÓ PER POBLE. LA CORTINADA. (ORDINO)	2017	826
1096	POBLACIÓ PER POBLE	0101010100030019	POBLACIÓ PER POBLE. LA CORTINADA. (ORDINO)	2018	857
1096	POBLACIÓ PER POBLE	0101010100030019	POBLACIÓ PER POBLE. LA CORTINADA. (ORDINO)	2019	860
1096	POBLACIÓ PER POBLE	0101010100030019	POBLACIÓ PER POBLE. LA CORTINADA. (ORDINO)	2020	887
1096	POBLACIÓ PER POBLE	0101010100030019	POBLACIÓ PER POBLE. LA CORTINADA. (ORDINO)	2021	906
1096	POBLACIÓ PER POBLE	0101010100030019	POBLACIÓ PER POBLE. LA CORTINADA. (ORDINO)	2022	931
1096	POBLACIÓ PER POBLE	0101010100030019	POBLACIÓ PER POBLE. LA CORTINADA. (ORDINO)	2023	948
1096	POBLACIÓ PER POBLE	0101010100030019	POBLACIÓ PER POBLE. LA CORTINADA. (ORDINO)	2024	983
1096	POBLACIÓ PER POBLE	0101010100030019	POBLACIÓ PER POBLE. LA CORTINADA. (ORDINO)	2025	1003
1096	POBLACIÓ PER POBLE	0101010100030020	POBLACIÓ PER POBLE. LLORTS. (ORDINO)	2010	140
1096	POBLACIÓ PER POBLE	0101010100030020	POBLACIÓ PER POBLE. LLORTS. (ORDINO)	2011	143
1096	POBLACIÓ PER POBLE	0101010100030020	POBLACIÓ PER POBLE. LLORTS. (ORDINO)	2012	143
1096	POBLACIÓ PER POBLE	0101010100030020	POBLACIÓ PER POBLE. LLORTS. (ORDINO)	2013	157
1096	POBLACIÓ PER POBLE	0101010100030020	POBLACIÓ PER POBLE. LLORTS. (ORDINO)	2014	171
1096	POBLACIÓ PER POBLE	0101010100030020	POBLACIÓ PER POBLE. LLORTS. (ORDINO)	2015	152
1096	POBLACIÓ PER POBLE	0101010100030020	POBLACIÓ PER POBLE. LLORTS. (ORDINO)	2016	169
1096	POBLACIÓ PER POBLE	0101010100030020	POBLACIÓ PER POBLE. LLORTS. (ORDINO)	2017	172
1096	POBLACIÓ PER POBLE	0101010100030020	POBLACIÓ PER POBLE. LLORTS. (ORDINO)	2018	188
1096	POBLACIÓ PER POBLE	0101010100030020	POBLACIÓ PER POBLE. LLORTS. (ORDINO)	2019	208
1096	POBLACIÓ PER POBLE	0101010100030020	POBLACIÓ PER POBLE. LLORTS. (ORDINO)	2020	215
1096	POBLACIÓ PER POBLE	0101010100030020	POBLACIÓ PER POBLE. LLORTS. (ORDINO)	2021	217
1096	POBLACIÓ PER POBLE	0101010100030020	POBLACIÓ PER POBLE. LLORTS. (ORDINO)	2022	246
1096	POBLACIÓ PER POBLE	0101010100030020	POBLACIÓ PER POBLE. LLORTS. (ORDINO)	2023	280
1096	POBLACIÓ PER POBLE	0101010100030020	POBLACIÓ PER POBLE. LLORTS. (ORDINO)	2024	281
1096	POBLACIÓ PER POBLE	0101010100030020	POBLACIÓ PER POBLE. LLORTS. (ORDINO)	2025	265
1096	POBLACIÓ PER POBLE	0101010100030021	POBLACIÓ PER POBLE. ORDINO. (ORDINO)	2010	2573
1096	POBLACIÓ PER POBLE	0101010100030021	POBLACIÓ PER POBLE. ORDINO. (ORDINO)	2011	2618
1096	POBLACIÓ PER POBLE	0101010100030021	POBLACIÓ PER POBLE. ORDINO. (ORDINO)	2012	2705
1096	POBLACIÓ PER POBLE	0101010100030021	POBLACIÓ PER POBLE. ORDINO. (ORDINO)	2013	2723
1096	POBLACIÓ PER POBLE	0101010100030021	POBLACIÓ PER POBLE. ORDINO. (ORDINO)	2014	2786
1096	POBLACIÓ PER POBLE	0101010100030021	POBLACIÓ PER POBLE. ORDINO. (ORDINO)	2015	2784
1096	POBLACIÓ PER POBLE	0101010100030021	POBLACIÓ PER POBLE. ORDINO. (ORDINO)	2016	2880
1096	POBLACIÓ PER POBLE	0101010100030021	POBLACIÓ PER POBLE. ORDINO. (ORDINO)	2017	2902
1096	POBLACIÓ PER POBLE	0101010100030021	POBLACIÓ PER POBLE. ORDINO. (ORDINO)	2018	2964
1096	POBLACIÓ PER POBLE	0101010100030021	POBLACIÓ PER POBLE. ORDINO. (ORDINO)	2019	3034
1096	POBLACIÓ PER POBLE	0101010100030021	POBLACIÓ PER POBLE. ORDINO. (ORDINO)	2020	3031
1096	POBLACIÓ PER POBLE	0101010100030021	POBLACIÓ PER POBLE. ORDINO. (ORDINO)	2021	3095
1096	POBLACIÓ PER POBLE	0101010100030021	POBLACIÓ PER POBLE. ORDINO. (ORDINO)	2022	3148
1096	POBLACIÓ PER POBLE	0101010100030021	POBLACIÓ PER POBLE. ORDINO. (ORDINO)	2023	3217
1096	POBLACIÓ PER POBLE	0101010100030021	POBLACIÓ PER POBLE. ORDINO. (ORDINO)	2024	3287
1096	POBLACIÓ PER POBLE	0101010100030021	POBLACIÓ PER POBLE. ORDINO. (ORDINO)	2025	3378
1096	POBLACIÓ PER POBLE	0101010100030022	POBLACIÓ PER POBLE. SEGUDET. (ORDINO)	2010	37
1096	POBLACIÓ PER POBLE	0101010100030022	POBLACIÓ PER POBLE. SEGUDET. (ORDINO)	2011	42
1096	POBLACIÓ PER POBLE	0101010100030022	POBLACIÓ PER POBLE. SEGUDET. (ORDINO)	2012	44
1096	POBLACIÓ PER POBLE	0101010100030022	POBLACIÓ PER POBLE. SEGUDET. (ORDINO)	2013	40
1096	POBLACIÓ PER POBLE	0101010100030022	POBLACIÓ PER POBLE. SEGUDET. (ORDINO)	2014	42
1096	POBLACIÓ PER POBLE	0101010100030022	POBLACIÓ PER POBLE. SEGUDET. (ORDINO)	2015	45
1096	POBLACIÓ PER POBLE	0101010100030022	POBLACIÓ PER POBLE. SEGUDET. (ORDINO)	2016	45
1096	POBLACIÓ PER POBLE	0101010100030022	POBLACIÓ PER POBLE. SEGUDET. (ORDINO)	2017	52
1096	POBLACIÓ PER POBLE	0101010100030022	POBLACIÓ PER POBLE. SEGUDET. (ORDINO)	2018	54
1096	POBLACIÓ PER POBLE	0101010100030022	POBLACIÓ PER POBLE. SEGUDET. (ORDINO)	2019	53
1096	POBLACIÓ PER POBLE	0101010100030022	POBLACIÓ PER POBLE. SEGUDET. (ORDINO)	2020	50
1096	POBLACIÓ PER POBLE	0101010100030022	POBLACIÓ PER POBLE. SEGUDET. (ORDINO)	2021	48
1096	POBLACIÓ PER POBLE	0101010100030022	POBLACIÓ PER POBLE. SEGUDET. (ORDINO)	2022	58
1096	POBLACIÓ PER POBLE	0101010100030022	POBLACIÓ PER POBLE. SEGUDET. (ORDINO)	2023	60
1096	POBLACIÓ PER POBLE	0101010100030022	POBLACIÓ PER POBLE. SEGUDET. (ORDINO)	2024	59
1096	POBLACIÓ PER POBLE	0101010100030022	POBLACIÓ PER POBLE. SEGUDET. (ORDINO)	2025	68
1096	POBLACIÓ PER POBLE	0101010100030023	POBLACIÓ PER POBLE. SORNÀS. (ORDINO)	2010	175
1096	POBLACIÓ PER POBLE	0101010100030023	POBLACIÓ PER POBLE. SORNÀS. (ORDINO)	2011	171
1096	POBLACIÓ PER POBLE	0101010100030023	POBLACIÓ PER POBLE. SORNÀS. (ORDINO)	2012	174
1096	POBLACIÓ PER POBLE	0101010100030023	POBLACIÓ PER POBLE. SORNÀS. (ORDINO)	2013	181
1096	POBLACIÓ PER POBLE	0101010100030023	POBLACIÓ PER POBLE. SORNÀS. (ORDINO)	2014	168
1096	POBLACIÓ PER POBLE	0101010100030023	POBLACIÓ PER POBLE. SORNÀS. (ORDINO)	2015	233
1096	POBLACIÓ PER POBLE	0101010100030023	POBLACIÓ PER POBLE. SORNÀS. (ORDINO)	2016	235
1096	POBLACIÓ PER POBLE	0101010100030023	POBLACIÓ PER POBLE. SORNÀS. (ORDINO)	2017	248
1096	POBLACIÓ PER POBLE	0101010100030023	POBLACIÓ PER POBLE. SORNÀS. (ORDINO)	2018	236
1096	POBLACIÓ PER POBLE	0101010100030023	POBLACIÓ PER POBLE. SORNÀS. (ORDINO)	2019	287
1096	POBLACIÓ PER POBLE	0101010100030023	POBLACIÓ PER POBLE. SORNÀS. (ORDINO)	2020	314
1096	POBLACIÓ PER POBLE	0101010100030023	POBLACIÓ PER POBLE. SORNÀS. (ORDINO)	2021	314
1096	POBLACIÓ PER POBLE	0101010100030023	POBLACIÓ PER POBLE. SORNÀS. (ORDINO)	2022	331
1096	POBLACIÓ PER POBLE	0101010100030023	POBLACIÓ PER POBLE. SORNÀS. (ORDINO)	2023	339
1096	POBLACIÓ PER POBLE	0101010100030023	POBLACIÓ PER POBLE. SORNÀS. (ORDINO)	2024	324
1096	POBLACIÓ PER POBLE	0101010100030023	POBLACIÓ PER POBLE. SORNÀS. (ORDINO)	2025	331
1096	POBLACIÓ PER POBLE	0101010100030024	POBLACIÓ PER POBLE. ALDOSA . (LA MASSANA)	2010	655
1096	POBLACIÓ PER POBLE	0101010100030024	POBLACIÓ PER POBLE. ALDOSA . (LA MASSANA)	2011	665
1096	POBLACIÓ PER POBLE	0101010100030024	POBLACIÓ PER POBLE. ALDOSA . (LA MASSANA)	2012	688
1096	POBLACIÓ PER POBLE	0101010100030024	POBLACIÓ PER POBLE. ALDOSA . (LA MASSANA)	2013	721
1096	POBLACIÓ PER POBLE	0101010100030024	POBLACIÓ PER POBLE. ALDOSA . (LA MASSANA)	2014	740
1096	POBLACIÓ PER POBLE	0101010100030024	POBLACIÓ PER POBLE. ALDOSA . (LA MASSANA)	2015	749
1096	POBLACIÓ PER POBLE	0101010100030024	POBLACIÓ PER POBLE. ALDOSA . (LA MASSANA)	2016	805
1096	POBLACIÓ PER POBLE	0101010100030024	POBLACIÓ PER POBLE. ALDOSA . (LA MASSANA)	2017	857
1096	POBLACIÓ PER POBLE	0101010100030024	POBLACIÓ PER POBLE. ALDOSA . (LA MASSANA)	2018	802
1096	POBLACIÓ PER POBLE	0101010100030024	POBLACIÓ PER POBLE. ALDOSA . (LA MASSANA)	2019	770
1096	POBLACIÓ PER POBLE	0101010100030024	POBLACIÓ PER POBLE. ALDOSA . (LA MASSANA)	2020	762
1096	POBLACIÓ PER POBLE	0101010100030024	POBLACIÓ PER POBLE. ALDOSA . (LA MASSANA)	2021	776
1096	POBLACIÓ PER POBLE	0101010100030024	POBLACIÓ PER POBLE. ALDOSA . (LA MASSANA)	2022	780
1096	POBLACIÓ PER POBLE	0101010100030024	POBLACIÓ PER POBLE. ALDOSA . (LA MASSANA)	2023	811
1096	POBLACIÓ PER POBLE	0101010100030024	POBLACIÓ PER POBLE. ALDOSA . (LA MASSANA)	2024	742
1096	POBLACIÓ PER POBLE	0101010100030024	POBLACIÓ PER POBLE. ALDOSA . (LA MASSANA)	2025	773
1096	POBLACIÓ PER POBLE	0101010100030025	POBLACIÓ PER POBLE. ANYÓS. (LA MASSANA)	2010	639
1096	POBLACIÓ PER POBLE	0101010100030025	POBLACIÓ PER POBLE. ANYÓS. (LA MASSANA)	2011	639
1096	POBLACIÓ PER POBLE	0101010100030025	POBLACIÓ PER POBLE. ANYÓS. (LA MASSANA)	2012	657
1096	POBLACIÓ PER POBLE	0101010100030025	POBLACIÓ PER POBLE. ANYÓS. (LA MASSANA)	2013	717
1096	POBLACIÓ PER POBLE	0101010100030025	POBLACIÓ PER POBLE. ANYÓS. (LA MASSANA)	2014	741
1096	POBLACIÓ PER POBLE	0101010100030025	POBLACIÓ PER POBLE. ANYÓS. (LA MASSANA)	2015	759
1096	POBLACIÓ PER POBLE	0101010100030025	POBLACIÓ PER POBLE. ANYÓS. (LA MASSANA)	2016	782
1096	POBLACIÓ PER POBLE	0101010100030025	POBLACIÓ PER POBLE. ANYÓS. (LA MASSANA)	2017	815
1096	POBLACIÓ PER POBLE	0101010100030025	POBLACIÓ PER POBLE. ANYÓS. (LA MASSANA)	2018	923
1096	POBLACIÓ PER POBLE	0101010100030025	POBLACIÓ PER POBLE. ANYÓS. (LA MASSANA)	2019	866
1096	POBLACIÓ PER POBLE	0101010100030025	POBLACIÓ PER POBLE. ANYÓS. (LA MASSANA)	2020	896
1096	POBLACIÓ PER POBLE	0101010100030025	POBLACIÓ PER POBLE. ANYÓS. (LA MASSANA)	2021	945
1096	POBLACIÓ PER POBLE	0101010100030025	POBLACIÓ PER POBLE. ANYÓS. (LA MASSANA)	2022	951
1096	POBLACIÓ PER POBLE	0101010100030025	POBLACIÓ PER POBLE. ANYÓS. (LA MASSANA)	2023	1006
1096	POBLACIÓ PER POBLE	0101010100030025	POBLACIÓ PER POBLE. ANYÓS. (LA MASSANA)	2024	1047
1096	POBLACIÓ PER POBLE	0101010100030025	POBLACIÓ PER POBLE. ANYÓS. (LA MASSANA)	2025	1053
1096	POBLACIÓ PER POBLE	0101010100030026	POBLACIÓ PER POBLE. ARINSAL. (LA MASSANA)	2010	1310
1096	POBLACIÓ PER POBLE	0101010100030026	POBLACIÓ PER POBLE. ARINSAL. (LA MASSANA)	2011	1217
1096	POBLACIÓ PER POBLE	0101010100030026	POBLACIÓ PER POBLE. ARINSAL. (LA MASSANA)	2012	1256
1096	POBLACIÓ PER POBLE	0101010100030026	POBLACIÓ PER POBLE. ARINSAL. (LA MASSANA)	2013	1314
1096	POBLACIÓ PER POBLE	0101010100030026	POBLACIÓ PER POBLE. ARINSAL. (LA MASSANA)	2014	1275
1096	POBLACIÓ PER POBLE	0101010100030026	POBLACIÓ PER POBLE. ARINSAL. (LA MASSANA)	2015	1301
1096	POBLACIÓ PER POBLE	0101010100030026	POBLACIÓ PER POBLE. ARINSAL. (LA MASSANA)	2016	1351
1096	POBLACIÓ PER POBLE	0101010100030026	POBLACIÓ PER POBLE. ARINSAL. (LA MASSANA)	2017	1442
1096	POBLACIÓ PER POBLE	0101010100030026	POBLACIÓ PER POBLE. ARINSAL. (LA MASSANA)	2018	1537
1096	POBLACIÓ PER POBLE	0101010100030026	POBLACIÓ PER POBLE. ARINSAL. (LA MASSANA)	2019	1641
1096	POBLACIÓ PER POBLE	0101010100030026	POBLACIÓ PER POBLE. ARINSAL. (LA MASSANA)	2020	1706
1096	POBLACIÓ PER POBLE	0101010100030026	POBLACIÓ PER POBLE. ARINSAL. (LA MASSANA)	2021	1838
1096	POBLACIÓ PER POBLE	0101010100030026	POBLACIÓ PER POBLE. ARINSAL. (LA MASSANA)	2022	1977
1096	POBLACIÓ PER POBLE	0101010100030026	POBLACIÓ PER POBLE. ARINSAL. (LA MASSANA)	2023	2127
1096	POBLACIÓ PER POBLE	0101010100030026	POBLACIÓ PER POBLE. ARINSAL. (LA MASSANA)	2024	2185
1096	POBLACIÓ PER POBLE	0101010100030026	POBLACIÓ PER POBLE. ARINSAL. (LA MASSANA)	2025	2210
1096	POBLACIÓ PER POBLE	0101010100030027	POBLACIÓ PER POBLE. ERTS. (LA MASSANA)	2010	338
1096	POBLACIÓ PER POBLE	0101010100030027	POBLACIÓ PER POBLE. ERTS. (LA MASSANA)	2011	354
1096	POBLACIÓ PER POBLE	0101010100030027	POBLACIÓ PER POBLE. ERTS. (LA MASSANA)	2012	370
1096	POBLACIÓ PER POBLE	0101010100030027	POBLACIÓ PER POBLE. ERTS. (LA MASSANA)	2013	343
1096	POBLACIÓ PER POBLE	0101010100030027	POBLACIÓ PER POBLE. ERTS. (LA MASSANA)	2014	383
1096	POBLACIÓ PER POBLE	0101010100030027	POBLACIÓ PER POBLE. ERTS. (LA MASSANA)	2015	402
1096	POBLACIÓ PER POBLE	0101010100030027	POBLACIÓ PER POBLE. ERTS. (LA MASSANA)	2016	429
1096	POBLACIÓ PER POBLE	0101010100030027	POBLACIÓ PER POBLE. ERTS. (LA MASSANA)	2017	457
1096	POBLACIÓ PER POBLE	0101010100030027	POBLACIÓ PER POBLE. ERTS. (LA MASSANA)	2018	487
1096	POBLACIÓ PER POBLE	0101010100030027	POBLACIÓ PER POBLE. ERTS. (LA MASSANA)	2019	515
1096	POBLACIÓ PER POBLE	0101010100030027	POBLACIÓ PER POBLE. ERTS. (LA MASSANA)	2020	524
1096	POBLACIÓ PER POBLE	0101010100030027	POBLACIÓ PER POBLE. ERTS. (LA MASSANA)	2021	520
1096	POBLACIÓ PER POBLE	0101010100030027	POBLACIÓ PER POBLE. ERTS. (LA MASSANA)	2022	556
1096	POBLACIÓ PER POBLE	0101010100030027	POBLACIÓ PER POBLE. ERTS. (LA MASSANA)	2023	574
1096	POBLACIÓ PER POBLE	0101010100030027	POBLACIÓ PER POBLE. ERTS. (LA MASSANA)	2024	630
1096	POBLACIÓ PER POBLE	0101010100030027	POBLACIÓ PER POBLE. ERTS. (LA MASSANA)	2025	677
1096	POBLACIÓ PER POBLE	0101010100030028	POBLACIÓ PER POBLE. ESCÀS. (LA MASSANA)	2010	61
1096	POBLACIÓ PER POBLE	0101010100030028	POBLACIÓ PER POBLE. ESCÀS. (LA MASSANA)	2011	59
1096	POBLACIÓ PER POBLE	0101010100030028	POBLACIÓ PER POBLE. ESCÀS. (LA MASSANA)	2012	61
1096	POBLACIÓ PER POBLE	0101010100030028	POBLACIÓ PER POBLE. ESCÀS. (LA MASSANA)	2013	60
1096	POBLACIÓ PER POBLE	0101010100030028	POBLACIÓ PER POBLE. ESCÀS. (LA MASSANA)	2014	56
1096	POBLACIÓ PER POBLE	0101010100030028	POBLACIÓ PER POBLE. ESCÀS. (LA MASSANA)	2015	53
1096	POBLACIÓ PER POBLE	0101010100030028	POBLACIÓ PER POBLE. ESCÀS. (LA MASSANA)	2016	44
1096	POBLACIÓ PER POBLE	0101010100030028	POBLACIÓ PER POBLE. ESCÀS. (LA MASSANA)	2017	45
1096	POBLACIÓ PER POBLE	0101010100030028	POBLACIÓ PER POBLE. ESCÀS. (LA MASSANA)	2018	23
1096	POBLACIÓ PER POBLE	0101010100030028	POBLACIÓ PER POBLE. ESCÀS. (LA MASSANA)	2019	23
1096	POBLACIÓ PER POBLE	0101010100030028	POBLACIÓ PER POBLE. ESCÀS. (LA MASSANA)	2020	21
1096	POBLACIÓ PER POBLE	0101010100030028	POBLACIÓ PER POBLE. ESCÀS. (LA MASSANA)	2021	17
1096	POBLACIÓ PER POBLE	0101010100030028	POBLACIÓ PER POBLE. ESCÀS. (LA MASSANA)	2022	17
1096	POBLACIÓ PER POBLE	0101010100030028	POBLACIÓ PER POBLE. ESCÀS. (LA MASSANA)	2023	13
1096	POBLACIÓ PER POBLE	0101010100030028	POBLACIÓ PER POBLE. ESCÀS. (LA MASSANA)	2024	11
1096	POBLACIÓ PER POBLE	0101010100030028	POBLACIÓ PER POBLE. ESCÀS. (LA MASSANA)	2025	12
1096	POBLACIÓ PER POBLE	0101010100030029	POBLACIÓ PER POBLE. LA MASSANA. (LA MASSANA)	2010	4488
1096	POBLACIÓ PER POBLE	0101010100030029	POBLACIÓ PER POBLE. LA MASSANA. (LA MASSANA)	2011	4463
1096	POBLACIÓ PER POBLE	0101010100030029	POBLACIÓ PER POBLE. LA MASSANA. (LA MASSANA)	2012	4452
1096	POBLACIÓ PER POBLE	0101010100030029	POBLACIÓ PER POBLE. LA MASSANA. (LA MASSANA)	2013	4464
1096	POBLACIÓ PER POBLE	0101010100030029	POBLACIÓ PER POBLE. LA MASSANA. (LA MASSANA)	2014	4526
1096	POBLACIÓ PER POBLE	0101010100030029	POBLACIÓ PER POBLE. LA MASSANA. (LA MASSANA)	2015	4799
1096	POBLACIÓ PER POBLE	0101010100030029	POBLACIÓ PER POBLE. LA MASSANA. (LA MASSANA)	2016	4877
1096	POBLACIÓ PER POBLE	0101010100030029	POBLACIÓ PER POBLE. LA MASSANA. (LA MASSANA)	2017	5017
1096	POBLACIÓ PER POBLE	0101010100030029	POBLACIÓ PER POBLE. LA MASSANA. (LA MASSANA)	2018	5153
1096	POBLACIÓ PER POBLE	0101010100030029	POBLACIÓ PER POBLE. LA MASSANA. (LA MASSANA)	2019	5353
1096	POBLACIÓ PER POBLE	0101010100030029	POBLACIÓ PER POBLE. LA MASSANA. (LA MASSANA)	2020	5411
1096	POBLACIÓ PER POBLE	0101010100030029	POBLACIÓ PER POBLE. LA MASSANA. (LA MASSANA)	2021	5606
1096	POBLACIÓ PER POBLE	0101010100030029	POBLACIÓ PER POBLE. LA MASSANA. (LA MASSANA)	2022	5753
1096	POBLACIÓ PER POBLE	0101010100030029	POBLACIÓ PER POBLE. LA MASSANA. (LA MASSANA)	2023	5979
1096	POBLACIÓ PER POBLE	0101010100030029	POBLACIÓ PER POBLE. LA MASSANA. (LA MASSANA)	2024	6132
1096	POBLACIÓ PER POBLE	0101010100030029	POBLACIÓ PER POBLE. LA MASSANA. (LA MASSANA)	2025	6300
1096	POBLACIÓ PER POBLE	0101010100030030	POBLACIÓ PER POBLE. PAL. (LA MASSANA)	2010	189
1096	POBLACIÓ PER POBLE	0101010100030030	POBLACIÓ PER POBLE. PAL. (LA MASSANA)	2011	199
1096	POBLACIÓ PER POBLE	0101010100030030	POBLACIÓ PER POBLE. PAL. (LA MASSANA)	2012	209
1096	POBLACIÓ PER POBLE	0101010100030030	POBLACIÓ PER POBLE. PAL. (LA MASSANA)	2013	214
1096	POBLACIÓ PER POBLE	0101010100030030	POBLACIÓ PER POBLE. PAL. (LA MASSANA)	2014	223
1096	POBLACIÓ PER POBLE	0101010100030030	POBLACIÓ PER POBLE. PAL. (LA MASSANA)	2015	236
1096	POBLACIÓ PER POBLE	0101010100030030	POBLACIÓ PER POBLE. PAL. (LA MASSANA)	2016	241
1096	POBLACIÓ PER POBLE	0101010100030030	POBLACIÓ PER POBLE. PAL. (LA MASSANA)	2017	231
1096	POBLACIÓ PER POBLE	0101010100030030	POBLACIÓ PER POBLE. PAL. (LA MASSANA)	2018	237
1096	POBLACIÓ PER POBLE	0101010100030030	POBLACIÓ PER POBLE. PAL. (LA MASSANA)	2019	246
1096	POBLACIÓ PER POBLE	0101010100030030	POBLACIÓ PER POBLE. PAL. (LA MASSANA)	2020	241
1096	POBLACIÓ PER POBLE	0101010100030030	POBLACIÓ PER POBLE. PAL. (LA MASSANA)	2021	249
1096	POBLACIÓ PER POBLE	0101010100030030	POBLACIÓ PER POBLE. PAL. (LA MASSANA)	2022	260
1096	POBLACIÓ PER POBLE	0101010100030030	POBLACIÓ PER POBLE. PAL. (LA MASSANA)	2023	248
1096	POBLACIÓ PER POBLE	0101010100030030	POBLACIÓ PER POBLE. PAL. (LA MASSANA)	2024	246
1096	POBLACIÓ PER POBLE	0101010100030030	POBLACIÓ PER POBLE. PAL. (LA MASSANA)	2025	257
1096	POBLACIÓ PER POBLE	0101010100030031	POBLACIÓ PER POBLE. SISPONY. (LA MASSANA)	2010	938
1096	POBLACIÓ PER POBLE	0101010100030031	POBLACIÓ PER POBLE. SISPONY. (LA MASSANA)	2011	930
1096	POBLACIÓ PER POBLE	0101010100030031	POBLACIÓ PER POBLE. SISPONY. (LA MASSANA)	2012	954
1096	POBLACIÓ PER POBLE	0101010100030031	POBLACIÓ PER POBLE. SISPONY. (LA MASSANA)	2013	967
1096	POBLACIÓ PER POBLE	0101010100030031	POBLACIÓ PER POBLE. SISPONY. (LA MASSANA)	2014	963
1096	POBLACIÓ PER POBLE	0101010100030031	POBLACIÓ PER POBLE. SISPONY. (LA MASSANA)	2015	797
1096	POBLACIÓ PER POBLE	0101010100030031	POBLACIÓ PER POBLE. SISPONY. (LA MASSANA)	2016	789
1096	POBLACIÓ PER POBLE	0101010100030031	POBLACIÓ PER POBLE. SISPONY. (LA MASSANA)	2017	764
1096	POBLACIÓ PER POBLE	0101010100030031	POBLACIÓ PER POBLE. SISPONY. (LA MASSANA)	2018	762
1096	POBLACIÓ PER POBLE	0101010100030031	POBLACIÓ PER POBLE. SISPONY. (LA MASSANA)	2019	760
1096	POBLACIÓ PER POBLE	0101010100030031	POBLACIÓ PER POBLE. SISPONY. (LA MASSANA)	2020	788
1096	POBLACIÓ PER POBLE	0101010100030031	POBLACIÓ PER POBLE. SISPONY. (LA MASSANA)	2021	799
1096	POBLACIÓ PER POBLE	0101010100030031	POBLACIÓ PER POBLE. SISPONY. (LA MASSANA)	2022	819
1096	POBLACIÓ PER POBLE	0101010100030031	POBLACIÓ PER POBLE. SISPONY. (LA MASSANA)	2023	833
1096	POBLACIÓ PER POBLE	0101010100030031	POBLACIÓ PER POBLE. SISPONY. (LA MASSANA)	2024	844
1096	POBLACIÓ PER POBLE	0101010100030031	POBLACIÓ PER POBLE. SISPONY. (LA MASSANA)	2025	866
1096	POBLACIÓ PER POBLE	0101010100030032	POBLACIÓ PER POBLE. ANDORRA. (ANDORRA LA VELLA)	2010	18410
1096	POBLACIÓ PER POBLE	0101010100030032	POBLACIÓ PER POBLE. ANDORRA. (ANDORRA LA VELLA)	2011	18197
1096	POBLACIÓ PER POBLE	0101010100030032	POBLACIÓ PER POBLE. ANDORRA. (ANDORRA LA VELLA)	2012	18142
1096	POBLACIÓ PER POBLE	0101010100030032	POBLACIÓ PER POBLE. ANDORRA. (ANDORRA LA VELLA)	2013	18230
1096	POBLACIÓ PER POBLE	0101010100030032	POBLACIÓ PER POBLE. ANDORRA. (ANDORRA LA VELLA)	2014	18277
1096	POBLACIÓ PER POBLE	0101010100030032	POBLACIÓ PER POBLE. ANDORRA. (ANDORRA LA VELLA)	2015	18576
1096	POBLACIÓ PER POBLE	0101010100030032	POBLACIÓ PER POBLE. ANDORRA. (ANDORRA LA VELLA)	2016	18818
1096	POBLACIÓ PER POBLE	0101010100030032	POBLACIÓ PER POBLE. ANDORRA. (ANDORRA LA VELLA)	2017	19074
1096	POBLACIÓ PER POBLE	0101010100030032	POBLACIÓ PER POBLE. ANDORRA. (ANDORRA LA VELLA)	2018	19156
1096	POBLACIÓ PER POBLE	0101010100030032	POBLACIÓ PER POBLE. ANDORRA. (ANDORRA LA VELLA)	2019	19383
1096	POBLACIÓ PER POBLE	0101010100030032	POBLACIÓ PER POBLE. ANDORRA. (ANDORRA LA VELLA)	2020	19403
1096	POBLACIÓ PER POBLE	0101010100030032	POBLACIÓ PER POBLE. ANDORRA. (ANDORRA LA VELLA)	2021	19659
1096	POBLACIÓ PER POBLE	0101010100030032	POBLACIÓ PER POBLE. ANDORRA. (ANDORRA LA VELLA)	2022	20088
1096	POBLACIÓ PER POBLE	0101010100030032	POBLACIÓ PER POBLE. ANDORRA. (ANDORRA LA VELLA)	2023	20719
1096	POBLACIÓ PER POBLE	0101010100030032	POBLACIÓ PER POBLE. ANDORRA. (ANDORRA LA VELLA)	2024	21207
1096	POBLACIÓ PER POBLE	0101010100030032	POBLACIÓ PER POBLE. ANDORRA. (ANDORRA LA VELLA)	2025	21496
1096	POBLACIÓ PER POBLE	0101010100030033	POBLACIÓ PER POBLE. SANTA COLOMA. (ANDORRA LA VELLA)	2010	2780
1096	POBLACIÓ PER POBLE	0101010100030033	POBLACIÓ PER POBLE. SANTA COLOMA. (ANDORRA LA VELLA)	2011	2821
1096	POBLACIÓ PER POBLE	0101010100030033	POBLACIÓ PER POBLE. SANTA COLOMA. (ANDORRA LA VELLA)	2012	2846
1096	POBLACIÓ PER POBLE	0101010100030033	POBLACIÓ PER POBLE. SANTA COLOMA. (ANDORRA LA VELLA)	2013	2883
1096	POBLACIÓ PER POBLE	0101010100030033	POBLACIÓ PER POBLE. SANTA COLOMA. (ANDORRA LA VELLA)	2014	2849
1096	POBLACIÓ PER POBLE	0101010100030033	POBLACIÓ PER POBLE. SANTA COLOMA. (ANDORRA LA VELLA)	2015	2852
1096	POBLACIÓ PER POBLE	0101010100030033	POBLACIÓ PER POBLE. SANTA COLOMA. (ANDORRA LA VELLA)	2016	2854
1096	POBLACIÓ PER POBLE	0101010100030033	POBLACIÓ PER POBLE. SANTA COLOMA. (ANDORRA LA VELLA)	2017	2927
1096	POBLACIÓ PER POBLE	0101010100030033	POBLACIÓ PER POBLE. SANTA COLOMA. (ANDORRA LA VELLA)	2018	2995
1096	POBLACIÓ PER POBLE	0101010100030033	POBLACIÓ PER POBLE. SANTA COLOMA. (ANDORRA LA VELLA)	2019	3057
1096	POBLACIÓ PER POBLE	0101010100030033	POBLACIÓ PER POBLE. SANTA COLOMA. (ANDORRA LA VELLA)	2020	3134
1096	POBLACIÓ PER POBLE	0101010100030033	POBLACIÓ PER POBLE. SANTA COLOMA. (ANDORRA LA VELLA)	2021	3214
1096	POBLACIÓ PER POBLE	0101010100030033	POBLACIÓ PER POBLE. SANTA COLOMA. (ANDORRA LA VELLA)	2022	3236
1096	POBLACIÓ PER POBLE	0101010100030033	POBLACIÓ PER POBLE. SANTA COLOMA. (ANDORRA LA VELLA)	2023	3323
1096	POBLACIÓ PER POBLE	0101010100030033	POBLACIÓ PER POBLE. SANTA COLOMA. (ANDORRA LA VELLA)	2024	3368
1096	POBLACIÓ PER POBLE	0101010100030033	POBLACIÓ PER POBLE. SANTA COLOMA. (ANDORRA LA VELLA)	2025	3340
1096	POBLACIÓ PER POBLE	0101010100030034	POBLACIÓ PER POBLE. AIXIRIVALL. (SANT JULIÀ DE LÒRIA)	2010	776
1096	POBLACIÓ PER POBLE	0101010100030034	POBLACIÓ PER POBLE. AIXIRIVALL. (SANT JULIÀ DE LÒRIA)	2011	761
1096	POBLACIÓ PER POBLE	0101010100030034	POBLACIÓ PER POBLE. AIXIRIVALL. (SANT JULIÀ DE LÒRIA)	2012	789
1096	POBLACIÓ PER POBLE	0101010100030034	POBLACIÓ PER POBLE. AIXIRIVALL. (SANT JULIÀ DE LÒRIA)	2013	802
1096	POBLACIÓ PER POBLE	0101010100030034	POBLACIÓ PER POBLE. AIXIRIVALL. (SANT JULIÀ DE LÒRIA)	2014	795
1096	POBLACIÓ PER POBLE	0101010100030034	POBLACIÓ PER POBLE. AIXIRIVALL. (SANT JULIÀ DE LÒRIA)	2015	819
1096	POBLACIÓ PER POBLE	0101010100030034	POBLACIÓ PER POBLE. AIXIRIVALL. (SANT JULIÀ DE LÒRIA)	2016	840
1096	POBLACIÓ PER POBLE	0101010100030034	POBLACIÓ PER POBLE. AIXIRIVALL. (SANT JULIÀ DE LÒRIA)	2017	894
1096	POBLACIÓ PER POBLE	0101010100030034	POBLACIÓ PER POBLE. AIXIRIVALL. (SANT JULIÀ DE LÒRIA)	2018	960
1096	POBLACIÓ PER POBLE	0101010100030034	POBLACIÓ PER POBLE. AIXIRIVALL. (SANT JULIÀ DE LÒRIA)	2019	1001
1096	POBLACIÓ PER POBLE	0101010100030034	POBLACIÓ PER POBLE. AIXIRIVALL. (SANT JULIÀ DE LÒRIA)	2020	994
1096	POBLACIÓ PER POBLE	0101010100030034	POBLACIÓ PER POBLE. AIXIRIVALL. (SANT JULIÀ DE LÒRIA)	2021	1016
1096	POBLACIÓ PER POBLE	0101010100030034	POBLACIÓ PER POBLE. AIXIRIVALL. (SANT JULIÀ DE LÒRIA)	2022	1025
1096	POBLACIÓ PER POBLE	0101010100030034	POBLACIÓ PER POBLE. AIXIRIVALL. (SANT JULIÀ DE LÒRIA)	2023	1041
1096	POBLACIÓ PER POBLE	0101010100030034	POBLACIÓ PER POBLE. AIXIRIVALL. (SANT JULIÀ DE LÒRIA)	2024	1064
1096	POBLACIÓ PER POBLE	0101010100030034	POBLACIÓ PER POBLE. AIXIRIVALL. (SANT JULIÀ DE LÒRIA)	2025	1095
1096	POBLACIÓ PER POBLE	0101010100030035	POBLACIÓ PER POBLE. AIXOVALL. (SANT JULIÀ DE LÒRIA)	2010	90
1096	POBLACIÓ PER POBLE	0101010100030035	POBLACIÓ PER POBLE. AIXOVALL. (SANT JULIÀ DE LÒRIA)	2011	80
1096	POBLACIÓ PER POBLE	0101010100030035	POBLACIÓ PER POBLE. AIXOVALL. (SANT JULIÀ DE LÒRIA)	2012	84
1096	POBLACIÓ PER POBLE	0101010100030035	POBLACIÓ PER POBLE. AIXOVALL. (SANT JULIÀ DE LÒRIA)	2013	85
1096	POBLACIÓ PER POBLE	0101010100030035	POBLACIÓ PER POBLE. AIXOVALL. (SANT JULIÀ DE LÒRIA)	2014	74
1096	POBLACIÓ PER POBLE	0101010100030035	POBLACIÓ PER POBLE. AIXOVALL. (SANT JULIÀ DE LÒRIA)	2015	82
1096	POBLACIÓ PER POBLE	0101010100030035	POBLACIÓ PER POBLE. AIXOVALL. (SANT JULIÀ DE LÒRIA)	2016	83
1096	POBLACIÓ PER POBLE	0101010100030035	POBLACIÓ PER POBLE. AIXOVALL. (SANT JULIÀ DE LÒRIA)	2017	79
1096	POBLACIÓ PER POBLE	0101010100030035	POBLACIÓ PER POBLE. AIXOVALL. (SANT JULIÀ DE LÒRIA)	2018	81
1096	POBLACIÓ PER POBLE	0101010100030035	POBLACIÓ PER POBLE. AIXOVALL. (SANT JULIÀ DE LÒRIA)	2019	72
1096	POBLACIÓ PER POBLE	0101010100030035	POBLACIÓ PER POBLE. AIXOVALL. (SANT JULIÀ DE LÒRIA)	2020	75
1096	POBLACIÓ PER POBLE	0101010100030035	POBLACIÓ PER POBLE. AIXOVALL. (SANT JULIÀ DE LÒRIA)	2021	71
1096	POBLACIÓ PER POBLE	0101010100030035	POBLACIÓ PER POBLE. AIXOVALL. (SANT JULIÀ DE LÒRIA)	2022	69
1096	POBLACIÓ PER POBLE	0101010100030035	POBLACIÓ PER POBLE. AIXOVALL. (SANT JULIÀ DE LÒRIA)	2023	80
1096	POBLACIÓ PER POBLE	0101010100030035	POBLACIÓ PER POBLE. AIXOVALL. (SANT JULIÀ DE LÒRIA)	2024	77
1096	POBLACIÓ PER POBLE	0101010100030035	POBLACIÓ PER POBLE. AIXOVALL. (SANT JULIÀ DE LÒRIA)	2025	95
1096	POBLACIÓ PER POBLE	0101010100030036	POBLACIÓ PER POBLE. AUVINYÀ. (SANT JULIÀ DE LÒRIA)	2010	167
1096	POBLACIÓ PER POBLE	0101010100030036	POBLACIÓ PER POBLE. AUVINYÀ. (SANT JULIÀ DE LÒRIA)	2011	163
1096	POBLACIÓ PER POBLE	0101010100030036	POBLACIÓ PER POBLE. AUVINYÀ. (SANT JULIÀ DE LÒRIA)	2012	169
1096	POBLACIÓ PER POBLE	0101010100030036	POBLACIÓ PER POBLE. AUVINYÀ. (SANT JULIÀ DE LÒRIA)	2013	167
1096	POBLACIÓ PER POBLE	0101010100030036	POBLACIÓ PER POBLE. AUVINYÀ. (SANT JULIÀ DE LÒRIA)	2014	190
1096	POBLACIÓ PER POBLE	0101010100030036	POBLACIÓ PER POBLE. AUVINYÀ. (SANT JULIÀ DE LÒRIA)	2015	197
1096	POBLACIÓ PER POBLE	0101010100030036	POBLACIÓ PER POBLE. AUVINYÀ. (SANT JULIÀ DE LÒRIA)	2016	199
1096	POBLACIÓ PER POBLE	0101010100030036	POBLACIÓ PER POBLE. AUVINYÀ. (SANT JULIÀ DE LÒRIA)	2017	199
1096	POBLACIÓ PER POBLE	0101010100030036	POBLACIÓ PER POBLE. AUVINYÀ. (SANT JULIÀ DE LÒRIA)	2018	192
1096	POBLACIÓ PER POBLE	0101010100030036	POBLACIÓ PER POBLE. AUVINYÀ. (SANT JULIÀ DE LÒRIA)	2019	197
1096	POBLACIÓ PER POBLE	0101010100030036	POBLACIÓ PER POBLE. AUVINYÀ. (SANT JULIÀ DE LÒRIA)	2020	198
1096	POBLACIÓ PER POBLE	0101010100030036	POBLACIÓ PER POBLE. AUVINYÀ. (SANT JULIÀ DE LÒRIA)	2021	212
1096	POBLACIÓ PER POBLE	0101010100030036	POBLACIÓ PER POBLE. AUVINYÀ. (SANT JULIÀ DE LÒRIA)	2022	215
1096	POBLACIÓ PER POBLE	0101010100030036	POBLACIÓ PER POBLE. AUVINYÀ. (SANT JULIÀ DE LÒRIA)	2023	218
1096	POBLACIÓ PER POBLE	0101010100030036	POBLACIÓ PER POBLE. AUVINYÀ. (SANT JULIÀ DE LÒRIA)	2024	221
1096	POBLACIÓ PER POBLE	0101010100030036	POBLACIÓ PER POBLE. AUVINYÀ. (SANT JULIÀ DE LÒRIA)	2025	222
1096	POBLACIÓ PER POBLE	0101010100030037	POBLACIÓ PER POBLE. BIXESSARRI. (SANT JULIÀ DE LÒRIA)	2010	37
1096	POBLACIÓ PER POBLE	0101010100030037	POBLACIÓ PER POBLE. BIXESSARRI. (SANT JULIÀ DE LÒRIA)	2011	45
1096	POBLACIÓ PER POBLE	0101010100030037	POBLACIÓ PER POBLE. BIXESSARRI. (SANT JULIÀ DE LÒRIA)	2012	44
1096	POBLACIÓ PER POBLE	0101010100030037	POBLACIÓ PER POBLE. BIXESSARRI. (SANT JULIÀ DE LÒRIA)	2013	43
1096	POBLACIÓ PER POBLE	0101010100030037	POBLACIÓ PER POBLE. BIXESSARRI. (SANT JULIÀ DE LÒRIA)	2014	44
1096	POBLACIÓ PER POBLE	0101010100030037	POBLACIÓ PER POBLE. BIXESSARRI. (SANT JULIÀ DE LÒRIA)	2015	46
1096	POBLACIÓ PER POBLE	0101010100030037	POBLACIÓ PER POBLE. BIXESSARRI. (SANT JULIÀ DE LÒRIA)	2016	54
1096	POBLACIÓ PER POBLE	0101010100030037	POBLACIÓ PER POBLE. BIXESSARRI. (SANT JULIÀ DE LÒRIA)	2017	56
1096	POBLACIÓ PER POBLE	0101010100030037	POBLACIÓ PER POBLE. BIXESSARRI. (SANT JULIÀ DE LÒRIA)	2018	56
1096	POBLACIÓ PER POBLE	0101010100030037	POBLACIÓ PER POBLE. BIXESSARRI. (SANT JULIÀ DE LÒRIA)	2019	53
1096	POBLACIÓ PER POBLE	0101010100030037	POBLACIÓ PER POBLE. BIXESSARRI. (SANT JULIÀ DE LÒRIA)	2020	54
1096	POBLACIÓ PER POBLE	0101010100030037	POBLACIÓ PER POBLE. BIXESSARRI. (SANT JULIÀ DE LÒRIA)	2021	52
1096	POBLACIÓ PER POBLE	0101010100030037	POBLACIÓ PER POBLE. BIXESSARRI. (SANT JULIÀ DE LÒRIA)	2022	54
1096	POBLACIÓ PER POBLE	0101010100030037	POBLACIÓ PER POBLE. BIXESSARRI. (SANT JULIÀ DE LÒRIA)	2023	61
1096	POBLACIÓ PER POBLE	0101010100030037	POBLACIÓ PER POBLE. BIXESSARRI. (SANT JULIÀ DE LÒRIA)	2024	66
1096	POBLACIÓ PER POBLE	0101010100030037	POBLACIÓ PER POBLE. BIXESSARRI. (SANT JULIÀ DE LÒRIA)	2025	64
1096	POBLACIÓ PER POBLE	0101010100030038	POBLACIÓ PER POBLE. CERTÉS. (SANT JULIÀ DE LÒRIA)	2010	58
1096	POBLACIÓ PER POBLE	0101010100030038	POBLACIÓ PER POBLE. CERTÉS. (SANT JULIÀ DE LÒRIA)	2011	59
1096	POBLACIÓ PER POBLE	0101010100030038	POBLACIÓ PER POBLE. CERTÉS. (SANT JULIÀ DE LÒRIA)	2012	62
1096	POBLACIÓ PER POBLE	0101010100030038	POBLACIÓ PER POBLE. CERTÉS. (SANT JULIÀ DE LÒRIA)	2013	65
1096	POBLACIÓ PER POBLE	0101010100030038	POBLACIÓ PER POBLE. CERTÉS. (SANT JULIÀ DE LÒRIA)	2014	67
1096	POBLACIÓ PER POBLE	0101010100030038	POBLACIÓ PER POBLE. CERTÉS. (SANT JULIÀ DE LÒRIA)	2015	64
1096	POBLACIÓ PER POBLE	0101010100030038	POBLACIÓ PER POBLE. CERTÉS. (SANT JULIÀ DE LÒRIA)	2016	66
1096	POBLACIÓ PER POBLE	0101010100030038	POBLACIÓ PER POBLE. CERTÉS. (SANT JULIÀ DE LÒRIA)	2017	71
1096	POBLACIÓ PER POBLE	0101010100030038	POBLACIÓ PER POBLE. CERTÉS. (SANT JULIÀ DE LÒRIA)	2018	68
1096	POBLACIÓ PER POBLE	0101010100030038	POBLACIÓ PER POBLE. CERTÉS. (SANT JULIÀ DE LÒRIA)	2019	71
1096	POBLACIÓ PER POBLE	0101010100030038	POBLACIÓ PER POBLE. CERTÉS. (SANT JULIÀ DE LÒRIA)	2020	72
1096	POBLACIÓ PER POBLE	0101010100030038	POBLACIÓ PER POBLE. CERTÉS. (SANT JULIÀ DE LÒRIA)	2021	81
1096	POBLACIÓ PER POBLE	0101010100030038	POBLACIÓ PER POBLE. CERTÉS. (SANT JULIÀ DE LÒRIA)	2022	85
1096	POBLACIÓ PER POBLE	0101010100030038	POBLACIÓ PER POBLE. CERTÉS. (SANT JULIÀ DE LÒRIA)	2023	85
1096	POBLACIÓ PER POBLE	0101010100030038	POBLACIÓ PER POBLE. CERTÉS. (SANT JULIÀ DE LÒRIA)	2024	84
1096	POBLACIÓ PER POBLE	0101010100030038	POBLACIÓ PER POBLE. CERTÉS. (SANT JULIÀ DE LÒRIA)	2025	75
1096	POBLACIÓ PER POBLE	0101010100030039	POBLACIÓ PER POBLE. FONTANEDA. (SANT JULIÀ DE LÒRIA)	2010	91
1096	POBLACIÓ PER POBLE	0101010100030039	POBLACIÓ PER POBLE. FONTANEDA. (SANT JULIÀ DE LÒRIA)	2011	98
1096	POBLACIÓ PER POBLE	0101010100030039	POBLACIÓ PER POBLE. FONTANEDA. (SANT JULIÀ DE LÒRIA)	2012	96
1096	POBLACIÓ PER POBLE	0101010100030039	POBLACIÓ PER POBLE. FONTANEDA. (SANT JULIÀ DE LÒRIA)	2013	94
1096	POBLACIÓ PER POBLE	0101010100030039	POBLACIÓ PER POBLE. FONTANEDA. (SANT JULIÀ DE LÒRIA)	2014	100
1096	POBLACIÓ PER POBLE	0101010100030039	POBLACIÓ PER POBLE. FONTANEDA. (SANT JULIÀ DE LÒRIA)	2015	101
1096	POBLACIÓ PER POBLE	0101010100030039	POBLACIÓ PER POBLE. FONTANEDA. (SANT JULIÀ DE LÒRIA)	2016	103
1096	POBLACIÓ PER POBLE	0101010100030039	POBLACIÓ PER POBLE. FONTANEDA. (SANT JULIÀ DE LÒRIA)	2017	106
1096	POBLACIÓ PER POBLE	0101010100030039	POBLACIÓ PER POBLE. FONTANEDA. (SANT JULIÀ DE LÒRIA)	2018	109
1096	POBLACIÓ PER POBLE	0101010100030039	POBLACIÓ PER POBLE. FONTANEDA. (SANT JULIÀ DE LÒRIA)	2019	108
1096	POBLACIÓ PER POBLE	0101010100030039	POBLACIÓ PER POBLE. FONTANEDA. (SANT JULIÀ DE LÒRIA)	2020	100
1096	POBLACIÓ PER POBLE	0101010100030039	POBLACIÓ PER POBLE. FONTANEDA. (SANT JULIÀ DE LÒRIA)	2021	111
1096	POBLACIÓ PER POBLE	0101010100030039	POBLACIÓ PER POBLE. FONTANEDA. (SANT JULIÀ DE LÒRIA)	2022	127
1096	POBLACIÓ PER POBLE	0101010100030039	POBLACIÓ PER POBLE. FONTANEDA. (SANT JULIÀ DE LÒRIA)	2023	119
1096	POBLACIÓ PER POBLE	0101010100030039	POBLACIÓ PER POBLE. FONTANEDA. (SANT JULIÀ DE LÒRIA)	2024	125
1096	POBLACIÓ PER POBLE	0101010100030039	POBLACIÓ PER POBLE. FONTANEDA. (SANT JULIÀ DE LÒRIA)	2025	129
1096	POBLACIÓ PER POBLE	0101010100030040	POBLACIÓ PER POBLE. JUBERRI. (SANT JULIÀ DE LÒRIA)	2010	162
1096	POBLACIÓ PER POBLE	0101010100030040	POBLACIÓ PER POBLE. JUBERRI. (SANT JULIÀ DE LÒRIA)	2011	157
1096	POBLACIÓ PER POBLE	0101010100030040	POBLACIÓ PER POBLE. JUBERRI. (SANT JULIÀ DE LÒRIA)	2012	163
1096	POBLACIÓ PER POBLE	0101010100030040	POBLACIÓ PER POBLE. JUBERRI. (SANT JULIÀ DE LÒRIA)	2013	172
1096	POBLACIÓ PER POBLE	0101010100030040	POBLACIÓ PER POBLE. JUBERRI. (SANT JULIÀ DE LÒRIA)	2014	170
1096	POBLACIÓ PER POBLE	0101010100030040	POBLACIÓ PER POBLE. JUBERRI. (SANT JULIÀ DE LÒRIA)	2015	177
1096	POBLACIÓ PER POBLE	0101010100030040	POBLACIÓ PER POBLE. JUBERRI. (SANT JULIÀ DE LÒRIA)	2016	164
1096	POBLACIÓ PER POBLE	0101010100030040	POBLACIÓ PER POBLE. JUBERRI. (SANT JULIÀ DE LÒRIA)	2017	153
1096	POBLACIÓ PER POBLE	0101010100030040	POBLACIÓ PER POBLE. JUBERRI. (SANT JULIÀ DE LÒRIA)	2018	157
1096	POBLACIÓ PER POBLE	0101010100030040	POBLACIÓ PER POBLE. JUBERRI. (SANT JULIÀ DE LÒRIA)	2019	163
1096	POBLACIÓ PER POBLE	0101010100030040	POBLACIÓ PER POBLE. JUBERRI. (SANT JULIÀ DE LÒRIA)	2020	169
1096	POBLACIÓ PER POBLE	0101010100030040	POBLACIÓ PER POBLE. JUBERRI. (SANT JULIÀ DE LÒRIA)	2021	161
1096	POBLACIÓ PER POBLE	0101010100030040	POBLACIÓ PER POBLE. JUBERRI. (SANT JULIÀ DE LÒRIA)	2022	167
1096	POBLACIÓ PER POBLE	0101010100030040	POBLACIÓ PER POBLE. JUBERRI. (SANT JULIÀ DE LÒRIA)	2023	170
1096	POBLACIÓ PER POBLE	0101010100030040	POBLACIÓ PER POBLE. JUBERRI. (SANT JULIÀ DE LÒRIA)	2024	173
1096	POBLACIÓ PER POBLE	0101010100030040	POBLACIÓ PER POBLE. JUBERRI. (SANT JULIÀ DE LÒRIA)	2025	174
1096	POBLACIÓ PER POBLE	0101010100030041	POBLACIÓ PER POBLE. LLUMENERES. (SANT JULIÀ DE LÒRIA)	2010	1
1096	POBLACIÓ PER POBLE	0101010100030041	POBLACIÓ PER POBLE. LLUMENERES. (SANT JULIÀ DE LÒRIA)	2011	1
1096	POBLACIÓ PER POBLE	0101010100030041	POBLACIÓ PER POBLE. LLUMENERES. (SANT JULIÀ DE LÒRIA)	2012	1
1096	POBLACIÓ PER POBLE	0101010100030041	POBLACIÓ PER POBLE. LLUMENERES. (SANT JULIÀ DE LÒRIA)	2013	1
1096	POBLACIÓ PER POBLE	0101010100030041	POBLACIÓ PER POBLE. LLUMENERES. (SANT JULIÀ DE LÒRIA)	2014	3
1096	POBLACIÓ PER POBLE	0101010100030041	POBLACIÓ PER POBLE. LLUMENERES. (SANT JULIÀ DE LÒRIA)	2015	3
1096	POBLACIÓ PER POBLE	0101010100030041	POBLACIÓ PER POBLE. LLUMENERES. (SANT JULIÀ DE LÒRIA)	2016	3
1096	POBLACIÓ PER POBLE	0101010100030041	POBLACIÓ PER POBLE. LLUMENERES. (SANT JULIÀ DE LÒRIA)	2017	3
1096	POBLACIÓ PER POBLE	0101010100030041	POBLACIÓ PER POBLE. LLUMENERES. (SANT JULIÀ DE LÒRIA)	2018	5
1096	POBLACIÓ PER POBLE	0101010100030041	POBLACIÓ PER POBLE. LLUMENERES. (SANT JULIÀ DE LÒRIA)	2019	4
1096	POBLACIÓ PER POBLE	0101010100030041	POBLACIÓ PER POBLE. LLUMENERES. (SANT JULIÀ DE LÒRIA)	2020	3
1096	POBLACIÓ PER POBLE	0101010100030041	POBLACIÓ PER POBLE. LLUMENERES. (SANT JULIÀ DE LÒRIA)	2021	4
1096	POBLACIÓ PER POBLE	0101010100030041	POBLACIÓ PER POBLE. LLUMENERES. (SANT JULIÀ DE LÒRIA)	2022	4
1096	POBLACIÓ PER POBLE	0101010100030041	POBLACIÓ PER POBLE. LLUMENERES. (SANT JULIÀ DE LÒRIA)	2023	4
1096	POBLACIÓ PER POBLE	0101010100030041	POBLACIÓ PER POBLE. LLUMENERES. (SANT JULIÀ DE LÒRIA)	2024	11
1096	POBLACIÓ PER POBLE	0101010100030041	POBLACIÓ PER POBLE. LLUMENERES. (SANT JULIÀ DE LÒRIA)	2025	4
1096	POBLACIÓ PER POBLE	0101010100030042	POBLACIÓ PER POBLE. NAGOL. (SANT JULIÀ DE LÒRIA)	2010	57
1096	POBLACIÓ PER POBLE	0101010100030042	POBLACIÓ PER POBLE. NAGOL. (SANT JULIÀ DE LÒRIA)	2011	56
1096	POBLACIÓ PER POBLE	0101010100030042	POBLACIÓ PER POBLE. NAGOL. (SANT JULIÀ DE LÒRIA)	2012	52
1096	POBLACIÓ PER POBLE	0101010100030042	POBLACIÓ PER POBLE. NAGOL. (SANT JULIÀ DE LÒRIA)	2013	53
1096	POBLACIÓ PER POBLE	0101010100030042	POBLACIÓ PER POBLE. NAGOL. (SANT JULIÀ DE LÒRIA)	2014	56
1096	POBLACIÓ PER POBLE	0101010100030042	POBLACIÓ PER POBLE. NAGOL. (SANT JULIÀ DE LÒRIA)	2015	57
1096	POBLACIÓ PER POBLE	0101010100030042	POBLACIÓ PER POBLE. NAGOL. (SANT JULIÀ DE LÒRIA)	2016	57
1096	POBLACIÓ PER POBLE	0101010100030042	POBLACIÓ PER POBLE. NAGOL. (SANT JULIÀ DE LÒRIA)	2017	62
1096	POBLACIÓ PER POBLE	0101010100030042	POBLACIÓ PER POBLE. NAGOL. (SANT JULIÀ DE LÒRIA)	2018	63
1096	POBLACIÓ PER POBLE	0101010100030042	POBLACIÓ PER POBLE. NAGOL. (SANT JULIÀ DE LÒRIA)	2019	70
1096	POBLACIÓ PER POBLE	0101010100030042	POBLACIÓ PER POBLE. NAGOL. (SANT JULIÀ DE LÒRIA)	2020	111
1096	POBLACIÓ PER POBLE	0101010100030042	POBLACIÓ PER POBLE. NAGOL. (SANT JULIÀ DE LÒRIA)	2021	155
1096	POBLACIÓ PER POBLE	0101010100030042	POBLACIÓ PER POBLE. NAGOL. (SANT JULIÀ DE LÒRIA)	2022	163
1096	POBLACIÓ PER POBLE	0101010100030042	POBLACIÓ PER POBLE. NAGOL. (SANT JULIÀ DE LÒRIA)	2023	175
1096	POBLACIÓ PER POBLE	0101010100030042	POBLACIÓ PER POBLE. NAGOL. (SANT JULIÀ DE LÒRIA)	2024	70
1096	POBLACIÓ PER POBLE	0101010100030042	POBLACIÓ PER POBLE. NAGOL. (SANT JULIÀ DE LÒRIA)	2025	86
1096	POBLACIÓ PER POBLE	0101010100030043	POBLACIÓ PER POBLE. SANT JULIÀ DE LÒRIA. (SANT JULIÀ)	2010	7061
1096	POBLACIÓ PER POBLE	0101010100030043	POBLACIÓ PER POBLE. SANT JULIÀ DE LÒRIA. (SANT JULIÀ)	2011	6984
1096	POBLACIÓ PER POBLE	0101010100030043	POBLACIÓ PER POBLE. SANT JULIÀ DE LÒRIA. (SANT JULIÀ)	2012	6946
1096	POBLACIÓ PER POBLE	0101010100030043	POBLACIÓ PER POBLE. SANT JULIÀ DE LÒRIA. (SANT JULIÀ)	2013	6922
1096	POBLACIÓ PER POBLE	0101010100030043	POBLACIÓ PER POBLE. SANT JULIÀ DE LÒRIA. (SANT JULIÀ)	2014	7023
1096	POBLACIÓ PER POBLE	0101010100030043	POBLACIÓ PER POBLE. SANT JULIÀ DE LÒRIA. (SANT JULIÀ)	2015	7135
1096	POBLACIÓ PER POBLE	0101010100030043	POBLACIÓ PER POBLE. SANT JULIÀ DE LÒRIA. (SANT JULIÀ)	2016	7288
1096	POBLACIÓ PER POBLE	0101010100030043	POBLACIÓ PER POBLE. SANT JULIÀ DE LÒRIA. (SANT JULIÀ)	2017	7378
1096	POBLACIÓ PER POBLE	0101010100030043	POBLACIÓ PER POBLE. SANT JULIÀ DE LÒRIA. (SANT JULIÀ)	2018	7528
1096	POBLACIÓ PER POBLE	0101010100030043	POBLACIÓ PER POBLE. SANT JULIÀ DE LÒRIA. (SANT JULIÀ)	2019	7636
1096	POBLACIÓ PER POBLE	0101010100030043	POBLACIÓ PER POBLE. SANT JULIÀ DE LÒRIA. (SANT JULIÀ)	2020	7614
1096	POBLACIÓ PER POBLE	0101010100030043	POBLACIÓ PER POBLE. SANT JULIÀ DE LÒRIA. (SANT JULIÀ)	2021	7693
1096	POBLACIÓ PER POBLE	0101010100030043	POBLACIÓ PER POBLE. SANT JULIÀ DE LÒRIA. (SANT JULIÀ)	2022	7785
1096	POBLACIÓ PER POBLE	0101010100030043	POBLACIÓ PER POBLE. SANT JULIÀ DE LÒRIA. (SANT JULIÀ)	2023	7962
1096	POBLACIÓ PER POBLE	0101010100030043	POBLACIÓ PER POBLE. SANT JULIÀ DE LÒRIA. (SANT JULIÀ)	2024	8236
1096	POBLACIÓ PER POBLE	0101010100030043	POBLACIÓ PER POBLE. SANT JULIÀ DE LÒRIA. (SANT JULIÀ)	2025	8312
1096	POBLACIÓ PER POBLE	0101010100030044	POBLACIÓ PER POBLE. ESCALDES-ENGORDANY. (ESCALDES-ENGORDANY)	2010	13482
1096	POBLACIÓ PER POBLE	0101010100030044	POBLACIÓ PER POBLE. ESCALDES-ENGORDANY. (ESCALDES-ENGORDANY)	2011	13499
1096	POBLACIÓ PER POBLE	0101010100030044	POBLACIÓ PER POBLE. ESCALDES-ENGORDANY. (ESCALDES-ENGORDANY)	2012	13366
1096	POBLACIÓ PER POBLE	0101010100030044	POBLACIÓ PER POBLE. ESCALDES-ENGORDANY. (ESCALDES-ENGORDANY)	2013	13513
1096	POBLACIÓ PER POBLE	0101010100030044	POBLACIÓ PER POBLE. ESCALDES-ENGORDANY. (ESCALDES-ENGORDANY)	2014	13634
1096	POBLACIÓ PER POBLE	0101010100030044	POBLACIÓ PER POBLE. ESCALDES-ENGORDANY. (ESCALDES-ENGORDANY)	2015	13873
1096	POBLACIÓ PER POBLE	0101010100030044	POBLACIÓ PER POBLE. ESCALDES-ENGORDANY. (ESCALDES-ENGORDANY)	2016	14048
1096	POBLACIÓ PER POBLE	0101010100030044	POBLACIÓ PER POBLE. ESCALDES-ENGORDANY. (ESCALDES-ENGORDANY)	2017	14271
1096	POBLACIÓ PER POBLE	0101010100030044	POBLACIÓ PER POBLE. ESCALDES-ENGORDANY. (ESCALDES-ENGORDANY)	2018	14457
1096	POBLACIÓ PER POBLE	0101010100030044	POBLACIÓ PER POBLE. ESCALDES-ENGORDANY. (ESCALDES-ENGORDANY)	2019	14599
1096	POBLACIÓ PER POBLE	0101010100030044	POBLACIÓ PER POBLE. ESCALDES-ENGORDANY. (ESCALDES-ENGORDANY)	2020	14582
1096	POBLACIÓ PER POBLE	0101010100030044	POBLACIÓ PER POBLE. ESCALDES-ENGORDANY. (ESCALDES-ENGORDANY)	2021	14724
1096	POBLACIÓ PER POBLE	0101010100030044	POBLACIÓ PER POBLE. ESCALDES-ENGORDANY. (ESCALDES-ENGORDANY)	2022	14917
1096	POBLACIÓ PER POBLE	0101010100030044	POBLACIÓ PER POBLE. ESCALDES-ENGORDANY. (ESCALDES-ENGORDANY)	2023	15506
1096	POBLACIÓ PER POBLE	0101010100030044	POBLACIÓ PER POBLE. ESCALDES-ENGORDANY. (ESCALDES-ENGORDANY)	2024	15795
1096	POBLACIÓ PER POBLE	0101010100030044	POBLACIÓ PER POBLE. ESCALDES-ENGORDANY. (ESCALDES-ENGORDANY)	2025	16162
1103	POBLACIÓ PER SEXE	0101010100040001	POBLACIÓ PER SEXE. HOME	2010	35592
1103	POBLACIÓ PER SEXE	0101010100040001	POBLACIÓ PER SEXE. HOME	2011	35204
1103	POBLACIÓ PER SEXE	0101010100040001	POBLACIÓ PER SEXE. HOME	2012	35147
1103	POBLACIÓ PER SEXE	0101010100040001	POBLACIÓ PER SEXE. HOME	2013	35231
1103	POBLACIÓ PER SEXE	0101010100040001	POBLACIÓ PER SEXE. HOME	2014	35619
1103	POBLACIÓ PER SEXE	0101010100040001	POBLACIÓ PER SEXE. HOME	2015	36229
1103	POBLACIÓ PER SEXE	0101010100040001	POBLACIÓ PER SEXE. HOME	2016	37047
1103	POBLACIÓ PER SEXE	0101010100040001	POBLACIÓ PER SEXE. HOME	2017	38031
1103	POBLACIÓ PER SEXE	0101010100040001	POBLACIÓ PER SEXE. HOME	2018	38789
1103	POBLACIÓ PER SEXE	0101010100040001	POBLACIÓ PER SEXE. HOME	2019	39472
1103	POBLACIÓ PER SEXE	0101010100040001	POBLACIÓ PER SEXE. HOME	2020	39740
1103	POBLACIÓ PER SEXE	0101010100040001	POBLACIÓ PER SEXE. HOME	2021	40731
1103	POBLACIÓ PER SEXE	0101010100040001	POBLACIÓ PER SEXE. HOME	2022	41975
1103	POBLACIÓ PER SEXE	0101010100040001	POBLACIÓ PER SEXE. HOME	2023	43890
1103	POBLACIÓ PER SEXE	0101010100040001	POBLACIÓ PER SEXE. HOME	2024	45133
1103	POBLACIÓ PER SEXE	0101010100040001	POBLACIÓ PER SEXE. HOME	2025	46282
1103	POBLACIÓ PER SEXE	0101010100040002	POBLACIÓ PER SEXE. DONA	2010	34698
1103	POBLACIÓ PER SEXE	0101010100040002	POBLACIÓ PER SEXE. DONA	2011	34568
1103	POBLACIÓ PER SEXE	0101010100040002	POBLACIÓ PER SEXE. DONA	2012	34611
1103	POBLACIÓ PER SEXE	0101010100040002	POBLACIÓ PER SEXE. DONA	2013	34735
1103	POBLACIÓ PER SEXE	0101010100040002	POBLACIÓ PER SEXE. DONA	2014	34951
1103	POBLACIÓ PER SEXE	0101010100040002	POBLACIÓ PER SEXE. DONA	2015	35503
1103	POBLACIÓ PER SEXE	0101010100040002	POBLACIÓ PER SEXE. DONA	2016	36058
1103	POBLACIÓ PER SEXE	0101010100040002	POBLACIÓ PER SEXE. DONA	2017	36763
1103	POBLACIÓ PER SEXE	0101010100040002	POBLACIÓ PER SEXE. DONA	2018	37388
1103	POBLACIÓ PER SEXE	0101010100040002	POBLACIÓ PER SEXE. DONA	2019	38071
1103	POBLACIÓ PER SEXE	0101010100040002	POBLACIÓ PER SEXE. DONA	2020	38275
1103	POBLACIÓ PER SEXE	0101010100040002	POBLACIÓ PER SEXE. DONA	2021	38804
1103	POBLACIÓ PER SEXE	0101010100040002	POBLACIÓ PER SEXE. DONA	2022	39613
1103	POBLACIÓ PER SEXE	0101010100040002	POBLACIÓ PER SEXE. DONA	2023	41211
1103	POBLACIÓ PER SEXE	0101010100040002	POBLACIÓ PER SEXE. DONA	2024	41964
1103	POBLACIÓ PER SEXE	0101010100040002	POBLACIÓ PER SEXE. DONA	2025	42776
1097	POBLACIÓ PER EDAT (TRAMS 5 ANYS)	0101010100050001	POBLACIÓ PER EDAT (TRAMS 5 ANYS). 00-04 ANYS	2010	3668
1097	POBLACIÓ PER EDAT (TRAMS 5 ANYS)	0101010100050001	POBLACIÓ PER EDAT (TRAMS 5 ANYS). 00-04 ANYS	2011	3605
1097	POBLACIÓ PER EDAT (TRAMS 5 ANYS)	0101010100050001	POBLACIÓ PER EDAT (TRAMS 5 ANYS). 00-04 ANYS	2012	3584
1097	POBLACIÓ PER EDAT (TRAMS 5 ANYS)	0101010100050001	POBLACIÓ PER EDAT (TRAMS 5 ANYS). 00-04 ANYS	2013	3384
1097	POBLACIÓ PER EDAT (TRAMS 5 ANYS)	0101010100050001	POBLACIÓ PER EDAT (TRAMS 5 ANYS). 00-04 ANYS	2014	3291
1097	POBLACIÓ PER EDAT (TRAMS 5 ANYS)	0101010100050001	POBLACIÓ PER EDAT (TRAMS 5 ANYS). 00-04 ANYS	2015	3187
1097	POBLACIÓ PER EDAT (TRAMS 5 ANYS)	0101010100050001	POBLACIÓ PER EDAT (TRAMS 5 ANYS). 00-04 ANYS	2016	2982
1097	POBLACIÓ PER EDAT (TRAMS 5 ANYS)	0101010100050001	POBLACIÓ PER EDAT (TRAMS 5 ANYS). 00-04 ANYS	2017	2825
1097	POBLACIÓ PER EDAT (TRAMS 5 ANYS)	0101010100050001	POBLACIÓ PER EDAT (TRAMS 5 ANYS). 00-04 ANYS	2018	2719
1097	POBLACIÓ PER EDAT (TRAMS 5 ANYS)	0101010100050001	POBLACIÓ PER EDAT (TRAMS 5 ANYS). 00-04 ANYS	2019	2680
1097	POBLACIÓ PER EDAT (TRAMS 5 ANYS)	0101010100050001	POBLACIÓ PER EDAT (TRAMS 5 ANYS). 00-04 ANYS	2020	2550
1097	POBLACIÓ PER EDAT (TRAMS 5 ANYS)	0101010100050001	POBLACIÓ PER EDAT (TRAMS 5 ANYS). 00-04 ANYS	2021	2416
1097	POBLACIÓ PER EDAT (TRAMS 5 ANYS)	0101010100050001	POBLACIÓ PER EDAT (TRAMS 5 ANYS). 00-04 ANYS	2022	2344
1097	POBLACIÓ PER EDAT (TRAMS 5 ANYS)	0101010100050001	POBLACIÓ PER EDAT (TRAMS 5 ANYS). 00-04 ANYS	2023	2326
1097	POBLACIÓ PER EDAT (TRAMS 5 ANYS)	0101010100050001	POBLACIÓ PER EDAT (TRAMS 5 ANYS). 00-04 ANYS	2024	2317
1097	POBLACIÓ PER EDAT (TRAMS 5 ANYS)	0101010100050001	POBLACIÓ PER EDAT (TRAMS 5 ANYS). 00-04 ANYS	2025	2333
1097	POBLACIÓ PER EDAT (TRAMS 5 ANYS)	0101010100050002	POBLACIÓ PER EDAT (TRAMS 5 ANYS). 05-09 ANYS	2010	3882
1097	POBLACIÓ PER EDAT (TRAMS 5 ANYS)	0101010100050002	POBLACIÓ PER EDAT (TRAMS 5 ANYS). 05-09 ANYS	2011	3806
1097	POBLACIÓ PER EDAT (TRAMS 5 ANYS)	0101010100050002	POBLACIÓ PER EDAT (TRAMS 5 ANYS). 05-09 ANYS	2012	3763
1097	POBLACIÓ PER EDAT (TRAMS 5 ANYS)	0101010100050002	POBLACIÓ PER EDAT (TRAMS 5 ANYS). 05-09 ANYS	2013	3834
1097	POBLACIÓ PER EDAT (TRAMS 5 ANYS)	0101010100050002	POBLACIÓ PER EDAT (TRAMS 5 ANYS). 05-09 ANYS	2014	3869
1097	POBLACIÓ PER EDAT (TRAMS 5 ANYS)	0101010100050002	POBLACIÓ PER EDAT (TRAMS 5 ANYS). 05-09 ANYS	2015	3918
1097	POBLACIÓ PER EDAT (TRAMS 5 ANYS)	0101010100050002	POBLACIÓ PER EDAT (TRAMS 5 ANYS). 05-09 ANYS	2016	3980
1097	POBLACIÓ PER EDAT (TRAMS 5 ANYS)	0101010100050002	POBLACIÓ PER EDAT (TRAMS 5 ANYS). 05-09 ANYS	2017	3985
1097	POBLACIÓ PER EDAT (TRAMS 5 ANYS)	0101010100050002	POBLACIÓ PER EDAT (TRAMS 5 ANYS). 05-09 ANYS	2018	3823
1097	POBLACIÓ PER EDAT (TRAMS 5 ANYS)	0101010100050002	POBLACIÓ PER EDAT (TRAMS 5 ANYS). 05-09 ANYS	2019	3702
1097	POBLACIÓ PER EDAT (TRAMS 5 ANYS)	0101010100050002	POBLACIÓ PER EDAT (TRAMS 5 ANYS). 05-09 ANYS	2020	3605
1097	POBLACIÓ PER EDAT (TRAMS 5 ANYS)	0101010100050002	POBLACIÓ PER EDAT (TRAMS 5 ANYS). 05-09 ANYS	2021	3545
1097	POBLACIÓ PER EDAT (TRAMS 5 ANYS)	0101010100050002	POBLACIÓ PER EDAT (TRAMS 5 ANYS). 05-09 ANYS	2022	3476
1097	POBLACIÓ PER EDAT (TRAMS 5 ANYS)	0101010100050002	POBLACIÓ PER EDAT (TRAMS 5 ANYS). 05-09 ANYS	2023	3467
1097	POBLACIÓ PER EDAT (TRAMS 5 ANYS)	0101010100050002	POBLACIÓ PER EDAT (TRAMS 5 ANYS). 05-09 ANYS	2024	3388
1097	POBLACIÓ PER EDAT (TRAMS 5 ANYS)	0101010100050002	POBLACIÓ PER EDAT (TRAMS 5 ANYS). 05-09 ANYS	2025	3261
1097	POBLACIÓ PER EDAT (TRAMS 5 ANYS)	0101010100050003	POBLACIÓ PER EDAT (TRAMS 5 ANYS). 10-14 ANYS	2010	3958
1097	POBLACIÓ PER EDAT (TRAMS 5 ANYS)	0101010100050003	POBLACIÓ PER EDAT (TRAMS 5 ANYS). 10-14 ANYS	2011	4005
1097	POBLACIÓ PER EDAT (TRAMS 5 ANYS)	0101010100050003	POBLACIÓ PER EDAT (TRAMS 5 ANYS). 10-14 ANYS	2012	3981
1097	POBLACIÓ PER EDAT (TRAMS 5 ANYS)	0101010100050003	POBLACIÓ PER EDAT (TRAMS 5 ANYS). 10-14 ANYS	2013	3897
1097	POBLACIÓ PER EDAT (TRAMS 5 ANYS)	0101010100050003	POBLACIÓ PER EDAT (TRAMS 5 ANYS). 10-14 ANYS	2014	3779
1097	POBLACIÓ PER EDAT (TRAMS 5 ANYS)	0101010100050003	POBLACIÓ PER EDAT (TRAMS 5 ANYS). 10-14 ANYS	2015	3813
1097	POBLACIÓ PER EDAT (TRAMS 5 ANYS)	0101010100050003	POBLACIÓ PER EDAT (TRAMS 5 ANYS). 10-14 ANYS	2016	3848
1097	POBLACIÓ PER EDAT (TRAMS 5 ANYS)	0101010100050003	POBLACIÓ PER EDAT (TRAMS 5 ANYS). 10-14 ANYS	2017	3877
1097	POBLACIÓ PER EDAT (TRAMS 5 ANYS)	0101010100050003	POBLACIÓ PER EDAT (TRAMS 5 ANYS). 10-14 ANYS	2018	4027
1097	POBLACIÓ PER EDAT (TRAMS 5 ANYS)	0101010100050003	POBLACIÓ PER EDAT (TRAMS 5 ANYS). 10-14 ANYS	2019	4116
1097	POBLACIÓ PER EDAT (TRAMS 5 ANYS)	0101010100050003	POBLACIÓ PER EDAT (TRAMS 5 ANYS). 10-14 ANYS	2020	4175
1097	POBLACIÓ PER EDAT (TRAMS 5 ANYS)	0101010100050003	POBLACIÓ PER EDAT (TRAMS 5 ANYS). 10-14 ANYS	2021	4234
1097	POBLACIÓ PER EDAT (TRAMS 5 ANYS)	0101010100050003	POBLACIÓ PER EDAT (TRAMS 5 ANYS). 10-14 ANYS	2022	4274
1097	POBLACIÓ PER EDAT (TRAMS 5 ANYS)	0101010100050003	POBLACIÓ PER EDAT (TRAMS 5 ANYS). 10-14 ANYS	2023	4153
1097	POBLACIÓ PER EDAT (TRAMS 5 ANYS)	0101010100050003	POBLACIÓ PER EDAT (TRAMS 5 ANYS). 10-14 ANYS	2024	4098
1097	POBLACIÓ PER EDAT (TRAMS 5 ANYS)	0101010100050003	POBLACIÓ PER EDAT (TRAMS 5 ANYS). 10-14 ANYS	2025	3995
1097	POBLACIÓ PER EDAT (TRAMS 5 ANYS)	0101010100050004	POBLACIÓ PER EDAT (TRAMS 5 ANYS). 15-19 ANYS	2010	3627
1097	POBLACIÓ PER EDAT (TRAMS 5 ANYS)	0101010100050004	POBLACIÓ PER EDAT (TRAMS 5 ANYS). 15-19 ANYS	2011	3588
1097	POBLACIÓ PER EDAT (TRAMS 5 ANYS)	0101010100050004	POBLACIÓ PER EDAT (TRAMS 5 ANYS). 15-19 ANYS	2012	3588
1097	POBLACIÓ PER EDAT (TRAMS 5 ANYS)	0101010100050004	POBLACIÓ PER EDAT (TRAMS 5 ANYS). 15-19 ANYS	2013	3635
1097	POBLACIÓ PER EDAT (TRAMS 5 ANYS)	0101010100050004	POBLACIÓ PER EDAT (TRAMS 5 ANYS). 15-19 ANYS	2014	3788
1097	POBLACIÓ PER EDAT (TRAMS 5 ANYS)	0101010100050004	POBLACIÓ PER EDAT (TRAMS 5 ANYS). 15-19 ANYS	2015	3908
1097	POBLACIÓ PER EDAT (TRAMS 5 ANYS)	0101010100050004	POBLACIÓ PER EDAT (TRAMS 5 ANYS). 15-19 ANYS	2016	4028
1097	POBLACIÓ PER EDAT (TRAMS 5 ANYS)	0101010100050004	POBLACIÓ PER EDAT (TRAMS 5 ANYS). 15-19 ANYS	2017	4048
1097	POBLACIÓ PER EDAT (TRAMS 5 ANYS)	0101010100050004	POBLACIÓ PER EDAT (TRAMS 5 ANYS). 15-19 ANYS	2018	4077
1097	POBLACIÓ PER EDAT (TRAMS 5 ANYS)	0101010100050004	POBLACIÓ PER EDAT (TRAMS 5 ANYS). 15-19 ANYS	2019	4040
1097	POBLACIÓ PER EDAT (TRAMS 5 ANYS)	0101010100050004	POBLACIÓ PER EDAT (TRAMS 5 ANYS). 15-19 ANYS	2020	4073
1097	POBLACIÓ PER EDAT (TRAMS 5 ANYS)	0101010100050004	POBLACIÓ PER EDAT (TRAMS 5 ANYS). 15-19 ANYS	2021	4093
1097	POBLACIÓ PER EDAT (TRAMS 5 ANYS)	0101010100050004	POBLACIÓ PER EDAT (TRAMS 5 ANYS). 15-19 ANYS	2022	4144
1097	POBLACIÓ PER EDAT (TRAMS 5 ANYS)	0101010100050004	POBLACIÓ PER EDAT (TRAMS 5 ANYS). 15-19 ANYS	2023	4337
1097	POBLACIÓ PER EDAT (TRAMS 5 ANYS)	0101010100050004	POBLACIÓ PER EDAT (TRAMS 5 ANYS). 15-19 ANYS	2024	4439
1097	POBLACIÓ PER EDAT (TRAMS 5 ANYS)	0101010100050004	POBLACIÓ PER EDAT (TRAMS 5 ANYS). 15-19 ANYS	2025	4534
1097	POBLACIÓ PER EDAT (TRAMS 5 ANYS)	0101010100050005	POBLACIÓ PER EDAT (TRAMS 5 ANYS). 20-24 ANYS	2010	3811
1097	POBLACIÓ PER EDAT (TRAMS 5 ANYS)	0101010100050005	POBLACIÓ PER EDAT (TRAMS 5 ANYS). 20-24 ANYS	2011	3648
1097	POBLACIÓ PER EDAT (TRAMS 5 ANYS)	0101010100050005	POBLACIÓ PER EDAT (TRAMS 5 ANYS). 20-24 ANYS	2012	3656
1097	POBLACIÓ PER EDAT (TRAMS 5 ANYS)	0101010100050005	POBLACIÓ PER EDAT (TRAMS 5 ANYS). 20-24 ANYS	2013	3639
1097	POBLACIÓ PER EDAT (TRAMS 5 ANYS)	0101010100050005	POBLACIÓ PER EDAT (TRAMS 5 ANYS). 20-24 ANYS	2014	3616
1097	POBLACIÓ PER EDAT (TRAMS 5 ANYS)	0101010100050005	POBLACIÓ PER EDAT (TRAMS 5 ANYS). 20-24 ANYS	2015	3642
1097	POBLACIÓ PER EDAT (TRAMS 5 ANYS)	0101010100050005	POBLACIÓ PER EDAT (TRAMS 5 ANYS). 20-24 ANYS	2016	3682
1097	POBLACIÓ PER EDAT (TRAMS 5 ANYS)	0101010100050005	POBLACIÓ PER EDAT (TRAMS 5 ANYS). 20-24 ANYS	2017	3853
1097	POBLACIÓ PER EDAT (TRAMS 5 ANYS)	0101010100050005	POBLACIÓ PER EDAT (TRAMS 5 ANYS). 20-24 ANYS	2018	4005
1097	POBLACIÓ PER EDAT (TRAMS 5 ANYS)	0101010100050005	POBLACIÓ PER EDAT (TRAMS 5 ANYS). 20-24 ANYS	2019	4310
1097	POBLACIÓ PER EDAT (TRAMS 5 ANYS)	0101010100050005	POBLACIÓ PER EDAT (TRAMS 5 ANYS). 20-24 ANYS	2020	4319
1097	POBLACIÓ PER EDAT (TRAMS 5 ANYS)	0101010100050005	POBLACIÓ PER EDAT (TRAMS 5 ANYS). 20-24 ANYS	2021	4517
1097	POBLACIÓ PER EDAT (TRAMS 5 ANYS)	0101010100050005	POBLACIÓ PER EDAT (TRAMS 5 ANYS). 20-24 ANYS	2022	4593
1097	POBLACIÓ PER EDAT (TRAMS 5 ANYS)	0101010100050005	POBLACIÓ PER EDAT (TRAMS 5 ANYS). 20-24 ANYS	2023	4828
1097	POBLACIÓ PER EDAT (TRAMS 5 ANYS)	0101010100050005	POBLACIÓ PER EDAT (TRAMS 5 ANYS). 20-24 ANYS	2024	4814
1097	POBLACIÓ PER EDAT (TRAMS 5 ANYS)	0101010100050005	POBLACIÓ PER EDAT (TRAMS 5 ANYS). 20-24 ANYS	2025	4852
1097	POBLACIÓ PER EDAT (TRAMS 5 ANYS)	0101010100050006	POBLACIÓ PER EDAT (TRAMS 5 ANYS). 25-29 ANYS	2010	5283
1097	POBLACIÓ PER EDAT (TRAMS 5 ANYS)	0101010100050006	POBLACIÓ PER EDAT (TRAMS 5 ANYS). 25-29 ANYS	2011	4830
1097	POBLACIÓ PER EDAT (TRAMS 5 ANYS)	0101010100050006	POBLACIÓ PER EDAT (TRAMS 5 ANYS). 25-29 ANYS	2012	4404
1097	POBLACIÓ PER EDAT (TRAMS 5 ANYS)	0101010100050006	POBLACIÓ PER EDAT (TRAMS 5 ANYS). 25-29 ANYS	2013	4142
1097	POBLACIÓ PER EDAT (TRAMS 5 ANYS)	0101010100050006	POBLACIÓ PER EDAT (TRAMS 5 ANYS). 25-29 ANYS	2014	4135
1097	POBLACIÓ PER EDAT (TRAMS 5 ANYS)	0101010100050006	POBLACIÓ PER EDAT (TRAMS 5 ANYS). 25-29 ANYS	2015	4087
1097	POBLACIÓ PER EDAT (TRAMS 5 ANYS)	0101010100050006	POBLACIÓ PER EDAT (TRAMS 5 ANYS). 25-29 ANYS	2016	4177
1097	POBLACIÓ PER EDAT (TRAMS 5 ANYS)	0101010100050006	POBLACIÓ PER EDAT (TRAMS 5 ANYS). 25-29 ANYS	2017	4460
1097	POBLACIÓ PER EDAT (TRAMS 5 ANYS)	0101010100050006	POBLACIÓ PER EDAT (TRAMS 5 ANYS). 25-29 ANYS	2018	4570
1097	POBLACIÓ PER EDAT (TRAMS 5 ANYS)	0101010100050006	POBLACIÓ PER EDAT (TRAMS 5 ANYS). 25-29 ANYS	2019	4640
1097	POBLACIÓ PER EDAT (TRAMS 5 ANYS)	0101010100050006	POBLACIÓ PER EDAT (TRAMS 5 ANYS). 25-29 ANYS	2020	4638
1097	POBLACIÓ PER EDAT (TRAMS 5 ANYS)	0101010100050006	POBLACIÓ PER EDAT (TRAMS 5 ANYS). 25-29 ANYS	2021	4795
1097	POBLACIÓ PER EDAT (TRAMS 5 ANYS)	0101010100050006	POBLACIÓ PER EDAT (TRAMS 5 ANYS). 25-29 ANYS	2022	5018
1097	POBLACIÓ PER EDAT (TRAMS 5 ANYS)	0101010100050006	POBLACIÓ PER EDAT (TRAMS 5 ANYS). 25-29 ANYS	2023	5714
1097	POBLACIÓ PER EDAT (TRAMS 5 ANYS)	0101010100050006	POBLACIÓ PER EDAT (TRAMS 5 ANYS). 25-29 ANYS	2024	5945
1097	POBLACIÓ PER EDAT (TRAMS 5 ANYS)	0101010100050006	POBLACIÓ PER EDAT (TRAMS 5 ANYS). 25-29 ANYS	2025	6114
1097	POBLACIÓ PER EDAT (TRAMS 5 ANYS)	0101010100050007	POBLACIÓ PER EDAT (TRAMS 5 ANYS). 30-34 ANYS	2010	6547
1097	POBLACIÓ PER EDAT (TRAMS 5 ANYS)	0101010100050007	POBLACIÓ PER EDAT (TRAMS 5 ANYS). 30-34 ANYS	2011	6229
1097	POBLACIÓ PER EDAT (TRAMS 5 ANYS)	0101010100050007	POBLACIÓ PER EDAT (TRAMS 5 ANYS). 30-34 ANYS	2012	5932
1097	POBLACIÓ PER EDAT (TRAMS 5 ANYS)	0101010100050007	POBLACIÓ PER EDAT (TRAMS 5 ANYS). 30-34 ANYS	2013	5700
1097	POBLACIÓ PER EDAT (TRAMS 5 ANYS)	0101010100050007	POBLACIÓ PER EDAT (TRAMS 5 ANYS). 30-34 ANYS	2014	5430
1097	POBLACIÓ PER EDAT (TRAMS 5 ANYS)	0101010100050007	POBLACIÓ PER EDAT (TRAMS 5 ANYS). 30-34 ANYS	2015	5337
1097	POBLACIÓ PER EDAT (TRAMS 5 ANYS)	0101010100050007	POBLACIÓ PER EDAT (TRAMS 5 ANYS). 30-34 ANYS	2016	5115
1097	POBLACIÓ PER EDAT (TRAMS 5 ANYS)	0101010100050007	POBLACIÓ PER EDAT (TRAMS 5 ANYS). 30-34 ANYS	2017	5090
1097	POBLACIÓ PER EDAT (TRAMS 5 ANYS)	0101010100050007	POBLACIÓ PER EDAT (TRAMS 5 ANYS). 30-34 ANYS	2018	5062
1097	POBLACIÓ PER EDAT (TRAMS 5 ANYS)	0101010100050007	POBLACIÓ PER EDAT (TRAMS 5 ANYS). 30-34 ANYS	2019	5147
1097	POBLACIÓ PER EDAT (TRAMS 5 ANYS)	0101010100050007	POBLACIÓ PER EDAT (TRAMS 5 ANYS). 30-34 ANYS	2020	5167
1097	POBLACIÓ PER EDAT (TRAMS 5 ANYS)	0101010100050007	POBLACIÓ PER EDAT (TRAMS 5 ANYS). 30-34 ANYS	2021	5387
1097	POBLACIÓ PER EDAT (TRAMS 5 ANYS)	0101010100050007	POBLACIÓ PER EDAT (TRAMS 5 ANYS). 30-34 ANYS	2022	5729
1097	POBLACIÓ PER EDAT (TRAMS 5 ANYS)	0101010100050007	POBLACIÓ PER EDAT (TRAMS 5 ANYS). 30-34 ANYS	2023	6416
1097	POBLACIÓ PER EDAT (TRAMS 5 ANYS)	0101010100050007	POBLACIÓ PER EDAT (TRAMS 5 ANYS). 30-34 ANYS	2024	6624
1097	POBLACIÓ PER EDAT (TRAMS 5 ANYS)	0101010100050007	POBLACIÓ PER EDAT (TRAMS 5 ANYS). 30-34 ANYS	2025	6858
1097	POBLACIÓ PER EDAT (TRAMS 5 ANYS)	0101010100050008	POBLACIÓ PER EDAT (TRAMS 5 ANYS). 35-39 ANYS	2010	7011
1097	POBLACIÓ PER EDAT (TRAMS 5 ANYS)	0101010100050008	POBLACIÓ PER EDAT (TRAMS 5 ANYS). 35-39 ANYS	2011	6889
1097	POBLACIÓ PER EDAT (TRAMS 5 ANYS)	0101010100050008	POBLACIÓ PER EDAT (TRAMS 5 ANYS). 35-39 ANYS	2012	6760
1097	POBLACIÓ PER EDAT (TRAMS 5 ANYS)	0101010100050008	POBLACIÓ PER EDAT (TRAMS 5 ANYS). 35-39 ANYS	2013	6662
1097	POBLACIÓ PER EDAT (TRAMS 5 ANYS)	0101010100050008	POBLACIÓ PER EDAT (TRAMS 5 ANYS). 35-39 ANYS	2014	6515
1097	POBLACIÓ PER EDAT (TRAMS 5 ANYS)	0101010100050008	POBLACIÓ PER EDAT (TRAMS 5 ANYS). 35-39 ANYS	2015	6345
1097	POBLACIÓ PER EDAT (TRAMS 5 ANYS)	0101010100050008	POBLACIÓ PER EDAT (TRAMS 5 ANYS). 35-39 ANYS	2016	6366
1097	POBLACIÓ PER EDAT (TRAMS 5 ANYS)	0101010100050008	POBLACIÓ PER EDAT (TRAMS 5 ANYS). 35-39 ANYS	2017	6242
1097	POBLACIÓ PER EDAT (TRAMS 5 ANYS)	0101010100050008	POBLACIÓ PER EDAT (TRAMS 5 ANYS). 35-39 ANYS	2018	6269
1097	POBLACIÓ PER EDAT (TRAMS 5 ANYS)	0101010100050008	POBLACIÓ PER EDAT (TRAMS 5 ANYS). 35-39 ANYS	2019	6147
1097	POBLACIÓ PER EDAT (TRAMS 5 ANYS)	0101010100050008	POBLACIÓ PER EDAT (TRAMS 5 ANYS). 35-39 ANYS	2020	5974
1097	POBLACIÓ PER EDAT (TRAMS 5 ANYS)	0101010100050008	POBLACIÓ PER EDAT (TRAMS 5 ANYS). 35-39 ANYS	2021	5836
1097	POBLACIÓ PER EDAT (TRAMS 5 ANYS)	0101010100050008	POBLACIÓ PER EDAT (TRAMS 5 ANYS). 35-39 ANYS	2022	5867
1097	POBLACIÓ PER EDAT (TRAMS 5 ANYS)	0101010100050008	POBLACIÓ PER EDAT (TRAMS 5 ANYS). 35-39 ANYS	2023	6240
1097	POBLACIÓ PER EDAT (TRAMS 5 ANYS)	0101010100050008	POBLACIÓ PER EDAT (TRAMS 5 ANYS). 35-39 ANYS	2024	6564
1097	POBLACIÓ PER EDAT (TRAMS 5 ANYS)	0101010100050008	POBLACIÓ PER EDAT (TRAMS 5 ANYS). 35-39 ANYS	2025	6892
1097	POBLACIÓ PER EDAT (TRAMS 5 ANYS)	0101010100050009	POBLACIÓ PER EDAT (TRAMS 5 ANYS). 40-44 ANYS	2010	6632
1097	POBLACIÓ PER EDAT (TRAMS 5 ANYS)	0101010100050009	POBLACIÓ PER EDAT (TRAMS 5 ANYS). 40-44 ANYS	2011	6591
1097	POBLACIÓ PER EDAT (TRAMS 5 ANYS)	0101010100050009	POBLACIÓ PER EDAT (TRAMS 5 ANYS). 40-44 ANYS	2012	6654
1097	POBLACIÓ PER EDAT (TRAMS 5 ANYS)	0101010100050009	POBLACIÓ PER EDAT (TRAMS 5 ANYS). 40-44 ANYS	2013	6587
1097	POBLACIÓ PER EDAT (TRAMS 5 ANYS)	0101010100050009	POBLACIÓ PER EDAT (TRAMS 5 ANYS). 40-44 ANYS	2014	6760
1097	POBLACIÓ PER EDAT (TRAMS 5 ANYS)	0101010100050009	POBLACIÓ PER EDAT (TRAMS 5 ANYS). 40-44 ANYS	2015	6937
1097	POBLACIÓ PER EDAT (TRAMS 5 ANYS)	0101010100050009	POBLACIÓ PER EDAT (TRAMS 5 ANYS). 40-44 ANYS	2016	7029
1097	POBLACIÓ PER EDAT (TRAMS 5 ANYS)	0101010100050009	POBLACIÓ PER EDAT (TRAMS 5 ANYS). 40-44 ANYS	2017	7061
1097	POBLACIÓ PER EDAT (TRAMS 5 ANYS)	0101010100050009	POBLACIÓ PER EDAT (TRAMS 5 ANYS). 40-44 ANYS	2018	7035
1097	POBLACIÓ PER EDAT (TRAMS 5 ANYS)	0101010100050009	POBLACIÓ PER EDAT (TRAMS 5 ANYS). 40-44 ANYS	2019	6995
1097	POBLACIÓ PER EDAT (TRAMS 5 ANYS)	0101010100050009	POBLACIÓ PER EDAT (TRAMS 5 ANYS). 40-44 ANYS	2020	6802
1097	POBLACIÓ PER EDAT (TRAMS 5 ANYS)	0101010100050009	POBLACIÓ PER EDAT (TRAMS 5 ANYS). 40-44 ANYS	2021	6854
1097	POBLACIÓ PER EDAT (TRAMS 5 ANYS)	0101010100050009	POBLACIÓ PER EDAT (TRAMS 5 ANYS). 40-44 ANYS	2022	6847
1097	POBLACIÓ PER EDAT (TRAMS 5 ANYS)	0101010100050009	POBLACIÓ PER EDAT (TRAMS 5 ANYS). 40-44 ANYS	2023	7000
1097	POBLACIÓ PER EDAT (TRAMS 5 ANYS)	0101010100050009	POBLACIÓ PER EDAT (TRAMS 5 ANYS). 40-44 ANYS	2024	7014
1097	POBLACIÓ PER EDAT (TRAMS 5 ANYS)	0101010100050009	POBLACIÓ PER EDAT (TRAMS 5 ANYS). 40-44 ANYS	2025	7041
1097	POBLACIÓ PER EDAT (TRAMS 5 ANYS)	0101010100050010	POBLACIÓ PER EDAT (TRAMS 5 ANYS). 45-49 ANYS	2010	6302
1097	POBLACIÓ PER EDAT (TRAMS 5 ANYS)	0101010100050010	POBLACIÓ PER EDAT (TRAMS 5 ANYS). 45-49 ANYS	2011	6369
1097	POBLACIÓ PER EDAT (TRAMS 5 ANYS)	0101010100050010	POBLACIÓ PER EDAT (TRAMS 5 ANYS). 45-49 ANYS	2012	6396
1097	POBLACIÓ PER EDAT (TRAMS 5 ANYS)	0101010100050010	POBLACIÓ PER EDAT (TRAMS 5 ANYS). 45-49 ANYS	2013	6478
1097	POBLACIÓ PER EDAT (TRAMS 5 ANYS)	0101010100050010	POBLACIÓ PER EDAT (TRAMS 5 ANYS). 45-49 ANYS	2014	6508
1097	POBLACIÓ PER EDAT (TRAMS 5 ANYS)	0101010100050010	POBLACIÓ PER EDAT (TRAMS 5 ANYS). 45-49 ANYS	2015	6540
1097	POBLACIÓ PER EDAT (TRAMS 5 ANYS)	0101010100050010	POBLACIÓ PER EDAT (TRAMS 5 ANYS). 45-49 ANYS	2016	6690
1097	POBLACIÓ PER EDAT (TRAMS 5 ANYS)	0101010100050010	POBLACIÓ PER EDAT (TRAMS 5 ANYS). 45-49 ANYS	2017	6976
1097	POBLACIÓ PER EDAT (TRAMS 5 ANYS)	0101010100050010	POBLACIÓ PER EDAT (TRAMS 5 ANYS). 45-49 ANYS	2018	7083
1097	POBLACIÓ PER EDAT (TRAMS 5 ANYS)	0101010100050010	POBLACIÓ PER EDAT (TRAMS 5 ANYS). 45-49 ANYS	2019	7238
1097	POBLACIÓ PER EDAT (TRAMS 5 ANYS)	0101010100050010	POBLACIÓ PER EDAT (TRAMS 5 ANYS). 45-49 ANYS	2020	7362
1097	POBLACIÓ PER EDAT (TRAMS 5 ANYS)	0101010100050010	POBLACIÓ PER EDAT (TRAMS 5 ANYS). 45-49 ANYS	2021	7480
1097	POBLACIÓ PER EDAT (TRAMS 5 ANYS)	0101010100050010	POBLACIÓ PER EDAT (TRAMS 5 ANYS). 45-49 ANYS	2022	7552
1097	POBLACIÓ PER EDAT (TRAMS 5 ANYS)	0101010100050010	POBLACIÓ PER EDAT (TRAMS 5 ANYS). 45-49 ANYS	2023	7664
1097	POBLACIÓ PER EDAT (TRAMS 5 ANYS)	0101010100050010	POBLACIÓ PER EDAT (TRAMS 5 ANYS). 45-49 ANYS	2024	7709
1097	POBLACIÓ PER EDAT (TRAMS 5 ANYS)	0101010100050010	POBLACIÓ PER EDAT (TRAMS 5 ANYS). 45-49 ANYS	2025	7686
1097	POBLACIÓ PER EDAT (TRAMS 5 ANYS)	0101010100050011	POBLACIÓ PER EDAT (TRAMS 5 ANYS). 50-54 ANYS	2010	5121
1097	POBLACIÓ PER EDAT (TRAMS 5 ANYS)	0101010100050011	POBLACIÓ PER EDAT (TRAMS 5 ANYS). 50-54 ANYS	2011	5242
1097	POBLACIÓ PER EDAT (TRAMS 5 ANYS)	0101010100050011	POBLACIÓ PER EDAT (TRAMS 5 ANYS). 50-54 ANYS	2012	5505
1097	POBLACIÓ PER EDAT (TRAMS 5 ANYS)	0101010100050011	POBLACIÓ PER EDAT (TRAMS 5 ANYS). 50-54 ANYS	2013	5752
1097	POBLACIÓ PER EDAT (TRAMS 5 ANYS)	0101010100050011	POBLACIÓ PER EDAT (TRAMS 5 ANYS). 50-54 ANYS	2014	5923
1097	POBLACIÓ PER EDAT (TRAMS 5 ANYS)	0101010100050011	POBLACIÓ PER EDAT (TRAMS 5 ANYS). 50-54 ANYS	2015	6131
1097	POBLACIÓ PER EDAT (TRAMS 5 ANYS)	0101010100050011	POBLACIÓ PER EDAT (TRAMS 5 ANYS). 50-54 ANYS	2016	6378
1097	POBLACIÓ PER EDAT (TRAMS 5 ANYS)	0101010100050011	POBLACIÓ PER EDAT (TRAMS 5 ANYS). 50-54 ANYS	2017	6580
1097	POBLACIÓ PER EDAT (TRAMS 5 ANYS)	0101010100050011	POBLACIÓ PER EDAT (TRAMS 5 ANYS). 50-54 ANYS	2018	6792
1097	POBLACIÓ PER EDAT (TRAMS 5 ANYS)	0101010100050011	POBLACIÓ PER EDAT (TRAMS 5 ANYS). 50-54 ANYS	2019	6903
1097	POBLACIÓ PER EDAT (TRAMS 5 ANYS)	0101010100050011	POBLACIÓ PER EDAT (TRAMS 5 ANYS). 50-54 ANYS	2020	6878
1097	POBLACIÓ PER EDAT (TRAMS 5 ANYS)	0101010100050011	POBLACIÓ PER EDAT (TRAMS 5 ANYS). 50-54 ANYS	2021	6951
1097	POBLACIÓ PER EDAT (TRAMS 5 ANYS)	0101010100050011	POBLACIÓ PER EDAT (TRAMS 5 ANYS). 50-54 ANYS	2022	7233
1097	POBLACIÓ PER EDAT (TRAMS 5 ANYS)	0101010100050011	POBLACIÓ PER EDAT (TRAMS 5 ANYS). 50-54 ANYS	2023	7428
1097	POBLACIÓ PER EDAT (TRAMS 5 ANYS)	0101010100050011	POBLACIÓ PER EDAT (TRAMS 5 ANYS). 50-54 ANYS	2024	7681
1097	POBLACIÓ PER EDAT (TRAMS 5 ANYS)	0101010100050011	POBLACIÓ PER EDAT (TRAMS 5 ANYS). 50-54 ANYS	2025	7906
1097	POBLACIÓ PER EDAT (TRAMS 5 ANYS)	0101010100050012	POBLACIÓ PER EDAT (TRAMS 5 ANYS). 55-59 ANYS	2010	3866
1097	POBLACIÓ PER EDAT (TRAMS 5 ANYS)	0101010100050012	POBLACIÓ PER EDAT (TRAMS 5 ANYS). 55-59 ANYS	2011	4069
1097	POBLACIÓ PER EDAT (TRAMS 5 ANYS)	0101010100050012	POBLACIÓ PER EDAT (TRAMS 5 ANYS). 55-59 ANYS	2012	4239
1097	POBLACIÓ PER EDAT (TRAMS 5 ANYS)	0101010100050012	POBLACIÓ PER EDAT (TRAMS 5 ANYS). 55-59 ANYS	2013	4460
1097	POBLACIÓ PER EDAT (TRAMS 5 ANYS)	0101010100050012	POBLACIÓ PER EDAT (TRAMS 5 ANYS). 55-59 ANYS	2014	4686
1097	POBLACIÓ PER EDAT (TRAMS 5 ANYS)	0101010100050012	POBLACIÓ PER EDAT (TRAMS 5 ANYS). 55-59 ANYS	2015	4949
1097	POBLACIÓ PER EDAT (TRAMS 5 ANYS)	0101010100050012	POBLACIÓ PER EDAT (TRAMS 5 ANYS). 55-59 ANYS	2016	5222
1097	POBLACIÓ PER EDAT (TRAMS 5 ANYS)	0101010100050012	POBLACIÓ PER EDAT (TRAMS 5 ANYS). 55-59 ANYS	2017	5600
1097	POBLACIÓ PER EDAT (TRAMS 5 ANYS)	0101010100050012	POBLACIÓ PER EDAT (TRAMS 5 ANYS). 55-59 ANYS	2018	5926
1097	POBLACIÓ PER EDAT (TRAMS 5 ANYS)	0101010100050012	POBLACIÓ PER EDAT (TRAMS 5 ANYS). 55-59 ANYS	2019	6135
1097	POBLACIÓ PER EDAT (TRAMS 5 ANYS)	0101010100050012	POBLACIÓ PER EDAT (TRAMS 5 ANYS). 55-59 ANYS	2020	6338
1097	POBLACIÓ PER EDAT (TRAMS 5 ANYS)	0101010100050012	POBLACIÓ PER EDAT (TRAMS 5 ANYS). 55-59 ANYS	2021	6526
1097	POBLACIÓ PER EDAT (TRAMS 5 ANYS)	0101010100050012	POBLACIÓ PER EDAT (TRAMS 5 ANYS). 55-59 ANYS	2022	6736
1097	POBLACIÓ PER EDAT (TRAMS 5 ANYS)	0101010100050012	POBLACIÓ PER EDAT (TRAMS 5 ANYS). 55-59 ANYS	2023	6880
1097	POBLACIÓ PER EDAT (TRAMS 5 ANYS)	0101010100050012	POBLACIÓ PER EDAT (TRAMS 5 ANYS). 55-59 ANYS	2024	7056
1097	POBLACIÓ PER EDAT (TRAMS 5 ANYS)	0101010100050012	POBLACIÓ PER EDAT (TRAMS 5 ANYS). 55-59 ANYS	2025	7152
1097	POBLACIÓ PER EDAT (TRAMS 5 ANYS)	0101010100050013	POBLACIÓ PER EDAT (TRAMS 5 ANYS). 60-64 ANYS	2010	3111
1097	POBLACIÓ PER EDAT (TRAMS 5 ANYS)	0101010100050013	POBLACIÓ PER EDAT (TRAMS 5 ANYS). 60-64 ANYS	2011	3191
1097	POBLACIÓ PER EDAT (TRAMS 5 ANYS)	0101010100050013	POBLACIÓ PER EDAT (TRAMS 5 ANYS). 60-64 ANYS	2012	3285
1097	POBLACIÓ PER EDAT (TRAMS 5 ANYS)	0101010100050013	POBLACIÓ PER EDAT (TRAMS 5 ANYS). 60-64 ANYS	2013	3381
1097	POBLACIÓ PER EDAT (TRAMS 5 ANYS)	0101010100050013	POBLACIÓ PER EDAT (TRAMS 5 ANYS). 60-64 ANYS	2014	3481
1097	POBLACIÓ PER EDAT (TRAMS 5 ANYS)	0101010100050013	POBLACIÓ PER EDAT (TRAMS 5 ANYS). 60-64 ANYS	2015	3700
1097	POBLACIÓ PER EDAT (TRAMS 5 ANYS)	0101010100050013	POBLACIÓ PER EDAT (TRAMS 5 ANYS). 60-64 ANYS	2016	3972
1097	POBLACIÓ PER EDAT (TRAMS 5 ANYS)	0101010100050013	POBLACIÓ PER EDAT (TRAMS 5 ANYS). 60-64 ANYS	2017	4211
1097	POBLACIÓ PER EDAT (TRAMS 5 ANYS)	0101010100050013	POBLACIÓ PER EDAT (TRAMS 5 ANYS). 60-64 ANYS	2018	4443
1097	POBLACIÓ PER EDAT (TRAMS 5 ANYS)	0101010100050013	POBLACIÓ PER EDAT (TRAMS 5 ANYS). 60-64 ANYS	2019	4670
1097	POBLACIÓ PER EDAT (TRAMS 5 ANYS)	0101010100050013	POBLACIÓ PER EDAT (TRAMS 5 ANYS). 60-64 ANYS	2020	4898
1097	POBLACIÓ PER EDAT (TRAMS 5 ANYS)	0101010100050013	POBLACIÓ PER EDAT (TRAMS 5 ANYS). 60-64 ANYS	2021	5173
1097	POBLACIÓ PER EDAT (TRAMS 5 ANYS)	0101010100050013	POBLACIÓ PER EDAT (TRAMS 5 ANYS). 60-64 ANYS	2022	5476
1097	POBLACIÓ PER EDAT (TRAMS 5 ANYS)	0101010100050013	POBLACIÓ PER EDAT (TRAMS 5 ANYS). 60-64 ANYS	2023	5805
1097	POBLACIÓ PER EDAT (TRAMS 5 ANYS)	0101010100050013	POBLACIÓ PER EDAT (TRAMS 5 ANYS). 60-64 ANYS	2024	6018
1097	POBLACIÓ PER EDAT (TRAMS 5 ANYS)	0101010100050013	POBLACIÓ PER EDAT (TRAMS 5 ANYS). 60-64 ANYS	2025	6329
1097	POBLACIÓ PER EDAT (TRAMS 5 ANYS)	0101010100050014	POBLACIÓ PER EDAT (TRAMS 5 ANYS). 65-69 ANYS	2010	2346
1097	POBLACIÓ PER EDAT (TRAMS 5 ANYS)	0101010100050014	POBLACIÓ PER EDAT (TRAMS 5 ANYS). 65-69 ANYS	2011	2475
1097	POBLACIÓ PER EDAT (TRAMS 5 ANYS)	0101010100050014	POBLACIÓ PER EDAT (TRAMS 5 ANYS). 65-69 ANYS	2012	2606
1097	POBLACIÓ PER EDAT (TRAMS 5 ANYS)	0101010100050014	POBLACIÓ PER EDAT (TRAMS 5 ANYS). 65-69 ANYS	2013	2755
1097	POBLACIÓ PER EDAT (TRAMS 5 ANYS)	0101010100050014	POBLACIÓ PER EDAT (TRAMS 5 ANYS). 65-69 ANYS	2014	2861
1097	POBLACIÓ PER EDAT (TRAMS 5 ANYS)	0101010100050014	POBLACIÓ PER EDAT (TRAMS 5 ANYS). 65-69 ANYS	2015	2999
1097	POBLACIÓ PER EDAT (TRAMS 5 ANYS)	0101010100050014	POBLACIÓ PER EDAT (TRAMS 5 ANYS). 65-69 ANYS	2016	3119
1097	POBLACIÓ PER EDAT (TRAMS 5 ANYS)	0101010100050014	POBLACIÓ PER EDAT (TRAMS 5 ANYS). 65-69 ANYS	2017	3258
1097	POBLACIÓ PER EDAT (TRAMS 5 ANYS)	0101010100050014	POBLACIÓ PER EDAT (TRAMS 5 ANYS). 65-69 ANYS	2018	3333
1097	POBLACIÓ PER EDAT (TRAMS 5 ANYS)	0101010100050014	POBLACIÓ PER EDAT (TRAMS 5 ANYS). 65-69 ANYS	2019	3471
1097	POBLACIÓ PER EDAT (TRAMS 5 ANYS)	0101010100050014	POBLACIÓ PER EDAT (TRAMS 5 ANYS). 65-69 ANYS	2020	3605
1097	POBLACIÓ PER EDAT (TRAMS 5 ANYS)	0101010100050014	POBLACIÓ PER EDAT (TRAMS 5 ANYS). 65-69 ANYS	2021	3829
1097	POBLACIÓ PER EDAT (TRAMS 5 ANYS)	0101010100050014	POBLACIÓ PER EDAT (TRAMS 5 ANYS). 65-69 ANYS	2022	4022
1097	POBLACIÓ PER EDAT (TRAMS 5 ANYS)	0101010100050014	POBLACIÓ PER EDAT (TRAMS 5 ANYS). 65-69 ANYS	2023	4236
1097	POBLACIÓ PER EDAT (TRAMS 5 ANYS)	0101010100050014	POBLACIÓ PER EDAT (TRAMS 5 ANYS). 65-69 ANYS	2024	4446
1097	POBLACIÓ PER EDAT (TRAMS 5 ANYS)	0101010100050014	POBLACIÓ PER EDAT (TRAMS 5 ANYS). 65-69 ANYS	2025	4698
1097	POBLACIÓ PER EDAT (TRAMS 5 ANYS)	0101010100050015	POBLACIÓ PER EDAT (TRAMS 5 ANYS). 70-74 ANYS	2010	1673
1097	POBLACIÓ PER EDAT (TRAMS 5 ANYS)	0101010100050015	POBLACIÓ PER EDAT (TRAMS 5 ANYS). 70-74 ANYS	2011	1672
1097	POBLACIÓ PER EDAT (TRAMS 5 ANYS)	0101010100050015	POBLACIÓ PER EDAT (TRAMS 5 ANYS). 70-74 ANYS	2012	1738
1097	POBLACIÓ PER EDAT (TRAMS 5 ANYS)	0101010100050015	POBLACIÓ PER EDAT (TRAMS 5 ANYS). 70-74 ANYS	2013	1915
1097	POBLACIÓ PER EDAT (TRAMS 5 ANYS)	0101010100050015	POBLACIÓ PER EDAT (TRAMS 5 ANYS). 70-74 ANYS	2014	2112
1097	POBLACIÓ PER EDAT (TRAMS 5 ANYS)	0101010100050015	POBLACIÓ PER EDAT (TRAMS 5 ANYS). 70-74 ANYS	2015	2228
1097	POBLACIÓ PER EDAT (TRAMS 5 ANYS)	0101010100050015	POBLACIÓ PER EDAT (TRAMS 5 ANYS). 70-74 ANYS	2016	2390
1097	POBLACIÓ PER EDAT (TRAMS 5 ANYS)	0101010100050015	POBLACIÓ PER EDAT (TRAMS 5 ANYS). 70-74 ANYS	2017	2540
1097	POBLACIÓ PER EDAT (TRAMS 5 ANYS)	0101010100050015	POBLACIÓ PER EDAT (TRAMS 5 ANYS). 70-74 ANYS	2018	2668
1097	POBLACIÓ PER EDAT (TRAMS 5 ANYS)	0101010100050015	POBLACIÓ PER EDAT (TRAMS 5 ANYS). 70-74 ANYS	2019	2752
1097	POBLACIÓ PER EDAT (TRAMS 5 ANYS)	0101010100050015	POBLACIÓ PER EDAT (TRAMS 5 ANYS). 70-74 ANYS	2020	2844
1097	POBLACIÓ PER EDAT (TRAMS 5 ANYS)	0101010100050015	POBLACIÓ PER EDAT (TRAMS 5 ANYS). 70-74 ANYS	2021	2938
1097	POBLACIÓ PER EDAT (TRAMS 5 ANYS)	0101010100050015	POBLACIÓ PER EDAT (TRAMS 5 ANYS). 70-74 ANYS	2022	3023
1097	POBLACIÓ PER EDAT (TRAMS 5 ANYS)	0101010100050015	POBLACIÓ PER EDAT (TRAMS 5 ANYS). 70-74 ANYS	2023	3085
1097	POBLACIÓ PER EDAT (TRAMS 5 ANYS)	0101010100050015	POBLACIÓ PER EDAT (TRAMS 5 ANYS). 70-74 ANYS	2024	3205
1097	POBLACIÓ PER EDAT (TRAMS 5 ANYS)	0101010100050015	POBLACIÓ PER EDAT (TRAMS 5 ANYS). 70-74 ANYS	2025	3384
1097	POBLACIÓ PER EDAT (TRAMS 5 ANYS)	0101010100050016	POBLACIÓ PER EDAT (TRAMS 5 ANYS). 75-79 ANYS	2010	1386
1097	POBLACIÓ PER EDAT (TRAMS 5 ANYS)	0101010100050016	POBLACIÓ PER EDAT (TRAMS 5 ANYS). 75-79 ANYS	2011	1411
1097	POBLACIÓ PER EDAT (TRAMS 5 ANYS)	0101010100050016	POBLACIÓ PER EDAT (TRAMS 5 ANYS). 75-79 ANYS	2012	1413
1097	POBLACIÓ PER EDAT (TRAMS 5 ANYS)	0101010100050016	POBLACIÓ PER EDAT (TRAMS 5 ANYS). 75-79 ANYS	2013	1437
1097	POBLACIÓ PER EDAT (TRAMS 5 ANYS)	0101010100050016	POBLACIÓ PER EDAT (TRAMS 5 ANYS). 75-79 ANYS	2014	1417
1097	POBLACIÓ PER EDAT (TRAMS 5 ANYS)	0101010100050016	POBLACIÓ PER EDAT (TRAMS 5 ANYS). 75-79 ANYS	2015	1520
1097	POBLACIÓ PER EDAT (TRAMS 5 ANYS)	0101010100050016	POBLACIÓ PER EDAT (TRAMS 5 ANYS). 75-79 ANYS	2016	1546
1097	POBLACIÓ PER EDAT (TRAMS 5 ANYS)	0101010100050016	POBLACIÓ PER EDAT (TRAMS 5 ANYS). 75-79 ANYS	2017	1630
1097	POBLACIÓ PER EDAT (TRAMS 5 ANYS)	0101010100050016	POBLACIÓ PER EDAT (TRAMS 5 ANYS). 75-79 ANYS	2018	1785
1097	POBLACIÓ PER EDAT (TRAMS 5 ANYS)	0101010100050016	POBLACIÓ PER EDAT (TRAMS 5 ANYS). 75-79 ANYS	2019	1998
1097	POBLACIÓ PER EDAT (TRAMS 5 ANYS)	0101010100050016	POBLACIÓ PER EDAT (TRAMS 5 ANYS). 75-79 ANYS	2020	2052
1097	POBLACIÓ PER EDAT (TRAMS 5 ANYS)	0101010100050016	POBLACIÓ PER EDAT (TRAMS 5 ANYS). 75-79 ANYS	2021	2160
1097	POBLACIÓ PER EDAT (TRAMS 5 ANYS)	0101010100050016	POBLACIÓ PER EDAT (TRAMS 5 ANYS). 75-79 ANYS	2022	2316
1097	POBLACIÓ PER EDAT (TRAMS 5 ANYS)	0101010100050016	POBLACIÓ PER EDAT (TRAMS 5 ANYS). 75-79 ANYS	2023	2427
1097	POBLACIÓ PER EDAT (TRAMS 5 ANYS)	0101010100050016	POBLACIÓ PER EDAT (TRAMS 5 ANYS). 75-79 ANYS	2024	2497
1097	POBLACIÓ PER EDAT (TRAMS 5 ANYS)	0101010100050016	POBLACIÓ PER EDAT (TRAMS 5 ANYS). 75-79 ANYS	2025	2582
1097	POBLACIÓ PER EDAT (TRAMS 5 ANYS)	0101010100050017	POBLACIÓ PER EDAT (TRAMS 5 ANYS). 80-84 ANYS	2010	1125
1097	POBLACIÓ PER EDAT (TRAMS 5 ANYS)	0101010100050017	POBLACIÓ PER EDAT (TRAMS 5 ANYS). 80-84 ANYS	2011	1151
1097	POBLACIÓ PER EDAT (TRAMS 5 ANYS)	0101010100050017	POBLACIÓ PER EDAT (TRAMS 5 ANYS). 80-84 ANYS	2012	1159
1097	POBLACIÓ PER EDAT (TRAMS 5 ANYS)	0101010100050017	POBLACIÓ PER EDAT (TRAMS 5 ANYS). 80-84 ANYS	2013	1156
1097	POBLACIÓ PER EDAT (TRAMS 5 ANYS)	0101010100050017	POBLACIÓ PER EDAT (TRAMS 5 ANYS). 80-84 ANYS	2014	1169
1097	POBLACIÓ PER EDAT (TRAMS 5 ANYS)	0101010100050017	POBLACIÓ PER EDAT (TRAMS 5 ANYS). 80-84 ANYS	2015	1162
1097	POBLACIÓ PER EDAT (TRAMS 5 ANYS)	0101010100050017	POBLACIÓ PER EDAT (TRAMS 5 ANYS). 80-84 ANYS	2016	1217
1097	POBLACIÓ PER EDAT (TRAMS 5 ANYS)	0101010100050017	POBLACIÓ PER EDAT (TRAMS 5 ANYS). 80-84 ANYS	2017	1199
1097	POBLACIÓ PER EDAT (TRAMS 5 ANYS)	0101010100050017	POBLACIÓ PER EDAT (TRAMS 5 ANYS). 80-84 ANYS	2018	1190
1097	POBLACIÓ PER EDAT (TRAMS 5 ANYS)	0101010100050017	POBLACIÓ PER EDAT (TRAMS 5 ANYS). 80-84 ANYS	2019	1200
1097	POBLACIÓ PER EDAT (TRAMS 5 ANYS)	0101010100050017	POBLACIÓ PER EDAT (TRAMS 5 ANYS). 80-84 ANYS	2020	1303
1097	POBLACIÓ PER EDAT (TRAMS 5 ANYS)	0101010100050017	POBLACIÓ PER EDAT (TRAMS 5 ANYS). 80-84 ANYS	2021	1304
1097	POBLACIÓ PER EDAT (TRAMS 5 ANYS)	0101010100050017	POBLACIÓ PER EDAT (TRAMS 5 ANYS). 80-84 ANYS	2022	1355
1097	POBLACIÓ PER EDAT (TRAMS 5 ANYS)	0101010100050017	POBLACIÓ PER EDAT (TRAMS 5 ANYS). 80-84 ANYS	2023	1511
1097	POBLACIÓ PER EDAT (TRAMS 5 ANYS)	0101010100050017	POBLACIÓ PER EDAT (TRAMS 5 ANYS). 80-84 ANYS	2024	1681
1097	POBLACIÓ PER EDAT (TRAMS 5 ANYS)	0101010100050017	POBLACIÓ PER EDAT (TRAMS 5 ANYS). 80-84 ANYS	2025	1733
1097	POBLACIÓ PER EDAT (TRAMS 5 ANYS)	0101010100050018	POBLACIÓ PER EDAT (TRAMS 5 ANYS). 85 ANYS O MÉS	2010	941
1097	POBLACIÓ PER EDAT (TRAMS 5 ANYS)	0101010100050018	POBLACIÓ PER EDAT (TRAMS 5 ANYS). 85 ANYS O MÉS	2011	1001
1097	POBLACIÓ PER EDAT (TRAMS 5 ANYS)	0101010100050018	POBLACIÓ PER EDAT (TRAMS 5 ANYS). 85 ANYS O MÉS	2012	1095
1097	POBLACIÓ PER EDAT (TRAMS 5 ANYS)	0101010100050018	POBLACIÓ PER EDAT (TRAMS 5 ANYS). 85 ANYS O MÉS	2013	1152
1097	POBLACIÓ PER EDAT (TRAMS 5 ANYS)	0101010100050018	POBLACIÓ PER EDAT (TRAMS 5 ANYS). 85 ANYS O MÉS	2014	1230
1097	POBLACIÓ PER EDAT (TRAMS 5 ANYS)	0101010100050018	POBLACIÓ PER EDAT (TRAMS 5 ANYS). 85 ANYS O MÉS	2015	1329
1097	POBLACIÓ PER EDAT (TRAMS 5 ANYS)	0101010100050018	POBLACIÓ PER EDAT (TRAMS 5 ANYS). 85 ANYS O MÉS	2016	1364
1097	POBLACIÓ PER EDAT (TRAMS 5 ANYS)	0101010100050018	POBLACIÓ PER EDAT (TRAMS 5 ANYS). 85 ANYS O MÉS	2017	1359
1097	POBLACIÓ PER EDAT (TRAMS 5 ANYS)	0101010100050018	POBLACIÓ PER EDAT (TRAMS 5 ANYS). 85 ANYS O MÉS	2018	1370
1097	POBLACIÓ PER EDAT (TRAMS 5 ANYS)	0101010100050018	POBLACIÓ PER EDAT (TRAMS 5 ANYS). 85 ANYS O MÉS	2019	1399
1097	POBLACIÓ PER EDAT (TRAMS 5 ANYS)	0101010100050018	POBLACIÓ PER EDAT (TRAMS 5 ANYS). 85 ANYS O MÉS	2020	1432
1097	POBLACIÓ PER EDAT (TRAMS 5 ANYS)	0101010100050018	POBLACIÓ PER EDAT (TRAMS 5 ANYS). 85 ANYS O MÉS	2021	1497
1097	POBLACIÓ PER EDAT (TRAMS 5 ANYS)	0101010100050018	POBLACIÓ PER EDAT (TRAMS 5 ANYS). 85 ANYS O MÉS	2022	1583
1097	POBLACIÓ PER EDAT (TRAMS 5 ANYS)	0101010100050018	POBLACIÓ PER EDAT (TRAMS 5 ANYS). 85 ANYS O MÉS	2023	1584
1097	POBLACIÓ PER EDAT (TRAMS 5 ANYS)	0101010100050018	POBLACIÓ PER EDAT (TRAMS 5 ANYS). 85 ANYS O MÉS	2024	1601
1097	POBLACIÓ PER EDAT (TRAMS 5 ANYS)	0101010100050018	POBLACIÓ PER EDAT (TRAMS 5 ANYS). 85 ANYS O MÉS	2025	1708
1106	POBLACIÓ PER NACIONALITAT	0101010100070001	POBLACIÓ PER NACIONALITAT. ANDORRANA	2010	33702
1106	POBLACIÓ PER NACIONALITAT	0101010100070001	POBLACIÓ PER NACIONALITAT. ANDORRANA	2011	34349
1106	POBLACIÓ PER NACIONALITAT	0101010100070001	POBLACIÓ PER NACIONALITAT. ANDORRANA	2012	34205
1106	POBLACIÓ PER NACIONALITAT	0101010100070001	POBLACIÓ PER NACIONALITAT. ANDORRANA	2013	34789
1106	POBLACIÓ PER NACIONALITAT	0101010100070001	POBLACIÓ PER NACIONALITAT. ANDORRANA	2014	35424
1106	POBLACIÓ PER NACIONALITAT	0101010100070001	POBLACIÓ PER NACIONALITAT. ANDORRANA	2015	36132
1106	POBLACIÓ PER NACIONALITAT	0101010100070001	POBLACIÓ PER NACIONALITAT. ANDORRANA	2016	36575
1106	POBLACIÓ PER NACIONALITAT	0101010100070001	POBLACIÓ PER NACIONALITAT. ANDORRANA	2017	36697
1106	POBLACIÓ PER NACIONALITAT	0101010100070001	POBLACIÓ PER NACIONALITAT. ANDORRANA	2018	37144
1106	POBLACIÓ PER NACIONALITAT	0101010100070001	POBLACIÓ PER NACIONALITAT. ANDORRANA	2019	37749
1106	POBLACIÓ PER NACIONALITAT	0101010100070001	POBLACIÓ PER NACIONALITAT. ANDORRANA	2020	37999
1106	POBLACIÓ PER NACIONALITAT	0101010100070001	POBLACIÓ PER NACIONALITAT. ANDORRANA	2021	38429
1106	POBLACIÓ PER NACIONALITAT	0101010100070001	POBLACIÓ PER NACIONALITAT. ANDORRANA	2022	38867
1106	POBLACIÓ PER NACIONALITAT	0101010100070001	POBLACIÓ PER NACIONALITAT. ANDORRANA	2023	38977
1106	POBLACIÓ PER NACIONALITAT	0101010100070001	POBLACIÓ PER NACIONALITAT. ANDORRANA	2024	39470
1106	POBLACIÓ PER NACIONALITAT	0101010100070001	POBLACIÓ PER NACIONALITAT. ANDORRANA	2025	39815
1106	POBLACIÓ PER NACIONALITAT	0101010100070002	POBLACIÓ PER NACIONALITAT. ESPANYOLA	2010	17679
1106	POBLACIÓ PER NACIONALITAT	0101010100070002	POBLACIÓ PER NACIONALITAT. ESPANYOLA	2011	17215
1106	POBLACIÓ PER NACIONALITAT	0101010100070002	POBLACIÓ PER NACIONALITAT. ESPANYOLA	2012	17139
1106	POBLACIÓ PER NACIONALITAT	0101010100070002	POBLACIÓ PER NACIONALITAT. ESPANYOLA	2013	17165
1106	POBLACIÓ PER NACIONALITAT	0101010100070002	POBLACIÓ PER NACIONALITAT. ESPANYOLA	2014	17227
1106	POBLACIÓ PER NACIONALITAT	0101010100070002	POBLACIÓ PER NACIONALITAT. ESPANYOLA	2015	17512
1106	POBLACIÓ PER NACIONALITAT	0101010100070002	POBLACIÓ PER NACIONALITAT. ESPANYOLA	2016	18064
1106	POBLACIÓ PER NACIONALITAT	0101010100070002	POBLACIÓ PER NACIONALITAT. ESPANYOLA	2017	18737
1106	POBLACIÓ PER NACIONALITAT	0101010100070002	POBLACIÓ PER NACIONALITAT. ESPANYOLA	2018	19131
1106	POBLACIÓ PER NACIONALITAT	0101010100070002	POBLACIÓ PER NACIONALITAT. ESPANYOLA	2019	19231
1106	POBLACIÓ PER NACIONALITAT	0101010100070002	POBLACIÓ PER NACIONALITAT. ESPANYOLA	2020	19211
1106	POBLACIÓ PER NACIONALITAT	0101010100070002	POBLACIÓ PER NACIONALITAT. ESPANYOLA	2021	19716
1106	POBLACIÓ PER NACIONALITAT	0101010100070002	POBLACIÓ PER NACIONALITAT. ESPANYOLA	2022	20216
1106	POBLACIÓ PER NACIONALITAT	0101010100070002	POBLACIÓ PER NACIONALITAT. ESPANYOLA	2023	20451
1106	POBLACIÓ PER NACIONALITAT	0101010100070002	POBLACIÓ PER NACIONALITAT. ESPANYOLA	2024	20700
1106	POBLACIÓ PER NACIONALITAT	0101010100070002	POBLACIÓ PER NACIONALITAT. ESPANYOLA	2025	21013
1106	POBLACIÓ PER NACIONALITAT	0101010100070003	POBLACIÓ PER NACIONALITAT. FRANCESA	2010	2937
1106	POBLACIÓ PER NACIONALITAT	0101010100070003	POBLACIÓ PER NACIONALITAT. FRANCESA	2011	2788
1106	POBLACIÓ PER NACIONALITAT	0101010100070003	POBLACIÓ PER NACIONALITAT. FRANCESA	2012	2728
1106	POBLACIÓ PER NACIONALITAT	0101010100070003	POBLACIÓ PER NACIONALITAT. FRANCESA	2013	2675
1106	POBLACIÓ PER NACIONALITAT	0101010100070003	POBLACIÓ PER NACIONALITAT. FRANCESA	2014	2731
1106	POBLACIÓ PER NACIONALITAT	0101010100070003	POBLACIÓ PER NACIONALITAT. FRANCESA	2015	2834
1106	POBLACIÓ PER NACIONALITAT	0101010100070003	POBLACIÓ PER NACIONALITAT. FRANCESA	2016	2968
1106	POBLACIÓ PER NACIONALITAT	0101010100070003	POBLACIÓ PER NACIONALITAT. FRANCESA	2017	3199
1106	POBLACIÓ PER NACIONALITAT	0101010100070003	POBLACIÓ PER NACIONALITAT. FRANCESA	2018	3339
1106	POBLACIÓ PER NACIONALITAT	0101010100070003	POBLACIÓ PER NACIONALITAT. FRANCESA	2019	3391
1106	POBLACIÓ PER NACIONALITAT	0101010100070003	POBLACIÓ PER NACIONALITAT. FRANCESA	2020	3423
1106	POBLACIÓ PER NACIONALITAT	0101010100070003	POBLACIÓ PER NACIONALITAT. FRANCESA	2021	3549
1106	POBLACIÓ PER NACIONALITAT	0101010100070003	POBLACIÓ PER NACIONALITAT. FRANCESA	2022	3665
1106	POBLACIÓ PER NACIONALITAT	0101010100070003	POBLACIÓ PER NACIONALITAT. FRANCESA	2023	3845
1106	POBLACIÓ PER NACIONALITAT	0101010100070003	POBLACIÓ PER NACIONALITAT. FRANCESA	2024	3874
1106	POBLACIÓ PER NACIONALITAT	0101010100070003	POBLACIÓ PER NACIONALITAT. FRANCESA	2025	4113
1106	POBLACIÓ PER NACIONALITAT	0101010100070004	POBLACIÓ PER NACIONALITAT. PORTUGUESA	2010	10832
1106	POBLACIÓ PER NACIONALITAT	0101010100070004	POBLACIÓ PER NACIONALITAT. PORTUGUESA	2011	10284
1106	POBLACIÓ PER NACIONALITAT	0101010100070004	POBLACIÓ PER NACIONALITAT. PORTUGUESA	2012	9956
1106	POBLACIÓ PER NACIONALITAT	0101010100070004	POBLACIÓ PER NACIONALITAT. PORTUGUESA	2013	9614
1106	POBLACIÓ PER NACIONALITAT	0101010100070004	POBLACIÓ PER NACIONALITAT. PORTUGUESA	2014	9360
1106	POBLACIÓ PER NACIONALITAT	0101010100070004	POBLACIÓ PER NACIONALITAT. PORTUGUESA	2015	9261
1106	POBLACIÓ PER NACIONALITAT	0101010100070004	POBLACIÓ PER NACIONALITAT. PORTUGUESA	2016	9196
1106	POBLACIÓ PER NACIONALITAT	0101010100070004	POBLACIÓ PER NACIONALITAT. PORTUGUESA	2017	9193
1106	POBLACIÓ PER NACIONALITAT	0101010100070004	POBLACIÓ PER NACIONALITAT. PORTUGUESA	2018	9175
1106	POBLACIÓ PER NACIONALITAT	0101010100070004	POBLACIÓ PER NACIONALITAT. PORTUGUESA	2019	9212
1106	POBLACIÓ PER NACIONALITAT	0101010100070004	POBLACIÓ PER NACIONALITAT. PORTUGUESA	2020	9083
1106	POBLACIÓ PER NACIONALITAT	0101010100070004	POBLACIÓ PER NACIONALITAT. PORTUGUESA	2021	8885
1106	POBLACIÓ PER NACIONALITAT	0101010100070004	POBLACIÓ PER NACIONALITAT. PORTUGUESA	2022	8777
1106	POBLACIÓ PER NACIONALITAT	0101010100070004	POBLACIÓ PER NACIONALITAT. PORTUGUESA	2023	8679
1106	POBLACIÓ PER NACIONALITAT	0101010100070004	POBLACIÓ PER NACIONALITAT. PORTUGUESA	2024	8529
1106	POBLACIÓ PER NACIONALITAT	0101010100070004	POBLACIÓ PER NACIONALITAT. PORTUGUESA	2025	8428
1106	POBLACIÓ PER NACIONALITAT	0101010100070005	POBLACIÓ PER NACIONALITAT. BRITÀNICA	2010	662
1106	POBLACIÓ PER NACIONALITAT	0101010100070005	POBLACIÓ PER NACIONALITAT. BRITÀNICA	2011	657
1106	POBLACIÓ PER NACIONALITAT	0101010100070005	POBLACIÓ PER NACIONALITAT. BRITÀNICA	2012	698
1106	POBLACIÓ PER NACIONALITAT	0101010100070005	POBLACIÓ PER NACIONALITAT. BRITÀNICA	2013	720
1106	POBLACIÓ PER NACIONALITAT	0101010100070005	POBLACIÓ PER NACIONALITAT. BRITÀNICA	2014	706
1106	POBLACIÓ PER NACIONALITAT	0101010100070005	POBLACIÓ PER NACIONALITAT. BRITÀNICA	2015	700
1106	POBLACIÓ PER NACIONALITAT	0101010100070005	POBLACIÓ PER NACIONALITAT. BRITÀNICA	2016	690
1106	POBLACIÓ PER NACIONALITAT	0101010100070005	POBLACIÓ PER NACIONALITAT. BRITÀNICA	2017	690
1106	POBLACIÓ PER NACIONALITAT	0101010100070005	POBLACIÓ PER NACIONALITAT. BRITÀNICA	2018	702
1106	POBLACIÓ PER NACIONALITAT	0101010100070005	POBLACIÓ PER NACIONALITAT. BRITÀNICA	2019	712
1106	POBLACIÓ PER NACIONALITAT	0101010100070005	POBLACIÓ PER NACIONALITAT. BRITÀNICA	2020	709
1106	POBLACIÓ PER NACIONALITAT	0101010100070005	POBLACIÓ PER NACIONALITAT. BRITÀNICA	2021	752
1106	POBLACIÓ PER NACIONALITAT	0101010100070005	POBLACIÓ PER NACIONALITAT. BRITÀNICA	2022	776
1106	POBLACIÓ PER NACIONALITAT	0101010100070005	POBLACIÓ PER NACIONALITAT. BRITÀNICA	2023	794
1106	POBLACIÓ PER NACIONALITAT	0101010100070005	POBLACIÓ PER NACIONALITAT. BRITÀNICA	2024	821
1106	POBLACIÓ PER NACIONALITAT	0101010100070005	POBLACIÓ PER NACIONALITAT. BRITÀNICA	2025	863
1106	POBLACIÓ PER NACIONALITAT	0101010100070006	POBLACIÓ PER NACIONALITAT. ALEMANYA	2010	193
1106	POBLACIÓ PER NACIONALITAT	0101010100070006	POBLACIÓ PER NACIONALITAT. ALEMANYA	2011	184
1106	POBLACIÓ PER NACIONALITAT	0101010100070006	POBLACIÓ PER NACIONALITAT. ALEMANYA	2012	185
1106	POBLACIÓ PER NACIONALITAT	0101010100070006	POBLACIÓ PER NACIONALITAT. ALEMANYA	2013	201
1106	POBLACIÓ PER NACIONALITAT	0101010100070006	POBLACIÓ PER NACIONALITAT. ALEMANYA	2014	206
1106	POBLACIÓ PER NACIONALITAT	0101010100070006	POBLACIÓ PER NACIONALITAT. ALEMANYA	2015	208
1106	POBLACIÓ PER NACIONALITAT	0101010100070006	POBLACIÓ PER NACIONALITAT. ALEMANYA	2016	212
1106	POBLACIÓ PER NACIONALITAT	0101010100070006	POBLACIÓ PER NACIONALITAT. ALEMANYA	2017	215
1106	POBLACIÓ PER NACIONALITAT	0101010100070006	POBLACIÓ PER NACIONALITAT. ALEMANYA	2018	208
1106	POBLACIÓ PER NACIONALITAT	0101010100070006	POBLACIÓ PER NACIONALITAT. ALEMANYA	2019	209
1106	POBLACIÓ PER NACIONALITAT	0101010100070006	POBLACIÓ PER NACIONALITAT. ALEMANYA	2020	201
1106	POBLACIÓ PER NACIONALITAT	0101010100070006	POBLACIÓ PER NACIONALITAT. ALEMANYA	2021	212
1106	POBLACIÓ PER NACIONALITAT	0101010100070006	POBLACIÓ PER NACIONALITAT. ALEMANYA	2022	242
1106	POBLACIÓ PER NACIONALITAT	0101010100070006	POBLACIÓ PER NACIONALITAT. ALEMANYA	2023	255
1106	POBLACIÓ PER NACIONALITAT	0101010100070006	POBLACIÓ PER NACIONALITAT. ALEMANYA	2024	271
1106	POBLACIÓ PER NACIONALITAT	0101010100070006	POBLACIÓ PER NACIONALITAT. ALEMANYA	2025	283
1106	POBLACIÓ PER NACIONALITAT	0101010100070007	POBLACIÓ PER NACIONALITAT. ARGENTINA	2010	602
1106	POBLACIÓ PER NACIONALITAT	0101010100070007	POBLACIÓ PER NACIONALITAT. ARGENTINA	2011	572
1106	POBLACIÓ PER NACIONALITAT	0101010100070007	POBLACIÓ PER NACIONALITAT. ARGENTINA	2012	543
1106	POBLACIÓ PER NACIONALITAT	0101010100070007	POBLACIÓ PER NACIONALITAT. ARGENTINA	2013	527
1106	POBLACIÓ PER NACIONALITAT	0101010100070007	POBLACIÓ PER NACIONALITAT. ARGENTINA	2014	518
1106	POBLACIÓ PER NACIONALITAT	0101010100070007	POBLACIÓ PER NACIONALITAT. ARGENTINA	2015	533
1106	POBLACIÓ PER NACIONALITAT	0101010100070007	POBLACIÓ PER NACIONALITAT. ARGENTINA	2016	561
1106	POBLACIÓ PER NACIONALITAT	0101010100070007	POBLACIÓ PER NACIONALITAT. ARGENTINA	2017	642
1106	POBLACIÓ PER NACIONALITAT	0101010100070007	POBLACIÓ PER NACIONALITAT. ARGENTINA	2018	728
1106	POBLACIÓ PER NACIONALITAT	0101010100070007	POBLACIÓ PER NACIONALITAT. ARGENTINA	2019	900
1106	POBLACIÓ PER NACIONALITAT	0101010100070007	POBLACIÓ PER NACIONALITAT. ARGENTINA	2020	992
1106	POBLACIÓ PER NACIONALITAT	0101010100070007	POBLACIÓ PER NACIONALITAT. ARGENTINA	2021	1149
1106	POBLACIÓ PER NACIONALITAT	0101010100070007	POBLACIÓ PER NACIONALITAT. ARGENTINA	2022	1374
1106	POBLACIÓ PER NACIONALITAT	0101010100070007	POBLACIÓ PER NACIONALITAT. ARGENTINA	2023	2755
1106	POBLACIÓ PER NACIONALITAT	0101010100070007	POBLACIÓ PER NACIONALITAT. ARGENTINA	2024	3126
1106	POBLACIÓ PER NACIONALITAT	0101010100070007	POBLACIÓ PER NACIONALITAT. ARGENTINA	2025	3291
1106	POBLACIÓ PER NACIONALITAT	0101010100070008	POBLACIÓ PER NACIONALITAT. NORD-AMERICANA	2010	63
1106	POBLACIÓ PER NACIONALITAT	0101010100070008	POBLACIÓ PER NACIONALITAT. NORD-AMERICANA	2011	56
1106	POBLACIÓ PER NACIONALITAT	0101010100070008	POBLACIÓ PER NACIONALITAT. NORD-AMERICANA	2012	63
1106	POBLACIÓ PER NACIONALITAT	0101010100070008	POBLACIÓ PER NACIONALITAT. NORD-AMERICANA	2013	67
1106	POBLACIÓ PER NACIONALITAT	0101010100070008	POBLACIÓ PER NACIONALITAT. NORD-AMERICANA	2014	71
1106	POBLACIÓ PER NACIONALITAT	0101010100070008	POBLACIÓ PER NACIONALITAT. NORD-AMERICANA	2015	76
1106	POBLACIÓ PER NACIONALITAT	0101010100070008	POBLACIÓ PER NACIONALITAT. NORD-AMERICANA	2016	81
1106	POBLACIÓ PER NACIONALITAT	0101010100070008	POBLACIÓ PER NACIONALITAT. NORD-AMERICANA	2017	92
1106	POBLACIÓ PER NACIONALITAT	0101010100070008	POBLACIÓ PER NACIONALITAT. NORD-AMERICANA	2018	94
1106	POBLACIÓ PER NACIONALITAT	0101010100070008	POBLACIÓ PER NACIONALITAT. NORD-AMERICANA	2019	89
1106	POBLACIÓ PER NACIONALITAT	0101010100070008	POBLACIÓ PER NACIONALITAT. NORD-AMERICANA	2020	90
1106	POBLACIÓ PER NACIONALITAT	0101010100070008	POBLACIÓ PER NACIONALITAT. NORD-AMERICANA	2021	113
1106	POBLACIÓ PER NACIONALITAT	0101010100070008	POBLACIÓ PER NACIONALITAT. NORD-AMERICANA	2022	128
1106	POBLACIÓ PER NACIONALITAT	0101010100070008	POBLACIÓ PER NACIONALITAT. NORD-AMERICANA	2023	135
1106	POBLACIÓ PER NACIONALITAT	0101010100070008	POBLACIÓ PER NACIONALITAT. NORD-AMERICANA	2024	140
1106	POBLACIÓ PER NACIONALITAT	0101010100070008	POBLACIÓ PER NACIONALITAT. NORD-AMERICANA	2025	153
1106	POBLACIÓ PER NACIONALITAT	0101010100070009	POBLACIÓ PER NACIONALITAT. BELGA	2010	122
1106	POBLACIÓ PER NACIONALITAT	0101010100070009	POBLACIÓ PER NACIONALITAT. BELGA	2011	121
1106	POBLACIÓ PER NACIONALITAT	0101010100070009	POBLACIÓ PER NACIONALITAT. BELGA	2012	122
1106	POBLACIÓ PER NACIONALITAT	0101010100070009	POBLACIÓ PER NACIONALITAT. BELGA	2013	134
1106	POBLACIÓ PER NACIONALITAT	0101010100070009	POBLACIÓ PER NACIONALITAT. BELGA	2014	151
1106	POBLACIÓ PER NACIONALITAT	0101010100070009	POBLACIÓ PER NACIONALITAT. BELGA	2015	152
1106	POBLACIÓ PER NACIONALITAT	0101010100070009	POBLACIÓ PER NACIONALITAT. BELGA	2016	180
1106	POBLACIÓ PER NACIONALITAT	0101010100070009	POBLACIÓ PER NACIONALITAT. BELGA	2017	171
1106	POBLACIÓ PER NACIONALITAT	0101010100070009	POBLACIÓ PER NACIONALITAT. BELGA	2018	175
1106	POBLACIÓ PER NACIONALITAT	0101010100070009	POBLACIÓ PER NACIONALITAT. BELGA	2019	190
1106	POBLACIÓ PER NACIONALITAT	0101010100070009	POBLACIÓ PER NACIONALITAT. BELGA	2020	201
1106	POBLACIÓ PER NACIONALITAT	0101010100070009	POBLACIÓ PER NACIONALITAT. BELGA	2021	201
1106	POBLACIÓ PER NACIONALITAT	0101010100070009	POBLACIÓ PER NACIONALITAT. BELGA	2022	217
1106	POBLACIÓ PER NACIONALITAT	0101010100070009	POBLACIÓ PER NACIONALITAT. BELGA	2023	235
1106	POBLACIÓ PER NACIONALITAT	0101010100070009	POBLACIÓ PER NACIONALITAT. BELGA	2024	234
1106	POBLACIÓ PER NACIONALITAT	0101010100070009	POBLACIÓ PER NACIONALITAT. BELGA	2025	257
1106	POBLACIÓ PER NACIONALITAT	0101010100070010	POBLACIÓ PER NACIONALITAT. HOLANDESA	2010	151
1106	POBLACIÓ PER NACIONALITAT	0101010100070010	POBLACIÓ PER NACIONALITAT. HOLANDESA	2011	147
1106	POBLACIÓ PER NACIONALITAT	0101010100070010	POBLACIÓ PER NACIONALITAT. HOLANDESA	2012	159
1106	POBLACIÓ PER NACIONALITAT	0101010100070010	POBLACIÓ PER NACIONALITAT. HOLANDESA	2013	170
1106	POBLACIÓ PER NACIONALITAT	0101010100070010	POBLACIÓ PER NACIONALITAT. HOLANDESA	2014	184
1106	POBLACIÓ PER NACIONALITAT	0101010100070010	POBLACIÓ PER NACIONALITAT. HOLANDESA	2015	175
1106	POBLACIÓ PER NACIONALITAT	0101010100070010	POBLACIÓ PER NACIONALITAT. HOLANDESA	2016	177
1106	POBLACIÓ PER NACIONALITAT	0101010100070010	POBLACIÓ PER NACIONALITAT. HOLANDESA	2017	187
1106	POBLACIÓ PER NACIONALITAT	0101010100070010	POBLACIÓ PER NACIONALITAT. HOLANDESA	2018	185
1106	POBLACIÓ PER NACIONALITAT	0101010100070010	POBLACIÓ PER NACIONALITAT. HOLANDESA	2019	191
1106	POBLACIÓ PER NACIONALITAT	0101010100070010	POBLACIÓ PER NACIONALITAT. HOLANDESA	2020	183
1106	POBLACIÓ PER NACIONALITAT	0101010100070010	POBLACIÓ PER NACIONALITAT. HOLANDESA	2021	193
1106	POBLACIÓ PER NACIONALITAT	0101010100070010	POBLACIÓ PER NACIONALITAT. HOLANDESA	2022	211
1106	POBLACIÓ PER NACIONALITAT	0101010100070010	POBLACIÓ PER NACIONALITAT. HOLANDESA	2023	237
1106	POBLACIÓ PER NACIONALITAT	0101010100070010	POBLACIÓ PER NACIONALITAT. HOLANDESA	2024	242
1106	POBLACIÓ PER NACIONALITAT	0101010100070010	POBLACIÓ PER NACIONALITAT. HOLANDESA	2025	273
1106	POBLACIÓ PER NACIONALITAT	0101010100070011	POBLACIÓ PER NACIONALITAT. INDIA	2010	68
1106	POBLACIÓ PER NACIONALITAT	0101010100070011	POBLACIÓ PER NACIONALITAT. INDIA	2011	66
1106	POBLACIÓ PER NACIONALITAT	0101010100070011	POBLACIÓ PER NACIONALITAT. INDIA	2012	64
1106	POBLACIÓ PER NACIONALITAT	0101010100070011	POBLACIÓ PER NACIONALITAT. INDIA	2013	66
1106	POBLACIÓ PER NACIONALITAT	0101010100070011	POBLACIÓ PER NACIONALITAT. INDIA	2014	63
1106	POBLACIÓ PER NACIONALITAT	0101010100070011	POBLACIÓ PER NACIONALITAT. INDIA	2015	59
1106	POBLACIÓ PER NACIONALITAT	0101010100070011	POBLACIÓ PER NACIONALITAT. INDIA	2016	58
1106	POBLACIÓ PER NACIONALITAT	0101010100070011	POBLACIÓ PER NACIONALITAT. INDIA	2017	59
1106	POBLACIÓ PER NACIONALITAT	0101010100070011	POBLACIÓ PER NACIONALITAT. INDIA	2018	60
1106	POBLACIÓ PER NACIONALITAT	0101010100070011	POBLACIÓ PER NACIONALITAT. INDIA	2019	57
1106	POBLACIÓ PER NACIONALITAT	0101010100070011	POBLACIÓ PER NACIONALITAT. INDIA	2020	59
1106	POBLACIÓ PER NACIONALITAT	0101010100070011	POBLACIÓ PER NACIONALITAT. INDIA	2021	57
1106	POBLACIÓ PER NACIONALITAT	0101010100070011	POBLACIÓ PER NACIONALITAT. INDIA	2022	57
1106	POBLACIÓ PER NACIONALITAT	0101010100070011	POBLACIÓ PER NACIONALITAT. INDIA	2023	56
1106	POBLACIÓ PER NACIONALITAT	0101010100070011	POBLACIÓ PER NACIONALITAT. INDIA	2024	50
1106	POBLACIÓ PER NACIONALITAT	0101010100070011	POBLACIÓ PER NACIONALITAT. INDIA	2025	52
1106	POBLACIÓ PER NACIONALITAT	0101010100070012	POBLACIÓ PER NACIONALITAT. ITALIANA	2010	363
1106	POBLACIÓ PER NACIONALITAT	0101010100070012	POBLACIÓ PER NACIONALITAT. ITALIANA	2011	340
1106	POBLACIÓ PER NACIONALITAT	0101010100070012	POBLACIÓ PER NACIONALITAT. ITALIANA	2012	322
1106	POBLACIÓ PER NACIONALITAT	0101010100070012	POBLACIÓ PER NACIONALITAT. ITALIANA	2013	328
1106	POBLACIÓ PER NACIONALITAT	0101010100070012	POBLACIÓ PER NACIONALITAT. ITALIANA	2014	323
1106	POBLACIÓ PER NACIONALITAT	0101010100070012	POBLACIÓ PER NACIONALITAT. ITALIANA	2015	348
1106	POBLACIÓ PER NACIONALITAT	0101010100070012	POBLACIÓ PER NACIONALITAT. ITALIANA	2016	370
1106	POBLACIÓ PER NACIONALITAT	0101010100070012	POBLACIÓ PER NACIONALITAT. ITALIANA	2017	408
1106	POBLACIÓ PER NACIONALITAT	0101010100070012	POBLACIÓ PER NACIONALITAT. ITALIANA	2018	445
1106	POBLACIÓ PER NACIONALITAT	0101010100070012	POBLACIÓ PER NACIONALITAT. ITALIANA	2019	499
1106	POBLACIÓ PER NACIONALITAT	0101010100070012	POBLACIÓ PER NACIONALITAT. ITALIANA	2020	534
1106	POBLACIÓ PER NACIONALITAT	0101010100070012	POBLACIÓ PER NACIONALITAT. ITALIANA	2021	559
1106	POBLACIÓ PER NACIONALITAT	0101010100070012	POBLACIÓ PER NACIONALITAT. ITALIANA	2022	603
1106	POBLACIÓ PER NACIONALITAT	0101010100070012	POBLACIÓ PER NACIONALITAT. ITALIANA	2023	644
1106	POBLACIÓ PER NACIONALITAT	0101010100070012	POBLACIÓ PER NACIONALITAT. ITALIANA	2024	680
1106	POBLACIÓ PER NACIONALITAT	0101010100070012	POBLACIÓ PER NACIONALITAT. ITALIANA	2025	716
1106	POBLACIÓ PER NACIONALITAT	0101010100070013	POBLACIÓ PER NACIONALITAT. MARROQUINA	2010	394
1106	POBLACIÓ PER NACIONALITAT	0101010100070013	POBLACIÓ PER NACIONALITAT. MARROQUINA	2011	390
1106	POBLACIÓ PER NACIONALITAT	0101010100070013	POBLACIÓ PER NACIONALITAT. MARROQUINA	2012	394
1106	POBLACIÓ PER NACIONALITAT	0101010100070013	POBLACIÓ PER NACIONALITAT. MARROQUINA	2013	389
1106	POBLACIÓ PER NACIONALITAT	0101010100070013	POBLACIÓ PER NACIONALITAT. MARROQUINA	2014	389
1106	POBLACIÓ PER NACIONALITAT	0101010100070013	POBLACIÓ PER NACIONALITAT. MARROQUINA	2015	378
1106	POBLACIÓ PER NACIONALITAT	0101010100070013	POBLACIÓ PER NACIONALITAT. MARROQUINA	2016	374
1106	POBLACIÓ PER NACIONALITAT	0101010100070013	POBLACIÓ PER NACIONALITAT. MARROQUINA	2017	375
1106	POBLACIÓ PER NACIONALITAT	0101010100070013	POBLACIÓ PER NACIONALITAT. MARROQUINA	2018	383
1106	POBLACIÓ PER NACIONALITAT	0101010100070013	POBLACIÓ PER NACIONALITAT. MARROQUINA	2019	394
1106	POBLACIÓ PER NACIONALITAT	0101010100070013	POBLACIÓ PER NACIONALITAT. MARROQUINA	2020	403
1106	POBLACIÓ PER NACIONALITAT	0101010100070013	POBLACIÓ PER NACIONALITAT. MARROQUINA	2021	410
1106	POBLACIÓ PER NACIONALITAT	0101010100070013	POBLACIÓ PER NACIONALITAT. MARROQUINA	2022	420
1106	POBLACIÓ PER NACIONALITAT	0101010100070013	POBLACIÓ PER NACIONALITAT. MARROQUINA	2023	438
1106	POBLACIÓ PER NACIONALITAT	0101010100070013	POBLACIÓ PER NACIONALITAT. MARROQUINA	2024	450
1106	POBLACIÓ PER NACIONALITAT	0101010100070013	POBLACIÓ PER NACIONALITAT. MARROQUINA	2025	455
1106	POBLACIÓ PER NACIONALITAT	0101010100070014	POBLACIÓ PER NACIONALITAT. URUGUAYANA	2010	94
1106	POBLACIÓ PER NACIONALITAT	0101010100070014	POBLACIÓ PER NACIONALITAT. URUGUAYANA	2011	87
1106	POBLACIÓ PER NACIONALITAT	0101010100070014	POBLACIÓ PER NACIONALITAT. URUGUAYANA	2012	80
1106	POBLACIÓ PER NACIONALITAT	0101010100070014	POBLACIÓ PER NACIONALITAT. URUGUAYANA	2013	77
1106	POBLACIÓ PER NACIONALITAT	0101010100070014	POBLACIÓ PER NACIONALITAT. URUGUAYANA	2014	77
1106	POBLACIÓ PER NACIONALITAT	0101010100070014	POBLACIÓ PER NACIONALITAT. URUGUAYANA	2015	68
1106	POBLACIÓ PER NACIONALITAT	0101010100070014	POBLACIÓ PER NACIONALITAT. URUGUAYANA	2016	70
1106	POBLACIÓ PER NACIONALITAT	0101010100070014	POBLACIÓ PER NACIONALITAT. URUGUAYANA	2017	68
1106	POBLACIÓ PER NACIONALITAT	0101010100070014	POBLACIÓ PER NACIONALITAT. URUGUAYANA	2018	76
1106	POBLACIÓ PER NACIONALITAT	0101010100070014	POBLACIÓ PER NACIONALITAT. URUGUAYANA	2019	82
1106	POBLACIÓ PER NACIONALITAT	0101010100070014	POBLACIÓ PER NACIONALITAT. URUGUAYANA	2020	82
1106	POBLACIÓ PER NACIONALITAT	0101010100070014	POBLACIÓ PER NACIONALITAT. URUGUAYANA	2021	87
1106	POBLACIÓ PER NACIONALITAT	0101010100070014	POBLACIÓ PER NACIONALITAT. URUGUAYANA	2022	93
1106	POBLACIÓ PER NACIONALITAT	0101010100070014	POBLACIÓ PER NACIONALITAT. URUGUAYANA	2023	113
1106	POBLACIÓ PER NACIONALITAT	0101010100070014	POBLACIÓ PER NACIONALITAT. URUGUAYANA	2024	117
1106	POBLACIÓ PER NACIONALITAT	0101010100070014	POBLACIÓ PER NACIONALITAT. URUGUAYANA	2025	121
1106	POBLACIÓ PER NACIONALITAT	0101010100070015	POBLACIÓ PER NACIONALITAT. XILENA	2010	181
1106	POBLACIÓ PER NACIONALITAT	0101010100070015	POBLACIÓ PER NACIONALITAT. XILENA	2011	189
1106	POBLACIÓ PER NACIONALITAT	0101010100070015	POBLACIÓ PER NACIONALITAT. XILENA	2012	173
1106	POBLACIÓ PER NACIONALITAT	0101010100070015	POBLACIÓ PER NACIONALITAT. XILENA	2013	178
1106	POBLACIÓ PER NACIONALITAT	0101010100070015	POBLACIÓ PER NACIONALITAT. XILENA	2014	168
1106	POBLACIÓ PER NACIONALITAT	0101010100070015	POBLACIÓ PER NACIONALITAT. XILENA	2015	168
1106	POBLACIÓ PER NACIONALITAT	0101010100070015	POBLACIÓ PER NACIONALITAT. XILENA	2016	169
1106	POBLACIÓ PER NACIONALITAT	0101010100070015	POBLACIÓ PER NACIONALITAT. XILENA	2017	176
1106	POBLACIÓ PER NACIONALITAT	0101010100070015	POBLACIÓ PER NACIONALITAT. XILENA	2018	204
1106	POBLACIÓ PER NACIONALITAT	0101010100070015	POBLACIÓ PER NACIONALITAT. XILENA	2019	231
1106	POBLACIÓ PER NACIONALITAT	0101010100070015	POBLACIÓ PER NACIONALITAT. XILENA	2020	257
1106	POBLACIÓ PER NACIONALITAT	0101010100070015	POBLACIÓ PER NACIONALITAT. XILENA	2021	288
1106	POBLACIÓ PER NACIONALITAT	0101010100070015	POBLACIÓ PER NACIONALITAT. XILENA	2022	320
1106	POBLACIÓ PER NACIONALITAT	0101010100070015	POBLACIÓ PER NACIONALITAT. XILENA	2023	411
1106	POBLACIÓ PER NACIONALITAT	0101010100070015	POBLACIÓ PER NACIONALITAT. XILENA	2024	444
1106	POBLACIÓ PER NACIONALITAT	0101010100070015	POBLACIÓ PER NACIONALITAT. XILENA	2025	479
1106	POBLACIÓ PER NACIONALITAT	0101010100070016	POBLACIÓ PER NACIONALITAT. FILIPINA	2010	360
1106	POBLACIÓ PER NACIONALITAT	0101010100070016	POBLACIÓ PER NACIONALITAT. FILIPINA	2011	366
1106	POBLACIÓ PER NACIONALITAT	0101010100070016	POBLACIÓ PER NACIONALITAT. FILIPINA	2012	371
1106	POBLACIÓ PER NACIONALITAT	0101010100070016	POBLACIÓ PER NACIONALITAT. FILIPINA	2013	384
1106	POBLACIÓ PER NACIONALITAT	0101010100070016	POBLACIÓ PER NACIONALITAT. FILIPINA	2014	391
1106	POBLACIÓ PER NACIONALITAT	0101010100070016	POBLACIÓ PER NACIONALITAT. FILIPINA	2015	395
1106	POBLACIÓ PER NACIONALITAT	0101010100070016	POBLACIÓ PER NACIONALITAT. FILIPINA	2016	407
1106	POBLACIÓ PER NACIONALITAT	0101010100070016	POBLACIÓ PER NACIONALITAT. FILIPINA	2017	426
1106	POBLACIÓ PER NACIONALITAT	0101010100070016	POBLACIÓ PER NACIONALITAT. FILIPINA	2018	458
1106	POBLACIÓ PER NACIONALITAT	0101010100070016	POBLACIÓ PER NACIONALITAT. FILIPINA	2019	495
1106	POBLACIÓ PER NACIONALITAT	0101010100070016	POBLACIÓ PER NACIONALITAT. FILIPINA	2020	509
1106	POBLACIÓ PER NACIONALITAT	0101010100070016	POBLACIÓ PER NACIONALITAT. FILIPINA	2021	522
1106	POBLACIÓ PER NACIONALITAT	0101010100070016	POBLACIÓ PER NACIONALITAT. FILIPINA	2022	538
1106	POBLACIÓ PER NACIONALITAT	0101010100070016	POBLACIÓ PER NACIONALITAT. FILIPINA	2023	596
1106	POBLACIÓ PER NACIONALITAT	0101010100070016	POBLACIÓ PER NACIONALITAT. FILIPINA	2024	613
1106	POBLACIÓ PER NACIONALITAT	0101010100070016	POBLACIÓ PER NACIONALITAT. FILIPINA	2025	629
1106	POBLACIÓ PER NACIONALITAT	0101010100070017	POBLACIÓ PER NACIONALITAT. AUSTRALIANA	2010	33
1106	POBLACIÓ PER NACIONALITAT	0101010100070017	POBLACIÓ PER NACIONALITAT. AUSTRALIANA	2011	36
1106	POBLACIÓ PER NACIONALITAT	0101010100070017	POBLACIÓ PER NACIONALITAT. AUSTRALIANA	2012	37
1106	POBLACIÓ PER NACIONALITAT	0101010100070017	POBLACIÓ PER NACIONALITAT. AUSTRALIANA	2013	48
1106	POBLACIÓ PER NACIONALITAT	0101010100070017	POBLACIÓ PER NACIONALITAT. AUSTRALIANA	2014	48
1106	POBLACIÓ PER NACIONALITAT	0101010100070017	POBLACIÓ PER NACIONALITAT. AUSTRALIANA	2015	44
1106	POBLACIÓ PER NACIONALITAT	0101010100070017	POBLACIÓ PER NACIONALITAT. AUSTRALIANA	2016	64
1106	POBLACIÓ PER NACIONALITAT	0101010100070017	POBLACIÓ PER NACIONALITAT. AUSTRALIANA	2017	72
1106	POBLACIÓ PER NACIONALITAT	0101010100070017	POBLACIÓ PER NACIONALITAT. AUSTRALIANA	2018	64
1106	POBLACIÓ PER NACIONALITAT	0101010100070017	POBLACIÓ PER NACIONALITAT. AUSTRALIANA	2019	67
1106	POBLACIÓ PER NACIONALITAT	0101010100070017	POBLACIÓ PER NACIONALITAT. AUSTRALIANA	2020	63
1106	POBLACIÓ PER NACIONALITAT	0101010100070017	POBLACIÓ PER NACIONALITAT. AUSTRALIANA	2021	60
1106	POBLACIÓ PER NACIONALITAT	0101010100070017	POBLACIÓ PER NACIONALITAT. AUSTRALIANA	2022	70
1106	POBLACIÓ PER NACIONALITAT	0101010100070017	POBLACIÓ PER NACIONALITAT. AUSTRALIANA	2023	87
1106	POBLACIÓ PER NACIONALITAT	0101010100070017	POBLACIÓ PER NACIONALITAT. AUSTRALIANA	2024	93
1106	POBLACIÓ PER NACIONALITAT	0101010100070017	POBLACIÓ PER NACIONALITAT. AUSTRALIANA	2025	103
1106	POBLACIÓ PER NACIONALITAT	0101010100070018	POBLACIÓ PER NACIONALITAT. DANESA	2010	61
1106	POBLACIÓ PER NACIONALITAT	0101010100070018	POBLACIÓ PER NACIONALITAT. DANESA	2011	63
1106	POBLACIÓ PER NACIONALITAT	0101010100070018	POBLACIÓ PER NACIONALITAT. DANESA	2012	62
1106	POBLACIÓ PER NACIONALITAT	0101010100070018	POBLACIÓ PER NACIONALITAT. DANESA	2013	57
1106	POBLACIÓ PER NACIONALITAT	0101010100070018	POBLACIÓ PER NACIONALITAT. DANESA	2014	58
1106	POBLACIÓ PER NACIONALITAT	0101010100070018	POBLACIÓ PER NACIONALITAT. DANESA	2015	55
1106	POBLACIÓ PER NACIONALITAT	0101010100070018	POBLACIÓ PER NACIONALITAT. DANESA	2016	51
1106	POBLACIÓ PER NACIONALITAT	0101010100070018	POBLACIÓ PER NACIONALITAT. DANESA	2017	48
1106	POBLACIÓ PER NACIONALITAT	0101010100070018	POBLACIÓ PER NACIONALITAT. DANESA	2018	41
1106	POBLACIÓ PER NACIONALITAT	0101010100070018	POBLACIÓ PER NACIONALITAT. DANESA	2019	49
1106	POBLACIÓ PER NACIONALITAT	0101010100070018	POBLACIÓ PER NACIONALITAT. DANESA	2020	49
1106	POBLACIÓ PER NACIONALITAT	0101010100070018	POBLACIÓ PER NACIONALITAT. DANESA	2021	52
1106	POBLACIÓ PER NACIONALITAT	0101010100070018	POBLACIÓ PER NACIONALITAT. DANESA	2022	57
1106	POBLACIÓ PER NACIONALITAT	0101010100070018	POBLACIÓ PER NACIONALITAT. DANESA	2023	65
1106	POBLACIÓ PER NACIONALITAT	0101010100070018	POBLACIÓ PER NACIONALITAT. DANESA	2024	72
1106	POBLACIÓ PER NACIONALITAT	0101010100070018	POBLACIÓ PER NACIONALITAT. DANESA	2025	74
1106	POBLACIÓ PER NACIONALITAT	0101010100070019	POBLACIÓ PER NACIONALITAT. SUÏSSA	2010	45
1106	POBLACIÓ PER NACIONALITAT	0101010100070019	POBLACIÓ PER NACIONALITAT. SUÏSSA	2011	45
1106	POBLACIÓ PER NACIONALITAT	0101010100070019	POBLACIÓ PER NACIONALITAT. SUÏSSA	2012	47
1106	POBLACIÓ PER NACIONALITAT	0101010100070019	POBLACIÓ PER NACIONALITAT. SUÏSSA	2013	50
1106	POBLACIÓ PER NACIONALITAT	0101010100070019	POBLACIÓ PER NACIONALITAT. SUÏSSA	2014	52
1106	POBLACIÓ PER NACIONALITAT	0101010100070019	POBLACIÓ PER NACIONALITAT. SUÏSSA	2015	49
1106	POBLACIÓ PER NACIONALITAT	0101010100070019	POBLACIÓ PER NACIONALITAT. SUÏSSA	2016	61
1106	POBLACIÓ PER NACIONALITAT	0101010100070019	POBLACIÓ PER NACIONALITAT. SUÏSSA	2017	66
1106	POBLACIÓ PER NACIONALITAT	0101010100070019	POBLACIÓ PER NACIONALITAT. SUÏSSA	2018	75
1106	POBLACIÓ PER NACIONALITAT	0101010100070019	POBLACIÓ PER NACIONALITAT. SUÏSSA	2019	71
1106	POBLACIÓ PER NACIONALITAT	0101010100070019	POBLACIÓ PER NACIONALITAT. SUÏSSA	2020	65
1106	POBLACIÓ PER NACIONALITAT	0101010100070019	POBLACIÓ PER NACIONALITAT. SUÏSSA	2021	70
1106	POBLACIÓ PER NACIONALITAT	0101010100070019	POBLACIÓ PER NACIONALITAT. SUÏSSA	2022	81
1106	POBLACIÓ PER NACIONALITAT	0101010100070019	POBLACIÓ PER NACIONALITAT. SUÏSSA	2023	79
1106	POBLACIÓ PER NACIONALITAT	0101010100070019	POBLACIÓ PER NACIONALITAT. SUÏSSA	2024	85
1106	POBLACIÓ PER NACIONALITAT	0101010100070019	POBLACIÓ PER NACIONALITAT. SUÏSSA	2025	84
1106	POBLACIÓ PER NACIONALITAT	0101010100070020	POBLACIÓ PER NACIONALITAT. SUECA	2010	33
1106	POBLACIÓ PER NACIONALITAT	0101010100070020	POBLACIÓ PER NACIONALITAT. SUECA	2011	30
1106	POBLACIÓ PER NACIONALITAT	0101010100070020	POBLACIÓ PER NACIONALITAT. SUECA	2012	34
1106	POBLACIÓ PER NACIONALITAT	0101010100070020	POBLACIÓ PER NACIONALITAT. SUECA	2013	33
1106	POBLACIÓ PER NACIONALITAT	0101010100070020	POBLACIÓ PER NACIONALITAT. SUECA	2014	38
1106	POBLACIÓ PER NACIONALITAT	0101010100070020	POBLACIÓ PER NACIONALITAT. SUECA	2015	40
1106	POBLACIÓ PER NACIONALITAT	0101010100070020	POBLACIÓ PER NACIONALITAT. SUECA	2016	42
1106	POBLACIÓ PER NACIONALITAT	0101010100070020	POBLACIÓ PER NACIONALITAT. SUECA	2017	44
1106	POBLACIÓ PER NACIONALITAT	0101010100070020	POBLACIÓ PER NACIONALITAT. SUECA	2018	53
1106	POBLACIÓ PER NACIONALITAT	0101010100070020	POBLACIÓ PER NACIONALITAT. SUECA	2019	57
1106	POBLACIÓ PER NACIONALITAT	0101010100070020	POBLACIÓ PER NACIONALITAT. SUECA	2020	58
1106	POBLACIÓ PER NACIONALITAT	0101010100070020	POBLACIÓ PER NACIONALITAT. SUECA	2021	58
1106	POBLACIÓ PER NACIONALITAT	0101010100070020	POBLACIÓ PER NACIONALITAT. SUECA	2022	73
1106	POBLACIÓ PER NACIONALITAT	0101010100070020	POBLACIÓ PER NACIONALITAT. SUECA	2023	73
1106	POBLACIÓ PER NACIONALITAT	0101010100070020	POBLACIÓ PER NACIONALITAT. SUECA	2024	78
1106	POBLACIÓ PER NACIONALITAT	0101010100070020	POBLACIÓ PER NACIONALITAT. SUECA	2025	89
1106	POBLACIÓ PER NACIONALITAT	0101010100070021	POBLACIÓ PER NACIONALITAT. ALTRES NACIONALITATS	2010	1715
1106	POBLACIÓ PER NACIONALITAT	0101010100070021	POBLACIÓ PER NACIONALITAT. ALTRES NACIONALITATS	2011	1787
1106	POBLACIÓ PER NACIONALITAT	0101010100070021	POBLACIÓ PER NACIONALITAT. ALTRES NACIONALITATS	2012	2376
1106	POBLACIÓ PER NACIONALITAT	0101010100070021	POBLACIÓ PER NACIONALITAT. ALTRES NACIONALITATS	2013	2294
1106	POBLACIÓ PER NACIONALITAT	0101010100070021	POBLACIÓ PER NACIONALITAT. ALTRES NACIONALITATS	2014	2385
1106	POBLACIÓ PER NACIONALITAT	0101010100070021	POBLACIÓ PER NACIONALITAT. ALTRES NACIONALITATS	2015	2545
1106	POBLACIÓ PER NACIONALITAT	0101010100070021	POBLACIÓ PER NACIONALITAT. ALTRES NACIONALITATS	2016	2735
1106	POBLACIÓ PER NACIONALITAT	0101010100070021	POBLACIÓ PER NACIONALITAT. ALTRES NACIONALITATS	2017	3229
1106	POBLACIÓ PER NACIONALITAT	0101010100070021	POBLACIÓ PER NACIONALITAT. ALTRES NACIONALITATS	2018	3437
1106	POBLACIÓ PER NACIONALITAT	0101010100070021	POBLACIÓ PER NACIONALITAT. ALTRES NACIONALITATS	2019	3667
1106	POBLACIÓ PER NACIONALITAT	0101010100070021	POBLACIÓ PER NACIONALITAT. ALTRES NACIONALITATS	2020	3844
1106	POBLACIÓ PER NACIONALITAT	0101010100070021	POBLACIÓ PER NACIONALITAT. ALTRES NACIONALITATS	2021	4173
1106	POBLACIÓ PER NACIONALITAT	0101010100070021	POBLACIÓ PER NACIONALITAT. ALTRES NACIONALITATS	2022	4803
1106	POBLACIÓ PER NACIONALITAT	0101010100070021	POBLACIÓ PER NACIONALITAT. ALTRES NACIONALITATS	2023	6176
1106	POBLACIÓ PER NACIONALITAT	0101010100070021	POBLACIÓ PER NACIONALITAT. ALTRES NACIONALITATS	2024	7008
1106	POBLACIÓ PER NACIONALITAT	0101010100070021	POBLACIÓ PER NACIONALITAT. ALTRES NACIONALITATS	2025	7767
1136	Població per lloc de naixement	0101010100080001	Població per lloc de naixement. Andorra	2010	23043
1136	Població per lloc de naixement	0101010100080001	Població per lloc de naixement. Andorra	2011	23498
1136	Població per lloc de naixement	0101010100080001	Població per lloc de naixement. Andorra	2012	23919
1136	Població per lloc de naixement	0101010100080001	Població per lloc de naixement. Andorra	2013	24244
1136	Població per lloc de naixement	0101010100080001	Població per lloc de naixement. Andorra	2014	24671
1136	Població per lloc de naixement	0101010100080001	Població per lloc de naixement. Andorra	2015	25119
1136	Població per lloc de naixement	0101010100080001	Població per lloc de naixement. Andorra	2016	25433
1136	Població per lloc de naixement	0101010100080001	Població per lloc de naixement. Andorra	2017	25751
1136	Població per lloc de naixement	0101010100080001	Població per lloc de naixement. Andorra	2018	25988
1136	Població per lloc de naixement	0101010100080001	Població per lloc de naixement. Andorra	2019	26361
1136	Població per lloc de naixement	0101010100080001	Població per lloc de naixement. Andorra	2020	26665
1136	Població per lloc de naixement	0101010100080001	Població per lloc de naixement. Andorra	2021	26911
1136	Població per lloc de naixement	0101010100080001	Població per lloc de naixement. Andorra	2022	27163
1136	Població per lloc de naixement	0101010100080001	Població per lloc de naixement. Andorra	2023	27299
1136	Població per lloc de naixement	0101010100080001	Població per lloc de naixement. Andorra	2024	27590
1136	Població per lloc de naixement	0101010100080001	Població per lloc de naixement. Andorra	2025	27767
1136	Població per lloc de naixement	0101010100080002	Població per lloc de naixement. Espanya	2010	26020
1136	Població per lloc de naixement	0101010100080002	Població per lloc de naixement. Espanya	2011	25703
1136	Població per lloc de naixement	0101010100080002	Població per lloc de naixement. Espanya	2012	25601
1136	Població per lloc de naixement	0101010100080002	Població per lloc de naixement. Espanya	2013	25711
1136	Població per lloc de naixement	0101010100080002	Població per lloc de naixement. Espanya	2014	25853
1136	Població per lloc de naixement	0101010100080002	Població per lloc de naixement. Espanya	2015	26288
1136	Població per lloc de naixement	0101010100080002	Població per lloc de naixement. Espanya	2016	26834
1136	Població per lloc de naixement	0101010100080002	Població per lloc de naixement. Espanya	2017	27401
1136	Població per lloc de naixement	0101010100080002	Població per lloc de naixement. Espanya	2018	27783
1136	Població per lloc de naixement	0101010100080002	Població per lloc de naixement. Espanya	2019	27980
1136	Població per lloc de naixement	0101010100080002	Població per lloc de naixement. Espanya	2020	27927
1136	Població per lloc de naixement	0101010100080002	Població per lloc de naixement. Espanya	2021	28452
1136	Població per lloc de naixement	0101010100080002	Població per lloc de naixement. Espanya	2022	28965
1136	Població per lloc de naixement	0101010100080002	Població per lloc de naixement. Espanya	2023	29191
1136	Població per lloc de naixement	0101010100080002	Població per lloc de naixement. Espanya	2024	29508
1136	Població per lloc de naixement	0101010100080002	Població per lloc de naixement. Espanya	2025	29794
1136	Població per lloc de naixement	0101010100080003	Població per lloc de naixement. Portugal	2010	10547
1136	Població per lloc de naixement	0101010100080003	Població per lloc de naixement. Portugal	2011	10024
1136	Població per lloc de naixement	0101010100080003	Població per lloc de naixement. Portugal	2012	9669
1136	Població per lloc de naixement	0101010100080003	Població per lloc de naixement. Portugal	2013	9310
1136	Població per lloc de naixement	0101010100080003	Població per lloc de naixement. Portugal	2014	9097
1136	Població per lloc de naixement	0101010100080003	Població per lloc de naixement. Portugal	2015	9008
1136	Població per lloc de naixement	0101010100080003	Població per lloc de naixement. Portugal	2016	8954
1136	Població per lloc de naixement	0101010100080003	Població per lloc de naixement. Portugal	2017	8949
1136	Població per lloc de naixement	0101010100080003	Població per lloc de naixement. Portugal	2018	8941
1136	Població per lloc de naixement	0101010100080003	Població per lloc de naixement. Portugal	2019	8988
1136	Població per lloc de naixement	0101010100080003	Població per lloc de naixement. Portugal	2020	8853
1136	Població per lloc de naixement	0101010100080003	Població per lloc de naixement. Portugal	2021	8693
1136	Població per lloc de naixement	0101010100080003	Població per lloc de naixement. Portugal	2022	8599
1136	Població per lloc de naixement	0101010100080003	Població per lloc de naixement. Portugal	2023	8476
1136	Població per lloc de naixement	0101010100080003	Població per lloc de naixement. Portugal	2024	8344
1136	Població per lloc de naixement	0101010100080003	Població per lloc de naixement. Portugal	2025	8238
1136	Població per lloc de naixement	0101010100080004	Població per lloc de naixement. França	2010	3993
1136	Població per lloc de naixement	0101010100080004	Població per lloc de naixement. França	2011	3842
1136	Població per lloc de naixement	0101010100080004	Població per lloc de naixement. França	2012	3761
1136	Població per lloc de naixement	0101010100080004	Població per lloc de naixement. França	2013	3710
1136	Població per lloc de naixement	0101010100080004	Població per lloc de naixement. França	2014	3768
1136	Població per lloc de naixement	0101010100080004	Població per lloc de naixement. França	2015	3867
1136	Població per lloc de naixement	0101010100080004	Població per lloc de naixement. França	2016	4005
1136	Població per lloc de naixement	0101010100080004	Població per lloc de naixement. França	2017	4216
1136	Població per lloc de naixement	0101010100080004	Població per lloc de naixement. França	2018	4322
1136	Població per lloc de naixement	0101010100080004	Població per lloc de naixement. França	2019	4387
1136	Població per lloc de naixement	0101010100080004	Població per lloc de naixement. França	2020	4397
1136	Població per lloc de naixement	0101010100080004	Població per lloc de naixement. França	2021	4536
1136	Població per lloc de naixement	0101010100080004	Població per lloc de naixement. França	2022	4623
1136	Població per lloc de naixement	0101010100080004	Població per lloc de naixement. França	2023	4796
1136	Població per lloc de naixement	0101010100080004	Població per lloc de naixement. França	2024	4804
1136	Població per lloc de naixement	0101010100080004	Població per lloc de naixement. França	2025	5043
1136	Població per lloc de naixement	0101010100080005	Població per lloc de naixement. Altres	2010	6687
1136	Població per lloc de naixement	0101010100080005	Població per lloc de naixement. Altres	2011	6705
1136	Població per lloc de naixement	0101010100080005	Població per lloc de naixement. Altres	2012	6808
1136	Població per lloc de naixement	0101010100080005	Població per lloc de naixement. Altres	2013	6991
1136	Població per lloc de naixement	0101010100080005	Població per lloc de naixement. Altres	2014	7181
1136	Població per lloc de naixement	0101010100080005	Població per lloc de naixement. Altres	2015	7450
1136	Població per lloc de naixement	0101010100080005	Població per lloc de naixement. Altres	2016	7879
1136	Població per lloc de naixement	0101010100080005	Població per lloc de naixement. Altres	2017	8477
1136	Població per lloc de naixement	0101010100080005	Població per lloc de naixement. Altres	2018	9143
1136	Població per lloc de naixement	0101010100080005	Població per lloc de naixement. Altres	2019	9827
1136	Població per lloc de naixement	0101010100080005	Població per lloc de naixement. Altres	2020	10173
1136	Població per lloc de naixement	0101010100080005	Població per lloc de naixement. Altres	2021	10943
1136	Població per lloc de naixement	0101010100080005	Població per lloc de naixement. Altres	2022	12238
1136	Població per lloc de naixement	0101010100080005	Població per lloc de naixement. Altres	2023	15339
1136	Població per lloc de naixement	0101010100080005	Població per lloc de naixement. Altres	2024	16851
1136	Població per lloc de naixement	0101010100080005	Població per lloc de naixement. Altres	2025	18216
1136	Població per lloc de naixement	0101010100080006	Població per lloc de naixement. Total	2010	70290
1136	Població per lloc de naixement	0101010100080006	Població per lloc de naixement. Total	2011	69772
1136	Població per lloc de naixement	0101010100080006	Població per lloc de naixement. Total	2012	69758
1136	Població per lloc de naixement	0101010100080006	Població per lloc de naixement. Total	2013	69966
1136	Població per lloc de naixement	0101010100080006	Població per lloc de naixement. Total	2014	70570
1136	Població per lloc de naixement	0101010100080006	Població per lloc de naixement. Total	2015	71732
1136	Població per lloc de naixement	0101010100080006	Població per lloc de naixement. Total	2016	73105
1136	Població per lloc de naixement	0101010100080006	Població per lloc de naixement. Total	2017	74794
1136	Població per lloc de naixement	0101010100080006	Població per lloc de naixement. Total	2018	76177
1136	Població per lloc de naixement	0101010100080006	Població per lloc de naixement. Total	2019	77543
1136	Població per lloc de naixement	0101010100080006	Població per lloc de naixement. Total	2020	78015
1136	Població per lloc de naixement	0101010100080006	Població per lloc de naixement. Total	2021	79535
1136	Població per lloc de naixement	0101010100080006	Població per lloc de naixement. Total	2022	81588
1136	Població per lloc de naixement	0101010100080006	Població per lloc de naixement. Total	2023	85101
1136	Població per lloc de naixement	0101010100080006	Població per lloc de naixement. Total	2024	87097
1136	Població per lloc de naixement	0101010100080006	Població per lloc de naixement. Total	2025	89058
1093	POBLACIÓ PER PARRÒQUIA I SEXE	0101010100090001	POBLACIÓ PER PARRÒQUIA I SEXE. CANILLO. HOME	2010	1643
1093	POBLACIÓ PER PARRÒQUIA I SEXE	0101010100090001	POBLACIÓ PER PARRÒQUIA I SEXE. CANILLO. HOME	2011	1625
1093	POBLACIÓ PER PARRÒQUIA I SEXE	0101010100090001	POBLACIÓ PER PARRÒQUIA I SEXE. CANILLO. HOME	2012	1659
1093	POBLACIÓ PER PARRÒQUIA I SEXE	0101010100090001	POBLACIÓ PER PARRÒQUIA I SEXE. CANILLO. HOME	2013	1661
1093	POBLACIÓ PER PARRÒQUIA I SEXE	0101010100090001	POBLACIÓ PER PARRÒQUIA I SEXE. CANILLO. HOME	2014	1724
1093	POBLACIÓ PER PARRÒQUIA I SEXE	0101010100090001	POBLACIÓ PER PARRÒQUIA I SEXE. CANILLO. HOME	2015	1767
1093	POBLACIÓ PER PARRÒQUIA I SEXE	0101010100090001	POBLACIÓ PER PARRÒQUIA I SEXE. CANILLO. HOME	2016	1957
1093	POBLACIÓ PER PARRÒQUIA I SEXE	0101010100090001	POBLACIÓ PER PARRÒQUIA I SEXE. CANILLO. HOME	2017	2105
1093	POBLACIÓ PER PARRÒQUIA I SEXE	0101010100090001	POBLACIÓ PER PARRÒQUIA I SEXE. CANILLO. HOME	2018	2208
1093	POBLACIÓ PER PARRÒQUIA I SEXE	0101010100090001	POBLACIÓ PER PARRÒQUIA I SEXE. CANILLO. HOME	2019	2337
1093	POBLACIÓ PER PARRÒQUIA I SEXE	0101010100090001	POBLACIÓ PER PARRÒQUIA I SEXE. CANILLO. HOME	2020	2379
1093	POBLACIÓ PER PARRÒQUIA I SEXE	0101010100090001	POBLACIÓ PER PARRÒQUIA I SEXE. CANILLO. HOME	2021	2600
1093	POBLACIÓ PER PARRÒQUIA I SEXE	0101010100090001	POBLACIÓ PER PARRÒQUIA I SEXE. CANILLO. HOME	2022	2834
1093	POBLACIÓ PER PARRÒQUIA I SEXE	0101010100090001	POBLACIÓ PER PARRÒQUIA I SEXE. CANILLO. HOME	2023	3194
1093	POBLACIÓ PER PARRÒQUIA I SEXE	0101010100090001	POBLACIÓ PER PARRÒQUIA I SEXE. CANILLO. HOME	2024	3344
1093	POBLACIÓ PER PARRÒQUIA I SEXE	0101010100090001	POBLACIÓ PER PARRÒQUIA I SEXE. CANILLO. HOME	2025	3614
1093	POBLACIÓ PER PARRÒQUIA I SEXE	0101010100090002	POBLACIÓ PER PARRÒQUIA I SEXE. CANILLO. DONA	2010	1523
1093	POBLACIÓ PER PARRÒQUIA I SEXE	0101010100090002	POBLACIÓ PER PARRÒQUIA I SEXE. CANILLO. DONA	2011	1515
1093	POBLACIÓ PER PARRÒQUIA I SEXE	0101010100090002	POBLACIÓ PER PARRÒQUIA I SEXE. CANILLO. DONA	2012	1545
1093	POBLACIÓ PER PARRÒQUIA I SEXE	0101010100090002	POBLACIÓ PER PARRÒQUIA I SEXE. CANILLO. DONA	2013	1519
1093	POBLACIÓ PER PARRÒQUIA I SEXE	0101010100090002	POBLACIÓ PER PARRÒQUIA I SEXE. CANILLO. DONA	2014	1553
1093	POBLACIÓ PER PARRÒQUIA I SEXE	0101010100090002	POBLACIÓ PER PARRÒQUIA I SEXE. CANILLO. DONA	2015	1601
1093	POBLACIÓ PER PARRÒQUIA I SEXE	0101010100090002	POBLACIÓ PER PARRÒQUIA I SEXE. CANILLO. DONA	2016	1713
1093	POBLACIÓ PER PARRÒQUIA I SEXE	0101010100090002	POBLACIÓ PER PARRÒQUIA I SEXE. CANILLO. DONA	2017	1823
1093	POBLACIÓ PER PARRÒQUIA I SEXE	0101010100090002	POBLACIÓ PER PARRÒQUIA I SEXE. CANILLO. DONA	2018	1895
1093	POBLACIÓ PER PARRÒQUIA I SEXE	0101010100090002	POBLACIÓ PER PARRÒQUIA I SEXE. CANILLO. DONA	2019	1988
1093	POBLACIÓ PER PARRÒQUIA I SEXE	0101010100090002	POBLACIÓ PER PARRÒQUIA I SEXE. CANILLO. DONA	2020	2043
1093	POBLACIÓ PER PARRÒQUIA I SEXE	0101010100090002	POBLACIÓ PER PARRÒQUIA I SEXE. CANILLO. DONA	2021	2173
1093	POBLACIÓ PER PARRÒQUIA I SEXE	0101010100090002	POBLACIÓ PER PARRÒQUIA I SEXE. CANILLO. DONA	2022	2326
1093	POBLACIÓ PER PARRÒQUIA I SEXE	0101010100090002	POBLACIÓ PER PARRÒQUIA I SEXE. CANILLO. DONA	2023	2587
1093	POBLACIÓ PER PARRÒQUIA I SEXE	0101010100090002	POBLACIÓ PER PARRÒQUIA I SEXE. CANILLO. DONA	2024	2674
1093	POBLACIÓ PER PARRÒQUIA I SEXE	0101010100090002	POBLACIÓ PER PARRÒQUIA I SEXE. CANILLO. DONA	2025	2843
1093	POBLACIÓ PER PARRÒQUIA I SEXE	0101010100090003	POBLACIÓ PER PARRÒQUIA I SEXE. ENCAMP. HOME	2010	5901
1093	POBLACIÓ PER PARRÒQUIA I SEXE	0101010100090003	POBLACIÓ PER PARRÒQUIA I SEXE. ENCAMP. HOME	2011	5735
1093	POBLACIÓ PER PARRÒQUIA I SEXE	0101010100090003	POBLACIÓ PER PARRÒQUIA I SEXE. ENCAMP. HOME	2012	5627
1093	POBLACIÓ PER PARRÒQUIA I SEXE	0101010100090003	POBLACIÓ PER PARRÒQUIA I SEXE. ENCAMP. HOME	2013	5467
1093	POBLACIÓ PER PARRÒQUIA I SEXE	0101010100090003	POBLACIÓ PER PARRÒQUIA I SEXE. ENCAMP. HOME	2014	5491
1093	POBLACIÓ PER PARRÒQUIA I SEXE	0101010100090003	POBLACIÓ PER PARRÒQUIA I SEXE. ENCAMP. HOME	2015	5618
1093	POBLACIÓ PER PARRÒQUIA I SEXE	0101010100090003	POBLACIÓ PER PARRÒQUIA I SEXE. ENCAMP. HOME	2016	5686
1093	POBLACIÓ PER PARRÒQUIA I SEXE	0101010100090003	POBLACIÓ PER PARRÒQUIA I SEXE. ENCAMP. HOME	2017	5870
1093	POBLACIÓ PER PARRÒQUIA I SEXE	0101010100090003	POBLACIÓ PER PARRÒQUIA I SEXE. ENCAMP. HOME	2018	5998
1093	POBLACIÓ PER PARRÒQUIA I SEXE	0101010100090003	POBLACIÓ PER PARRÒQUIA I SEXE. ENCAMP. HOME	2019	6079
1093	POBLACIÓ PER PARRÒQUIA I SEXE	0101010100090003	POBLACIÓ PER PARRÒQUIA I SEXE. ENCAMP. HOME	2020	6112
1093	POBLACIÓ PER PARRÒQUIA I SEXE	0101010100090003	POBLACIÓ PER PARRÒQUIA I SEXE. ENCAMP. HOME	2021	6175
1093	POBLACIÓ PER PARRÒQUIA I SEXE	0101010100090003	POBLACIÓ PER PARRÒQUIA I SEXE. ENCAMP. HOME	2022	6393
1093	POBLACIÓ PER PARRÒQUIA I SEXE	0101010100090003	POBLACIÓ PER PARRÒQUIA I SEXE. ENCAMP. HOME	2023	6741
1093	POBLACIÓ PER PARRÒQUIA I SEXE	0101010100090003	POBLACIÓ PER PARRÒQUIA I SEXE. ENCAMP. HOME	2024	7005
1093	POBLACIÓ PER PARRÒQUIA I SEXE	0101010100090003	POBLACIÓ PER PARRÒQUIA I SEXE. ENCAMP. HOME	2025	7167
1093	POBLACIÓ PER PARRÒQUIA I SEXE	0101010100090004	POBLACIÓ PER PARRÒQUIA I SEXE. ENCAMP. DONA	2010	5418
1093	POBLACIÓ PER PARRÒQUIA I SEXE	0101010100090004	POBLACIÓ PER PARRÒQUIA I SEXE. ENCAMP. DONA	2011	5359
1093	POBLACIÓ PER PARRÒQUIA I SEXE	0101010100090004	POBLACIÓ PER PARRÒQUIA I SEXE. ENCAMP. DONA	2012	5310
1093	POBLACIÓ PER PARRÒQUIA I SEXE	0101010100090004	POBLACIÓ PER PARRÒQUIA I SEXE. ENCAMP. DONA	2013	5208
1093	POBLACIÓ PER PARRÒQUIA I SEXE	0101010100090004	POBLACIÓ PER PARRÒQUIA I SEXE. ENCAMP. DONA	2014	5223
1093	POBLACIÓ PER PARRÒQUIA I SEXE	0101010100090004	POBLACIÓ PER PARRÒQUIA I SEXE. ENCAMP. DONA	2015	5239
1093	POBLACIÓ PER PARRÒQUIA I SEXE	0101010100090004	POBLACIÓ PER PARRÒQUIA I SEXE. ENCAMP. DONA	2016	5277
1093	POBLACIÓ PER PARRÒQUIA I SEXE	0101010100090004	POBLACIÓ PER PARRÒQUIA I SEXE. ENCAMP. DONA	2017	5420
1093	POBLACIÓ PER PARRÒQUIA I SEXE	0101010100090004	POBLACIÓ PER PARRÒQUIA I SEXE. ENCAMP. DONA	2018	5527
1093	POBLACIÓ PER PARRÒQUIA I SEXE	0101010100090004	POBLACIÓ PER PARRÒQUIA I SEXE. ENCAMP. DONA	2019	5609
1093	POBLACIÓ PER PARRÒQUIA I SEXE	0101010100090004	POBLACIÓ PER PARRÒQUIA I SEXE. ENCAMP. DONA	2020	5622
1093	POBLACIÓ PER PARRÒQUIA I SEXE	0101010100090004	POBLACIÓ PER PARRÒQUIA I SEXE. ENCAMP. DONA	2021	5615
1093	POBLACIÓ PER PARRÒQUIA I SEXE	0101010100090004	POBLACIÓ PER PARRÒQUIA I SEXE. ENCAMP. DONA	2022	5762
1093	POBLACIÓ PER PARRÒQUIA I SEXE	0101010100090004	POBLACIÓ PER PARRÒQUIA I SEXE. ENCAMP. DONA	2023	6085
1093	POBLACIÓ PER PARRÒQUIA I SEXE	0101010100090004	POBLACIÓ PER PARRÒQUIA I SEXE. ENCAMP. DONA	2024	6195
1093	POBLACIÓ PER PARRÒQUIA I SEXE	0101010100090004	POBLACIÓ PER PARRÒQUIA I SEXE. ENCAMP. DONA	2025	6353
1093	POBLACIÓ PER PARRÒQUIA I SEXE	0101010100090005	POBLACIÓ PER PARRÒQUIA I SEXE. ORDINO. HOME	2010	2056
1093	POBLACIÓ PER PARRÒQUIA I SEXE	0101010100090005	POBLACIÓ PER PARRÒQUIA I SEXE. ORDINO. HOME	2011	2089
1093	POBLACIÓ PER PARRÒQUIA I SEXE	0101010100090005	POBLACIÓ PER PARRÒQUIA I SEXE. ORDINO. HOME	2012	2164
1093	POBLACIÓ PER PARRÒQUIA I SEXE	0101010100090005	POBLACIÓ PER PARRÒQUIA I SEXE. ORDINO. HOME	2013	2205
1093	POBLACIÓ PER PARRÒQUIA I SEXE	0101010100090005	POBLACIÓ PER PARRÒQUIA I SEXE. ORDINO. HOME	2014	2269
1093	POBLACIÓ PER PARRÒQUIA I SEXE	0101010100090005	POBLACIÓ PER PARRÒQUIA I SEXE. ORDINO. HOME	2015	2279
1093	POBLACIÓ PER PARRÒQUIA I SEXE	0101010100090005	POBLACIÓ PER PARRÒQUIA I SEXE. ORDINO. HOME	2016	2358
1093	POBLACIÓ PER PARRÒQUIA I SEXE	0101010100090005	POBLACIÓ PER PARRÒQUIA I SEXE. ORDINO. HOME	2017	2413
1093	POBLACIÓ PER PARRÒQUIA I SEXE	0101010100090005	POBLACIÓ PER PARRÒQUIA I SEXE. ORDINO. HOME	2018	2478
1093	POBLACIÓ PER PARRÒQUIA I SEXE	0101010100090005	POBLACIÓ PER PARRÒQUIA I SEXE. ORDINO. HOME	2019	2541
1093	POBLACIÓ PER PARRÒQUIA I SEXE	0101010100090005	POBLACIÓ PER PARRÒQUIA I SEXE. ORDINO. HOME	2020	2555
1093	POBLACIÓ PER PARRÒQUIA I SEXE	0101010100090005	POBLACIÓ PER PARRÒQUIA I SEXE. ORDINO. HOME	2021	2617
1093	POBLACIÓ PER PARRÒQUIA I SEXE	0101010100090005	POBLACIÓ PER PARRÒQUIA I SEXE. ORDINO. HOME	2022	2709
1093	POBLACIÓ PER PARRÒQUIA I SEXE	0101010100090005	POBLACIÓ PER PARRÒQUIA I SEXE. ORDINO. HOME	2023	2831
1093	POBLACIÓ PER PARRÒQUIA I SEXE	0101010100090005	POBLACIÓ PER PARRÒQUIA I SEXE. ORDINO. HOME	2024	2909
1093	POBLACIÓ PER PARRÒQUIA I SEXE	0101010100090005	POBLACIÓ PER PARRÒQUIA I SEXE. ORDINO. HOME	2025	2971
1093	POBLACIÓ PER PARRÒQUIA I SEXE	0101010100090006	POBLACIÓ PER PARRÒQUIA I SEXE. ORDINO. DONA	2010	1959
1093	POBLACIÓ PER PARRÒQUIA I SEXE	0101010100090006	POBLACIÓ PER PARRÒQUIA I SEXE. ORDINO. DONA	2011	2002
1093	POBLACIÓ PER PARRÒQUIA I SEXE	0101010100090006	POBLACIÓ PER PARRÒQUIA I SEXE. ORDINO. DONA	2012	2046
1093	POBLACIÓ PER PARRÒQUIA I SEXE	0101010100090006	POBLACIÓ PER PARRÒQUIA I SEXE. ORDINO. DONA	2013	2076
1093	POBLACIÓ PER PARRÒQUIA I SEXE	0101010100090006	POBLACIÓ PER PARRÒQUIA I SEXE. ORDINO. DONA	2014	2121
1093	POBLACIÓ PER PARRÒQUIA I SEXE	0101010100090006	POBLACIÓ PER PARRÒQUIA I SEXE. ORDINO. DONA	2015	2150
1093	POBLACIÓ PER PARRÒQUIA I SEXE	0101010100090006	POBLACIÓ PER PARRÒQUIA I SEXE. ORDINO. DONA	2016	2219
1093	POBLACIÓ PER PARRÒQUIA I SEXE	0101010100090006	POBLACIÓ PER PARRÒQUIA I SEXE. ORDINO. DONA	2017	2262
1093	POBLACIÓ PER PARRÒQUIA I SEXE	0101010100090006	POBLACIÓ PER PARRÒQUIA I SEXE. ORDINO. DONA	2018	2320
1093	POBLACIÓ PER PARRÒQUIA I SEXE	0101010100090006	POBLACIÓ PER PARRÒQUIA I SEXE. ORDINO. DONA	2019	2401
1093	POBLACIÓ PER PARRÒQUIA I SEXE	0101010100090006	POBLACIÓ PER PARRÒQUIA I SEXE. ORDINO. DONA	2020	2446
1093	POBLACIÓ PER PARRÒQUIA I SEXE	0101010100090006	POBLACIÓ PER PARRÒQUIA I SEXE. ORDINO. DONA	2021	2452
1093	POBLACIÓ PER PARRÒQUIA I SEXE	0101010100090006	POBLACIÓ PER PARRÒQUIA I SEXE. ORDINO. DONA	2022	2516
1093	POBLACIÓ PER PARRÒQUIA I SEXE	0101010100090006	POBLACIÓ PER PARRÒQUIA I SEXE. ORDINO. DONA	2023	2609
1093	POBLACIÓ PER PARRÒQUIA I SEXE	0101010100090006	POBLACIÓ PER PARRÒQUIA I SEXE. ORDINO. DONA	2024	2636
1093	POBLACIÓ PER PARRÒQUIA I SEXE	0101010100090006	POBLACIÓ PER PARRÒQUIA I SEXE. ORDINO. DONA	2025	2708
1093	POBLACIÓ PER PARRÒQUIA I SEXE	0101010100090007	POBLACIÓ PER PARRÒQUIA I SEXE. LA MASSANA. HOME	2010	4421
1093	POBLACIÓ PER PARRÒQUIA I SEXE	0101010100090007	POBLACIÓ PER PARRÒQUIA I SEXE. LA MASSANA. HOME	2011	4373
1093	POBLACIÓ PER PARRÒQUIA I SEXE	0101010100090007	POBLACIÓ PER PARRÒQUIA I SEXE. LA MASSANA. HOME	2012	4441
1093	POBLACIÓ PER PARRÒQUIA I SEXE	0101010100090007	POBLACIÓ PER PARRÒQUIA I SEXE. LA MASSANA. HOME	2013	4535
1093	POBLACIÓ PER PARRÒQUIA I SEXE	0101010100090007	POBLACIÓ PER PARRÒQUIA I SEXE. LA MASSANA. HOME	2014	4585
1093	POBLACIÓ PER PARRÒQUIA I SEXE	0101010100090007	POBLACIÓ PER PARRÒQUIA I SEXE. LA MASSANA. HOME	2015	4694
1093	POBLACIÓ PER PARRÒQUIA I SEXE	0101010100090007	POBLACIÓ PER PARRÒQUIA I SEXE. LA MASSANA. HOME	2016	4827
1093	POBLACIÓ PER PARRÒQUIA I SEXE	0101010100090007	POBLACIÓ PER PARRÒQUIA I SEXE. LA MASSANA. HOME	2017	5009
1093	POBLACIÓ PER PARRÒQUIA I SEXE	0101010100090007	POBLACIÓ PER PARRÒQUIA I SEXE. LA MASSANA. HOME	2018	5173
1093	POBLACIÓ PER PARRÒQUIA I SEXE	0101010100090007	POBLACIÓ PER PARRÒQUIA I SEXE. LA MASSANA. HOME	2019	5329
1093	POBLACIÓ PER PARRÒQUIA I SEXE	0101010100090007	POBLACIÓ PER PARRÒQUIA I SEXE. LA MASSANA. HOME	2020	5425
1093	POBLACIÓ PER PARRÒQUIA I SEXE	0101010100090007	POBLACIÓ PER PARRÒQUIA I SEXE. LA MASSANA. HOME	2021	5670
1093	POBLACIÓ PER PARRÒQUIA I SEXE	0101010100090007	POBLACIÓ PER PARRÒQUIA I SEXE. LA MASSANA. HOME	2022	5857
1093	POBLACIÓ PER PARRÒQUIA I SEXE	0101010100090007	POBLACIÓ PER PARRÒQUIA I SEXE. LA MASSANA. HOME	2023	6076
1093	POBLACIÓ PER PARRÒQUIA I SEXE	0101010100090007	POBLACIÓ PER PARRÒQUIA I SEXE. LA MASSANA. HOME	2024	6213
1093	POBLACIÓ PER PARRÒQUIA I SEXE	0101010100090007	POBLACIÓ PER PARRÒQUIA I SEXE. LA MASSANA. HOME	2025	6405
1093	POBLACIÓ PER PARRÒQUIA I SEXE	0101010100090008	POBLACIÓ PER PARRÒQUIA I SEXE. LA MASSANA. DONA	2010	4197
1093	POBLACIÓ PER PARRÒQUIA I SEXE	0101010100090008	POBLACIÓ PER PARRÒQUIA I SEXE. LA MASSANA. DONA	2011	4153
1093	POBLACIÓ PER PARRÒQUIA I SEXE	0101010100090008	POBLACIÓ PER PARRÒQUIA I SEXE. LA MASSANA. DONA	2012	4206
1093	POBLACIÓ PER PARRÒQUIA I SEXE	0101010100090008	POBLACIÓ PER PARRÒQUIA I SEXE. LA MASSANA. DONA	2013	4265
1093	POBLACIÓ PER PARRÒQUIA I SEXE	0101010100090008	POBLACIÓ PER PARRÒQUIA I SEXE. LA MASSANA. DONA	2014	4322
1093	POBLACIÓ PER PARRÒQUIA I SEXE	0101010100090008	POBLACIÓ PER PARRÒQUIA I SEXE. LA MASSANA. DONA	2015	4402
1093	POBLACIÓ PER PARRÒQUIA I SEXE	0101010100090008	POBLACIÓ PER PARRÒQUIA I SEXE. LA MASSANA. DONA	2016	4491
1093	POBLACIÓ PER PARRÒQUIA I SEXE	0101010100090008	POBLACIÓ PER PARRÒQUIA I SEXE. LA MASSANA. DONA	2017	4619
1093	POBLACIÓ PER PARRÒQUIA I SEXE	0101010100090008	POBLACIÓ PER PARRÒQUIA I SEXE. LA MASSANA. DONA	2018	4751
1093	POBLACIÓ PER PARRÒQUIA I SEXE	0101010100090008	POBLACIÓ PER PARRÒQUIA I SEXE. LA MASSANA. DONA	2019	4845
1093	POBLACIÓ PER PARRÒQUIA I SEXE	0101010100090008	POBLACIÓ PER PARRÒQUIA I SEXE. LA MASSANA. DONA	2020	4924
1093	POBLACIÓ PER PARRÒQUIA I SEXE	0101010100090008	POBLACIÓ PER PARRÒQUIA I SEXE. LA MASSANA. DONA	2021	5080
1093	POBLACIÓ PER PARRÒQUIA I SEXE	0101010100090008	POBLACIÓ PER PARRÒQUIA I SEXE. LA MASSANA. DONA	2022	5256
1093	POBLACIÓ PER PARRÒQUIA I SEXE	0101010100090008	POBLACIÓ PER PARRÒQUIA I SEXE. LA MASSANA. DONA	2023	5515
1093	POBLACIÓ PER PARRÒQUIA I SEXE	0101010100090008	POBLACIÓ PER PARRÒQUIA I SEXE. LA MASSANA. DONA	2024	5624
1093	POBLACIÓ PER PARRÒQUIA I SEXE	0101010100090008	POBLACIÓ PER PARRÒQUIA I SEXE. LA MASSANA. DONA	2025	5743
1093	POBLACIÓ PER PARRÒQUIA I SEXE	0101010100090009	POBLACIÓ PER PARRÒQUIA I SEXE. ANDORRA LA VELLA. HOME	2010	10567
1093	POBLACIÓ PER PARRÒQUIA I SEXE	0101010100090009	POBLACIÓ PER PARRÒQUIA I SEXE. ANDORRA LA VELLA. HOME	2011	10430
1093	POBLACIÓ PER PARRÒQUIA I SEXE	0101010100090009	POBLACIÓ PER PARRÒQUIA I SEXE. ANDORRA LA VELLA. HOME	2012	10392
1093	POBLACIÓ PER PARRÒQUIA I SEXE	0101010100090009	POBLACIÓ PER PARRÒQUIA I SEXE. ANDORRA LA VELLA. HOME	2013	10436
1093	POBLACIÓ PER PARRÒQUIA I SEXE	0101010100090009	POBLACIÓ PER PARRÒQUIA I SEXE. ANDORRA LA VELLA. HOME	2014	10486
1093	POBLACIÓ PER PARRÒQUIA I SEXE	0101010100090009	POBLACIÓ PER PARRÒQUIA I SEXE. ANDORRA LA VELLA. HOME	2015	10640
1093	POBLACIÓ PER PARRÒQUIA I SEXE	0101010100090009	POBLACIÓ PER PARRÒQUIA I SEXE. ANDORRA LA VELLA. HOME	2016	10746
1093	POBLACIÓ PER PARRÒQUIA I SEXE	0101010100090009	POBLACIÓ PER PARRÒQUIA I SEXE. ANDORRA LA VELLA. HOME	2017	10946
1093	POBLACIÓ PER PARRÒQUIA I SEXE	0101010100090009	POBLACIÓ PER PARRÒQUIA I SEXE. ANDORRA LA VELLA. HOME	2018	11041
1093	POBLACIÓ PER PARRÒQUIA I SEXE	0101010100090009	POBLACIÓ PER PARRÒQUIA I SEXE. ANDORRA LA VELLA. HOME	2019	11162
1093	POBLACIÓ PER PARRÒQUIA I SEXE	0101010100090009	POBLACIÓ PER PARRÒQUIA I SEXE. ANDORRA LA VELLA. HOME	2020	11244
1093	POBLACIÓ PER PARRÒQUIA I SEXE	0101010100090009	POBLACIÓ PER PARRÒQUIA I SEXE. ANDORRA LA VELLA. HOME	2021	11469
1093	POBLACIÓ PER PARRÒQUIA I SEXE	0101010100090009	POBLACIÓ PER PARRÒQUIA I SEXE. ANDORRA LA VELLA. HOME	2022	11754
1093	POBLACIÓ PER PARRÒQUIA I SEXE	0101010100090009	POBLACIÓ PER PARRÒQUIA I SEXE. ANDORRA LA VELLA. HOME	2023	12133
1093	POBLACIÓ PER PARRÒQUIA I SEXE	0101010100090009	POBLACIÓ PER PARRÒQUIA I SEXE. ANDORRA LA VELLA. HOME	2024	12433
1093	POBLACIÓ PER PARRÒQUIA I SEXE	0101010100090009	POBLACIÓ PER PARRÒQUIA I SEXE. ANDORRA LA VELLA. HOME	2025	12585
1093	POBLACIÓ PER PARRÒQUIA I SEXE	0101010100090010	POBLACIÓ PER PARRÒQUIA I SEXE. ANDORRA LA VELLA. DONA	2010	10623
1093	POBLACIÓ PER PARRÒQUIA I SEXE	0101010100090010	POBLACIÓ PER PARRÒQUIA I SEXE. ANDORRA LA VELLA. DONA	2011	10588
1093	POBLACIÓ PER PARRÒQUIA I SEXE	0101010100090010	POBLACIÓ PER PARRÒQUIA I SEXE. ANDORRA LA VELLA. DONA	2012	10596
1093	POBLACIÓ PER PARRÒQUIA I SEXE	0101010100090010	POBLACIÓ PER PARRÒQUIA I SEXE. ANDORRA LA VELLA. DONA	2013	10677
1093	POBLACIÓ PER PARRÒQUIA I SEXE	0101010100090010	POBLACIÓ PER PARRÒQUIA I SEXE. ANDORRA LA VELLA. DONA	2014	10640
1093	POBLACIÓ PER PARRÒQUIA I SEXE	0101010100090010	POBLACIÓ PER PARRÒQUIA I SEXE. ANDORRA LA VELLA. DONA	2015	10788
1093	POBLACIÓ PER PARRÒQUIA I SEXE	0101010100090010	POBLACIÓ PER PARRÒQUIA I SEXE. ANDORRA LA VELLA. DONA	2016	10926
1093	POBLACIÓ PER PARRÒQUIA I SEXE	0101010100090010	POBLACIÓ PER PARRÒQUIA I SEXE. ANDORRA LA VELLA. DONA	2017	11055
1093	POBLACIÓ PER PARRÒQUIA I SEXE	0101010100090010	POBLACIÓ PER PARRÒQUIA I SEXE. ANDORRA LA VELLA. DONA	2018	11110
1093	POBLACIÓ PER PARRÒQUIA I SEXE	0101010100090010	POBLACIÓ PER PARRÒQUIA I SEXE. ANDORRA LA VELLA. DONA	2019	11278
1093	POBLACIÓ PER PARRÒQUIA I SEXE	0101010100090010	POBLACIÓ PER PARRÒQUIA I SEXE. ANDORRA LA VELLA. DONA	2020	11293
1093	POBLACIÓ PER PARRÒQUIA I SEXE	0101010100090010	POBLACIÓ PER PARRÒQUIA I SEXE. ANDORRA LA VELLA. DONA	2021	11404
1093	POBLACIÓ PER PARRÒQUIA I SEXE	0101010100090010	POBLACIÓ PER PARRÒQUIA I SEXE. ANDORRA LA VELLA. DONA	2022	11570
1093	POBLACIÓ PER PARRÒQUIA I SEXE	0101010100090010	POBLACIÓ PER PARRÒQUIA I SEXE. ANDORRA LA VELLA. DONA	2023	11909
1093	POBLACIÓ PER PARRÒQUIA I SEXE	0101010100090010	POBLACIÓ PER PARRÒQUIA I SEXE. ANDORRA LA VELLA. DONA	2024	12142
1093	POBLACIÓ PER PARRÒQUIA I SEXE	0101010100090010	POBLACIÓ PER PARRÒQUIA I SEXE. ANDORRA LA VELLA. DONA	2025	12251
1093	POBLACIÓ PER PARRÒQUIA I SEXE	0101010100090011	POBLACIÓ PER PARRÒQUIA I SEXE. SANT JULIÀ DE LÒRIA. HOME	2010	4290
1093	POBLACIÓ PER PARRÒQUIA I SEXE	0101010100090011	POBLACIÓ PER PARRÒQUIA I SEXE. SANT JULIÀ DE LÒRIA. HOME	2011	4241
1093	POBLACIÓ PER PARRÒQUIA I SEXE	0101010100090011	POBLACIÓ PER PARRÒQUIA I SEXE. SANT JULIÀ DE LÒRIA. HOME	2012	4236
1093	POBLACIÓ PER PARRÒQUIA I SEXE	0101010100090011	POBLACIÓ PER PARRÒQUIA I SEXE. SANT JULIÀ DE LÒRIA. HOME	2013	4253
1093	POBLACIÓ PER PARRÒQUIA I SEXE	0101010100090011	POBLACIÓ PER PARRÒQUIA I SEXE. SANT JULIÀ DE LÒRIA. HOME	2014	4319
1093	POBLACIÓ PER PARRÒQUIA I SEXE	0101010100090011	POBLACIÓ PER PARRÒQUIA I SEXE. SANT JULIÀ DE LÒRIA. HOME	2015	4387
1093	POBLACIÓ PER PARRÒQUIA I SEXE	0101010100090011	POBLACIÓ PER PARRÒQUIA I SEXE. SANT JULIÀ DE LÒRIA. HOME	2016	4483
1093	POBLACIÓ PER PARRÒQUIA I SEXE	0101010100090011	POBLACIÓ PER PARRÒQUIA I SEXE. SANT JULIÀ DE LÒRIA. HOME	2017	4569
1093	POBLACIÓ PER PARRÒQUIA I SEXE	0101010100090011	POBLACIÓ PER PARRÒQUIA I SEXE. SANT JULIÀ DE LÒRIA. HOME	2018	4681
1093	POBLACIÓ PER PARRÒQUIA I SEXE	0101010100090011	POBLACIÓ PER PARRÒQUIA I SEXE. SANT JULIÀ DE LÒRIA. HOME	2019	4751
1093	POBLACIÓ PER PARRÒQUIA I SEXE	0101010100090011	POBLACIÓ PER PARRÒQUIA I SEXE. SANT JULIÀ DE LÒRIA. HOME	2020	4758
1093	POBLACIÓ PER PARRÒQUIA I SEXE	0101010100090011	POBLACIÓ PER PARRÒQUIA I SEXE. SANT JULIÀ DE LÒRIA. HOME	2021	4855
1093	POBLACIÓ PER PARRÒQUIA I SEXE	0101010100090011	POBLACIÓ PER PARRÒQUIA I SEXE. SANT JULIÀ DE LÒRIA. HOME	2022	4945
1093	POBLACIÓ PER PARRÒQUIA I SEXE	0101010100090011	POBLACIÓ PER PARRÒQUIA I SEXE. SANT JULIÀ DE LÒRIA. HOME	2023	5072
1093	POBLACIÓ PER PARRÒQUIA I SEXE	0101010100090011	POBLACIÓ PER PARRÒQUIA I SEXE. SANT JULIÀ DE LÒRIA. HOME	2024	5201
1093	POBLACIÓ PER PARRÒQUIA I SEXE	0101010100090011	POBLACIÓ PER PARRÒQUIA I SEXE. SANT JULIÀ DE LÒRIA. HOME	2025	5308
1093	POBLACIÓ PER PARRÒQUIA I SEXE	0101010100090012	POBLACIÓ PER PARRÒQUIA I SEXE. SANT JULIÀ DE LÒRIA. DONA	2010	4210
1093	POBLACIÓ PER PARRÒQUIA I SEXE	0101010100090012	POBLACIÓ PER PARRÒQUIA I SEXE. SANT JULIÀ DE LÒRIA. DONA	2011	4163
1093	POBLACIÓ PER PARRÒQUIA I SEXE	0101010100090012	POBLACIÓ PER PARRÒQUIA I SEXE. SANT JULIÀ DE LÒRIA. DONA	2012	4170
1093	POBLACIÓ PER PARRÒQUIA I SEXE	0101010100090012	POBLACIÓ PER PARRÒQUIA I SEXE. SANT JULIÀ DE LÒRIA. DONA	2013	4151
1093	POBLACIÓ PER PARRÒQUIA I SEXE	0101010100090012	POBLACIÓ PER PARRÒQUIA I SEXE. SANT JULIÀ DE LÒRIA. DONA	2014	4203
1093	POBLACIÓ PER PARRÒQUIA I SEXE	0101010100090012	POBLACIÓ PER PARRÒQUIA I SEXE. SANT JULIÀ DE LÒRIA. DONA	2015	4294
1093	POBLACIÓ PER PARRÒQUIA I SEXE	0101010100090012	POBLACIÓ PER PARRÒQUIA I SEXE. SANT JULIÀ DE LÒRIA. DONA	2016	4374
1093	POBLACIÓ PER PARRÒQUIA I SEXE	0101010100090012	POBLACIÓ PER PARRÒQUIA I SEXE. SANT JULIÀ DE LÒRIA. DONA	2017	4432
1093	POBLACIÓ PER PARRÒQUIA I SEXE	0101010100090012	POBLACIÓ PER PARRÒQUIA I SEXE. SANT JULIÀ DE LÒRIA. DONA	2018	4538
1093	POBLACIÓ PER PARRÒQUIA I SEXE	0101010100090012	POBLACIÓ PER PARRÒQUIA I SEXE. SANT JULIÀ DE LÒRIA. DONA	2019	4624
1093	POBLACIÓ PER PARRÒQUIA I SEXE	0101010100090012	POBLACIÓ PER PARRÒQUIA I SEXE. SANT JULIÀ DE LÒRIA. DONA	2020	4632
1093	POBLACIÓ PER PARRÒQUIA I SEXE	0101010100090012	POBLACIÓ PER PARRÒQUIA I SEXE. SANT JULIÀ DE LÒRIA. DONA	2021	4701
1093	POBLACIÓ PER PARRÒQUIA I SEXE	0101010100090012	POBLACIÓ PER PARRÒQUIA I SEXE. SANT JULIÀ DE LÒRIA. DONA	2022	4749
1093	POBLACIÓ PER PARRÒQUIA I SEXE	0101010100090012	POBLACIÓ PER PARRÒQUIA I SEXE. SANT JULIÀ DE LÒRIA. DONA	2023	4843
1093	POBLACIÓ PER PARRÒQUIA I SEXE	0101010100090012	POBLACIÓ PER PARRÒQUIA I SEXE. SANT JULIÀ DE LÒRIA. DONA	2024	4926
1093	POBLACIÓ PER PARRÒQUIA I SEXE	0101010100090012	POBLACIÓ PER PARRÒQUIA I SEXE. SANT JULIÀ DE LÒRIA. DONA	2025	4948
1093	POBLACIÓ PER PARRÒQUIA I SEXE	0101010100090013	POBLACIÓ PER PARRÒQUIA I SEXE. ESCALDES-ENGORDANY. HOME	2010	6714
1093	POBLACIÓ PER PARRÒQUIA I SEXE	0101010100090013	POBLACIÓ PER PARRÒQUIA I SEXE. ESCALDES-ENGORDANY. HOME	2011	6711
1093	POBLACIÓ PER PARRÒQUIA I SEXE	0101010100090013	POBLACIÓ PER PARRÒQUIA I SEXE. ESCALDES-ENGORDANY. HOME	2012	6628
1093	POBLACIÓ PER PARRÒQUIA I SEXE	0101010100090013	POBLACIÓ PER PARRÒQUIA I SEXE. ESCALDES-ENGORDANY. HOME	2013	6674
1093	POBLACIÓ PER PARRÒQUIA I SEXE	0101010100090013	POBLACIÓ PER PARRÒQUIA I SEXE. ESCALDES-ENGORDANY. HOME	2014	6745
1093	POBLACIÓ PER PARRÒQUIA I SEXE	0101010100090013	POBLACIÓ PER PARRÒQUIA I SEXE. ESCALDES-ENGORDANY. HOME	2015	6844
1093	POBLACIÓ PER PARRÒQUIA I SEXE	0101010100090013	POBLACIÓ PER PARRÒQUIA I SEXE. ESCALDES-ENGORDANY. HOME	2016	6990
1093	POBLACIÓ PER PARRÒQUIA I SEXE	0101010100090013	POBLACIÓ PER PARRÒQUIA I SEXE. ESCALDES-ENGORDANY. HOME	2017	7119
1093	POBLACIÓ PER PARRÒQUIA I SEXE	0101010100090013	POBLACIÓ PER PARRÒQUIA I SEXE. ESCALDES-ENGORDANY. HOME	2018	7210
1093	POBLACIÓ PER PARRÒQUIA I SEXE	0101010100090013	POBLACIÓ PER PARRÒQUIA I SEXE. ESCALDES-ENGORDANY. HOME	2019	7273
1093	POBLACIÓ PER PARRÒQUIA I SEXE	0101010100090013	POBLACIÓ PER PARRÒQUIA I SEXE. ESCALDES-ENGORDANY. HOME	2020	7267
1093	POBLACIÓ PER PARRÒQUIA I SEXE	0101010100090013	POBLACIÓ PER PARRÒQUIA I SEXE. ESCALDES-ENGORDANY. HOME	2021	7345
1093	POBLACIÓ PER PARRÒQUIA I SEXE	0101010100090013	POBLACIÓ PER PARRÒQUIA I SEXE. ESCALDES-ENGORDANY. HOME	2022	7483
1093	POBLACIÓ PER PARRÒQUIA I SEXE	0101010100090013	POBLACIÓ PER PARRÒQUIA I SEXE. ESCALDES-ENGORDANY. HOME	2023	7843
1093	POBLACIÓ PER PARRÒQUIA I SEXE	0101010100090013	POBLACIÓ PER PARRÒQUIA I SEXE. ESCALDES-ENGORDANY. HOME	2024	8028
1093	POBLACIÓ PER PARRÒQUIA I SEXE	0101010100090013	POBLACIÓ PER PARRÒQUIA I SEXE. ESCALDES-ENGORDANY. HOME	2025	8232
1093	POBLACIÓ PER PARRÒQUIA I SEXE	0101010100090014	POBLACIÓ PER PARRÒQUIA I SEXE. ESCALDES-ENGORDANY. DONA	2010	6768
1093	POBLACIÓ PER PARRÒQUIA I SEXE	0101010100090014	POBLACIÓ PER PARRÒQUIA I SEXE. ESCALDES-ENGORDANY. DONA	2011	6788
1093	POBLACIÓ PER PARRÒQUIA I SEXE	0101010100090014	POBLACIÓ PER PARRÒQUIA I SEXE. ESCALDES-ENGORDANY. DONA	2012	6738
1093	POBLACIÓ PER PARRÒQUIA I SEXE	0101010100090014	POBLACIÓ PER PARRÒQUIA I SEXE. ESCALDES-ENGORDANY. DONA	2013	6839
1093	POBLACIÓ PER PARRÒQUIA I SEXE	0101010100090014	POBLACIÓ PER PARRÒQUIA I SEXE. ESCALDES-ENGORDANY. DONA	2014	6889
1093	POBLACIÓ PER PARRÒQUIA I SEXE	0101010100090014	POBLACIÓ PER PARRÒQUIA I SEXE. ESCALDES-ENGORDANY. DONA	2015	7029
1093	POBLACIÓ PER PARRÒQUIA I SEXE	0101010100090014	POBLACIÓ PER PARRÒQUIA I SEXE. ESCALDES-ENGORDANY. DONA	2016	7058
1093	POBLACIÓ PER PARRÒQUIA I SEXE	0101010100090014	POBLACIÓ PER PARRÒQUIA I SEXE. ESCALDES-ENGORDANY. DONA	2017	7152
1093	POBLACIÓ PER PARRÒQUIA I SEXE	0101010100090014	POBLACIÓ PER PARRÒQUIA I SEXE. ESCALDES-ENGORDANY. DONA	2018	7247
1093	POBLACIÓ PER PARRÒQUIA I SEXE	0101010100090014	POBLACIÓ PER PARRÒQUIA I SEXE. ESCALDES-ENGORDANY. DONA	2019	7326
1093	POBLACIÓ PER PARRÒQUIA I SEXE	0101010100090014	POBLACIÓ PER PARRÒQUIA I SEXE. ESCALDES-ENGORDANY. DONA	2020	7315
1093	POBLACIÓ PER PARRÒQUIA I SEXE	0101010100090014	POBLACIÓ PER PARRÒQUIA I SEXE. ESCALDES-ENGORDANY. DONA	2021	7379
1093	POBLACIÓ PER PARRÒQUIA I SEXE	0101010100090014	POBLACIÓ PER PARRÒQUIA I SEXE. ESCALDES-ENGORDANY. DONA	2022	7434
1093	POBLACIÓ PER PARRÒQUIA I SEXE	0101010100090014	POBLACIÓ PER PARRÒQUIA I SEXE. ESCALDES-ENGORDANY. DONA	2023	7663
1093	POBLACIÓ PER PARRÒQUIA I SEXE	0101010100090014	POBLACIÓ PER PARRÒQUIA I SEXE. ESCALDES-ENGORDANY. DONA	2024	7767
1093	POBLACIÓ PER PARRÒQUIA I SEXE	0101010100090014	POBLACIÓ PER PARRÒQUIA I SEXE. ESCALDES-ENGORDANY. DONA	2025	7930
1094	POBLACIÓ PER NACIONALITAT I PARRÒQUIA	0101010100120001	POBLACIÓ PER NACIONALITAT I PARRÒQUIA. ANDORRANS. CANILLO	2010	1227
1094	POBLACIÓ PER NACIONALITAT I PARRÒQUIA	0101010100120001	POBLACIÓ PER NACIONALITAT I PARRÒQUIA. ANDORRANS. CANILLO	2011	1261
1094	POBLACIÓ PER NACIONALITAT I PARRÒQUIA	0101010100120001	POBLACIÓ PER NACIONALITAT I PARRÒQUIA. ANDORRANS. CANILLO	2012	1284
1094	POBLACIÓ PER NACIONALITAT I PARRÒQUIA	0101010100120001	POBLACIÓ PER NACIONALITAT I PARRÒQUIA. ANDORRANS. CANILLO	2013	1314
1094	POBLACIÓ PER NACIONALITAT I PARRÒQUIA	0101010100120001	POBLACIÓ PER NACIONALITAT I PARRÒQUIA. ANDORRANS. CANILLO	2014	1361
1094	POBLACIÓ PER NACIONALITAT I PARRÒQUIA	0101010100120001	POBLACIÓ PER NACIONALITAT I PARRÒQUIA. ANDORRANS. CANILLO	2015	1384
1094	POBLACIÓ PER NACIONALITAT I PARRÒQUIA	0101010100120001	POBLACIÓ PER NACIONALITAT I PARRÒQUIA. ANDORRANS. CANILLO	2016	1421
1094	POBLACIÓ PER NACIONALITAT I PARRÒQUIA	0101010100120001	POBLACIÓ PER NACIONALITAT I PARRÒQUIA. ANDORRANS. CANILLO	2017	1425
1094	POBLACIÓ PER NACIONALITAT I PARRÒQUIA	0101010100120001	POBLACIÓ PER NACIONALITAT I PARRÒQUIA. ANDORRANS. CANILLO	2018	1455
1094	POBLACIÓ PER NACIONALITAT I PARRÒQUIA	0101010100120001	POBLACIÓ PER NACIONALITAT I PARRÒQUIA. ANDORRANS. CANILLO	2019	1538
1094	POBLACIÓ PER NACIONALITAT I PARRÒQUIA	0101010100120001	POBLACIÓ PER NACIONALITAT I PARRÒQUIA. ANDORRANS. CANILLO	2020	1607
1094	POBLACIÓ PER NACIONALITAT I PARRÒQUIA	0101010100120001	POBLACIÓ PER NACIONALITAT I PARRÒQUIA. ANDORRANS. CANILLO	2021	1638
1094	POBLACIÓ PER NACIONALITAT I PARRÒQUIA	0101010100120001	POBLACIÓ PER NACIONALITAT I PARRÒQUIA. ANDORRANS. CANILLO	2022	1675
1094	POBLACIÓ PER NACIONALITAT I PARRÒQUIA	0101010100120001	POBLACIÓ PER NACIONALITAT I PARRÒQUIA. ANDORRANS. CANILLO	2023	1697
1094	POBLACIÓ PER NACIONALITAT I PARRÒQUIA	0101010100120001	POBLACIÓ PER NACIONALITAT I PARRÒQUIA. ANDORRANS. CANILLO	2024	1726
1094	POBLACIÓ PER NACIONALITAT I PARRÒQUIA	0101010100120001	POBLACIÓ PER NACIONALITAT I PARRÒQUIA. ANDORRANS. CANILLO	2025	1792
1094	POBLACIÓ PER NACIONALITAT I PARRÒQUIA	0101010100120002	POBLACIÓ PER NACIONALITAT I PARRÒQUIA. ESPANYOLS. CANILLO	2010	713
1094	POBLACIÓ PER NACIONALITAT I PARRÒQUIA	0101010100120002	POBLACIÓ PER NACIONALITAT I PARRÒQUIA. ESPANYOLS. CANILLO	2011	705
1094	POBLACIÓ PER NACIONALITAT I PARRÒQUIA	0101010100120002	POBLACIÓ PER NACIONALITAT I PARRÒQUIA. ESPANYOLS. CANILLO	2012	702
1094	POBLACIÓ PER NACIONALITAT I PARRÒQUIA	0101010100120002	POBLACIÓ PER NACIONALITAT I PARRÒQUIA. ESPANYOLS. CANILLO	2013	680
1094	POBLACIÓ PER NACIONALITAT I PARRÒQUIA	0101010100120002	POBLACIÓ PER NACIONALITAT I PARRÒQUIA. ESPANYOLS. CANILLO	2014	726
1094	POBLACIÓ PER NACIONALITAT I PARRÒQUIA	0101010100120002	POBLACIÓ PER NACIONALITAT I PARRÒQUIA. ESPANYOLS. CANILLO	2015	754
1094	POBLACIÓ PER NACIONALITAT I PARRÒQUIA	0101010100120002	POBLACIÓ PER NACIONALITAT I PARRÒQUIA. ESPANYOLS. CANILLO	2016	905
1094	POBLACIÓ PER NACIONALITAT I PARRÒQUIA	0101010100120002	POBLACIÓ PER NACIONALITAT I PARRÒQUIA. ESPANYOLS. CANILLO	2017	1023
1094	POBLACIÓ PER NACIONALITAT I PARRÒQUIA	0101010100120002	POBLACIÓ PER NACIONALITAT I PARRÒQUIA. ESPANYOLS. CANILLO	2018	1108
1094	POBLACIÓ PER NACIONALITAT I PARRÒQUIA	0101010100120002	POBLACIÓ PER NACIONALITAT I PARRÒQUIA. ESPANYOLS. CANILLO	2019	1113
1094	POBLACIÓ PER NACIONALITAT I PARRÒQUIA	0101010100120002	POBLACIÓ PER NACIONALITAT I PARRÒQUIA. ESPANYOLS. CANILLO	2020	1107
1094	POBLACIÓ PER NACIONALITAT I PARRÒQUIA	0101010100120002	POBLACIÓ PER NACIONALITAT I PARRÒQUIA. ESPANYOLS. CANILLO	2021	1249
1094	POBLACIÓ PER NACIONALITAT I PARRÒQUIA	0101010100120002	POBLACIÓ PER NACIONALITAT I PARRÒQUIA. ESPANYOLS. CANILLO	2022	1350
1094	POBLACIÓ PER NACIONALITAT I PARRÒQUIA	0101010100120002	POBLACIÓ PER NACIONALITAT I PARRÒQUIA. ESPANYOLS. CANILLO	2023	1406
1094	POBLACIÓ PER NACIONALITAT I PARRÒQUIA	0101010100120002	POBLACIÓ PER NACIONALITAT I PARRÒQUIA. ESPANYOLS. CANILLO	2024	1455
1094	POBLACIÓ PER NACIONALITAT I PARRÒQUIA	0101010100120002	POBLACIÓ PER NACIONALITAT I PARRÒQUIA. ESPANYOLS. CANILLO	2025	1580
1094	POBLACIÓ PER NACIONALITAT I PARRÒQUIA	0101010100120003	POBLACIÓ PER NACIONALITAT I PARRÒQUIA. FRANCESOS. CANILLO	2010	297
1094	POBLACIÓ PER NACIONALITAT I PARRÒQUIA	0101010100120003	POBLACIÓ PER NACIONALITAT I PARRÒQUIA. FRANCESOS. CANILLO	2011	294
1094	POBLACIÓ PER NACIONALITAT I PARRÒQUIA	0101010100120003	POBLACIÓ PER NACIONALITAT I PARRÒQUIA. FRANCESOS. CANILLO	2012	293
1094	POBLACIÓ PER NACIONALITAT I PARRÒQUIA	0101010100120003	POBLACIÓ PER NACIONALITAT I PARRÒQUIA. FRANCESOS. CANILLO	2013	278
1094	POBLACIÓ PER NACIONALITAT I PARRÒQUIA	0101010100120003	POBLACIÓ PER NACIONALITAT I PARRÒQUIA. FRANCESOS. CANILLO	2014	288
1094	POBLACIÓ PER NACIONALITAT I PARRÒQUIA	0101010100120003	POBLACIÓ PER NACIONALITAT I PARRÒQUIA. FRANCESOS. CANILLO	2015	308
1094	POBLACIÓ PER NACIONALITAT I PARRÒQUIA	0101010100120003	POBLACIÓ PER NACIONALITAT I PARRÒQUIA. FRANCESOS. CANILLO	2016	365
1094	POBLACIÓ PER NACIONALITAT I PARRÒQUIA	0101010100120003	POBLACIÓ PER NACIONALITAT I PARRÒQUIA. FRANCESOS. CANILLO	2017	420
1094	POBLACIÓ PER NACIONALITAT I PARRÒQUIA	0101010100120003	POBLACIÓ PER NACIONALITAT I PARRÒQUIA. FRANCESOS. CANILLO	2018	442
1094	POBLACIÓ PER NACIONALITAT I PARRÒQUIA	0101010100120003	POBLACIÓ PER NACIONALITAT I PARRÒQUIA. FRANCESOS. CANILLO	2019	457
1094	POBLACIÓ PER NACIONALITAT I PARRÒQUIA	0101010100120003	POBLACIÓ PER NACIONALITAT I PARRÒQUIA. FRANCESOS. CANILLO	2020	469
1094	POBLACIÓ PER NACIONALITAT I PARRÒQUIA	0101010100120003	POBLACIÓ PER NACIONALITAT I PARRÒQUIA. FRANCESOS. CANILLO	2021	523
1094	POBLACIÓ PER NACIONALITAT I PARRÒQUIA	0101010100120003	POBLACIÓ PER NACIONALITAT I PARRÒQUIA. FRANCESOS. CANILLO	2022	563
1094	POBLACIÓ PER NACIONALITAT I PARRÒQUIA	0101010100120003	POBLACIÓ PER NACIONALITAT I PARRÒQUIA. FRANCESOS. CANILLO	2023	600
1094	POBLACIÓ PER NACIONALITAT I PARRÒQUIA	0101010100120003	POBLACIÓ PER NACIONALITAT I PARRÒQUIA. FRANCESOS. CANILLO	2024	603
1094	POBLACIÓ PER NACIONALITAT I PARRÒQUIA	0101010100120003	POBLACIÓ PER NACIONALITAT I PARRÒQUIA. FRANCESOS. CANILLO	2025	633
1094	POBLACIÓ PER NACIONALITAT I PARRÒQUIA	0101010100120004	POBLACIÓ PER NACIONALITAT I PARRÒQUIA. ALEMANYS. CANILLO	2010	17
1094	POBLACIÓ PER NACIONALITAT I PARRÒQUIA	0101010100120004	POBLACIÓ PER NACIONALITAT I PARRÒQUIA. ALEMANYS. CANILLO	2011	17
1094	POBLACIÓ PER NACIONALITAT I PARRÒQUIA	0101010100120004	POBLACIÓ PER NACIONALITAT I PARRÒQUIA. ALEMANYS. CANILLO	2012	15
1094	POBLACIÓ PER NACIONALITAT I PARRÒQUIA	0101010100120004	POBLACIÓ PER NACIONALITAT I PARRÒQUIA. ALEMANYS. CANILLO	2013	15
1094	POBLACIÓ PER NACIONALITAT I PARRÒQUIA	0101010100120004	POBLACIÓ PER NACIONALITAT I PARRÒQUIA. ALEMANYS. CANILLO	2014	16
1094	POBLACIÓ PER NACIONALITAT I PARRÒQUIA	0101010100120004	POBLACIÓ PER NACIONALITAT I PARRÒQUIA. ALEMANYS. CANILLO	2015	20
1094	POBLACIÓ PER NACIONALITAT I PARRÒQUIA	0101010100120004	POBLACIÓ PER NACIONALITAT I PARRÒQUIA. ALEMANYS. CANILLO	2016	23
1094	POBLACIÓ PER NACIONALITAT I PARRÒQUIA	0101010100120004	POBLACIÓ PER NACIONALITAT I PARRÒQUIA. ALEMANYS. CANILLO	2017	21
1094	POBLACIÓ PER NACIONALITAT I PARRÒQUIA	0101010100120004	POBLACIÓ PER NACIONALITAT I PARRÒQUIA. ALEMANYS. CANILLO	2018	16
1094	POBLACIÓ PER NACIONALITAT I PARRÒQUIA	0101010100120004	POBLACIÓ PER NACIONALITAT I PARRÒQUIA. ALEMANYS. CANILLO	2019	17
1094	POBLACIÓ PER NACIONALITAT I PARRÒQUIA	0101010100120004	POBLACIÓ PER NACIONALITAT I PARRÒQUIA. ALEMANYS. CANILLO	2020	18
1094	POBLACIÓ PER NACIONALITAT I PARRÒQUIA	0101010100120004	POBLACIÓ PER NACIONALITAT I PARRÒQUIA. ALEMANYS. CANILLO	2021	19
1094	POBLACIÓ PER NACIONALITAT I PARRÒQUIA	0101010100120004	POBLACIÓ PER NACIONALITAT I PARRÒQUIA. ALEMANYS. CANILLO	2022	24
1094	POBLACIÓ PER NACIONALITAT I PARRÒQUIA	0101010100120004	POBLACIÓ PER NACIONALITAT I PARRÒQUIA. ALEMANYS. CANILLO	2023	31
1094	POBLACIÓ PER NACIONALITAT I PARRÒQUIA	0101010100120004	POBLACIÓ PER NACIONALITAT I PARRÒQUIA. ALEMANYS. CANILLO	2024	31
1094	POBLACIÓ PER NACIONALITAT I PARRÒQUIA	0101010100120004	POBLACIÓ PER NACIONALITAT I PARRÒQUIA. ALEMANYS. CANILLO	2025	33
1094	POBLACIÓ PER NACIONALITAT I PARRÒQUIA	0101010100120005	POBLACIÓ PER NACIONALITAT I PARRÒQUIA. ARGENTINS. CANILLO	2010	74
1094	POBLACIÓ PER NACIONALITAT I PARRÒQUIA	0101010100120005	POBLACIÓ PER NACIONALITAT I PARRÒQUIA. ARGENTINS. CANILLO	2011	73
1094	POBLACIÓ PER NACIONALITAT I PARRÒQUIA	0101010100120005	POBLACIÓ PER NACIONALITAT I PARRÒQUIA. ARGENTINS. CANILLO	2012	83
1094	POBLACIÓ PER NACIONALITAT I PARRÒQUIA	0101010100120005	POBLACIÓ PER NACIONALITAT I PARRÒQUIA. ARGENTINS. CANILLO	2013	84
1094	POBLACIÓ PER NACIONALITAT I PARRÒQUIA	0101010100120005	POBLACIÓ PER NACIONALITAT I PARRÒQUIA. ARGENTINS. CANILLO	2014	82
1094	POBLACIÓ PER NACIONALITAT I PARRÒQUIA	0101010100120005	POBLACIÓ PER NACIONALITAT I PARRÒQUIA. ARGENTINS. CANILLO	2015	88
1094	POBLACIÓ PER NACIONALITAT I PARRÒQUIA	0101010100120005	POBLACIÓ PER NACIONALITAT I PARRÒQUIA. ARGENTINS. CANILLO	2016	118
1094	POBLACIÓ PER NACIONALITAT I PARRÒQUIA	0101010100120005	POBLACIÓ PER NACIONALITAT I PARRÒQUIA. ARGENTINS. CANILLO	2017	149
1094	POBLACIÓ PER NACIONALITAT I PARRÒQUIA	0101010100120005	POBLACIÓ PER NACIONALITAT I PARRÒQUIA. ARGENTINS. CANILLO	2018	163
1094	POBLACIÓ PER NACIONALITAT I PARRÒQUIA	0101010100120005	POBLACIÓ PER NACIONALITAT I PARRÒQUIA. ARGENTINS. CANILLO	2019	217
1094	POBLACIÓ PER NACIONALITAT I PARRÒQUIA	0101010100120005	POBLACIÓ PER NACIONALITAT I PARRÒQUIA. ARGENTINS. CANILLO	2020	227
1094	POBLACIÓ PER NACIONALITAT I PARRÒQUIA	0101010100120005	POBLACIÓ PER NACIONALITAT I PARRÒQUIA. ARGENTINS. CANILLO	2021	275
1094	POBLACIÓ PER NACIONALITAT I PARRÒQUIA	0101010100120005	POBLACIÓ PER NACIONALITAT I PARRÒQUIA. ARGENTINS. CANILLO	2022	318
1094	POBLACIÓ PER NACIONALITAT I PARRÒQUIA	0101010100120005	POBLACIÓ PER NACIONALITAT I PARRÒQUIA. ARGENTINS. CANILLO	2023	602
1094	POBLACIÓ PER NACIONALITAT I PARRÒQUIA	0101010100120005	POBLACIÓ PER NACIONALITAT I PARRÒQUIA. ARGENTINS. CANILLO	2024	639
1094	POBLACIÓ PER NACIONALITAT I PARRÒQUIA	0101010100120005	POBLACIÓ PER NACIONALITAT I PARRÒQUIA. ARGENTINS. CANILLO	2025	700
1094	POBLACIÓ PER NACIONALITAT I PARRÒQUIA	0101010100120006	POBLACIÓ PER NACIONALITAT I PARRÒQUIA. NORD-AMERICANS. CANILLO	2010	3
1094	POBLACIÓ PER NACIONALITAT I PARRÒQUIA	0101010100120006	POBLACIÓ PER NACIONALITAT I PARRÒQUIA. NORD-AMERICANS. CANILLO	2011	2
1094	POBLACIÓ PER NACIONALITAT I PARRÒQUIA	0101010100120006	POBLACIÓ PER NACIONALITAT I PARRÒQUIA. NORD-AMERICANS. CANILLO	2012	2
1094	POBLACIÓ PER NACIONALITAT I PARRÒQUIA	0101010100120006	POBLACIÓ PER NACIONALITAT I PARRÒQUIA. NORD-AMERICANS. CANILLO	2013	2
1094	POBLACIÓ PER NACIONALITAT I PARRÒQUIA	0101010100120006	POBLACIÓ PER NACIONALITAT I PARRÒQUIA. NORD-AMERICANS. CANILLO	2014	4
1094	POBLACIÓ PER NACIONALITAT I PARRÒQUIA	0101010100120006	POBLACIÓ PER NACIONALITAT I PARRÒQUIA. NORD-AMERICANS. CANILLO	2015	3
1094	POBLACIÓ PER NACIONALITAT I PARRÒQUIA	0101010100120006	POBLACIÓ PER NACIONALITAT I PARRÒQUIA. NORD-AMERICANS. CANILLO	2016	3
1094	POBLACIÓ PER NACIONALITAT I PARRÒQUIA	0101010100120006	POBLACIÓ PER NACIONALITAT I PARRÒQUIA. NORD-AMERICANS. CANILLO	2017	8
1094	POBLACIÓ PER NACIONALITAT I PARRÒQUIA	0101010100120006	POBLACIÓ PER NACIONALITAT I PARRÒQUIA. NORD-AMERICANS. CANILLO	2018	10
1094	POBLACIÓ PER NACIONALITAT I PARRÒQUIA	0101010100120006	POBLACIÓ PER NACIONALITAT I PARRÒQUIA. NORD-AMERICANS. CANILLO	2019	11
1094	POBLACIÓ PER NACIONALITAT I PARRÒQUIA	0101010100120006	POBLACIÓ PER NACIONALITAT I PARRÒQUIA. NORD-AMERICANS. CANILLO	2020	9
1094	POBLACIÓ PER NACIONALITAT I PARRÒQUIA	0101010100120006	POBLACIÓ PER NACIONALITAT I PARRÒQUIA. NORD-AMERICANS. CANILLO	2021	13
1094	POBLACIÓ PER NACIONALITAT I PARRÒQUIA	0101010100120006	POBLACIÓ PER NACIONALITAT I PARRÒQUIA. NORD-AMERICANS. CANILLO	2022	18
1094	POBLACIÓ PER NACIONALITAT I PARRÒQUIA	0101010100120006	POBLACIÓ PER NACIONALITAT I PARRÒQUIA. NORD-AMERICANS. CANILLO	2023	19
1094	POBLACIÓ PER NACIONALITAT I PARRÒQUIA	0101010100120006	POBLACIÓ PER NACIONALITAT I PARRÒQUIA. NORD-AMERICANS. CANILLO	2024	17
1094	POBLACIÓ PER NACIONALITAT I PARRÒQUIA	0101010100120006	POBLACIÓ PER NACIONALITAT I PARRÒQUIA. NORD-AMERICANS. CANILLO	2025	17
1094	POBLACIÓ PER NACIONALITAT I PARRÒQUIA	0101010100120007	POBLACIÓ PER NACIONALITAT I PARRÒQUIA. BRITANICS. CANILLO	2010	84
1094	POBLACIÓ PER NACIONALITAT I PARRÒQUIA	0101010100120007	POBLACIÓ PER NACIONALITAT I PARRÒQUIA. BRITANICS. CANILLO	2011	76
1094	POBLACIÓ PER NACIONALITAT I PARRÒQUIA	0101010100120007	POBLACIÓ PER NACIONALITAT I PARRÒQUIA. BRITANICS. CANILLO	2012	80
1094	POBLACIÓ PER NACIONALITAT I PARRÒQUIA	0101010100120007	POBLACIÓ PER NACIONALITAT I PARRÒQUIA. BRITANICS. CANILLO	2013	78
1094	POBLACIÓ PER NACIONALITAT I PARRÒQUIA	0101010100120007	POBLACIÓ PER NACIONALITAT I PARRÒQUIA. BRITANICS. CANILLO	2014	73
1094	POBLACIÓ PER NACIONALITAT I PARRÒQUIA	0101010100120007	POBLACIÓ PER NACIONALITAT I PARRÒQUIA. BRITANICS. CANILLO	2015	76
1094	POBLACIÓ PER NACIONALITAT I PARRÒQUIA	0101010100120007	POBLACIÓ PER NACIONALITAT I PARRÒQUIA. BRITANICS. CANILLO	2016	74
1094	POBLACIÓ PER NACIONALITAT I PARRÒQUIA	0101010100120007	POBLACIÓ PER NACIONALITAT I PARRÒQUIA. BRITANICS. CANILLO	2017	83
1094	POBLACIÓ PER NACIONALITAT I PARRÒQUIA	0101010100120007	POBLACIÓ PER NACIONALITAT I PARRÒQUIA. BRITANICS. CANILLO	2018	85
1094	POBLACIÓ PER NACIONALITAT I PARRÒQUIA	0101010100120007	POBLACIÓ PER NACIONALITAT I PARRÒQUIA. BRITANICS. CANILLO	2019	84
1094	POBLACIÓ PER NACIONALITAT I PARRÒQUIA	0101010100120007	POBLACIÓ PER NACIONALITAT I PARRÒQUIA. BRITANICS. CANILLO	2020	82
1094	POBLACIÓ PER NACIONALITAT I PARRÒQUIA	0101010100120007	POBLACIÓ PER NACIONALITAT I PARRÒQUIA. BRITANICS. CANILLO	2021	102
1094	POBLACIÓ PER NACIONALITAT I PARRÒQUIA	0101010100120007	POBLACIÓ PER NACIONALITAT I PARRÒQUIA. BRITANICS. CANILLO	2022	105
1094	POBLACIÓ PER NACIONALITAT I PARRÒQUIA	0101010100120007	POBLACIÓ PER NACIONALITAT I PARRÒQUIA. BRITANICS. CANILLO	2023	107
1094	POBLACIÓ PER NACIONALITAT I PARRÒQUIA	0101010100120007	POBLACIÓ PER NACIONALITAT I PARRÒQUIA. BRITANICS. CANILLO	2024	118
1094	POBLACIÓ PER NACIONALITAT I PARRÒQUIA	0101010100120007	POBLACIÓ PER NACIONALITAT I PARRÒQUIA. BRITANICS. CANILLO	2025	120
1094	POBLACIÓ PER NACIONALITAT I PARRÒQUIA	0101010100120008	POBLACIÓ PER NACIONALITAT I PARRÒQUIA. BELGUES. CANILLO	2010	14
1094	POBLACIÓ PER NACIONALITAT I PARRÒQUIA	0101010100120008	POBLACIÓ PER NACIONALITAT I PARRÒQUIA. BELGUES. CANILLO	2011	14
1094	POBLACIÓ PER NACIONALITAT I PARRÒQUIA	0101010100120008	POBLACIÓ PER NACIONALITAT I PARRÒQUIA. BELGUES. CANILLO	2012	13
1094	POBLACIÓ PER NACIONALITAT I PARRÒQUIA	0101010100120008	POBLACIÓ PER NACIONALITAT I PARRÒQUIA. BELGUES. CANILLO	2013	19
1094	POBLACIÓ PER NACIONALITAT I PARRÒQUIA	0101010100120008	POBLACIÓ PER NACIONALITAT I PARRÒQUIA. BELGUES. CANILLO	2014	25
1094	POBLACIÓ PER NACIONALITAT I PARRÒQUIA	0101010100120008	POBLACIÓ PER NACIONALITAT I PARRÒQUIA. BELGUES. CANILLO	2015	18
1094	POBLACIÓ PER NACIONALITAT I PARRÒQUIA	0101010100120008	POBLACIÓ PER NACIONALITAT I PARRÒQUIA. BELGUES. CANILLO	2016	33
1094	POBLACIÓ PER NACIONALITAT I PARRÒQUIA	0101010100120008	POBLACIÓ PER NACIONALITAT I PARRÒQUIA. BELGUES. CANILLO	2017	30
1094	POBLACIÓ PER NACIONALITAT I PARRÒQUIA	0101010100120008	POBLACIÓ PER NACIONALITAT I PARRÒQUIA. BELGUES. CANILLO	2018	34
1094	POBLACIÓ PER NACIONALITAT I PARRÒQUIA	0101010100120008	POBLACIÓ PER NACIONALITAT I PARRÒQUIA. BELGUES. CANILLO	2019	36
1094	POBLACIÓ PER NACIONALITAT I PARRÒQUIA	0101010100120008	POBLACIÓ PER NACIONALITAT I PARRÒQUIA. BELGUES. CANILLO	2020	35
1094	POBLACIÓ PER NACIONALITAT I PARRÒQUIA	0101010100120008	POBLACIÓ PER NACIONALITAT I PARRÒQUIA. BELGUES. CANILLO	2021	38
1094	POBLACIÓ PER NACIONALITAT I PARRÒQUIA	0101010100120008	POBLACIÓ PER NACIONALITAT I PARRÒQUIA. BELGUES. CANILLO	2022	41
1094	POBLACIÓ PER NACIONALITAT I PARRÒQUIA	0101010100120008	POBLACIÓ PER NACIONALITAT I PARRÒQUIA. BELGUES. CANILLO	2023	44
1094	POBLACIÓ PER NACIONALITAT I PARRÒQUIA	0101010100120008	POBLACIÓ PER NACIONALITAT I PARRÒQUIA. BELGUES. CANILLO	2024	39
1094	POBLACIÓ PER NACIONALITAT I PARRÒQUIA	0101010100120008	POBLACIÓ PER NACIONALITAT I PARRÒQUIA. BELGUES. CANILLO	2025	38
1094	POBLACIÓ PER NACIONALITAT I PARRÒQUIA	0101010100120009	POBLACIÓ PER NACIONALITAT I PARRÒQUIA. HOLANDESOS. CANILLO	2010	20
1094	POBLACIÓ PER NACIONALITAT I PARRÒQUIA	0101010100120009	POBLACIÓ PER NACIONALITAT I PARRÒQUIA. HOLANDESOS. CANILLO	2011	19
1094	POBLACIÓ PER NACIONALITAT I PARRÒQUIA	0101010100120009	POBLACIÓ PER NACIONALITAT I PARRÒQUIA. HOLANDESOS. CANILLO	2012	20
1094	POBLACIÓ PER NACIONALITAT I PARRÒQUIA	0101010100120009	POBLACIÓ PER NACIONALITAT I PARRÒQUIA. HOLANDESOS. CANILLO	2013	25
1094	POBLACIÓ PER NACIONALITAT I PARRÒQUIA	0101010100120009	POBLACIÓ PER NACIONALITAT I PARRÒQUIA. HOLANDESOS. CANILLO	2014	29
1094	POBLACIÓ PER NACIONALITAT I PARRÒQUIA	0101010100120009	POBLACIÓ PER NACIONALITAT I PARRÒQUIA. HOLANDESOS. CANILLO	2015	31
1094	POBLACIÓ PER NACIONALITAT I PARRÒQUIA	0101010100120009	POBLACIÓ PER NACIONALITAT I PARRÒQUIA. HOLANDESOS. CANILLO	2016	33
1094	POBLACIÓ PER NACIONALITAT I PARRÒQUIA	0101010100120009	POBLACIÓ PER NACIONALITAT I PARRÒQUIA. HOLANDESOS. CANILLO	2017	37
1094	POBLACIÓ PER NACIONALITAT I PARRÒQUIA	0101010100120009	POBLACIÓ PER NACIONALITAT I PARRÒQUIA. HOLANDESOS. CANILLO	2018	31
1094	POBLACIÓ PER NACIONALITAT I PARRÒQUIA	0101010100120009	POBLACIÓ PER NACIONALITAT I PARRÒQUIA. HOLANDESOS. CANILLO	2019	28
1094	POBLACIÓ PER NACIONALITAT I PARRÒQUIA	0101010100120009	POBLACIÓ PER NACIONALITAT I PARRÒQUIA. HOLANDESOS. CANILLO	2020	24
1094	POBLACIÓ PER NACIONALITAT I PARRÒQUIA	0101010100120009	POBLACIÓ PER NACIONALITAT I PARRÒQUIA. HOLANDESOS. CANILLO	2021	31
1094	POBLACIÓ PER NACIONALITAT I PARRÒQUIA	0101010100120009	POBLACIÓ PER NACIONALITAT I PARRÒQUIA. HOLANDESOS. CANILLO	2022	38
1094	POBLACIÓ PER NACIONALITAT I PARRÒQUIA	0101010100120009	POBLACIÓ PER NACIONALITAT I PARRÒQUIA. HOLANDESOS. CANILLO	2023	34
1094	POBLACIÓ PER NACIONALITAT I PARRÒQUIA	0101010100120009	POBLACIÓ PER NACIONALITAT I PARRÒQUIA. HOLANDESOS. CANILLO	2024	36
1094	POBLACIÓ PER NACIONALITAT I PARRÒQUIA	0101010100120009	POBLACIÓ PER NACIONALITAT I PARRÒQUIA. HOLANDESOS. CANILLO	2025	41
1094	POBLACIÓ PER NACIONALITAT I PARRÒQUIA	0101010100120010	POBLACIÓ PER NACIONALITAT I PARRÒQUIA. INDIS. CANILLO	2010	0
1094	POBLACIÓ PER NACIONALITAT I PARRÒQUIA	0101010100120010	POBLACIÓ PER NACIONALITAT I PARRÒQUIA. INDIS. CANILLO	2011	0
1094	POBLACIÓ PER NACIONALITAT I PARRÒQUIA	0101010100120010	POBLACIÓ PER NACIONALITAT I PARRÒQUIA. INDIS. CANILLO	2012	0
1094	POBLACIÓ PER NACIONALITAT I PARRÒQUIA	0101010100120010	POBLACIÓ PER NACIONALITAT I PARRÒQUIA. INDIS. CANILLO	2013	0
1094	POBLACIÓ PER NACIONALITAT I PARRÒQUIA	0101010100120010	POBLACIÓ PER NACIONALITAT I PARRÒQUIA. INDIS. CANILLO	2014	0
1094	POBLACIÓ PER NACIONALITAT I PARRÒQUIA	0101010100120010	POBLACIÓ PER NACIONALITAT I PARRÒQUIA. INDIS. CANILLO	2015	0
1094	POBLACIÓ PER NACIONALITAT I PARRÒQUIA	0101010100120010	POBLACIÓ PER NACIONALITAT I PARRÒQUIA. INDIS. CANILLO	2016	1
1094	POBLACIÓ PER NACIONALITAT I PARRÒQUIA	0101010100120010	POBLACIÓ PER NACIONALITAT I PARRÒQUIA. INDIS. CANILLO	2017	1
1094	POBLACIÓ PER NACIONALITAT I PARRÒQUIA	0101010100120010	POBLACIÓ PER NACIONALITAT I PARRÒQUIA. INDIS. CANILLO	2018	1
1094	POBLACIÓ PER NACIONALITAT I PARRÒQUIA	0101010100120010	POBLACIÓ PER NACIONALITAT I PARRÒQUIA. INDIS. CANILLO	2019	1
1094	POBLACIÓ PER NACIONALITAT I PARRÒQUIA	0101010100120010	POBLACIÓ PER NACIONALITAT I PARRÒQUIA. INDIS. CANILLO	2020	0
1094	POBLACIÓ PER NACIONALITAT I PARRÒQUIA	0101010100120010	POBLACIÓ PER NACIONALITAT I PARRÒQUIA. INDIS. CANILLO	2021	1
1094	POBLACIÓ PER NACIONALITAT I PARRÒQUIA	0101010100120010	POBLACIÓ PER NACIONALITAT I PARRÒQUIA. INDIS. CANILLO	2022	2
1094	POBLACIÓ PER NACIONALITAT I PARRÒQUIA	0101010100120010	POBLACIÓ PER NACIONALITAT I PARRÒQUIA. INDIS. CANILLO	2023	1
1094	POBLACIÓ PER NACIONALITAT I PARRÒQUIA	0101010100120010	POBLACIÓ PER NACIONALITAT I PARRÒQUIA. INDIS. CANILLO	2024	0
1094	POBLACIÓ PER NACIONALITAT I PARRÒQUIA	0101010100120010	POBLACIÓ PER NACIONALITAT I PARRÒQUIA. INDIS. CANILLO	2025	0
1094	POBLACIÓ PER NACIONALITAT I PARRÒQUIA	0101010100120011	POBLACIÓ PER NACIONALITAT I PARRÒQUIA. ITALIANS. CANILLO	2010	39
1094	POBLACIÓ PER NACIONALITAT I PARRÒQUIA	0101010100120011	POBLACIÓ PER NACIONALITAT I PARRÒQUIA. ITALIANS. CANILLO	2011	37
1094	POBLACIÓ PER NACIONALITAT I PARRÒQUIA	0101010100120011	POBLACIÓ PER NACIONALITAT I PARRÒQUIA. ITALIANS. CANILLO	2012	39
1094	POBLACIÓ PER NACIONALITAT I PARRÒQUIA	0101010100120011	POBLACIÓ PER NACIONALITAT I PARRÒQUIA. ITALIANS. CANILLO	2013	37
1094	POBLACIÓ PER NACIONALITAT I PARRÒQUIA	0101010100120011	POBLACIÓ PER NACIONALITAT I PARRÒQUIA. ITALIANS. CANILLO	2014	34
1094	POBLACIÓ PER NACIONALITAT I PARRÒQUIA	0101010100120011	POBLACIÓ PER NACIONALITAT I PARRÒQUIA. ITALIANS. CANILLO	2015	34
1094	POBLACIÓ PER NACIONALITAT I PARRÒQUIA	0101010100120011	POBLACIÓ PER NACIONALITAT I PARRÒQUIA. ITALIANS. CANILLO	2016	38
1094	POBLACIÓ PER NACIONALITAT I PARRÒQUIA	0101010100120011	POBLACIÓ PER NACIONALITAT I PARRÒQUIA. ITALIANS. CANILLO	2017	45
1094	POBLACIÓ PER NACIONALITAT I PARRÒQUIA	0101010100120011	POBLACIÓ PER NACIONALITAT I PARRÒQUIA. ITALIANS. CANILLO	2018	57
1094	POBLACIÓ PER NACIONALITAT I PARRÒQUIA	0101010100120011	POBLACIÓ PER NACIONALITAT I PARRÒQUIA. ITALIANS. CANILLO	2019	66
1094	POBLACIÓ PER NACIONALITAT I PARRÒQUIA	0101010100120011	POBLACIÓ PER NACIONALITAT I PARRÒQUIA. ITALIANS. CANILLO	2020	76
1094	POBLACIÓ PER NACIONALITAT I PARRÒQUIA	0101010100120011	POBLACIÓ PER NACIONALITAT I PARRÒQUIA. ITALIANS. CANILLO	2021	81
1094	POBLACIÓ PER NACIONALITAT I PARRÒQUIA	0101010100120011	POBLACIÓ PER NACIONALITAT I PARRÒQUIA. ITALIANS. CANILLO	2022	77
1094	POBLACIÓ PER NACIONALITAT I PARRÒQUIA	0101010100120011	POBLACIÓ PER NACIONALITAT I PARRÒQUIA. ITALIANS. CANILLO	2023	85
1094	POBLACIÓ PER NACIONALITAT I PARRÒQUIA	0101010100120011	POBLACIÓ PER NACIONALITAT I PARRÒQUIA. ITALIANS. CANILLO	2024	91
1094	POBLACIÓ PER NACIONALITAT I PARRÒQUIA	0101010100120011	POBLACIÓ PER NACIONALITAT I PARRÒQUIA. ITALIANS. CANILLO	2025	95
1094	POBLACIÓ PER NACIONALITAT I PARRÒQUIA	0101010100120012	POBLACIÓ PER NACIONALITAT I PARRÒQUIA. MARROQUINS. CANILLO	2010	8
1094	POBLACIÓ PER NACIONALITAT I PARRÒQUIA	0101010100120012	POBLACIÓ PER NACIONALITAT I PARRÒQUIA. MARROQUINS. CANILLO	2011	9
1094	POBLACIÓ PER NACIONALITAT I PARRÒQUIA	0101010100120012	POBLACIÓ PER NACIONALITAT I PARRÒQUIA. MARROQUINS. CANILLO	2012	11
1094	POBLACIÓ PER NACIONALITAT I PARRÒQUIA	0101010100120012	POBLACIÓ PER NACIONALITAT I PARRÒQUIA. MARROQUINS. CANILLO	2013	7
1094	POBLACIÓ PER NACIONALITAT I PARRÒQUIA	0101010100120012	POBLACIÓ PER NACIONALITAT I PARRÒQUIA. MARROQUINS. CANILLO	2014	3
1094	POBLACIÓ PER NACIONALITAT I PARRÒQUIA	0101010100120012	POBLACIÓ PER NACIONALITAT I PARRÒQUIA. MARROQUINS. CANILLO	2015	5
1094	POBLACIÓ PER NACIONALITAT I PARRÒQUIA	0101010100120012	POBLACIÓ PER NACIONALITAT I PARRÒQUIA. MARROQUINS. CANILLO	2016	5
1094	POBLACIÓ PER NACIONALITAT I PARRÒQUIA	0101010100120012	POBLACIÓ PER NACIONALITAT I PARRÒQUIA. MARROQUINS. CANILLO	2017	0
1094	POBLACIÓ PER NACIONALITAT I PARRÒQUIA	0101010100120012	POBLACIÓ PER NACIONALITAT I PARRÒQUIA. MARROQUINS. CANILLO	2018	6
1094	POBLACIÓ PER NACIONALITAT I PARRÒQUIA	0101010100120012	POBLACIÓ PER NACIONALITAT I PARRÒQUIA. MARROQUINS. CANILLO	2019	7
1094	POBLACIÓ PER NACIONALITAT I PARRÒQUIA	0101010100120012	POBLACIÓ PER NACIONALITAT I PARRÒQUIA. MARROQUINS. CANILLO	2020	10
1094	POBLACIÓ PER NACIONALITAT I PARRÒQUIA	0101010100120012	POBLACIÓ PER NACIONALITAT I PARRÒQUIA. MARROQUINS. CANILLO	2021	11
1094	POBLACIÓ PER NACIONALITAT I PARRÒQUIA	0101010100120012	POBLACIÓ PER NACIONALITAT I PARRÒQUIA. MARROQUINS. CANILLO	2022	11
1094	POBLACIÓ PER NACIONALITAT I PARRÒQUIA	0101010100120012	POBLACIÓ PER NACIONALITAT I PARRÒQUIA. MARROQUINS. CANILLO	2023	17
1094	POBLACIÓ PER NACIONALITAT I PARRÒQUIA	0101010100120012	POBLACIÓ PER NACIONALITAT I PARRÒQUIA. MARROQUINS. CANILLO	2024	17
1094	POBLACIÓ PER NACIONALITAT I PARRÒQUIA	0101010100120012	POBLACIÓ PER NACIONALITAT I PARRÒQUIA. MARROQUINS. CANILLO	2025	19
1094	POBLACIÓ PER NACIONALITAT I PARRÒQUIA	0101010100120013	POBLACIÓ PER NACIONALITAT I PARRÒQUIA. PORTUGUESOS. CANILLO	2010	527
1094	POBLACIÓ PER NACIONALITAT I PARRÒQUIA	0101010100120013	POBLACIÓ PER NACIONALITAT I PARRÒQUIA. PORTUGUESOS. CANILLO	2011	479
1094	POBLACIÓ PER NACIONALITAT I PARRÒQUIA	0101010100120013	POBLACIÓ PER NACIONALITAT I PARRÒQUIA. PORTUGUESOS. CANILLO	2012	454
1094	POBLACIÓ PER NACIONALITAT I PARRÒQUIA	0101010100120013	POBLACIÓ PER NACIONALITAT I PARRÒQUIA. PORTUGUESOS. CANILLO	2013	423
1094	POBLACIÓ PER NACIONALITAT I PARRÒQUIA	0101010100120013	POBLACIÓ PER NACIONALITAT I PARRÒQUIA. PORTUGUESOS. CANILLO	2014	406
1094	POBLACIÓ PER NACIONALITAT I PARRÒQUIA	0101010100120013	POBLACIÓ PER NACIONALITAT I PARRÒQUIA. PORTUGUESOS. CANILLO	2015	400
1094	POBLACIÓ PER NACIONALITAT I PARRÒQUIA	0101010100120013	POBLACIÓ PER NACIONALITAT I PARRÒQUIA. PORTUGUESOS. CANILLO	2016	402
1094	POBLACIÓ PER NACIONALITAT I PARRÒQUIA	0101010100120013	POBLACIÓ PER NACIONALITAT I PARRÒQUIA. PORTUGUESOS. CANILLO	2017	413
1094	POBLACIÓ PER NACIONALITAT I PARRÒQUIA	0101010100120013	POBLACIÓ PER NACIONALITAT I PARRÒQUIA. PORTUGUESOS. CANILLO	2018	391
1094	POBLACIÓ PER NACIONALITAT I PARRÒQUIA	0101010100120013	POBLACIÓ PER NACIONALITAT I PARRÒQUIA. PORTUGUESOS. CANILLO	2019	403
1094	POBLACIÓ PER NACIONALITAT I PARRÒQUIA	0101010100120013	POBLACIÓ PER NACIONALITAT I PARRÒQUIA. PORTUGUESOS. CANILLO	2020	386
1094	POBLACIÓ PER NACIONALITAT I PARRÒQUIA	0101010100120013	POBLACIÓ PER NACIONALITAT I PARRÒQUIA. PORTUGUESOS. CANILLO	2021	373
1094	POBLACIÓ PER NACIONALITAT I PARRÒQUIA	0101010100120013	POBLACIÓ PER NACIONALITAT I PARRÒQUIA. PORTUGUESOS. CANILLO	2022	387
1094	POBLACIÓ PER NACIONALITAT I PARRÒQUIA	0101010100120013	POBLACIÓ PER NACIONALITAT I PARRÒQUIA. PORTUGUESOS. CANILLO	2023	375
1094	POBLACIÓ PER NACIONALITAT I PARRÒQUIA	0101010100120013	POBLACIÓ PER NACIONALITAT I PARRÒQUIA. PORTUGUESOS. CANILLO	2024	360
1094	POBLACIÓ PER NACIONALITAT I PARRÒQUIA	0101010100120013	POBLACIÓ PER NACIONALITAT I PARRÒQUIA. PORTUGUESOS. CANILLO	2025	372
1094	POBLACIÓ PER NACIONALITAT I PARRÒQUIA	0101010100120014	POBLACIÓ PER NACIONALITAT I PARRÒQUIA. URUGUAIANS. CANILLO	2010	3
1094	POBLACIÓ PER NACIONALITAT I PARRÒQUIA	0101010100120014	POBLACIÓ PER NACIONALITAT I PARRÒQUIA. URUGUAIANS. CANILLO	2011	3
1094	POBLACIÓ PER NACIONALITAT I PARRÒQUIA	0101010100120014	POBLACIÓ PER NACIONALITAT I PARRÒQUIA. URUGUAIANS. CANILLO	2012	4
1094	POBLACIÓ PER NACIONALITAT I PARRÒQUIA	0101010100120014	POBLACIÓ PER NACIONALITAT I PARRÒQUIA. URUGUAIANS. CANILLO	2013	4
1094	POBLACIÓ PER NACIONALITAT I PARRÒQUIA	0101010100120014	POBLACIÓ PER NACIONALITAT I PARRÒQUIA. URUGUAIANS. CANILLO	2014	5
1094	POBLACIÓ PER NACIONALITAT I PARRÒQUIA	0101010100120014	POBLACIÓ PER NACIONALITAT I PARRÒQUIA. URUGUAIANS. CANILLO	2015	3
1094	POBLACIÓ PER NACIONALITAT I PARRÒQUIA	0101010100120014	POBLACIÓ PER NACIONALITAT I PARRÒQUIA. URUGUAIANS. CANILLO	2016	2
1094	POBLACIÓ PER NACIONALITAT I PARRÒQUIA	0101010100120014	POBLACIÓ PER NACIONALITAT I PARRÒQUIA. URUGUAIANS. CANILLO	2017	2
1094	POBLACIÓ PER NACIONALITAT I PARRÒQUIA	0101010100120014	POBLACIÓ PER NACIONALITAT I PARRÒQUIA. URUGUAIANS. CANILLO	2018	2
1094	POBLACIÓ PER NACIONALITAT I PARRÒQUIA	0101010100120014	POBLACIÓ PER NACIONALITAT I PARRÒQUIA. URUGUAIANS. CANILLO	2019	6
1094	POBLACIÓ PER NACIONALITAT I PARRÒQUIA	0101010100120014	POBLACIÓ PER NACIONALITAT I PARRÒQUIA. URUGUAIANS. CANILLO	2020	4
1094	POBLACIÓ PER NACIONALITAT I PARRÒQUIA	0101010100120014	POBLACIÓ PER NACIONALITAT I PARRÒQUIA. URUGUAIANS. CANILLO	2021	3
1094	POBLACIÓ PER NACIONALITAT I PARRÒQUIA	0101010100120014	POBLACIÓ PER NACIONALITAT I PARRÒQUIA. URUGUAIANS. CANILLO	2022	5
1094	POBLACIÓ PER NACIONALITAT I PARRÒQUIA	0101010100120014	POBLACIÓ PER NACIONALITAT I PARRÒQUIA. URUGUAIANS. CANILLO	2023	4
1094	POBLACIÓ PER NACIONALITAT I PARRÒQUIA	0101010100120014	POBLACIÓ PER NACIONALITAT I PARRÒQUIA. URUGUAIANS. CANILLO	2024	6
1094	POBLACIÓ PER NACIONALITAT I PARRÒQUIA	0101010100120014	POBLACIÓ PER NACIONALITAT I PARRÒQUIA. URUGUAIANS. CANILLO	2025	5
1094	POBLACIÓ PER NACIONALITAT I PARRÒQUIA	0101010100120015	POBLACIÓ PER NACIONALITAT I PARRÒQUIA. XILENS. CANILLO	2010	27
1094	POBLACIÓ PER NACIONALITAT I PARRÒQUIA	0101010100120015	POBLACIÓ PER NACIONALITAT I PARRÒQUIA. XILENS. CANILLO	2011	32
1094	POBLACIÓ PER NACIONALITAT I PARRÒQUIA	0101010100120015	POBLACIÓ PER NACIONALITAT I PARRÒQUIA. XILENS. CANILLO	2012	34
1094	POBLACIÓ PER NACIONALITAT I PARRÒQUIA	0101010100120015	POBLACIÓ PER NACIONALITAT I PARRÒQUIA. XILENS. CANILLO	2013	33
1094	POBLACIÓ PER NACIONALITAT I PARRÒQUIA	0101010100120015	POBLACIÓ PER NACIONALITAT I PARRÒQUIA. XILENS. CANILLO	2014	31
1094	POBLACIÓ PER NACIONALITAT I PARRÒQUIA	0101010100120015	POBLACIÓ PER NACIONALITAT I PARRÒQUIA. XILENS. CANILLO	2015	26
1094	POBLACIÓ PER NACIONALITAT I PARRÒQUIA	0101010100120015	POBLACIÓ PER NACIONALITAT I PARRÒQUIA. XILENS. CANILLO	2016	27
1094	POBLACIÓ PER NACIONALITAT I PARRÒQUIA	0101010100120015	POBLACIÓ PER NACIONALITAT I PARRÒQUIA. XILENS. CANILLO	2017	26
1094	POBLACIÓ PER NACIONALITAT I PARRÒQUIA	0101010100120015	POBLACIÓ PER NACIONALITAT I PARRÒQUIA. XILENS. CANILLO	2018	37
1094	POBLACIÓ PER NACIONALITAT I PARRÒQUIA	0101010100120015	POBLACIÓ PER NACIONALITAT I PARRÒQUIA. XILENS. CANILLO	2019	41
1094	POBLACIÓ PER NACIONALITAT I PARRÒQUIA	0101010100120015	POBLACIÓ PER NACIONALITAT I PARRÒQUIA. XILENS. CANILLO	2020	43
1094	POBLACIÓ PER NACIONALITAT I PARRÒQUIA	0101010100120015	POBLACIÓ PER NACIONALITAT I PARRÒQUIA. XILENS. CANILLO	2021	50
1094	POBLACIÓ PER NACIONALITAT I PARRÒQUIA	0101010100120015	POBLACIÓ PER NACIONALITAT I PARRÒQUIA. XILENS. CANILLO	2022	61
1094	POBLACIÓ PER NACIONALITAT I PARRÒQUIA	0101010100120015	POBLACIÓ PER NACIONALITAT I PARRÒQUIA. XILENS. CANILLO	2023	86
1094	POBLACIÓ PER NACIONALITAT I PARRÒQUIA	0101010100120015	POBLACIÓ PER NACIONALITAT I PARRÒQUIA. XILENS. CANILLO	2024	96
1094	POBLACIÓ PER NACIONALITAT I PARRÒQUIA	0101010100120015	POBLACIÓ PER NACIONALITAT I PARRÒQUIA. XILENS. CANILLO	2025	108
1094	POBLACIÓ PER NACIONALITAT I PARRÒQUIA	0101010100120016	POBLACIÓ PER NACIONALITAT I PARRÒQUIA. FILIPINS. CANILLO	2010	0
1094	POBLACIÓ PER NACIONALITAT I PARRÒQUIA	0101010100120016	POBLACIÓ PER NACIONALITAT I PARRÒQUIA. FILIPINS. CANILLO	2011	0
1094	POBLACIÓ PER NACIONALITAT I PARRÒQUIA	0101010100120016	POBLACIÓ PER NACIONALITAT I PARRÒQUIA. FILIPINS. CANILLO	2012	1
1094	POBLACIÓ PER NACIONALITAT I PARRÒQUIA	0101010100120016	POBLACIÓ PER NACIONALITAT I PARRÒQUIA. FILIPINS. CANILLO	2013	1
1094	POBLACIÓ PER NACIONALITAT I PARRÒQUIA	0101010100120016	POBLACIÓ PER NACIONALITAT I PARRÒQUIA. FILIPINS. CANILLO	2014	0
1094	POBLACIÓ PER NACIONALITAT I PARRÒQUIA	0101010100120016	POBLACIÓ PER NACIONALITAT I PARRÒQUIA. FILIPINS. CANILLO	2015	0
1094	POBLACIÓ PER NACIONALITAT I PARRÒQUIA	0101010100120016	POBLACIÓ PER NACIONALITAT I PARRÒQUIA. FILIPINS. CANILLO	2016	1
1094	POBLACIÓ PER NACIONALITAT I PARRÒQUIA	0101010100120016	POBLACIÓ PER NACIONALITAT I PARRÒQUIA. FILIPINS. CANILLO	2017	1
1094	POBLACIÓ PER NACIONALITAT I PARRÒQUIA	0101010100120016	POBLACIÓ PER NACIONALITAT I PARRÒQUIA. FILIPINS. CANILLO	2018	1
1094	POBLACIÓ PER NACIONALITAT I PARRÒQUIA	0101010100120016	POBLACIÓ PER NACIONALITAT I PARRÒQUIA. FILIPINS. CANILLO	2019	1
1094	POBLACIÓ PER NACIONALITAT I PARRÒQUIA	0101010100120016	POBLACIÓ PER NACIONALITAT I PARRÒQUIA. FILIPINS. CANILLO	2020	0
1094	POBLACIÓ PER NACIONALITAT I PARRÒQUIA	0101010100120016	POBLACIÓ PER NACIONALITAT I PARRÒQUIA. FILIPINS. CANILLO	2021	1
1094	POBLACIÓ PER NACIONALITAT I PARRÒQUIA	0101010100120016	POBLACIÓ PER NACIONALITAT I PARRÒQUIA. FILIPINS. CANILLO	2022	3
1094	POBLACIÓ PER NACIONALITAT I PARRÒQUIA	0101010100120016	POBLACIÓ PER NACIONALITAT I PARRÒQUIA. FILIPINS. CANILLO	2023	4
1094	POBLACIÓ PER NACIONALITAT I PARRÒQUIA	0101010100120016	POBLACIÓ PER NACIONALITAT I PARRÒQUIA. FILIPINS. CANILLO	2024	7
1094	POBLACIÓ PER NACIONALITAT I PARRÒQUIA	0101010100120016	POBLACIÓ PER NACIONALITAT I PARRÒQUIA. FILIPINS. CANILLO	2025	8
1094	POBLACIÓ PER NACIONALITAT I PARRÒQUIA	0101010100120017	POBLACIÓ PER NACIONALITAT I PARRÒQUIA. ALTRES NACIONALITATS. CANILLO	2010	113
1094	POBLACIÓ PER NACIONALITAT I PARRÒQUIA	0101010100120017	POBLACIÓ PER NACIONALITAT I PARRÒQUIA. ALTRES NACIONALITATS. CANILLO	2011	119
1094	POBLACIÓ PER NACIONALITAT I PARRÒQUIA	0101010100120017	POBLACIÓ PER NACIONALITAT I PARRÒQUIA. ALTRES NACIONALITATS. CANILLO	2012	169
1094	POBLACIÓ PER NACIONALITAT I PARRÒQUIA	0101010100120017	POBLACIÓ PER NACIONALITAT I PARRÒQUIA. ALTRES NACIONALITATS. CANILLO	2013	180
1094	POBLACIÓ PER NACIONALITAT I PARRÒQUIA	0101010100120017	POBLACIÓ PER NACIONALITAT I PARRÒQUIA. ALTRES NACIONALITATS. CANILLO	2014	194
1094	POBLACIÓ PER NACIONALITAT I PARRÒQUIA	0101010100120017	POBLACIÓ PER NACIONALITAT I PARRÒQUIA. ALTRES NACIONALITATS. CANILLO	2015	218
1094	POBLACIÓ PER NACIONALITAT I PARRÒQUIA	0101010100120017	POBLACIÓ PER NACIONALITAT I PARRÒQUIA. ALTRES NACIONALITATS. CANILLO	2016	219
1094	POBLACIÓ PER NACIONALITAT I PARRÒQUIA	0101010100120017	POBLACIÓ PER NACIONALITAT I PARRÒQUIA. ALTRES NACIONALITATS. CANILLO	2017	238
1094	POBLACIÓ PER NACIONALITAT I PARRÒQUIA	0101010100120017	POBLACIÓ PER NACIONALITAT I PARRÒQUIA. ALTRES NACIONALITATS. CANILLO	2018	264
1094	POBLACIÓ PER NACIONALITAT I PARRÒQUIA	0101010100120017	POBLACIÓ PER NACIONALITAT I PARRÒQUIA. ALTRES NACIONALITATS. CANILLO	2019	299
1094	POBLACIÓ PER NACIONALITAT I PARRÒQUIA	0101010100120017	POBLACIÓ PER NACIONALITAT I PARRÒQUIA. ALTRES NACIONALITATS. CANILLO	2020	325
1094	POBLACIÓ PER NACIONALITAT I PARRÒQUIA	0101010100120017	POBLACIÓ PER NACIONALITAT I PARRÒQUIA. ALTRES NACIONALITATS. CANILLO	2021	365
1094	POBLACIÓ PER NACIONALITAT I PARRÒQUIA	0101010100120017	POBLACIÓ PER NACIONALITAT I PARRÒQUIA. ALTRES NACIONALITATS. CANILLO	2022	482
1094	POBLACIÓ PER NACIONALITAT I PARRÒQUIA	0101010100120017	POBLACIÓ PER NACIONALITAT I PARRÒQUIA. ALTRES NACIONALITATS. CANILLO	2023	669
1094	POBLACIÓ PER NACIONALITAT I PARRÒQUIA	0101010100120017	POBLACIÓ PER NACIONALITAT I PARRÒQUIA. ALTRES NACIONALITATS. CANILLO	2024	777
1094	POBLACIÓ PER NACIONALITAT I PARRÒQUIA	0101010100120017	POBLACIÓ PER NACIONALITAT I PARRÒQUIA. ALTRES NACIONALITATS. CANILLO	2025	896
1094	POBLACIÓ PER NACIONALITAT I PARRÒQUIA	0101010100120018	POBLACIÓ PER NACIONALITAT I PARRÒQUIA. ANDORRANS. ENCAMP	2010	5096
1094	POBLACIÓ PER NACIONALITAT I PARRÒQUIA	0101010100120018	POBLACIÓ PER NACIONALITAT I PARRÒQUIA. ANDORRANS. ENCAMP	2011	5202
1094	POBLACIÓ PER NACIONALITAT I PARRÒQUIA	0101010100120018	POBLACIÓ PER NACIONALITAT I PARRÒQUIA. ANDORRANS. ENCAMP	2012	5152
1094	POBLACIÓ PER NACIONALITAT I PARRÒQUIA	0101010100120018	POBLACIÓ PER NACIONALITAT I PARRÒQUIA. ANDORRANS. ENCAMP	2013	5200
1094	POBLACIÓ PER NACIONALITAT I PARRÒQUIA	0101010100120018	POBLACIÓ PER NACIONALITAT I PARRÒQUIA. ANDORRANS. ENCAMP	2014	5258
1094	POBLACIÓ PER NACIONALITAT I PARRÒQUIA	0101010100120018	POBLACIÓ PER NACIONALITAT I PARRÒQUIA. ANDORRANS. ENCAMP	2015	5386
1094	POBLACIÓ PER NACIONALITAT I PARRÒQUIA	0101010100120018	POBLACIÓ PER NACIONALITAT I PARRÒQUIA. ANDORRANS. ENCAMP	2016	5427
1094	POBLACIÓ PER NACIONALITAT I PARRÒQUIA	0101010100120018	POBLACIÓ PER NACIONALITAT I PARRÒQUIA. ANDORRANS. ENCAMP	2017	5478
1094	POBLACIÓ PER NACIONALITAT I PARRÒQUIA	0101010100120018	POBLACIÓ PER NACIONALITAT I PARRÒQUIA. ANDORRANS. ENCAMP	2018	5562
1094	POBLACIÓ PER NACIONALITAT I PARRÒQUIA	0101010100120018	POBLACIÓ PER NACIONALITAT I PARRÒQUIA. ANDORRANS. ENCAMP	2019	5605
1094	POBLACIÓ PER NACIONALITAT I PARRÒQUIA	0101010100120018	POBLACIÓ PER NACIONALITAT I PARRÒQUIA. ANDORRANS. ENCAMP	2020	5639
1094	POBLACIÓ PER NACIONALITAT I PARRÒQUIA	0101010100120018	POBLACIÓ PER NACIONALITAT I PARRÒQUIA. ANDORRANS. ENCAMP	2021	5688
1094	POBLACIÓ PER NACIONALITAT I PARRÒQUIA	0101010100120018	POBLACIÓ PER NACIONALITAT I PARRÒQUIA. ANDORRANS. ENCAMP	2022	5738
1094	POBLACIÓ PER NACIONALITAT I PARRÒQUIA	0101010100120018	POBLACIÓ PER NACIONALITAT I PARRÒQUIA. ANDORRANS. ENCAMP	2023	5782
1094	POBLACIÓ PER NACIONALITAT I PARRÒQUIA	0101010100120018	POBLACIÓ PER NACIONALITAT I PARRÒQUIA. ANDORRANS. ENCAMP	2024	5871
1094	POBLACIÓ PER NACIONALITAT I PARRÒQUIA	0101010100120018	POBLACIÓ PER NACIONALITAT I PARRÒQUIA. ANDORRANS. ENCAMP	2025	5928
1094	POBLACIÓ PER NACIONALITAT I PARRÒQUIA	0101010100120019	POBLACIÓ PER NACIONALITAT I PARRÒQUIA. ESPANYOLS. ENCAMP	2010	2323
1094	POBLACIÓ PER NACIONALITAT I PARRÒQUIA	0101010100120019	POBLACIÓ PER NACIONALITAT I PARRÒQUIA. ESPANYOLS. ENCAMP	2011	2193
1094	POBLACIÓ PER NACIONALITAT I PARRÒQUIA	0101010100120019	POBLACIÓ PER NACIONALITAT I PARRÒQUIA. ESPANYOLS. ENCAMP	2012	2194
1094	POBLACIÓ PER NACIONALITAT I PARRÒQUIA	0101010100120019	POBLACIÓ PER NACIONALITAT I PARRÒQUIA. ESPANYOLS. ENCAMP	2013	2129
1094	POBLACIÓ PER NACIONALITAT I PARRÒQUIA	0101010100120019	POBLACIÓ PER NACIONALITAT I PARRÒQUIA. ESPANYOLS. ENCAMP	2014	2138
1094	POBLACIÓ PER NACIONALITAT I PARRÒQUIA	0101010100120019	POBLACIÓ PER NACIONALITAT I PARRÒQUIA. ESPANYOLS. ENCAMP	2015	2159
1094	POBLACIÓ PER NACIONALITAT I PARRÒQUIA	0101010100120019	POBLACIÓ PER NACIONALITAT I PARRÒQUIA. ESPANYOLS. ENCAMP	2016	2201
1094	POBLACIÓ PER NACIONALITAT I PARRÒQUIA	0101010100120019	POBLACIÓ PER NACIONALITAT I PARRÒQUIA. ESPANYOLS. ENCAMP	2017	2308
1094	POBLACIÓ PER NACIONALITAT I PARRÒQUIA	0101010100120019	POBLACIÓ PER NACIONALITAT I PARRÒQUIA. ESPANYOLS. ENCAMP	2018	2363
1094	POBLACIÓ PER NACIONALITAT I PARRÒQUIA	0101010100120019	POBLACIÓ PER NACIONALITAT I PARRÒQUIA. ESPANYOLS. ENCAMP	2019	2404
1094	POBLACIÓ PER NACIONALITAT I PARRÒQUIA	0101010100120019	POBLACIÓ PER NACIONALITAT I PARRÒQUIA. ESPANYOLS. ENCAMP	2020	2394
1094	POBLACIÓ PER NACIONALITAT I PARRÒQUIA	0101010100120019	POBLACIÓ PER NACIONALITAT I PARRÒQUIA. ESPANYOLS. ENCAMP	2021	2396
1094	POBLACIÓ PER NACIONALITAT I PARRÒQUIA	0101010100120019	POBLACIÓ PER NACIONALITAT I PARRÒQUIA. ESPANYOLS. ENCAMP	2022	2500
1094	POBLACIÓ PER NACIONALITAT I PARRÒQUIA	0101010100120019	POBLACIÓ PER NACIONALITAT I PARRÒQUIA. ESPANYOLS. ENCAMP	2023	2520
1094	POBLACIÓ PER NACIONALITAT I PARRÒQUIA	0101010100120019	POBLACIÓ PER NACIONALITAT I PARRÒQUIA. ESPANYOLS. ENCAMP	2024	2566
1094	POBLACIÓ PER NACIONALITAT I PARRÒQUIA	0101010100120019	POBLACIÓ PER NACIONALITAT I PARRÒQUIA. ESPANYOLS. ENCAMP	2025	2608
1094	POBLACIÓ PER NACIONALITAT I PARRÒQUIA	0101010100120020	POBLACIÓ PER NACIONALITAT I PARRÒQUIA. FRANCESOS. ENCAMP	2010	869
1094	POBLACIÓ PER NACIONALITAT I PARRÒQUIA	0101010100120020	POBLACIÓ PER NACIONALITAT I PARRÒQUIA. FRANCESOS. ENCAMP	2011	790
1094	POBLACIÓ PER NACIONALITAT I PARRÒQUIA	0101010100120020	POBLACIÓ PER NACIONALITAT I PARRÒQUIA. FRANCESOS. ENCAMP	2012	755
1094	POBLACIÓ PER NACIONALITAT I PARRÒQUIA	0101010100120020	POBLACIÓ PER NACIONALITAT I PARRÒQUIA. FRANCESOS. ENCAMP	2013	705
1094	POBLACIÓ PER NACIONALITAT I PARRÒQUIA	0101010100120020	POBLACIÓ PER NACIONALITAT I PARRÒQUIA. FRANCESOS. ENCAMP	2014	701
1094	POBLACIÓ PER NACIONALITAT I PARRÒQUIA	0101010100120020	POBLACIÓ PER NACIONALITAT I PARRÒQUIA. FRANCESOS. ENCAMP	2015	728
1094	POBLACIÓ PER NACIONALITAT I PARRÒQUIA	0101010100120020	POBLACIÓ PER NACIONALITAT I PARRÒQUIA. FRANCESOS. ENCAMP	2016	716
1094	POBLACIÓ PER NACIONALITAT I PARRÒQUIA	0101010100120020	POBLACIÓ PER NACIONALITAT I PARRÒQUIA. FRANCESOS. ENCAMP	2017	767
1094	POBLACIÓ PER NACIONALITAT I PARRÒQUIA	0101010100120020	POBLACIÓ PER NACIONALITAT I PARRÒQUIA. FRANCESOS. ENCAMP	2018	778
1094	POBLACIÓ PER NACIONALITAT I PARRÒQUIA	0101010100120020	POBLACIÓ PER NACIONALITAT I PARRÒQUIA. FRANCESOS. ENCAMP	2019	760
1094	POBLACIÓ PER NACIONALITAT I PARRÒQUIA	0101010100120020	POBLACIÓ PER NACIONALITAT I PARRÒQUIA. FRANCESOS. ENCAMP	2020	746
1094	POBLACIÓ PER NACIONALITAT I PARRÒQUIA	0101010100120020	POBLACIÓ PER NACIONALITAT I PARRÒQUIA. FRANCESOS. ENCAMP	2021	733
1094	POBLACIÓ PER NACIONALITAT I PARRÒQUIA	0101010100120020	POBLACIÓ PER NACIONALITAT I PARRÒQUIA. FRANCESOS. ENCAMP	2022	734
1094	POBLACIÓ PER NACIONALITAT I PARRÒQUIA	0101010100120020	POBLACIÓ PER NACIONALITAT I PARRÒQUIA. FRANCESOS. ENCAMP	2023	733
1094	POBLACIÓ PER NACIONALITAT I PARRÒQUIA	0101010100120020	POBLACIÓ PER NACIONALITAT I PARRÒQUIA. FRANCESOS. ENCAMP	2024	716
1094	POBLACIÓ PER NACIONALITAT I PARRÒQUIA	0101010100120020	POBLACIÓ PER NACIONALITAT I PARRÒQUIA. FRANCESOS. ENCAMP	2025	742
1094	POBLACIÓ PER NACIONALITAT I PARRÒQUIA	0101010100120021	POBLACIÓ PER NACIONALITAT I PARRÒQUIA. ALEMANYS. ENCAMP	2010	17
1094	POBLACIÓ PER NACIONALITAT I PARRÒQUIA	0101010100120021	POBLACIÓ PER NACIONALITAT I PARRÒQUIA. ALEMANYS. ENCAMP	2011	14
1094	POBLACIÓ PER NACIONALITAT I PARRÒQUIA	0101010100120021	POBLACIÓ PER NACIONALITAT I PARRÒQUIA. ALEMANYS. ENCAMP	2012	13
1094	POBLACIÓ PER NACIONALITAT I PARRÒQUIA	0101010100120021	POBLACIÓ PER NACIONALITAT I PARRÒQUIA. ALEMANYS. ENCAMP	2013	15
1094	POBLACIÓ PER NACIONALITAT I PARRÒQUIA	0101010100120021	POBLACIÓ PER NACIONALITAT I PARRÒQUIA. ALEMANYS. ENCAMP	2014	16
1094	POBLACIÓ PER NACIONALITAT I PARRÒQUIA	0101010100120021	POBLACIÓ PER NACIONALITAT I PARRÒQUIA. ALEMANYS. ENCAMP	2015	17
1094	POBLACIÓ PER NACIONALITAT I PARRÒQUIA	0101010100120021	POBLACIÓ PER NACIONALITAT I PARRÒQUIA. ALEMANYS. ENCAMP	2016	17
1094	POBLACIÓ PER NACIONALITAT I PARRÒQUIA	0101010100120021	POBLACIÓ PER NACIONALITAT I PARRÒQUIA. ALEMANYS. ENCAMP	2017	20
1094	POBLACIÓ PER NACIONALITAT I PARRÒQUIA	0101010100120021	POBLACIÓ PER NACIONALITAT I PARRÒQUIA. ALEMANYS. ENCAMP	2018	20
1094	POBLACIÓ PER NACIONALITAT I PARRÒQUIA	0101010100120021	POBLACIÓ PER NACIONALITAT I PARRÒQUIA. ALEMANYS. ENCAMP	2019	22
1094	POBLACIÓ PER NACIONALITAT I PARRÒQUIA	0101010100120021	POBLACIÓ PER NACIONALITAT I PARRÒQUIA. ALEMANYS. ENCAMP	2020	16
1094	POBLACIÓ PER NACIONALITAT I PARRÒQUIA	0101010100120021	POBLACIÓ PER NACIONALITAT I PARRÒQUIA. ALEMANYS. ENCAMP	2021	23
1094	POBLACIÓ PER NACIONALITAT I PARRÒQUIA	0101010100120021	POBLACIÓ PER NACIONALITAT I PARRÒQUIA. ALEMANYS. ENCAMP	2022	27
1094	POBLACIÓ PER NACIONALITAT I PARRÒQUIA	0101010100120021	POBLACIÓ PER NACIONALITAT I PARRÒQUIA. ALEMANYS. ENCAMP	2023	24
1094	POBLACIÓ PER NACIONALITAT I PARRÒQUIA	0101010100120021	POBLACIÓ PER NACIONALITAT I PARRÒQUIA. ALEMANYS. ENCAMP	2024	27
1094	POBLACIÓ PER NACIONALITAT I PARRÒQUIA	0101010100120021	POBLACIÓ PER NACIONALITAT I PARRÒQUIA. ALEMANYS. ENCAMP	2025	25
1094	POBLACIÓ PER NACIONALITAT I PARRÒQUIA	0101010100120022	POBLACIÓ PER NACIONALITAT I PARRÒQUIA. ARGENTINS. ENCAMP	2010	111
1094	POBLACIÓ PER NACIONALITAT I PARRÒQUIA	0101010100120022	POBLACIÓ PER NACIONALITAT I PARRÒQUIA. ARGENTINS. ENCAMP	2011	103
1094	POBLACIÓ PER NACIONALITAT I PARRÒQUIA	0101010100120022	POBLACIÓ PER NACIONALITAT I PARRÒQUIA. ARGENTINS. ENCAMP	2012	97
1094	POBLACIÓ PER NACIONALITAT I PARRÒQUIA	0101010100120022	POBLACIÓ PER NACIONALITAT I PARRÒQUIA. ARGENTINS. ENCAMP	2013	93
1094	POBLACIÓ PER NACIONALITAT I PARRÒQUIA	0101010100120022	POBLACIÓ PER NACIONALITAT I PARRÒQUIA. ARGENTINS. ENCAMP	2014	95
1094	POBLACIÓ PER NACIONALITAT I PARRÒQUIA	0101010100120022	POBLACIÓ PER NACIONALITAT I PARRÒQUIA. ARGENTINS. ENCAMP	2015	92
1094	POBLACIÓ PER NACIONALITAT I PARRÒQUIA	0101010100120022	POBLACIÓ PER NACIONALITAT I PARRÒQUIA. ARGENTINS. ENCAMP	2016	93
1094	POBLACIÓ PER NACIONALITAT I PARRÒQUIA	0101010100120022	POBLACIÓ PER NACIONALITAT I PARRÒQUIA. ARGENTINS. ENCAMP	2017	96
1094	POBLACIÓ PER NACIONALITAT I PARRÒQUIA	0101010100120022	POBLACIÓ PER NACIONALITAT I PARRÒQUIA. ARGENTINS. ENCAMP	2018	117
1094	POBLACIÓ PER NACIONALITAT I PARRÒQUIA	0101010100120022	POBLACIÓ PER NACIONALITAT I PARRÒQUIA. ARGENTINS. ENCAMP	2019	134
1094	POBLACIÓ PER NACIONALITAT I PARRÒQUIA	0101010100120022	POBLACIÓ PER NACIONALITAT I PARRÒQUIA. ARGENTINS. ENCAMP	2020	158
1094	POBLACIÓ PER NACIONALITAT I PARRÒQUIA	0101010100120022	POBLACIÓ PER NACIONALITAT I PARRÒQUIA. ARGENTINS. ENCAMP	2021	179
1094	POBLACIÓ PER NACIONALITAT I PARRÒQUIA	0101010100120022	POBLACIÓ PER NACIONALITAT I PARRÒQUIA. ARGENTINS. ENCAMP	2022	221
1094	POBLACIÓ PER NACIONALITAT I PARRÒQUIA	0101010100120022	POBLACIÓ PER NACIONALITAT I PARRÒQUIA. ARGENTINS. ENCAMP	2023	524
1094	POBLACIÓ PER NACIONALITAT I PARRÒQUIA	0101010100120022	POBLACIÓ PER NACIONALITAT I PARRÒQUIA. ARGENTINS. ENCAMP	2024	605
1094	POBLACIÓ PER NACIONALITAT I PARRÒQUIA	0101010100120022	POBLACIÓ PER NACIONALITAT I PARRÒQUIA. ARGENTINS. ENCAMP	2025	645
1094	POBLACIÓ PER NACIONALITAT I PARRÒQUIA	0101010100120023	POBLACIÓ PER NACIONALITAT I PARRÒQUIA. NORD-AMERICANS. ENCAMP	2010	4
1094	POBLACIÓ PER NACIONALITAT I PARRÒQUIA	0101010100120023	POBLACIÓ PER NACIONALITAT I PARRÒQUIA. NORD-AMERICANS. ENCAMP	2011	6
1094	POBLACIÓ PER NACIONALITAT I PARRÒQUIA	0101010100120023	POBLACIÓ PER NACIONALITAT I PARRÒQUIA. NORD-AMERICANS. ENCAMP	2012	4
1094	POBLACIÓ PER NACIONALITAT I PARRÒQUIA	0101010100120023	POBLACIÓ PER NACIONALITAT I PARRÒQUIA. NORD-AMERICANS. ENCAMP	2013	3
1094	POBLACIÓ PER NACIONALITAT I PARRÒQUIA	0101010100120023	POBLACIÓ PER NACIONALITAT I PARRÒQUIA. NORD-AMERICANS. ENCAMP	2014	2
1094	POBLACIÓ PER NACIONALITAT I PARRÒQUIA	0101010100120023	POBLACIÓ PER NACIONALITAT I PARRÒQUIA. NORD-AMERICANS. ENCAMP	2015	2
1094	POBLACIÓ PER NACIONALITAT I PARRÒQUIA	0101010100120023	POBLACIÓ PER NACIONALITAT I PARRÒQUIA. NORD-AMERICANS. ENCAMP	2016	2
1094	POBLACIÓ PER NACIONALITAT I PARRÒQUIA	0101010100120023	POBLACIÓ PER NACIONALITAT I PARRÒQUIA. NORD-AMERICANS. ENCAMP	2017	2
1094	POBLACIÓ PER NACIONALITAT I PARRÒQUIA	0101010100120023	POBLACIÓ PER NACIONALITAT I PARRÒQUIA. NORD-AMERICANS. ENCAMP	2018	3
1094	POBLACIÓ PER NACIONALITAT I PARRÒQUIA	0101010100120023	POBLACIÓ PER NACIONALITAT I PARRÒQUIA. NORD-AMERICANS. ENCAMP	2019	2
1094	POBLACIÓ PER NACIONALITAT I PARRÒQUIA	0101010100120023	POBLACIÓ PER NACIONALITAT I PARRÒQUIA. NORD-AMERICANS. ENCAMP	2020	2
1094	POBLACIÓ PER NACIONALITAT I PARRÒQUIA	0101010100120023	POBLACIÓ PER NACIONALITAT I PARRÒQUIA. NORD-AMERICANS. ENCAMP	2021	2
1094	POBLACIÓ PER NACIONALITAT I PARRÒQUIA	0101010100120023	POBLACIÓ PER NACIONALITAT I PARRÒQUIA. NORD-AMERICANS. ENCAMP	2022	1
1094	POBLACIÓ PER NACIONALITAT I PARRÒQUIA	0101010100120023	POBLACIÓ PER NACIONALITAT I PARRÒQUIA. NORD-AMERICANS. ENCAMP	2023	3
1094	POBLACIÓ PER NACIONALITAT I PARRÒQUIA	0101010100120023	POBLACIÓ PER NACIONALITAT I PARRÒQUIA. NORD-AMERICANS. ENCAMP	2024	6
1094	POBLACIÓ PER NACIONALITAT I PARRÒQUIA	0101010100120023	POBLACIÓ PER NACIONALITAT I PARRÒQUIA. NORD-AMERICANS. ENCAMP	2025	5
1094	POBLACIÓ PER NACIONALITAT I PARRÒQUIA	0101010100120024	POBLACIÓ PER NACIONALITAT I PARRÒQUIA. BRITANICS. ENCAMP	2010	23
1094	POBLACIÓ PER NACIONALITAT I PARRÒQUIA	0101010100120024	POBLACIÓ PER NACIONALITAT I PARRÒQUIA. BRITANICS. ENCAMP	2011	22
1094	POBLACIÓ PER NACIONALITAT I PARRÒQUIA	0101010100120024	POBLACIÓ PER NACIONALITAT I PARRÒQUIA. BRITANICS. ENCAMP	2012	18
1094	POBLACIÓ PER NACIONALITAT I PARRÒQUIA	0101010100120024	POBLACIÓ PER NACIONALITAT I PARRÒQUIA. BRITANICS. ENCAMP	2013	17
1094	POBLACIÓ PER NACIONALITAT I PARRÒQUIA	0101010100120024	POBLACIÓ PER NACIONALITAT I PARRÒQUIA. BRITANICS. ENCAMP	2014	18
1094	POBLACIÓ PER NACIONALITAT I PARRÒQUIA	0101010100120024	POBLACIÓ PER NACIONALITAT I PARRÒQUIA. BRITANICS. ENCAMP	2015	19
1094	POBLACIÓ PER NACIONALITAT I PARRÒQUIA	0101010100120024	POBLACIÓ PER NACIONALITAT I PARRÒQUIA. BRITANICS. ENCAMP	2016	26
1094	POBLACIÓ PER NACIONALITAT I PARRÒQUIA	0101010100120024	POBLACIÓ PER NACIONALITAT I PARRÒQUIA. BRITANICS. ENCAMP	2017	21
1094	POBLACIÓ PER NACIONALITAT I PARRÒQUIA	0101010100120024	POBLACIÓ PER NACIONALITAT I PARRÒQUIA. BRITANICS. ENCAMP	2018	21
1094	POBLACIÓ PER NACIONALITAT I PARRÒQUIA	0101010100120024	POBLACIÓ PER NACIONALITAT I PARRÒQUIA. BRITANICS. ENCAMP	2019	18
1094	POBLACIÓ PER NACIONALITAT I PARRÒQUIA	0101010100120024	POBLACIÓ PER NACIONALITAT I PARRÒQUIA. BRITANICS. ENCAMP	2020	20
1094	POBLACIÓ PER NACIONALITAT I PARRÒQUIA	0101010100120024	POBLACIÓ PER NACIONALITAT I PARRÒQUIA. BRITANICS. ENCAMP	2021	18
1094	POBLACIÓ PER NACIONALITAT I PARRÒQUIA	0101010100120024	POBLACIÓ PER NACIONALITAT I PARRÒQUIA. BRITANICS. ENCAMP	2022	22
1094	POBLACIÓ PER NACIONALITAT I PARRÒQUIA	0101010100120024	POBLACIÓ PER NACIONALITAT I PARRÒQUIA. BRITANICS. ENCAMP	2023	21
1094	POBLACIÓ PER NACIONALITAT I PARRÒQUIA	0101010100120024	POBLACIÓ PER NACIONALITAT I PARRÒQUIA. BRITANICS. ENCAMP	2024	25
1094	POBLACIÓ PER NACIONALITAT I PARRÒQUIA	0101010100120024	POBLACIÓ PER NACIONALITAT I PARRÒQUIA. BRITANICS. ENCAMP	2025	32
1094	POBLACIÓ PER NACIONALITAT I PARRÒQUIA	0101010100120025	POBLACIÓ PER NACIONALITAT I PARRÒQUIA. BELGUES. ENCAMP	2010	17
1094	POBLACIÓ PER NACIONALITAT I PARRÒQUIA	0101010100120025	POBLACIÓ PER NACIONALITAT I PARRÒQUIA. BELGUES. ENCAMP	2011	18
1094	POBLACIÓ PER NACIONALITAT I PARRÒQUIA	0101010100120025	POBLACIÓ PER NACIONALITAT I PARRÒQUIA. BELGUES. ENCAMP	2012	18
1094	POBLACIÓ PER NACIONALITAT I PARRÒQUIA	0101010100120025	POBLACIÓ PER NACIONALITAT I PARRÒQUIA. BELGUES. ENCAMP	2013	15
1094	POBLACIÓ PER NACIONALITAT I PARRÒQUIA	0101010100120025	POBLACIÓ PER NACIONALITAT I PARRÒQUIA. BELGUES. ENCAMP	2014	15
1094	POBLACIÓ PER NACIONALITAT I PARRÒQUIA	0101010100120025	POBLACIÓ PER NACIONALITAT I PARRÒQUIA. BELGUES. ENCAMP	2015	13
1094	POBLACIÓ PER NACIONALITAT I PARRÒQUIA	0101010100120025	POBLACIÓ PER NACIONALITAT I PARRÒQUIA. BELGUES. ENCAMP	2016	21
1094	POBLACIÓ PER NACIONALITAT I PARRÒQUIA	0101010100120025	POBLACIÓ PER NACIONALITAT I PARRÒQUIA. BELGUES. ENCAMP	2017	19
1094	POBLACIÓ PER NACIONALITAT I PARRÒQUIA	0101010100120025	POBLACIÓ PER NACIONALITAT I PARRÒQUIA. BELGUES. ENCAMP	2018	26
1094	POBLACIÓ PER NACIONALITAT I PARRÒQUIA	0101010100120025	POBLACIÓ PER NACIONALITAT I PARRÒQUIA. BELGUES. ENCAMP	2019	29
1094	POBLACIÓ PER NACIONALITAT I PARRÒQUIA	0101010100120025	POBLACIÓ PER NACIONALITAT I PARRÒQUIA. BELGUES. ENCAMP	2020	29
1094	POBLACIÓ PER NACIONALITAT I PARRÒQUIA	0101010100120025	POBLACIÓ PER NACIONALITAT I PARRÒQUIA. BELGUES. ENCAMP	2021	23
1094	POBLACIÓ PER NACIONALITAT I PARRÒQUIA	0101010100120025	POBLACIÓ PER NACIONALITAT I PARRÒQUIA. BELGUES. ENCAMP	2022	27
1094	POBLACIÓ PER NACIONALITAT I PARRÒQUIA	0101010100120025	POBLACIÓ PER NACIONALITAT I PARRÒQUIA. BELGUES. ENCAMP	2023	25
1094	POBLACIÓ PER NACIONALITAT I PARRÒQUIA	0101010100120025	POBLACIÓ PER NACIONALITAT I PARRÒQUIA. BELGUES. ENCAMP	2024	29
1094	POBLACIÓ PER NACIONALITAT I PARRÒQUIA	0101010100120025	POBLACIÓ PER NACIONALITAT I PARRÒQUIA. BELGUES. ENCAMP	2025	33
1094	POBLACIÓ PER NACIONALITAT I PARRÒQUIA	0101010100120026	POBLACIÓ PER NACIONALITAT I PARRÒQUIA. HOLANDESOS. ENCAMP	2010	14
1094	POBLACIÓ PER NACIONALITAT I PARRÒQUIA	0101010100120026	POBLACIÓ PER NACIONALITAT I PARRÒQUIA. HOLANDESOS. ENCAMP	2011	14
1094	POBLACIÓ PER NACIONALITAT I PARRÒQUIA	0101010100120026	POBLACIÓ PER NACIONALITAT I PARRÒQUIA. HOLANDESOS. ENCAMP	2012	14
1094	POBLACIÓ PER NACIONALITAT I PARRÒQUIA	0101010100120026	POBLACIÓ PER NACIONALITAT I PARRÒQUIA. HOLANDESOS. ENCAMP	2013	13
1094	POBLACIÓ PER NACIONALITAT I PARRÒQUIA	0101010100120026	POBLACIÓ PER NACIONALITAT I PARRÒQUIA. HOLANDESOS. ENCAMP	2014	17
1094	POBLACIÓ PER NACIONALITAT I PARRÒQUIA	0101010100120026	POBLACIÓ PER NACIONALITAT I PARRÒQUIA. HOLANDESOS. ENCAMP	2015	16
1094	POBLACIÓ PER NACIONALITAT I PARRÒQUIA	0101010100120026	POBLACIÓ PER NACIONALITAT I PARRÒQUIA. HOLANDESOS. ENCAMP	2016	18
1094	POBLACIÓ PER NACIONALITAT I PARRÒQUIA	0101010100120026	POBLACIÓ PER NACIONALITAT I PARRÒQUIA. HOLANDESOS. ENCAMP	2017	17
1094	POBLACIÓ PER NACIONALITAT I PARRÒQUIA	0101010100120026	POBLACIÓ PER NACIONALITAT I PARRÒQUIA. HOLANDESOS. ENCAMP	2018	16
1094	POBLACIÓ PER NACIONALITAT I PARRÒQUIA	0101010100120026	POBLACIÓ PER NACIONALITAT I PARRÒQUIA. HOLANDESOS. ENCAMP	2019	17
1094	POBLACIÓ PER NACIONALITAT I PARRÒQUIA	0101010100120026	POBLACIÓ PER NACIONALITAT I PARRÒQUIA. HOLANDESOS. ENCAMP	2020	17
1094	POBLACIÓ PER NACIONALITAT I PARRÒQUIA	0101010100120026	POBLACIÓ PER NACIONALITAT I PARRÒQUIA. HOLANDESOS. ENCAMP	2021	15
1094	POBLACIÓ PER NACIONALITAT I PARRÒQUIA	0101010100120026	POBLACIÓ PER NACIONALITAT I PARRÒQUIA. HOLANDESOS. ENCAMP	2022	17
1094	POBLACIÓ PER NACIONALITAT I PARRÒQUIA	0101010100120026	POBLACIÓ PER NACIONALITAT I PARRÒQUIA. HOLANDESOS. ENCAMP	2023	17
1094	POBLACIÓ PER NACIONALITAT I PARRÒQUIA	0101010100120026	POBLACIÓ PER NACIONALITAT I PARRÒQUIA. HOLANDESOS. ENCAMP	2024	11
1094	POBLACIÓ PER NACIONALITAT I PARRÒQUIA	0101010100120026	POBLACIÓ PER NACIONALITAT I PARRÒQUIA. HOLANDESOS. ENCAMP	2025	15
1094	POBLACIÓ PER NACIONALITAT I PARRÒQUIA	0101010100120027	POBLACIÓ PER NACIONALITAT I PARRÒQUIA. INDIS. ENCAMP	2010	13
1094	POBLACIÓ PER NACIONALITAT I PARRÒQUIA	0101010100120027	POBLACIÓ PER NACIONALITAT I PARRÒQUIA. INDIS. ENCAMP	2011	12
1094	POBLACIÓ PER NACIONALITAT I PARRÒQUIA	0101010100120027	POBLACIÓ PER NACIONALITAT I PARRÒQUIA. INDIS. ENCAMP	2012	12
1094	POBLACIÓ PER NACIONALITAT I PARRÒQUIA	0101010100120027	POBLACIÓ PER NACIONALITAT I PARRÒQUIA. INDIS. ENCAMP	2013	14
1094	POBLACIÓ PER NACIONALITAT I PARRÒQUIA	0101010100120027	POBLACIÓ PER NACIONALITAT I PARRÒQUIA. INDIS. ENCAMP	2014	11
1094	POBLACIÓ PER NACIONALITAT I PARRÒQUIA	0101010100120027	POBLACIÓ PER NACIONALITAT I PARRÒQUIA. INDIS. ENCAMP	2015	7
1094	POBLACIÓ PER NACIONALITAT I PARRÒQUIA	0101010100120027	POBLACIÓ PER NACIONALITAT I PARRÒQUIA. INDIS. ENCAMP	2016	9
1094	POBLACIÓ PER NACIONALITAT I PARRÒQUIA	0101010100120027	POBLACIÓ PER NACIONALITAT I PARRÒQUIA. INDIS. ENCAMP	2017	10
1094	POBLACIÓ PER NACIONALITAT I PARRÒQUIA	0101010100120027	POBLACIÓ PER NACIONALITAT I PARRÒQUIA. INDIS. ENCAMP	2018	7
1094	POBLACIÓ PER NACIONALITAT I PARRÒQUIA	0101010100120027	POBLACIÓ PER NACIONALITAT I PARRÒQUIA. INDIS. ENCAMP	2019	5
1094	POBLACIÓ PER NACIONALITAT I PARRÒQUIA	0101010100120027	POBLACIÓ PER NACIONALITAT I PARRÒQUIA. INDIS. ENCAMP	2020	6
1094	POBLACIÓ PER NACIONALITAT I PARRÒQUIA	0101010100120027	POBLACIÓ PER NACIONALITAT I PARRÒQUIA. INDIS. ENCAMP	2021	4
1094	POBLACIÓ PER NACIONALITAT I PARRÒQUIA	0101010100120027	POBLACIÓ PER NACIONALITAT I PARRÒQUIA. INDIS. ENCAMP	2022	4
1094	POBLACIÓ PER NACIONALITAT I PARRÒQUIA	0101010100120027	POBLACIÓ PER NACIONALITAT I PARRÒQUIA. INDIS. ENCAMP	2023	6
1094	POBLACIÓ PER NACIONALITAT I PARRÒQUIA	0101010100120027	POBLACIÓ PER NACIONALITAT I PARRÒQUIA. INDIS. ENCAMP	2024	5
1094	POBLACIÓ PER NACIONALITAT I PARRÒQUIA	0101010100120027	POBLACIÓ PER NACIONALITAT I PARRÒQUIA. INDIS. ENCAMP	2025	6
1094	POBLACIÓ PER NACIONALITAT I PARRÒQUIA	0101010100120028	POBLACIÓ PER NACIONALITAT I PARRÒQUIA. ITALIANS. ENCAMP	2010	29
1094	POBLACIÓ PER NACIONALITAT I PARRÒQUIA	0101010100120028	POBLACIÓ PER NACIONALITAT I PARRÒQUIA. ITALIANS. ENCAMP	2011	30
1094	POBLACIÓ PER NACIONALITAT I PARRÒQUIA	0101010100120028	POBLACIÓ PER NACIONALITAT I PARRÒQUIA. ITALIANS. ENCAMP	2012	28
1094	POBLACIÓ PER NACIONALITAT I PARRÒQUIA	0101010100120028	POBLACIÓ PER NACIONALITAT I PARRÒQUIA. ITALIANS. ENCAMP	2013	27
1094	POBLACIÓ PER NACIONALITAT I PARRÒQUIA	0101010100120028	POBLACIÓ PER NACIONALITAT I PARRÒQUIA. ITALIANS. ENCAMP	2014	34
1094	POBLACIÓ PER NACIONALITAT I PARRÒQUIA	0101010100120028	POBLACIÓ PER NACIONALITAT I PARRÒQUIA. ITALIANS. ENCAMP	2015	41
1094	POBLACIÓ PER NACIONALITAT I PARRÒQUIA	0101010100120028	POBLACIÓ PER NACIONALITAT I PARRÒQUIA. ITALIANS. ENCAMP	2016	48
1094	POBLACIÓ PER NACIONALITAT I PARRÒQUIA	0101010100120028	POBLACIÓ PER NACIONALITAT I PARRÒQUIA. ITALIANS. ENCAMP	2017	60
1094	POBLACIÓ PER NACIONALITAT I PARRÒQUIA	0101010100120028	POBLACIÓ PER NACIONALITAT I PARRÒQUIA. ITALIANS. ENCAMP	2018	71
1094	POBLACIÓ PER NACIONALITAT I PARRÒQUIA	0101010100120028	POBLACIÓ PER NACIONALITAT I PARRÒQUIA. ITALIANS. ENCAMP	2019	78
1094	POBLACIÓ PER NACIONALITAT I PARRÒQUIA	0101010100120028	POBLACIÓ PER NACIONALITAT I PARRÒQUIA. ITALIANS. ENCAMP	2020	86
1094	POBLACIÓ PER NACIONALITAT I PARRÒQUIA	0101010100120028	POBLACIÓ PER NACIONALITAT I PARRÒQUIA. ITALIANS. ENCAMP	2021	79
1094	POBLACIÓ PER NACIONALITAT I PARRÒQUIA	0101010100120028	POBLACIÓ PER NACIONALITAT I PARRÒQUIA. ITALIANS. ENCAMP	2022	90
1094	POBLACIÓ PER NACIONALITAT I PARRÒQUIA	0101010100120028	POBLACIÓ PER NACIONALITAT I PARRÒQUIA. ITALIANS. ENCAMP	2023	99
1094	POBLACIÓ PER NACIONALITAT I PARRÒQUIA	0101010100120028	POBLACIÓ PER NACIONALITAT I PARRÒQUIA. ITALIANS. ENCAMP	2024	100
1094	POBLACIÓ PER NACIONALITAT I PARRÒQUIA	0101010100120028	POBLACIÓ PER NACIONALITAT I PARRÒQUIA. ITALIANS. ENCAMP	2025	116
1094	POBLACIÓ PER NACIONALITAT I PARRÒQUIA	0101010100120029	POBLACIÓ PER NACIONALITAT I PARRÒQUIA. MARROQUINS. ENCAMP	2010	75
1094	POBLACIÓ PER NACIONALITAT I PARRÒQUIA	0101010100120029	POBLACIÓ PER NACIONALITAT I PARRÒQUIA. MARROQUINS. ENCAMP	2011	73
1094	POBLACIÓ PER NACIONALITAT I PARRÒQUIA	0101010100120029	POBLACIÓ PER NACIONALITAT I PARRÒQUIA. MARROQUINS. ENCAMP	2012	73
1094	POBLACIÓ PER NACIONALITAT I PARRÒQUIA	0101010100120029	POBLACIÓ PER NACIONALITAT I PARRÒQUIA. MARROQUINS. ENCAMP	2013	67
1094	POBLACIÓ PER NACIONALITAT I PARRÒQUIA	0101010100120029	POBLACIÓ PER NACIONALITAT I PARRÒQUIA. MARROQUINS. ENCAMP	2014	71
1094	POBLACIÓ PER NACIONALITAT I PARRÒQUIA	0101010100120029	POBLACIÓ PER NACIONALITAT I PARRÒQUIA. MARROQUINS. ENCAMP	2015	68
1094	POBLACIÓ PER NACIONALITAT I PARRÒQUIA	0101010100120029	POBLACIÓ PER NACIONALITAT I PARRÒQUIA. MARROQUINS. ENCAMP	2016	61
1094	POBLACIÓ PER NACIONALITAT I PARRÒQUIA	0101010100120029	POBLACIÓ PER NACIONALITAT I PARRÒQUIA. MARROQUINS. ENCAMP	2017	2
1094	POBLACIÓ PER NACIONALITAT I PARRÒQUIA	0101010100120029	POBLACIÓ PER NACIONALITAT I PARRÒQUIA. MARROQUINS. ENCAMP	2018	68
1094	POBLACIÓ PER NACIONALITAT I PARRÒQUIA	0101010100120029	POBLACIÓ PER NACIONALITAT I PARRÒQUIA. MARROQUINS. ENCAMP	2019	71
1094	POBLACIÓ PER NACIONALITAT I PARRÒQUIA	0101010100120029	POBLACIÓ PER NACIONALITAT I PARRÒQUIA. MARROQUINS. ENCAMP	2020	69
1094	POBLACIÓ PER NACIONALITAT I PARRÒQUIA	0101010100120029	POBLACIÓ PER NACIONALITAT I PARRÒQUIA. MARROQUINS. ENCAMP	2021	71
1094	POBLACIÓ PER NACIONALITAT I PARRÒQUIA	0101010100120029	POBLACIÓ PER NACIONALITAT I PARRÒQUIA. MARROQUINS. ENCAMP	2022	78
1094	POBLACIÓ PER NACIONALITAT I PARRÒQUIA	0101010100120029	POBLACIÓ PER NACIONALITAT I PARRÒQUIA. MARROQUINS. ENCAMP	2023	86
1094	POBLACIÓ PER NACIONALITAT I PARRÒQUIA	0101010100120029	POBLACIÓ PER NACIONALITAT I PARRÒQUIA. MARROQUINS. ENCAMP	2024	91
1094	POBLACIÓ PER NACIONALITAT I PARRÒQUIA	0101010100120029	POBLACIÓ PER NACIONALITAT I PARRÒQUIA. MARROQUINS. ENCAMP	2025	95
1094	POBLACIÓ PER NACIONALITAT I PARRÒQUIA	0101010100120030	POBLACIÓ PER NACIONALITAT I PARRÒQUIA. PORTUGUESOS. ENCAMP	2010	2453
1094	POBLACIÓ PER NACIONALITAT I PARRÒQUIA	0101010100120030	POBLACIÓ PER NACIONALITAT I PARRÒQUIA. PORTUGUESOS. ENCAMP	2011	2317
1094	POBLACIÓ PER NACIONALITAT I PARRÒQUIA	0101010100120030	POBLACIÓ PER NACIONALITAT I PARRÒQUIA. PORTUGUESOS. ENCAMP	2012	2270
1094	POBLACIÓ PER NACIONALITAT I PARRÒQUIA	0101010100120030	POBLACIÓ PER NACIONALITAT I PARRÒQUIA. PORTUGUESOS. ENCAMP	2013	2113
1094	POBLACIÓ PER NACIONALITAT I PARRÒQUIA	0101010100120030	POBLACIÓ PER NACIONALITAT I PARRÒQUIA. PORTUGUESOS. ENCAMP	2014	2050
1094	POBLACIÓ PER NACIONALITAT I PARRÒQUIA	0101010100120030	POBLACIÓ PER NACIONALITAT I PARRÒQUIA. PORTUGUESOS. ENCAMP	2015	2001
1094	POBLACIÓ PER NACIONALITAT I PARRÒQUIA	0101010100120030	POBLACIÓ PER NACIONALITAT I PARRÒQUIA. PORTUGUESOS. ENCAMP	2016	2009
1094	POBLACIÓ PER NACIONALITAT I PARRÒQUIA	0101010100120030	POBLACIÓ PER NACIONALITAT I PARRÒQUIA. PORTUGUESOS. ENCAMP	2017	2022
1094	POBLACIÓ PER NACIONALITAT I PARRÒQUIA	0101010100120030	POBLACIÓ PER NACIONALITAT I PARRÒQUIA. PORTUGUESOS. ENCAMP	2018	2052
1094	POBLACIÓ PER NACIONALITAT I PARRÒQUIA	0101010100120030	POBLACIÓ PER NACIONALITAT I PARRÒQUIA. PORTUGUESOS. ENCAMP	2019	2094
1094	POBLACIÓ PER NACIONALITAT I PARRÒQUIA	0101010100120030	POBLACIÓ PER NACIONALITAT I PARRÒQUIA. PORTUGUESOS. ENCAMP	2020	2058
1094	POBLACIÓ PER NACIONALITAT I PARRÒQUIA	0101010100120030	POBLACIÓ PER NACIONALITAT I PARRÒQUIA. PORTUGUESOS. ENCAMP	2021	2004
1094	POBLACIÓ PER NACIONALITAT I PARRÒQUIA	0101010100120030	POBLACIÓ PER NACIONALITAT I PARRÒQUIA. PORTUGUESOS. ENCAMP	2022	2001
1094	POBLACIÓ PER NACIONALITAT I PARRÒQUIA	0101010100120030	POBLACIÓ PER NACIONALITAT I PARRÒQUIA. PORTUGUESOS. ENCAMP	2023	1978
1094	POBLACIÓ PER NACIONALITAT I PARRÒQUIA	0101010100120030	POBLACIÓ PER NACIONALITAT I PARRÒQUIA. PORTUGUESOS. ENCAMP	2024	1956
1094	POBLACIÓ PER NACIONALITAT I PARRÒQUIA	0101010100120030	POBLACIÓ PER NACIONALITAT I PARRÒQUIA. PORTUGUESOS. ENCAMP	2025	1924
1094	POBLACIÓ PER NACIONALITAT I PARRÒQUIA	0101010100120031	POBLACIÓ PER NACIONALITAT I PARRÒQUIA. URUGUAIANS. ENCAMP	2010	9
1094	POBLACIÓ PER NACIONALITAT I PARRÒQUIA	0101010100120031	POBLACIÓ PER NACIONALITAT I PARRÒQUIA. URUGUAIANS. ENCAMP	2011	10
1094	POBLACIÓ PER NACIONALITAT I PARRÒQUIA	0101010100120031	POBLACIÓ PER NACIONALITAT I PARRÒQUIA. URUGUAIANS. ENCAMP	2012	8
1094	POBLACIÓ PER NACIONALITAT I PARRÒQUIA	0101010100120031	POBLACIÓ PER NACIONALITAT I PARRÒQUIA. URUGUAIANS. ENCAMP	2013	6
1094	POBLACIÓ PER NACIONALITAT I PARRÒQUIA	0101010100120031	POBLACIÓ PER NACIONALITAT I PARRÒQUIA. URUGUAIANS. ENCAMP	2014	4
1094	POBLACIÓ PER NACIONALITAT I PARRÒQUIA	0101010100120031	POBLACIÓ PER NACIONALITAT I PARRÒQUIA. URUGUAIANS. ENCAMP	2015	4
1094	POBLACIÓ PER NACIONALITAT I PARRÒQUIA	0101010100120031	POBLACIÓ PER NACIONALITAT I PARRÒQUIA. URUGUAIANS. ENCAMP	2016	4
1094	POBLACIÓ PER NACIONALITAT I PARRÒQUIA	0101010100120031	POBLACIÓ PER NACIONALITAT I PARRÒQUIA. URUGUAIANS. ENCAMP	2017	3
1094	POBLACIÓ PER NACIONALITAT I PARRÒQUIA	0101010100120031	POBLACIÓ PER NACIONALITAT I PARRÒQUIA. URUGUAIANS. ENCAMP	2018	3
1094	POBLACIÓ PER NACIONALITAT I PARRÒQUIA	0101010100120031	POBLACIÓ PER NACIONALITAT I PARRÒQUIA. URUGUAIANS. ENCAMP	2019	8
1094	POBLACIÓ PER NACIONALITAT I PARRÒQUIA	0101010100120031	POBLACIÓ PER NACIONALITAT I PARRÒQUIA. URUGUAIANS. ENCAMP	2020	8
1094	POBLACIÓ PER NACIONALITAT I PARRÒQUIA	0101010100120031	POBLACIÓ PER NACIONALITAT I PARRÒQUIA. URUGUAIANS. ENCAMP	2021	12
1094	POBLACIÓ PER NACIONALITAT I PARRÒQUIA	0101010100120031	POBLACIÓ PER NACIONALITAT I PARRÒQUIA. URUGUAIANS. ENCAMP	2022	15
1094	POBLACIÓ PER NACIONALITAT I PARRÒQUIA	0101010100120031	POBLACIÓ PER NACIONALITAT I PARRÒQUIA. URUGUAIANS. ENCAMP	2023	20
1094	POBLACIÓ PER NACIONALITAT I PARRÒQUIA	0101010100120031	POBLACIÓ PER NACIONALITAT I PARRÒQUIA. URUGUAIANS. ENCAMP	2024	19
1094	POBLACIÓ PER NACIONALITAT I PARRÒQUIA	0101010100120031	POBLACIÓ PER NACIONALITAT I PARRÒQUIA. URUGUAIANS. ENCAMP	2025	21
1094	POBLACIÓ PER NACIONALITAT I PARRÒQUIA	0101010100120032	POBLACIÓ PER NACIONALITAT I PARRÒQUIA. XILENS. ENCAMP	2010	29
1094	POBLACIÓ PER NACIONALITAT I PARRÒQUIA	0101010100120032	POBLACIÓ PER NACIONALITAT I PARRÒQUIA. XILENS. ENCAMP	2011	27
1094	POBLACIÓ PER NACIONALITAT I PARRÒQUIA	0101010100120032	POBLACIÓ PER NACIONALITAT I PARRÒQUIA. XILENS. ENCAMP	2012	27
1094	POBLACIÓ PER NACIONALITAT I PARRÒQUIA	0101010100120032	POBLACIÓ PER NACIONALITAT I PARRÒQUIA. XILENS. ENCAMP	2013	22
1094	POBLACIÓ PER NACIONALITAT I PARRÒQUIA	0101010100120032	POBLACIÓ PER NACIONALITAT I PARRÒQUIA. XILENS. ENCAMP	2014	28
1094	POBLACIÓ PER NACIONALITAT I PARRÒQUIA	0101010100120032	POBLACIÓ PER NACIONALITAT I PARRÒQUIA. XILENS. ENCAMP	2015	28
1094	POBLACIÓ PER NACIONALITAT I PARRÒQUIA	0101010100120032	POBLACIÓ PER NACIONALITAT I PARRÒQUIA. XILENS. ENCAMP	2016	28
1094	POBLACIÓ PER NACIONALITAT I PARRÒQUIA	0101010100120032	POBLACIÓ PER NACIONALITAT I PARRÒQUIA. XILENS. ENCAMP	2017	28
1094	POBLACIÓ PER NACIONALITAT I PARRÒQUIA	0101010100120032	POBLACIÓ PER NACIONALITAT I PARRÒQUIA. XILENS. ENCAMP	2018	30
1094	POBLACIÓ PER NACIONALITAT I PARRÒQUIA	0101010100120032	POBLACIÓ PER NACIONALITAT I PARRÒQUIA. XILENS. ENCAMP	2019	37
1094	POBLACIÓ PER NACIONALITAT I PARRÒQUIA	0101010100120032	POBLACIÓ PER NACIONALITAT I PARRÒQUIA. XILENS. ENCAMP	2020	42
1094	POBLACIÓ PER NACIONALITAT I PARRÒQUIA	0101010100120032	POBLACIÓ PER NACIONALITAT I PARRÒQUIA. XILENS. ENCAMP	2021	46
1094	POBLACIÓ PER NACIONALITAT I PARRÒQUIA	0101010100120032	POBLACIÓ PER NACIONALITAT I PARRÒQUIA. XILENS. ENCAMP	2022	52
1094	POBLACIÓ PER NACIONALITAT I PARRÒQUIA	0101010100120032	POBLACIÓ PER NACIONALITAT I PARRÒQUIA. XILENS. ENCAMP	2023	67
1094	POBLACIÓ PER NACIONALITAT I PARRÒQUIA	0101010100120032	POBLACIÓ PER NACIONALITAT I PARRÒQUIA. XILENS. ENCAMP	2024	75
1094	POBLACIÓ PER NACIONALITAT I PARRÒQUIA	0101010100120032	POBLACIÓ PER NACIONALITAT I PARRÒQUIA. XILENS. ENCAMP	2025	80
1094	POBLACIÓ PER NACIONALITAT I PARRÒQUIA	0101010100120033	POBLACIÓ PER NACIONALITAT I PARRÒQUIA. FILIPINS. ENCAMP	2010	8
1094	POBLACIÓ PER NACIONALITAT I PARRÒQUIA	0101010100120033	POBLACIÓ PER NACIONALITAT I PARRÒQUIA. FILIPINS. ENCAMP	2011	8
1094	POBLACIÓ PER NACIONALITAT I PARRÒQUIA	0101010100120033	POBLACIÓ PER NACIONALITAT I PARRÒQUIA. FILIPINS. ENCAMP	2012	6
1094	POBLACIÓ PER NACIONALITAT I PARRÒQUIA	0101010100120033	POBLACIÓ PER NACIONALITAT I PARRÒQUIA. FILIPINS. ENCAMP	2013	7
1094	POBLACIÓ PER NACIONALITAT I PARRÒQUIA	0101010100120033	POBLACIÓ PER NACIONALITAT I PARRÒQUIA. FILIPINS. ENCAMP	2014	7
1094	POBLACIÓ PER NACIONALITAT I PARRÒQUIA	0101010100120033	POBLACIÓ PER NACIONALITAT I PARRÒQUIA. FILIPINS. ENCAMP	2015	9
1094	POBLACIÓ PER NACIONALITAT I PARRÒQUIA	0101010100120033	POBLACIÓ PER NACIONALITAT I PARRÒQUIA. FILIPINS. ENCAMP	2016	10
1094	POBLACIÓ PER NACIONALITAT I PARRÒQUIA	0101010100120033	POBLACIÓ PER NACIONALITAT I PARRÒQUIA. FILIPINS. ENCAMP	2017	12
1094	POBLACIÓ PER NACIONALITAT I PARRÒQUIA	0101010100120033	POBLACIÓ PER NACIONALITAT I PARRÒQUIA. FILIPINS. ENCAMP	2018	17
1094	POBLACIÓ PER NACIONALITAT I PARRÒQUIA	0101010100120033	POBLACIÓ PER NACIONALITAT I PARRÒQUIA. FILIPINS. ENCAMP	2019	19
1094	POBLACIÓ PER NACIONALITAT I PARRÒQUIA	0101010100120033	POBLACIÓ PER NACIONALITAT I PARRÒQUIA. FILIPINS. ENCAMP	2020	15
1094	POBLACIÓ PER NACIONALITAT I PARRÒQUIA	0101010100120033	POBLACIÓ PER NACIONALITAT I PARRÒQUIA. FILIPINS. ENCAMP	2021	15
1094	POBLACIÓ PER NACIONALITAT I PARRÒQUIA	0101010100120033	POBLACIÓ PER NACIONALITAT I PARRÒQUIA. FILIPINS. ENCAMP	2022	21
1094	POBLACIÓ PER NACIONALITAT I PARRÒQUIA	0101010100120033	POBLACIÓ PER NACIONALITAT I PARRÒQUIA. FILIPINS. ENCAMP	2023	23
1094	POBLACIÓ PER NACIONALITAT I PARRÒQUIA	0101010100120033	POBLACIÓ PER NACIONALITAT I PARRÒQUIA. FILIPINS. ENCAMP	2024	25
1094	POBLACIÓ PER NACIONALITAT I PARRÒQUIA	0101010100120033	POBLACIÓ PER NACIONALITAT I PARRÒQUIA. FILIPINS. ENCAMP	2025	27
1094	POBLACIÓ PER NACIONALITAT I PARRÒQUIA	0101010100120034	POBLACIÓ PER NACIONALITAT I PARRÒQUIA. ALTRES NACIONALITATS. ENCAMP	2010	229
1094	POBLACIÓ PER NACIONALITAT I PARRÒQUIA	0101010100120034	POBLACIÓ PER NACIONALITAT I PARRÒQUIA. ALTRES NACIONALITATS. ENCAMP	2011	255
1094	POBLACIÓ PER NACIONALITAT I PARRÒQUIA	0101010100120034	POBLACIÓ PER NACIONALITAT I PARRÒQUIA. ALTRES NACIONALITATS. ENCAMP	2012	248
1094	POBLACIÓ PER NACIONALITAT I PARRÒQUIA	0101010100120034	POBLACIÓ PER NACIONALITAT I PARRÒQUIA. ALTRES NACIONALITATS. ENCAMP	2013	229
1094	POBLACIÓ PER NACIONALITAT I PARRÒQUIA	0101010100120034	POBLACIÓ PER NACIONALITAT I PARRÒQUIA. ALTRES NACIONALITATS. ENCAMP	2014	249
1094	POBLACIÓ PER NACIONALITAT I PARRÒQUIA	0101010100120034	POBLACIÓ PER NACIONALITAT I PARRÒQUIA. ALTRES NACIONALITATS. ENCAMP	2015	267
1094	POBLACIÓ PER NACIONALITAT I PARRÒQUIA	0101010100120034	POBLACIÓ PER NACIONALITAT I PARRÒQUIA. ALTRES NACIONALITATS. ENCAMP	2016	273
1094	POBLACIÓ PER NACIONALITAT I PARRÒQUIA	0101010100120034	POBLACIÓ PER NACIONALITAT I PARRÒQUIA. ALTRES NACIONALITATS. ENCAMP	2017	363
1094	POBLACIÓ PER NACIONALITAT I PARRÒQUIA	0101010100120034	POBLACIÓ PER NACIONALITAT I PARRÒQUIA. ALTRES NACIONALITATS. ENCAMP	2018	371
1094	POBLACIÓ PER NACIONALITAT I PARRÒQUIA	0101010100120034	POBLACIÓ PER NACIONALITAT I PARRÒQUIA. ALTRES NACIONALITATS. ENCAMP	2019	385
1094	POBLACIÓ PER NACIONALITAT I PARRÒQUIA	0101010100120034	POBLACIÓ PER NACIONALITAT I PARRÒQUIA. ALTRES NACIONALITATS. ENCAMP	2020	429
1094	POBLACIÓ PER NACIONALITAT I PARRÒQUIA	0101010100120034	POBLACIÓ PER NACIONALITAT I PARRÒQUIA. ALTRES NACIONALITATS. ENCAMP	2021	482
1094	POBLACIÓ PER NACIONALITAT I PARRÒQUIA	0101010100120034	POBLACIÓ PER NACIONALITAT I PARRÒQUIA. ALTRES NACIONALITATS. ENCAMP	2022	607
1094	POBLACIÓ PER NACIONALITAT I PARRÒQUIA	0101010100120034	POBLACIÓ PER NACIONALITAT I PARRÒQUIA. ALTRES NACIONALITATS. ENCAMP	2023	898
1094	POBLACIÓ PER NACIONALITAT I PARRÒQUIA	0101010100120034	POBLACIÓ PER NACIONALITAT I PARRÒQUIA. ALTRES NACIONALITATS. ENCAMP	2024	1073
1094	POBLACIÓ PER NACIONALITAT I PARRÒQUIA	0101010100120034	POBLACIÓ PER NACIONALITAT I PARRÒQUIA. ALTRES NACIONALITATS. ENCAMP	2025	1218
1094	POBLACIÓ PER NACIONALITAT I PARRÒQUIA	0101010100120035	POBLACIÓ PER NACIONALITAT I PARRÒQUIA. ANDORRANS. ORDINO	2010	2167
1094	POBLACIÓ PER NACIONALITAT I PARRÒQUIA	0101010100120035	POBLACIÓ PER NACIONALITAT I PARRÒQUIA. ANDORRANS. ORDINO	2011	2233
1094	POBLACIÓ PER NACIONALITAT I PARRÒQUIA	0101010100120035	POBLACIÓ PER NACIONALITAT I PARRÒQUIA. ANDORRANS. ORDINO	2012	2224
1094	POBLACIÓ PER NACIONALITAT I PARRÒQUIA	0101010100120035	POBLACIÓ PER NACIONALITAT I PARRÒQUIA. ANDORRANS. ORDINO	2013	2320
1094	POBLACIÓ PER NACIONALITAT I PARRÒQUIA	0101010100120035	POBLACIÓ PER NACIONALITAT I PARRÒQUIA. ANDORRANS. ORDINO	2014	2394
1094	POBLACIÓ PER NACIONALITAT I PARRÒQUIA	0101010100120035	POBLACIÓ PER NACIONALITAT I PARRÒQUIA. ANDORRANS. ORDINO	2015	2444
1094	POBLACIÓ PER NACIONALITAT I PARRÒQUIA	0101010100120035	POBLACIÓ PER NACIONALITAT I PARRÒQUIA. ANDORRANS. ORDINO	2016	2495
1094	POBLACIÓ PER NACIONALITAT I PARRÒQUIA	0101010100120035	POBLACIÓ PER NACIONALITAT I PARRÒQUIA. ANDORRANS. ORDINO	2017	2510
1094	POBLACIÓ PER NACIONALITAT I PARRÒQUIA	0101010100120035	POBLACIÓ PER NACIONALITAT I PARRÒQUIA. ANDORRANS. ORDINO	2018	2519
1094	POBLACIÓ PER NACIONALITAT I PARRÒQUIA	0101010100120035	POBLACIÓ PER NACIONALITAT I PARRÒQUIA. ANDORRANS. ORDINO	2019	2550
1094	POBLACIÓ PER NACIONALITAT I PARRÒQUIA	0101010100120035	POBLACIÓ PER NACIONALITAT I PARRÒQUIA. ANDORRANS. ORDINO	2020	2540
1094	POBLACIÓ PER NACIONALITAT I PARRÒQUIA	0101010100120035	POBLACIÓ PER NACIONALITAT I PARRÒQUIA. ANDORRANS. ORDINO	2021	2587
1094	POBLACIÓ PER NACIONALITAT I PARRÒQUIA	0101010100120035	POBLACIÓ PER NACIONALITAT I PARRÒQUIA. ANDORRANS. ORDINO	2022	2607
1094	POBLACIÓ PER NACIONALITAT I PARRÒQUIA	0101010100120035	POBLACIÓ PER NACIONALITAT I PARRÒQUIA. ANDORRANS. ORDINO	2023	2634
1094	POBLACIÓ PER NACIONALITAT I PARRÒQUIA	0101010100120035	POBLACIÓ PER NACIONALITAT I PARRÒQUIA. ANDORRANS. ORDINO	2024	2636
1094	POBLACIÓ PER NACIONALITAT I PARRÒQUIA	0101010100120035	POBLACIÓ PER NACIONALITAT I PARRÒQUIA. ANDORRANS. ORDINO	2025	2658
1094	POBLACIÓ PER NACIONALITAT I PARRÒQUIA	0101010100120036	POBLACIÓ PER NACIONALITAT I PARRÒQUIA. ESPANYOLS. ORDINO	2010	946
1094	POBLACIÓ PER NACIONALITAT I PARRÒQUIA	0101010100120036	POBLACIÓ PER NACIONALITAT I PARRÒQUIA. ESPANYOLS. ORDINO	2011	978
1094	POBLACIÓ PER NACIONALITAT I PARRÒQUIA	0101010100120036	POBLACIÓ PER NACIONALITAT I PARRÒQUIA. ESPANYOLS. ORDINO	2012	1033
1094	POBLACIÓ PER NACIONALITAT I PARRÒQUIA	0101010100120036	POBLACIÓ PER NACIONALITAT I PARRÒQUIA. ESPANYOLS. ORDINO	2013	1049
1094	POBLACIÓ PER NACIONALITAT I PARRÒQUIA	0101010100120036	POBLACIÓ PER NACIONALITAT I PARRÒQUIA. ESPANYOLS. ORDINO	2014	1084
1094	POBLACIÓ PER NACIONALITAT I PARRÒQUIA	0101010100120036	POBLACIÓ PER NACIONALITAT I PARRÒQUIA. ESPANYOLS. ORDINO	2015	1062
1094	POBLACIÓ PER NACIONALITAT I PARRÒQUIA	0101010100120036	POBLACIÓ PER NACIONALITAT I PARRÒQUIA. ESPANYOLS. ORDINO	2016	1120
1094	POBLACIÓ PER NACIONALITAT I PARRÒQUIA	0101010100120036	POBLACIÓ PER NACIONALITAT I PARRÒQUIA. ESPANYOLS. ORDINO	2017	1151
1094	POBLACIÓ PER NACIONALITAT I PARRÒQUIA	0101010100120036	POBLACIÓ PER NACIONALITAT I PARRÒQUIA. ESPANYOLS. ORDINO	2018	1223
1094	POBLACIÓ PER NACIONALITAT I PARRÒQUIA	0101010100120036	POBLACIÓ PER NACIONALITAT I PARRÒQUIA. ESPANYOLS. ORDINO	2019	1244
1094	POBLACIÓ PER NACIONALITAT I PARRÒQUIA	0101010100120036	POBLACIÓ PER NACIONALITAT I PARRÒQUIA. ESPANYOLS. ORDINO	2020	1291
1094	POBLACIÓ PER NACIONALITAT I PARRÒQUIA	0101010100120036	POBLACIÓ PER NACIONALITAT I PARRÒQUIA. ESPANYOLS. ORDINO	2021	1295
1094	POBLACIÓ PER NACIONALITAT I PARRÒQUIA	0101010100120036	POBLACIÓ PER NACIONALITAT I PARRÒQUIA. ESPANYOLS. ORDINO	2022	1349
1094	POBLACIÓ PER NACIONALITAT I PARRÒQUIA	0101010100120036	POBLACIÓ PER NACIONALITAT I PARRÒQUIA. ESPANYOLS. ORDINO	2023	1367
1094	POBLACIÓ PER NACIONALITAT I PARRÒQUIA	0101010100120036	POBLACIÓ PER NACIONALITAT I PARRÒQUIA. ESPANYOLS. ORDINO	2024	1425
1094	POBLACIÓ PER NACIONALITAT I PARRÒQUIA	0101010100120036	POBLACIÓ PER NACIONALITAT I PARRÒQUIA. ESPANYOLS. ORDINO	2025	1413
1094	POBLACIÓ PER NACIONALITAT I PARRÒQUIA	0101010100120037	POBLACIÓ PER NACIONALITAT I PARRÒQUIA. FRANCESOS. ORDINO	2010	244
1094	POBLACIÓ PER NACIONALITAT I PARRÒQUIA	0101010100120037	POBLACIÓ PER NACIONALITAT I PARRÒQUIA. FRANCESOS. ORDINO	2011	251
1094	POBLACIÓ PER NACIONALITAT I PARRÒQUIA	0101010100120037	POBLACIÓ PER NACIONALITAT I PARRÒQUIA. FRANCESOS. ORDINO	2012	270
1094	POBLACIÓ PER NACIONALITAT I PARRÒQUIA	0101010100120037	POBLACIÓ PER NACIONALITAT I PARRÒQUIA. FRANCESOS. ORDINO	2013	251
1094	POBLACIÓ PER NACIONALITAT I PARRÒQUIA	0101010100120037	POBLACIÓ PER NACIONALITAT I PARRÒQUIA. FRANCESOS. ORDINO	2014	257
1094	POBLACIÓ PER NACIONALITAT I PARRÒQUIA	0101010100120037	POBLACIÓ PER NACIONALITAT I PARRÒQUIA. FRANCESOS. ORDINO	2015	270
1094	POBLACIÓ PER NACIONALITAT I PARRÒQUIA	0101010100120037	POBLACIÓ PER NACIONALITAT I PARRÒQUIA. FRANCESOS. ORDINO	2016	270
1094	POBLACIÓ PER NACIONALITAT I PARRÒQUIA	0101010100120037	POBLACIÓ PER NACIONALITAT I PARRÒQUIA. FRANCESOS. ORDINO	2017	278
1094	POBLACIÓ PER NACIONALITAT I PARRÒQUIA	0101010100120037	POBLACIÓ PER NACIONALITAT I PARRÒQUIA. FRANCESOS. ORDINO	2018	292
1094	POBLACIÓ PER NACIONALITAT I PARRÒQUIA	0101010100120037	POBLACIÓ PER NACIONALITAT I PARRÒQUIA. FRANCESOS. ORDINO	2019	310
1094	POBLACIÓ PER NACIONALITAT I PARRÒQUIA	0101010100120037	POBLACIÓ PER NACIONALITAT I PARRÒQUIA. FRANCESOS. ORDINO	2020	299
1094	POBLACIÓ PER NACIONALITAT I PARRÒQUIA	0101010100120037	POBLACIÓ PER NACIONALITAT I PARRÒQUIA. FRANCESOS. ORDINO	2021	312
1094	POBLACIÓ PER NACIONALITAT I PARRÒQUIA	0101010100120037	POBLACIÓ PER NACIONALITAT I PARRÒQUIA. FRANCESOS. ORDINO	2022	313
1094	POBLACIÓ PER NACIONALITAT I PARRÒQUIA	0101010100120037	POBLACIÓ PER NACIONALITAT I PARRÒQUIA. FRANCESOS. ORDINO	2023	348
1094	POBLACIÓ PER NACIONALITAT I PARRÒQUIA	0101010100120037	POBLACIÓ PER NACIONALITAT I PARRÒQUIA. FRANCESOS. ORDINO	2024	345
1094	POBLACIÓ PER NACIONALITAT I PARRÒQUIA	0101010100120037	POBLACIÓ PER NACIONALITAT I PARRÒQUIA. FRANCESOS. ORDINO	2025	345
1094	POBLACIÓ PER NACIONALITAT I PARRÒQUIA	0101010100120038	POBLACIÓ PER NACIONALITAT I PARRÒQUIA. ALEMANYS. ORDINO	2010	31
1094	POBLACIÓ PER NACIONALITAT I PARRÒQUIA	0101010100120038	POBLACIÓ PER NACIONALITAT I PARRÒQUIA. ALEMANYS. ORDINO	2011	28
1094	POBLACIÓ PER NACIONALITAT I PARRÒQUIA	0101010100120038	POBLACIÓ PER NACIONALITAT I PARRÒQUIA. ALEMANYS. ORDINO	2012	32
1094	POBLACIÓ PER NACIONALITAT I PARRÒQUIA	0101010100120038	POBLACIÓ PER NACIONALITAT I PARRÒQUIA. ALEMANYS. ORDINO	2013	36
1094	POBLACIÓ PER NACIONALITAT I PARRÒQUIA	0101010100120038	POBLACIÓ PER NACIONALITAT I PARRÒQUIA. ALEMANYS. ORDINO	2014	31
1094	POBLACIÓ PER NACIONALITAT I PARRÒQUIA	0101010100120038	POBLACIÓ PER NACIONALITAT I PARRÒQUIA. ALEMANYS. ORDINO	2015	31
1094	POBLACIÓ PER NACIONALITAT I PARRÒQUIA	0101010100120038	POBLACIÓ PER NACIONALITAT I PARRÒQUIA. ALEMANYS. ORDINO	2016	32
1094	POBLACIÓ PER NACIONALITAT I PARRÒQUIA	0101010100120038	POBLACIÓ PER NACIONALITAT I PARRÒQUIA. ALEMANYS. ORDINO	2017	33
1094	POBLACIÓ PER NACIONALITAT I PARRÒQUIA	0101010100120038	POBLACIÓ PER NACIONALITAT I PARRÒQUIA. ALEMANYS. ORDINO	2018	32
1094	POBLACIÓ PER NACIONALITAT I PARRÒQUIA	0101010100120038	POBLACIÓ PER NACIONALITAT I PARRÒQUIA. ALEMANYS. ORDINO	2019	32
1094	POBLACIÓ PER NACIONALITAT I PARRÒQUIA	0101010100120038	POBLACIÓ PER NACIONALITAT I PARRÒQUIA. ALEMANYS. ORDINO	2020	31
1094	POBLACIÓ PER NACIONALITAT I PARRÒQUIA	0101010100120038	POBLACIÓ PER NACIONALITAT I PARRÒQUIA. ALEMANYS. ORDINO	2021	29
1094	POBLACIÓ PER NACIONALITAT I PARRÒQUIA	0101010100120038	POBLACIÓ PER NACIONALITAT I PARRÒQUIA. ALEMANYS. ORDINO	2022	35
1094	POBLACIÓ PER NACIONALITAT I PARRÒQUIA	0101010100120038	POBLACIÓ PER NACIONALITAT I PARRÒQUIA. ALEMANYS. ORDINO	2023	40
1094	POBLACIÓ PER NACIONALITAT I PARRÒQUIA	0101010100120038	POBLACIÓ PER NACIONALITAT I PARRÒQUIA. ALEMANYS. ORDINO	2024	41
1094	POBLACIÓ PER NACIONALITAT I PARRÒQUIA	0101010100120038	POBLACIÓ PER NACIONALITAT I PARRÒQUIA. ALEMANYS. ORDINO	2025	42
1094	POBLACIÓ PER NACIONALITAT I PARRÒQUIA	0101010100120039	POBLACIÓ PER NACIONALITAT I PARRÒQUIA. ARGENTINS. ORDINO	2010	53
1094	POBLACIÓ PER NACIONALITAT I PARRÒQUIA	0101010100120039	POBLACIÓ PER NACIONALITAT I PARRÒQUIA. ARGENTINS. ORDINO	2011	48
1094	POBLACIÓ PER NACIONALITAT I PARRÒQUIA	0101010100120039	POBLACIÓ PER NACIONALITAT I PARRÒQUIA. ARGENTINS. ORDINO	2012	42
1094	POBLACIÓ PER NACIONALITAT I PARRÒQUIA	0101010100120039	POBLACIÓ PER NACIONALITAT I PARRÒQUIA. ARGENTINS. ORDINO	2013	33
1094	POBLACIÓ PER NACIONALITAT I PARRÒQUIA	0101010100120039	POBLACIÓ PER NACIONALITAT I PARRÒQUIA. ARGENTINS. ORDINO	2014	37
1094	POBLACIÓ PER NACIONALITAT I PARRÒQUIA	0101010100120039	POBLACIÓ PER NACIONALITAT I PARRÒQUIA. ARGENTINS. ORDINO	2015	35
1094	POBLACIÓ PER NACIONALITAT I PARRÒQUIA	0101010100120039	POBLACIÓ PER NACIONALITAT I PARRÒQUIA. ARGENTINS. ORDINO	2016	31
1094	POBLACIÓ PER NACIONALITAT I PARRÒQUIA	0101010100120039	POBLACIÓ PER NACIONALITAT I PARRÒQUIA. ARGENTINS. ORDINO	2017	35
1094	POBLACIÓ PER NACIONALITAT I PARRÒQUIA	0101010100120039	POBLACIÓ PER NACIONALITAT I PARRÒQUIA. ARGENTINS. ORDINO	2018	33
1094	POBLACIÓ PER NACIONALITAT I PARRÒQUIA	0101010100120039	POBLACIÓ PER NACIONALITAT I PARRÒQUIA. ARGENTINS. ORDINO	2019	48
1094	POBLACIÓ PER NACIONALITAT I PARRÒQUIA	0101010100120039	POBLACIÓ PER NACIONALITAT I PARRÒQUIA. ARGENTINS. ORDINO	2020	51
1094	POBLACIÓ PER NACIONALITAT I PARRÒQUIA	0101010100120039	POBLACIÓ PER NACIONALITAT I PARRÒQUIA. ARGENTINS. ORDINO	2021	60
1094	POBLACIÓ PER NACIONALITAT I PARRÒQUIA	0101010100120039	POBLACIÓ PER NACIONALITAT I PARRÒQUIA. ARGENTINS. ORDINO	2022	78
1094	POBLACIÓ PER NACIONALITAT I PARRÒQUIA	0101010100120039	POBLACIÓ PER NACIONALITAT I PARRÒQUIA. ARGENTINS. ORDINO	2023	124
1094	POBLACIÓ PER NACIONALITAT I PARRÒQUIA	0101010100120039	POBLACIÓ PER NACIONALITAT I PARRÒQUIA. ARGENTINS. ORDINO	2024	121
1094	POBLACIÓ PER NACIONALITAT I PARRÒQUIA	0101010100120039	POBLACIÓ PER NACIONALITAT I PARRÒQUIA. ARGENTINS. ORDINO	2025	134
1094	POBLACIÓ PER NACIONALITAT I PARRÒQUIA	0101010100120040	POBLACIÓ PER NACIONALITAT I PARRÒQUIA. NORD-AMERICANS. ORDINO	2010	4
1094	POBLACIÓ PER NACIONALITAT I PARRÒQUIA	0101010100120040	POBLACIÓ PER NACIONALITAT I PARRÒQUIA. NORD-AMERICANS. ORDINO	2011	4
1094	POBLACIÓ PER NACIONALITAT I PARRÒQUIA	0101010100120040	POBLACIÓ PER NACIONALITAT I PARRÒQUIA. NORD-AMERICANS. ORDINO	2012	7
1094	POBLACIÓ PER NACIONALITAT I PARRÒQUIA	0101010100120040	POBLACIÓ PER NACIONALITAT I PARRÒQUIA. NORD-AMERICANS. ORDINO	2013	10
1094	POBLACIÓ PER NACIONALITAT I PARRÒQUIA	0101010100120040	POBLACIÓ PER NACIONALITAT I PARRÒQUIA. NORD-AMERICANS. ORDINO	2014	9
1094	POBLACIÓ PER NACIONALITAT I PARRÒQUIA	0101010100120040	POBLACIÓ PER NACIONALITAT I PARRÒQUIA. NORD-AMERICANS. ORDINO	2015	8
1094	POBLACIÓ PER NACIONALITAT I PARRÒQUIA	0101010100120040	POBLACIÓ PER NACIONALITAT I PARRÒQUIA. NORD-AMERICANS. ORDINO	2016	9
1094	POBLACIÓ PER NACIONALITAT I PARRÒQUIA	0101010100120040	POBLACIÓ PER NACIONALITAT I PARRÒQUIA. NORD-AMERICANS. ORDINO	2017	9
1094	POBLACIÓ PER NACIONALITAT I PARRÒQUIA	0101010100120040	POBLACIÓ PER NACIONALITAT I PARRÒQUIA. NORD-AMERICANS. ORDINO	2018	9
1094	POBLACIÓ PER NACIONALITAT I PARRÒQUIA	0101010100120040	POBLACIÓ PER NACIONALITAT I PARRÒQUIA. NORD-AMERICANS. ORDINO	2019	8
1094	POBLACIÓ PER NACIONALITAT I PARRÒQUIA	0101010100120040	POBLACIÓ PER NACIONALITAT I PARRÒQUIA. NORD-AMERICANS. ORDINO	2020	6
1094	POBLACIÓ PER NACIONALITAT I PARRÒQUIA	0101010100120040	POBLACIÓ PER NACIONALITAT I PARRÒQUIA. NORD-AMERICANS. ORDINO	2021	5
1094	POBLACIÓ PER NACIONALITAT I PARRÒQUIA	0101010100120040	POBLACIÓ PER NACIONALITAT I PARRÒQUIA. NORD-AMERICANS. ORDINO	2022	8
1094	POBLACIÓ PER NACIONALITAT I PARRÒQUIA	0101010100120040	POBLACIÓ PER NACIONALITAT I PARRÒQUIA. NORD-AMERICANS. ORDINO	2023	7
1094	POBLACIÓ PER NACIONALITAT I PARRÒQUIA	0101010100120040	POBLACIÓ PER NACIONALITAT I PARRÒQUIA. NORD-AMERICANS. ORDINO	2024	16
1094	POBLACIÓ PER NACIONALITAT I PARRÒQUIA	0101010100120040	POBLACIÓ PER NACIONALITAT I PARRÒQUIA. NORD-AMERICANS. ORDINO	2025	19
1094	POBLACIÓ PER NACIONALITAT I PARRÒQUIA	0101010100120041	POBLACIÓ PER NACIONALITAT I PARRÒQUIA. BRITANICS. ORDINO	2010	87
1094	POBLACIÓ PER NACIONALITAT I PARRÒQUIA	0101010100120041	POBLACIÓ PER NACIONALITAT I PARRÒQUIA. BRITANICS. ORDINO	2011	90
1094	POBLACIÓ PER NACIONALITAT I PARRÒQUIA	0101010100120041	POBLACIÓ PER NACIONALITAT I PARRÒQUIA. BRITANICS. ORDINO	2012	100
1094	POBLACIÓ PER NACIONALITAT I PARRÒQUIA	0101010100120041	POBLACIÓ PER NACIONALITAT I PARRÒQUIA. BRITANICS. ORDINO	2013	107
1094	POBLACIÓ PER NACIONALITAT I PARRÒQUIA	0101010100120041	POBLACIÓ PER NACIONALITAT I PARRÒQUIA. BRITANICS. ORDINO	2014	100
1094	POBLACIÓ PER NACIONALITAT I PARRÒQUIA	0101010100120041	POBLACIÓ PER NACIONALITAT I PARRÒQUIA. BRITANICS. ORDINO	2015	104
1094	POBLACIÓ PER NACIONALITAT I PARRÒQUIA	0101010100120041	POBLACIÓ PER NACIONALITAT I PARRÒQUIA. BRITANICS. ORDINO	2016	104
1094	POBLACIÓ PER NACIONALITAT I PARRÒQUIA	0101010100120041	POBLACIÓ PER NACIONALITAT I PARRÒQUIA. BRITANICS. ORDINO	2017	109
1094	POBLACIÓ PER NACIONALITAT I PARRÒQUIA	0101010100120041	POBLACIÓ PER NACIONALITAT I PARRÒQUIA. BRITANICS. ORDINO	2018	110
1094	POBLACIÓ PER NACIONALITAT I PARRÒQUIA	0101010100120041	POBLACIÓ PER NACIONALITAT I PARRÒQUIA. BRITANICS. ORDINO	2019	120
1094	POBLACIÓ PER NACIONALITAT I PARRÒQUIA	0101010100120041	POBLACIÓ PER NACIONALITAT I PARRÒQUIA. BRITANICS. ORDINO	2020	115
1094	POBLACIÓ PER NACIONALITAT I PARRÒQUIA	0101010100120041	POBLACIÓ PER NACIONALITAT I PARRÒQUIA. BRITANICS. ORDINO	2021	117
1094	POBLACIÓ PER NACIONALITAT I PARRÒQUIA	0101010100120041	POBLACIÓ PER NACIONALITAT I PARRÒQUIA. BRITANICS. ORDINO	2022	121
1094	POBLACIÓ PER NACIONALITAT I PARRÒQUIA	0101010100120041	POBLACIÓ PER NACIONALITAT I PARRÒQUIA. BRITANICS. ORDINO	2023	125
1094	POBLACIÓ PER NACIONALITAT I PARRÒQUIA	0101010100120041	POBLACIÓ PER NACIONALITAT I PARRÒQUIA. BRITANICS. ORDINO	2024	126
1094	POBLACIÓ PER NACIONALITAT I PARRÒQUIA	0101010100120041	POBLACIÓ PER NACIONALITAT I PARRÒQUIA. BRITANICS. ORDINO	2025	136
1094	POBLACIÓ PER NACIONALITAT I PARRÒQUIA	0101010100120042	POBLACIÓ PER NACIONALITAT I PARRÒQUIA. BELGUES. ORDINO	2010	17
1094	POBLACIÓ PER NACIONALITAT I PARRÒQUIA	0101010100120042	POBLACIÓ PER NACIONALITAT I PARRÒQUIA. BELGUES. ORDINO	2011	14
1094	POBLACIÓ PER NACIONALITAT I PARRÒQUIA	0101010100120042	POBLACIÓ PER NACIONALITAT I PARRÒQUIA. BELGUES. ORDINO	2012	15
1094	POBLACIÓ PER NACIONALITAT I PARRÒQUIA	0101010100120042	POBLACIÓ PER NACIONALITAT I PARRÒQUIA. BELGUES. ORDINO	2013	13
1094	POBLACIÓ PER NACIONALITAT I PARRÒQUIA	0101010100120042	POBLACIÓ PER NACIONALITAT I PARRÒQUIA. BELGUES. ORDINO	2014	17
1094	POBLACIÓ PER NACIONALITAT I PARRÒQUIA	0101010100120042	POBLACIÓ PER NACIONALITAT I PARRÒQUIA. BELGUES. ORDINO	2015	19
1094	POBLACIÓ PER NACIONALITAT I PARRÒQUIA	0101010100120042	POBLACIÓ PER NACIONALITAT I PARRÒQUIA. BELGUES. ORDINO	2016	19
1094	POBLACIÓ PER NACIONALITAT I PARRÒQUIA	0101010100120042	POBLACIÓ PER NACIONALITAT I PARRÒQUIA. BELGUES. ORDINO	2017	18
1094	POBLACIÓ PER NACIONALITAT I PARRÒQUIA	0101010100120042	POBLACIÓ PER NACIONALITAT I PARRÒQUIA. BELGUES. ORDINO	2018	19
1094	POBLACIÓ PER NACIONALITAT I PARRÒQUIA	0101010100120042	POBLACIÓ PER NACIONALITAT I PARRÒQUIA. BELGUES. ORDINO	2019	21
1094	POBLACIÓ PER NACIONALITAT I PARRÒQUIA	0101010100120042	POBLACIÓ PER NACIONALITAT I PARRÒQUIA. BELGUES. ORDINO	2020	30
1094	POBLACIÓ PER NACIONALITAT I PARRÒQUIA	0101010100120042	POBLACIÓ PER NACIONALITAT I PARRÒQUIA. BELGUES. ORDINO	2021	28
1094	POBLACIÓ PER NACIONALITAT I PARRÒQUIA	0101010100120042	POBLACIÓ PER NACIONALITAT I PARRÒQUIA. BELGUES. ORDINO	2022	31
1094	POBLACIÓ PER NACIONALITAT I PARRÒQUIA	0101010100120042	POBLACIÓ PER NACIONALITAT I PARRÒQUIA. BELGUES. ORDINO	2023	38
1094	POBLACIÓ PER NACIONALITAT I PARRÒQUIA	0101010100120042	POBLACIÓ PER NACIONALITAT I PARRÒQUIA. BELGUES. ORDINO	2024	36
1094	POBLACIÓ PER NACIONALITAT I PARRÒQUIA	0101010100120042	POBLACIÓ PER NACIONALITAT I PARRÒQUIA. BELGUES. ORDINO	2025	36
1094	POBLACIÓ PER NACIONALITAT I PARRÒQUIA	0101010100120043	POBLACIÓ PER NACIONALITAT I PARRÒQUIA. HOLANDESOS. ORDINO	2010	20
1094	POBLACIÓ PER NACIONALITAT I PARRÒQUIA	0101010100120043	POBLACIÓ PER NACIONALITAT I PARRÒQUIA. HOLANDESOS. ORDINO	2011	18
1094	POBLACIÓ PER NACIONALITAT I PARRÒQUIA	0101010100120043	POBLACIÓ PER NACIONALITAT I PARRÒQUIA. HOLANDESOS. ORDINO	2012	22
1094	POBLACIÓ PER NACIONALITAT I PARRÒQUIA	0101010100120043	POBLACIÓ PER NACIONALITAT I PARRÒQUIA. HOLANDESOS. ORDINO	2013	23
1094	POBLACIÓ PER NACIONALITAT I PARRÒQUIA	0101010100120043	POBLACIÓ PER NACIONALITAT I PARRÒQUIA. HOLANDESOS. ORDINO	2014	22
1094	POBLACIÓ PER NACIONALITAT I PARRÒQUIA	0101010100120043	POBLACIÓ PER NACIONALITAT I PARRÒQUIA. HOLANDESOS. ORDINO	2015	17
1094	POBLACIÓ PER NACIONALITAT I PARRÒQUIA	0101010100120043	POBLACIÓ PER NACIONALITAT I PARRÒQUIA. HOLANDESOS. ORDINO	2016	15
1094	POBLACIÓ PER NACIONALITAT I PARRÒQUIA	0101010100120043	POBLACIÓ PER NACIONALITAT I PARRÒQUIA. HOLANDESOS. ORDINO	2017	20
1094	POBLACIÓ PER NACIONALITAT I PARRÒQUIA	0101010100120043	POBLACIÓ PER NACIONALITAT I PARRÒQUIA. HOLANDESOS. ORDINO	2018	23
1094	POBLACIÓ PER NACIONALITAT I PARRÒQUIA	0101010100120043	POBLACIÓ PER NACIONALITAT I PARRÒQUIA. HOLANDESOS. ORDINO	2019	28
1094	POBLACIÓ PER NACIONALITAT I PARRÒQUIA	0101010100120043	POBLACIÓ PER NACIONALITAT I PARRÒQUIA. HOLANDESOS. ORDINO	2020	28
1094	POBLACIÓ PER NACIONALITAT I PARRÒQUIA	0101010100120043	POBLACIÓ PER NACIONALITAT I PARRÒQUIA. HOLANDESOS. ORDINO	2021	30
1094	POBLACIÓ PER NACIONALITAT I PARRÒQUIA	0101010100120043	POBLACIÓ PER NACIONALITAT I PARRÒQUIA. HOLANDESOS. ORDINO	2022	34
1094	POBLACIÓ PER NACIONALITAT I PARRÒQUIA	0101010100120043	POBLACIÓ PER NACIONALITAT I PARRÒQUIA. HOLANDESOS. ORDINO	2023	41
1094	POBLACIÓ PER NACIONALITAT I PARRÒQUIA	0101010100120043	POBLACIÓ PER NACIONALITAT I PARRÒQUIA. HOLANDESOS. ORDINO	2024	40
1094	POBLACIÓ PER NACIONALITAT I PARRÒQUIA	0101010100120043	POBLACIÓ PER NACIONALITAT I PARRÒQUIA. HOLANDESOS. ORDINO	2025	51
1094	POBLACIÓ PER NACIONALITAT I PARRÒQUIA	0101010100120044	POBLACIÓ PER NACIONALITAT I PARRÒQUIA. INDIS. ORDINO	2010	0
1094	POBLACIÓ PER NACIONALITAT I PARRÒQUIA	0101010100120044	POBLACIÓ PER NACIONALITAT I PARRÒQUIA. INDIS. ORDINO	2011	0
1094	POBLACIÓ PER NACIONALITAT I PARRÒQUIA	0101010100120044	POBLACIÓ PER NACIONALITAT I PARRÒQUIA. INDIS. ORDINO	2012	0
1094	POBLACIÓ PER NACIONALITAT I PARRÒQUIA	0101010100120044	POBLACIÓ PER NACIONALITAT I PARRÒQUIA. INDIS. ORDINO	2013	0
1094	POBLACIÓ PER NACIONALITAT I PARRÒQUIA	0101010100120044	POBLACIÓ PER NACIONALITAT I PARRÒQUIA. INDIS. ORDINO	2014	0
1094	POBLACIÓ PER NACIONALITAT I PARRÒQUIA	0101010100120044	POBLACIÓ PER NACIONALITAT I PARRÒQUIA. INDIS. ORDINO	2015	0
1094	POBLACIÓ PER NACIONALITAT I PARRÒQUIA	0101010100120044	POBLACIÓ PER NACIONALITAT I PARRÒQUIA. INDIS. ORDINO	2016	0
1094	POBLACIÓ PER NACIONALITAT I PARRÒQUIA	0101010100120044	POBLACIÓ PER NACIONALITAT I PARRÒQUIA. INDIS. ORDINO	2017	0
1094	POBLACIÓ PER NACIONALITAT I PARRÒQUIA	0101010100120044	POBLACIÓ PER NACIONALITAT I PARRÒQUIA. INDIS. ORDINO	2018	0
1094	POBLACIÓ PER NACIONALITAT I PARRÒQUIA	0101010100120044	POBLACIÓ PER NACIONALITAT I PARRÒQUIA. INDIS. ORDINO	2019	0
1094	POBLACIÓ PER NACIONALITAT I PARRÒQUIA	0101010100120044	POBLACIÓ PER NACIONALITAT I PARRÒQUIA. INDIS. ORDINO	2020	1
1094	POBLACIÓ PER NACIONALITAT I PARRÒQUIA	0101010100120044	POBLACIÓ PER NACIONALITAT I PARRÒQUIA. INDIS. ORDINO	2021	1
1094	POBLACIÓ PER NACIONALITAT I PARRÒQUIA	0101010100120044	POBLACIÓ PER NACIONALITAT I PARRÒQUIA. INDIS. ORDINO	2022	1
1094	POBLACIÓ PER NACIONALITAT I PARRÒQUIA	0101010100120044	POBLACIÓ PER NACIONALITAT I PARRÒQUIA. INDIS. ORDINO	2023	1
1094	POBLACIÓ PER NACIONALITAT I PARRÒQUIA	0101010100120044	POBLACIÓ PER NACIONALITAT I PARRÒQUIA. INDIS. ORDINO	2024	1
1094	POBLACIÓ PER NACIONALITAT I PARRÒQUIA	0101010100120044	POBLACIÓ PER NACIONALITAT I PARRÒQUIA. INDIS. ORDINO	2025	1
1094	POBLACIÓ PER NACIONALITAT I PARRÒQUIA	0101010100120045	POBLACIÓ PER NACIONALITAT I PARRÒQUIA. ITALIANS. ORDINO	2010	32
1094	POBLACIÓ PER NACIONALITAT I PARRÒQUIA	0101010100120045	POBLACIÓ PER NACIONALITAT I PARRÒQUIA. ITALIANS. ORDINO	2011	30
1094	POBLACIÓ PER NACIONALITAT I PARRÒQUIA	0101010100120045	POBLACIÓ PER NACIONALITAT I PARRÒQUIA. ITALIANS. ORDINO	2012	34
1094	POBLACIÓ PER NACIONALITAT I PARRÒQUIA	0101010100120045	POBLACIÓ PER NACIONALITAT I PARRÒQUIA. ITALIANS. ORDINO	2013	32
1094	POBLACIÓ PER NACIONALITAT I PARRÒQUIA	0101010100120045	POBLACIÓ PER NACIONALITAT I PARRÒQUIA. ITALIANS. ORDINO	2014	33
1094	POBLACIÓ PER NACIONALITAT I PARRÒQUIA	0101010100120045	POBLACIÓ PER NACIONALITAT I PARRÒQUIA. ITALIANS. ORDINO	2015	29
1094	POBLACIÓ PER NACIONALITAT I PARRÒQUIA	0101010100120045	POBLACIÓ PER NACIONALITAT I PARRÒQUIA. ITALIANS. ORDINO	2016	29
1094	POBLACIÓ PER NACIONALITAT I PARRÒQUIA	0101010100120045	POBLACIÓ PER NACIONALITAT I PARRÒQUIA. ITALIANS. ORDINO	2017	28
1094	POBLACIÓ PER NACIONALITAT I PARRÒQUIA	0101010100120045	POBLACIÓ PER NACIONALITAT I PARRÒQUIA. ITALIANS. ORDINO	2018	29
1094	POBLACIÓ PER NACIONALITAT I PARRÒQUIA	0101010100120045	POBLACIÓ PER NACIONALITAT I PARRÒQUIA. ITALIANS. ORDINO	2019	30
1094	POBLACIÓ PER NACIONALITAT I PARRÒQUIA	0101010100120045	POBLACIÓ PER NACIONALITAT I PARRÒQUIA. ITALIANS. ORDINO	2020	39
1094	POBLACIÓ PER NACIONALITAT I PARRÒQUIA	0101010100120045	POBLACIÓ PER NACIONALITAT I PARRÒQUIA. ITALIANS. ORDINO	2021	36
1094	POBLACIÓ PER NACIONALITAT I PARRÒQUIA	0101010100120045	POBLACIÓ PER NACIONALITAT I PARRÒQUIA. ITALIANS. ORDINO	2022	37
1094	POBLACIÓ PER NACIONALITAT I PARRÒQUIA	0101010100120045	POBLACIÓ PER NACIONALITAT I PARRÒQUIA. ITALIANS. ORDINO	2023	39
1094	POBLACIÓ PER NACIONALITAT I PARRÒQUIA	0101010100120045	POBLACIÓ PER NACIONALITAT I PARRÒQUIA. ITALIANS. ORDINO	2024	40
1094	POBLACIÓ PER NACIONALITAT I PARRÒQUIA	0101010100120045	POBLACIÓ PER NACIONALITAT I PARRÒQUIA. ITALIANS. ORDINO	2025	48
1094	POBLACIÓ PER NACIONALITAT I PARRÒQUIA	0101010100120046	POBLACIÓ PER NACIONALITAT I PARRÒQUIA. MARROQUINS. ORDINO	2010	10
1094	POBLACIÓ PER NACIONALITAT I PARRÒQUIA	0101010100120046	POBLACIÓ PER NACIONALITAT I PARRÒQUIA. MARROQUINS. ORDINO	2011	11
1094	POBLACIÓ PER NACIONALITAT I PARRÒQUIA	0101010100120046	POBLACIÓ PER NACIONALITAT I PARRÒQUIA. MARROQUINS. ORDINO	2012	9
1094	POBLACIÓ PER NACIONALITAT I PARRÒQUIA	0101010100120046	POBLACIÓ PER NACIONALITAT I PARRÒQUIA. MARROQUINS. ORDINO	2013	7
1094	POBLACIÓ PER NACIONALITAT I PARRÒQUIA	0101010100120046	POBLACIÓ PER NACIONALITAT I PARRÒQUIA. MARROQUINS. ORDINO	2014	6
1094	POBLACIÓ PER NACIONALITAT I PARRÒQUIA	0101010100120046	POBLACIÓ PER NACIONALITAT I PARRÒQUIA. MARROQUINS. ORDINO	2015	10
1094	POBLACIÓ PER NACIONALITAT I PARRÒQUIA	0101010100120046	POBLACIÓ PER NACIONALITAT I PARRÒQUIA. MARROQUINS. ORDINO	2016	10
1094	POBLACIÓ PER NACIONALITAT I PARRÒQUIA	0101010100120046	POBLACIÓ PER NACIONALITAT I PARRÒQUIA. MARROQUINS. ORDINO	2017	0
1094	POBLACIÓ PER NACIONALITAT I PARRÒQUIA	0101010100120046	POBLACIÓ PER NACIONALITAT I PARRÒQUIA. MARROQUINS. ORDINO	2018	7
1094	POBLACIÓ PER NACIONALITAT I PARRÒQUIA	0101010100120046	POBLACIÓ PER NACIONALITAT I PARRÒQUIA. MARROQUINS. ORDINO	2019	10
1094	POBLACIÓ PER NACIONALITAT I PARRÒQUIA	0101010100120046	POBLACIÓ PER NACIONALITAT I PARRÒQUIA. MARROQUINS. ORDINO	2020	8
1094	POBLACIÓ PER NACIONALITAT I PARRÒQUIA	0101010100120046	POBLACIÓ PER NACIONALITAT I PARRÒQUIA. MARROQUINS. ORDINO	2021	6
1094	POBLACIÓ PER NACIONALITAT I PARRÒQUIA	0101010100120046	POBLACIÓ PER NACIONALITAT I PARRÒQUIA. MARROQUINS. ORDINO	2022	12
1094	POBLACIÓ PER NACIONALITAT I PARRÒQUIA	0101010100120046	POBLACIÓ PER NACIONALITAT I PARRÒQUIA. MARROQUINS. ORDINO	2023	11
1094	POBLACIÓ PER NACIONALITAT I PARRÒQUIA	0101010100120046	POBLACIÓ PER NACIONALITAT I PARRÒQUIA. MARROQUINS. ORDINO	2024	13
1094	POBLACIÓ PER NACIONALITAT I PARRÒQUIA	0101010100120046	POBLACIÓ PER NACIONALITAT I PARRÒQUIA. MARROQUINS. ORDINO	2025	19
1094	POBLACIÓ PER NACIONALITAT I PARRÒQUIA	0101010100120047	POBLACIÓ PER NACIONALITAT I PARRÒQUIA. PORTUGUESOS. ORDINO	2010	264
1094	POBLACIÓ PER NACIONALITAT I PARRÒQUIA	0101010100120047	POBLACIÓ PER NACIONALITAT I PARRÒQUIA. PORTUGUESOS. ORDINO	2011	240
1094	POBLACIÓ PER NACIONALITAT I PARRÒQUIA	0101010100120047	POBLACIÓ PER NACIONALITAT I PARRÒQUIA. PORTUGUESOS. ORDINO	2012	234
1094	POBLACIÓ PER NACIONALITAT I PARRÒQUIA	0101010100120047	POBLACIÓ PER NACIONALITAT I PARRÒQUIA. PORTUGUESOS. ORDINO	2013	219
1094	POBLACIÓ PER NACIONALITAT I PARRÒQUIA	0101010100120047	POBLACIÓ PER NACIONALITAT I PARRÒQUIA. PORTUGUESOS. ORDINO	2014	223
1094	POBLACIÓ PER NACIONALITAT I PARRÒQUIA	0101010100120047	POBLACIÓ PER NACIONALITAT I PARRÒQUIA. PORTUGUESOS. ORDINO	2015	212
1094	POBLACIÓ PER NACIONALITAT I PARRÒQUIA	0101010100120047	POBLACIÓ PER NACIONALITAT I PARRÒQUIA. PORTUGUESOS. ORDINO	2016	217
1094	POBLACIÓ PER NACIONALITAT I PARRÒQUIA	0101010100120047	POBLACIÓ PER NACIONALITAT I PARRÒQUIA. PORTUGUESOS. ORDINO	2017	215
1094	POBLACIÓ PER NACIONALITAT I PARRÒQUIA	0101010100120047	POBLACIÓ PER NACIONALITAT I PARRÒQUIA. PORTUGUESOS. ORDINO	2018	228
1094	POBLACIÓ PER NACIONALITAT I PARRÒQUIA	0101010100120047	POBLACIÓ PER NACIONALITAT I PARRÒQUIA. PORTUGUESOS. ORDINO	2019	240
1094	POBLACIÓ PER NACIONALITAT I PARRÒQUIA	0101010100120047	POBLACIÓ PER NACIONALITAT I PARRÒQUIA. PORTUGUESOS. ORDINO	2020	235
1094	POBLACIÓ PER NACIONALITAT I PARRÒQUIA	0101010100120047	POBLACIÓ PER NACIONALITAT I PARRÒQUIA. PORTUGUESOS. ORDINO	2021	235
1094	POBLACIÓ PER NACIONALITAT I PARRÒQUIA	0101010100120047	POBLACIÓ PER NACIONALITAT I PARRÒQUIA. PORTUGUESOS. ORDINO	2022	235
1094	POBLACIÓ PER NACIONALITAT I PARRÒQUIA	0101010100120047	POBLACIÓ PER NACIONALITAT I PARRÒQUIA. PORTUGUESOS. ORDINO	2023	223
1094	POBLACIÓ PER NACIONALITAT I PARRÒQUIA	0101010100120047	POBLACIÓ PER NACIONALITAT I PARRÒQUIA. PORTUGUESOS. ORDINO	2024	215
1094	POBLACIÓ PER NACIONALITAT I PARRÒQUIA	0101010100120047	POBLACIÓ PER NACIONALITAT I PARRÒQUIA. PORTUGUESOS. ORDINO	2025	202
1094	POBLACIÓ PER NACIONALITAT I PARRÒQUIA	0101010100120048	POBLACIÓ PER NACIONALITAT I PARRÒQUIA. URUGUAIANS. ORDINO	2010	8
1094	POBLACIÓ PER NACIONALITAT I PARRÒQUIA	0101010100120048	POBLACIÓ PER NACIONALITAT I PARRÒQUIA. URUGUAIANS. ORDINO	2011	5
1094	POBLACIÓ PER NACIONALITAT I PARRÒQUIA	0101010100120048	POBLACIÓ PER NACIONALITAT I PARRÒQUIA. URUGUAIANS. ORDINO	2012	4
1094	POBLACIÓ PER NACIONALITAT I PARRÒQUIA	0101010100120048	POBLACIÓ PER NACIONALITAT I PARRÒQUIA. URUGUAIANS. ORDINO	2013	4
1094	POBLACIÓ PER NACIONALITAT I PARRÒQUIA	0101010100120048	POBLACIÓ PER NACIONALITAT I PARRÒQUIA. URUGUAIANS. ORDINO	2014	7
1094	POBLACIÓ PER NACIONALITAT I PARRÒQUIA	0101010100120048	POBLACIÓ PER NACIONALITAT I PARRÒQUIA. URUGUAIANS. ORDINO	2015	3
1094	POBLACIÓ PER NACIONALITAT I PARRÒQUIA	0101010100120048	POBLACIÓ PER NACIONALITAT I PARRÒQUIA. URUGUAIANS. ORDINO	2016	8
1094	POBLACIÓ PER NACIONALITAT I PARRÒQUIA	0101010100120048	POBLACIÓ PER NACIONALITAT I PARRÒQUIA. URUGUAIANS. ORDINO	2017	9
1094	POBLACIÓ PER NACIONALITAT I PARRÒQUIA	0101010100120048	POBLACIÓ PER NACIONALITAT I PARRÒQUIA. URUGUAIANS. ORDINO	2018	13
1094	POBLACIÓ PER NACIONALITAT I PARRÒQUIA	0101010100120048	POBLACIÓ PER NACIONALITAT I PARRÒQUIA. URUGUAIANS. ORDINO	2019	9
1094	POBLACIÓ PER NACIONALITAT I PARRÒQUIA	0101010100120048	POBLACIÓ PER NACIONALITAT I PARRÒQUIA. URUGUAIANS. ORDINO	2020	10
1094	POBLACIÓ PER NACIONALITAT I PARRÒQUIA	0101010100120048	POBLACIÓ PER NACIONALITAT I PARRÒQUIA. URUGUAIANS. ORDINO	2021	9
1094	POBLACIÓ PER NACIONALITAT I PARRÒQUIA	0101010100120048	POBLACIÓ PER NACIONALITAT I PARRÒQUIA. URUGUAIANS. ORDINO	2022	11
1094	POBLACIÓ PER NACIONALITAT I PARRÒQUIA	0101010100120048	POBLACIÓ PER NACIONALITAT I PARRÒQUIA. URUGUAIANS. ORDINO	2023	15
1094	POBLACIÓ PER NACIONALITAT I PARRÒQUIA	0101010100120048	POBLACIÓ PER NACIONALITAT I PARRÒQUIA. URUGUAIANS. ORDINO	2024	12
1094	POBLACIÓ PER NACIONALITAT I PARRÒQUIA	0101010100120048	POBLACIÓ PER NACIONALITAT I PARRÒQUIA. URUGUAIANS. ORDINO	2025	13
1094	POBLACIÓ PER NACIONALITAT I PARRÒQUIA	0101010100120049	POBLACIÓ PER NACIONALITAT I PARRÒQUIA. XILENS. ORDINO	2010	21
1094	POBLACIÓ PER NACIONALITAT I PARRÒQUIA	0101010100120049	POBLACIÓ PER NACIONALITAT I PARRÒQUIA. XILENS. ORDINO	2011	17
1094	POBLACIÓ PER NACIONALITAT I PARRÒQUIA	0101010100120049	POBLACIÓ PER NACIONALITAT I PARRÒQUIA. XILENS. ORDINO	2012	11
1094	POBLACIÓ PER NACIONALITAT I PARRÒQUIA	0101010100120049	POBLACIÓ PER NACIONALITAT I PARRÒQUIA. XILENS. ORDINO	2013	10
1094	POBLACIÓ PER NACIONALITAT I PARRÒQUIA	0101010100120049	POBLACIÓ PER NACIONALITAT I PARRÒQUIA. XILENS. ORDINO	2014	6
1094	POBLACIÓ PER NACIONALITAT I PARRÒQUIA	0101010100120049	POBLACIÓ PER NACIONALITAT I PARRÒQUIA. XILENS. ORDINO	2015	6
1094	POBLACIÓ PER NACIONALITAT I PARRÒQUIA	0101010100120049	POBLACIÓ PER NACIONALITAT I PARRÒQUIA. XILENS. ORDINO	2016	8
1094	POBLACIÓ PER NACIONALITAT I PARRÒQUIA	0101010100120049	POBLACIÓ PER NACIONALITAT I PARRÒQUIA. XILENS. ORDINO	2017	6
1094	POBLACIÓ PER NACIONALITAT I PARRÒQUIA	0101010100120049	POBLACIÓ PER NACIONALITAT I PARRÒQUIA. XILENS. ORDINO	2018	7
1094	POBLACIÓ PER NACIONALITAT I PARRÒQUIA	0101010100120049	POBLACIÓ PER NACIONALITAT I PARRÒQUIA. XILENS. ORDINO	2019	6
1094	POBLACIÓ PER NACIONALITAT I PARRÒQUIA	0101010100120049	POBLACIÓ PER NACIONALITAT I PARRÒQUIA. XILENS. ORDINO	2020	8
1094	POBLACIÓ PER NACIONALITAT I PARRÒQUIA	0101010100120049	POBLACIÓ PER NACIONALITAT I PARRÒQUIA. XILENS. ORDINO	2021	8
1094	POBLACIÓ PER NACIONALITAT I PARRÒQUIA	0101010100120049	POBLACIÓ PER NACIONALITAT I PARRÒQUIA. XILENS. ORDINO	2022	7
1094	POBLACIÓ PER NACIONALITAT I PARRÒQUIA	0101010100120049	POBLACIÓ PER NACIONALITAT I PARRÒQUIA. XILENS. ORDINO	2023	13
1094	POBLACIÓ PER NACIONALITAT I PARRÒQUIA	0101010100120049	POBLACIÓ PER NACIONALITAT I PARRÒQUIA. XILENS. ORDINO	2024	20
1094	POBLACIÓ PER NACIONALITAT I PARRÒQUIA	0101010100120049	POBLACIÓ PER NACIONALITAT I PARRÒQUIA. XILENS. ORDINO	2025	23
1094	POBLACIÓ PER NACIONALITAT I PARRÒQUIA	0101010100120050	POBLACIÓ PER NACIONALITAT I PARRÒQUIA. FILIPINS. ORDINO	2010	1
1094	POBLACIÓ PER NACIONALITAT I PARRÒQUIA	0101010100120050	POBLACIÓ PER NACIONALITAT I PARRÒQUIA. FILIPINS. ORDINO	2011	1
1094	POBLACIÓ PER NACIONALITAT I PARRÒQUIA	0101010100120050	POBLACIÓ PER NACIONALITAT I PARRÒQUIA. FILIPINS. ORDINO	2012	0
1094	POBLACIÓ PER NACIONALITAT I PARRÒQUIA	0101010100120050	POBLACIÓ PER NACIONALITAT I PARRÒQUIA. FILIPINS. ORDINO	2013	1
1094	POBLACIÓ PER NACIONALITAT I PARRÒQUIA	0101010100120050	POBLACIÓ PER NACIONALITAT I PARRÒQUIA. FILIPINS. ORDINO	2014	1
1094	POBLACIÓ PER NACIONALITAT I PARRÒQUIA	0101010100120050	POBLACIÓ PER NACIONALITAT I PARRÒQUIA. FILIPINS. ORDINO	2015	3
1094	POBLACIÓ PER NACIONALITAT I PARRÒQUIA	0101010100120050	POBLACIÓ PER NACIONALITAT I PARRÒQUIA. FILIPINS. ORDINO	2016	3
1094	POBLACIÓ PER NACIONALITAT I PARRÒQUIA	0101010100120050	POBLACIÓ PER NACIONALITAT I PARRÒQUIA. FILIPINS. ORDINO	2017	5
1094	POBLACIÓ PER NACIONALITAT I PARRÒQUIA	0101010100120050	POBLACIÓ PER NACIONALITAT I PARRÒQUIA. FILIPINS. ORDINO	2018	6
1094	POBLACIÓ PER NACIONALITAT I PARRÒQUIA	0101010100120050	POBLACIÓ PER NACIONALITAT I PARRÒQUIA. FILIPINS. ORDINO	2019	7
1094	POBLACIÓ PER NACIONALITAT I PARRÒQUIA	0101010100120050	POBLACIÓ PER NACIONALITAT I PARRÒQUIA. FILIPINS. ORDINO	2020	6
1094	POBLACIÓ PER NACIONALITAT I PARRÒQUIA	0101010100120050	POBLACIÓ PER NACIONALITAT I PARRÒQUIA. FILIPINS. ORDINO	2021	6
1094	POBLACIÓ PER NACIONALITAT I PARRÒQUIA	0101010100120050	POBLACIÓ PER NACIONALITAT I PARRÒQUIA. FILIPINS. ORDINO	2022	6
1094	POBLACIÓ PER NACIONALITAT I PARRÒQUIA	0101010100120050	POBLACIÓ PER NACIONALITAT I PARRÒQUIA. FILIPINS. ORDINO	2023	8
1094	POBLACIÓ PER NACIONALITAT I PARRÒQUIA	0101010100120050	POBLACIÓ PER NACIONALITAT I PARRÒQUIA. FILIPINS. ORDINO	2024	7
1094	POBLACIÓ PER NACIONALITAT I PARRÒQUIA	0101010100120050	POBLACIÓ PER NACIONALITAT I PARRÒQUIA. FILIPINS. ORDINO	2025	8
1094	POBLACIÓ PER NACIONALITAT I PARRÒQUIA	0101010100120051	POBLACIÓ PER NACIONALITAT I PARRÒQUIA. ALTRES NACIONALITATS. ORDINO	2010	110
1094	POBLACIÓ PER NACIONALITAT I PARRÒQUIA	0101010100120051	POBLACIÓ PER NACIONALITAT I PARRÒQUIA. ALTRES NACIONALITATS. ORDINO	2011	123
1094	POBLACIÓ PER NACIONALITAT I PARRÒQUIA	0101010100120051	POBLACIÓ PER NACIONALITAT I PARRÒQUIA. ALTRES NACIONALITATS. ORDINO	2012	173
1094	POBLACIÓ PER NACIONALITAT I PARRÒQUIA	0101010100120051	POBLACIÓ PER NACIONALITAT I PARRÒQUIA. ALTRES NACIONALITATS. ORDINO	2013	166
1094	POBLACIÓ PER NACIONALITAT I PARRÒQUIA	0101010100120051	POBLACIÓ PER NACIONALITAT I PARRÒQUIA. ALTRES NACIONALITATS. ORDINO	2014	163
1094	POBLACIÓ PER NACIONALITAT I PARRÒQUIA	0101010100120051	POBLACIÓ PER NACIONALITAT I PARRÒQUIA. ALTRES NACIONALITATS. ORDINO	2015	176
1094	POBLACIÓ PER NACIONALITAT I PARRÒQUIA	0101010100120051	POBLACIÓ PER NACIONALITAT I PARRÒQUIA. ALTRES NACIONALITATS. ORDINO	2016	207
1094	POBLACIÓ PER NACIONALITAT I PARRÒQUIA	0101010100120051	POBLACIÓ PER NACIONALITAT I PARRÒQUIA. ALTRES NACIONALITATS. ORDINO	2017	240
1094	POBLACIÓ PER NACIONALITAT I PARRÒQUIA	0101010100120051	POBLACIÓ PER NACIONALITAT I PARRÒQUIA. ALTRES NACIONALITATS. ORDINO	2018	248
1094	POBLACIÓ PER NACIONALITAT I PARRÒQUIA	0101010100120051	POBLACIÓ PER NACIONALITAT I PARRÒQUIA. ALTRES NACIONALITATS. ORDINO	2019	279
1094	POBLACIÓ PER NACIONALITAT I PARRÒQUIA	0101010100120051	POBLACIÓ PER NACIONALITAT I PARRÒQUIA. ALTRES NACIONALITATS. ORDINO	2020	303
1094	POBLACIÓ PER NACIONALITAT I PARRÒQUIA	0101010100120051	POBLACIÓ PER NACIONALITAT I PARRÒQUIA. ALTRES NACIONALITATS. ORDINO	2021	305
1094	POBLACIÓ PER NACIONALITAT I PARRÒQUIA	0101010100120051	POBLACIÓ PER NACIONALITAT I PARRÒQUIA. ALTRES NACIONALITATS. ORDINO	2022	340
1094	POBLACIÓ PER NACIONALITAT I PARRÒQUIA	0101010100120051	POBLACIÓ PER NACIONALITAT I PARRÒQUIA. ALTRES NACIONALITATS. ORDINO	2023	406
1094	POBLACIÓ PER NACIONALITAT I PARRÒQUIA	0101010100120051	POBLACIÓ PER NACIONALITAT I PARRÒQUIA. ALTRES NACIONALITATS. ORDINO	2024	451
1094	POBLACIÓ PER NACIONALITAT I PARRÒQUIA	0101010100120051	POBLACIÓ PER NACIONALITAT I PARRÒQUIA. ALTRES NACIONALITATS. ORDINO	2025	531
1094	POBLACIÓ PER NACIONALITAT I PARRÒQUIA	0101010100120052	POBLACIÓ PER NACIONALITAT I PARRÒQUIA. ANDORRANS. LA MASSANA	2010	3888
1094	POBLACIÓ PER NACIONALITAT I PARRÒQUIA	0101010100120052	POBLACIÓ PER NACIONALITAT I PARRÒQUIA. ANDORRANS. LA MASSANA	2011	3954
1094	POBLACIÓ PER NACIONALITAT I PARRÒQUIA	0101010100120052	POBLACIÓ PER NACIONALITAT I PARRÒQUIA. ANDORRANS. LA MASSANA	2012	3959
1094	POBLACIÓ PER NACIONALITAT I PARRÒQUIA	0101010100120052	POBLACIÓ PER NACIONALITAT I PARRÒQUIA. ANDORRANS. LA MASSANA	2013	4026
1094	POBLACIÓ PER NACIONALITAT I PARRÒQUIA	0101010100120052	POBLACIÓ PER NACIONALITAT I PARRÒQUIA. ANDORRANS. LA MASSANA	2014	4123
1094	POBLACIÓ PER NACIONALITAT I PARRÒQUIA	0101010100120052	POBLACIÓ PER NACIONALITAT I PARRÒQUIA. ANDORRANS. LA MASSANA	2015	4246
1094	POBLACIÓ PER NACIONALITAT I PARRÒQUIA	0101010100120052	POBLACIÓ PER NACIONALITAT I PARRÒQUIA. ANDORRANS. LA MASSANA	2016	4323
1094	POBLACIÓ PER NACIONALITAT I PARRÒQUIA	0101010100120052	POBLACIÓ PER NACIONALITAT I PARRÒQUIA. ANDORRANS. LA MASSANA	2017	4377
1094	POBLACIÓ PER NACIONALITAT I PARRÒQUIA	0101010100120052	POBLACIÓ PER NACIONALITAT I PARRÒQUIA. ANDORRANS. LA MASSANA	2018	4480
1094	POBLACIÓ PER NACIONALITAT I PARRÒQUIA	0101010100120052	POBLACIÓ PER NACIONALITAT I PARRÒQUIA. ANDORRANS. LA MASSANA	2019	4567
1094	POBLACIÓ PER NACIONALITAT I PARRÒQUIA	0101010100120052	POBLACIÓ PER NACIONALITAT I PARRÒQUIA. ANDORRANS. LA MASSANA	2020	4664
1094	POBLACIÓ PER NACIONALITAT I PARRÒQUIA	0101010100120052	POBLACIÓ PER NACIONALITAT I PARRÒQUIA. ANDORRANS. LA MASSANA	2021	4744
1094	POBLACIÓ PER NACIONALITAT I PARRÒQUIA	0101010100120052	POBLACIÓ PER NACIONALITAT I PARRÒQUIA. ANDORRANS. LA MASSANA	2022	4820
1094	POBLACIÓ PER NACIONALITAT I PARRÒQUIA	0101010100120052	POBLACIÓ PER NACIONALITAT I PARRÒQUIA. ANDORRANS. LA MASSANA	2023	4833
1094	POBLACIÓ PER NACIONALITAT I PARRÒQUIA	0101010100120052	POBLACIÓ PER NACIONALITAT I PARRÒQUIA. ANDORRANS. LA MASSANA	2024	4922
1094	POBLACIÓ PER NACIONALITAT I PARRÒQUIA	0101010100120052	POBLACIÓ PER NACIONALITAT I PARRÒQUIA. ANDORRANS. LA MASSANA	2025	4986
1094	POBLACIÓ PER NACIONALITAT I PARRÒQUIA	0101010100120053	POBLACIÓ PER NACIONALITAT I PARRÒQUIA. ESPANYOLS. LA MASSANA	2010	1969
1094	POBLACIÓ PER NACIONALITAT I PARRÒQUIA	0101010100120053	POBLACIÓ PER NACIONALITAT I PARRÒQUIA. ESPANYOLS. LA MASSANA	2011	1917
1094	POBLACIÓ PER NACIONALITAT I PARRÒQUIA	0101010100120053	POBLACIÓ PER NACIONALITAT I PARRÒQUIA. ESPANYOLS. LA MASSANA	2012	1923
1094	POBLACIÓ PER NACIONALITAT I PARRÒQUIA	0101010100120053	POBLACIÓ PER NACIONALITAT I PARRÒQUIA. ESPANYOLS. LA MASSANA	2013	2005
1094	POBLACIÓ PER NACIONALITAT I PARRÒQUIA	0101010100120053	POBLACIÓ PER NACIONALITAT I PARRÒQUIA. ESPANYOLS. LA MASSANA	2014	2044
1094	POBLACIÓ PER NACIONALITAT I PARRÒQUIA	0101010100120053	POBLACIÓ PER NACIONALITAT I PARRÒQUIA. ESPANYOLS. LA MASSANA	2015	2081
1094	POBLACIÓ PER NACIONALITAT I PARRÒQUIA	0101010100120053	POBLACIÓ PER NACIONALITAT I PARRÒQUIA. ESPANYOLS. LA MASSANA	2016	2155
1094	POBLACIÓ PER NACIONALITAT I PARRÒQUIA	0101010100120053	POBLACIÓ PER NACIONALITAT I PARRÒQUIA. ESPANYOLS. LA MASSANA	2017	2305
1094	POBLACIÓ PER NACIONALITAT I PARRÒQUIA	0101010100120053	POBLACIÓ PER NACIONALITAT I PARRÒQUIA. ESPANYOLS. LA MASSANA	2018	2443
1094	POBLACIÓ PER NACIONALITAT I PARRÒQUIA	0101010100120053	POBLACIÓ PER NACIONALITAT I PARRÒQUIA. ESPANYOLS. LA MASSANA	2019	2502
1094	POBLACIÓ PER NACIONALITAT I PARRÒQUIA	0101010100120053	POBLACIÓ PER NACIONALITAT I PARRÒQUIA. ESPANYOLS. LA MASSANA	2020	2515
1094	POBLACIÓ PER NACIONALITAT I PARRÒQUIA	0101010100120053	POBLACIÓ PER NACIONALITAT I PARRÒQUIA. ESPANYOLS. LA MASSANA	2021	2684
1094	POBLACIÓ PER NACIONALITAT I PARRÒQUIA	0101010100120053	POBLACIÓ PER NACIONALITAT I PARRÒQUIA. ESPANYOLS. LA MASSANA	2022	2757
1094	POBLACIÓ PER NACIONALITAT I PARRÒQUIA	0101010100120053	POBLACIÓ PER NACIONALITAT I PARRÒQUIA. ESPANYOLS. LA MASSANA	2023	2778
1094	POBLACIÓ PER NACIONALITAT I PARRÒQUIA	0101010100120053	POBLACIÓ PER NACIONALITAT I PARRÒQUIA. ESPANYOLS. LA MASSANA	2024	2768
1094	POBLACIÓ PER NACIONALITAT I PARRÒQUIA	0101010100120053	POBLACIÓ PER NACIONALITAT I PARRÒQUIA. ESPANYOLS. LA MASSANA	2025	2815
1094	POBLACIÓ PER NACIONALITAT I PARRÒQUIA	0101010100120054	POBLACIÓ PER NACIONALITAT I PARRÒQUIA. FRANCESOS. LA MASSANA	2010	475
1094	POBLACIÓ PER NACIONALITAT I PARRÒQUIA	0101010100120054	POBLACIÓ PER NACIONALITAT I PARRÒQUIA. FRANCESOS. LA MASSANA	2011	477
1094	POBLACIÓ PER NACIONALITAT I PARRÒQUIA	0101010100120054	POBLACIÓ PER NACIONALITAT I PARRÒQUIA. FRANCESOS. LA MASSANA	2012	463
1094	POBLACIÓ PER NACIONALITAT I PARRÒQUIA	0101010100120054	POBLACIÓ PER NACIONALITAT I PARRÒQUIA. FRANCESOS. LA MASSANA	2013	486
1094	POBLACIÓ PER NACIONALITAT I PARRÒQUIA	0101010100120054	POBLACIÓ PER NACIONALITAT I PARRÒQUIA. FRANCESOS. LA MASSANA	2014	492
1094	POBLACIÓ PER NACIONALITAT I PARRÒQUIA	0101010100120054	POBLACIÓ PER NACIONALITAT I PARRÒQUIA. FRANCESOS. LA MASSANA	2015	499
1094	POBLACIÓ PER NACIONALITAT I PARRÒQUIA	0101010100120054	POBLACIÓ PER NACIONALITAT I PARRÒQUIA. FRANCESOS. LA MASSANA	2016	525
1094	POBLACIÓ PER NACIONALITAT I PARRÒQUIA	0101010100120054	POBLACIÓ PER NACIONALITAT I PARRÒQUIA. FRANCESOS. LA MASSANA	2017	553
1094	POBLACIÓ PER NACIONALITAT I PARRÒQUIA	0101010100120054	POBLACIÓ PER NACIONALITAT I PARRÒQUIA. FRANCESOS. LA MASSANA	2018	587
1094	POBLACIÓ PER NACIONALITAT I PARRÒQUIA	0101010100120054	POBLACIÓ PER NACIONALITAT I PARRÒQUIA. FRANCESOS. LA MASSANA	2019	618
1094	POBLACIÓ PER NACIONALITAT I PARRÒQUIA	0101010100120054	POBLACIÓ PER NACIONALITAT I PARRÒQUIA. FRANCESOS. LA MASSANA	2020	646
1094	POBLACIÓ PER NACIONALITAT I PARRÒQUIA	0101010100120054	POBLACIÓ PER NACIONALITAT I PARRÒQUIA. FRANCESOS. LA MASSANA	2021	678
1094	POBLACIÓ PER NACIONALITAT I PARRÒQUIA	0101010100120054	POBLACIÓ PER NACIONALITAT I PARRÒQUIA. FRANCESOS. LA MASSANA	2022	705
1094	POBLACIÓ PER NACIONALITAT I PARRÒQUIA	0101010100120054	POBLACIÓ PER NACIONALITAT I PARRÒQUIA. FRANCESOS. LA MASSANA	2023	748
1094	POBLACIÓ PER NACIONALITAT I PARRÒQUIA	0101010100120054	POBLACIÓ PER NACIONALITAT I PARRÒQUIA. FRANCESOS. LA MASSANA	2024	734
1094	POBLACIÓ PER NACIONALITAT I PARRÒQUIA	0101010100120054	POBLACIÓ PER NACIONALITAT I PARRÒQUIA. FRANCESOS. LA MASSANA	2025	765
1094	POBLACIÓ PER NACIONALITAT I PARRÒQUIA	0101010100120055	POBLACIÓ PER NACIONALITAT I PARRÒQUIA. ALEMANYS. LA MASSANA	2010	63
1094	POBLACIÓ PER NACIONALITAT I PARRÒQUIA	0101010100120055	POBLACIÓ PER NACIONALITAT I PARRÒQUIA. ALEMANYS. LA MASSANA	2011	60
1094	POBLACIÓ PER NACIONALITAT I PARRÒQUIA	0101010100120055	POBLACIÓ PER NACIONALITAT I PARRÒQUIA. ALEMANYS. LA MASSANA	2012	62
1094	POBLACIÓ PER NACIONALITAT I PARRÒQUIA	0101010100120055	POBLACIÓ PER NACIONALITAT I PARRÒQUIA. ALEMANYS. LA MASSANA	2013	69
1094	POBLACIÓ PER NACIONALITAT I PARRÒQUIA	0101010100120055	POBLACIÓ PER NACIONALITAT I PARRÒQUIA. ALEMANYS. LA MASSANA	2014	67
1094	POBLACIÓ PER NACIONALITAT I PARRÒQUIA	0101010100120055	POBLACIÓ PER NACIONALITAT I PARRÒQUIA. ALEMANYS. LA MASSANA	2015	59
1094	POBLACIÓ PER NACIONALITAT I PARRÒQUIA	0101010100120055	POBLACIÓ PER NACIONALITAT I PARRÒQUIA. ALEMANYS. LA MASSANA	2016	64
1094	POBLACIÓ PER NACIONALITAT I PARRÒQUIA	0101010100120055	POBLACIÓ PER NACIONALITAT I PARRÒQUIA. ALEMANYS. LA MASSANA	2017	64
1094	POBLACIÓ PER NACIONALITAT I PARRÒQUIA	0101010100120055	POBLACIÓ PER NACIONALITAT I PARRÒQUIA. ALEMANYS. LA MASSANA	2018	58
1094	POBLACIÓ PER NACIONALITAT I PARRÒQUIA	0101010100120055	POBLACIÓ PER NACIONALITAT I PARRÒQUIA. ALEMANYS. LA MASSANA	2019	61
1094	POBLACIÓ PER NACIONALITAT I PARRÒQUIA	0101010100120055	POBLACIÓ PER NACIONALITAT I PARRÒQUIA. ALEMANYS. LA MASSANA	2020	57
1094	POBLACIÓ PER NACIONALITAT I PARRÒQUIA	0101010100120055	POBLACIÓ PER NACIONALITAT I PARRÒQUIA. ALEMANYS. LA MASSANA	2021	56
1094	POBLACIÓ PER NACIONALITAT I PARRÒQUIA	0101010100120055	POBLACIÓ PER NACIONALITAT I PARRÒQUIA. ALEMANYS. LA MASSANA	2022	66
1094	POBLACIÓ PER NACIONALITAT I PARRÒQUIA	0101010100120055	POBLACIÓ PER NACIONALITAT I PARRÒQUIA. ALEMANYS. LA MASSANA	2023	63
1094	POBLACIÓ PER NACIONALITAT I PARRÒQUIA	0101010100120055	POBLACIÓ PER NACIONALITAT I PARRÒQUIA. ALEMANYS. LA MASSANA	2024	68
1094	POBLACIÓ PER NACIONALITAT I PARRÒQUIA	0101010100120055	POBLACIÓ PER NACIONALITAT I PARRÒQUIA. ALEMANYS. LA MASSANA	2025	69
1094	POBLACIÓ PER NACIONALITAT I PARRÒQUIA	0101010100120056	POBLACIÓ PER NACIONALITAT I PARRÒQUIA. ARGENTINS. LA MASSANA	2010	115
1094	POBLACIÓ PER NACIONALITAT I PARRÒQUIA	0101010100120056	POBLACIÓ PER NACIONALITAT I PARRÒQUIA. ARGENTINS. LA MASSANA	2011	103
1094	POBLACIÓ PER NACIONALITAT I PARRÒQUIA	0101010100120056	POBLACIÓ PER NACIONALITAT I PARRÒQUIA. ARGENTINS. LA MASSANA	2012	111
1094	POBLACIÓ PER NACIONALITAT I PARRÒQUIA	0101010100120056	POBLACIÓ PER NACIONALITAT I PARRÒQUIA. ARGENTINS. LA MASSANA	2013	103
1094	POBLACIÓ PER NACIONALITAT I PARRÒQUIA	0101010100120056	POBLACIÓ PER NACIONALITAT I PARRÒQUIA. ARGENTINS. LA MASSANA	2014	92
1094	POBLACIÓ PER NACIONALITAT I PARRÒQUIA	0101010100120056	POBLACIÓ PER NACIONALITAT I PARRÒQUIA. ARGENTINS. LA MASSANA	2015	94
1094	POBLACIÓ PER NACIONALITAT I PARRÒQUIA	0101010100120056	POBLACIÓ PER NACIONALITAT I PARRÒQUIA. ARGENTINS. LA MASSANA	2016	103
1094	POBLACIÓ PER NACIONALITAT I PARRÒQUIA	0101010100120056	POBLACIÓ PER NACIONALITAT I PARRÒQUIA. ARGENTINS. LA MASSANA	2017	114
1094	POBLACIÓ PER NACIONALITAT I PARRÒQUIA	0101010100120056	POBLACIÓ PER NACIONALITAT I PARRÒQUIA. ARGENTINS. LA MASSANA	2018	144
1094	POBLACIÓ PER NACIONALITAT I PARRÒQUIA	0101010100120056	POBLACIÓ PER NACIONALITAT I PARRÒQUIA. ARGENTINS. LA MASSANA	2019	179
1094	POBLACIÓ PER NACIONALITAT I PARRÒQUIA	0101010100120056	POBLACIÓ PER NACIONALITAT I PARRÒQUIA. ARGENTINS. LA MASSANA	2020	189
1094	POBLACIÓ PER NACIONALITAT I PARRÒQUIA	0101010100120056	POBLACIÓ PER NACIONALITAT I PARRÒQUIA. ARGENTINS. LA MASSANA	2021	208
1094	POBLACIÓ PER NACIONALITAT I PARRÒQUIA	0101010100120056	POBLACIÓ PER NACIONALITAT I PARRÒQUIA. ARGENTINS. LA MASSANA	2022	235
1094	POBLACIÓ PER NACIONALITAT I PARRÒQUIA	0101010100120056	POBLACIÓ PER NACIONALITAT I PARRÒQUIA. ARGENTINS. LA MASSANA	2023	448
1094	POBLACIÓ PER NACIONALITAT I PARRÒQUIA	0101010100120056	POBLACIÓ PER NACIONALITAT I PARRÒQUIA. ARGENTINS. LA MASSANA	2024	503
1094	POBLACIÓ PER NACIONALITAT I PARRÒQUIA	0101010100120056	POBLACIÓ PER NACIONALITAT I PARRÒQUIA. ARGENTINS. LA MASSANA	2025	501
1094	POBLACIÓ PER NACIONALITAT I PARRÒQUIA	0101010100120057	POBLACIÓ PER NACIONALITAT I PARRÒQUIA. NORD-AMERICANS. LA MASSANA	2010	27
1094	POBLACIÓ PER NACIONALITAT I PARRÒQUIA	0101010100120057	POBLACIÓ PER NACIONALITAT I PARRÒQUIA. NORD-AMERICANS. LA MASSANA	2011	22
1094	POBLACIÓ PER NACIONALITAT I PARRÒQUIA	0101010100120057	POBLACIÓ PER NACIONALITAT I PARRÒQUIA. NORD-AMERICANS. LA MASSANA	2012	25
1094	POBLACIÓ PER NACIONALITAT I PARRÒQUIA	0101010100120057	POBLACIÓ PER NACIONALITAT I PARRÒQUIA. NORD-AMERICANS. LA MASSANA	2013	26
1094	POBLACIÓ PER NACIONALITAT I PARRÒQUIA	0101010100120057	POBLACIÓ PER NACIONALITAT I PARRÒQUIA. NORD-AMERICANS. LA MASSANA	2014	28
1094	POBLACIÓ PER NACIONALITAT I PARRÒQUIA	0101010100120057	POBLACIÓ PER NACIONALITAT I PARRÒQUIA. NORD-AMERICANS. LA MASSANA	2015	35
1094	POBLACIÓ PER NACIONALITAT I PARRÒQUIA	0101010100120057	POBLACIÓ PER NACIONALITAT I PARRÒQUIA. NORD-AMERICANS. LA MASSANA	2016	31
1094	POBLACIÓ PER NACIONALITAT I PARRÒQUIA	0101010100120057	POBLACIÓ PER NACIONALITAT I PARRÒQUIA. NORD-AMERICANS. LA MASSANA	2017	35
1094	POBLACIÓ PER NACIONALITAT I PARRÒQUIA	0101010100120057	POBLACIÓ PER NACIONALITAT I PARRÒQUIA. NORD-AMERICANS. LA MASSANA	2018	37
1094	POBLACIÓ PER NACIONALITAT I PARRÒQUIA	0101010100120057	POBLACIÓ PER NACIONALITAT I PARRÒQUIA. NORD-AMERICANS. LA MASSANA	2019	34
1094	POBLACIÓ PER NACIONALITAT I PARRÒQUIA	0101010100120057	POBLACIÓ PER NACIONALITAT I PARRÒQUIA. NORD-AMERICANS. LA MASSANA	2020	34
1094	POBLACIÓ PER NACIONALITAT I PARRÒQUIA	0101010100120057	POBLACIÓ PER NACIONALITAT I PARRÒQUIA. NORD-AMERICANS. LA MASSANA	2021	44
1094	POBLACIÓ PER NACIONALITAT I PARRÒQUIA	0101010100120057	POBLACIÓ PER NACIONALITAT I PARRÒQUIA. NORD-AMERICANS. LA MASSANA	2022	48
1094	POBLACIÓ PER NACIONALITAT I PARRÒQUIA	0101010100120057	POBLACIÓ PER NACIONALITAT I PARRÒQUIA. NORD-AMERICANS. LA MASSANA	2023	43
1094	POBLACIÓ PER NACIONALITAT I PARRÒQUIA	0101010100120057	POBLACIÓ PER NACIONALITAT I PARRÒQUIA. NORD-AMERICANS. LA MASSANA	2024	39
1094	POBLACIÓ PER NACIONALITAT I PARRÒQUIA	0101010100120057	POBLACIÓ PER NACIONALITAT I PARRÒQUIA. NORD-AMERICANS. LA MASSANA	2025	51
1094	POBLACIÓ PER NACIONALITAT I PARRÒQUIA	0101010100120058	POBLACIÓ PER NACIONALITAT I PARRÒQUIA. BRITANICS. LA MASSANA	2010	358
1094	POBLACIÓ PER NACIONALITAT I PARRÒQUIA	0101010100120058	POBLACIÓ PER NACIONALITAT I PARRÒQUIA. BRITANICS. LA MASSANA	2011	359
1094	POBLACIÓ PER NACIONALITAT I PARRÒQUIA	0101010100120058	POBLACIÓ PER NACIONALITAT I PARRÒQUIA. BRITANICS. LA MASSANA	2012	380
1094	POBLACIÓ PER NACIONALITAT I PARRÒQUIA	0101010100120058	POBLACIÓ PER NACIONALITAT I PARRÒQUIA. BRITANICS. LA MASSANA	2013	405
1094	POBLACIÓ PER NACIONALITAT I PARRÒQUIA	0101010100120058	POBLACIÓ PER NACIONALITAT I PARRÒQUIA. BRITANICS. LA MASSANA	2014	400
1094	POBLACIÓ PER NACIONALITAT I PARRÒQUIA	0101010100120058	POBLACIÓ PER NACIONALITAT I PARRÒQUIA. BRITANICS. LA MASSANA	2015	388
1094	POBLACIÓ PER NACIONALITAT I PARRÒQUIA	0101010100120058	POBLACIÓ PER NACIONALITAT I PARRÒQUIA. BRITANICS. LA MASSANA	2016	387
1094	POBLACIÓ PER NACIONALITAT I PARRÒQUIA	0101010100120058	POBLACIÓ PER NACIONALITAT I PARRÒQUIA. BRITANICS. LA MASSANA	2017	363
1094	POBLACIÓ PER NACIONALITAT I PARRÒQUIA	0101010100120058	POBLACIÓ PER NACIONALITAT I PARRÒQUIA. BRITANICS. LA MASSANA	2018	360
1094	POBLACIÓ PER NACIONALITAT I PARRÒQUIA	0101010100120058	POBLACIÓ PER NACIONALITAT I PARRÒQUIA. BRITANICS. LA MASSANA	2019	353
1094	POBLACIÓ PER NACIONALITAT I PARRÒQUIA	0101010100120058	POBLACIÓ PER NACIONALITAT I PARRÒQUIA. BRITANICS. LA MASSANA	2020	353
1094	POBLACIÓ PER NACIONALITAT I PARRÒQUIA	0101010100120058	POBLACIÓ PER NACIONALITAT I PARRÒQUIA. BRITANICS. LA MASSANA	2021	363
1094	POBLACIÓ PER NACIONALITAT I PARRÒQUIA	0101010100120058	POBLACIÓ PER NACIONALITAT I PARRÒQUIA. BRITANICS. LA MASSANA	2022	368
1094	POBLACIÓ PER NACIONALITAT I PARRÒQUIA	0101010100120058	POBLACIÓ PER NACIONALITAT I PARRÒQUIA. BRITANICS. LA MASSANA	2023	372
1094	POBLACIÓ PER NACIONALITAT I PARRÒQUIA	0101010100120058	POBLACIÓ PER NACIONALITAT I PARRÒQUIA. BRITANICS. LA MASSANA	2024	388
1094	POBLACIÓ PER NACIONALITAT I PARRÒQUIA	0101010100120058	POBLACIÓ PER NACIONALITAT I PARRÒQUIA. BRITANICS. LA MASSANA	2025	408
1094	POBLACIÓ PER NACIONALITAT I PARRÒQUIA	0101010100120059	POBLACIÓ PER NACIONALITAT I PARRÒQUIA. BELGUES. LA MASSANA	2010	40
1094	POBLACIÓ PER NACIONALITAT I PARRÒQUIA	0101010100120059	POBLACIÓ PER NACIONALITAT I PARRÒQUIA. BELGUES. LA MASSANA	2011	40
1094	POBLACIÓ PER NACIONALITAT I PARRÒQUIA	0101010100120059	POBLACIÓ PER NACIONALITAT I PARRÒQUIA. BELGUES. LA MASSANA	2012	40
1094	POBLACIÓ PER NACIONALITAT I PARRÒQUIA	0101010100120059	POBLACIÓ PER NACIONALITAT I PARRÒQUIA. BELGUES. LA MASSANA	2013	49
1094	POBLACIÓ PER NACIONALITAT I PARRÒQUIA	0101010100120059	POBLACIÓ PER NACIONALITAT I PARRÒQUIA. BELGUES. LA MASSANA	2014	54
1094	POBLACIÓ PER NACIONALITAT I PARRÒQUIA	0101010100120059	POBLACIÓ PER NACIONALITAT I PARRÒQUIA. BELGUES. LA MASSANA	2015	64
1094	POBLACIÓ PER NACIONALITAT I PARRÒQUIA	0101010100120059	POBLACIÓ PER NACIONALITAT I PARRÒQUIA. BELGUES. LA MASSANA	2016	62
1094	POBLACIÓ PER NACIONALITAT I PARRÒQUIA	0101010100120059	POBLACIÓ PER NACIONALITAT I PARRÒQUIA. BELGUES. LA MASSANA	2017	68
1094	POBLACIÓ PER NACIONALITAT I PARRÒQUIA	0101010100120059	POBLACIÓ PER NACIONALITAT I PARRÒQUIA. BELGUES. LA MASSANA	2018	55
1094	POBLACIÓ PER NACIONALITAT I PARRÒQUIA	0101010100120059	POBLACIÓ PER NACIONALITAT I PARRÒQUIA. BELGUES. LA MASSANA	2019	57
1094	POBLACIÓ PER NACIONALITAT I PARRÒQUIA	0101010100120059	POBLACIÓ PER NACIONALITAT I PARRÒQUIA. BELGUES. LA MASSANA	2020	59
1094	POBLACIÓ PER NACIONALITAT I PARRÒQUIA	0101010100120059	POBLACIÓ PER NACIONALITAT I PARRÒQUIA. BELGUES. LA MASSANA	2021	63
1094	POBLACIÓ PER NACIONALITAT I PARRÒQUIA	0101010100120059	POBLACIÓ PER NACIONALITAT I PARRÒQUIA. BELGUES. LA MASSANA	2022	71
1094	POBLACIÓ PER NACIONALITAT I PARRÒQUIA	0101010100120059	POBLACIÓ PER NACIONALITAT I PARRÒQUIA. BELGUES. LA MASSANA	2023	74
1094	POBLACIÓ PER NACIONALITAT I PARRÒQUIA	0101010100120059	POBLACIÓ PER NACIONALITAT I PARRÒQUIA. BELGUES. LA MASSANA	2024	72
1094	POBLACIÓ PER NACIONALITAT I PARRÒQUIA	0101010100120059	POBLACIÓ PER NACIONALITAT I PARRÒQUIA. BELGUES. LA MASSANA	2025	81
1094	POBLACIÓ PER NACIONALITAT I PARRÒQUIA	0101010100120060	POBLACIÓ PER NACIONALITAT I PARRÒQUIA. HOLANDESOS. LA MASSANA	2010	59
1094	POBLACIÓ PER NACIONALITAT I PARRÒQUIA	0101010100120060	POBLACIÓ PER NACIONALITAT I PARRÒQUIA. HOLANDESOS. LA MASSANA	2011	60
1094	POBLACIÓ PER NACIONALITAT I PARRÒQUIA	0101010100120060	POBLACIÓ PER NACIONALITAT I PARRÒQUIA. HOLANDESOS. LA MASSANA	2012	67
1094	POBLACIÓ PER NACIONALITAT I PARRÒQUIA	0101010100120060	POBLACIÓ PER NACIONALITAT I PARRÒQUIA. HOLANDESOS. LA MASSANA	2013	72
1094	POBLACIÓ PER NACIONALITAT I PARRÒQUIA	0101010100120060	POBLACIÓ PER NACIONALITAT I PARRÒQUIA. HOLANDESOS. LA MASSANA	2014	76
1094	POBLACIÓ PER NACIONALITAT I PARRÒQUIA	0101010100120060	POBLACIÓ PER NACIONALITAT I PARRÒQUIA. HOLANDESOS. LA MASSANA	2015	70
1094	POBLACIÓ PER NACIONALITAT I PARRÒQUIA	0101010100120060	POBLACIÓ PER NACIONALITAT I PARRÒQUIA. HOLANDESOS. LA MASSANA	2016	68
1094	POBLACIÓ PER NACIONALITAT I PARRÒQUIA	0101010100120060	POBLACIÓ PER NACIONALITAT I PARRÒQUIA. HOLANDESOS. LA MASSANA	2017	67
1094	POBLACIÓ PER NACIONALITAT I PARRÒQUIA	0101010100120060	POBLACIÓ PER NACIONALITAT I PARRÒQUIA. HOLANDESOS. LA MASSANA	2018	67
1094	POBLACIÓ PER NACIONALITAT I PARRÒQUIA	0101010100120060	POBLACIÓ PER NACIONALITAT I PARRÒQUIA. HOLANDESOS. LA MASSANA	2019	64
1094	POBLACIÓ PER NACIONALITAT I PARRÒQUIA	0101010100120060	POBLACIÓ PER NACIONALITAT I PARRÒQUIA. HOLANDESOS. LA MASSANA	2020	65
1094	POBLACIÓ PER NACIONALITAT I PARRÒQUIA	0101010100120060	POBLACIÓ PER NACIONALITAT I PARRÒQUIA. HOLANDESOS. LA MASSANA	2021	65
1094	POBLACIÓ PER NACIONALITAT I PARRÒQUIA	0101010100120060	POBLACIÓ PER NACIONALITAT I PARRÒQUIA. HOLANDESOS. LA MASSANA	2022	67
1094	POBLACIÓ PER NACIONALITAT I PARRÒQUIA	0101010100120060	POBLACIÓ PER NACIONALITAT I PARRÒQUIA. HOLANDESOS. LA MASSANA	2023	80
1094	POBLACIÓ PER NACIONALITAT I PARRÒQUIA	0101010100120060	POBLACIÓ PER NACIONALITAT I PARRÒQUIA. HOLANDESOS. LA MASSANA	2024	82
1094	POBLACIÓ PER NACIONALITAT I PARRÒQUIA	0101010100120060	POBLACIÓ PER NACIONALITAT I PARRÒQUIA. HOLANDESOS. LA MASSANA	2025	84
1094	POBLACIÓ PER NACIONALITAT I PARRÒQUIA	0101010100120061	POBLACIÓ PER NACIONALITAT I PARRÒQUIA. INDIS. LA MASSANA	2010	0
1094	POBLACIÓ PER NACIONALITAT I PARRÒQUIA	0101010100120061	POBLACIÓ PER NACIONALITAT I PARRÒQUIA. INDIS. LA MASSANA	2011	0
1094	POBLACIÓ PER NACIONALITAT I PARRÒQUIA	0101010100120061	POBLACIÓ PER NACIONALITAT I PARRÒQUIA. INDIS. LA MASSANA	2012	0
1094	POBLACIÓ PER NACIONALITAT I PARRÒQUIA	0101010100120061	POBLACIÓ PER NACIONALITAT I PARRÒQUIA. INDIS. LA MASSANA	2013	0
1094	POBLACIÓ PER NACIONALITAT I PARRÒQUIA	0101010100120061	POBLACIÓ PER NACIONALITAT I PARRÒQUIA. INDIS. LA MASSANA	2014	0
1094	POBLACIÓ PER NACIONALITAT I PARRÒQUIA	0101010100120061	POBLACIÓ PER NACIONALITAT I PARRÒQUIA. INDIS. LA MASSANA	2015	0
1094	POBLACIÓ PER NACIONALITAT I PARRÒQUIA	0101010100120061	POBLACIÓ PER NACIONALITAT I PARRÒQUIA. INDIS. LA MASSANA	2016	0
1094	POBLACIÓ PER NACIONALITAT I PARRÒQUIA	0101010100120061	POBLACIÓ PER NACIONALITAT I PARRÒQUIA. INDIS. LA MASSANA	2017	0
1094	POBLACIÓ PER NACIONALITAT I PARRÒQUIA	0101010100120061	POBLACIÓ PER NACIONALITAT I PARRÒQUIA. INDIS. LA MASSANA	2018	1
1094	POBLACIÓ PER NACIONALITAT I PARRÒQUIA	0101010100120061	POBLACIÓ PER NACIONALITAT I PARRÒQUIA. INDIS. LA MASSANA	2019	2
1094	POBLACIÓ PER NACIONALITAT I PARRÒQUIA	0101010100120061	POBLACIÓ PER NACIONALITAT I PARRÒQUIA. INDIS. LA MASSANA	2020	0
1094	POBLACIÓ PER NACIONALITAT I PARRÒQUIA	0101010100120061	POBLACIÓ PER NACIONALITAT I PARRÒQUIA. INDIS. LA MASSANA	2021	2
1094	POBLACIÓ PER NACIONALITAT I PARRÒQUIA	0101010100120061	POBLACIÓ PER NACIONALITAT I PARRÒQUIA. INDIS. LA MASSANA	2022	1
1094	POBLACIÓ PER NACIONALITAT I PARRÒQUIA	0101010100120061	POBLACIÓ PER NACIONALITAT I PARRÒQUIA. INDIS. LA MASSANA	2023	0
1094	POBLACIÓ PER NACIONALITAT I PARRÒQUIA	0101010100120061	POBLACIÓ PER NACIONALITAT I PARRÒQUIA. INDIS. LA MASSANA	2024	0
1094	POBLACIÓ PER NACIONALITAT I PARRÒQUIA	0101010100120061	POBLACIÓ PER NACIONALITAT I PARRÒQUIA. INDIS. LA MASSANA	2025	0
1094	POBLACIÓ PER NACIONALITAT I PARRÒQUIA	0101010100120062	POBLACIÓ PER NACIONALITAT I PARRÒQUIA. ITALIANS. LA MASSANA	2010	62
1094	POBLACIÓ PER NACIONALITAT I PARRÒQUIA	0101010100120062	POBLACIÓ PER NACIONALITAT I PARRÒQUIA. ITALIANS. LA MASSANA	2011	57
1094	POBLACIÓ PER NACIONALITAT I PARRÒQUIA	0101010100120062	POBLACIÓ PER NACIONALITAT I PARRÒQUIA. ITALIANS. LA MASSANA	2012	53
1094	POBLACIÓ PER NACIONALITAT I PARRÒQUIA	0101010100120062	POBLACIÓ PER NACIONALITAT I PARRÒQUIA. ITALIANS. LA MASSANA	2013	54
1094	POBLACIÓ PER NACIONALITAT I PARRÒQUIA	0101010100120062	POBLACIÓ PER NACIONALITAT I PARRÒQUIA. ITALIANS. LA MASSANA	2014	49
1094	POBLACIÓ PER NACIONALITAT I PARRÒQUIA	0101010100120062	POBLACIÓ PER NACIONALITAT I PARRÒQUIA. ITALIANS. LA MASSANA	2015	63
1094	POBLACIÓ PER NACIONALITAT I PARRÒQUIA	0101010100120062	POBLACIÓ PER NACIONALITAT I PARRÒQUIA. ITALIANS. LA MASSANA	2016	67
1094	POBLACIÓ PER NACIONALITAT I PARRÒQUIA	0101010100120062	POBLACIÓ PER NACIONALITAT I PARRÒQUIA. ITALIANS. LA MASSANA	2017	76
1094	POBLACIÓ PER NACIONALITAT I PARRÒQUIA	0101010100120062	POBLACIÓ PER NACIONALITAT I PARRÒQUIA. ITALIANS. LA MASSANA	2018	74
1094	POBLACIÓ PER NACIONALITAT I PARRÒQUIA	0101010100120062	POBLACIÓ PER NACIONALITAT I PARRÒQUIA. ITALIANS. LA MASSANA	2019	81
1094	POBLACIÓ PER NACIONALITAT I PARRÒQUIA	0101010100120062	POBLACIÓ PER NACIONALITAT I PARRÒQUIA. ITALIANS. LA MASSANA	2020	88
1094	POBLACIÓ PER NACIONALITAT I PARRÒQUIA	0101010100120062	POBLACIÓ PER NACIONALITAT I PARRÒQUIA. ITALIANS. LA MASSANA	2021	106
1094	POBLACIÓ PER NACIONALITAT I PARRÒQUIA	0101010100120062	POBLACIÓ PER NACIONALITAT I PARRÒQUIA. ITALIANS. LA MASSANA	2022	119
1094	POBLACIÓ PER NACIONALITAT I PARRÒQUIA	0101010100120062	POBLACIÓ PER NACIONALITAT I PARRÒQUIA. ITALIANS. LA MASSANA	2023	120
1094	POBLACIÓ PER NACIONALITAT I PARRÒQUIA	0101010100120062	POBLACIÓ PER NACIONALITAT I PARRÒQUIA. ITALIANS. LA MASSANA	2024	125
1094	POBLACIÓ PER NACIONALITAT I PARRÒQUIA	0101010100120062	POBLACIÓ PER NACIONALITAT I PARRÒQUIA. ITALIANS. LA MASSANA	2025	137
1094	POBLACIÓ PER NACIONALITAT I PARRÒQUIA	0101010100120063	POBLACIÓ PER NACIONALITAT I PARRÒQUIA. MARROQUINS. LA MASSANA	2010	5
1094	POBLACIÓ PER NACIONALITAT I PARRÒQUIA	0101010100120063	POBLACIÓ PER NACIONALITAT I PARRÒQUIA. MARROQUINS. LA MASSANA	2011	3
1094	POBLACIÓ PER NACIONALITAT I PARRÒQUIA	0101010100120063	POBLACIÓ PER NACIONALITAT I PARRÒQUIA. MARROQUINS. LA MASSANA	2012	5
1094	POBLACIÓ PER NACIONALITAT I PARRÒQUIA	0101010100120063	POBLACIÓ PER NACIONALITAT I PARRÒQUIA. MARROQUINS. LA MASSANA	2013	5
1094	POBLACIÓ PER NACIONALITAT I PARRÒQUIA	0101010100120063	POBLACIÓ PER NACIONALITAT I PARRÒQUIA. MARROQUINS. LA MASSANA	2014	8
1094	POBLACIÓ PER NACIONALITAT I PARRÒQUIA	0101010100120063	POBLACIÓ PER NACIONALITAT I PARRÒQUIA. MARROQUINS. LA MASSANA	2015	7
1094	POBLACIÓ PER NACIONALITAT I PARRÒQUIA	0101010100120063	POBLACIÓ PER NACIONALITAT I PARRÒQUIA. MARROQUINS. LA MASSANA	2016	9
1094	POBLACIÓ PER NACIONALITAT I PARRÒQUIA	0101010100120063	POBLACIÓ PER NACIONALITAT I PARRÒQUIA. MARROQUINS. LA MASSANA	2017	1
1094	POBLACIÓ PER NACIONALITAT I PARRÒQUIA	0101010100120063	POBLACIÓ PER NACIONALITAT I PARRÒQUIA. MARROQUINS. LA MASSANA	2018	10
1094	POBLACIÓ PER NACIONALITAT I PARRÒQUIA	0101010100120063	POBLACIÓ PER NACIONALITAT I PARRÒQUIA. MARROQUINS. LA MASSANA	2019	10
1094	POBLACIÓ PER NACIONALITAT I PARRÒQUIA	0101010100120063	POBLACIÓ PER NACIONALITAT I PARRÒQUIA. MARROQUINS. LA MASSANA	2020	9
1094	POBLACIÓ PER NACIONALITAT I PARRÒQUIA	0101010100120063	POBLACIÓ PER NACIONALITAT I PARRÒQUIA. MARROQUINS. LA MASSANA	2021	9
1094	POBLACIÓ PER NACIONALITAT I PARRÒQUIA	0101010100120063	POBLACIÓ PER NACIONALITAT I PARRÒQUIA. MARROQUINS. LA MASSANA	2022	6
1094	POBLACIÓ PER NACIONALITAT I PARRÒQUIA	0101010100120063	POBLACIÓ PER NACIONALITAT I PARRÒQUIA. MARROQUINS. LA MASSANA	2023	11
1094	POBLACIÓ PER NACIONALITAT I PARRÒQUIA	0101010100120063	POBLACIÓ PER NACIONALITAT I PARRÒQUIA. MARROQUINS. LA MASSANA	2024	11
1094	POBLACIÓ PER NACIONALITAT I PARRÒQUIA	0101010100120063	POBLACIÓ PER NACIONALITAT I PARRÒQUIA. MARROQUINS. LA MASSANA	2025	13
1094	POBLACIÓ PER NACIONALITAT I PARRÒQUIA	0101010100120064	POBLACIÓ PER NACIONALITAT I PARRÒQUIA. PORTUGUESOS. LA MASSANA	2010	1155
1094	POBLACIÓ PER NACIONALITAT I PARRÒQUIA	0101010100120064	POBLACIÓ PER NACIONALITAT I PARRÒQUIA. PORTUGUESOS. LA MASSANA	2011	1068
1094	POBLACIÓ PER NACIONALITAT I PARRÒQUIA	0101010100120064	POBLACIÓ PER NACIONALITAT I PARRÒQUIA. PORTUGUESOS. LA MASSANA	2012	1022
1094	POBLACIÓ PER NACIONALITAT I PARRÒQUIA	0101010100120064	POBLACIÓ PER NACIONALITAT I PARRÒQUIA. PORTUGUESOS. LA MASSANA	2013	1002
1094	POBLACIÓ PER NACIONALITAT I PARRÒQUIA	0101010100120064	POBLACIÓ PER NACIONALITAT I PARRÒQUIA. PORTUGUESOS. LA MASSANA	2014	964
1094	POBLACIÓ PER NACIONALITAT I PARRÒQUIA	0101010100120064	POBLACIÓ PER NACIONALITAT I PARRÒQUIA. PORTUGUESOS. LA MASSANA	2015	951
1094	POBLACIÓ PER NACIONALITAT I PARRÒQUIA	0101010100120064	POBLACIÓ PER NACIONALITAT I PARRÒQUIA. PORTUGUESOS. LA MASSANA	2016	931
1094	POBLACIÓ PER NACIONALITAT I PARRÒQUIA	0101010100120064	POBLACIÓ PER NACIONALITAT I PARRÒQUIA. PORTUGUESOS. LA MASSANA	2017	907
1094	POBLACIÓ PER NACIONALITAT I PARRÒQUIA	0101010100120064	POBLACIÓ PER NACIONALITAT I PARRÒQUIA. PORTUGUESOS. LA MASSANA	2018	890
1094	POBLACIÓ PER NACIONALITAT I PARRÒQUIA	0101010100120064	POBLACIÓ PER NACIONALITAT I PARRÒQUIA. PORTUGUESOS. LA MASSANA	2019	913
1094	POBLACIÓ PER NACIONALITAT I PARRÒQUIA	0101010100120064	POBLACIÓ PER NACIONALITAT I PARRÒQUIA. PORTUGUESOS. LA MASSANA	2020	902
1094	POBLACIÓ PER NACIONALITAT I PARRÒQUIA	0101010100120064	POBLACIÓ PER NACIONALITAT I PARRÒQUIA. PORTUGUESOS. LA MASSANA	2021	872
1094	POBLACIÓ PER NACIONALITAT I PARRÒQUIA	0101010100120064	POBLACIÓ PER NACIONALITAT I PARRÒQUIA. PORTUGUESOS. LA MASSANA	2022	837
1094	POBLACIÓ PER NACIONALITAT I PARRÒQUIA	0101010100120064	POBLACIÓ PER NACIONALITAT I PARRÒQUIA. PORTUGUESOS. LA MASSANA	2023	835
1094	POBLACIÓ PER NACIONALITAT I PARRÒQUIA	0101010100120064	POBLACIÓ PER NACIONALITAT I PARRÒQUIA. PORTUGUESOS. LA MASSANA	2024	808
1094	POBLACIÓ PER NACIONALITAT I PARRÒQUIA	0101010100120064	POBLACIÓ PER NACIONALITAT I PARRÒQUIA. PORTUGUESOS. LA MASSANA	2025	809
1094	POBLACIÓ PER NACIONALITAT I PARRÒQUIA	0101010100120065	POBLACIÓ PER NACIONALITAT I PARRÒQUIA. URUGUAIANS. LA MASSANA	2010	16
1094	POBLACIÓ PER NACIONALITAT I PARRÒQUIA	0101010100120065	POBLACIÓ PER NACIONALITAT I PARRÒQUIA. URUGUAIANS. LA MASSANA	2011	11
1094	POBLACIÓ PER NACIONALITAT I PARRÒQUIA	0101010100120065	POBLACIÓ PER NACIONALITAT I PARRÒQUIA. URUGUAIANS. LA MASSANA	2012	9
1094	POBLACIÓ PER NACIONALITAT I PARRÒQUIA	0101010100120065	POBLACIÓ PER NACIONALITAT I PARRÒQUIA. URUGUAIANS. LA MASSANA	2013	11
1094	POBLACIÓ PER NACIONALITAT I PARRÒQUIA	0101010100120065	POBLACIÓ PER NACIONALITAT I PARRÒQUIA. URUGUAIANS. LA MASSANA	2014	9
1094	POBLACIÓ PER NACIONALITAT I PARRÒQUIA	0101010100120065	POBLACIÓ PER NACIONALITAT I PARRÒQUIA. URUGUAIANS. LA MASSANA	2015	8
1094	POBLACIÓ PER NACIONALITAT I PARRÒQUIA	0101010100120065	POBLACIÓ PER NACIONALITAT I PARRÒQUIA. URUGUAIANS. LA MASSANA	2016	8
1094	POBLACIÓ PER NACIONALITAT I PARRÒQUIA	0101010100120065	POBLACIÓ PER NACIONALITAT I PARRÒQUIA. URUGUAIANS. LA MASSANA	2017	6
1094	POBLACIÓ PER NACIONALITAT I PARRÒQUIA	0101010100120065	POBLACIÓ PER NACIONALITAT I PARRÒQUIA. URUGUAIANS. LA MASSANA	2018	5
1094	POBLACIÓ PER NACIONALITAT I PARRÒQUIA	0101010100120065	POBLACIÓ PER NACIONALITAT I PARRÒQUIA. URUGUAIANS. LA MASSANA	2019	8
1094	POBLACIÓ PER NACIONALITAT I PARRÒQUIA	0101010100120065	POBLACIÓ PER NACIONALITAT I PARRÒQUIA. URUGUAIANS. LA MASSANA	2020	12
1094	POBLACIÓ PER NACIONALITAT I PARRÒQUIA	0101010100120065	POBLACIÓ PER NACIONALITAT I PARRÒQUIA. URUGUAIANS. LA MASSANA	2021	13
1094	POBLACIÓ PER NACIONALITAT I PARRÒQUIA	0101010100120065	POBLACIÓ PER NACIONALITAT I PARRÒQUIA. URUGUAIANS. LA MASSANA	2022	14
1094	POBLACIÓ PER NACIONALITAT I PARRÒQUIA	0101010100120065	POBLACIÓ PER NACIONALITAT I PARRÒQUIA. URUGUAIANS. LA MASSANA	2023	16
1094	POBLACIÓ PER NACIONALITAT I PARRÒQUIA	0101010100120065	POBLACIÓ PER NACIONALITAT I PARRÒQUIA. URUGUAIANS. LA MASSANA	2024	15
1094	POBLACIÓ PER NACIONALITAT I PARRÒQUIA	0101010100120065	POBLACIÓ PER NACIONALITAT I PARRÒQUIA. URUGUAIANS. LA MASSANA	2025	16
1094	POBLACIÓ PER NACIONALITAT I PARRÒQUIA	0101010100120066	POBLACIÓ PER NACIONALITAT I PARRÒQUIA. XILENS. LA MASSANA	2010	37
1094	POBLACIÓ PER NACIONALITAT I PARRÒQUIA	0101010100120066	POBLACIÓ PER NACIONALITAT I PARRÒQUIA. XILENS. LA MASSANA	2011	39
1094	POBLACIÓ PER NACIONALITAT I PARRÒQUIA	0101010100120066	POBLACIÓ PER NACIONALITAT I PARRÒQUIA. XILENS. LA MASSANA	2012	35
1094	POBLACIÓ PER NACIONALITAT I PARRÒQUIA	0101010100120066	POBLACIÓ PER NACIONALITAT I PARRÒQUIA. XILENS. LA MASSANA	2013	34
1094	POBLACIÓ PER NACIONALITAT I PARRÒQUIA	0101010100120066	POBLACIÓ PER NACIONALITAT I PARRÒQUIA. XILENS. LA MASSANA	2014	30
1094	POBLACIÓ PER NACIONALITAT I PARRÒQUIA	0101010100120066	POBLACIÓ PER NACIONALITAT I PARRÒQUIA. XILENS. LA MASSANA	2015	30
1094	POBLACIÓ PER NACIONALITAT I PARRÒQUIA	0101010100120066	POBLACIÓ PER NACIONALITAT I PARRÒQUIA. XILENS. LA MASSANA	2016	27
1094	POBLACIÓ PER NACIONALITAT I PARRÒQUIA	0101010100120066	POBLACIÓ PER NACIONALITAT I PARRÒQUIA. XILENS. LA MASSANA	2017	31
1094	POBLACIÓ PER NACIONALITAT I PARRÒQUIA	0101010100120066	POBLACIÓ PER NACIONALITAT I PARRÒQUIA. XILENS. LA MASSANA	2018	34
1094	POBLACIÓ PER NACIONALITAT I PARRÒQUIA	0101010100120066	POBLACIÓ PER NACIONALITAT I PARRÒQUIA. XILENS. LA MASSANA	2019	41
1094	POBLACIÓ PER NACIONALITAT I PARRÒQUIA	0101010100120066	POBLACIÓ PER NACIONALITAT I PARRÒQUIA. XILENS. LA MASSANA	2020	52
1094	POBLACIÓ PER NACIONALITAT I PARRÒQUIA	0101010100120066	POBLACIÓ PER NACIONALITAT I PARRÒQUIA. XILENS. LA MASSANA	2021	61
1094	POBLACIÓ PER NACIONALITAT I PARRÒQUIA	0101010100120066	POBLACIÓ PER NACIONALITAT I PARRÒQUIA. XILENS. LA MASSANA	2022	65
1094	POBLACIÓ PER NACIONALITAT I PARRÒQUIA	0101010100120066	POBLACIÓ PER NACIONALITAT I PARRÒQUIA. XILENS. LA MASSANA	2023	77
1094	POBLACIÓ PER NACIONALITAT I PARRÒQUIA	0101010100120066	POBLACIÓ PER NACIONALITAT I PARRÒQUIA. XILENS. LA MASSANA	2024	75
1094	POBLACIÓ PER NACIONALITAT I PARRÒQUIA	0101010100120066	POBLACIÓ PER NACIONALITAT I PARRÒQUIA. XILENS. LA MASSANA	2025	83
1094	POBLACIÓ PER NACIONALITAT I PARRÒQUIA	0101010100120067	POBLACIÓ PER NACIONALITAT I PARRÒQUIA. FILIPINS. LA MASSANA	2010	15
1094	POBLACIÓ PER NACIONALITAT I PARRÒQUIA	0101010100120067	POBLACIÓ PER NACIONALITAT I PARRÒQUIA. FILIPINS. LA MASSANA	2011	16
1094	POBLACIÓ PER NACIONALITAT I PARRÒQUIA	0101010100120067	POBLACIÓ PER NACIONALITAT I PARRÒQUIA. FILIPINS. LA MASSANA	2012	15
1094	POBLACIÓ PER NACIONALITAT I PARRÒQUIA	0101010100120067	POBLACIÓ PER NACIONALITAT I PARRÒQUIA. FILIPINS. LA MASSANA	2013	17
1094	POBLACIÓ PER NACIONALITAT I PARRÒQUIA	0101010100120067	POBLACIÓ PER NACIONALITAT I PARRÒQUIA. FILIPINS. LA MASSANA	2014	21
1094	POBLACIÓ PER NACIONALITAT I PARRÒQUIA	0101010100120067	POBLACIÓ PER NACIONALITAT I PARRÒQUIA. FILIPINS. LA MASSANA	2015	21
1094	POBLACIÓ PER NACIONALITAT I PARRÒQUIA	0101010100120067	POBLACIÓ PER NACIONALITAT I PARRÒQUIA. FILIPINS. LA MASSANA	2016	20
1094	POBLACIÓ PER NACIONALITAT I PARRÒQUIA	0101010100120067	POBLACIÓ PER NACIONALITAT I PARRÒQUIA. FILIPINS. LA MASSANA	2017	21
1094	POBLACIÓ PER NACIONALITAT I PARRÒQUIA	0101010100120067	POBLACIÓ PER NACIONALITAT I PARRÒQUIA. FILIPINS. LA MASSANA	2018	20
1094	POBLACIÓ PER NACIONALITAT I PARRÒQUIA	0101010100120067	POBLACIÓ PER NACIONALITAT I PARRÒQUIA. FILIPINS. LA MASSANA	2019	17
1094	POBLACIÓ PER NACIONALITAT I PARRÒQUIA	0101010100120067	POBLACIÓ PER NACIONALITAT I PARRÒQUIA. FILIPINS. LA MASSANA	2020	19
1094	POBLACIÓ PER NACIONALITAT I PARRÒQUIA	0101010100120067	POBLACIÓ PER NACIONALITAT I PARRÒQUIA. FILIPINS. LA MASSANA	2021	25
1094	POBLACIÓ PER NACIONALITAT I PARRÒQUIA	0101010100120067	POBLACIÓ PER NACIONALITAT I PARRÒQUIA. FILIPINS. LA MASSANA	2022	28
1094	POBLACIÓ PER NACIONALITAT I PARRÒQUIA	0101010100120067	POBLACIÓ PER NACIONALITAT I PARRÒQUIA. FILIPINS. LA MASSANA	2023	34
1094	POBLACIÓ PER NACIONALITAT I PARRÒQUIA	0101010100120067	POBLACIÓ PER NACIONALITAT I PARRÒQUIA. FILIPINS. LA MASSANA	2024	35
1094	POBLACIÓ PER NACIONALITAT I PARRÒQUIA	0101010100120067	POBLACIÓ PER NACIONALITAT I PARRÒQUIA. FILIPINS. LA MASSANA	2025	37
1094	POBLACIÓ PER NACIONALITAT I PARRÒQUIA	0101010100120068	POBLACIÓ PER NACIONALITAT I PARRÒQUIA. ALTRES NACIONALITATS. LA MASSANA	2010	334
1094	POBLACIÓ PER NACIONALITAT I PARRÒQUIA	0101010100120068	POBLACIÓ PER NACIONALITAT I PARRÒQUIA. ALTRES NACIONALITATS. LA MASSANA	2011	340
1094	POBLACIÓ PER NACIONALITAT I PARRÒQUIA	0101010100120068	POBLACIÓ PER NACIONALITAT I PARRÒQUIA. ALTRES NACIONALITATS. LA MASSANA	2012	478
1094	POBLACIÓ PER NACIONALITAT I PARRÒQUIA	0101010100120068	POBLACIÓ PER NACIONALITAT I PARRÒQUIA. ALTRES NACIONALITATS. LA MASSANA	2013	436
1094	POBLACIÓ PER NACIONALITAT I PARRÒQUIA	0101010100120068	POBLACIÓ PER NACIONALITAT I PARRÒQUIA. ALTRES NACIONALITATS. LA MASSANA	2014	450
1094	POBLACIÓ PER NACIONALITAT I PARRÒQUIA	0101010100120068	POBLACIÓ PER NACIONALITAT I PARRÒQUIA. ALTRES NACIONALITATS. LA MASSANA	2015	480
1094	POBLACIÓ PER NACIONALITAT I PARRÒQUIA	0101010100120068	POBLACIÓ PER NACIONALITAT I PARRÒQUIA. ALTRES NACIONALITATS. LA MASSANA	2016	538
1094	POBLACIÓ PER NACIONALITAT I PARRÒQUIA	0101010100120068	POBLACIÓ PER NACIONALITAT I PARRÒQUIA. ALTRES NACIONALITATS. LA MASSANA	2017	634
1094	POBLACIÓ PER NACIONALITAT I PARRÒQUIA	0101010100120068	POBLACIÓ PER NACIONALITAT I PARRÒQUIA. ALTRES NACIONALITATS. LA MASSANA	2018	659
1094	POBLACIÓ PER NACIONALITAT I PARRÒQUIA	0101010100120068	POBLACIÓ PER NACIONALITAT I PARRÒQUIA. ALTRES NACIONALITATS. LA MASSANA	2019	667
1094	POBLACIÓ PER NACIONALITAT I PARRÒQUIA	0101010100120068	POBLACIÓ PER NACIONALITAT I PARRÒQUIA. ALTRES NACIONALITATS. LA MASSANA	2020	685
1094	POBLACIÓ PER NACIONALITAT I PARRÒQUIA	0101010100120068	POBLACIÓ PER NACIONALITAT I PARRÒQUIA. ALTRES NACIONALITATS. LA MASSANA	2021	757
1094	POBLACIÓ PER NACIONALITAT I PARRÒQUIA	0101010100120068	POBLACIÓ PER NACIONALITAT I PARRÒQUIA. ALTRES NACIONALITATS. LA MASSANA	2022	906
1094	POBLACIÓ PER NACIONALITAT I PARRÒQUIA	0101010100120068	POBLACIÓ PER NACIONALITAT I PARRÒQUIA. ALTRES NACIONALITATS. LA MASSANA	2023	1059
1094	POBLACIÓ PER NACIONALITAT I PARRÒQUIA	0101010100120068	POBLACIÓ PER NACIONALITAT I PARRÒQUIA. ALTRES NACIONALITATS. LA MASSANA	2024	1192
1094	POBLACIÓ PER NACIONALITAT I PARRÒQUIA	0101010100120068	POBLACIÓ PER NACIONALITAT I PARRÒQUIA. ALTRES NACIONALITATS. LA MASSANA	2025	1293
1094	POBLACIÓ PER NACIONALITAT I PARRÒQUIA	0101010100120069	POBLACIÓ PER NACIONALITAT I PARRÒQUIA. ANDORRANS. ANDORRA LA VELLA	2010	10012
1094	POBLACIÓ PER NACIONALITAT I PARRÒQUIA	0101010100120069	POBLACIÓ PER NACIONALITAT I PARRÒQUIA. ANDORRANS. ANDORRA LA VELLA	2011	10204
1094	POBLACIÓ PER NACIONALITAT I PARRÒQUIA	0101010100120069	POBLACIÓ PER NACIONALITAT I PARRÒQUIA. ANDORRANS. ANDORRA LA VELLA	2012	10083
1094	POBLACIÓ PER NACIONALITAT I PARRÒQUIA	0101010100120069	POBLACIÓ PER NACIONALITAT I PARRÒQUIA. ANDORRANS. ANDORRA LA VELLA	2013	10250
1094	POBLACIÓ PER NACIONALITAT I PARRÒQUIA	0101010100120069	POBLACIÓ PER NACIONALITAT I PARRÒQUIA. ANDORRANS. ANDORRA LA VELLA	2014	10414
1094	POBLACIÓ PER NACIONALITAT I PARRÒQUIA	0101010100120069	POBLACIÓ PER NACIONALITAT I PARRÒQUIA. ANDORRANS. ANDORRA LA VELLA	2015	10526
1094	POBLACIÓ PER NACIONALITAT I PARRÒQUIA	0101010100120069	POBLACIÓ PER NACIONALITAT I PARRÒQUIA. ANDORRANS. ANDORRA LA VELLA	2016	10651
1094	POBLACIÓ PER NACIONALITAT I PARRÒQUIA	0101010100120069	POBLACIÓ PER NACIONALITAT I PARRÒQUIA. ANDORRANS. ANDORRA LA VELLA	2017	10625
1094	POBLACIÓ PER NACIONALITAT I PARRÒQUIA	0101010100120069	POBLACIÓ PER NACIONALITAT I PARRÒQUIA. ANDORRANS. ANDORRA LA VELLA	2018	10677
1094	POBLACIÓ PER NACIONALITAT I PARRÒQUIA	0101010100120069	POBLACIÓ PER NACIONALITAT I PARRÒQUIA. ANDORRANS. ANDORRA LA VELLA	2019	10812
1094	POBLACIÓ PER NACIONALITAT I PARRÒQUIA	0101010100120069	POBLACIÓ PER NACIONALITAT I PARRÒQUIA. ANDORRANS. ANDORRA LA VELLA	2020	10850
1094	POBLACIÓ PER NACIONALITAT I PARRÒQUIA	0101010100120069	POBLACIÓ PER NACIONALITAT I PARRÒQUIA. ANDORRANS. ANDORRA LA VELLA	2021	10976
1094	POBLACIÓ PER NACIONALITAT I PARRÒQUIA	0101010100120069	POBLACIÓ PER NACIONALITAT I PARRÒQUIA. ANDORRANS. ANDORRA LA VELLA	2022	11116
1094	POBLACIÓ PER NACIONALITAT I PARRÒQUIA	0101010100120069	POBLACIÓ PER NACIONALITAT I PARRÒQUIA. ANDORRANS. ANDORRA LA VELLA	2023	11151
1094	POBLACIÓ PER NACIONALITAT I PARRÒQUIA	0101010100120069	POBLACIÓ PER NACIONALITAT I PARRÒQUIA. ANDORRANS. ANDORRA LA VELLA	2024	11296
1094	POBLACIÓ PER NACIONALITAT I PARRÒQUIA	0101010100120069	POBLACIÓ PER NACIONALITAT I PARRÒQUIA. ANDORRANS. ANDORRA LA VELLA	2025	11374
1094	POBLACIÓ PER NACIONALITAT I PARRÒQUIA	0101010100120070	POBLACIÓ PER NACIONALITAT I PARRÒQUIA. ESPANYOLS. ANDORRA LA VELLA	2010	5998
1094	POBLACIÓ PER NACIONALITAT I PARRÒQUIA	0101010100120070	POBLACIÓ PER NACIONALITAT I PARRÒQUIA. ESPANYOLS. ANDORRA LA VELLA	2011	5762
1094	POBLACIÓ PER NACIONALITAT I PARRÒQUIA	0101010100120070	POBLACIÓ PER NACIONALITAT I PARRÒQUIA. ESPANYOLS. ANDORRA LA VELLA	2012	5636
1094	POBLACIÓ PER NACIONALITAT I PARRÒQUIA	0101010100120070	POBLACIÓ PER NACIONALITAT I PARRÒQUIA. ESPANYOLS. ANDORRA LA VELLA	2013	5606
1094	POBLACIÓ PER NACIONALITAT I PARRÒQUIA	0101010100120070	POBLACIÓ PER NACIONALITAT I PARRÒQUIA. ESPANYOLS. ANDORRA LA VELLA	2014	5514
1094	POBLACIÓ PER NACIONALITAT I PARRÒQUIA	0101010100120070	POBLACIÓ PER NACIONALITAT I PARRÒQUIA. ESPANYOLS. ANDORRA LA VELLA	2015	5599
1094	POBLACIÓ PER NACIONALITAT I PARRÒQUIA	0101010100120070	POBLACIÓ PER NACIONALITAT I PARRÒQUIA. ESPANYOLS. ANDORRA LA VELLA	2016	5687
1094	POBLACIÓ PER NACIONALITAT I PARRÒQUIA	0101010100120070	POBLACIÓ PER NACIONALITAT I PARRÒQUIA. ESPANYOLS. ANDORRA LA VELLA	2017	5889
1094	POBLACIÓ PER NACIONALITAT I PARRÒQUIA	0101010100120070	POBLACIÓ PER NACIONALITAT I PARRÒQUIA. ESPANYOLS. ANDORRA LA VELLA	2018	5862
1094	POBLACIÓ PER NACIONALITAT I PARRÒQUIA	0101010100120070	POBLACIÓ PER NACIONALITAT I PARRÒQUIA. ESPANYOLS. ANDORRA LA VELLA	2019	5789
1094	POBLACIÓ PER NACIONALITAT I PARRÒQUIA	0101010100120070	POBLACIÓ PER NACIONALITAT I PARRÒQUIA. ESPANYOLS. ANDORRA LA VELLA	2020	5750
1094	POBLACIÓ PER NACIONALITAT I PARRÒQUIA	0101010100120070	POBLACIÓ PER NACIONALITAT I PARRÒQUIA. ESPANYOLS. ANDORRA LA VELLA	2021	5835
1094	POBLACIÓ PER NACIONALITAT I PARRÒQUIA	0101010100120070	POBLACIÓ PER NACIONALITAT I PARRÒQUIA. ESPANYOLS. ANDORRA LA VELLA	2022	5963
1094	POBLACIÓ PER NACIONALITAT I PARRÒQUIA	0101010100120070	POBLACIÓ PER NACIONALITAT I PARRÒQUIA. ESPANYOLS. ANDORRA LA VELLA	2023	5984
1094	POBLACIÓ PER NACIONALITAT I PARRÒQUIA	0101010100120070	POBLACIÓ PER NACIONALITAT I PARRÒQUIA. ESPANYOLS. ANDORRA LA VELLA	2024	6035
1094	POBLACIÓ PER NACIONALITAT I PARRÒQUIA	0101010100120070	POBLACIÓ PER NACIONALITAT I PARRÒQUIA. ESPANYOLS. ANDORRA LA VELLA	2025	6040
1094	POBLACIÓ PER NACIONALITAT I PARRÒQUIA	0101010100120071	POBLACIÓ PER NACIONALITAT I PARRÒQUIA. FRANCESOS. ANDORRA LA VELLA	2010	543
1094	POBLACIÓ PER NACIONALITAT I PARRÒQUIA	0101010100120071	POBLACIÓ PER NACIONALITAT I PARRÒQUIA. FRANCESOS. ANDORRA LA VELLA	2011	498
1094	POBLACIÓ PER NACIONALITAT I PARRÒQUIA	0101010100120071	POBLACIÓ PER NACIONALITAT I PARRÒQUIA. FRANCESOS. ANDORRA LA VELLA	2012	477
1094	POBLACIÓ PER NACIONALITAT I PARRÒQUIA	0101010100120071	POBLACIÓ PER NACIONALITAT I PARRÒQUIA. FRANCESOS. ANDORRA LA VELLA	2013	492
1094	POBLACIÓ PER NACIONALITAT I PARRÒQUIA	0101010100120071	POBLACIÓ PER NACIONALITAT I PARRÒQUIA. FRANCESOS. ANDORRA LA VELLA	2014	507
1094	POBLACIÓ PER NACIONALITAT I PARRÒQUIA	0101010100120071	POBLACIÓ PER NACIONALITAT I PARRÒQUIA. FRANCESOS. ANDORRA LA VELLA	2015	516
1094	POBLACIÓ PER NACIONALITAT I PARRÒQUIA	0101010100120071	POBLACIÓ PER NACIONALITAT I PARRÒQUIA. FRANCESOS. ANDORRA LA VELLA	2016	545
1094	POBLACIÓ PER NACIONALITAT I PARRÒQUIA	0101010100120071	POBLACIÓ PER NACIONALITAT I PARRÒQUIA. FRANCESOS. ANDORRA LA VELLA	2017	574
1094	POBLACIÓ PER NACIONALITAT I PARRÒQUIA	0101010100120071	POBLACIÓ PER NACIONALITAT I PARRÒQUIA. FRANCESOS. ANDORRA LA VELLA	2018	620
1094	POBLACIÓ PER NACIONALITAT I PARRÒQUIA	0101010100120071	POBLACIÓ PER NACIONALITAT I PARRÒQUIA. FRANCESOS. ANDORRA LA VELLA	2019	644
1094	POBLACIÓ PER NACIONALITAT I PARRÒQUIA	0101010100120071	POBLACIÓ PER NACIONALITAT I PARRÒQUIA. FRANCESOS. ANDORRA LA VELLA	2020	661
1094	POBLACIÓ PER NACIONALITAT I PARRÒQUIA	0101010100120071	POBLACIÓ PER NACIONALITAT I PARRÒQUIA. FRANCESOS. ANDORRA LA VELLA	2021	689
1094	POBLACIÓ PER NACIONALITAT I PARRÒQUIA	0101010100120071	POBLACIÓ PER NACIONALITAT I PARRÒQUIA. FRANCESOS. ANDORRA LA VELLA	2022	723
1094	POBLACIÓ PER NACIONALITAT I PARRÒQUIA	0101010100120071	POBLACIÓ PER NACIONALITAT I PARRÒQUIA. FRANCESOS. ANDORRA LA VELLA	2023	752
1094	POBLACIÓ PER NACIONALITAT I PARRÒQUIA	0101010100120071	POBLACIÓ PER NACIONALITAT I PARRÒQUIA. FRANCESOS. ANDORRA LA VELLA	2024	769
1094	POBLACIÓ PER NACIONALITAT I PARRÒQUIA	0101010100120071	POBLACIÓ PER NACIONALITAT I PARRÒQUIA. FRANCESOS. ANDORRA LA VELLA	2025	814
1094	POBLACIÓ PER NACIONALITAT I PARRÒQUIA	0101010100120072	POBLACIÓ PER NACIONALITAT I PARRÒQUIA. ALEMANYS. ANDORRA LA VELLA	2010	24
1094	POBLACIÓ PER NACIONALITAT I PARRÒQUIA	0101010100120072	POBLACIÓ PER NACIONALITAT I PARRÒQUIA. ALEMANYS. ANDORRA LA VELLA	2011	25
1094	POBLACIÓ PER NACIONALITAT I PARRÒQUIA	0101010100120072	POBLACIÓ PER NACIONALITAT I PARRÒQUIA. ALEMANYS. ANDORRA LA VELLA	2012	22
1094	POBLACIÓ PER NACIONALITAT I PARRÒQUIA	0101010100120072	POBLACIÓ PER NACIONALITAT I PARRÒQUIA. ALEMANYS. ANDORRA LA VELLA	2013	29
1094	POBLACIÓ PER NACIONALITAT I PARRÒQUIA	0101010100120072	POBLACIÓ PER NACIONALITAT I PARRÒQUIA. ALEMANYS. ANDORRA LA VELLA	2014	30
1094	POBLACIÓ PER NACIONALITAT I PARRÒQUIA	0101010100120072	POBLACIÓ PER NACIONALITAT I PARRÒQUIA. ALEMANYS. ANDORRA LA VELLA	2015	25
1094	POBLACIÓ PER NACIONALITAT I PARRÒQUIA	0101010100120072	POBLACIÓ PER NACIONALITAT I PARRÒQUIA. ALEMANYS. ANDORRA LA VELLA	2016	26
1094	POBLACIÓ PER NACIONALITAT I PARRÒQUIA	0101010100120072	POBLACIÓ PER NACIONALITAT I PARRÒQUIA. ALEMANYS. ANDORRA LA VELLA	2017	27
1094	POBLACIÓ PER NACIONALITAT I PARRÒQUIA	0101010100120072	POBLACIÓ PER NACIONALITAT I PARRÒQUIA. ALEMANYS. ANDORRA LA VELLA	2018	30
1094	POBLACIÓ PER NACIONALITAT I PARRÒQUIA	0101010100120072	POBLACIÓ PER NACIONALITAT I PARRÒQUIA. ALEMANYS. ANDORRA LA VELLA	2019	27
1094	POBLACIÓ PER NACIONALITAT I PARRÒQUIA	0101010100120072	POBLACIÓ PER NACIONALITAT I PARRÒQUIA. ALEMANYS. ANDORRA LA VELLA	2020	35
1094	POBLACIÓ PER NACIONALITAT I PARRÒQUIA	0101010100120072	POBLACIÓ PER NACIONALITAT I PARRÒQUIA. ALEMANYS. ANDORRA LA VELLA	2021	37
1094	POBLACIÓ PER NACIONALITAT I PARRÒQUIA	0101010100120072	POBLACIÓ PER NACIONALITAT I PARRÒQUIA. ALEMANYS. ANDORRA LA VELLA	2022	43
1094	POBLACIÓ PER NACIONALITAT I PARRÒQUIA	0101010100120072	POBLACIÓ PER NACIONALITAT I PARRÒQUIA. ALEMANYS. ANDORRA LA VELLA	2023	44
1094	POBLACIÓ PER NACIONALITAT I PARRÒQUIA	0101010100120072	POBLACIÓ PER NACIONALITAT I PARRÒQUIA. ALEMANYS. ANDORRA LA VELLA	2024	43
1094	POBLACIÓ PER NACIONALITAT I PARRÒQUIA	0101010100120072	POBLACIÓ PER NACIONALITAT I PARRÒQUIA. ALEMANYS. ANDORRA LA VELLA	2025	56
1094	POBLACIÓ PER NACIONALITAT I PARRÒQUIA	0101010100120073	POBLACIÓ PER NACIONALITAT I PARRÒQUIA. ARGENTINS. ANDORRA LA VELLA	2010	119
1094	POBLACIÓ PER NACIONALITAT I PARRÒQUIA	0101010100120073	POBLACIÓ PER NACIONALITAT I PARRÒQUIA. ARGENTINS. ANDORRA LA VELLA	2011	116
1094	POBLACIÓ PER NACIONALITAT I PARRÒQUIA	0101010100120073	POBLACIÓ PER NACIONALITAT I PARRÒQUIA. ARGENTINS. ANDORRA LA VELLA	2012	96
1094	POBLACIÓ PER NACIONALITAT I PARRÒQUIA	0101010100120073	POBLACIÓ PER NACIONALITAT I PARRÒQUIA. ARGENTINS. ANDORRA LA VELLA	2013	97
1094	POBLACIÓ PER NACIONALITAT I PARRÒQUIA	0101010100120073	POBLACIÓ PER NACIONALITAT I PARRÒQUIA. ARGENTINS. ANDORRA LA VELLA	2014	103
1094	POBLACIÓ PER NACIONALITAT I PARRÒQUIA	0101010100120073	POBLACIÓ PER NACIONALITAT I PARRÒQUIA. ARGENTINS. ANDORRA LA VELLA	2015	104
1094	POBLACIÓ PER NACIONALITAT I PARRÒQUIA	0101010100120073	POBLACIÓ PER NACIONALITAT I PARRÒQUIA. ARGENTINS. ANDORRA LA VELLA	2016	94
1094	POBLACIÓ PER NACIONALITAT I PARRÒQUIA	0101010100120073	POBLACIÓ PER NACIONALITAT I PARRÒQUIA. ARGENTINS. ANDORRA LA VELLA	2017	107
1094	POBLACIÓ PER NACIONALITAT I PARRÒQUIA	0101010100120073	POBLACIÓ PER NACIONALITAT I PARRÒQUIA. ARGENTINS. ANDORRA LA VELLA	2018	117
1094	POBLACIÓ PER NACIONALITAT I PARRÒQUIA	0101010100120073	POBLACIÓ PER NACIONALITAT I PARRÒQUIA. ARGENTINS. ANDORRA LA VELLA	2019	142
1094	POBLACIÓ PER NACIONALITAT I PARRÒQUIA	0101010100120073	POBLACIÓ PER NACIONALITAT I PARRÒQUIA. ARGENTINS. ANDORRA LA VELLA	2020	169
1094	POBLACIÓ PER NACIONALITAT I PARRÒQUIA	0101010100120073	POBLACIÓ PER NACIONALITAT I PARRÒQUIA. ARGENTINS. ANDORRA LA VELLA	2021	206
1094	POBLACIÓ PER NACIONALITAT I PARRÒQUIA	0101010100120073	POBLACIÓ PER NACIONALITAT I PARRÒQUIA. ARGENTINS. ANDORRA LA VELLA	2022	235
1094	POBLACIÓ PER NACIONALITAT I PARRÒQUIA	0101010100120073	POBLACIÓ PER NACIONALITAT I PARRÒQUIA. ARGENTINS. ANDORRA LA VELLA	2023	461
1094	POBLACIÓ PER NACIONALITAT I PARRÒQUIA	0101010100120073	POBLACIÓ PER NACIONALITAT I PARRÒQUIA. ARGENTINS. ANDORRA LA VELLA	2024	623
1094	POBLACIÓ PER NACIONALITAT I PARRÒQUIA	0101010100120073	POBLACIÓ PER NACIONALITAT I PARRÒQUIA. ARGENTINS. ANDORRA LA VELLA	2025	644
1094	POBLACIÓ PER NACIONALITAT I PARRÒQUIA	0101010100120074	POBLACIÓ PER NACIONALITAT I PARRÒQUIA. NORD-AMERICANS. ANDORRA LA VELLA	2010	18
1094	POBLACIÓ PER NACIONALITAT I PARRÒQUIA	0101010100120074	POBLACIÓ PER NACIONALITAT I PARRÒQUIA. NORD-AMERICANS. ANDORRA LA VELLA	2011	16
1094	POBLACIÓ PER NACIONALITAT I PARRÒQUIA	0101010100120074	POBLACIÓ PER NACIONALITAT I PARRÒQUIA. NORD-AMERICANS. ANDORRA LA VELLA	2012	19
1094	POBLACIÓ PER NACIONALITAT I PARRÒQUIA	0101010100120074	POBLACIÓ PER NACIONALITAT I PARRÒQUIA. NORD-AMERICANS. ANDORRA LA VELLA	2013	18
1094	POBLACIÓ PER NACIONALITAT I PARRÒQUIA	0101010100120074	POBLACIÓ PER NACIONALITAT I PARRÒQUIA. NORD-AMERICANS. ANDORRA LA VELLA	2014	18
1094	POBLACIÓ PER NACIONALITAT I PARRÒQUIA	0101010100120074	POBLACIÓ PER NACIONALITAT I PARRÒQUIA. NORD-AMERICANS. ANDORRA LA VELLA	2015	18
1094	POBLACIÓ PER NACIONALITAT I PARRÒQUIA	0101010100120074	POBLACIÓ PER NACIONALITAT I PARRÒQUIA. NORD-AMERICANS. ANDORRA LA VELLA	2016	21
1094	POBLACIÓ PER NACIONALITAT I PARRÒQUIA	0101010100120074	POBLACIÓ PER NACIONALITAT I PARRÒQUIA. NORD-AMERICANS. ANDORRA LA VELLA	2017	26
1094	POBLACIÓ PER NACIONALITAT I PARRÒQUIA	0101010100120074	POBLACIÓ PER NACIONALITAT I PARRÒQUIA. NORD-AMERICANS. ANDORRA LA VELLA	2018	25
1094	POBLACIÓ PER NACIONALITAT I PARRÒQUIA	0101010100120074	POBLACIÓ PER NACIONALITAT I PARRÒQUIA. NORD-AMERICANS. ANDORRA LA VELLA	2019	26
1094	POBLACIÓ PER NACIONALITAT I PARRÒQUIA	0101010100120074	POBLACIÓ PER NACIONALITAT I PARRÒQUIA. NORD-AMERICANS. ANDORRA LA VELLA	2020	23
1094	POBLACIÓ PER NACIONALITAT I PARRÒQUIA	0101010100120074	POBLACIÓ PER NACIONALITAT I PARRÒQUIA. NORD-AMERICANS. ANDORRA LA VELLA	2021	28
1094	POBLACIÓ PER NACIONALITAT I PARRÒQUIA	0101010100120074	POBLACIÓ PER NACIONALITAT I PARRÒQUIA. NORD-AMERICANS. ANDORRA LA VELLA	2022	28
1094	POBLACIÓ PER NACIONALITAT I PARRÒQUIA	0101010100120074	POBLACIÓ PER NACIONALITAT I PARRÒQUIA. NORD-AMERICANS. ANDORRA LA VELLA	2023	31
1094	POBLACIÓ PER NACIONALITAT I PARRÒQUIA	0101010100120074	POBLACIÓ PER NACIONALITAT I PARRÒQUIA. NORD-AMERICANS. ANDORRA LA VELLA	2024	30
1094	POBLACIÓ PER NACIONALITAT I PARRÒQUIA	0101010100120074	POBLACIÓ PER NACIONALITAT I PARRÒQUIA. NORD-AMERICANS. ANDORRA LA VELLA	2025	26
1094	POBLACIÓ PER NACIONALITAT I PARRÒQUIA	0101010100120075	POBLACIÓ PER NACIONALITAT I PARRÒQUIA. BRITANICS. ANDORRA LA VELLA	2010	27
1094	POBLACIÓ PER NACIONALITAT I PARRÒQUIA	0101010100120075	POBLACIÓ PER NACIONALITAT I PARRÒQUIA. BRITANICS. ANDORRA LA VELLA	2011	26
1094	POBLACIÓ PER NACIONALITAT I PARRÒQUIA	0101010100120075	POBLACIÓ PER NACIONALITAT I PARRÒQUIA. BRITANICS. ANDORRA LA VELLA	2012	35
1094	POBLACIÓ PER NACIONALITAT I PARRÒQUIA	0101010100120075	POBLACIÓ PER NACIONALITAT I PARRÒQUIA. BRITANICS. ANDORRA LA VELLA	2013	33
1094	POBLACIÓ PER NACIONALITAT I PARRÒQUIA	0101010100120075	POBLACIÓ PER NACIONALITAT I PARRÒQUIA. BRITANICS. ANDORRA LA VELLA	2014	35
1094	POBLACIÓ PER NACIONALITAT I PARRÒQUIA	0101010100120075	POBLACIÓ PER NACIONALITAT I PARRÒQUIA. BRITANICS. ANDORRA LA VELLA	2015	42
1094	POBLACIÓ PER NACIONALITAT I PARRÒQUIA	0101010100120075	POBLACIÓ PER NACIONALITAT I PARRÒQUIA. BRITANICS. ANDORRA LA VELLA	2016	35
1094	POBLACIÓ PER NACIONALITAT I PARRÒQUIA	0101010100120075	POBLACIÓ PER NACIONALITAT I PARRÒQUIA. BRITANICS. ANDORRA LA VELLA	2017	40
1094	POBLACIÓ PER NACIONALITAT I PARRÒQUIA	0101010100120075	POBLACIÓ PER NACIONALITAT I PARRÒQUIA. BRITANICS. ANDORRA LA VELLA	2018	43
1094	POBLACIÓ PER NACIONALITAT I PARRÒQUIA	0101010100120075	POBLACIÓ PER NACIONALITAT I PARRÒQUIA. BRITANICS. ANDORRA LA VELLA	2019	51
1094	POBLACIÓ PER NACIONALITAT I PARRÒQUIA	0101010100120075	POBLACIÓ PER NACIONALITAT I PARRÒQUIA. BRITANICS. ANDORRA LA VELLA	2020	56
1094	POBLACIÓ PER NACIONALITAT I PARRÒQUIA	0101010100120075	POBLACIÓ PER NACIONALITAT I PARRÒQUIA. BRITANICS. ANDORRA LA VELLA	2021	56
1094	POBLACIÓ PER NACIONALITAT I PARRÒQUIA	0101010100120075	POBLACIÓ PER NACIONALITAT I PARRÒQUIA. BRITANICS. ANDORRA LA VELLA	2022	53
1094	POBLACIÓ PER NACIONALITAT I PARRÒQUIA	0101010100120075	POBLACIÓ PER NACIONALITAT I PARRÒQUIA. BRITANICS. ANDORRA LA VELLA	2023	57
1094	POBLACIÓ PER NACIONALITAT I PARRÒQUIA	0101010100120075	POBLACIÓ PER NACIONALITAT I PARRÒQUIA. BRITANICS. ANDORRA LA VELLA	2024	51
1094	POBLACIÓ PER NACIONALITAT I PARRÒQUIA	0101010100120075	POBLACIÓ PER NACIONALITAT I PARRÒQUIA. BRITANICS. ANDORRA LA VELLA	2025	53
1094	POBLACIÓ PER NACIONALITAT I PARRÒQUIA	0101010100120076	POBLACIÓ PER NACIONALITAT I PARRÒQUIA. BELGUES. ANDORRA LA VELLA	2010	16
1094	POBLACIÓ PER NACIONALITAT I PARRÒQUIA	0101010100120076	POBLACIÓ PER NACIONALITAT I PARRÒQUIA. BELGUES. ANDORRA LA VELLA	2011	15
1094	POBLACIÓ PER NACIONALITAT I PARRÒQUIA	0101010100120076	POBLACIÓ PER NACIONALITAT I PARRÒQUIA. BELGUES. ANDORRA LA VELLA	2012	14
1094	POBLACIÓ PER NACIONALITAT I PARRÒQUIA	0101010100120076	POBLACIÓ PER NACIONALITAT I PARRÒQUIA. BELGUES. ANDORRA LA VELLA	2013	17
1094	POBLACIÓ PER NACIONALITAT I PARRÒQUIA	0101010100120076	POBLACIÓ PER NACIONALITAT I PARRÒQUIA. BELGUES. ANDORRA LA VELLA	2014	17
1094	POBLACIÓ PER NACIONALITAT I PARRÒQUIA	0101010100120076	POBLACIÓ PER NACIONALITAT I PARRÒQUIA. BELGUES. ANDORRA LA VELLA	2015	17
1094	POBLACIÓ PER NACIONALITAT I PARRÒQUIA	0101010100120076	POBLACIÓ PER NACIONALITAT I PARRÒQUIA. BELGUES. ANDORRA LA VELLA	2016	18
1094	POBLACIÓ PER NACIONALITAT I PARRÒQUIA	0101010100120076	POBLACIÓ PER NACIONALITAT I PARRÒQUIA. BELGUES. ANDORRA LA VELLA	2017	14
1094	POBLACIÓ PER NACIONALITAT I PARRÒQUIA	0101010100120076	POBLACIÓ PER NACIONALITAT I PARRÒQUIA. BELGUES. ANDORRA LA VELLA	2018	17
1094	POBLACIÓ PER NACIONALITAT I PARRÒQUIA	0101010100120076	POBLACIÓ PER NACIONALITAT I PARRÒQUIA. BELGUES. ANDORRA LA VELLA	2019	17
1094	POBLACIÓ PER NACIONALITAT I PARRÒQUIA	0101010100120076	POBLACIÓ PER NACIONALITAT I PARRÒQUIA. BELGUES. ANDORRA LA VELLA	2020	20
1094	POBLACIÓ PER NACIONALITAT I PARRÒQUIA	0101010100120076	POBLACIÓ PER NACIONALITAT I PARRÒQUIA. BELGUES. ANDORRA LA VELLA	2021	22
1094	POBLACIÓ PER NACIONALITAT I PARRÒQUIA	0101010100120076	POBLACIÓ PER NACIONALITAT I PARRÒQUIA. BELGUES. ANDORRA LA VELLA	2022	19
1094	POBLACIÓ PER NACIONALITAT I PARRÒQUIA	0101010100120076	POBLACIÓ PER NACIONALITAT I PARRÒQUIA. BELGUES. ANDORRA LA VELLA	2023	24
1094	POBLACIÓ PER NACIONALITAT I PARRÒQUIA	0101010100120076	POBLACIÓ PER NACIONALITAT I PARRÒQUIA. BELGUES. ANDORRA LA VELLA	2024	27
1094	POBLACIÓ PER NACIONALITAT I PARRÒQUIA	0101010100120076	POBLACIÓ PER NACIONALITAT I PARRÒQUIA. BELGUES. ANDORRA LA VELLA	2025	30
1094	POBLACIÓ PER NACIONALITAT I PARRÒQUIA	0101010100120077	POBLACIÓ PER NACIONALITAT I PARRÒQUIA. HOLANDESOS. ANDORRA LA VELLA	2010	11
1094	POBLACIÓ PER NACIONALITAT I PARRÒQUIA	0101010100120077	POBLACIÓ PER NACIONALITAT I PARRÒQUIA. HOLANDESOS. ANDORRA LA VELLA	2011	11
1094	POBLACIÓ PER NACIONALITAT I PARRÒQUIA	0101010100120077	POBLACIÓ PER NACIONALITAT I PARRÒQUIA. HOLANDESOS. ANDORRA LA VELLA	2012	14
1094	POBLACIÓ PER NACIONALITAT I PARRÒQUIA	0101010100120077	POBLACIÓ PER NACIONALITAT I PARRÒQUIA. HOLANDESOS. ANDORRA LA VELLA	2013	13
1094	POBLACIÓ PER NACIONALITAT I PARRÒQUIA	0101010100120077	POBLACIÓ PER NACIONALITAT I PARRÒQUIA. HOLANDESOS. ANDORRA LA VELLA	2014	17
1094	POBLACIÓ PER NACIONALITAT I PARRÒQUIA	0101010100120077	POBLACIÓ PER NACIONALITAT I PARRÒQUIA. HOLANDESOS. ANDORRA LA VELLA	2015	15
1094	POBLACIÓ PER NACIONALITAT I PARRÒQUIA	0101010100120077	POBLACIÓ PER NACIONALITAT I PARRÒQUIA. HOLANDESOS. ANDORRA LA VELLA	2016	15
1094	POBLACIÓ PER NACIONALITAT I PARRÒQUIA	0101010100120077	POBLACIÓ PER NACIONALITAT I PARRÒQUIA. HOLANDESOS. ANDORRA LA VELLA	2017	16
1094	POBLACIÓ PER NACIONALITAT I PARRÒQUIA	0101010100120077	POBLACIÓ PER NACIONALITAT I PARRÒQUIA. HOLANDESOS. ANDORRA LA VELLA	2018	19
1094	POBLACIÓ PER NACIONALITAT I PARRÒQUIA	0101010100120077	POBLACIÓ PER NACIONALITAT I PARRÒQUIA. HOLANDESOS. ANDORRA LA VELLA	2019	22
1094	POBLACIÓ PER NACIONALITAT I PARRÒQUIA	0101010100120077	POBLACIÓ PER NACIONALITAT I PARRÒQUIA. HOLANDESOS. ANDORRA LA VELLA	2020	20
1094	POBLACIÓ PER NACIONALITAT I PARRÒQUIA	0101010100120077	POBLACIÓ PER NACIONALITAT I PARRÒQUIA. HOLANDESOS. ANDORRA LA VELLA	2021	21
1094	POBLACIÓ PER NACIONALITAT I PARRÒQUIA	0101010100120077	POBLACIÓ PER NACIONALITAT I PARRÒQUIA. HOLANDESOS. ANDORRA LA VELLA	2022	24
1094	POBLACIÓ PER NACIONALITAT I PARRÒQUIA	0101010100120077	POBLACIÓ PER NACIONALITAT I PARRÒQUIA. HOLANDESOS. ANDORRA LA VELLA	2023	25
1094	POBLACIÓ PER NACIONALITAT I PARRÒQUIA	0101010100120077	POBLACIÓ PER NACIONALITAT I PARRÒQUIA. HOLANDESOS. ANDORRA LA VELLA	2024	26
1094	POBLACIÓ PER NACIONALITAT I PARRÒQUIA	0101010100120077	POBLACIÓ PER NACIONALITAT I PARRÒQUIA. HOLANDESOS. ANDORRA LA VELLA	2025	27
1094	POBLACIÓ PER NACIONALITAT I PARRÒQUIA	0101010100120078	POBLACIÓ PER NACIONALITAT I PARRÒQUIA. INDIS. ANDORRA LA VELLA	2010	42
1094	POBLACIÓ PER NACIONALITAT I PARRÒQUIA	0101010100120078	POBLACIÓ PER NACIONALITAT I PARRÒQUIA. INDIS. ANDORRA LA VELLA	2011	43
1094	POBLACIÓ PER NACIONALITAT I PARRÒQUIA	0101010100120078	POBLACIÓ PER NACIONALITAT I PARRÒQUIA. INDIS. ANDORRA LA VELLA	2012	39
1094	POBLACIÓ PER NACIONALITAT I PARRÒQUIA	0101010100120078	POBLACIÓ PER NACIONALITAT I PARRÒQUIA. INDIS. ANDORRA LA VELLA	2013	38
1094	POBLACIÓ PER NACIONALITAT I PARRÒQUIA	0101010100120078	POBLACIÓ PER NACIONALITAT I PARRÒQUIA. INDIS. ANDORRA LA VELLA	2014	39
1094	POBLACIÓ PER NACIONALITAT I PARRÒQUIA	0101010100120078	POBLACIÓ PER NACIONALITAT I PARRÒQUIA. INDIS. ANDORRA LA VELLA	2015	37
1094	POBLACIÓ PER NACIONALITAT I PARRÒQUIA	0101010100120078	POBLACIÓ PER NACIONALITAT I PARRÒQUIA. INDIS. ANDORRA LA VELLA	2016	35
1094	POBLACIÓ PER NACIONALITAT I PARRÒQUIA	0101010100120078	POBLACIÓ PER NACIONALITAT I PARRÒQUIA. INDIS. ANDORRA LA VELLA	2017	32
1094	POBLACIÓ PER NACIONALITAT I PARRÒQUIA	0101010100120078	POBLACIÓ PER NACIONALITAT I PARRÒQUIA. INDIS. ANDORRA LA VELLA	2018	35
1094	POBLACIÓ PER NACIONALITAT I PARRÒQUIA	0101010100120078	POBLACIÓ PER NACIONALITAT I PARRÒQUIA. INDIS. ANDORRA LA VELLA	2019	34
1094	POBLACIÓ PER NACIONALITAT I PARRÒQUIA	0101010100120078	POBLACIÓ PER NACIONALITAT I PARRÒQUIA. INDIS. ANDORRA LA VELLA	2020	40
1094	POBLACIÓ PER NACIONALITAT I PARRÒQUIA	0101010100120078	POBLACIÓ PER NACIONALITAT I PARRÒQUIA. INDIS. ANDORRA LA VELLA	2021	39
1094	POBLACIÓ PER NACIONALITAT I PARRÒQUIA	0101010100120078	POBLACIÓ PER NACIONALITAT I PARRÒQUIA. INDIS. ANDORRA LA VELLA	2022	39
1094	POBLACIÓ PER NACIONALITAT I PARRÒQUIA	0101010100120078	POBLACIÓ PER NACIONALITAT I PARRÒQUIA. INDIS. ANDORRA LA VELLA	2023	33
1094	POBLACIÓ PER NACIONALITAT I PARRÒQUIA	0101010100120078	POBLACIÓ PER NACIONALITAT I PARRÒQUIA. INDIS. ANDORRA LA VELLA	2024	32
1094	POBLACIÓ PER NACIONALITAT I PARRÒQUIA	0101010100120078	POBLACIÓ PER NACIONALITAT I PARRÒQUIA. INDIS. ANDORRA LA VELLA	2025	33
1094	POBLACIÓ PER NACIONALITAT I PARRÒQUIA	0101010100120079	POBLACIÓ PER NACIONALITAT I PARRÒQUIA. ITALIANS. ANDORRA LA VELLA	2010	93
1094	POBLACIÓ PER NACIONALITAT I PARRÒQUIA	0101010100120079	POBLACIÓ PER NACIONALITAT I PARRÒQUIA. ITALIANS. ANDORRA LA VELLA	2011	85
1094	POBLACIÓ PER NACIONALITAT I PARRÒQUIA	0101010100120079	POBLACIÓ PER NACIONALITAT I PARRÒQUIA. ITALIANS. ANDORRA LA VELLA	2012	78
1094	POBLACIÓ PER NACIONALITAT I PARRÒQUIA	0101010100120079	POBLACIÓ PER NACIONALITAT I PARRÒQUIA. ITALIANS. ANDORRA LA VELLA	2013	93
1094	POBLACIÓ PER NACIONALITAT I PARRÒQUIA	0101010100120079	POBLACIÓ PER NACIONALITAT I PARRÒQUIA. ITALIANS. ANDORRA LA VELLA	2014	88
1094	POBLACIÓ PER NACIONALITAT I PARRÒQUIA	0101010100120079	POBLACIÓ PER NACIONALITAT I PARRÒQUIA. ITALIANS. ANDORRA LA VELLA	2015	89
1094	POBLACIÓ PER NACIONALITAT I PARRÒQUIA	0101010100120079	POBLACIÓ PER NACIONALITAT I PARRÒQUIA. ITALIANS. ANDORRA LA VELLA	2016	92
1094	POBLACIÓ PER NACIONALITAT I PARRÒQUIA	0101010100120079	POBLACIÓ PER NACIONALITAT I PARRÒQUIA. ITALIANS. ANDORRA LA VELLA	2017	94
1094	POBLACIÓ PER NACIONALITAT I PARRÒQUIA	0101010100120079	POBLACIÓ PER NACIONALITAT I PARRÒQUIA. ITALIANS. ANDORRA LA VELLA	2018	98
1094	POBLACIÓ PER NACIONALITAT I PARRÒQUIA	0101010100120079	POBLACIÓ PER NACIONALITAT I PARRÒQUIA. ITALIANS. ANDORRA LA VELLA	2019	110
1094	POBLACIÓ PER NACIONALITAT I PARRÒQUIA	0101010100120079	POBLACIÓ PER NACIONALITAT I PARRÒQUIA. ITALIANS. ANDORRA LA VELLA	2020	120
1094	POBLACIÓ PER NACIONALITAT I PARRÒQUIA	0101010100120079	POBLACIÓ PER NACIONALITAT I PARRÒQUIA. ITALIANS. ANDORRA LA VELLA	2021	125
1094	POBLACIÓ PER NACIONALITAT I PARRÒQUIA	0101010100120079	POBLACIÓ PER NACIONALITAT I PARRÒQUIA. ITALIANS. ANDORRA LA VELLA	2022	136
1094	POBLACIÓ PER NACIONALITAT I PARRÒQUIA	0101010100120079	POBLACIÓ PER NACIONALITAT I PARRÒQUIA. ITALIANS. ANDORRA LA VELLA	2023	140
1094	POBLACIÓ PER NACIONALITAT I PARRÒQUIA	0101010100120079	POBLACIÓ PER NACIONALITAT I PARRÒQUIA. ITALIANS. ANDORRA LA VELLA	2024	151
1094	POBLACIÓ PER NACIONALITAT I PARRÒQUIA	0101010100120079	POBLACIÓ PER NACIONALITAT I PARRÒQUIA. ITALIANS. ANDORRA LA VELLA	2025	151
1094	POBLACIÓ PER NACIONALITAT I PARRÒQUIA	0101010100120080	POBLACIÓ PER NACIONALITAT I PARRÒQUIA. MARROQUINS. ANDORRA LA VELLA	2010	202
1094	POBLACIÓ PER NACIONALITAT I PARRÒQUIA	0101010100120080	POBLACIÓ PER NACIONALITAT I PARRÒQUIA. MARROQUINS. ANDORRA LA VELLA	2011	204
1094	POBLACIÓ PER NACIONALITAT I PARRÒQUIA	0101010100120080	POBLACIÓ PER NACIONALITAT I PARRÒQUIA. MARROQUINS. ANDORRA LA VELLA	2012	211
1094	POBLACIÓ PER NACIONALITAT I PARRÒQUIA	0101010100120080	POBLACIÓ PER NACIONALITAT I PARRÒQUIA. MARROQUINS. ANDORRA LA VELLA	2013	216
1094	POBLACIÓ PER NACIONALITAT I PARRÒQUIA	0101010100120080	POBLACIÓ PER NACIONALITAT I PARRÒQUIA. MARROQUINS. ANDORRA LA VELLA	2014	218
1094	POBLACIÓ PER NACIONALITAT I PARRÒQUIA	0101010100120080	POBLACIÓ PER NACIONALITAT I PARRÒQUIA. MARROQUINS. ANDORRA LA VELLA	2015	216
1094	POBLACIÓ PER NACIONALITAT I PARRÒQUIA	0101010100120080	POBLACIÓ PER NACIONALITAT I PARRÒQUIA. MARROQUINS. ANDORRA LA VELLA	2016	215
1094	POBLACIÓ PER NACIONALITAT I PARRÒQUIA	0101010100120080	POBLACIÓ PER NACIONALITAT I PARRÒQUIA. MARROQUINS. ANDORRA LA VELLA	2017	1
1094	POBLACIÓ PER NACIONALITAT I PARRÒQUIA	0101010100120080	POBLACIÓ PER NACIONALITAT I PARRÒQUIA. MARROQUINS. ANDORRA LA VELLA	2018	210
1094	POBLACIÓ PER NACIONALITAT I PARRÒQUIA	0101010100120080	POBLACIÓ PER NACIONALITAT I PARRÒQUIA. MARROQUINS. ANDORRA LA VELLA	2019	209
1094	POBLACIÓ PER NACIONALITAT I PARRÒQUIA	0101010100120080	POBLACIÓ PER NACIONALITAT I PARRÒQUIA. MARROQUINS. ANDORRA LA VELLA	2020	209
1094	POBLACIÓ PER NACIONALITAT I PARRÒQUIA	0101010100120080	POBLACIÓ PER NACIONALITAT I PARRÒQUIA. MARROQUINS. ANDORRA LA VELLA	2021	213
1094	POBLACIÓ PER NACIONALITAT I PARRÒQUIA	0101010100120080	POBLACIÓ PER NACIONALITAT I PARRÒQUIA. MARROQUINS. ANDORRA LA VELLA	2022	209
1094	POBLACIÓ PER NACIONALITAT I PARRÒQUIA	0101010100120080	POBLACIÓ PER NACIONALITAT I PARRÒQUIA. MARROQUINS. ANDORRA LA VELLA	2023	215
1094	POBLACIÓ PER NACIONALITAT I PARRÒQUIA	0101010100120080	POBLACIÓ PER NACIONALITAT I PARRÒQUIA. MARROQUINS. ANDORRA LA VELLA	2024	215
1094	POBLACIÓ PER NACIONALITAT I PARRÒQUIA	0101010100120080	POBLACIÓ PER NACIONALITAT I PARRÒQUIA. MARROQUINS. ANDORRA LA VELLA	2025	208
1094	POBLACIÓ PER NACIONALITAT I PARRÒQUIA	0101010100120081	POBLACIÓ PER NACIONALITAT I PARRÒQUIA. PORTUGUESOS. ANDORRA LA VELLA	2010	3235
1094	POBLACIÓ PER NACIONALITAT I PARRÒQUIA	0101010100120081	POBLACIÓ PER NACIONALITAT I PARRÒQUIA. PORTUGUESOS. ANDORRA LA VELLA	2011	3119
1094	POBLACIÓ PER NACIONALITAT I PARRÒQUIA	0101010100120081	POBLACIÓ PER NACIONALITAT I PARRÒQUIA. PORTUGUESOS. ANDORRA LA VELLA	2012	3073
1094	POBLACIÓ PER NACIONALITAT I PARRÒQUIA	0101010100120081	POBLACIÓ PER NACIONALITAT I PARRÒQUIA. PORTUGUESOS. ANDORRA LA VELLA	2013	3013
1094	POBLACIÓ PER NACIONALITAT I PARRÒQUIA	0101010100120081	POBLACIÓ PER NACIONALITAT I PARRÒQUIA. PORTUGUESOS. ANDORRA LA VELLA	2014	2945
1094	POBLACIÓ PER NACIONALITAT I PARRÒQUIA	0101010100120081	POBLACIÓ PER NACIONALITAT I PARRÒQUIA. PORTUGUESOS. ANDORRA LA VELLA	2015	2983
1094	POBLACIÓ PER NACIONALITAT I PARRÒQUIA	0101010100120081	POBLACIÓ PER NACIONALITAT I PARRÒQUIA. PORTUGUESOS. ANDORRA LA VELLA	2016	2949
1094	POBLACIÓ PER NACIONALITAT I PARRÒQUIA	0101010100120081	POBLACIÓ PER NACIONALITAT I PARRÒQUIA. PORTUGUESOS. ANDORRA LA VELLA	2017	2949
1094	POBLACIÓ PER NACIONALITAT I PARRÒQUIA	0101010100120081	POBLACIÓ PER NACIONALITAT I PARRÒQUIA. PORTUGUESOS. ANDORRA LA VELLA	2018	2909
1094	POBLACIÓ PER NACIONALITAT I PARRÒQUIA	0101010100120081	POBLACIÓ PER NACIONALITAT I PARRÒQUIA. PORTUGUESOS. ANDORRA LA VELLA	2019	2925
1094	POBLACIÓ PER NACIONALITAT I PARRÒQUIA	0101010100120081	POBLACIÓ PER NACIONALITAT I PARRÒQUIA. PORTUGUESOS. ANDORRA LA VELLA	2020	2911
1094	POBLACIÓ PER NACIONALITAT I PARRÒQUIA	0101010100120081	POBLACIÓ PER NACIONALITAT I PARRÒQUIA. PORTUGUESOS. ANDORRA LA VELLA	2021	2856
1094	POBLACIÓ PER NACIONALITAT I PARRÒQUIA	0101010100120081	POBLACIÓ PER NACIONALITAT I PARRÒQUIA. PORTUGUESOS. ANDORRA LA VELLA	2022	2817
1094	POBLACIÓ PER NACIONALITAT I PARRÒQUIA	0101010100120081	POBLACIÓ PER NACIONALITAT I PARRÒQUIA. PORTUGUESOS. ANDORRA LA VELLA	2023	2782
1094	POBLACIÓ PER NACIONALITAT I PARRÒQUIA	0101010100120081	POBLACIÓ PER NACIONALITAT I PARRÒQUIA. PORTUGUESOS. ANDORRA LA VELLA	2024	2724
1094	POBLACIÓ PER NACIONALITAT I PARRÒQUIA	0101010100120081	POBLACIÓ PER NACIONALITAT I PARRÒQUIA. PORTUGUESOS. ANDORRA LA VELLA	2025	2698
1094	POBLACIÓ PER NACIONALITAT I PARRÒQUIA	0101010100120082	POBLACIÓ PER NACIONALITAT I PARRÒQUIA. URUGUAIANS. ANDORRA LA VELLA	2010	28
1094	POBLACIÓ PER NACIONALITAT I PARRÒQUIA	0101010100120082	POBLACIÓ PER NACIONALITAT I PARRÒQUIA. URUGUAIANS. ANDORRA LA VELLA	2011	29
1094	POBLACIÓ PER NACIONALITAT I PARRÒQUIA	0101010100120082	POBLACIÓ PER NACIONALITAT I PARRÒQUIA. URUGUAIANS. ANDORRA LA VELLA	2012	31
1094	POBLACIÓ PER NACIONALITAT I PARRÒQUIA	0101010100120082	POBLACIÓ PER NACIONALITAT I PARRÒQUIA. URUGUAIANS. ANDORRA LA VELLA	2013	28
1094	POBLACIÓ PER NACIONALITAT I PARRÒQUIA	0101010100120082	POBLACIÓ PER NACIONALITAT I PARRÒQUIA. URUGUAIANS. ANDORRA LA VELLA	2014	26
1094	POBLACIÓ PER NACIONALITAT I PARRÒQUIA	0101010100120082	POBLACIÓ PER NACIONALITAT I PARRÒQUIA. URUGUAIANS. ANDORRA LA VELLA	2015	24
1094	POBLACIÓ PER NACIONALITAT I PARRÒQUIA	0101010100120082	POBLACIÓ PER NACIONALITAT I PARRÒQUIA. URUGUAIANS. ANDORRA LA VELLA	2016	24
1094	POBLACIÓ PER NACIONALITAT I PARRÒQUIA	0101010100120082	POBLACIÓ PER NACIONALITAT I PARRÒQUIA. URUGUAIANS. ANDORRA LA VELLA	2017	28
1094	POBLACIÓ PER NACIONALITAT I PARRÒQUIA	0101010100120082	POBLACIÓ PER NACIONALITAT I PARRÒQUIA. URUGUAIANS. ANDORRA LA VELLA	2018	29
1094	POBLACIÓ PER NACIONALITAT I PARRÒQUIA	0101010100120082	POBLACIÓ PER NACIONALITAT I PARRÒQUIA. URUGUAIANS. ANDORRA LA VELLA	2019	31
1094	POBLACIÓ PER NACIONALITAT I PARRÒQUIA	0101010100120082	POBLACIÓ PER NACIONALITAT I PARRÒQUIA. URUGUAIANS. ANDORRA LA VELLA	2020	30
1094	POBLACIÓ PER NACIONALITAT I PARRÒQUIA	0101010100120082	POBLACIÓ PER NACIONALITAT I PARRÒQUIA. URUGUAIANS. ANDORRA LA VELLA	2021	29
1094	POBLACIÓ PER NACIONALITAT I PARRÒQUIA	0101010100120082	POBLACIÓ PER NACIONALITAT I PARRÒQUIA. URUGUAIANS. ANDORRA LA VELLA	2022	29
1094	POBLACIÓ PER NACIONALITAT I PARRÒQUIA	0101010100120082	POBLACIÓ PER NACIONALITAT I PARRÒQUIA. URUGUAIANS. ANDORRA LA VELLA	2023	27
1094	POBLACIÓ PER NACIONALITAT I PARRÒQUIA	0101010100120082	POBLACIÓ PER NACIONALITAT I PARRÒQUIA. URUGUAIANS. ANDORRA LA VELLA	2024	32
1094	POBLACIÓ PER NACIONALITAT I PARRÒQUIA	0101010100120082	POBLACIÓ PER NACIONALITAT I PARRÒQUIA. URUGUAIANS. ANDORRA LA VELLA	2025	29
1094	POBLACIÓ PER NACIONALITAT I PARRÒQUIA	0101010100120083	POBLACIÓ PER NACIONALITAT I PARRÒQUIA. XILENS. ANDORRA LA VELLA	2010	38
1094	POBLACIÓ PER NACIONALITAT I PARRÒQUIA	0101010100120083	POBLACIÓ PER NACIONALITAT I PARRÒQUIA. XILENS. ANDORRA LA VELLA	2011	41
1094	POBLACIÓ PER NACIONALITAT I PARRÒQUIA	0101010100120083	POBLACIÓ PER NACIONALITAT I PARRÒQUIA. XILENS. ANDORRA LA VELLA	2012	34
1094	POBLACIÓ PER NACIONALITAT I PARRÒQUIA	0101010100120083	POBLACIÓ PER NACIONALITAT I PARRÒQUIA. XILENS. ANDORRA LA VELLA	2013	39
1094	POBLACIÓ PER NACIONALITAT I PARRÒQUIA	0101010100120083	POBLACIÓ PER NACIONALITAT I PARRÒQUIA. XILENS. ANDORRA LA VELLA	2014	42
1094	POBLACIÓ PER NACIONALITAT I PARRÒQUIA	0101010100120083	POBLACIÓ PER NACIONALITAT I PARRÒQUIA. XILENS. ANDORRA LA VELLA	2015	42
1094	POBLACIÓ PER NACIONALITAT I PARRÒQUIA	0101010100120083	POBLACIÓ PER NACIONALITAT I PARRÒQUIA. XILENS. ANDORRA LA VELLA	2016	43
1094	POBLACIÓ PER NACIONALITAT I PARRÒQUIA	0101010100120083	POBLACIÓ PER NACIONALITAT I PARRÒQUIA. XILENS. ANDORRA LA VELLA	2017	48
1094	POBLACIÓ PER NACIONALITAT I PARRÒQUIA	0101010100120083	POBLACIÓ PER NACIONALITAT I PARRÒQUIA. XILENS. ANDORRA LA VELLA	2018	54
1094	POBLACIÓ PER NACIONALITAT I PARRÒQUIA	0101010100120083	POBLACIÓ PER NACIONALITAT I PARRÒQUIA. XILENS. ANDORRA LA VELLA	2019	61
1094	POBLACIÓ PER NACIONALITAT I PARRÒQUIA	0101010100120083	POBLACIÓ PER NACIONALITAT I PARRÒQUIA. XILENS. ANDORRA LA VELLA	2020	62
1094	POBLACIÓ PER NACIONALITAT I PARRÒQUIA	0101010100120083	POBLACIÓ PER NACIONALITAT I PARRÒQUIA. XILENS. ANDORRA LA VELLA	2021	69
1094	POBLACIÓ PER NACIONALITAT I PARRÒQUIA	0101010100120083	POBLACIÓ PER NACIONALITAT I PARRÒQUIA. XILENS. ANDORRA LA VELLA	2022	73
1094	POBLACIÓ PER NACIONALITAT I PARRÒQUIA	0101010100120083	POBLACIÓ PER NACIONALITAT I PARRÒQUIA. XILENS. ANDORRA LA VELLA	2023	80
1094	POBLACIÓ PER NACIONALITAT I PARRÒQUIA	0101010100120083	POBLACIÓ PER NACIONALITAT I PARRÒQUIA. XILENS. ANDORRA LA VELLA	2024	90
1094	POBLACIÓ PER NACIONALITAT I PARRÒQUIA	0101010100120083	POBLACIÓ PER NACIONALITAT I PARRÒQUIA. XILENS. ANDORRA LA VELLA	2025	103
1094	POBLACIÓ PER NACIONALITAT I PARRÒQUIA	0101010100120084	POBLACIÓ PER NACIONALITAT I PARRÒQUIA. FILIPINS. ANDORRA LA VELLA	2010	176
1094	POBLACIÓ PER NACIONALITAT I PARRÒQUIA	0101010100120084	POBLACIÓ PER NACIONALITAT I PARRÒQUIA. FILIPINS. ANDORRA LA VELLA	2011	185
1094	POBLACIÓ PER NACIONALITAT I PARRÒQUIA	0101010100120084	POBLACIÓ PER NACIONALITAT I PARRÒQUIA. FILIPINS. ANDORRA LA VELLA	2012	199
1094	POBLACIÓ PER NACIONALITAT I PARRÒQUIA	0101010100120084	POBLACIÓ PER NACIONALITAT I PARRÒQUIA. FILIPINS. ANDORRA LA VELLA	2013	210
1094	POBLACIÓ PER NACIONALITAT I PARRÒQUIA	0101010100120084	POBLACIÓ PER NACIONALITAT I PARRÒQUIA. FILIPINS. ANDORRA LA VELLA	2014	210
1094	POBLACIÓ PER NACIONALITAT I PARRÒQUIA	0101010100120084	POBLACIÓ PER NACIONALITAT I PARRÒQUIA. FILIPINS. ANDORRA LA VELLA	2015	211
1094	POBLACIÓ PER NACIONALITAT I PARRÒQUIA	0101010100120084	POBLACIÓ PER NACIONALITAT I PARRÒQUIA. FILIPINS. ANDORRA LA VELLA	2016	225
1094	POBLACIÓ PER NACIONALITAT I PARRÒQUIA	0101010100120084	POBLACIÓ PER NACIONALITAT I PARRÒQUIA. FILIPINS. ANDORRA LA VELLA	2017	241
1094	POBLACIÓ PER NACIONALITAT I PARRÒQUIA	0101010100120084	POBLACIÓ PER NACIONALITAT I PARRÒQUIA. FILIPINS. ANDORRA LA VELLA	2018	257
1094	POBLACIÓ PER NACIONALITAT I PARRÒQUIA	0101010100120084	POBLACIÓ PER NACIONALITAT I PARRÒQUIA. FILIPINS. ANDORRA LA VELLA	2019	281
1094	POBLACIÓ PER NACIONALITAT I PARRÒQUIA	0101010100120084	POBLACIÓ PER NACIONALITAT I PARRÒQUIA. FILIPINS. ANDORRA LA VELLA	2020	289
1094	POBLACIÓ PER NACIONALITAT I PARRÒQUIA	0101010100120084	POBLACIÓ PER NACIONALITAT I PARRÒQUIA. FILIPINS. ANDORRA LA VELLA	2021	295
1094	POBLACIÓ PER NACIONALITAT I PARRÒQUIA	0101010100120084	POBLACIÓ PER NACIONALITAT I PARRÒQUIA. FILIPINS. ANDORRA LA VELLA	2022	302
1094	POBLACIÓ PER NACIONALITAT I PARRÒQUIA	0101010100120084	POBLACIÓ PER NACIONALITAT I PARRÒQUIA. FILIPINS. ANDORRA LA VELLA	2023	332
1094	POBLACIÓ PER NACIONALITAT I PARRÒQUIA	0101010100120084	POBLACIÓ PER NACIONALITAT I PARRÒQUIA. FILIPINS. ANDORRA LA VELLA	2024	334
1094	POBLACIÓ PER NACIONALITAT I PARRÒQUIA	0101010100120084	POBLACIÓ PER NACIONALITAT I PARRÒQUIA. FILIPINS. ANDORRA LA VELLA	2025	342
1094	POBLACIÓ PER NACIONALITAT I PARRÒQUIA	0101010100120085	POBLACIÓ PER NACIONALITAT I PARRÒQUIA. ALTRES NACIONALITATS. ANDORRA LA VELLA	2010	608
1094	POBLACIÓ PER NACIONALITAT I PARRÒQUIA	0101010100120085	POBLACIÓ PER NACIONALITAT I PARRÒQUIA. ALTRES NACIONALITATS. ANDORRA LA VELLA	2011	639
1094	POBLACIÓ PER NACIONALITAT I PARRÒQUIA	0101010100120085	POBLACIÓ PER NACIONALITAT I PARRÒQUIA. ALTRES NACIONALITATS. ANDORRA LA VELLA	2012	927
1094	POBLACIÓ PER NACIONALITAT I PARRÒQUIA	0101010100120085	POBLACIÓ PER NACIONALITAT I PARRÒQUIA. ALTRES NACIONALITATS. ANDORRA LA VELLA	2013	921
1094	POBLACIÓ PER NACIONALITAT I PARRÒQUIA	0101010100120085	POBLACIÓ PER NACIONALITAT I PARRÒQUIA. ALTRES NACIONALITATS. ANDORRA LA VELLA	2014	903
1094	POBLACIÓ PER NACIONALITAT I PARRÒQUIA	0101010100120085	POBLACIÓ PER NACIONALITAT I PARRÒQUIA. ALTRES NACIONALITATS. ANDORRA LA VELLA	2015	964
1094	POBLACIÓ PER NACIONALITAT I PARRÒQUIA	0101010100120085	POBLACIÓ PER NACIONALITAT I PARRÒQUIA. ALTRES NACIONALITATS. ANDORRA LA VELLA	2016	997
1094	POBLACIÓ PER NACIONALITAT I PARRÒQUIA	0101010100120085	POBLACIÓ PER NACIONALITAT I PARRÒQUIA. ALTRES NACIONALITATS. ANDORRA LA VELLA	2017	1078
1094	POBLACIÓ PER NACIONALITAT I PARRÒQUIA	0101010100120085	POBLACIÓ PER NACIONALITAT I PARRÒQUIA. ALTRES NACIONALITATS. ANDORRA LA VELLA	2018	1149
1094	POBLACIÓ PER NACIONALITAT I PARRÒQUIA	0101010100120085	POBLACIÓ PER NACIONALITAT I PARRÒQUIA. ALTRES NACIONALITATS. ANDORRA LA VELLA	2019	1259
1094	POBLACIÓ PER NACIONALITAT I PARRÒQUIA	0101010100120085	POBLACIÓ PER NACIONALITAT I PARRÒQUIA. ALTRES NACIONALITATS. ANDORRA LA VELLA	2020	1292
1094	POBLACIÓ PER NACIONALITAT I PARRÒQUIA	0101010100120085	POBLACIÓ PER NACIONALITAT I PARRÒQUIA. ALTRES NACIONALITATS. ANDORRA LA VELLA	2021	1377
1094	POBLACIÓ PER NACIONALITAT I PARRÒQUIA	0101010100120085	POBLACIÓ PER NACIONALITAT I PARRÒQUIA. ALTRES NACIONALITATS. ANDORRA LA VELLA	2022	1515
1094	POBLACIÓ PER NACIONALITAT I PARRÒQUIA	0101010100120085	POBLACIÓ PER NACIONALITAT I PARRÒQUIA. ALTRES NACIONALITATS. ANDORRA LA VELLA	2023	1904
1094	POBLACIÓ PER NACIONALITAT I PARRÒQUIA	0101010100120085	POBLACIÓ PER NACIONALITAT I PARRÒQUIA. ALTRES NACIONALITATS. ANDORRA LA VELLA	2024	2097
1094	POBLACIÓ PER NACIONALITAT I PARRÒQUIA	0101010100120085	POBLACIÓ PER NACIONALITAT I PARRÒQUIA. ALTRES NACIONALITATS. ANDORRA LA VELLA	2025	2208
1094	POBLACIÓ PER NACIONALITAT I PARRÒQUIA	0101010100120086	POBLACIÓ PER NACIONALITAT I PARRÒQUIA. ANDORRANS. SANT JULIÀ DE LÒRIA	2010	4623
1094	POBLACIÓ PER NACIONALITAT I PARRÒQUIA	0101010100120086	POBLACIÓ PER NACIONALITAT I PARRÒQUIA. ANDORRANS. SANT JULIÀ DE LÒRIA	2011	4689
1094	POBLACIÓ PER NACIONALITAT I PARRÒQUIA	0101010100120086	POBLACIÓ PER NACIONALITAT I PARRÒQUIA. ANDORRANS. SANT JULIÀ DE LÒRIA	2012	4745
1094	POBLACIÓ PER NACIONALITAT I PARRÒQUIA	0101010100120086	POBLACIÓ PER NACIONALITAT I PARRÒQUIA. ANDORRANS. SANT JULIÀ DE LÒRIA	2013	4816
1094	POBLACIÓ PER NACIONALITAT I PARRÒQUIA	0101010100120086	POBLACIÓ PER NACIONALITAT I PARRÒQUIA. ANDORRANS. SANT JULIÀ DE LÒRIA	2014	4949
1094	POBLACIÓ PER NACIONALITAT I PARRÒQUIA	0101010100120086	POBLACIÓ PER NACIONALITAT I PARRÒQUIA. ANDORRANS. SANT JULIÀ DE LÒRIA	2015	5054
1094	POBLACIÓ PER NACIONALITAT I PARRÒQUIA	0101010100120086	POBLACIÓ PER NACIONALITAT I PARRÒQUIA. ANDORRANS. SANT JULIÀ DE LÒRIA	2016	5118
1094	POBLACIÓ PER NACIONALITAT I PARRÒQUIA	0101010100120086	POBLACIÓ PER NACIONALITAT I PARRÒQUIA. ANDORRANS. SANT JULIÀ DE LÒRIA	2017	5138
1094	POBLACIÓ PER NACIONALITAT I PARRÒQUIA	0101010100120086	POBLACIÓ PER NACIONALITAT I PARRÒQUIA. ANDORRANS. SANT JULIÀ DE LÒRIA	2018	5238
1094	POBLACIÓ PER NACIONALITAT I PARRÒQUIA	0101010100120086	POBLACIÓ PER NACIONALITAT I PARRÒQUIA. ANDORRANS. SANT JULIÀ DE LÒRIA	2019	5400
1094	POBLACIÓ PER NACIONALITAT I PARRÒQUIA	0101010100120086	POBLACIÓ PER NACIONALITAT I PARRÒQUIA. ANDORRANS. SANT JULIÀ DE LÒRIA	2020	5477
1094	POBLACIÓ PER NACIONALITAT I PARRÒQUIA	0101010100120086	POBLACIÓ PER NACIONALITAT I PARRÒQUIA. ANDORRANS. SANT JULIÀ DE LÒRIA	2021	5562
1094	POBLACIÓ PER NACIONALITAT I PARRÒQUIA	0101010100120086	POBLACIÓ PER NACIONALITAT I PARRÒQUIA. ANDORRANS. SANT JULIÀ DE LÒRIA	2022	5623
1094	POBLACIÓ PER NACIONALITAT I PARRÒQUIA	0101010100120086	POBLACIÓ PER NACIONALITAT I PARRÒQUIA. ANDORRANS. SANT JULIÀ DE LÒRIA	2023	5633
1094	POBLACIÓ PER NACIONALITAT I PARRÒQUIA	0101010100120086	POBLACIÓ PER NACIONALITAT I PARRÒQUIA. ANDORRANS. SANT JULIÀ DE LÒRIA	2024	5716
1094	POBLACIÓ PER NACIONALITAT I PARRÒQUIA	0101010100120086	POBLACIÓ PER NACIONALITAT I PARRÒQUIA. ANDORRANS. SANT JULIÀ DE LÒRIA	2025	5699
1094	POBLACIÓ PER NACIONALITAT I PARRÒQUIA	0101010100120087	POBLACIÓ PER NACIONALITAT I PARRÒQUIA. ESPANYOLS. SANT JULIÀ DE LÒRIA	2010	2151
1094	POBLACIÓ PER NACIONALITAT I PARRÒQUIA	0101010100120087	POBLACIÓ PER NACIONALITAT I PARRÒQUIA. ESPANYOLS. SANT JULIÀ DE LÒRIA	2011	2101
1094	POBLACIÓ PER NACIONALITAT I PARRÒQUIA	0101010100120087	POBLACIÓ PER NACIONALITAT I PARRÒQUIA. ESPANYOLS. SANT JULIÀ DE LÒRIA	2012	2065
1094	POBLACIÓ PER NACIONALITAT I PARRÒQUIA	0101010100120087	POBLACIÓ PER NACIONALITAT I PARRÒQUIA. ESPANYOLS. SANT JULIÀ DE LÒRIA	2013	2075
1094	POBLACIÓ PER NACIONALITAT I PARRÒQUIA	0101010100120087	POBLACIÓ PER NACIONALITAT I PARRÒQUIA. ESPANYOLS. SANT JULIÀ DE LÒRIA	2014	2068
1094	POBLACIÓ PER NACIONALITAT I PARRÒQUIA	0101010100120087	POBLACIÓ PER NACIONALITAT I PARRÒQUIA. ESPANYOLS. SANT JULIÀ DE LÒRIA	2015	2118
1094	POBLACIÓ PER NACIONALITAT I PARRÒQUIA	0101010100120087	POBLACIÓ PER NACIONALITAT I PARRÒQUIA. ESPANYOLS. SANT JULIÀ DE LÒRIA	2016	2222
1094	POBLACIÓ PER NACIONALITAT I PARRÒQUIA	0101010100120087	POBLACIÓ PER NACIONALITAT I PARRÒQUIA. ESPANYOLS. SANT JULIÀ DE LÒRIA	2017	2274
1094	POBLACIÓ PER NACIONALITAT I PARRÒQUIA	0101010100120087	POBLACIÓ PER NACIONALITAT I PARRÒQUIA. ESPANYOLS. SANT JULIÀ DE LÒRIA	2018	2326
1094	POBLACIÓ PER NACIONALITAT I PARRÒQUIA	0101010100120087	POBLACIÓ PER NACIONALITAT I PARRÒQUIA. ESPANYOLS. SANT JULIÀ DE LÒRIA	2019	2313
1094	POBLACIÓ PER NACIONALITAT I PARRÒQUIA	0101010100120087	POBLACIÓ PER NACIONALITAT I PARRÒQUIA. ESPANYOLS. SANT JULIÀ DE LÒRIA	2020	2273
1094	POBLACIÓ PER NACIONALITAT I PARRÒQUIA	0101010100120087	POBLACIÓ PER NACIONALITAT I PARRÒQUIA. ESPANYOLS. SANT JULIÀ DE LÒRIA	2021	2308
1094	POBLACIÓ PER NACIONALITAT I PARRÒQUIA	0101010100120087	POBLACIÓ PER NACIONALITAT I PARRÒQUIA. ESPANYOLS. SANT JULIÀ DE LÒRIA	2022	2341
1094	POBLACIÓ PER NACIONALITAT I PARRÒQUIA	0101010100120087	POBLACIÓ PER NACIONALITAT I PARRÒQUIA. ESPANYOLS. SANT JULIÀ DE LÒRIA	2023	2367
1094	POBLACIÓ PER NACIONALITAT I PARRÒQUIA	0101010100120087	POBLACIÓ PER NACIONALITAT I PARRÒQUIA. ESPANYOLS. SANT JULIÀ DE LÒRIA	2024	2382
1094	POBLACIÓ PER NACIONALITAT I PARRÒQUIA	0101010100120087	POBLACIÓ PER NACIONALITAT I PARRÒQUIA. ESPANYOLS. SANT JULIÀ DE LÒRIA	2025	2414
1094	POBLACIÓ PER NACIONALITAT I PARRÒQUIA	0101010100120088	POBLACIÓ PER NACIONALITAT I PARRÒQUIA. FRANCESOS. SANT JULIÀ DE LÒRIA	2010	183
1094	POBLACIÓ PER NACIONALITAT I PARRÒQUIA	0101010100120088	POBLACIÓ PER NACIONALITAT I PARRÒQUIA. FRANCESOS. SANT JULIÀ DE LÒRIA	2011	175
1094	POBLACIÓ PER NACIONALITAT I PARRÒQUIA	0101010100120088	POBLACIÓ PER NACIONALITAT I PARRÒQUIA. FRANCESOS. SANT JULIÀ DE LÒRIA	2012	167
1094	POBLACIÓ PER NACIONALITAT I PARRÒQUIA	0101010100120088	POBLACIÓ PER NACIONALITAT I PARRÒQUIA. FRANCESOS. SANT JULIÀ DE LÒRIA	2013	165
1094	POBLACIÓ PER NACIONALITAT I PARRÒQUIA	0101010100120088	POBLACIÓ PER NACIONALITAT I PARRÒQUIA. FRANCESOS. SANT JULIÀ DE LÒRIA	2014	170
1094	POBLACIÓ PER NACIONALITAT I PARRÒQUIA	0101010100120088	POBLACIÓ PER NACIONALITAT I PARRÒQUIA. FRANCESOS. SANT JULIÀ DE LÒRIA	2015	183
1094	POBLACIÓ PER NACIONALITAT I PARRÒQUIA	0101010100120088	POBLACIÓ PER NACIONALITAT I PARRÒQUIA. FRANCESOS. SANT JULIÀ DE LÒRIA	2016	192
1094	POBLACIÓ PER NACIONALITAT I PARRÒQUIA	0101010100120088	POBLACIÓ PER NACIONALITAT I PARRÒQUIA. FRANCESOS. SANT JULIÀ DE LÒRIA	2017	198
1094	POBLACIÓ PER NACIONALITAT I PARRÒQUIA	0101010100120088	POBLACIÓ PER NACIONALITAT I PARRÒQUIA. FRANCESOS. SANT JULIÀ DE LÒRIA	2018	208
1094	POBLACIÓ PER NACIONALITAT I PARRÒQUIA	0101010100120088	POBLACIÓ PER NACIONALITAT I PARRÒQUIA. FRANCESOS. SANT JULIÀ DE LÒRIA	2019	186
1094	POBLACIÓ PER NACIONALITAT I PARRÒQUIA	0101010100120088	POBLACIÓ PER NACIONALITAT I PARRÒQUIA. FRANCESOS. SANT JULIÀ DE LÒRIA	2020	191
1094	POBLACIÓ PER NACIONALITAT I PARRÒQUIA	0101010100120088	POBLACIÓ PER NACIONALITAT I PARRÒQUIA. FRANCESOS. SANT JULIÀ DE LÒRIA	2021	185
1094	POBLACIÓ PER NACIONALITAT I PARRÒQUIA	0101010100120088	POBLACIÓ PER NACIONALITAT I PARRÒQUIA. FRANCESOS. SANT JULIÀ DE LÒRIA	2022	174
1094	POBLACIÓ PER NACIONALITAT I PARRÒQUIA	0101010100120088	POBLACIÓ PER NACIONALITAT I PARRÒQUIA. FRANCESOS. SANT JULIÀ DE LÒRIA	2023	182
1094	POBLACIÓ PER NACIONALITAT I PARRÒQUIA	0101010100120088	POBLACIÓ PER NACIONALITAT I PARRÒQUIA. FRANCESOS. SANT JULIÀ DE LÒRIA	2024	202
1094	POBLACIÓ PER NACIONALITAT I PARRÒQUIA	0101010100120088	POBLACIÓ PER NACIONALITAT I PARRÒQUIA. FRANCESOS. SANT JULIÀ DE LÒRIA	2025	237
1094	POBLACIÓ PER NACIONALITAT I PARRÒQUIA	0101010100120089	POBLACIÓ PER NACIONALITAT I PARRÒQUIA. ALEMANYS. SANT JULIÀ DE LÒRIA	2010	18
1094	POBLACIÓ PER NACIONALITAT I PARRÒQUIA	0101010100120089	POBLACIÓ PER NACIONALITAT I PARRÒQUIA. ALEMANYS. SANT JULIÀ DE LÒRIA	2011	17
1094	POBLACIÓ PER NACIONALITAT I PARRÒQUIA	0101010100120089	POBLACIÓ PER NACIONALITAT I PARRÒQUIA. ALEMANYS. SANT JULIÀ DE LÒRIA	2012	16
1094	POBLACIÓ PER NACIONALITAT I PARRÒQUIA	0101010100120089	POBLACIÓ PER NACIONALITAT I PARRÒQUIA. ALEMANYS. SANT JULIÀ DE LÒRIA	2013	14
1094	POBLACIÓ PER NACIONALITAT I PARRÒQUIA	0101010100120089	POBLACIÓ PER NACIONALITAT I PARRÒQUIA. ALEMANYS. SANT JULIÀ DE LÒRIA	2014	16
1094	POBLACIÓ PER NACIONALITAT I PARRÒQUIA	0101010100120089	POBLACIÓ PER NACIONALITAT I PARRÒQUIA. ALEMANYS. SANT JULIÀ DE LÒRIA	2015	22
1094	POBLACIÓ PER NACIONALITAT I PARRÒQUIA	0101010100120089	POBLACIÓ PER NACIONALITAT I PARRÒQUIA. ALEMANYS. SANT JULIÀ DE LÒRIA	2016	21
1094	POBLACIÓ PER NACIONALITAT I PARRÒQUIA	0101010100120089	POBLACIÓ PER NACIONALITAT I PARRÒQUIA. ALEMANYS. SANT JULIÀ DE LÒRIA	2017	22
1094	POBLACIÓ PER NACIONALITAT I PARRÒQUIA	0101010100120089	POBLACIÓ PER NACIONALITAT I PARRÒQUIA. ALEMANYS. SANT JULIÀ DE LÒRIA	2018	20
1094	POBLACIÓ PER NACIONALITAT I PARRÒQUIA	0101010100120089	POBLACIÓ PER NACIONALITAT I PARRÒQUIA. ALEMANYS. SANT JULIÀ DE LÒRIA	2019	17
1094	POBLACIÓ PER NACIONALITAT I PARRÒQUIA	0101010100120089	POBLACIÓ PER NACIONALITAT I PARRÒQUIA. ALEMANYS. SANT JULIÀ DE LÒRIA	2020	13
1094	POBLACIÓ PER NACIONALITAT I PARRÒQUIA	0101010100120089	POBLACIÓ PER NACIONALITAT I PARRÒQUIA. ALEMANYS. SANT JULIÀ DE LÒRIA	2021	16
1094	POBLACIÓ PER NACIONALITAT I PARRÒQUIA	0101010100120089	POBLACIÓ PER NACIONALITAT I PARRÒQUIA. ALEMANYS. SANT JULIÀ DE LÒRIA	2022	15
1094	POBLACIÓ PER NACIONALITAT I PARRÒQUIA	0101010100120089	POBLACIÓ PER NACIONALITAT I PARRÒQUIA. ALEMANYS. SANT JULIÀ DE LÒRIA	2023	15
1094	POBLACIÓ PER NACIONALITAT I PARRÒQUIA	0101010100120089	POBLACIÓ PER NACIONALITAT I PARRÒQUIA. ALEMANYS. SANT JULIÀ DE LÒRIA	2024	17
1094	POBLACIÓ PER NACIONALITAT I PARRÒQUIA	0101010100120089	POBLACIÓ PER NACIONALITAT I PARRÒQUIA. ALEMANYS. SANT JULIÀ DE LÒRIA	2025	15
1094	POBLACIÓ PER NACIONALITAT I PARRÒQUIA	0101010100120090	POBLACIÓ PER NACIONALITAT I PARRÒQUIA. ARGENTINS. SANT JULIÀ DE LÒRIA	2010	24
1094	POBLACIÓ PER NACIONALITAT I PARRÒQUIA	0101010100120090	POBLACIÓ PER NACIONALITAT I PARRÒQUIA. ARGENTINS. SANT JULIÀ DE LÒRIA	2011	23
1094	POBLACIÓ PER NACIONALITAT I PARRÒQUIA	0101010100120090	POBLACIÓ PER NACIONALITAT I PARRÒQUIA. ARGENTINS. SANT JULIÀ DE LÒRIA	2012	21
1094	POBLACIÓ PER NACIONALITAT I PARRÒQUIA	0101010100120090	POBLACIÓ PER NACIONALITAT I PARRÒQUIA. ARGENTINS. SANT JULIÀ DE LÒRIA	2013	21
1094	POBLACIÓ PER NACIONALITAT I PARRÒQUIA	0101010100120090	POBLACIÓ PER NACIONALITAT I PARRÒQUIA. ARGENTINS. SANT JULIÀ DE LÒRIA	2014	24
1094	POBLACIÓ PER NACIONALITAT I PARRÒQUIA	0101010100120090	POBLACIÓ PER NACIONALITAT I PARRÒQUIA. ARGENTINS. SANT JULIÀ DE LÒRIA	2015	25
1094	POBLACIÓ PER NACIONALITAT I PARRÒQUIA	0101010100120090	POBLACIÓ PER NACIONALITAT I PARRÒQUIA. ARGENTINS. SANT JULIÀ DE LÒRIA	2016	23
1094	POBLACIÓ PER NACIONALITAT I PARRÒQUIA	0101010100120090	POBLACIÓ PER NACIONALITAT I PARRÒQUIA. ARGENTINS. SANT JULIÀ DE LÒRIA	2017	25
1094	POBLACIÓ PER NACIONALITAT I PARRÒQUIA	0101010100120090	POBLACIÓ PER NACIONALITAT I PARRÒQUIA. ARGENTINS. SANT JULIÀ DE LÒRIA	2018	29
1094	POBLACIÓ PER NACIONALITAT I PARRÒQUIA	0101010100120090	POBLACIÓ PER NACIONALITAT I PARRÒQUIA. ARGENTINS. SANT JULIÀ DE LÒRIA	2019	30
1094	POBLACIÓ PER NACIONALITAT I PARRÒQUIA	0101010100120090	POBLACIÓ PER NACIONALITAT I PARRÒQUIA. ARGENTINS. SANT JULIÀ DE LÒRIA	2020	40
1094	POBLACIÓ PER NACIONALITAT I PARRÒQUIA	0101010100120090	POBLACIÓ PER NACIONALITAT I PARRÒQUIA. ARGENTINS. SANT JULIÀ DE LÒRIA	2021	44
1094	POBLACIÓ PER NACIONALITAT I PARRÒQUIA	0101010100120090	POBLACIÓ PER NACIONALITAT I PARRÒQUIA. ARGENTINS. SANT JULIÀ DE LÒRIA	2022	55
1094	POBLACIÓ PER NACIONALITAT I PARRÒQUIA	0101010100120090	POBLACIÓ PER NACIONALITAT I PARRÒQUIA. ARGENTINS. SANT JULIÀ DE LÒRIA	2023	140
1094	POBLACIÓ PER NACIONALITAT I PARRÒQUIA	0101010100120090	POBLACIÓ PER NACIONALITAT I PARRÒQUIA. ARGENTINS. SANT JULIÀ DE LÒRIA	2024	147
1094	POBLACIÓ PER NACIONALITAT I PARRÒQUIA	0101010100120090	POBLACIÓ PER NACIONALITAT I PARRÒQUIA. ARGENTINS. SANT JULIÀ DE LÒRIA	2025	148
1094	POBLACIÓ PER NACIONALITAT I PARRÒQUIA	0101010100120091	POBLACIÓ PER NACIONALITAT I PARRÒQUIA. NORD-AMERICANS. SANT JULIÀ DE LÒRIA	2010	4
1094	POBLACIÓ PER NACIONALITAT I PARRÒQUIA	0101010100120091	POBLACIÓ PER NACIONALITAT I PARRÒQUIA. NORD-AMERICANS. SANT JULIÀ DE LÒRIA	2011	3
1094	POBLACIÓ PER NACIONALITAT I PARRÒQUIA	0101010100120091	POBLACIÓ PER NACIONALITAT I PARRÒQUIA. NORD-AMERICANS. SANT JULIÀ DE LÒRIA	2012	4
1094	POBLACIÓ PER NACIONALITAT I PARRÒQUIA	0101010100120091	POBLACIÓ PER NACIONALITAT I PARRÒQUIA. NORD-AMERICANS. SANT JULIÀ DE LÒRIA	2013	5
1094	POBLACIÓ PER NACIONALITAT I PARRÒQUIA	0101010100120091	POBLACIÓ PER NACIONALITAT I PARRÒQUIA. NORD-AMERICANS. SANT JULIÀ DE LÒRIA	2014	5
1094	POBLACIÓ PER NACIONALITAT I PARRÒQUIA	0101010100120091	POBLACIÓ PER NACIONALITAT I PARRÒQUIA. NORD-AMERICANS. SANT JULIÀ DE LÒRIA	2015	5
1094	POBLACIÓ PER NACIONALITAT I PARRÒQUIA	0101010100120091	POBLACIÓ PER NACIONALITAT I PARRÒQUIA. NORD-AMERICANS. SANT JULIÀ DE LÒRIA	2016	5
1094	POBLACIÓ PER NACIONALITAT I PARRÒQUIA	0101010100120091	POBLACIÓ PER NACIONALITAT I PARRÒQUIA. NORD-AMERICANS. SANT JULIÀ DE LÒRIA	2017	5
1094	POBLACIÓ PER NACIONALITAT I PARRÒQUIA	0101010100120091	POBLACIÓ PER NACIONALITAT I PARRÒQUIA. NORD-AMERICANS. SANT JULIÀ DE LÒRIA	2018	3
1094	POBLACIÓ PER NACIONALITAT I PARRÒQUIA	0101010100120091	POBLACIÓ PER NACIONALITAT I PARRÒQUIA. NORD-AMERICANS. SANT JULIÀ DE LÒRIA	2019	2
1094	POBLACIÓ PER NACIONALITAT I PARRÒQUIA	0101010100120091	POBLACIÓ PER NACIONALITAT I PARRÒQUIA. NORD-AMERICANS. SANT JULIÀ DE LÒRIA	2020	2
1094	POBLACIÓ PER NACIONALITAT I PARRÒQUIA	0101010100120091	POBLACIÓ PER NACIONALITAT I PARRÒQUIA. NORD-AMERICANS. SANT JULIÀ DE LÒRIA	2021	2
1094	POBLACIÓ PER NACIONALITAT I PARRÒQUIA	0101010100120091	POBLACIÓ PER NACIONALITAT I PARRÒQUIA. NORD-AMERICANS. SANT JULIÀ DE LÒRIA	2022	3
1094	POBLACIÓ PER NACIONALITAT I PARRÒQUIA	0101010100120091	POBLACIÓ PER NACIONALITAT I PARRÒQUIA. NORD-AMERICANS. SANT JULIÀ DE LÒRIA	2023	4
1094	POBLACIÓ PER NACIONALITAT I PARRÒQUIA	0101010100120091	POBLACIÓ PER NACIONALITAT I PARRÒQUIA. NORD-AMERICANS. SANT JULIÀ DE LÒRIA	2024	3
1094	POBLACIÓ PER NACIONALITAT I PARRÒQUIA	0101010100120091	POBLACIÓ PER NACIONALITAT I PARRÒQUIA. NORD-AMERICANS. SANT JULIÀ DE LÒRIA	2025	3
1094	POBLACIÓ PER NACIONALITAT I PARRÒQUIA	0101010100120092	POBLACIÓ PER NACIONALITAT I PARRÒQUIA. BRITANICS. SANT JULIÀ DE LÒRIA	2010	45
1094	POBLACIÓ PER NACIONALITAT I PARRÒQUIA	0101010100120092	POBLACIÓ PER NACIONALITAT I PARRÒQUIA. BRITANICS. SANT JULIÀ DE LÒRIA	2011	43
1094	POBLACIÓ PER NACIONALITAT I PARRÒQUIA	0101010100120092	POBLACIÓ PER NACIONALITAT I PARRÒQUIA. BRITANICS. SANT JULIÀ DE LÒRIA	2012	42
1094	POBLACIÓ PER NACIONALITAT I PARRÒQUIA	0101010100120092	POBLACIÓ PER NACIONALITAT I PARRÒQUIA. BRITANICS. SANT JULIÀ DE LÒRIA	2013	40
1094	POBLACIÓ PER NACIONALITAT I PARRÒQUIA	0101010100120092	POBLACIÓ PER NACIONALITAT I PARRÒQUIA. BRITANICS. SANT JULIÀ DE LÒRIA	2014	33
1094	POBLACIÓ PER NACIONALITAT I PARRÒQUIA	0101010100120092	POBLACIÓ PER NACIONALITAT I PARRÒQUIA. BRITANICS. SANT JULIÀ DE LÒRIA	2015	34
1094	POBLACIÓ PER NACIONALITAT I PARRÒQUIA	0101010100120092	POBLACIÓ PER NACIONALITAT I PARRÒQUIA. BRITANICS. SANT JULIÀ DE LÒRIA	2016	30
1094	POBLACIÓ PER NACIONALITAT I PARRÒQUIA	0101010100120092	POBLACIÓ PER NACIONALITAT I PARRÒQUIA. BRITANICS. SANT JULIÀ DE LÒRIA	2017	32
1094	POBLACIÓ PER NACIONALITAT I PARRÒQUIA	0101010100120092	POBLACIÓ PER NACIONALITAT I PARRÒQUIA. BRITANICS. SANT JULIÀ DE LÒRIA	2018	36
1094	POBLACIÓ PER NACIONALITAT I PARRÒQUIA	0101010100120092	POBLACIÓ PER NACIONALITAT I PARRÒQUIA. BRITANICS. SANT JULIÀ DE LÒRIA	2019	36
1094	POBLACIÓ PER NACIONALITAT I PARRÒQUIA	0101010100120092	POBLACIÓ PER NACIONALITAT I PARRÒQUIA. BRITANICS. SANT JULIÀ DE LÒRIA	2020	33
1094	POBLACIÓ PER NACIONALITAT I PARRÒQUIA	0101010100120092	POBLACIÓ PER NACIONALITAT I PARRÒQUIA. BRITANICS. SANT JULIÀ DE LÒRIA	2021	37
1094	POBLACIÓ PER NACIONALITAT I PARRÒQUIA	0101010100120092	POBLACIÓ PER NACIONALITAT I PARRÒQUIA. BRITANICS. SANT JULIÀ DE LÒRIA	2022	43
1094	POBLACIÓ PER NACIONALITAT I PARRÒQUIA	0101010100120092	POBLACIÓ PER NACIONALITAT I PARRÒQUIA. BRITANICS. SANT JULIÀ DE LÒRIA	2023	38
1094	POBLACIÓ PER NACIONALITAT I PARRÒQUIA	0101010100120092	POBLACIÓ PER NACIONALITAT I PARRÒQUIA. BRITANICS. SANT JULIÀ DE LÒRIA	2024	34
1094	POBLACIÓ PER NACIONALITAT I PARRÒQUIA	0101010100120092	POBLACIÓ PER NACIONALITAT I PARRÒQUIA. BRITANICS. SANT JULIÀ DE LÒRIA	2025	34
1094	POBLACIÓ PER NACIONALITAT I PARRÒQUIA	0101010100120093	POBLACIÓ PER NACIONALITAT I PARRÒQUIA. BELGUES. SANT JULIÀ DE LÒRIA	2010	3
1094	POBLACIÓ PER NACIONALITAT I PARRÒQUIA	0101010100120093	POBLACIÓ PER NACIONALITAT I PARRÒQUIA. BELGUES. SANT JULIÀ DE LÒRIA	2011	3
1094	POBLACIÓ PER NACIONALITAT I PARRÒQUIA	0101010100120093	POBLACIÓ PER NACIONALITAT I PARRÒQUIA. BELGUES. SANT JULIÀ DE LÒRIA	2012	5
1094	POBLACIÓ PER NACIONALITAT I PARRÒQUIA	0101010100120093	POBLACIÓ PER NACIONALITAT I PARRÒQUIA. BELGUES. SANT JULIÀ DE LÒRIA	2013	5
1094	POBLACIÓ PER NACIONALITAT I PARRÒQUIA	0101010100120093	POBLACIÓ PER NACIONALITAT I PARRÒQUIA. BELGUES. SANT JULIÀ DE LÒRIA	2014	8
1094	POBLACIÓ PER NACIONALITAT I PARRÒQUIA	0101010100120093	POBLACIÓ PER NACIONALITAT I PARRÒQUIA. BELGUES. SANT JULIÀ DE LÒRIA	2015	8
1094	POBLACIÓ PER NACIONALITAT I PARRÒQUIA	0101010100120093	POBLACIÓ PER NACIONALITAT I PARRÒQUIA. BELGUES. SANT JULIÀ DE LÒRIA	2016	10
1094	POBLACIÓ PER NACIONALITAT I PARRÒQUIA	0101010100120093	POBLACIÓ PER NACIONALITAT I PARRÒQUIA. BELGUES. SANT JULIÀ DE LÒRIA	2017	9
1094	POBLACIÓ PER NACIONALITAT I PARRÒQUIA	0101010100120093	POBLACIÓ PER NACIONALITAT I PARRÒQUIA. BELGUES. SANT JULIÀ DE LÒRIA	2018	10
1094	POBLACIÓ PER NACIONALITAT I PARRÒQUIA	0101010100120093	POBLACIÓ PER NACIONALITAT I PARRÒQUIA. BELGUES. SANT JULIÀ DE LÒRIA	2019	10
1094	POBLACIÓ PER NACIONALITAT I PARRÒQUIA	0101010100120093	POBLACIÓ PER NACIONALITAT I PARRÒQUIA. BELGUES. SANT JULIÀ DE LÒRIA	2020	8
1094	POBLACIÓ PER NACIONALITAT I PARRÒQUIA	0101010100120093	POBLACIÓ PER NACIONALITAT I PARRÒQUIA. BELGUES. SANT JULIÀ DE LÒRIA	2021	9
1094	POBLACIÓ PER NACIONALITAT I PARRÒQUIA	0101010100120093	POBLACIÓ PER NACIONALITAT I PARRÒQUIA. BELGUES. SANT JULIÀ DE LÒRIA	2022	7
1094	POBLACIÓ PER NACIONALITAT I PARRÒQUIA	0101010100120093	POBLACIÓ PER NACIONALITAT I PARRÒQUIA. BELGUES. SANT JULIÀ DE LÒRIA	2023	6
1094	POBLACIÓ PER NACIONALITAT I PARRÒQUIA	0101010100120093	POBLACIÓ PER NACIONALITAT I PARRÒQUIA. BELGUES. SANT JULIÀ DE LÒRIA	2024	6
1094	POBLACIÓ PER NACIONALITAT I PARRÒQUIA	0101010100120093	POBLACIÓ PER NACIONALITAT I PARRÒQUIA. BELGUES. SANT JULIÀ DE LÒRIA	2025	8
1094	POBLACIÓ PER NACIONALITAT I PARRÒQUIA	0101010100120094	POBLACIÓ PER NACIONALITAT I PARRÒQUIA. HOLANDESOS. SANT JULIÀ DE LÒRIA	2010	21
1094	POBLACIÓ PER NACIONALITAT I PARRÒQUIA	0101010100120094	POBLACIÓ PER NACIONALITAT I PARRÒQUIA. HOLANDESOS. SANT JULIÀ DE LÒRIA	2011	20
1094	POBLACIÓ PER NACIONALITAT I PARRÒQUIA	0101010100120094	POBLACIÓ PER NACIONALITAT I PARRÒQUIA. HOLANDESOS. SANT JULIÀ DE LÒRIA	2012	18
1094	POBLACIÓ PER NACIONALITAT I PARRÒQUIA	0101010100120094	POBLACIÓ PER NACIONALITAT I PARRÒQUIA. HOLANDESOS. SANT JULIÀ DE LÒRIA	2013	17
1094	POBLACIÓ PER NACIONALITAT I PARRÒQUIA	0101010100120094	POBLACIÓ PER NACIONALITAT I PARRÒQUIA. HOLANDESOS. SANT JULIÀ DE LÒRIA	2014	15
1094	POBLACIÓ PER NACIONALITAT I PARRÒQUIA	0101010100120094	POBLACIÓ PER NACIONALITAT I PARRÒQUIA. HOLANDESOS. SANT JULIÀ DE LÒRIA	2015	17
1094	POBLACIÓ PER NACIONALITAT I PARRÒQUIA	0101010100120094	POBLACIÓ PER NACIONALITAT I PARRÒQUIA. HOLANDESOS. SANT JULIÀ DE LÒRIA	2016	16
1094	POBLACIÓ PER NACIONALITAT I PARRÒQUIA	0101010100120094	POBLACIÓ PER NACIONALITAT I PARRÒQUIA. HOLANDESOS. SANT JULIÀ DE LÒRIA	2017	16
1094	POBLACIÓ PER NACIONALITAT I PARRÒQUIA	0101010100120094	POBLACIÓ PER NACIONALITAT I PARRÒQUIA. HOLANDESOS. SANT JULIÀ DE LÒRIA	2018	13
1094	POBLACIÓ PER NACIONALITAT I PARRÒQUIA	0101010100120094	POBLACIÓ PER NACIONALITAT I PARRÒQUIA. HOLANDESOS. SANT JULIÀ DE LÒRIA	2019	13
1094	POBLACIÓ PER NACIONALITAT I PARRÒQUIA	0101010100120094	POBLACIÓ PER NACIONALITAT I PARRÒQUIA. HOLANDESOS. SANT JULIÀ DE LÒRIA	2020	12
1094	POBLACIÓ PER NACIONALITAT I PARRÒQUIA	0101010100120094	POBLACIÓ PER NACIONALITAT I PARRÒQUIA. HOLANDESOS. SANT JULIÀ DE LÒRIA	2021	15
1094	POBLACIÓ PER NACIONALITAT I PARRÒQUIA	0101010100120094	POBLACIÓ PER NACIONALITAT I PARRÒQUIA. HOLANDESOS. SANT JULIÀ DE LÒRIA	2022	15
1094	POBLACIÓ PER NACIONALITAT I PARRÒQUIA	0101010100120094	POBLACIÓ PER NACIONALITAT I PARRÒQUIA. HOLANDESOS. SANT JULIÀ DE LÒRIA	2023	19
1094	POBLACIÓ PER NACIONALITAT I PARRÒQUIA	0101010100120094	POBLACIÓ PER NACIONALITAT I PARRÒQUIA. HOLANDESOS. SANT JULIÀ DE LÒRIA	2024	18
1094	POBLACIÓ PER NACIONALITAT I PARRÒQUIA	0101010100120094	POBLACIÓ PER NACIONALITAT I PARRÒQUIA. HOLANDESOS. SANT JULIÀ DE LÒRIA	2025	18
1094	POBLACIÓ PER NACIONALITAT I PARRÒQUIA	0101010100120095	POBLACIÓ PER NACIONALITAT I PARRÒQUIA. INDIS. SANT JULIÀ DE LÒRIA	2010	0
1094	POBLACIÓ PER NACIONALITAT I PARRÒQUIA	0101010100120095	POBLACIÓ PER NACIONALITAT I PARRÒQUIA. INDIS. SANT JULIÀ DE LÒRIA	2011	0
1094	POBLACIÓ PER NACIONALITAT I PARRÒQUIA	0101010100120095	POBLACIÓ PER NACIONALITAT I PARRÒQUIA. INDIS. SANT JULIÀ DE LÒRIA	2012	1
1094	POBLACIÓ PER NACIONALITAT I PARRÒQUIA	0101010100120095	POBLACIÓ PER NACIONALITAT I PARRÒQUIA. INDIS. SANT JULIÀ DE LÒRIA	2013	1
1094	POBLACIÓ PER NACIONALITAT I PARRÒQUIA	0101010100120095	POBLACIÓ PER NACIONALITAT I PARRÒQUIA. INDIS. SANT JULIÀ DE LÒRIA	2014	1
1094	POBLACIÓ PER NACIONALITAT I PARRÒQUIA	0101010100120095	POBLACIÓ PER NACIONALITAT I PARRÒQUIA. INDIS. SANT JULIÀ DE LÒRIA	2015	1
1094	POBLACIÓ PER NACIONALITAT I PARRÒQUIA	0101010100120095	POBLACIÓ PER NACIONALITAT I PARRÒQUIA. INDIS. SANT JULIÀ DE LÒRIA	2016	1
1094	POBLACIÓ PER NACIONALITAT I PARRÒQUIA	0101010100120095	POBLACIÓ PER NACIONALITAT I PARRÒQUIA. INDIS. SANT JULIÀ DE LÒRIA	2017	1
1094	POBLACIÓ PER NACIONALITAT I PARRÒQUIA	0101010100120095	POBLACIÓ PER NACIONALITAT I PARRÒQUIA. INDIS. SANT JULIÀ DE LÒRIA	2018	1
1094	POBLACIÓ PER NACIONALITAT I PARRÒQUIA	0101010100120095	POBLACIÓ PER NACIONALITAT I PARRÒQUIA. INDIS. SANT JULIÀ DE LÒRIA	2019	1
1094	POBLACIÓ PER NACIONALITAT I PARRÒQUIA	0101010100120095	POBLACIÓ PER NACIONALITAT I PARRÒQUIA. INDIS. SANT JULIÀ DE LÒRIA	2020	1
1094	POBLACIÓ PER NACIONALITAT I PARRÒQUIA	0101010100120095	POBLACIÓ PER NACIONALITAT I PARRÒQUIA. INDIS. SANT JULIÀ DE LÒRIA	2021	0
1094	POBLACIÓ PER NACIONALITAT I PARRÒQUIA	0101010100120095	POBLACIÓ PER NACIONALITAT I PARRÒQUIA. INDIS. SANT JULIÀ DE LÒRIA	2022	0
1094	POBLACIÓ PER NACIONALITAT I PARRÒQUIA	0101010100120095	POBLACIÓ PER NACIONALITAT I PARRÒQUIA. INDIS. SANT JULIÀ DE LÒRIA	2023	0
1094	POBLACIÓ PER NACIONALITAT I PARRÒQUIA	0101010100120095	POBLACIÓ PER NACIONALITAT I PARRÒQUIA. INDIS. SANT JULIÀ DE LÒRIA	2024	0
1094	POBLACIÓ PER NACIONALITAT I PARRÒQUIA	0101010100120095	POBLACIÓ PER NACIONALITAT I PARRÒQUIA. INDIS. SANT JULIÀ DE LÒRIA	2025	0
1094	POBLACIÓ PER NACIONALITAT I PARRÒQUIA	0101010100120096	POBLACIÓ PER NACIONALITAT I PARRÒQUIA. ITALIANS. SANT JULIÀ DE LÒRIA	2010	27
1094	POBLACIÓ PER NACIONALITAT I PARRÒQUIA	0101010100120096	POBLACIÓ PER NACIONALITAT I PARRÒQUIA. ITALIANS. SANT JULIÀ DE LÒRIA	2011	24
1094	POBLACIÓ PER NACIONALITAT I PARRÒQUIA	0101010100120096	POBLACIÓ PER NACIONALITAT I PARRÒQUIA. ITALIANS. SANT JULIÀ DE LÒRIA	2012	22
1094	POBLACIÓ PER NACIONALITAT I PARRÒQUIA	0101010100120096	POBLACIÓ PER NACIONALITAT I PARRÒQUIA. ITALIANS. SANT JULIÀ DE LÒRIA	2013	16
1094	POBLACIÓ PER NACIONALITAT I PARRÒQUIA	0101010100120096	POBLACIÓ PER NACIONALITAT I PARRÒQUIA. ITALIANS. SANT JULIÀ DE LÒRIA	2014	12
1094	POBLACIÓ PER NACIONALITAT I PARRÒQUIA	0101010100120096	POBLACIÓ PER NACIONALITAT I PARRÒQUIA. ITALIANS. SANT JULIÀ DE LÒRIA	2015	14
1094	POBLACIÓ PER NACIONALITAT I PARRÒQUIA	0101010100120096	POBLACIÓ PER NACIONALITAT I PARRÒQUIA. ITALIANS. SANT JULIÀ DE LÒRIA	2016	15
1094	POBLACIÓ PER NACIONALITAT I PARRÒQUIA	0101010100120096	POBLACIÓ PER NACIONALITAT I PARRÒQUIA. ITALIANS. SANT JULIÀ DE LÒRIA	2017	20
1094	POBLACIÓ PER NACIONALITAT I PARRÒQUIA	0101010100120096	POBLACIÓ PER NACIONALITAT I PARRÒQUIA. ITALIANS. SANT JULIÀ DE LÒRIA	2018	20
1094	POBLACIÓ PER NACIONALITAT I PARRÒQUIA	0101010100120096	POBLACIÓ PER NACIONALITAT I PARRÒQUIA. ITALIANS. SANT JULIÀ DE LÒRIA	2019	23
1094	POBLACIÓ PER NACIONALITAT I PARRÒQUIA	0101010100120096	POBLACIÓ PER NACIONALITAT I PARRÒQUIA. ITALIANS. SANT JULIÀ DE LÒRIA	2020	21
1094	POBLACIÓ PER NACIONALITAT I PARRÒQUIA	0101010100120096	POBLACIÓ PER NACIONALITAT I PARRÒQUIA. ITALIANS. SANT JULIÀ DE LÒRIA	2021	22
1094	POBLACIÓ PER NACIONALITAT I PARRÒQUIA	0101010100120096	POBLACIÓ PER NACIONALITAT I PARRÒQUIA. ITALIANS. SANT JULIÀ DE LÒRIA	2022	26
1094	POBLACIÓ PER NACIONALITAT I PARRÒQUIA	0101010100120096	POBLACIÓ PER NACIONALITAT I PARRÒQUIA. ITALIANS. SANT JULIÀ DE LÒRIA	2023	29
1094	POBLACIÓ PER NACIONALITAT I PARRÒQUIA	0101010100120096	POBLACIÓ PER NACIONALITAT I PARRÒQUIA. ITALIANS. SANT JULIÀ DE LÒRIA	2024	31
1094	POBLACIÓ PER NACIONALITAT I PARRÒQUIA	0101010100120096	POBLACIÓ PER NACIONALITAT I PARRÒQUIA. ITALIANS. SANT JULIÀ DE LÒRIA	2025	22
1094	POBLACIÓ PER NACIONALITAT I PARRÒQUIA	0101010100120097	POBLACIÓ PER NACIONALITAT I PARRÒQUIA. MARROQUINS. SANT JULIÀ DE LÒRIA	2010	24
1094	POBLACIÓ PER NACIONALITAT I PARRÒQUIA	0101010100120097	POBLACIÓ PER NACIONALITAT I PARRÒQUIA. MARROQUINS. SANT JULIÀ DE LÒRIA	2011	23
1094	POBLACIÓ PER NACIONALITAT I PARRÒQUIA	0101010100120097	POBLACIÓ PER NACIONALITAT I PARRÒQUIA. MARROQUINS. SANT JULIÀ DE LÒRIA	2012	24
1094	POBLACIÓ PER NACIONALITAT I PARRÒQUIA	0101010100120097	POBLACIÓ PER NACIONALITAT I PARRÒQUIA. MARROQUINS. SANT JULIÀ DE LÒRIA	2013	25
1094	POBLACIÓ PER NACIONALITAT I PARRÒQUIA	0101010100120097	POBLACIÓ PER NACIONALITAT I PARRÒQUIA. MARROQUINS. SANT JULIÀ DE LÒRIA	2014	23
1094	POBLACIÓ PER NACIONALITAT I PARRÒQUIA	0101010100120097	POBLACIÓ PER NACIONALITAT I PARRÒQUIA. MARROQUINS. SANT JULIÀ DE LÒRIA	2015	21
1094	POBLACIÓ PER NACIONALITAT I PARRÒQUIA	0101010100120097	POBLACIÓ PER NACIONALITAT I PARRÒQUIA. MARROQUINS. SANT JULIÀ DE LÒRIA	2016	21
1094	POBLACIÓ PER NACIONALITAT I PARRÒQUIA	0101010100120097	POBLACIÓ PER NACIONALITAT I PARRÒQUIA. MARROQUINS. SANT JULIÀ DE LÒRIA	2017	0
1094	POBLACIÓ PER NACIONALITAT I PARRÒQUIA	0101010100120097	POBLACIÓ PER NACIONALITAT I PARRÒQUIA. MARROQUINS. SANT JULIÀ DE LÒRIA	2018	25
1094	POBLACIÓ PER NACIONALITAT I PARRÒQUIA	0101010100120097	POBLACIÓ PER NACIONALITAT I PARRÒQUIA. MARROQUINS. SANT JULIÀ DE LÒRIA	2019	25
1094	POBLACIÓ PER NACIONALITAT I PARRÒQUIA	0101010100120097	POBLACIÓ PER NACIONALITAT I PARRÒQUIA. MARROQUINS. SANT JULIÀ DE LÒRIA	2020	28
1094	POBLACIÓ PER NACIONALITAT I PARRÒQUIA	0101010100120097	POBLACIÓ PER NACIONALITAT I PARRÒQUIA. MARROQUINS. SANT JULIÀ DE LÒRIA	2021	31
1094	POBLACIÓ PER NACIONALITAT I PARRÒQUIA	0101010100120097	POBLACIÓ PER NACIONALITAT I PARRÒQUIA. MARROQUINS. SANT JULIÀ DE LÒRIA	2022	33
1094	POBLACIÓ PER NACIONALITAT I PARRÒQUIA	0101010100120097	POBLACIÓ PER NACIONALITAT I PARRÒQUIA. MARROQUINS. SANT JULIÀ DE LÒRIA	2023	36
1094	POBLACIÓ PER NACIONALITAT I PARRÒQUIA	0101010100120097	POBLACIÓ PER NACIONALITAT I PARRÒQUIA. MARROQUINS. SANT JULIÀ DE LÒRIA	2024	48
1094	POBLACIÓ PER NACIONALITAT I PARRÒQUIA	0101010100120097	POBLACIÓ PER NACIONALITAT I PARRÒQUIA. MARROQUINS. SANT JULIÀ DE LÒRIA	2025	47
1094	POBLACIÓ PER NACIONALITAT I PARRÒQUIA	0101010100120098	POBLACIÓ PER NACIONALITAT I PARRÒQUIA. PORTUGUESOS. SANT JULIÀ DE LÒRIA	2010	1163
1094	POBLACIÓ PER NACIONALITAT I PARRÒQUIA	0101010100120098	POBLACIÓ PER NACIONALITAT I PARRÒQUIA. PORTUGUESOS. SANT JULIÀ DE LÒRIA	2011	1090
1094	POBLACIÓ PER NACIONALITAT I PARRÒQUIA	0101010100120098	POBLACIÓ PER NACIONALITAT I PARRÒQUIA. PORTUGUESOS. SANT JULIÀ DE LÒRIA	2012	1047
1094	POBLACIÓ PER NACIONALITAT I PARRÒQUIA	0101010100120098	POBLACIÓ PER NACIONALITAT I PARRÒQUIA. PORTUGUESOS. SANT JULIÀ DE LÒRIA	2013	1041
1094	POBLACIÓ PER NACIONALITAT I PARRÒQUIA	0101010100120098	POBLACIÓ PER NACIONALITAT I PARRÒQUIA. PORTUGUESOS. SANT JULIÀ DE LÒRIA	2014	1012
1094	POBLACIÓ PER NACIONALITAT I PARRÒQUIA	0101010100120098	POBLACIÓ PER NACIONALITAT I PARRÒQUIA. PORTUGUESOS. SANT JULIÀ DE LÒRIA	2015	1003
1094	POBLACIÓ PER NACIONALITAT I PARRÒQUIA	0101010100120098	POBLACIÓ PER NACIONALITAT I PARRÒQUIA. PORTUGUESOS. SANT JULIÀ DE LÒRIA	2016	1001
1094	POBLACIÓ PER NACIONALITAT I PARRÒQUIA	0101010100120098	POBLACIÓ PER NACIONALITAT I PARRÒQUIA. PORTUGUESOS. SANT JULIÀ DE LÒRIA	2017	1007
1094	POBLACIÓ PER NACIONALITAT I PARRÒQUIA	0101010100120098	POBLACIÓ PER NACIONALITAT I PARRÒQUIA. PORTUGUESOS. SANT JULIÀ DE LÒRIA	2018	1035
1094	POBLACIÓ PER NACIONALITAT I PARRÒQUIA	0101010100120098	POBLACIÓ PER NACIONALITAT I PARRÒQUIA. PORTUGUESOS. SANT JULIÀ DE LÒRIA	2019	1032
1094	POBLACIÓ PER NACIONALITAT I PARRÒQUIA	0101010100120098	POBLACIÓ PER NACIONALITAT I PARRÒQUIA. PORTUGUESOS. SANT JULIÀ DE LÒRIA	2020	998
1094	POBLACIÓ PER NACIONALITAT I PARRÒQUIA	0101010100120098	POBLACIÓ PER NACIONALITAT I PARRÒQUIA. PORTUGUESOS. SANT JULIÀ DE LÒRIA	2021	1007
1094	POBLACIÓ PER NACIONALITAT I PARRÒQUIA	0101010100120098	POBLACIÓ PER NACIONALITAT I PARRÒQUIA. PORTUGUESOS. SANT JULIÀ DE LÒRIA	2022	993
1094	POBLACIÓ PER NACIONALITAT I PARRÒQUIA	0101010100120098	POBLACIÓ PER NACIONALITAT I PARRÒQUIA. PORTUGUESOS. SANT JULIÀ DE LÒRIA	2023	1019
1094	POBLACIÓ PER NACIONALITAT I PARRÒQUIA	0101010100120098	POBLACIÓ PER NACIONALITAT I PARRÒQUIA. PORTUGUESOS. SANT JULIÀ DE LÒRIA	2024	1033
1094	POBLACIÓ PER NACIONALITAT I PARRÒQUIA	0101010100120098	POBLACIÓ PER NACIONALITAT I PARRÒQUIA. PORTUGUESOS. SANT JULIÀ DE LÒRIA	2025	1013
1094	POBLACIÓ PER NACIONALITAT I PARRÒQUIA	0101010100120099	POBLACIÓ PER NACIONALITAT I PARRÒQUIA. URUGUAIANS. SANT JULIÀ DE LÒRIA	2010	15
1094	POBLACIÓ PER NACIONALITAT I PARRÒQUIA	0101010100120099	POBLACIÓ PER NACIONALITAT I PARRÒQUIA. URUGUAIANS. SANT JULIÀ DE LÒRIA	2011	15
1094	POBLACIÓ PER NACIONALITAT I PARRÒQUIA	0101010100120099	POBLACIÓ PER NACIONALITAT I PARRÒQUIA. URUGUAIANS. SANT JULIÀ DE LÒRIA	2012	15
1094	POBLACIÓ PER NACIONALITAT I PARRÒQUIA	0101010100120099	POBLACIÓ PER NACIONALITAT I PARRÒQUIA. URUGUAIANS. SANT JULIÀ DE LÒRIA	2013	14
1094	POBLACIÓ PER NACIONALITAT I PARRÒQUIA	0101010100120099	POBLACIÓ PER NACIONALITAT I PARRÒQUIA. URUGUAIANS. SANT JULIÀ DE LÒRIA	2014	16
1094	POBLACIÓ PER NACIONALITAT I PARRÒQUIA	0101010100120099	POBLACIÓ PER NACIONALITAT I PARRÒQUIA. URUGUAIANS. SANT JULIÀ DE LÒRIA	2015	18
1094	POBLACIÓ PER NACIONALITAT I PARRÒQUIA	0101010100120099	POBLACIÓ PER NACIONALITAT I PARRÒQUIA. URUGUAIANS. SANT JULIÀ DE LÒRIA	2016	17
1094	POBLACIÓ PER NACIONALITAT I PARRÒQUIA	0101010100120099	POBLACIÓ PER NACIONALITAT I PARRÒQUIA. URUGUAIANS. SANT JULIÀ DE LÒRIA	2017	13
1094	POBLACIÓ PER NACIONALITAT I PARRÒQUIA	0101010100120099	POBLACIÓ PER NACIONALITAT I PARRÒQUIA. URUGUAIANS. SANT JULIÀ DE LÒRIA	2018	16
1094	POBLACIÓ PER NACIONALITAT I PARRÒQUIA	0101010100120099	POBLACIÓ PER NACIONALITAT I PARRÒQUIA. URUGUAIANS. SANT JULIÀ DE LÒRIA	2019	13
1094	POBLACIÓ PER NACIONALITAT I PARRÒQUIA	0101010100120099	POBLACIÓ PER NACIONALITAT I PARRÒQUIA. URUGUAIANS. SANT JULIÀ DE LÒRIA	2020	12
1094	POBLACIÓ PER NACIONALITAT I PARRÒQUIA	0101010100120099	POBLACIÓ PER NACIONALITAT I PARRÒQUIA. URUGUAIANS. SANT JULIÀ DE LÒRIA	2021	14
1094	POBLACIÓ PER NACIONALITAT I PARRÒQUIA	0101010100120099	POBLACIÓ PER NACIONALITAT I PARRÒQUIA. URUGUAIANS. SANT JULIÀ DE LÒRIA	2022	13
1094	POBLACIÓ PER NACIONALITAT I PARRÒQUIA	0101010100120099	POBLACIÓ PER NACIONALITAT I PARRÒQUIA. URUGUAIANS. SANT JULIÀ DE LÒRIA	2023	12
1094	POBLACIÓ PER NACIONALITAT I PARRÒQUIA	0101010100120099	POBLACIÓ PER NACIONALITAT I PARRÒQUIA. URUGUAIANS. SANT JULIÀ DE LÒRIA	2024	10
1094	POBLACIÓ PER NACIONALITAT I PARRÒQUIA	0101010100120099	POBLACIÓ PER NACIONALITAT I PARRÒQUIA. URUGUAIANS. SANT JULIÀ DE LÒRIA	2025	11
1094	POBLACIÓ PER NACIONALITAT I PARRÒQUIA	0101010100120100	POBLACIÓ PER NACIONALITAT I PARRÒQUIA. XILENS. SANT JULIÀ DE LÒRIA	2010	4
1094	POBLACIÓ PER NACIONALITAT I PARRÒQUIA	0101010100120100	POBLACIÓ PER NACIONALITAT I PARRÒQUIA. XILENS. SANT JULIÀ DE LÒRIA	2011	4
1094	POBLACIÓ PER NACIONALITAT I PARRÒQUIA	0101010100120100	POBLACIÓ PER NACIONALITAT I PARRÒQUIA. XILENS. SANT JULIÀ DE LÒRIA	2012	4
1094	POBLACIÓ PER NACIONALITAT I PARRÒQUIA	0101010100120100	POBLACIÓ PER NACIONALITAT I PARRÒQUIA. XILENS. SANT JULIÀ DE LÒRIA	2013	4
1094	POBLACIÓ PER NACIONALITAT I PARRÒQUIA	0101010100120100	POBLACIÓ PER NACIONALITAT I PARRÒQUIA. XILENS. SANT JULIÀ DE LÒRIA	2014	3
1094	POBLACIÓ PER NACIONALITAT I PARRÒQUIA	0101010100120100	POBLACIÓ PER NACIONALITAT I PARRÒQUIA. XILENS. SANT JULIÀ DE LÒRIA	2015	2
1094	POBLACIÓ PER NACIONALITAT I PARRÒQUIA	0101010100120100	POBLACIÓ PER NACIONALITAT I PARRÒQUIA. XILENS. SANT JULIÀ DE LÒRIA	2016	2
1094	POBLACIÓ PER NACIONALITAT I PARRÒQUIA	0101010100120100	POBLACIÓ PER NACIONALITAT I PARRÒQUIA. XILENS. SANT JULIÀ DE LÒRIA	2017	2
1094	POBLACIÓ PER NACIONALITAT I PARRÒQUIA	0101010100120100	POBLACIÓ PER NACIONALITAT I PARRÒQUIA. XILENS. SANT JULIÀ DE LÒRIA	2018	5
1094	POBLACIÓ PER NACIONALITAT I PARRÒQUIA	0101010100120100	POBLACIÓ PER NACIONALITAT I PARRÒQUIA. XILENS. SANT JULIÀ DE LÒRIA	2019	6
1094	POBLACIÓ PER NACIONALITAT I PARRÒQUIA	0101010100120100	POBLACIÓ PER NACIONALITAT I PARRÒQUIA. XILENS. SANT JULIÀ DE LÒRIA	2020	8
1094	POBLACIÓ PER NACIONALITAT I PARRÒQUIA	0101010100120100	POBLACIÓ PER NACIONALITAT I PARRÒQUIA. XILENS. SANT JULIÀ DE LÒRIA	2021	7
1094	POBLACIÓ PER NACIONALITAT I PARRÒQUIA	0101010100120100	POBLACIÓ PER NACIONALITAT I PARRÒQUIA. XILENS. SANT JULIÀ DE LÒRIA	2022	8
1094	POBLACIÓ PER NACIONALITAT I PARRÒQUIA	0101010100120100	POBLACIÓ PER NACIONALITAT I PARRÒQUIA. XILENS. SANT JULIÀ DE LÒRIA	2023	8
1094	POBLACIÓ PER NACIONALITAT I PARRÒQUIA	0101010100120100	POBLACIÓ PER NACIONALITAT I PARRÒQUIA. XILENS. SANT JULIÀ DE LÒRIA	2024	9
1094	POBLACIÓ PER NACIONALITAT I PARRÒQUIA	0101010100120100	POBLACIÓ PER NACIONALITAT I PARRÒQUIA. XILENS. SANT JULIÀ DE LÒRIA	2025	10
1094	POBLACIÓ PER NACIONALITAT I PARRÒQUIA	0101010100120101	POBLACIÓ PER NACIONALITAT I PARRÒQUIA. FILIPINS. SANT JULIÀ DE LÒRIA	2010	8
1094	POBLACIÓ PER NACIONALITAT I PARRÒQUIA	0101010100120101	POBLACIÓ PER NACIONALITAT I PARRÒQUIA. FILIPINS. SANT JULIÀ DE LÒRIA	2011	8
1094	POBLACIÓ PER NACIONALITAT I PARRÒQUIA	0101010100120101	POBLACIÓ PER NACIONALITAT I PARRÒQUIA. FILIPINS. SANT JULIÀ DE LÒRIA	2012	7
1094	POBLACIÓ PER NACIONALITAT I PARRÒQUIA	0101010100120101	POBLACIÓ PER NACIONALITAT I PARRÒQUIA. FILIPINS. SANT JULIÀ DE LÒRIA	2013	8
1094	POBLACIÓ PER NACIONALITAT I PARRÒQUIA	0101010100120101	POBLACIÓ PER NACIONALITAT I PARRÒQUIA. FILIPINS. SANT JULIÀ DE LÒRIA	2014	8
1094	POBLACIÓ PER NACIONALITAT I PARRÒQUIA	0101010100120101	POBLACIÓ PER NACIONALITAT I PARRÒQUIA. FILIPINS. SANT JULIÀ DE LÒRIA	2015	6
1094	POBLACIÓ PER NACIONALITAT I PARRÒQUIA	0101010100120101	POBLACIÓ PER NACIONALITAT I PARRÒQUIA. FILIPINS. SANT JULIÀ DE LÒRIA	2016	6
1094	POBLACIÓ PER NACIONALITAT I PARRÒQUIA	0101010100120101	POBLACIÓ PER NACIONALITAT I PARRÒQUIA. FILIPINS. SANT JULIÀ DE LÒRIA	2017	7
1094	POBLACIÓ PER NACIONALITAT I PARRÒQUIA	0101010100120101	POBLACIÓ PER NACIONALITAT I PARRÒQUIA. FILIPINS. SANT JULIÀ DE LÒRIA	2018	9
1094	POBLACIÓ PER NACIONALITAT I PARRÒQUIA	0101010100120101	POBLACIÓ PER NACIONALITAT I PARRÒQUIA. FILIPINS. SANT JULIÀ DE LÒRIA	2019	8
1094	POBLACIÓ PER NACIONALITAT I PARRÒQUIA	0101010100120101	POBLACIÓ PER NACIONALITAT I PARRÒQUIA. FILIPINS. SANT JULIÀ DE LÒRIA	2020	9
1094	POBLACIÓ PER NACIONALITAT I PARRÒQUIA	0101010100120101	POBLACIÓ PER NACIONALITAT I PARRÒQUIA. FILIPINS. SANT JULIÀ DE LÒRIA	2021	7
1094	POBLACIÓ PER NACIONALITAT I PARRÒQUIA	0101010100120101	POBLACIÓ PER NACIONALITAT I PARRÒQUIA. FILIPINS. SANT JULIÀ DE LÒRIA	2022	11
1094	POBLACIÓ PER NACIONALITAT I PARRÒQUIA	0101010100120101	POBLACIÓ PER NACIONALITAT I PARRÒQUIA. FILIPINS. SANT JULIÀ DE LÒRIA	2023	12
1094	POBLACIÓ PER NACIONALITAT I PARRÒQUIA	0101010100120101	POBLACIÓ PER NACIONALITAT I PARRÒQUIA. FILIPINS. SANT JULIÀ DE LÒRIA	2024	14
1094	POBLACIÓ PER NACIONALITAT I PARRÒQUIA	0101010100120101	POBLACIÓ PER NACIONALITAT I PARRÒQUIA. FILIPINS. SANT JULIÀ DE LÒRIA	2025	14
1094	POBLACIÓ PER NACIONALITAT I PARRÒQUIA	0101010100120102	POBLACIÓ PER NACIONALITAT I PARRÒQUIA. ALTRES NACIONALITATS. SANT JULIÀ DE LÒRIA	2010	187
1094	POBLACIÓ PER NACIONALITAT I PARRÒQUIA	0101010100120102	POBLACIÓ PER NACIONALITAT I PARRÒQUIA. ALTRES NACIONALITATS. SANT JULIÀ DE LÒRIA	2011	166
1094	POBLACIÓ PER NACIONALITAT I PARRÒQUIA	0101010100120102	POBLACIÓ PER NACIONALITAT I PARRÒQUIA. ALTRES NACIONALITATS. SANT JULIÀ DE LÒRIA	2012	203
1094	POBLACIÓ PER NACIONALITAT I PARRÒQUIA	0101010100120102	POBLACIÓ PER NACIONALITAT I PARRÒQUIA. ALTRES NACIONALITATS. SANT JULIÀ DE LÒRIA	2013	137
1094	POBLACIÓ PER NACIONALITAT I PARRÒQUIA	0101010100120102	POBLACIÓ PER NACIONALITAT I PARRÒQUIA. ALTRES NACIONALITATS. SANT JULIÀ DE LÒRIA	2014	159
1094	POBLACIÓ PER NACIONALITAT I PARRÒQUIA	0101010100120102	POBLACIÓ PER NACIONALITAT I PARRÒQUIA. ALTRES NACIONALITATS. SANT JULIÀ DE LÒRIA	2015	150
1094	POBLACIÓ PER NACIONALITAT I PARRÒQUIA	0101010100120102	POBLACIÓ PER NACIONALITAT I PARRÒQUIA. ALTRES NACIONALITATS. SANT JULIÀ DE LÒRIA	2016	157
1094	POBLACIÓ PER NACIONALITAT I PARRÒQUIA	0101010100120102	POBLACIÓ PER NACIONALITAT I PARRÒQUIA. ALTRES NACIONALITATS. SANT JULIÀ DE LÒRIA	2017	206
1094	POBLACIÓ PER NACIONALITAT I PARRÒQUIA	0101010100120102	POBLACIÓ PER NACIONALITAT I PARRÒQUIA. ALTRES NACIONALITATS. SANT JULIÀ DE LÒRIA	2018	225
1094	POBLACIÓ PER NACIONALITAT I PARRÒQUIA	0101010100120102	POBLACIÓ PER NACIONALITAT I PARRÒQUIA. ALTRES NACIONALITATS. SANT JULIÀ DE LÒRIA	2019	260
1094	POBLACIÓ PER NACIONALITAT I PARRÒQUIA	0101010100120102	POBLACIÓ PER NACIONALITAT I PARRÒQUIA. ALTRES NACIONALITATS. SANT JULIÀ DE LÒRIA	2020	264
1094	POBLACIÓ PER NACIONALITAT I PARRÒQUIA	0101010100120102	POBLACIÓ PER NACIONALITAT I PARRÒQUIA. ALTRES NACIONALITATS. SANT JULIÀ DE LÒRIA	2021	290
1094	POBLACIÓ PER NACIONALITAT I PARRÒQUIA	0101010100120102	POBLACIÓ PER NACIONALITAT I PARRÒQUIA. ALTRES NACIONALITATS. SANT JULIÀ DE LÒRIA	2022	334
1094	POBLACIÓ PER NACIONALITAT I PARRÒQUIA	0101010100120102	POBLACIÓ PER NACIONALITAT I PARRÒQUIA. ALTRES NACIONALITATS. SANT JULIÀ DE LÒRIA	2023	395
1094	POBLACIÓ PER NACIONALITAT I PARRÒQUIA	0101010100120102	POBLACIÓ PER NACIONALITAT I PARRÒQUIA. ALTRES NACIONALITATS. SANT JULIÀ DE LÒRIA	2024	457
1094	POBLACIÓ PER NACIONALITAT I PARRÒQUIA	0101010100120102	POBLACIÓ PER NACIONALITAT I PARRÒQUIA. ALTRES NACIONALITATS. SANT JULIÀ DE LÒRIA	2025	563
1094	POBLACIÓ PER NACIONALITAT I PARRÒQUIA	0101010100120103	POBLACIÓ PER NACIONALITAT I PARRÒQUIA. ANDORRANS. ESCALDES-ENGORDANY	2010	6689
1094	POBLACIÓ PER NACIONALITAT I PARRÒQUIA	0101010100120103	POBLACIÓ PER NACIONALITAT I PARRÒQUIA. ANDORRANS. ESCALDES-ENGORDANY	2011	6806
1094	POBLACIÓ PER NACIONALITAT I PARRÒQUIA	0101010100120103	POBLACIÓ PER NACIONALITAT I PARRÒQUIA. ANDORRANS. ESCALDES-ENGORDANY	2012	6758
1094	POBLACIÓ PER NACIONALITAT I PARRÒQUIA	0101010100120103	POBLACIÓ PER NACIONALITAT I PARRÒQUIA. ANDORRANS. ESCALDES-ENGORDANY	2013	6863
1094	POBLACIÓ PER NACIONALITAT I PARRÒQUIA	0101010100120103	POBLACIÓ PER NACIONALITAT I PARRÒQUIA. ANDORRANS. ESCALDES-ENGORDANY	2014	6925
1094	POBLACIÓ PER NACIONALITAT I PARRÒQUIA	0101010100120103	POBLACIÓ PER NACIONALITAT I PARRÒQUIA. ANDORRANS. ESCALDES-ENGORDANY	2015	7092
1094	POBLACIÓ PER NACIONALITAT I PARRÒQUIA	0101010100120103	POBLACIÓ PER NACIONALITAT I PARRÒQUIA. ANDORRANS. ESCALDES-ENGORDANY	2016	7140
1094	POBLACIÓ PER NACIONALITAT I PARRÒQUIA	0101010100120103	POBLACIÓ PER NACIONALITAT I PARRÒQUIA. ANDORRANS. ESCALDES-ENGORDANY	2017	7144
1094	POBLACIÓ PER NACIONALITAT I PARRÒQUIA	0101010100120103	POBLACIÓ PER NACIONALITAT I PARRÒQUIA. ANDORRANS. ESCALDES-ENGORDANY	2018	7213
1094	POBLACIÓ PER NACIONALITAT I PARRÒQUIA	0101010100120103	POBLACIÓ PER NACIONALITAT I PARRÒQUIA. ANDORRANS. ESCALDES-ENGORDANY	2019	7277
1094	POBLACIÓ PER NACIONALITAT I PARRÒQUIA	0101010100120103	POBLACIÓ PER NACIONALITAT I PARRÒQUIA. ANDORRANS. ESCALDES-ENGORDANY	2020	7222
1094	POBLACIÓ PER NACIONALITAT I PARRÒQUIA	0101010100120103	POBLACIÓ PER NACIONALITAT I PARRÒQUIA. ANDORRANS. ESCALDES-ENGORDANY	2021	7234
1094	POBLACIÓ PER NACIONALITAT I PARRÒQUIA	0101010100120103	POBLACIÓ PER NACIONALITAT I PARRÒQUIA. ANDORRANS. ESCALDES-ENGORDANY	2022	7288
1094	POBLACIÓ PER NACIONALITAT I PARRÒQUIA	0101010100120103	POBLACIÓ PER NACIONALITAT I PARRÒQUIA. ANDORRANS. ESCALDES-ENGORDANY	2023	7247
1094	POBLACIÓ PER NACIONALITAT I PARRÒQUIA	0101010100120103	POBLACIÓ PER NACIONALITAT I PARRÒQUIA. ANDORRANS. ESCALDES-ENGORDANY	2024	7303
1094	POBLACIÓ PER NACIONALITAT I PARRÒQUIA	0101010100120103	POBLACIÓ PER NACIONALITAT I PARRÒQUIA. ANDORRANS. ESCALDES-ENGORDANY	2025	7378
1094	POBLACIÓ PER NACIONALITAT I PARRÒQUIA	0101010100120104	POBLACIÓ PER NACIONALITAT I PARRÒQUIA. ESPANYOLS. ESCALDES-ENGORDANY	2010	3579
1094	POBLACIÓ PER NACIONALITAT I PARRÒQUIA	0101010100120104	POBLACIÓ PER NACIONALITAT I PARRÒQUIA. ESPANYOLS. ESCALDES-ENGORDANY	2011	3559
1094	POBLACIÓ PER NACIONALITAT I PARRÒQUIA	0101010100120104	POBLACIÓ PER NACIONALITAT I PARRÒQUIA. ESPANYOLS. ESCALDES-ENGORDANY	2012	3586
1094	POBLACIÓ PER NACIONALITAT I PARRÒQUIA	0101010100120104	POBLACIÓ PER NACIONALITAT I PARRÒQUIA. ESPANYOLS. ESCALDES-ENGORDANY	2013	3621
1094	POBLACIÓ PER NACIONALITAT I PARRÒQUIA	0101010100120104	POBLACIÓ PER NACIONALITAT I PARRÒQUIA. ESPANYOLS. ESCALDES-ENGORDANY	2014	3653
1094	POBLACIÓ PER NACIONALITAT I PARRÒQUIA	0101010100120104	POBLACIÓ PER NACIONALITAT I PARRÒQUIA. ESPANYOLS. ESCALDES-ENGORDANY	2015	3739
1094	POBLACIÓ PER NACIONALITAT I PARRÒQUIA	0101010100120104	POBLACIÓ PER NACIONALITAT I PARRÒQUIA. ESPANYOLS. ESCALDES-ENGORDANY	2016	3774
1094	POBLACIÓ PER NACIONALITAT I PARRÒQUIA	0101010100120104	POBLACIÓ PER NACIONALITAT I PARRÒQUIA. ESPANYOLS. ESCALDES-ENGORDANY	2017	3787
1094	POBLACIÓ PER NACIONALITAT I PARRÒQUIA	0101010100120104	POBLACIÓ PER NACIONALITAT I PARRÒQUIA. ESPANYOLS. ESCALDES-ENGORDANY	2018	3806
1094	POBLACIÓ PER NACIONALITAT I PARRÒQUIA	0101010100120104	POBLACIÓ PER NACIONALITAT I PARRÒQUIA. ESPANYOLS. ESCALDES-ENGORDANY	2019	3866
1094	POBLACIÓ PER NACIONALITAT I PARRÒQUIA	0101010100120104	POBLACIÓ PER NACIONALITAT I PARRÒQUIA. ESPANYOLS. ESCALDES-ENGORDANY	2020	3881
1094	POBLACIÓ PER NACIONALITAT I PARRÒQUIA	0101010100120104	POBLACIÓ PER NACIONALITAT I PARRÒQUIA. ESPANYOLS. ESCALDES-ENGORDANY	2021	3949
1094	POBLACIÓ PER NACIONALITAT I PARRÒQUIA	0101010100120104	POBLACIÓ PER NACIONALITAT I PARRÒQUIA. ESPANYOLS. ESCALDES-ENGORDANY	2022	3956
1094	POBLACIÓ PER NACIONALITAT I PARRÒQUIA	0101010100120104	POBLACIÓ PER NACIONALITAT I PARRÒQUIA. ESPANYOLS. ESCALDES-ENGORDANY	2023	4029
1094	POBLACIÓ PER NACIONALITAT I PARRÒQUIA	0101010100120104	POBLACIÓ PER NACIONALITAT I PARRÒQUIA. ESPANYOLS. ESCALDES-ENGORDANY	2024	4072
1094	POBLACIÓ PER NACIONALITAT I PARRÒQUIA	0101010100120104	POBLACIÓ PER NACIONALITAT I PARRÒQUIA. ESPANYOLS. ESCALDES-ENGORDANY	2025	4143
1094	POBLACIÓ PER NACIONALITAT I PARRÒQUIA	0101010100120105	POBLACIÓ PER NACIONALITAT I PARRÒQUIA. FRANCESOS. ESCALDES-ENGORDANY	2010	326
1094	POBLACIÓ PER NACIONALITAT I PARRÒQUIA	0101010100120105	POBLACIÓ PER NACIONALITAT I PARRÒQUIA. FRANCESOS. ESCALDES-ENGORDANY	2011	303
1094	POBLACIÓ PER NACIONALITAT I PARRÒQUIA	0101010100120105	POBLACIÓ PER NACIONALITAT I PARRÒQUIA. FRANCESOS. ESCALDES-ENGORDANY	2012	303
1094	POBLACIÓ PER NACIONALITAT I PARRÒQUIA	0101010100120105	POBLACIÓ PER NACIONALITAT I PARRÒQUIA. FRANCESOS. ESCALDES-ENGORDANY	2013	298
1094	POBLACIÓ PER NACIONALITAT I PARRÒQUIA	0101010100120105	POBLACIÓ PER NACIONALITAT I PARRÒQUIA. FRANCESOS. ESCALDES-ENGORDANY	2014	316
1094	POBLACIÓ PER NACIONALITAT I PARRÒQUIA	0101010100120105	POBLACIÓ PER NACIONALITAT I PARRÒQUIA. FRANCESOS. ESCALDES-ENGORDANY	2015	330
1094	POBLACIÓ PER NACIONALITAT I PARRÒQUIA	0101010100120105	POBLACIÓ PER NACIONALITAT I PARRÒQUIA. FRANCESOS. ESCALDES-ENGORDANY	2016	355
1094	POBLACIÓ PER NACIONALITAT I PARRÒQUIA	0101010100120105	POBLACIÓ PER NACIONALITAT I PARRÒQUIA. FRANCESOS. ESCALDES-ENGORDANY	2017	409
1094	POBLACIÓ PER NACIONALITAT I PARRÒQUIA	0101010100120105	POBLACIÓ PER NACIONALITAT I PARRÒQUIA. FRANCESOS. ESCALDES-ENGORDANY	2018	412
1094	POBLACIÓ PER NACIONALITAT I PARRÒQUIA	0101010100120105	POBLACIÓ PER NACIONALITAT I PARRÒQUIA. FRANCESOS. ESCALDES-ENGORDANY	2019	416
1094	POBLACIÓ PER NACIONALITAT I PARRÒQUIA	0101010100120105	POBLACIÓ PER NACIONALITAT I PARRÒQUIA. FRANCESOS. ESCALDES-ENGORDANY	2020	411
1094	POBLACIÓ PER NACIONALITAT I PARRÒQUIA	0101010100120105	POBLACIÓ PER NACIONALITAT I PARRÒQUIA. FRANCESOS. ESCALDES-ENGORDANY	2021	429
1094	POBLACIÓ PER NACIONALITAT I PARRÒQUIA	0101010100120105	POBLACIÓ PER NACIONALITAT I PARRÒQUIA. FRANCESOS. ESCALDES-ENGORDANY	2022	453
1094	POBLACIÓ PER NACIONALITAT I PARRÒQUIA	0101010100120105	POBLACIÓ PER NACIONALITAT I PARRÒQUIA. FRANCESOS. ESCALDES-ENGORDANY	2023	482
1094	POBLACIÓ PER NACIONALITAT I PARRÒQUIA	0101010100120105	POBLACIÓ PER NACIONALITAT I PARRÒQUIA. FRANCESOS. ESCALDES-ENGORDANY	2024	505
1094	POBLACIÓ PER NACIONALITAT I PARRÒQUIA	0101010100120105	POBLACIÓ PER NACIONALITAT I PARRÒQUIA. FRANCESOS. ESCALDES-ENGORDANY	2025	577
1094	POBLACIÓ PER NACIONALITAT I PARRÒQUIA	0101010100120106	POBLACIÓ PER NACIONALITAT I PARRÒQUIA. ALEMANYS. ESCALDES-ENGORDANY	2010	23
1094	POBLACIÓ PER NACIONALITAT I PARRÒQUIA	0101010100120106	POBLACIÓ PER NACIONALITAT I PARRÒQUIA. ALEMANYS. ESCALDES-ENGORDANY	2011	23
1094	POBLACIÓ PER NACIONALITAT I PARRÒQUIA	0101010100120106	POBLACIÓ PER NACIONALITAT I PARRÒQUIA. ALEMANYS. ESCALDES-ENGORDANY	2012	25
1094	POBLACIÓ PER NACIONALITAT I PARRÒQUIA	0101010100120106	POBLACIÓ PER NACIONALITAT I PARRÒQUIA. ALEMANYS. ESCALDES-ENGORDANY	2013	23
1094	POBLACIÓ PER NACIONALITAT I PARRÒQUIA	0101010100120106	POBLACIÓ PER NACIONALITAT I PARRÒQUIA. ALEMANYS. ESCALDES-ENGORDANY	2014	30
1094	POBLACIÓ PER NACIONALITAT I PARRÒQUIA	0101010100120106	POBLACIÓ PER NACIONALITAT I PARRÒQUIA. ALEMANYS. ESCALDES-ENGORDANY	2015	34
1094	POBLACIÓ PER NACIONALITAT I PARRÒQUIA	0101010100120106	POBLACIÓ PER NACIONALITAT I PARRÒQUIA. ALEMANYS. ESCALDES-ENGORDANY	2016	29
1094	POBLACIÓ PER NACIONALITAT I PARRÒQUIA	0101010100120106	POBLACIÓ PER NACIONALITAT I PARRÒQUIA. ALEMANYS. ESCALDES-ENGORDANY	2017	28
1094	POBLACIÓ PER NACIONALITAT I PARRÒQUIA	0101010100120106	POBLACIÓ PER NACIONALITAT I PARRÒQUIA. ALEMANYS. ESCALDES-ENGORDANY	2018	32
1094	POBLACIÓ PER NACIONALITAT I PARRÒQUIA	0101010100120106	POBLACIÓ PER NACIONALITAT I PARRÒQUIA. ALEMANYS. ESCALDES-ENGORDANY	2019	33
1094	POBLACIÓ PER NACIONALITAT I PARRÒQUIA	0101010100120106	POBLACIÓ PER NACIONALITAT I PARRÒQUIA. ALEMANYS. ESCALDES-ENGORDANY	2020	31
1094	POBLACIÓ PER NACIONALITAT I PARRÒQUIA	0101010100120106	POBLACIÓ PER NACIONALITAT I PARRÒQUIA. ALEMANYS. ESCALDES-ENGORDANY	2021	32
1094	POBLACIÓ PER NACIONALITAT I PARRÒQUIA	0101010100120106	POBLACIÓ PER NACIONALITAT I PARRÒQUIA. ALEMANYS. ESCALDES-ENGORDANY	2022	32
1094	POBLACIÓ PER NACIONALITAT I PARRÒQUIA	0101010100120106	POBLACIÓ PER NACIONALITAT I PARRÒQUIA. ALEMANYS. ESCALDES-ENGORDANY	2023	38
1094	POBLACIÓ PER NACIONALITAT I PARRÒQUIA	0101010100120106	POBLACIÓ PER NACIONALITAT I PARRÒQUIA. ALEMANYS. ESCALDES-ENGORDANY	2024	44
1094	POBLACIÓ PER NACIONALITAT I PARRÒQUIA	0101010100120106	POBLACIÓ PER NACIONALITAT I PARRÒQUIA. ALEMANYS. ESCALDES-ENGORDANY	2025	43
1094	POBLACIÓ PER NACIONALITAT I PARRÒQUIA	0101010100120107	POBLACIÓ PER NACIONALITAT I PARRÒQUIA. ARGENTINS. ESCALDES-ENGORDANY	2010	106
1094	POBLACIÓ PER NACIONALITAT I PARRÒQUIA	0101010100120107	POBLACIÓ PER NACIONALITAT I PARRÒQUIA. ARGENTINS. ESCALDES-ENGORDANY	2011	106
1094	POBLACIÓ PER NACIONALITAT I PARRÒQUIA	0101010100120107	POBLACIÓ PER NACIONALITAT I PARRÒQUIA. ARGENTINS. ESCALDES-ENGORDANY	2012	93
1094	POBLACIÓ PER NACIONALITAT I PARRÒQUIA	0101010100120107	POBLACIÓ PER NACIONALITAT I PARRÒQUIA. ARGENTINS. ESCALDES-ENGORDANY	2013	96
1094	POBLACIÓ PER NACIONALITAT I PARRÒQUIA	0101010100120107	POBLACIÓ PER NACIONALITAT I PARRÒQUIA. ARGENTINS. ESCALDES-ENGORDANY	2014	85
1094	POBLACIÓ PER NACIONALITAT I PARRÒQUIA	0101010100120107	POBLACIÓ PER NACIONALITAT I PARRÒQUIA. ARGENTINS. ESCALDES-ENGORDANY	2015	95
1094	POBLACIÓ PER NACIONALITAT I PARRÒQUIA	0101010100120107	POBLACIÓ PER NACIONALITAT I PARRÒQUIA. ARGENTINS. ESCALDES-ENGORDANY	2016	99
1094	POBLACIÓ PER NACIONALITAT I PARRÒQUIA	0101010100120107	POBLACIÓ PER NACIONALITAT I PARRÒQUIA. ARGENTINS. ESCALDES-ENGORDANY	2017	116
1094	POBLACIÓ PER NACIONALITAT I PARRÒQUIA	0101010100120107	POBLACIÓ PER NACIONALITAT I PARRÒQUIA. ARGENTINS. ESCALDES-ENGORDANY	2018	125
1094	POBLACIÓ PER NACIONALITAT I PARRÒQUIA	0101010100120107	POBLACIÓ PER NACIONALITAT I PARRÒQUIA. ARGENTINS. ESCALDES-ENGORDANY	2019	150
1094	POBLACIÓ PER NACIONALITAT I PARRÒQUIA	0101010100120107	POBLACIÓ PER NACIONALITAT I PARRÒQUIA. ARGENTINS. ESCALDES-ENGORDANY	2020	158
1094	POBLACIÓ PER NACIONALITAT I PARRÒQUIA	0101010100120107	POBLACIÓ PER NACIONALITAT I PARRÒQUIA. ARGENTINS. ESCALDES-ENGORDANY	2021	177
1094	POBLACIÓ PER NACIONALITAT I PARRÒQUIA	0101010100120107	POBLACIÓ PER NACIONALITAT I PARRÒQUIA. ARGENTINS. ESCALDES-ENGORDANY	2022	232
1094	POBLACIÓ PER NACIONALITAT I PARRÒQUIA	0101010100120107	POBLACIÓ PER NACIONALITAT I PARRÒQUIA. ARGENTINS. ESCALDES-ENGORDANY	2023	456
1094	POBLACIÓ PER NACIONALITAT I PARRÒQUIA	0101010100120107	POBLACIÓ PER NACIONALITAT I PARRÒQUIA. ARGENTINS. ESCALDES-ENGORDANY	2024	488
1094	POBLACIÓ PER NACIONALITAT I PARRÒQUIA	0101010100120107	POBLACIÓ PER NACIONALITAT I PARRÒQUIA. ARGENTINS. ESCALDES-ENGORDANY	2025	519
1094	POBLACIÓ PER NACIONALITAT I PARRÒQUIA	0101010100120108	POBLACIÓ PER NACIONALITAT I PARRÒQUIA. NORD-AMERICANS. ESCALDES-ENGORDANY	2010	3
1094	POBLACIÓ PER NACIONALITAT I PARRÒQUIA	0101010100120108	POBLACIÓ PER NACIONALITAT I PARRÒQUIA. NORD-AMERICANS. ESCALDES-ENGORDANY	2011	3
1094	POBLACIÓ PER NACIONALITAT I PARRÒQUIA	0101010100120108	POBLACIÓ PER NACIONALITAT I PARRÒQUIA. NORD-AMERICANS. ESCALDES-ENGORDANY	2012	2
1094	POBLACIÓ PER NACIONALITAT I PARRÒQUIA	0101010100120108	POBLACIÓ PER NACIONALITAT I PARRÒQUIA. NORD-AMERICANS. ESCALDES-ENGORDANY	2013	3
1094	POBLACIÓ PER NACIONALITAT I PARRÒQUIA	0101010100120108	POBLACIÓ PER NACIONALITAT I PARRÒQUIA. NORD-AMERICANS. ESCALDES-ENGORDANY	2014	5
1094	POBLACIÓ PER NACIONALITAT I PARRÒQUIA	0101010100120108	POBLACIÓ PER NACIONALITAT I PARRÒQUIA. NORD-AMERICANS. ESCALDES-ENGORDANY	2015	5
1094	POBLACIÓ PER NACIONALITAT I PARRÒQUIA	0101010100120108	POBLACIÓ PER NACIONALITAT I PARRÒQUIA. NORD-AMERICANS. ESCALDES-ENGORDANY	2016	10
1094	POBLACIÓ PER NACIONALITAT I PARRÒQUIA	0101010100120108	POBLACIÓ PER NACIONALITAT I PARRÒQUIA. NORD-AMERICANS. ESCALDES-ENGORDANY	2017	9
1094	POBLACIÓ PER NACIONALITAT I PARRÒQUIA	0101010100120108	POBLACIÓ PER NACIONALITAT I PARRÒQUIA. NORD-AMERICANS. ESCALDES-ENGORDANY	2018	10
1094	POBLACIÓ PER NACIONALITAT I PARRÒQUIA	0101010100120108	POBLACIÓ PER NACIONALITAT I PARRÒQUIA. NORD-AMERICANS. ESCALDES-ENGORDANY	2019	9
1094	POBLACIÓ PER NACIONALITAT I PARRÒQUIA	0101010100120108	POBLACIÓ PER NACIONALITAT I PARRÒQUIA. NORD-AMERICANS. ESCALDES-ENGORDANY	2020	14
1094	POBLACIÓ PER NACIONALITAT I PARRÒQUIA	0101010100120108	POBLACIÓ PER NACIONALITAT I PARRÒQUIA. NORD-AMERICANS. ESCALDES-ENGORDANY	2021	19
1094	POBLACIÓ PER NACIONALITAT I PARRÒQUIA	0101010100120108	POBLACIÓ PER NACIONALITAT I PARRÒQUIA. NORD-AMERICANS. ESCALDES-ENGORDANY	2022	22
1094	POBLACIÓ PER NACIONALITAT I PARRÒQUIA	0101010100120108	POBLACIÓ PER NACIONALITAT I PARRÒQUIA. NORD-AMERICANS. ESCALDES-ENGORDANY	2023	28
1094	POBLACIÓ PER NACIONALITAT I PARRÒQUIA	0101010100120108	POBLACIÓ PER NACIONALITAT I PARRÒQUIA. NORD-AMERICANS. ESCALDES-ENGORDANY	2024	29
1094	POBLACIÓ PER NACIONALITAT I PARRÒQUIA	0101010100120108	POBLACIÓ PER NACIONALITAT I PARRÒQUIA. NORD-AMERICANS. ESCALDES-ENGORDANY	2025	32
1094	POBLACIÓ PER NACIONALITAT I PARRÒQUIA	0101010100120109	POBLACIÓ PER NACIONALITAT I PARRÒQUIA. BRITANICS. ESCALDES-ENGORDANY	2010	38
1094	POBLACIÓ PER NACIONALITAT I PARRÒQUIA	0101010100120109	POBLACIÓ PER NACIONALITAT I PARRÒQUIA. BRITANICS. ESCALDES-ENGORDANY	2011	41
1094	POBLACIÓ PER NACIONALITAT I PARRÒQUIA	0101010100120109	POBLACIÓ PER NACIONALITAT I PARRÒQUIA. BRITANICS. ESCALDES-ENGORDANY	2012	43
1094	POBLACIÓ PER NACIONALITAT I PARRÒQUIA	0101010100120109	POBLACIÓ PER NACIONALITAT I PARRÒQUIA. BRITANICS. ESCALDES-ENGORDANY	2013	40
1094	POBLACIÓ PER NACIONALITAT I PARRÒQUIA	0101010100120109	POBLACIÓ PER NACIONALITAT I PARRÒQUIA. BRITANICS. ESCALDES-ENGORDANY	2014	47
1094	POBLACIÓ PER NACIONALITAT I PARRÒQUIA	0101010100120109	POBLACIÓ PER NACIONALITAT I PARRÒQUIA. BRITANICS. ESCALDES-ENGORDANY	2015	37
1094	POBLACIÓ PER NACIONALITAT I PARRÒQUIA	0101010100120109	POBLACIÓ PER NACIONALITAT I PARRÒQUIA. BRITANICS. ESCALDES-ENGORDANY	2016	34
1094	POBLACIÓ PER NACIONALITAT I PARRÒQUIA	0101010100120109	POBLACIÓ PER NACIONALITAT I PARRÒQUIA. BRITANICS. ESCALDES-ENGORDANY	2017	42
1094	POBLACIÓ PER NACIONALITAT I PARRÒQUIA	0101010100120109	POBLACIÓ PER NACIONALITAT I PARRÒQUIA. BRITANICS. ESCALDES-ENGORDANY	2018	47
1094	POBLACIÓ PER NACIONALITAT I PARRÒQUIA	0101010100120109	POBLACIÓ PER NACIONALITAT I PARRÒQUIA. BRITANICS. ESCALDES-ENGORDANY	2019	50
1094	POBLACIÓ PER NACIONALITAT I PARRÒQUIA	0101010100120109	POBLACIÓ PER NACIONALITAT I PARRÒQUIA. BRITANICS. ESCALDES-ENGORDANY	2020	50
1094	POBLACIÓ PER NACIONALITAT I PARRÒQUIA	0101010100120109	POBLACIÓ PER NACIONALITAT I PARRÒQUIA. BRITANICS. ESCALDES-ENGORDANY	2021	59
1094	POBLACIÓ PER NACIONALITAT I PARRÒQUIA	0101010100120109	POBLACIÓ PER NACIONALITAT I PARRÒQUIA. BRITANICS. ESCALDES-ENGORDANY	2022	64
1094	POBLACIÓ PER NACIONALITAT I PARRÒQUIA	0101010100120109	POBLACIÓ PER NACIONALITAT I PARRÒQUIA. BRITANICS. ESCALDES-ENGORDANY	2023	74
1094	POBLACIÓ PER NACIONALITAT I PARRÒQUIA	0101010100120109	POBLACIÓ PER NACIONALITAT I PARRÒQUIA. BRITANICS. ESCALDES-ENGORDANY	2024	79
1094	POBLACIÓ PER NACIONALITAT I PARRÒQUIA	0101010100120109	POBLACIÓ PER NACIONALITAT I PARRÒQUIA. BRITANICS. ESCALDES-ENGORDANY	2025	80
1094	POBLACIÓ PER NACIONALITAT I PARRÒQUIA	0101010100120110	POBLACIÓ PER NACIONALITAT I PARRÒQUIA. BELGUES. ESCALDES-ENGORDANY	2010	15
1094	POBLACIÓ PER NACIONALITAT I PARRÒQUIA	0101010100120110	POBLACIÓ PER NACIONALITAT I PARRÒQUIA. BELGUES. ESCALDES-ENGORDANY	2011	17
1094	POBLACIÓ PER NACIONALITAT I PARRÒQUIA	0101010100120110	POBLACIÓ PER NACIONALITAT I PARRÒQUIA. BELGUES. ESCALDES-ENGORDANY	2012	17
1094	POBLACIÓ PER NACIONALITAT I PARRÒQUIA	0101010100120110	POBLACIÓ PER NACIONALITAT I PARRÒQUIA. BELGUES. ESCALDES-ENGORDANY	2013	16
1094	POBLACIÓ PER NACIONALITAT I PARRÒQUIA	0101010100120110	POBLACIÓ PER NACIONALITAT I PARRÒQUIA. BELGUES. ESCALDES-ENGORDANY	2014	15
1094	POBLACIÓ PER NACIONALITAT I PARRÒQUIA	0101010100120110	POBLACIÓ PER NACIONALITAT I PARRÒQUIA. BELGUES. ESCALDES-ENGORDANY	2015	13
1094	POBLACIÓ PER NACIONALITAT I PARRÒQUIA	0101010100120110	POBLACIÓ PER NACIONALITAT I PARRÒQUIA. BELGUES. ESCALDES-ENGORDANY	2016	17
1094	POBLACIÓ PER NACIONALITAT I PARRÒQUIA	0101010100120110	POBLACIÓ PER NACIONALITAT I PARRÒQUIA. BELGUES. ESCALDES-ENGORDANY	2017	13
1094	POBLACIÓ PER NACIONALITAT I PARRÒQUIA	0101010100120110	POBLACIÓ PER NACIONALITAT I PARRÒQUIA. BELGUES. ESCALDES-ENGORDANY	2018	14
1094	POBLACIÓ PER NACIONALITAT I PARRÒQUIA	0101010100120110	POBLACIÓ PER NACIONALITAT I PARRÒQUIA. BELGUES. ESCALDES-ENGORDANY	2019	20
1094	POBLACIÓ PER NACIONALITAT I PARRÒQUIA	0101010100120110	POBLACIÓ PER NACIONALITAT I PARRÒQUIA. BELGUES. ESCALDES-ENGORDANY	2020	20
1094	POBLACIÓ PER NACIONALITAT I PARRÒQUIA	0101010100120110	POBLACIÓ PER NACIONALITAT I PARRÒQUIA. BELGUES. ESCALDES-ENGORDANY	2021	18
1094	POBLACIÓ PER NACIONALITAT I PARRÒQUIA	0101010100120110	POBLACIÓ PER NACIONALITAT I PARRÒQUIA. BELGUES. ESCALDES-ENGORDANY	2022	21
1094	POBLACIÓ PER NACIONALITAT I PARRÒQUIA	0101010100120110	POBLACIÓ PER NACIONALITAT I PARRÒQUIA. BELGUES. ESCALDES-ENGORDANY	2023	24
1094	POBLACIÓ PER NACIONALITAT I PARRÒQUIA	0101010100120110	POBLACIÓ PER NACIONALITAT I PARRÒQUIA. BELGUES. ESCALDES-ENGORDANY	2024	25
1094	POBLACIÓ PER NACIONALITAT I PARRÒQUIA	0101010100120110	POBLACIÓ PER NACIONALITAT I PARRÒQUIA. BELGUES. ESCALDES-ENGORDANY	2025	31
1094	POBLACIÓ PER NACIONALITAT I PARRÒQUIA	0101010100120111	POBLACIÓ PER NACIONALITAT I PARRÒQUIA. HOLANDESOS. ESCALDES-ENGORDANY	2010	6
1094	POBLACIÓ PER NACIONALITAT I PARRÒQUIA	0101010100120111	POBLACIÓ PER NACIONALITAT I PARRÒQUIA. HOLANDESOS. ESCALDES-ENGORDANY	2011	5
1094	POBLACIÓ PER NACIONALITAT I PARRÒQUIA	0101010100120111	POBLACIÓ PER NACIONALITAT I PARRÒQUIA. HOLANDESOS. ESCALDES-ENGORDANY	2012	4
1094	POBLACIÓ PER NACIONALITAT I PARRÒQUIA	0101010100120111	POBLACIÓ PER NACIONALITAT I PARRÒQUIA. HOLANDESOS. ESCALDES-ENGORDANY	2013	7
1094	POBLACIÓ PER NACIONALITAT I PARRÒQUIA	0101010100120111	POBLACIÓ PER NACIONALITAT I PARRÒQUIA. HOLANDESOS. ESCALDES-ENGORDANY	2014	8
1094	POBLACIÓ PER NACIONALITAT I PARRÒQUIA	0101010100120111	POBLACIÓ PER NACIONALITAT I PARRÒQUIA. HOLANDESOS. ESCALDES-ENGORDANY	2015	9
1094	POBLACIÓ PER NACIONALITAT I PARRÒQUIA	0101010100120111	POBLACIÓ PER NACIONALITAT I PARRÒQUIA. HOLANDESOS. ESCALDES-ENGORDANY	2016	12
1094	POBLACIÓ PER NACIONALITAT I PARRÒQUIA	0101010100120111	POBLACIÓ PER NACIONALITAT I PARRÒQUIA. HOLANDESOS. ESCALDES-ENGORDANY	2017	14
1094	POBLACIÓ PER NACIONALITAT I PARRÒQUIA	0101010100120111	POBLACIÓ PER NACIONALITAT I PARRÒQUIA. HOLANDESOS. ESCALDES-ENGORDANY	2018	16
1094	POBLACIÓ PER NACIONALITAT I PARRÒQUIA	0101010100120111	POBLACIÓ PER NACIONALITAT I PARRÒQUIA. HOLANDESOS. ESCALDES-ENGORDANY	2019	19
1094	POBLACIÓ PER NACIONALITAT I PARRÒQUIA	0101010100120111	POBLACIÓ PER NACIONALITAT I PARRÒQUIA. HOLANDESOS. ESCALDES-ENGORDANY	2020	17
1094	POBLACIÓ PER NACIONALITAT I PARRÒQUIA	0101010100120111	POBLACIÓ PER NACIONALITAT I PARRÒQUIA. HOLANDESOS. ESCALDES-ENGORDANY	2021	16
1094	POBLACIÓ PER NACIONALITAT I PARRÒQUIA	0101010100120111	POBLACIÓ PER NACIONALITAT I PARRÒQUIA. HOLANDESOS. ESCALDES-ENGORDANY	2022	16
1094	POBLACIÓ PER NACIONALITAT I PARRÒQUIA	0101010100120111	POBLACIÓ PER NACIONALITAT I PARRÒQUIA. HOLANDESOS. ESCALDES-ENGORDANY	2023	21
1094	POBLACIÓ PER NACIONALITAT I PARRÒQUIA	0101010100120111	POBLACIÓ PER NACIONALITAT I PARRÒQUIA. HOLANDESOS. ESCALDES-ENGORDANY	2024	29
1094	POBLACIÓ PER NACIONALITAT I PARRÒQUIA	0101010100120111	POBLACIÓ PER NACIONALITAT I PARRÒQUIA. HOLANDESOS. ESCALDES-ENGORDANY	2025	37
1094	POBLACIÓ PER NACIONALITAT I PARRÒQUIA	0101010100120112	POBLACIÓ PER NACIONALITAT I PARRÒQUIA. INDIS. ESCALDES-ENGORDANY	2010	13
1094	POBLACIÓ PER NACIONALITAT I PARRÒQUIA	0101010100120112	POBLACIÓ PER NACIONALITAT I PARRÒQUIA. INDIS. ESCALDES-ENGORDANY	2011	11
1094	POBLACIÓ PER NACIONALITAT I PARRÒQUIA	0101010100120112	POBLACIÓ PER NACIONALITAT I PARRÒQUIA. INDIS. ESCALDES-ENGORDANY	2012	12
1094	POBLACIÓ PER NACIONALITAT I PARRÒQUIA	0101010100120112	POBLACIÓ PER NACIONALITAT I PARRÒQUIA. INDIS. ESCALDES-ENGORDANY	2013	13
1094	POBLACIÓ PER NACIONALITAT I PARRÒQUIA	0101010100120112	POBLACIÓ PER NACIONALITAT I PARRÒQUIA. INDIS. ESCALDES-ENGORDANY	2014	12
1094	POBLACIÓ PER NACIONALITAT I PARRÒQUIA	0101010100120112	POBLACIÓ PER NACIONALITAT I PARRÒQUIA. INDIS. ESCALDES-ENGORDANY	2015	14
1094	POBLACIÓ PER NACIONALITAT I PARRÒQUIA	0101010100120112	POBLACIÓ PER NACIONALITAT I PARRÒQUIA. INDIS. ESCALDES-ENGORDANY	2016	12
1094	POBLACIÓ PER NACIONALITAT I PARRÒQUIA	0101010100120112	POBLACIÓ PER NACIONALITAT I PARRÒQUIA. INDIS. ESCALDES-ENGORDANY	2017	15
1094	POBLACIÓ PER NACIONALITAT I PARRÒQUIA	0101010100120112	POBLACIÓ PER NACIONALITAT I PARRÒQUIA. INDIS. ESCALDES-ENGORDANY	2018	15
1094	POBLACIÓ PER NACIONALITAT I PARRÒQUIA	0101010100120112	POBLACIÓ PER NACIONALITAT I PARRÒQUIA. INDIS. ESCALDES-ENGORDANY	2019	14
1094	POBLACIÓ PER NACIONALITAT I PARRÒQUIA	0101010100120112	POBLACIÓ PER NACIONALITAT I PARRÒQUIA. INDIS. ESCALDES-ENGORDANY	2020	11
1094	POBLACIÓ PER NACIONALITAT I PARRÒQUIA	0101010100120112	POBLACIÓ PER NACIONALITAT I PARRÒQUIA. INDIS. ESCALDES-ENGORDANY	2021	10
1094	POBLACIÓ PER NACIONALITAT I PARRÒQUIA	0101010100120112	POBLACIÓ PER NACIONALITAT I PARRÒQUIA. INDIS. ESCALDES-ENGORDANY	2022	10
1094	POBLACIÓ PER NACIONALITAT I PARRÒQUIA	0101010100120112	POBLACIÓ PER NACIONALITAT I PARRÒQUIA. INDIS. ESCALDES-ENGORDANY	2023	15
1094	POBLACIÓ PER NACIONALITAT I PARRÒQUIA	0101010100120112	POBLACIÓ PER NACIONALITAT I PARRÒQUIA. INDIS. ESCALDES-ENGORDANY	2024	12
1094	POBLACIÓ PER NACIONALITAT I PARRÒQUIA	0101010100120112	POBLACIÓ PER NACIONALITAT I PARRÒQUIA. INDIS. ESCALDES-ENGORDANY	2025	12
1094	POBLACIÓ PER NACIONALITAT I PARRÒQUIA	0101010100120113	POBLACIÓ PER NACIONALITAT I PARRÒQUIA. ITALIANS. ESCALDES-ENGORDANY	2010	81
1094	POBLACIÓ PER NACIONALITAT I PARRÒQUIA	0101010100120113	POBLACIÓ PER NACIONALITAT I PARRÒQUIA. ITALIANS. ESCALDES-ENGORDANY	2011	77
1094	POBLACIÓ PER NACIONALITAT I PARRÒQUIA	0101010100120113	POBLACIÓ PER NACIONALITAT I PARRÒQUIA. ITALIANS. ESCALDES-ENGORDANY	2012	68
1094	POBLACIÓ PER NACIONALITAT I PARRÒQUIA	0101010100120113	POBLACIÓ PER NACIONALITAT I PARRÒQUIA. ITALIANS. ESCALDES-ENGORDANY	2013	69
1094	POBLACIÓ PER NACIONALITAT I PARRÒQUIA	0101010100120113	POBLACIÓ PER NACIONALITAT I PARRÒQUIA. ITALIANS. ESCALDES-ENGORDANY	2014	73
1094	POBLACIÓ PER NACIONALITAT I PARRÒQUIA	0101010100120113	POBLACIÓ PER NACIONALITAT I PARRÒQUIA. ITALIANS. ESCALDES-ENGORDANY	2015	78
1094	POBLACIÓ PER NACIONALITAT I PARRÒQUIA	0101010100120113	POBLACIÓ PER NACIONALITAT I PARRÒQUIA. ITALIANS. ESCALDES-ENGORDANY	2016	81
1094	POBLACIÓ PER NACIONALITAT I PARRÒQUIA	0101010100120113	POBLACIÓ PER NACIONALITAT I PARRÒQUIA. ITALIANS. ESCALDES-ENGORDANY	2017	85
1094	POBLACIÓ PER NACIONALITAT I PARRÒQUIA	0101010100120113	POBLACIÓ PER NACIONALITAT I PARRÒQUIA. ITALIANS. ESCALDES-ENGORDANY	2018	96
1094	POBLACIÓ PER NACIONALITAT I PARRÒQUIA	0101010100120113	POBLACIÓ PER NACIONALITAT I PARRÒQUIA. ITALIANS. ESCALDES-ENGORDANY	2019	111
1094	POBLACIÓ PER NACIONALITAT I PARRÒQUIA	0101010100120113	POBLACIÓ PER NACIONALITAT I PARRÒQUIA. ITALIANS. ESCALDES-ENGORDANY	2020	104
1094	POBLACIÓ PER NACIONALITAT I PARRÒQUIA	0101010100120113	POBLACIÓ PER NACIONALITAT I PARRÒQUIA. ITALIANS. ESCALDES-ENGORDANY	2021	110
1094	POBLACIÓ PER NACIONALITAT I PARRÒQUIA	0101010100120113	POBLACIÓ PER NACIONALITAT I PARRÒQUIA. ITALIANS. ESCALDES-ENGORDANY	2022	118
1094	POBLACIÓ PER NACIONALITAT I PARRÒQUIA	0101010100120113	POBLACIÓ PER NACIONALITAT I PARRÒQUIA. ITALIANS. ESCALDES-ENGORDANY	2023	132
1094	POBLACIÓ PER NACIONALITAT I PARRÒQUIA	0101010100120113	POBLACIÓ PER NACIONALITAT I PARRÒQUIA. ITALIANS. ESCALDES-ENGORDANY	2024	142
1094	POBLACIÓ PER NACIONALITAT I PARRÒQUIA	0101010100120113	POBLACIÓ PER NACIONALITAT I PARRÒQUIA. ITALIANS. ESCALDES-ENGORDANY	2025	147
1094	POBLACIÓ PER NACIONALITAT I PARRÒQUIA	0101010100120114	POBLACIÓ PER NACIONALITAT I PARRÒQUIA. MARROQUINS. ESCALDES-ENGORDANY	2010	70
1094	POBLACIÓ PER NACIONALITAT I PARRÒQUIA	0101010100120114	POBLACIÓ PER NACIONALITAT I PARRÒQUIA. MARROQUINS. ESCALDES-ENGORDANY	2011	67
1094	POBLACIÓ PER NACIONALITAT I PARRÒQUIA	0101010100120114	POBLACIÓ PER NACIONALITAT I PARRÒQUIA. MARROQUINS. ESCALDES-ENGORDANY	2012	61
1094	POBLACIÓ PER NACIONALITAT I PARRÒQUIA	0101010100120114	POBLACIÓ PER NACIONALITAT I PARRÒQUIA. MARROQUINS. ESCALDES-ENGORDANY	2013	62
1094	POBLACIÓ PER NACIONALITAT I PARRÒQUIA	0101010100120114	POBLACIÓ PER NACIONALITAT I PARRÒQUIA. MARROQUINS. ESCALDES-ENGORDANY	2014	60
1094	POBLACIÓ PER NACIONALITAT I PARRÒQUIA	0101010100120114	POBLACIÓ PER NACIONALITAT I PARRÒQUIA. MARROQUINS. ESCALDES-ENGORDANY	2015	51
1094	POBLACIÓ PER NACIONALITAT I PARRÒQUIA	0101010100120114	POBLACIÓ PER NACIONALITAT I PARRÒQUIA. MARROQUINS. ESCALDES-ENGORDANY	2016	53
1094	POBLACIÓ PER NACIONALITAT I PARRÒQUIA	0101010100120114	POBLACIÓ PER NACIONALITAT I PARRÒQUIA. MARROQUINS. ESCALDES-ENGORDANY	2017	1
1094	POBLACIÓ PER NACIONALITAT I PARRÒQUIA	0101010100120114	POBLACIÓ PER NACIONALITAT I PARRÒQUIA. MARROQUINS. ESCALDES-ENGORDANY	2018	57
1094	POBLACIÓ PER NACIONALITAT I PARRÒQUIA	0101010100120114	POBLACIÓ PER NACIONALITAT I PARRÒQUIA. MARROQUINS. ESCALDES-ENGORDANY	2019	62
1094	POBLACIÓ PER NACIONALITAT I PARRÒQUIA	0101010100120114	POBLACIÓ PER NACIONALITAT I PARRÒQUIA. MARROQUINS. ESCALDES-ENGORDANY	2020	70
1094	POBLACIÓ PER NACIONALITAT I PARRÒQUIA	0101010100120114	POBLACIÓ PER NACIONALITAT I PARRÒQUIA. MARROQUINS. ESCALDES-ENGORDANY	2021	69
1094	POBLACIÓ PER NACIONALITAT I PARRÒQUIA	0101010100120114	POBLACIÓ PER NACIONALITAT I PARRÒQUIA. MARROQUINS. ESCALDES-ENGORDANY	2022	71
1094	POBLACIÓ PER NACIONALITAT I PARRÒQUIA	0101010100120114	POBLACIÓ PER NACIONALITAT I PARRÒQUIA. MARROQUINS. ESCALDES-ENGORDANY	2023	62
1094	POBLACIÓ PER NACIONALITAT I PARRÒQUIA	0101010100120114	POBLACIÓ PER NACIONALITAT I PARRÒQUIA. MARROQUINS. ESCALDES-ENGORDANY	2024	55
1094	POBLACIÓ PER NACIONALITAT I PARRÒQUIA	0101010100120114	POBLACIÓ PER NACIONALITAT I PARRÒQUIA. MARROQUINS. ESCALDES-ENGORDANY	2025	54
1094	POBLACIÓ PER NACIONALITAT I PARRÒQUIA	0101010100120115	POBLACIÓ PER NACIONALITAT I PARRÒQUIA. PORTUGUESOS. ESCALDES-ENGORDANY	2010	2035
1094	POBLACIÓ PER NACIONALITAT I PARRÒQUIA	0101010100120115	POBLACIÓ PER NACIONALITAT I PARRÒQUIA. PORTUGUESOS. ESCALDES-ENGORDANY	2011	1971
1094	POBLACIÓ PER NACIONALITAT I PARRÒQUIA	0101010100120115	POBLACIÓ PER NACIONALITAT I PARRÒQUIA. PORTUGUESOS. ESCALDES-ENGORDANY	2012	1856
1094	POBLACIÓ PER NACIONALITAT I PARRÒQUIA	0101010100120115	POBLACIÓ PER NACIONALITAT I PARRÒQUIA. PORTUGUESOS. ESCALDES-ENGORDANY	2013	1803
1094	POBLACIÓ PER NACIONALITAT I PARRÒQUIA	0101010100120115	POBLACIÓ PER NACIONALITAT I PARRÒQUIA. PORTUGUESOS. ESCALDES-ENGORDANY	2014	1760
1094	POBLACIÓ PER NACIONALITAT I PARRÒQUIA	0101010100120115	POBLACIÓ PER NACIONALITAT I PARRÒQUIA. PORTUGUESOS. ESCALDES-ENGORDANY	2015	1711
1094	POBLACIÓ PER NACIONALITAT I PARRÒQUIA	0101010100120115	POBLACIÓ PER NACIONALITAT I PARRÒQUIA. PORTUGUESOS. ESCALDES-ENGORDANY	2016	1687
1094	POBLACIÓ PER NACIONALITAT I PARRÒQUIA	0101010100120115	POBLACIÓ PER NACIONALITAT I PARRÒQUIA. PORTUGUESOS. ESCALDES-ENGORDANY	2017	1680
1094	POBLACIÓ PER NACIONALITAT I PARRÒQUIA	0101010100120115	POBLACIÓ PER NACIONALITAT I PARRÒQUIA. PORTUGUESOS. ESCALDES-ENGORDANY	2018	1670
1094	POBLACIÓ PER NACIONALITAT I PARRÒQUIA	0101010100120115	POBLACIÓ PER NACIONALITAT I PARRÒQUIA. PORTUGUESOS. ESCALDES-ENGORDANY	2019	1605
1094	POBLACIÓ PER NACIONALITAT I PARRÒQUIA	0101010100120115	POBLACIÓ PER NACIONALITAT I PARRÒQUIA. PORTUGUESOS. ESCALDES-ENGORDANY	2020	1593
1094	POBLACIÓ PER NACIONALITAT I PARRÒQUIA	0101010100120115	POBLACIÓ PER NACIONALITAT I PARRÒQUIA. PORTUGUESOS. ESCALDES-ENGORDANY	2021	1538
1094	POBLACIÓ PER NACIONALITAT I PARRÒQUIA	0101010100120115	POBLACIÓ PER NACIONALITAT I PARRÒQUIA. PORTUGUESOS. ESCALDES-ENGORDANY	2022	1507
1094	POBLACIÓ PER NACIONALITAT I PARRÒQUIA	0101010100120115	POBLACIÓ PER NACIONALITAT I PARRÒQUIA. PORTUGUESOS. ESCALDES-ENGORDANY	2023	1467
1094	POBLACIÓ PER NACIONALITAT I PARRÒQUIA	0101010100120115	POBLACIÓ PER NACIONALITAT I PARRÒQUIA. PORTUGUESOS. ESCALDES-ENGORDANY	2024	1433
1094	POBLACIÓ PER NACIONALITAT I PARRÒQUIA	0101010100120115	POBLACIÓ PER NACIONALITAT I PARRÒQUIA. PORTUGUESOS. ESCALDES-ENGORDANY	2025	1410
1094	POBLACIÓ PER NACIONALITAT I PARRÒQUIA	0101010100120116	POBLACIÓ PER NACIONALITAT I PARRÒQUIA. URUGUAIANS. ESCALDES-ENGORDANY	2010	15
1094	POBLACIÓ PER NACIONALITAT I PARRÒQUIA	0101010100120116	POBLACIÓ PER NACIONALITAT I PARRÒQUIA. URUGUAIANS. ESCALDES-ENGORDANY	2011	14
1094	POBLACIÓ PER NACIONALITAT I PARRÒQUIA	0101010100120116	POBLACIÓ PER NACIONALITAT I PARRÒQUIA. URUGUAIANS. ESCALDES-ENGORDANY	2012	9
1094	POBLACIÓ PER NACIONALITAT I PARRÒQUIA	0101010100120116	POBLACIÓ PER NACIONALITAT I PARRÒQUIA. URUGUAIANS. ESCALDES-ENGORDANY	2013	10
1094	POBLACIÓ PER NACIONALITAT I PARRÒQUIA	0101010100120116	POBLACIÓ PER NACIONALITAT I PARRÒQUIA. URUGUAIANS. ESCALDES-ENGORDANY	2014	10
1094	POBLACIÓ PER NACIONALITAT I PARRÒQUIA	0101010100120116	POBLACIÓ PER NACIONALITAT I PARRÒQUIA. URUGUAIANS. ESCALDES-ENGORDANY	2015	8
1094	POBLACIÓ PER NACIONALITAT I PARRÒQUIA	0101010100120116	POBLACIÓ PER NACIONALITAT I PARRÒQUIA. URUGUAIANS. ESCALDES-ENGORDANY	2016	7
1094	POBLACIÓ PER NACIONALITAT I PARRÒQUIA	0101010100120116	POBLACIÓ PER NACIONALITAT I PARRÒQUIA. URUGUAIANS. ESCALDES-ENGORDANY	2017	7
1094	POBLACIÓ PER NACIONALITAT I PARRÒQUIA	0101010100120116	POBLACIÓ PER NACIONALITAT I PARRÒQUIA. URUGUAIANS. ESCALDES-ENGORDANY	2018	8
1094	POBLACIÓ PER NACIONALITAT I PARRÒQUIA	0101010100120116	POBLACIÓ PER NACIONALITAT I PARRÒQUIA. URUGUAIANS. ESCALDES-ENGORDANY	2019	7
1094	POBLACIÓ PER NACIONALITAT I PARRÒQUIA	0101010100120116	POBLACIÓ PER NACIONALITAT I PARRÒQUIA. URUGUAIANS. ESCALDES-ENGORDANY	2020	6
1094	POBLACIÓ PER NACIONALITAT I PARRÒQUIA	0101010100120116	POBLACIÓ PER NACIONALITAT I PARRÒQUIA. URUGUAIANS. ESCALDES-ENGORDANY	2021	7
1094	POBLACIÓ PER NACIONALITAT I PARRÒQUIA	0101010100120116	POBLACIÓ PER NACIONALITAT I PARRÒQUIA. URUGUAIANS. ESCALDES-ENGORDANY	2022	6
1094	POBLACIÓ PER NACIONALITAT I PARRÒQUIA	0101010100120116	POBLACIÓ PER NACIONALITAT I PARRÒQUIA. URUGUAIANS. ESCALDES-ENGORDANY	2023	19
1094	POBLACIÓ PER NACIONALITAT I PARRÒQUIA	0101010100120116	POBLACIÓ PER NACIONALITAT I PARRÒQUIA. URUGUAIANS. ESCALDES-ENGORDANY	2024	23
1094	POBLACIÓ PER NACIONALITAT I PARRÒQUIA	0101010100120116	POBLACIÓ PER NACIONALITAT I PARRÒQUIA. URUGUAIANS. ESCALDES-ENGORDANY	2025	26
1094	POBLACIÓ PER NACIONALITAT I PARRÒQUIA	0101010100120117	POBLACIÓ PER NACIONALITAT I PARRÒQUIA. XILENS. ESCALDES-ENGORDANY	2010	25
1094	POBLACIÓ PER NACIONALITAT I PARRÒQUIA	0101010100120117	POBLACIÓ PER NACIONALITAT I PARRÒQUIA. XILENS. ESCALDES-ENGORDANY	2011	29
1094	POBLACIÓ PER NACIONALITAT I PARRÒQUIA	0101010100120117	POBLACIÓ PER NACIONALITAT I PARRÒQUIA. XILENS. ESCALDES-ENGORDANY	2012	28
1094	POBLACIÓ PER NACIONALITAT I PARRÒQUIA	0101010100120117	POBLACIÓ PER NACIONALITAT I PARRÒQUIA. XILENS. ESCALDES-ENGORDANY	2013	36
1094	POBLACIÓ PER NACIONALITAT I PARRÒQUIA	0101010100120117	POBLACIÓ PER NACIONALITAT I PARRÒQUIA. XILENS. ESCALDES-ENGORDANY	2014	28
1094	POBLACIÓ PER NACIONALITAT I PARRÒQUIA	0101010100120117	POBLACIÓ PER NACIONALITAT I PARRÒQUIA. XILENS. ESCALDES-ENGORDANY	2015	34
1094	POBLACIÓ PER NACIONALITAT I PARRÒQUIA	0101010100120117	POBLACIÓ PER NACIONALITAT I PARRÒQUIA. XILENS. ESCALDES-ENGORDANY	2016	34
1094	POBLACIÓ PER NACIONALITAT I PARRÒQUIA	0101010100120117	POBLACIÓ PER NACIONALITAT I PARRÒQUIA. XILENS. ESCALDES-ENGORDANY	2017	35
1094	POBLACIÓ PER NACIONALITAT I PARRÒQUIA	0101010100120117	POBLACIÓ PER NACIONALITAT I PARRÒQUIA. XILENS. ESCALDES-ENGORDANY	2018	37
1094	POBLACIÓ PER NACIONALITAT I PARRÒQUIA	0101010100120117	POBLACIÓ PER NACIONALITAT I PARRÒQUIA. XILENS. ESCALDES-ENGORDANY	2019	39
1094	POBLACIÓ PER NACIONALITAT I PARRÒQUIA	0101010100120117	POBLACIÓ PER NACIONALITAT I PARRÒQUIA. XILENS. ESCALDES-ENGORDANY	2020	42
1094	POBLACIÓ PER NACIONALITAT I PARRÒQUIA	0101010100120117	POBLACIÓ PER NACIONALITAT I PARRÒQUIA. XILENS. ESCALDES-ENGORDANY	2021	47
1094	POBLACIÓ PER NACIONALITAT I PARRÒQUIA	0101010100120117	POBLACIÓ PER NACIONALITAT I PARRÒQUIA. XILENS. ESCALDES-ENGORDANY	2022	54
1094	POBLACIÓ PER NACIONALITAT I PARRÒQUIA	0101010100120117	POBLACIÓ PER NACIONALITAT I PARRÒQUIA. XILENS. ESCALDES-ENGORDANY	2023	80
1094	POBLACIÓ PER NACIONALITAT I PARRÒQUIA	0101010100120117	POBLACIÓ PER NACIONALITAT I PARRÒQUIA. XILENS. ESCALDES-ENGORDANY	2024	79
1094	POBLACIÓ PER NACIONALITAT I PARRÒQUIA	0101010100120117	POBLACIÓ PER NACIONALITAT I PARRÒQUIA. XILENS. ESCALDES-ENGORDANY	2025	72
1094	POBLACIÓ PER NACIONALITAT I PARRÒQUIA	0101010100120118	POBLACIÓ PER NACIONALITAT I PARRÒQUIA. FILIPINS. ESCALDES-ENGORDANY	2010	152
1094	POBLACIÓ PER NACIONALITAT I PARRÒQUIA	0101010100120118	POBLACIÓ PER NACIONALITAT I PARRÒQUIA. FILIPINS. ESCALDES-ENGORDANY	2011	148
1094	POBLACIÓ PER NACIONALITAT I PARRÒQUIA	0101010100120118	POBLACIÓ PER NACIONALITAT I PARRÒQUIA. FILIPINS. ESCALDES-ENGORDANY	2012	143
1094	POBLACIÓ PER NACIONALITAT I PARRÒQUIA	0101010100120118	POBLACIÓ PER NACIONALITAT I PARRÒQUIA. FILIPINS. ESCALDES-ENGORDANY	2013	140
1094	POBLACIÓ PER NACIONALITAT I PARRÒQUIA	0101010100120118	POBLACIÓ PER NACIONALITAT I PARRÒQUIA. FILIPINS. ESCALDES-ENGORDANY	2014	144
1094	POBLACIÓ PER NACIONALITAT I PARRÒQUIA	0101010100120118	POBLACIÓ PER NACIONALITAT I PARRÒQUIA. FILIPINS. ESCALDES-ENGORDANY	2015	145
1094	POBLACIÓ PER NACIONALITAT I PARRÒQUIA	0101010100120118	POBLACIÓ PER NACIONALITAT I PARRÒQUIA. FILIPINS. ESCALDES-ENGORDANY	2016	142
1094	POBLACIÓ PER NACIONALITAT I PARRÒQUIA	0101010100120118	POBLACIÓ PER NACIONALITAT I PARRÒQUIA. FILIPINS. ESCALDES-ENGORDANY	2017	139
1094	POBLACIÓ PER NACIONALITAT I PARRÒQUIA	0101010100120118	POBLACIÓ PER NACIONALITAT I PARRÒQUIA. FILIPINS. ESCALDES-ENGORDANY	2018	148
1094	POBLACIÓ PER NACIONALITAT I PARRÒQUIA	0101010100120118	POBLACIÓ PER NACIONALITAT I PARRÒQUIA. FILIPINS. ESCALDES-ENGORDANY	2019	162
1094	POBLACIÓ PER NACIONALITAT I PARRÒQUIA	0101010100120118	POBLACIÓ PER NACIONALITAT I PARRÒQUIA. FILIPINS. ESCALDES-ENGORDANY	2020	171
1094	POBLACIÓ PER NACIONALITAT I PARRÒQUIA	0101010100120118	POBLACIÓ PER NACIONALITAT I PARRÒQUIA. FILIPINS. ESCALDES-ENGORDANY	2021	173
1094	POBLACIÓ PER NACIONALITAT I PARRÒQUIA	0101010100120118	POBLACIÓ PER NACIONALITAT I PARRÒQUIA. FILIPINS. ESCALDES-ENGORDANY	2022	167
1094	POBLACIÓ PER NACIONALITAT I PARRÒQUIA	0101010100120118	POBLACIÓ PER NACIONALITAT I PARRÒQUIA. FILIPINS. ESCALDES-ENGORDANY	2023	183
1094	POBLACIÓ PER NACIONALITAT I PARRÒQUIA	0101010100120118	POBLACIÓ PER NACIONALITAT I PARRÒQUIA. FILIPINS. ESCALDES-ENGORDANY	2024	191
1094	POBLACIÓ PER NACIONALITAT I PARRÒQUIA	0101010100120118	POBLACIÓ PER NACIONALITAT I PARRÒQUIA. FILIPINS. ESCALDES-ENGORDANY	2025	193
1094	POBLACIÓ PER NACIONALITAT I PARRÒQUIA	0101010100120119	POBLACIÓ PER NACIONALITAT I PARRÒQUIA. ALTRES NACIONALITATS. ESCALDES-ENGORDANY	2010	306
1094	POBLACIÓ PER NACIONALITAT I PARRÒQUIA	0101010100120119	POBLACIÓ PER NACIONALITAT I PARRÒQUIA. ALTRES NACIONALITATS. ESCALDES-ENGORDANY	2011	319
1094	POBLACIÓ PER NACIONALITAT I PARRÒQUIA	0101010100120119	POBLACIÓ PER NACIONALITAT I PARRÒQUIA. ALTRES NACIONALITATS. ESCALDES-ENGORDANY	2012	358
1094	POBLACIÓ PER NACIONALITAT I PARRÒQUIA	0101010100120119	POBLACIÓ PER NACIONALITAT I PARRÒQUIA. ALTRES NACIONALITATS. ESCALDES-ENGORDANY	2013	413
1094	POBLACIÓ PER NACIONALITAT I PARRÒQUIA	0101010100120119	POBLACIÓ PER NACIONALITAT I PARRÒQUIA. ALTRES NACIONALITATS. ESCALDES-ENGORDANY	2014	463
1094	POBLACIÓ PER NACIONALITAT I PARRÒQUIA	0101010100120119	POBLACIÓ PER NACIONALITAT I PARRÒQUIA. ALTRES NACIONALITATS. ESCALDES-ENGORDANY	2015	478
1094	POBLACIÓ PER NACIONALITAT I PARRÒQUIA	0101010100120119	POBLACIÓ PER NACIONALITAT I PARRÒQUIA. ALTRES NACIONALITATS. ESCALDES-ENGORDANY	2016	562
1094	POBLACIÓ PER NACIONALITAT I PARRÒQUIA	0101010100120119	POBLACIÓ PER NACIONALITAT I PARRÒQUIA. ALTRES NACIONALITATS. ESCALDES-ENGORDANY	2017	698
1094	POBLACIÓ PER NACIONALITAT I PARRÒQUIA	0101010100120119	POBLACIÓ PER NACIONALITAT I PARRÒQUIA. ALTRES NACIONALITATS. ESCALDES-ENGORDANY	2018	751
1094	POBLACIÓ PER NACIONALITAT I PARRÒQUIA	0101010100120119	POBLACIÓ PER NACIONALITAT I PARRÒQUIA. ALTRES NACIONALITATS. ESCALDES-ENGORDANY	2019	759
1094	POBLACIÓ PER NACIONALITAT I PARRÒQUIA	0101010100120119	POBLACIÓ PER NACIONALITAT I PARRÒQUIA. ALTRES NACIONALITATS. ESCALDES-ENGORDANY	2020	781
1094	POBLACIÓ PER NACIONALITAT I PARRÒQUIA	0101010100120119	POBLACIÓ PER NACIONALITAT I PARRÒQUIA. ALTRES NACIONALITATS. ESCALDES-ENGORDANY	2021	837
1094	POBLACIÓ PER NACIONALITAT I PARRÒQUIA	0101010100120119	POBLACIÓ PER NACIONALITAT I PARRÒQUIA. ALTRES NACIONALITATS. ESCALDES-ENGORDANY	2022	900
1094	POBLACIÓ PER NACIONALITAT I PARRÒQUIA	0101010100120119	POBLACIÓ PER NACIONALITAT I PARRÒQUIA. ALTRES NACIONALITATS. ESCALDES-ENGORDANY	2023	1149
1094	POBLACIÓ PER NACIONALITAT I PARRÒQUIA	0101010100120119	POBLACIÓ PER NACIONALITAT I PARRÒQUIA. ALTRES NACIONALITATS. ESCALDES-ENGORDANY	2024	1286
1094	POBLACIÓ PER NACIONALITAT I PARRÒQUIA	0101010100120119	POBLACIÓ PER NACIONALITAT I PARRÒQUIA. ALTRES NACIONALITATS. ESCALDES-ENGORDANY	2025	1408
1104	POBLACIÓ PER SEXE I NACIONALITAT	0101010100160001	POBLACIÓ PER SEXE I NACIONALITAT. DONES. ALTRES	2010	2689
1104	POBLACIÓ PER SEXE I NACIONALITAT	0101010100160001	POBLACIÓ PER SEXE I NACIONALITAT. DONES. ALTRES	2011	2675
1104	POBLACIÓ PER SEXE I NACIONALITAT	0101010100160001	POBLACIÓ PER SEXE I NACIONALITAT. DONES. ALTRES	2012	2963
1104	POBLACIÓ PER SEXE I NACIONALITAT	0101010100160001	POBLACIÓ PER SEXE I NACIONALITAT. DONES. ALTRES	2013	2970
1104	POBLACIÓ PER SEXE I NACIONALITAT	0101010100160001	POBLACIÓ PER SEXE I NACIONALITAT. DONES. ALTRES	2014	3001
1104	POBLACIÓ PER SEXE I NACIONALITAT	0101010100160001	POBLACIÓ PER SEXE I NACIONALITAT. DONES. ALTRES	2015	3080
1104	POBLACIÓ PER SEXE I NACIONALITAT	0101010100160001	POBLACIÓ PER SEXE I NACIONALITAT. DONES. ALTRES	2016	3210
1104	POBLACIÓ PER SEXE I NACIONALITAT	0101010100160001	POBLACIÓ PER SEXE I NACIONALITAT. DONES. ALTRES	2017	3514
1104	POBLACIÓ PER SEXE I NACIONALITAT	0101010100160001	POBLACIÓ PER SEXE I NACIONALITAT. DONES. ALTRES	2018	3729
1104	POBLACIÓ PER SEXE I NACIONALITAT	0101010100160001	POBLACIÓ PER SEXE I NACIONALITAT. DONES. ALTRES	2019	4043
1104	POBLACIÓ PER SEXE I NACIONALITAT	0101010100160001	POBLACIÓ PER SEXE I NACIONALITAT. DONES. ALTRES	2020	4224
1104	POBLACIÓ PER SEXE I NACIONALITAT	0101010100160001	POBLACIÓ PER SEXE I NACIONALITAT. DONES. ALTRES	2021	4504
1104	POBLACIÓ PER SEXE I NACIONALITAT	0101010100160001	POBLACIÓ PER SEXE I NACIONALITAT. DONES. ALTRES	2022	4992
1104	POBLACIÓ PER SEXE I NACIONALITAT	0101010100160001	POBLACIÓ PER SEXE I NACIONALITAT. DONES. ALTRES	2023	6435
1104	POBLACIÓ PER SEXE I NACIONALITAT	0101010100160001	POBLACIÓ PER SEXE I NACIONALITAT. DONES. ALTRES	2024	6970
1104	POBLACIÓ PER SEXE I NACIONALITAT	0101010100160001	POBLACIÓ PER SEXE I NACIONALITAT. DONES. ALTRES	2025	7465
1104	POBLACIÓ PER SEXE I NACIONALITAT	0101010100160002	POBLACIÓ PER SEXE I NACIONALITAT. DONES. ANDORRANA	2010	16418
1104	POBLACIÓ PER SEXE I NACIONALITAT	0101010100160002	POBLACIÓ PER SEXE I NACIONALITAT. DONES. ANDORRANA	2011	16775
1104	POBLACIÓ PER SEXE I NACIONALITAT	0101010100160002	POBLACIÓ PER SEXE I NACIONALITAT. DONES. ANDORRANA	2012	16702
1104	POBLACIÓ PER SEXE I NACIONALITAT	0101010100160002	POBLACIÓ PER SEXE I NACIONALITAT. DONES. ANDORRANA	2013	16991
1104	POBLACIÓ PER SEXE I NACIONALITAT	0101010100160002	POBLACIÓ PER SEXE I NACIONALITAT. DONES. ANDORRANA	2014	17312
1104	POBLACIÓ PER SEXE I NACIONALITAT	0101010100160002	POBLACIÓ PER SEXE I NACIONALITAT. DONES. ANDORRANA	2015	17668
1104	POBLACIÓ PER SEXE I NACIONALITAT	0101010100160002	POBLACIÓ PER SEXE I NACIONALITAT. DONES. ANDORRANA	2016	17884
1104	POBLACIÓ PER SEXE I NACIONALITAT	0101010100160002	POBLACIÓ PER SEXE I NACIONALITAT. DONES. ANDORRANA	2017	17959
1104	POBLACIÓ PER SEXE I NACIONALITAT	0101010100160002	POBLACIÓ PER SEXE I NACIONALITAT. DONES. ANDORRANA	2018	18163
1104	POBLACIÓ PER SEXE I NACIONALITAT	0101010100160002	POBLACIÓ PER SEXE I NACIONALITAT. DONES. ANDORRANA	2019	18481
1104	POBLACIÓ PER SEXE I NACIONALITAT	0101010100160002	POBLACIÓ PER SEXE I NACIONALITAT. DONES. ANDORRANA	2020	18618
1104	POBLACIÓ PER SEXE I NACIONALITAT	0101010100160002	POBLACIÓ PER SEXE I NACIONALITAT. DONES. ANDORRANA	2021	18822
1104	POBLACIÓ PER SEXE I NACIONALITAT	0101010100160002	POBLACIÓ PER SEXE I NACIONALITAT. DONES. ANDORRANA	2022	19048
1104	POBLACIÓ PER SEXE I NACIONALITAT	0101010100160002	POBLACIÓ PER SEXE I NACIONALITAT. DONES. ANDORRANA	2023	19124
1104	POBLACIÓ PER SEXE I NACIONALITAT	0101010100160002	POBLACIÓ PER SEXE I NACIONALITAT. DONES. ANDORRANA	2024	19380
1104	POBLACIÓ PER SEXE I NACIONALITAT	0101010100160002	POBLACIÓ PER SEXE I NACIONALITAT. DONES. ANDORRANA	2025	19604
1104	POBLACIÓ PER SEXE I NACIONALITAT	0101010100160003	POBLACIÓ PER SEXE I NACIONALITAT. DONES. ESPANYOLA	2010	9161
1104	POBLACIÓ PER SEXE I NACIONALITAT	0101010100160003	POBLACIÓ PER SEXE I NACIONALITAT. DONES. ESPANYOLA	2011	8959
1104	POBLACIÓ PER SEXE I NACIONALITAT	0101010100160003	POBLACIÓ PER SEXE I NACIONALITAT. DONES. ESPANYOLA	2012	8932
1104	POBLACIÓ PER SEXE I NACIONALITAT	0101010100160003	POBLACIÓ PER SEXE I NACIONALITAT. DONES. ESPANYOLA	2013	8930
1104	POBLACIÓ PER SEXE I NACIONALITAT	0101010100160003	POBLACIÓ PER SEXE I NACIONALITAT. DONES. ESPANYOLA	2014	8919
1104	POBLACIÓ PER SEXE I NACIONALITAT	0101010100160003	POBLACIÓ PER SEXE I NACIONALITAT. DONES. ESPANYOLA	2015	9063
1104	POBLACIÓ PER SEXE I NACIONALITAT	0101010100160003	POBLACIÓ PER SEXE I NACIONALITAT. DONES. ESPANYOLA	2016	9268
1104	POBLACIÓ PER SEXE I NACIONALITAT	0101010100160003	POBLACIÓ PER SEXE I NACIONALITAT. DONES. ESPANYOLA	2017	9542
1104	POBLACIÓ PER SEXE I NACIONALITAT	0101010100160003	POBLACIÓ PER SEXE I NACIONALITAT. DONES. ESPANYOLA	2018	9698
1104	POBLACIÓ PER SEXE I NACIONALITAT	0101010100160003	POBLACIÓ PER SEXE I NACIONALITAT. DONES. ESPANYOLA	2019	9714
1104	POBLACIÓ PER SEXE I NACIONALITAT	0101010100160003	POBLACIÓ PER SEXE I NACIONALITAT. DONES. ESPANYOLA	2020	9684
1104	POBLACIÓ PER SEXE I NACIONALITAT	0101010100160003	POBLACIÓ PER SEXE I NACIONALITAT. DONES. ESPANYOLA	2021	9804
1104	POBLACIÓ PER SEXE I NACIONALITAT	0101010100160003	POBLACIÓ PER SEXE I NACIONALITAT. DONES. ESPANYOLA	2022	9912
1104	POBLACIÓ PER SEXE I NACIONALITAT	0101010100160003	POBLACIÓ PER SEXE I NACIONALITAT. DONES. ESPANYOLA	2023	9975
1104	POBLACIÓ PER SEXE I NACIONALITAT	0101010100160003	POBLACIÓ PER SEXE I NACIONALITAT. DONES. ESPANYOLA	2024	10008
1104	POBLACIÓ PER SEXE I NACIONALITAT	0101010100160003	POBLACIÓ PER SEXE I NACIONALITAT. DONES. ESPANYOLA	2025	10083
1104	POBLACIÓ PER SEXE I NACIONALITAT	0101010100160004	POBLACIÓ PER SEXE I NACIONALITAT. DONES. FRANCESA	2010	1388
1104	POBLACIÓ PER SEXE I NACIONALITAT	0101010100160004	POBLACIÓ PER SEXE I NACIONALITAT. DONES. FRANCESA	2011	1337
1104	POBLACIÓ PER SEXE I NACIONALITAT	0101010100160004	POBLACIÓ PER SEXE I NACIONALITAT. DONES. FRANCESA	2012	1309
1104	POBLACIÓ PER SEXE I NACIONALITAT	0101010100160004	POBLACIÓ PER SEXE I NACIONALITAT. DONES. FRANCESA	2013	1283
1104	POBLACIÓ PER SEXE I NACIONALITAT	0101010100160004	POBLACIÓ PER SEXE I NACIONALITAT. DONES. FRANCESA	2014	1292
1104	POBLACIÓ PER SEXE I NACIONALITAT	0101010100160004	POBLACIÓ PER SEXE I NACIONALITAT. DONES. FRANCESA	2015	1314
1104	POBLACIÓ PER SEXE I NACIONALITAT	0101010100160004	POBLACIÓ PER SEXE I NACIONALITAT. DONES. FRANCESA	2016	1339
1104	POBLACIÓ PER SEXE I NACIONALITAT	0101010100160004	POBLACIÓ PER SEXE I NACIONALITAT. DONES. FRANCESA	2017	1411
1104	POBLACIÓ PER SEXE I NACIONALITAT	0101010100160004	POBLACIÓ PER SEXE I NACIONALITAT. DONES. FRANCESA	2018	1466
1104	POBLACIÓ PER SEXE I NACIONALITAT	0101010100160004	POBLACIÓ PER SEXE I NACIONALITAT. DONES. FRANCESA	2019	1500
1104	POBLACIÓ PER SEXE I NACIONALITAT	0101010100160004	POBLACIÓ PER SEXE I NACIONALITAT. DONES. FRANCESA	2020	1498
1104	POBLACIÓ PER SEXE I NACIONALITAT	0101010100160004	POBLACIÓ PER SEXE I NACIONALITAT. DONES. FRANCESA	2021	1515
1104	POBLACIÓ PER SEXE I NACIONALITAT	0101010100160004	POBLACIÓ PER SEXE I NACIONALITAT. DONES. FRANCESA	2022	1557
1104	POBLACIÓ PER SEXE I NACIONALITAT	0101010100160004	POBLACIÓ PER SEXE I NACIONALITAT. DONES. FRANCESA	2023	1626
1104	POBLACIÓ PER SEXE I NACIONALITAT	0101010100160004	POBLACIÓ PER SEXE I NACIONALITAT. DONES. FRANCESA	2024	1624
1104	POBLACIÓ PER SEXE I NACIONALITAT	0101010100160004	POBLACIÓ PER SEXE I NACIONALITAT. DONES. FRANCESA	2025	1695
1104	POBLACIÓ PER SEXE I NACIONALITAT	0101010100160005	POBLACIÓ PER SEXE I NACIONALITAT. DONES. PORTUGUESA	2010	5042
1104	POBLACIÓ PER SEXE I NACIONALITAT	0101010100160005	POBLACIÓ PER SEXE I NACIONALITAT. DONES. PORTUGUESA	2011	4822
1104	POBLACIÓ PER SEXE I NACIONALITAT	0101010100160005	POBLACIÓ PER SEXE I NACIONALITAT. DONES. PORTUGUESA	2012	4705
1104	POBLACIÓ PER SEXE I NACIONALITAT	0101010100160005	POBLACIÓ PER SEXE I NACIONALITAT. DONES. PORTUGUESA	2013	4561
1104	POBLACIÓ PER SEXE I NACIONALITAT	0101010100160005	POBLACIÓ PER SEXE I NACIONALITAT. DONES. PORTUGUESA	2014	4427
1104	POBLACIÓ PER SEXE I NACIONALITAT	0101010100160005	POBLACIÓ PER SEXE I NACIONALITAT. DONES. PORTUGUESA	2015	4378
1104	POBLACIÓ PER SEXE I NACIONALITAT	0101010100160005	POBLACIÓ PER SEXE I NACIONALITAT. DONES. PORTUGUESA	2016	4357
1104	POBLACIÓ PER SEXE I NACIONALITAT	0101010100160005	POBLACIÓ PER SEXE I NACIONALITAT. DONES. PORTUGUESA	2017	4337
1104	POBLACIÓ PER SEXE I NACIONALITAT	0101010100160005	POBLACIÓ PER SEXE I NACIONALITAT. DONES. PORTUGUESA	2018	4332
1104	POBLACIÓ PER SEXE I NACIONALITAT	0101010100160005	POBLACIÓ PER SEXE I NACIONALITAT. DONES. PORTUGUESA	2019	4333
1104	POBLACIÓ PER SEXE I NACIONALITAT	0101010100160005	POBLACIÓ PER SEXE I NACIONALITAT. DONES. PORTUGUESA	2020	4251
1104	POBLACIÓ PER SEXE I NACIONALITAT	0101010100160005	POBLACIÓ PER SEXE I NACIONALITAT. DONES. PORTUGUESA	2021	4159
1104	POBLACIÓ PER SEXE I NACIONALITAT	0101010100160005	POBLACIÓ PER SEXE I NACIONALITAT. DONES. PORTUGUESA	2022	4104
1104	POBLACIÓ PER SEXE I NACIONALITAT	0101010100160005	POBLACIÓ PER SEXE I NACIONALITAT. DONES. PORTUGUESA	2023	4051
1104	POBLACIÓ PER SEXE I NACIONALITAT	0101010100160005	POBLACIÓ PER SEXE I NACIONALITAT. DONES. PORTUGUESA	2024	3982
1104	POBLACIÓ PER SEXE I NACIONALITAT	0101010100160005	POBLACIÓ PER SEXE I NACIONALITAT. DONES. PORTUGUESA	2025	3929
1104	POBLACIÓ PER SEXE I NACIONALITAT	0101010100160006	POBLACIÓ PER SEXE I NACIONALITAT. HOMES. ALTRES	2010	2451
1104	POBLACIÓ PER SEXE I NACIONALITAT	0101010100160006	POBLACIÓ PER SEXE I NACIONALITAT. HOMES. ALTRES	2011	2461
1104	POBLACIÓ PER SEXE I NACIONALITAT	0101010100160006	POBLACIÓ PER SEXE I NACIONALITAT. HOMES. ALTRES	2012	2767
1104	POBLACIÓ PER SEXE I NACIONALITAT	0101010100160006	POBLACIÓ PER SEXE I NACIONALITAT. HOMES. ALTRES	2013	2753
1104	POBLACIÓ PER SEXE I NACIONALITAT	0101010100160006	POBLACIÓ PER SEXE I NACIONALITAT. HOMES. ALTRES	2014	2827
1104	POBLACIÓ PER SEXE I NACIONALITAT	0101010100160006	POBLACIÓ PER SEXE I NACIONALITAT. HOMES. ALTRES	2015	2913
1104	POBLACIÓ PER SEXE I NACIONALITAT	0101010100160006	POBLACIÓ PER SEXE I NACIONALITAT. HOMES. ALTRES	2016	3092
1104	POBLACIÓ PER SEXE I NACIONALITAT	0101010100160006	POBLACIÓ PER SEXE I NACIONALITAT. HOMES. ALTRES	2017	3454
1104	POBLACIÓ PER SEXE I NACIONALITAT	0101010100160006	POBLACIÓ PER SEXE I NACIONALITAT. HOMES. ALTRES	2018	3659
1104	POBLACIÓ PER SEXE I NACIONALITAT	0101010100160006	POBLACIÓ PER SEXE I NACIONALITAT. HOMES. ALTRES	2019	3917
1104	POBLACIÓ PER SEXE I NACIONALITAT	0101010100160006	POBLACIÓ PER SEXE I NACIONALITAT. HOMES. ALTRES	2020	4075
1104	POBLACIÓ PER SEXE I NACIONALITAT	0101010100160006	POBLACIÓ PER SEXE I NACIONALITAT. HOMES. ALTRES	2021	4452
1104	POBLACIÓ PER SEXE I NACIONALITAT	0101010100160006	POBLACIÓ PER SEXE I NACIONALITAT. HOMES. ALTRES	2022	5071
1104	POBLACIÓ PER SEXE I NACIONALITAT	0101010100160006	POBLACIÓ PER SEXE I NACIONALITAT. HOMES. ALTRES	2023	6714
1104	POBLACIÓ PER SEXE I NACIONALITAT	0101010100160006	POBLACIÓ PER SEXE I NACIONALITAT. HOMES. ALTRES	2024	7555
1104	POBLACIÓ PER SEXE I NACIONALITAT	0101010100160006	POBLACIÓ PER SEXE I NACIONALITAT. HOMES. ALTRES	2025	8224
1104	POBLACIÓ PER SEXE I NACIONALITAT	0101010100160007	POBLACIÓ PER SEXE I NACIONALITAT. HOMES. ANDORRANA	2010	17284
1104	POBLACIÓ PER SEXE I NACIONALITAT	0101010100160007	POBLACIÓ PER SEXE I NACIONALITAT. HOMES. ANDORRANA	2011	17574
1104	POBLACIÓ PER SEXE I NACIONALITAT	0101010100160007	POBLACIÓ PER SEXE I NACIONALITAT. HOMES. ANDORRANA	2012	17503
1104	POBLACIÓ PER SEXE I NACIONALITAT	0101010100160007	POBLACIÓ PER SEXE I NACIONALITAT. HOMES. ANDORRANA	2013	17798
1104	POBLACIÓ PER SEXE I NACIONALITAT	0101010100160007	POBLACIÓ PER SEXE I NACIONALITAT. HOMES. ANDORRANA	2014	18112
1104	POBLACIÓ PER SEXE I NACIONALITAT	0101010100160007	POBLACIÓ PER SEXE I NACIONALITAT. HOMES. ANDORRANA	2015	18464
1104	POBLACIÓ PER SEXE I NACIONALITAT	0101010100160007	POBLACIÓ PER SEXE I NACIONALITAT. HOMES. ANDORRANA	2016	18691
1104	POBLACIÓ PER SEXE I NACIONALITAT	0101010100160007	POBLACIÓ PER SEXE I NACIONALITAT. HOMES. ANDORRANA	2017	18738
1104	POBLACIÓ PER SEXE I NACIONALITAT	0101010100160007	POBLACIÓ PER SEXE I NACIONALITAT. HOMES. ANDORRANA	2018	18981
1104	POBLACIÓ PER SEXE I NACIONALITAT	0101010100160007	POBLACIÓ PER SEXE I NACIONALITAT. HOMES. ANDORRANA	2019	19268
1104	POBLACIÓ PER SEXE I NACIONALITAT	0101010100160007	POBLACIÓ PER SEXE I NACIONALITAT. HOMES. ANDORRANA	2020	19381
1104	POBLACIÓ PER SEXE I NACIONALITAT	0101010100160007	POBLACIÓ PER SEXE I NACIONALITAT. HOMES. ANDORRANA	2021	19607
1104	POBLACIÓ PER SEXE I NACIONALITAT	0101010100160007	POBLACIÓ PER SEXE I NACIONALITAT. HOMES. ANDORRANA	2022	19819
1104	POBLACIÓ PER SEXE I NACIONALITAT	0101010100160007	POBLACIÓ PER SEXE I NACIONALITAT. HOMES. ANDORRANA	2023	19853
1104	POBLACIÓ PER SEXE I NACIONALITAT	0101010100160007	POBLACIÓ PER SEXE I NACIONALITAT. HOMES. ANDORRANA	2024	20090
1104	POBLACIÓ PER SEXE I NACIONALITAT	0101010100160007	POBLACIÓ PER SEXE I NACIONALITAT. HOMES. ANDORRANA	2025	20211
1104	POBLACIÓ PER SEXE I NACIONALITAT	0101010100160008	POBLACIÓ PER SEXE I NACIONALITAT. HOMES. ESPANYOLA	2010	8518
1104	POBLACIÓ PER SEXE I NACIONALITAT	0101010100160008	POBLACIÓ PER SEXE I NACIONALITAT. HOMES. ESPANYOLA	2011	8256
1104	POBLACIÓ PER SEXE I NACIONALITAT	0101010100160008	POBLACIÓ PER SEXE I NACIONALITAT. HOMES. ESPANYOLA	2012	8207
1104	POBLACIÓ PER SEXE I NACIONALITAT	0101010100160008	POBLACIÓ PER SEXE I NACIONALITAT. HOMES. ESPANYOLA	2013	8235
1104	POBLACIÓ PER SEXE I NACIONALITAT	0101010100160008	POBLACIÓ PER SEXE I NACIONALITAT. HOMES. ESPANYOLA	2014	8308
1104	POBLACIÓ PER SEXE I NACIONALITAT	0101010100160008	POBLACIÓ PER SEXE I NACIONALITAT. HOMES. ESPANYOLA	2015	8449
1104	POBLACIÓ PER SEXE I NACIONALITAT	0101010100160008	POBLACIÓ PER SEXE I NACIONALITAT. HOMES. ESPANYOLA	2016	8796
1104	POBLACIÓ PER SEXE I NACIONALITAT	0101010100160008	POBLACIÓ PER SEXE I NACIONALITAT. HOMES. ESPANYOLA	2017	9195
1104	POBLACIÓ PER SEXE I NACIONALITAT	0101010100160008	POBLACIÓ PER SEXE I NACIONALITAT. HOMES. ESPANYOLA	2018	9433
1104	POBLACIÓ PER SEXE I NACIONALITAT	0101010100160008	POBLACIÓ PER SEXE I NACIONALITAT. HOMES. ESPANYOLA	2019	9517
1104	POBLACIÓ PER SEXE I NACIONALITAT	0101010100160008	POBLACIÓ PER SEXE I NACIONALITAT. HOMES. ESPANYOLA	2020	9527
1104	POBLACIÓ PER SEXE I NACIONALITAT	0101010100160008	POBLACIÓ PER SEXE I NACIONALITAT. HOMES. ESPANYOLA	2021	9912
1104	POBLACIÓ PER SEXE I NACIONALITAT	0101010100160008	POBLACIÓ PER SEXE I NACIONALITAT. HOMES. ESPANYOLA	2022	10304
1104	POBLACIÓ PER SEXE I NACIONALITAT	0101010100160008	POBLACIÓ PER SEXE I NACIONALITAT. HOMES. ESPANYOLA	2023	10476
1104	POBLACIÓ PER SEXE I NACIONALITAT	0101010100160008	POBLACIÓ PER SEXE I NACIONALITAT. HOMES. ESPANYOLA	2024	10691
1104	POBLACIÓ PER SEXE I NACIONALITAT	0101010100160008	POBLACIÓ PER SEXE I NACIONALITAT. HOMES. ESPANYOLA	2025	10930
1104	POBLACIÓ PER SEXE I NACIONALITAT	0101010100160009	POBLACIÓ PER SEXE I NACIONALITAT. HOMES. FRANCESA	2010	1549
1104	POBLACIÓ PER SEXE I NACIONALITAT	0101010100160009	POBLACIÓ PER SEXE I NACIONALITAT. HOMES. FRANCESA	2011	1451
1104	POBLACIÓ PER SEXE I NACIONALITAT	0101010100160009	POBLACIÓ PER SEXE I NACIONALITAT. HOMES. FRANCESA	2012	1419
1104	POBLACIÓ PER SEXE I NACIONALITAT	0101010100160009	POBLACIÓ PER SEXE I NACIONALITAT. HOMES. FRANCESA	2013	1392
1104	POBLACIÓ PER SEXE I NACIONALITAT	0101010100160009	POBLACIÓ PER SEXE I NACIONALITAT. HOMES. FRANCESA	2014	1439
1104	POBLACIÓ PER SEXE I NACIONALITAT	0101010100160009	POBLACIÓ PER SEXE I NACIONALITAT. HOMES. FRANCESA	2015	1520
1104	POBLACIÓ PER SEXE I NACIONALITAT	0101010100160009	POBLACIÓ PER SEXE I NACIONALITAT. HOMES. FRANCESA	2016	1629
1104	POBLACIÓ PER SEXE I NACIONALITAT	0101010100160009	POBLACIÓ PER SEXE I NACIONALITAT. HOMES. FRANCESA	2017	1788
1104	POBLACIÓ PER SEXE I NACIONALITAT	0101010100160009	POBLACIÓ PER SEXE I NACIONALITAT. HOMES. FRANCESA	2018	1873
1104	POBLACIÓ PER SEXE I NACIONALITAT	0101010100160009	POBLACIÓ PER SEXE I NACIONALITAT. HOMES. FRANCESA	2019	1891
1104	POBLACIÓ PER SEXE I NACIONALITAT	0101010100160009	POBLACIÓ PER SEXE I NACIONALITAT. HOMES. FRANCESA	2020	1925
1104	POBLACIÓ PER SEXE I NACIONALITAT	0101010100160009	POBLACIÓ PER SEXE I NACIONALITAT. HOMES. FRANCESA	2021	2034
1104	POBLACIÓ PER SEXE I NACIONALITAT	0101010100160009	POBLACIÓ PER SEXE I NACIONALITAT. HOMES. FRANCESA	2022	2108
1104	POBLACIÓ PER SEXE I NACIONALITAT	0101010100160009	POBLACIÓ PER SEXE I NACIONALITAT. HOMES. FRANCESA	2023	2219
1104	POBLACIÓ PER SEXE I NACIONALITAT	0101010100160009	POBLACIÓ PER SEXE I NACIONALITAT. HOMES. FRANCESA	2024	2250
1104	POBLACIÓ PER SEXE I NACIONALITAT	0101010100160009	POBLACIÓ PER SEXE I NACIONALITAT. HOMES. FRANCESA	2025	2418
1104	POBLACIÓ PER SEXE I NACIONALITAT	0101010100160010	POBLACIÓ PER SEXE I NACIONALITAT. HOMES. PORTUGUESA	2010	5790
1104	POBLACIÓ PER SEXE I NACIONALITAT	0101010100160010	POBLACIÓ PER SEXE I NACIONALITAT. HOMES. PORTUGUESA	2011	5462
1104	POBLACIÓ PER SEXE I NACIONALITAT	0101010100160010	POBLACIÓ PER SEXE I NACIONALITAT. HOMES. PORTUGUESA	2012	5251
1104	POBLACIÓ PER SEXE I NACIONALITAT	0101010100160010	POBLACIÓ PER SEXE I NACIONALITAT. HOMES. PORTUGUESA	2013	5053
1104	POBLACIÓ PER SEXE I NACIONALITAT	0101010100160010	POBLACIÓ PER SEXE I NACIONALITAT. HOMES. PORTUGUESA	2014	4933
1104	POBLACIÓ PER SEXE I NACIONALITAT	0101010100160010	POBLACIÓ PER SEXE I NACIONALITAT. HOMES. PORTUGUESA	2015	4883
1104	POBLACIÓ PER SEXE I NACIONALITAT	0101010100160010	POBLACIÓ PER SEXE I NACIONALITAT. HOMES. PORTUGUESA	2016	4839
1104	POBLACIÓ PER SEXE I NACIONALITAT	0101010100160010	POBLACIÓ PER SEXE I NACIONALITAT. HOMES. PORTUGUESA	2017	4856
1104	POBLACIÓ PER SEXE I NACIONALITAT	0101010100160010	POBLACIÓ PER SEXE I NACIONALITAT. HOMES. PORTUGUESA	2018	4843
1104	POBLACIÓ PER SEXE I NACIONALITAT	0101010100160010	POBLACIÓ PER SEXE I NACIONALITAT. HOMES. PORTUGUESA	2019	4879
1104	POBLACIÓ PER SEXE I NACIONALITAT	0101010100160010	POBLACIÓ PER SEXE I NACIONALITAT. HOMES. PORTUGUESA	2020	4832
1104	POBLACIÓ PER SEXE I NACIONALITAT	0101010100160010	POBLACIÓ PER SEXE I NACIONALITAT. HOMES. PORTUGUESA	2021	4726
1104	POBLACIÓ PER SEXE I NACIONALITAT	0101010100160010	POBLACIÓ PER SEXE I NACIONALITAT. HOMES. PORTUGUESA	2022	4673
1104	POBLACIÓ PER SEXE I NACIONALITAT	0101010100160010	POBLACIÓ PER SEXE I NACIONALITAT. HOMES. PORTUGUESA	2023	4628
1104	POBLACIÓ PER SEXE I NACIONALITAT	0101010100160010	POBLACIÓ PER SEXE I NACIONALITAT. HOMES. PORTUGUESA	2024	4547
1104	POBLACIÓ PER SEXE I NACIONALITAT	0101010100160010	POBLACIÓ PER SEXE I NACIONALITAT. HOMES. PORTUGUESA	2025	4499
1138	Població per sexe i lloc de naixement	0101010100170001	Població per sexe i lloc de naixement. Homes. Andorra	2010	11912
1138	Població per sexe i lloc de naixement	0101010100170001	Població per sexe i lloc de naixement. Homes. Andorra	2011	12126
1138	Població per sexe i lloc de naixement	0101010100170001	Població per sexe i lloc de naixement. Homes. Andorra	2012	12341
1138	Població per sexe i lloc de naixement	0101010100170001	Població per sexe i lloc de naixement. Homes. Andorra	2013	12509
1138	Població per sexe i lloc de naixement	0101010100170001	Població per sexe i lloc de naixement. Homes. Andorra	2014	12731
1138	Població per sexe i lloc de naixement	0101010100170001	Població per sexe i lloc de naixement. Homes. Andorra	2015	12973
1138	Població per sexe i lloc de naixement	0101010100170001	Població per sexe i lloc de naixement. Homes. Andorra	2016	13133
1138	Població per sexe i lloc de naixement	0101010100170001	Població per sexe i lloc de naixement. Homes. Andorra	2017	13282
1138	Població per sexe i lloc de naixement	0101010100170001	Població per sexe i lloc de naixement. Homes. Andorra	2018	13425
1138	Població per sexe i lloc de naixement	0101010100170001	Població per sexe i lloc de naixement. Homes. Andorra	2019	13605
1138	Població per sexe i lloc de naixement	0101010100170001	Població per sexe i lloc de naixement. Homes. Andorra	2020	13755
1138	Població per sexe i lloc de naixement	0101010100170001	Població per sexe i lloc de naixement. Homes. Andorra	2021	13904
1138	Població per sexe i lloc de naixement	0101010100170001	Població per sexe i lloc de naixement. Homes. Andorra	2022	14014
1138	Població per sexe i lloc de naixement	0101010100170001	Població per sexe i lloc de naixement. Homes. Andorra	2023	14099
1138	Població per sexe i lloc de naixement	0101010100170001	Població per sexe i lloc de naixement. Homes. Andorra	2024	14254
1138	Població per sexe i lloc de naixement	0101010100170001	Població per sexe i lloc de naixement. Homes. Andorra	2025	14310
1138	Població per sexe i lloc de naixement	0101010100170002	Població per sexe i lloc de naixement. Homes. Espanya	2010	12759
1138	Població per sexe i lloc de naixement	0101010100170002	Població per sexe i lloc de naixement. Homes. Espanya	2011	12568
1138	Població per sexe i lloc de naixement	0101010100170002	Població per sexe i lloc de naixement. Homes. Espanya	2012	12515
1138	Població per sexe i lloc de naixement	0101010100170002	Població per sexe i lloc de naixement. Homes. Espanya	2013	12573
1138	Població per sexe i lloc de naixement	0101010100170002	Població per sexe i lloc de naixement. Homes. Espanya	2014	12667
1138	Població per sexe i lloc de naixement	0101010100170002	Població per sexe i lloc de naixement. Homes. Espanya	2015	12886
1138	Població per sexe i lloc de naixement	0101010100170002	Població per sexe i lloc de naixement. Homes. Espanya	2016	13232
1138	Població per sexe i lloc de naixement	0101010100170002	Població per sexe i lloc de naixement. Homes. Espanya	2017	13577
1138	Població per sexe i lloc de naixement	0101010100170002	Població per sexe i lloc de naixement. Homes. Espanya	2018	13801
1138	Població per sexe i lloc de naixement	0101010100170002	Població per sexe i lloc de naixement. Homes. Espanya	2019	13928
1138	Població per sexe i lloc de naixement	0101010100170002	Població per sexe i lloc de naixement. Homes. Espanya	2020	13925
1138	Població per sexe i lloc de naixement	0101010100170002	Població per sexe i lloc de naixement. Homes. Espanya	2021	14318
1138	Població per sexe i lloc de naixement	0101010100170002	Població per sexe i lloc de naixement. Homes. Espanya	2022	14732
1138	Població per sexe i lloc de naixement	0101010100170002	Població per sexe i lloc de naixement. Homes. Espanya	2023	14881
1138	Població per sexe i lloc de naixement	0101010100170002	Població per sexe i lloc de naixement. Homes. Espanya	2024	15111
1138	Població per sexe i lloc de naixement	0101010100170002	Població per sexe i lloc de naixement. Homes. Espanya	2025	15325
1138	Població per sexe i lloc de naixement	0101010100170003	Població per sexe i lloc de naixement. Homes. Portugal	2010	5653
1138	Població per sexe i lloc de naixement	0101010100170003	Població per sexe i lloc de naixement. Homes. Portugal	2011	5338
1138	Població per sexe i lloc de naixement	0101010100170003	Població per sexe i lloc de naixement. Homes. Portugal	2012	5118
1138	Població per sexe i lloc de naixement	0101010100170003	Població per sexe i lloc de naixement. Homes. Portugal	2013	4909
1138	Població per sexe i lloc de naixement	0101010100170003	Població per sexe i lloc de naixement. Homes. Portugal	2014	4816
1138	Població per sexe i lloc de naixement	0101010100170003	Població per sexe i lloc de naixement. Homes. Portugal	2015	4764
1138	Població per sexe i lloc de naixement	0101010100170003	Població per sexe i lloc de naixement. Homes. Portugal	2016	4725
1138	Població per sexe i lloc de naixement	0101010100170003	Població per sexe i lloc de naixement. Homes. Portugal	2017	4742
1138	Població per sexe i lloc de naixement	0101010100170003	Població per sexe i lloc de naixement. Homes. Portugal	2018	4733
1138	Població per sexe i lloc de naixement	0101010100170003	Població per sexe i lloc de naixement. Homes. Portugal	2019	4770
1138	Població per sexe i lloc de naixement	0101010100170003	Població per sexe i lloc de naixement. Homes. Portugal	2020	4712
1138	Població per sexe i lloc de naixement	0101010100170003	Població per sexe i lloc de naixement. Homes. Portugal	2021	4621
1138	Població per sexe i lloc de naixement	0101010100170003	Població per sexe i lloc de naixement. Homes. Portugal	2022	4569
1138	Població per sexe i lloc de naixement	0101010100170003	Població per sexe i lloc de naixement. Homes. Portugal	2023	4506
1138	Població per sexe i lloc de naixement	0101010100170003	Població per sexe i lloc de naixement. Homes. Portugal	2024	4443
1138	Població per sexe i lloc de naixement	0101010100170003	Població per sexe i lloc de naixement. Homes. Portugal	2025	4399
1138	Població per sexe i lloc de naixement	0101010100170004	Població per sexe i lloc de naixement. Homes. França	2010	2044
1138	Població per sexe i lloc de naixement	0101010100170004	Població per sexe i lloc de naixement. Homes. França	2011	1955
1138	Població per sexe i lloc de naixement	0101010100170004	Població per sexe i lloc de naixement. Homes. França	2012	1902
1138	Població per sexe i lloc de naixement	0101010100170004	Població per sexe i lloc de naixement. Homes. França	2013	1879
1138	Població per sexe i lloc de naixement	0101010100170004	Població per sexe i lloc de naixement. Homes. França	2014	1925
1138	Població per sexe i lloc de naixement	0101010100170004	Població per sexe i lloc de naixement. Homes. França	2015	2003
1138	Població per sexe i lloc de naixement	0101010100170004	Població per sexe i lloc de naixement. Homes. França	2016	2115
1138	Població per sexe i lloc de naixement	0101010100170004	Població per sexe i lloc de naixement. Homes. França	2017	2271
1138	Població per sexe i lloc de naixement	0101010100170004	Població per sexe i lloc de naixement. Homes. França	2018	2347
1138	Població per sexe i lloc de naixement	0101010100170004	Població per sexe i lloc de naixement. Homes. França	2019	2374
1138	Població per sexe i lloc de naixement	0101010100170004	Població per sexe i lloc de naixement. Homes. França	2020	2393
1138	Població per sexe i lloc de naixement	0101010100170004	Població per sexe i lloc de naixement. Homes. França	2021	2511
1138	Població per sexe i lloc de naixement	0101010100170004	Població per sexe i lloc de naixement. Homes. França	2022	2573
1138	Població per sexe i lloc de naixement	0101010100170004	Població per sexe i lloc de naixement. Homes. França	2023	2678
1138	Població per sexe i lloc de naixement	0101010100170004	Població per sexe i lloc de naixement. Homes. França	2024	2699
1138	Població per sexe i lloc de naixement	0101010100170004	Població per sexe i lloc de naixement. Homes. França	2025	2875
1138	Població per sexe i lloc de naixement	0101010100170005	Població per sexe i lloc de naixement. Homes. Altres	2010	3224
1138	Població per sexe i lloc de naixement	0101010100170005	Població per sexe i lloc de naixement. Homes. Altres	2011	3217
1138	Població per sexe i lloc de naixement	0101010100170005	Població per sexe i lloc de naixement. Homes. Altres	2012	3271
1138	Població per sexe i lloc de naixement	0101010100170005	Població per sexe i lloc de naixement. Homes. Altres	2013	3361
1138	Població per sexe i lloc de naixement	0101010100170005	Població per sexe i lloc de naixement. Homes. Altres	2014	3480
1138	Població per sexe i lloc de naixement	0101010100170005	Població per sexe i lloc de naixement. Homes. Altres	2015	3603
1138	Població per sexe i lloc de naixement	0101010100170005	Població per sexe i lloc de naixement. Homes. Altres	2016	3842
1138	Població per sexe i lloc de naixement	0101010100170005	Població per sexe i lloc de naixement. Homes. Altres	2017	4159
1138	Població per sexe i lloc de naixement	0101010100170005	Població per sexe i lloc de naixement. Homes. Altres	2018	4483
1138	Població per sexe i lloc de naixement	0101010100170005	Població per sexe i lloc de naixement. Homes. Altres	2019	4795
1138	Població per sexe i lloc de naixement	0101010100170005	Població per sexe i lloc de naixement. Homes. Altres	2020	4955
1138	Població per sexe i lloc de naixement	0101010100170005	Població per sexe i lloc de naixement. Homes. Altres	2021	5377
1138	Població per sexe i lloc de naixement	0101010100170005	Població per sexe i lloc de naixement. Homes. Altres	2022	6087
1138	Població per sexe i lloc de naixement	0101010100170005	Població per sexe i lloc de naixement. Homes. Altres	2023	7726
1138	Població per sexe i lloc de naixement	0101010100170005	Població per sexe i lloc de naixement. Homes. Altres	2024	8626
1138	Població per sexe i lloc de naixement	0101010100170005	Població per sexe i lloc de naixement. Homes. Altres	2025	9373
1138	Població per sexe i lloc de naixement	0101010100170006	Població per sexe i lloc de naixement. Dones. Andorra	2010	11131
1138	Població per sexe i lloc de naixement	0101010100170006	Població per sexe i lloc de naixement. Dones. Andorra	2011	11372
1138	Població per sexe i lloc de naixement	0101010100170006	Població per sexe i lloc de naixement. Dones. Andorra	2012	11578
1138	Població per sexe i lloc de naixement	0101010100170006	Població per sexe i lloc de naixement. Dones. Andorra	2013	11735
1138	Població per sexe i lloc de naixement	0101010100170006	Població per sexe i lloc de naixement. Dones. Andorra	2014	11940
1138	Població per sexe i lloc de naixement	0101010100170006	Població per sexe i lloc de naixement. Dones. Andorra	2015	12146
1138	Població per sexe i lloc de naixement	0101010100170006	Població per sexe i lloc de naixement. Dones. Andorra	2016	12300
1138	Població per sexe i lloc de naixement	0101010100170006	Població per sexe i lloc de naixement. Dones. Andorra	2017	12469
1138	Població per sexe i lloc de naixement	0101010100170006	Població per sexe i lloc de naixement. Dones. Andorra	2018	12563
1138	Població per sexe i lloc de naixement	0101010100170006	Població per sexe i lloc de naixement. Dones. Andorra	2019	12756
1138	Població per sexe i lloc de naixement	0101010100170006	Població per sexe i lloc de naixement. Dones. Andorra	2020	12910
1138	Població per sexe i lloc de naixement	0101010100170006	Població per sexe i lloc de naixement. Dones. Andorra	2021	13007
1138	Població per sexe i lloc de naixement	0101010100170006	Població per sexe i lloc de naixement. Dones. Andorra	2022	13149
1138	Població per sexe i lloc de naixement	0101010100170006	Població per sexe i lloc de naixement. Dones. Andorra	2023	13200
1138	Població per sexe i lloc de naixement	0101010100170006	Població per sexe i lloc de naixement. Dones. Andorra	2024	13336
1138	Població per sexe i lloc de naixement	0101010100170006	Població per sexe i lloc de naixement. Dones. Andorra	2025	13457
1138	Població per sexe i lloc de naixement	0101010100170007	Població per sexe i lloc de naixement. Dones. Espanya	2010	13261
1138	Població per sexe i lloc de naixement	0101010100170007	Població per sexe i lloc de naixement. Dones. Espanya	2011	13135
1138	Població per sexe i lloc de naixement	0101010100170007	Població per sexe i lloc de naixement. Dones. Espanya	2012	13086
1138	Població per sexe i lloc de naixement	0101010100170007	Població per sexe i lloc de naixement. Dones. Espanya	2013	13138
1138	Població per sexe i lloc de naixement	0101010100170007	Població per sexe i lloc de naixement. Dones. Espanya	2014	13186
1138	Població per sexe i lloc de naixement	0101010100170007	Població per sexe i lloc de naixement. Dones. Espanya	2015	13402
1138	Població per sexe i lloc de naixement	0101010100170007	Població per sexe i lloc de naixement. Dones. Espanya	2016	13602
1138	Població per sexe i lloc de naixement	0101010100170007	Població per sexe i lloc de naixement. Dones. Espanya	2017	13824
1138	Població per sexe i lloc de naixement	0101010100170007	Població per sexe i lloc de naixement. Dones. Espanya	2018	13982
1138	Població per sexe i lloc de naixement	0101010100170007	Població per sexe i lloc de naixement. Dones. Espanya	2019	14052
1138	Població per sexe i lloc de naixement	0101010100170007	Població per sexe i lloc de naixement. Dones. Espanya	2020	14002
1138	Població per sexe i lloc de naixement	0101010100170007	Població per sexe i lloc de naixement. Dones. Espanya	2021	14134
1138	Població per sexe i lloc de naixement	0101010100170007	Població per sexe i lloc de naixement. Dones. Espanya	2022	14233
1138	Població per sexe i lloc de naixement	0101010100170007	Població per sexe i lloc de naixement. Dones. Espanya	2023	14310
1138	Població per sexe i lloc de naixement	0101010100170007	Població per sexe i lloc de naixement. Dones. Espanya	2024	14397
1138	Població per sexe i lloc de naixement	0101010100170007	Població per sexe i lloc de naixement. Dones. Espanya	2025	14469
1138	Població per sexe i lloc de naixement	0101010100170008	Població per sexe i lloc de naixement. Dones. Portugal	2010	4894
1138	Població per sexe i lloc de naixement	0101010100170008	Població per sexe i lloc de naixement. Dones. Portugal	2011	4686
1138	Població per sexe i lloc de naixement	0101010100170008	Població per sexe i lloc de naixement. Dones. Portugal	2012	4551
1138	Població per sexe i lloc de naixement	0101010100170008	Població per sexe i lloc de naixement. Dones. Portugal	2013	4401
1138	Població per sexe i lloc de naixement	0101010100170008	Població per sexe i lloc de naixement. Dones. Portugal	2014	4281
1138	Població per sexe i lloc de naixement	0101010100170008	Població per sexe i lloc de naixement. Dones. Portugal	2015	4244
1138	Població per sexe i lloc de naixement	0101010100170008	Població per sexe i lloc de naixement. Dones. Portugal	2016	4229
1138	Població per sexe i lloc de naixement	0101010100170008	Població per sexe i lloc de naixement. Dones. Portugal	2017	4207
1138	Població per sexe i lloc de naixement	0101010100170008	Població per sexe i lloc de naixement. Dones. Portugal	2018	4208
1138	Població per sexe i lloc de naixement	0101010100170008	Població per sexe i lloc de naixement. Dones. Portugal	2019	4218
1138	Població per sexe i lloc de naixement	0101010100170008	Població per sexe i lloc de naixement. Dones. Portugal	2020	4141
1138	Població per sexe i lloc de naixement	0101010100170008	Població per sexe i lloc de naixement. Dones. Portugal	2021	4072
1138	Població per sexe i lloc de naixement	0101010100170008	Població per sexe i lloc de naixement. Dones. Portugal	2022	4030
1138	Població per sexe i lloc de naixement	0101010100170008	Població per sexe i lloc de naixement. Dones. Portugal	2023	3970
1138	Població per sexe i lloc de naixement	0101010100170008	Població per sexe i lloc de naixement. Dones. Portugal	2024	3901
1138	Població per sexe i lloc de naixement	0101010100170008	Població per sexe i lloc de naixement. Dones. Portugal	2025	3839
1138	Població per sexe i lloc de naixement	0101010100170009	Població per sexe i lloc de naixement. Dones. França	2010	1949
1138	Població per sexe i lloc de naixement	0101010100170009	Població per sexe i lloc de naixement. Dones. França	2011	1887
1138	Població per sexe i lloc de naixement	0101010100170009	Població per sexe i lloc de naixement. Dones. França	2012	1859
1138	Població per sexe i lloc de naixement	0101010100170009	Població per sexe i lloc de naixement. Dones. França	2013	1831
1138	Població per sexe i lloc de naixement	0101010100170009	Població per sexe i lloc de naixement. Dones. França	2014	1843
1138	Població per sexe i lloc de naixement	0101010100170009	Població per sexe i lloc de naixement. Dones. França	2015	1864
1138	Població per sexe i lloc de naixement	0101010100170009	Població per sexe i lloc de naixement. Dones. França	2016	1890
1138	Població per sexe i lloc de naixement	0101010100170009	Població per sexe i lloc de naixement. Dones. França	2017	1945
1138	Població per sexe i lloc de naixement	0101010100170009	Població per sexe i lloc de naixement. Dones. França	2018	1975
1138	Població per sexe i lloc de naixement	0101010100170009	Població per sexe i lloc de naixement. Dones. França	2019	2013
1138	Població per sexe i lloc de naixement	0101010100170009	Població per sexe i lloc de naixement. Dones. França	2020	2004
1138	Població per sexe i lloc de naixement	0101010100170009	Població per sexe i lloc de naixement. Dones. França	2021	2025
1138	Població per sexe i lloc de naixement	0101010100170009	Població per sexe i lloc de naixement. Dones. França	2022	2050
1138	Població per sexe i lloc de naixement	0101010100170009	Població per sexe i lloc de naixement. Dones. França	2023	2118
1138	Població per sexe i lloc de naixement	0101010100170009	Població per sexe i lloc de naixement. Dones. França	2024	2105
1138	Població per sexe i lloc de naixement	0101010100170009	Població per sexe i lloc de naixement. Dones. França	2025	2168
1138	Població per sexe i lloc de naixement	0101010100170010	Població per sexe i lloc de naixement. Dones. Altres	2010	3463
1138	Població per sexe i lloc de naixement	0101010100170010	Població per sexe i lloc de naixement. Dones. Altres	2011	3488
1138	Població per sexe i lloc de naixement	0101010100170010	Població per sexe i lloc de naixement. Dones. Altres	2012	3537
1138	Població per sexe i lloc de naixement	0101010100170010	Població per sexe i lloc de naixement. Dones. Altres	2013	3630
1138	Població per sexe i lloc de naixement	0101010100170010	Població per sexe i lloc de naixement. Dones. Altres	2014	3701
1138	Població per sexe i lloc de naixement	0101010100170010	Població per sexe i lloc de naixement. Dones. Altres	2015	3847
1138	Població per sexe i lloc de naixement	0101010100170010	Població per sexe i lloc de naixement. Dones. Altres	2016	4037
1138	Població per sexe i lloc de naixement	0101010100170010	Població per sexe i lloc de naixement. Dones. Altres	2017	4318
1138	Població per sexe i lloc de naixement	0101010100170010	Població per sexe i lloc de naixement. Dones. Altres	2018	4660
1138	Població per sexe i lloc de naixement	0101010100170010	Població per sexe i lloc de naixement. Dones. Altres	2019	5032
1138	Població per sexe i lloc de naixement	0101010100170010	Població per sexe i lloc de naixement. Dones. Altres	2020	5218
1138	Població per sexe i lloc de naixement	0101010100170010	Població per sexe i lloc de naixement. Dones. Altres	2021	5566
1138	Població per sexe i lloc de naixement	0101010100170010	Població per sexe i lloc de naixement. Dones. Altres	2022	6151
1138	Població per sexe i lloc de naixement	0101010100170010	Població per sexe i lloc de naixement. Dones. Altres	2023	7613
1138	Població per sexe i lloc de naixement	0101010100170010	Població per sexe i lloc de naixement. Dones. Altres	2024	8225
1138	Població per sexe i lloc de naixement	0101010100170010	Població per sexe i lloc de naixement. Dones. Altres	2025	8843
1138	Població per sexe i lloc de naixement	0101010100170011	Població per sexe i lloc de naixement. Total	2010	70290
1138	Població per sexe i lloc de naixement	0101010100170011	Població per sexe i lloc de naixement. Total	2011	69772
1138	Població per sexe i lloc de naixement	0101010100170011	Població per sexe i lloc de naixement. Total	2012	69758
1138	Població per sexe i lloc de naixement	0101010100170011	Població per sexe i lloc de naixement. Total	2013	69966
1138	Població per sexe i lloc de naixement	0101010100170011	Població per sexe i lloc de naixement. Total	2014	70570
1138	Població per sexe i lloc de naixement	0101010100170011	Població per sexe i lloc de naixement. Total	2015	71732
1138	Població per sexe i lloc de naixement	0101010100170011	Població per sexe i lloc de naixement. Total	2016	73105
1138	Població per sexe i lloc de naixement	0101010100170011	Població per sexe i lloc de naixement. Total	2017	74794
1138	Població per sexe i lloc de naixement	0101010100170011	Població per sexe i lloc de naixement. Total	2018	76177
1138	Població per sexe i lloc de naixement	0101010100170011	Població per sexe i lloc de naixement. Total	2019	77543
1138	Població per sexe i lloc de naixement	0101010100170011	Població per sexe i lloc de naixement. Total	2020	78015
1138	Població per sexe i lloc de naixement	0101010100170011	Població per sexe i lloc de naixement. Total	2021	79535
1138	Població per sexe i lloc de naixement	0101010100170011	Població per sexe i lloc de naixement. Total	2022	81588
1138	Població per sexe i lloc de naixement	0101010100170011	Població per sexe i lloc de naixement. Total	2023	85101
1138	Població per sexe i lloc de naixement	0101010100170011	Població per sexe i lloc de naixement. Total	2024	87097
1138	Població per sexe i lloc de naixement	0101010100170011	Població per sexe i lloc de naixement. Total	2025	89058
1140	Població per nacionalitat i lloc de naixement	0101010100210001	Població per nacionalitat i lloc de naixement. Andorrana. Andorra	2010	22754
1140	Població per nacionalitat i lloc de naixement	0101010100210001	Població per nacionalitat i lloc de naixement. Andorrana. Andorra	2011	23195
1140	Població per nacionalitat i lloc de naixement	0101010100210001	Població per nacionalitat i lloc de naixement. Andorrana. Andorra	2012	22925
1140	Població per nacionalitat i lloc de naixement	0101010100210001	Població per nacionalitat i lloc de naixement. Andorrana. Andorra	2013	23303
1140	Població per nacionalitat i lloc de naixement	0101010100210001	Població per nacionalitat i lloc de naixement. Andorrana. Andorra	2014	23750
1140	Població per nacionalitat i lloc de naixement	0101010100210001	Població per nacionalitat i lloc de naixement. Andorrana. Andorra	2015	24229
1140	Població per nacionalitat i lloc de naixement	0101010100210001	Població per nacionalitat i lloc de naixement. Andorrana. Andorra	2016	24567
1140	Població per nacionalitat i lloc de naixement	0101010100210001	Població per nacionalitat i lloc de naixement. Andorrana. Andorra	2017	24882
1140	Població per nacionalitat i lloc de naixement	0101010100210001	Població per nacionalitat i lloc de naixement. Andorrana. Andorra	2018	25160
1140	Població per nacionalitat i lloc de naixement	0101010100210001	Població per nacionalitat i lloc de naixement. Andorrana. Andorra	2019	25540
1140	Població per nacionalitat i lloc de naixement	0101010100210001	Població per nacionalitat i lloc de naixement. Andorrana. Andorra	2020	25811
1140	Població per nacionalitat i lloc de naixement	0101010100210001	Població per nacionalitat i lloc de naixement. Andorrana. Andorra	2021	26089
1140	Població per nacionalitat i lloc de naixement	0101010100210001	Població per nacionalitat i lloc de naixement. Andorrana. Andorra	2022	26398
1140	Població per nacionalitat i lloc de naixement	0101010100210001	Població per nacionalitat i lloc de naixement. Andorrana. Andorra	2023	26537
1140	Població per nacionalitat i lloc de naixement	0101010100210001	Població per nacionalitat i lloc de naixement. Andorrana. Andorra	2024	26840
1140	Població per nacionalitat i lloc de naixement	0101010100210001	Població per nacionalitat i lloc de naixement. Andorrana. Andorra	2025	27031
1140	Població per nacionalitat i lloc de naixement	0101010100210002	Població per nacionalitat i lloc de naixement. Espanyola. Andorra	2010	147
1140	Població per nacionalitat i lloc de naixement	0101010100210002	Població per nacionalitat i lloc de naixement. Espanyola. Andorra	2011	143
1140	Població per nacionalitat i lloc de naixement	0101010100210002	Població per nacionalitat i lloc de naixement. Espanyola. Andorra	2012	276
1140	Població per nacionalitat i lloc de naixement	0101010100210002	Població per nacionalitat i lloc de naixement. Espanyola. Andorra	2013	332
1140	Població per nacionalitat i lloc de naixement	0101010100210002	Població per nacionalitat i lloc de naixement. Espanyola. Andorra	2014	337
1140	Població per nacionalitat i lloc de naixement	0101010100210002	Població per nacionalitat i lloc de naixement. Espanyola. Andorra	2015	344
1140	Població per nacionalitat i lloc de naixement	0101010100210002	Població per nacionalitat i lloc de naixement. Espanyola. Andorra	2016	350
1140	Població per nacionalitat i lloc de naixement	0101010100210002	Població per nacionalitat i lloc de naixement. Espanyola. Andorra	2017	350
1140	Població per nacionalitat i lloc de naixement	0101010100210002	Població per nacionalitat i lloc de naixement. Espanyola. Andorra	2018	351
1140	Població per nacionalitat i lloc de naixement	0101010100210002	Població per nacionalitat i lloc de naixement. Espanyola. Andorra	2019	346
1140	Població per nacionalitat i lloc de naixement	0101010100210002	Població per nacionalitat i lloc de naixement. Espanyola. Andorra	2020	358
1140	Població per nacionalitat i lloc de naixement	0101010100210002	Població per nacionalitat i lloc de naixement. Espanyola. Andorra	2021	361
1140	Població per nacionalitat i lloc de naixement	0101010100210002	Població per nacionalitat i lloc de naixement. Espanyola. Andorra	2022	336
1140	Població per nacionalitat i lloc de naixement	0101010100210002	Població per nacionalitat i lloc de naixement. Espanyola. Andorra	2023	318
1140	Població per nacionalitat i lloc de naixement	0101010100210002	Població per nacionalitat i lloc de naixement. Espanyola. Andorra	2024	312
1140	Població per nacionalitat i lloc de naixement	0101010100210002	Població per nacionalitat i lloc de naixement. Espanyola. Andorra	2025	306
1140	Població per nacionalitat i lloc de naixement	0101010100210003	Població per nacionalitat i lloc de naixement. Francesa. Andorra	2010	15
1140	Població per nacionalitat i lloc de naixement	0101010100210003	Població per nacionalitat i lloc de naixement. Francesa. Andorra	2011	17
1140	Població per nacionalitat i lloc de naixement	0101010100210003	Població per nacionalitat i lloc de naixement. Francesa. Andorra	2012	33
1140	Població per nacionalitat i lloc de naixement	0101010100210003	Població per nacionalitat i lloc de naixement. Francesa. Andorra	2013	35
1140	Població per nacionalitat i lloc de naixement	0101010100210003	Població per nacionalitat i lloc de naixement. Francesa. Andorra	2014	38
1140	Població per nacionalitat i lloc de naixement	0101010100210003	Població per nacionalitat i lloc de naixement. Francesa. Andorra	2015	42
1140	Població per nacionalitat i lloc de naixement	0101010100210003	Població per nacionalitat i lloc de naixement. Francesa. Andorra	2016	42
1140	Població per nacionalitat i lloc de naixement	0101010100210003	Població per nacionalitat i lloc de naixement. Francesa. Andorra	2017	40
1140	Població per nacionalitat i lloc de naixement	0101010100210003	Població per nacionalitat i lloc de naixement. Francesa. Andorra	2018	43
1140	Població per nacionalitat i lloc de naixement	0101010100210003	Població per nacionalitat i lloc de naixement. Francesa. Andorra	2019	39
1140	Població per nacionalitat i lloc de naixement	0101010100210003	Població per nacionalitat i lloc de naixement. Francesa. Andorra	2020	40
1140	Població per nacionalitat i lloc de naixement	0101010100210003	Població per nacionalitat i lloc de naixement. Francesa. Andorra	2021	37
1140	Població per nacionalitat i lloc de naixement	0101010100210003	Població per nacionalitat i lloc de naixement. Francesa. Andorra	2022	37
1140	Població per nacionalitat i lloc de naixement	0101010100210003	Població per nacionalitat i lloc de naixement. Francesa. Andorra	2023	34
1140	Població per nacionalitat i lloc de naixement	0101010100210003	Població per nacionalitat i lloc de naixement. Francesa. Andorra	2024	33
1140	Població per nacionalitat i lloc de naixement	0101010100210003	Població per nacionalitat i lloc de naixement. Francesa. Andorra	2025	36
1140	Població per nacionalitat i lloc de naixement	0101010100210004	Població per nacionalitat i lloc de naixement. Portuguesa. Andorra	2010	52
1140	Població per nacionalitat i lloc de naixement	0101010100210004	Població per nacionalitat i lloc de naixement. Portuguesa. Andorra	2011	58
1140	Població per nacionalitat i lloc de naixement	0101010100210004	Població per nacionalitat i lloc de naixement. Portuguesa. Andorra	2012	137
1140	Població per nacionalitat i lloc de naixement	0101010100210004	Població per nacionalitat i lloc de naixement. Portuguesa. Andorra	2013	179
1140	Població per nacionalitat i lloc de naixement	0101010100210004	Població per nacionalitat i lloc de naixement. Portuguesa. Andorra	2014	183
1140	Població per nacionalitat i lloc de naixement	0101010100210004	Població per nacionalitat i lloc de naixement. Portuguesa. Andorra	2015	179
1140	Població per nacionalitat i lloc de naixement	0101010100210004	Població per nacionalitat i lloc de naixement. Portuguesa. Andorra	2016	183
1140	Població per nacionalitat i lloc de naixement	0101010100210004	Població per nacionalitat i lloc de naixement. Portuguesa. Andorra	2017	178
1140	Població per nacionalitat i lloc de naixement	0101010100210004	Població per nacionalitat i lloc de naixement. Portuguesa. Andorra	2018	172
1140	Població per nacionalitat i lloc de naixement	0101010100210004	Població per nacionalitat i lloc de naixement. Portuguesa. Andorra	2019	166
1140	Població per nacionalitat i lloc de naixement	0101010100210004	Població per nacionalitat i lloc de naixement. Portuguesa. Andorra	2020	170
1140	Població per nacionalitat i lloc de naixement	0101010100210004	Població per nacionalitat i lloc de naixement. Portuguesa. Andorra	2021	155
1140	Població per nacionalitat i lloc de naixement	0101010100210004	Població per nacionalitat i lloc de naixement. Portuguesa. Andorra	2022	141
1140	Població per nacionalitat i lloc de naixement	0101010100210004	Població per nacionalitat i lloc de naixement. Portuguesa. Andorra	2023	136
1140	Població per nacionalitat i lloc de naixement	0101010100210004	Població per nacionalitat i lloc de naixement. Portuguesa. Andorra	2024	136
1140	Població per nacionalitat i lloc de naixement	0101010100210004	Població per nacionalitat i lloc de naixement. Portuguesa. Andorra	2025	135
1140	Població per nacionalitat i lloc de naixement	0101010100210005	Població per nacionalitat i lloc de naixement. Altres. Andorra	2010	75
1140	Població per nacionalitat i lloc de naixement	0101010100210005	Població per nacionalitat i lloc de naixement. Altres. Andorra	2011	85
1140	Població per nacionalitat i lloc de naixement	0101010100210005	Població per nacionalitat i lloc de naixement. Altres. Andorra	2012	548
1140	Població per nacionalitat i lloc de naixement	0101010100210005	Població per nacionalitat i lloc de naixement. Altres. Andorra	2013	395
1140	Població per nacionalitat i lloc de naixement	0101010100210005	Població per nacionalitat i lloc de naixement. Altres. Andorra	2014	363
1140	Població per nacionalitat i lloc de naixement	0101010100210005	Població per nacionalitat i lloc de naixement. Altres. Andorra	2015	325
1140	Població per nacionalitat i lloc de naixement	0101010100210005	Població per nacionalitat i lloc de naixement. Altres. Andorra	2016	291
1140	Població per nacionalitat i lloc de naixement	0101010100210005	Població per nacionalitat i lloc de naixement. Altres. Andorra	2017	301
1140	Població per nacionalitat i lloc de naixement	0101010100210005	Població per nacionalitat i lloc de naixement. Altres. Andorra	2018	262
1140	Població per nacionalitat i lloc de naixement	0101010100210005	Població per nacionalitat i lloc de naixement. Altres. Andorra	2019	270
1140	Població per nacionalitat i lloc de naixement	0101010100210005	Població per nacionalitat i lloc de naixement. Altres. Andorra	2020	286
1140	Població per nacionalitat i lloc de naixement	0101010100210005	Població per nacionalitat i lloc de naixement. Altres. Andorra	2021	269
1140	Població per nacionalitat i lloc de naixement	0101010100210005	Població per nacionalitat i lloc de naixement. Altres. Andorra	2022	251
1140	Població per nacionalitat i lloc de naixement	0101010100210005	Població per nacionalitat i lloc de naixement. Altres. Andorra	2023	274
1140	Població per nacionalitat i lloc de naixement	0101010100210005	Població per nacionalitat i lloc de naixement. Altres. Andorra	2024	269
1140	Població per nacionalitat i lloc de naixement	0101010100210005	Població per nacionalitat i lloc de naixement. Altres. Andorra	2025	259
1140	Població per nacionalitat i lloc de naixement	0101010100210006	Població per nacionalitat i lloc de naixement. Andorrana. Espanya	2010	8988
1140	Població per nacionalitat i lloc de naixement	0101010100210006	Població per nacionalitat i lloc de naixement. Andorrana. Espanya	2011	9128
1140	Població per nacionalitat i lloc de naixement	0101010100210006	Població per nacionalitat i lloc de naixement. Andorrana. Espanya	2012	9221
1140	Població per nacionalitat i lloc de naixement	0101010100210006	Població per nacionalitat i lloc de naixement. Andorrana. Espanya	2013	9357
1140	Població per nacionalitat i lloc de naixement	0101010100210006	Població per nacionalitat i lloc de naixement. Andorrana. Espanya	2014	9474
1140	Població per nacionalitat i lloc de naixement	0101010100210006	Població per nacionalitat i lloc de naixement. Andorrana. Espanya	2015	9642
1140	Població per nacionalitat i lloc de naixement	0101010100210006	Població per nacionalitat i lloc de naixement. Andorrana. Espanya	2016	9682
1140	Població per nacionalitat i lloc de naixement	0101010100210006	Població per nacionalitat i lloc de naixement. Andorrana. Espanya	2017	9550
1140	Població per nacionalitat i lloc de naixement	0101010100210006	Població per nacionalitat i lloc de naixement. Andorrana. Espanya	2018	9650
1140	Població per nacionalitat i lloc de naixement	0101010100210006	Població per nacionalitat i lloc de naixement. Andorrana. Espanya	2019	9799
1140	Població per nacionalitat i lloc de naixement	0101010100210006	Població per nacionalitat i lloc de naixement. Andorrana. Espanya	2020	9793
1140	Població per nacionalitat i lloc de naixement	0101010100210006	Població per nacionalitat i lloc de naixement. Andorrana. Espanya	2021	9882
1140	Població per nacionalitat i lloc de naixement	0101010100210006	Població per nacionalitat i lloc de naixement. Andorrana. Espanya	2022	9941
1140	Població per nacionalitat i lloc de naixement	0101010100210006	Població per nacionalitat i lloc de naixement. Andorrana. Espanya	2023	9918
1140	Població per nacionalitat i lloc de naixement	0101010100210006	Població per nacionalitat i lloc de naixement. Andorrana. Espanya	2024	10007
1140	Població per nacionalitat i lloc de naixement	0101010100210006	Població per nacionalitat i lloc de naixement. Andorrana. Espanya	2025	10073
1140	Població per nacionalitat i lloc de naixement	0101010100210007	Població per nacionalitat i lloc de naixement. Espanyola. Espanya	2010	16796
1140	Població per nacionalitat i lloc de naixement	0101010100210007	Població per nacionalitat i lloc de naixement. Espanyola. Espanya	2011	16355
1140	Població per nacionalitat i lloc de naixement	0101010100210007	Població per nacionalitat i lloc de naixement. Espanyola. Espanya	2012	16142
1140	Població per nacionalitat i lloc de naixement	0101010100210007	Població per nacionalitat i lloc de naixement. Espanyola. Espanya	2013	16122
1140	Població per nacionalitat i lloc de naixement	0101010100210007	Població per nacionalitat i lloc de naixement. Espanyola. Espanya	2014	16147
1140	Població per nacionalitat i lloc de naixement	0101010100210007	Població per nacionalitat i lloc de naixement. Espanyola. Espanya	2015	16404
1140	Població per nacionalitat i lloc de naixement	0101010100210007	Població per nacionalitat i lloc de naixement. Espanyola. Espanya	2016	16909
1140	Població per nacionalitat i lloc de naixement	0101010100210007	Població per nacionalitat i lloc de naixement. Espanyola. Espanya	2017	17502
1140	Població per nacionalitat i lloc de naixement	0101010100210007	Població per nacionalitat i lloc de naixement. Espanyola. Espanya	2018	17807
1140	Població per nacionalitat i lloc de naixement	0101010100210007	Població per nacionalitat i lloc de naixement. Espanyola. Espanya	2019	17863
1140	Població per nacionalitat i lloc de naixement	0101010100210007	Població per nacionalitat i lloc de naixement. Espanyola. Espanya	2020	17797
1140	Població per nacionalitat i lloc de naixement	0101010100210007	Població per nacionalitat i lloc de naixement. Espanyola. Espanya	2021	18216
1140	Població per nacionalitat i lloc de naixement	0101010100210007	Població per nacionalitat i lloc de naixement. Espanyola. Espanya	2022	18666
1140	Població per nacionalitat i lloc de naixement	0101010100210007	Població per nacionalitat i lloc de naixement. Espanyola. Espanya	2023	18848
1140	Població per nacionalitat i lloc de naixement	0101010100210007	Població per nacionalitat i lloc de naixement. Espanyola. Espanya	2024	19081
1140	Població per nacionalitat i lloc de naixement	0101010100210007	Població per nacionalitat i lloc de naixement. Espanyola. Espanya	2025	19290
1140	Població per nacionalitat i lloc de naixement	0101010100210008	Població per nacionalitat i lloc de naixement. Francesa. Espanya	2010	71
1140	Població per nacionalitat i lloc de naixement	0101010100210008	Població per nacionalitat i lloc de naixement. Francesa. Espanya	2011	66
1140	Població per nacionalitat i lloc de naixement	0101010100210008	Població per nacionalitat i lloc de naixement. Francesa. Espanya	2012	62
1140	Població per nacionalitat i lloc de naixement	0101010100210008	Població per nacionalitat i lloc de naixement. Francesa. Espanya	2013	58
1140	Població per nacionalitat i lloc de naixement	0101010100210008	Població per nacionalitat i lloc de naixement. Francesa. Espanya	2014	61
1140	Població per nacionalitat i lloc de naixement	0101010100210008	Població per nacionalitat i lloc de naixement. Francesa. Espanya	2015	57
1140	Població per nacionalitat i lloc de naixement	0101010100210008	Població per nacionalitat i lloc de naixement. Francesa. Espanya	2016	54
1140	Població per nacionalitat i lloc de naixement	0101010100210008	Població per nacionalitat i lloc de naixement. Francesa. Espanya	2017	59
1140	Població per nacionalitat i lloc de naixement	0101010100210008	Població per nacionalitat i lloc de naixement. Francesa. Espanya	2018	66
1140	Població per nacionalitat i lloc de naixement	0101010100210008	Població per nacionalitat i lloc de naixement. Francesa. Espanya	2019	65
1140	Població per nacionalitat i lloc de naixement	0101010100210008	Població per nacionalitat i lloc de naixement. Francesa. Espanya	2020	70
1140	Població per nacionalitat i lloc de naixement	0101010100210008	Població per nacionalitat i lloc de naixement. Francesa. Espanya	2021	76
1140	Població per nacionalitat i lloc de naixement	0101010100210008	Població per nacionalitat i lloc de naixement. Francesa. Espanya	2022	74
1140	Població per nacionalitat i lloc de naixement	0101010100210008	Població per nacionalitat i lloc de naixement. Francesa. Espanya	2023	76
1140	Població per nacionalitat i lloc de naixement	0101010100210008	Població per nacionalitat i lloc de naixement. Francesa. Espanya	2024	80
1140	Població per nacionalitat i lloc de naixement	0101010100210008	Població per nacionalitat i lloc de naixement. Francesa. Espanya	2025	85
1140	Població per nacionalitat i lloc de naixement	0101010100210009	Població per nacionalitat i lloc de naixement. Portuguesa. Espanya	2010	49
1140	Població per nacionalitat i lloc de naixement	0101010100210009	Població per nacionalitat i lloc de naixement. Portuguesa. Espanya	2011	47
1140	Població per nacionalitat i lloc de naixement	0101010100210009	Població per nacionalitat i lloc de naixement. Portuguesa. Espanya	2012	46
1140	Població per nacionalitat i lloc de naixement	0101010100210009	Població per nacionalitat i lloc de naixement. Portuguesa. Espanya	2013	50
1140	Població per nacionalitat i lloc de naixement	0101010100210009	Població per nacionalitat i lloc de naixement. Portuguesa. Espanya	2014	49
1140	Població per nacionalitat i lloc de naixement	0101010100210009	Població per nacionalitat i lloc de naixement. Portuguesa. Espanya	2015	49
1140	Població per nacionalitat i lloc de naixement	0101010100210009	Població per nacionalitat i lloc de naixement. Portuguesa. Espanya	2016	50
1140	Població per nacionalitat i lloc de naixement	0101010100210009	Població per nacionalitat i lloc de naixement. Portuguesa. Espanya	2017	50
1140	Població per nacionalitat i lloc de naixement	0101010100210009	Població per nacionalitat i lloc de naixement. Portuguesa. Espanya	2018	48
1140	Població per nacionalitat i lloc de naixement	0101010100210009	Població per nacionalitat i lloc de naixement. Portuguesa. Espanya	2019	49
1140	Població per nacionalitat i lloc de naixement	0101010100210009	Població per nacionalitat i lloc de naixement. Portuguesa. Espanya	2020	47
1140	Població per nacionalitat i lloc de naixement	0101010100210009	Població per nacionalitat i lloc de naixement. Portuguesa. Espanya	2021	45
1140	Població per nacionalitat i lloc de naixement	0101010100210009	Població per nacionalitat i lloc de naixement. Portuguesa. Espanya	2022	47
1140	Població per nacionalitat i lloc de naixement	0101010100210009	Població per nacionalitat i lloc de naixement. Portuguesa. Espanya	2023	51
1140	Població per nacionalitat i lloc de naixement	0101010100210009	Població per nacionalitat i lloc de naixement. Portuguesa. Espanya	2024	50
1140	Població per nacionalitat i lloc de naixement	0101010100210009	Població per nacionalitat i lloc de naixement. Portuguesa. Espanya	2025	48
1140	Població per nacionalitat i lloc de naixement	0101010100210010	Població per nacionalitat i lloc de naixement. Altres. Espanya	2010	116
1140	Població per nacionalitat i lloc de naixement	0101010100210010	Població per nacionalitat i lloc de naixement. Altres. Espanya	2011	107
1140	Població per nacionalitat i lloc de naixement	0101010100210010	Població per nacionalitat i lloc de naixement. Altres. Espanya	2012	130
1140	Població per nacionalitat i lloc de naixement	0101010100210010	Població per nacionalitat i lloc de naixement. Altres. Espanya	2013	124
1140	Població per nacionalitat i lloc de naixement	0101010100210010	Població per nacionalitat i lloc de naixement. Altres. Espanya	2014	122
1140	Població per nacionalitat i lloc de naixement	0101010100210010	Població per nacionalitat i lloc de naixement. Altres. Espanya	2015	136
1140	Població per nacionalitat i lloc de naixement	0101010100210010	Població per nacionalitat i lloc de naixement. Altres. Espanya	2016	139
1140	Població per nacionalitat i lloc de naixement	0101010100210010	Població per nacionalitat i lloc de naixement. Altres. Espanya	2017	240
1140	Població per nacionalitat i lloc de naixement	0101010100210010	Població per nacionalitat i lloc de naixement. Altres. Espanya	2018	212
1140	Població per nacionalitat i lloc de naixement	0101010100210010	Població per nacionalitat i lloc de naixement. Altres. Espanya	2019	204
1140	Població per nacionalitat i lloc de naixement	0101010100210010	Població per nacionalitat i lloc de naixement. Altres. Espanya	2020	220
1140	Població per nacionalitat i lloc de naixement	0101010100210010	Població per nacionalitat i lloc de naixement. Altres. Espanya	2021	233
1140	Població per nacionalitat i lloc de naixement	0101010100210010	Població per nacionalitat i lloc de naixement. Altres. Espanya	2022	237
1140	Població per nacionalitat i lloc de naixement	0101010100210010	Població per nacionalitat i lloc de naixement. Altres. Espanya	2023	298
1140	Població per nacionalitat i lloc de naixement	0101010100210010	Població per nacionalitat i lloc de naixement. Altres. Espanya	2024	290
1140	Població per nacionalitat i lloc de naixement	0101010100210010	Població per nacionalitat i lloc de naixement. Altres. Espanya	2025	298
1140	Població per nacionalitat i lloc de naixement	0101010100210011	Població per nacionalitat i lloc de naixement. Andorrana. Portugal	2010	245
1140	Població per nacionalitat i lloc de naixement	0101010100210011	Població per nacionalitat i lloc de naixement. Andorrana. Portugal	2011	261
1140	Població per nacionalitat i lloc de naixement	0101010100210011	Població per nacionalitat i lloc de naixement. Andorrana. Portugal	2012	281
1140	Població per nacionalitat i lloc de naixement	0101010100210011	Població per nacionalitat i lloc de naixement. Andorrana. Portugal	2013	294
1140	Població per nacionalitat i lloc de naixement	0101010100210011	Població per nacionalitat i lloc de naixement. Andorrana. Portugal	2014	317
1140	Població per nacionalitat i lloc de naixement	0101010100210011	Població per nacionalitat i lloc de naixement. Andorrana. Portugal	2015	331
1140	Població per nacionalitat i lloc de naixement	0101010100210011	Població per nacionalitat i lloc de naixement. Andorrana. Portugal	2016	346
1140	Població per nacionalitat i lloc de naixement	0101010100210011	Població per nacionalitat i lloc de naixement. Andorrana. Portugal	2017	300
1140	Població per nacionalitat i lloc de naixement	0101010100210011	Població per nacionalitat i lloc de naixement. Andorrana. Portugal	2018	326
1140	Població per nacionalitat i lloc de naixement	0101010100210011	Població per nacionalitat i lloc de naixement. Andorrana. Portugal	2019	349
1140	Població per nacionalitat i lloc de naixement	0101010100210011	Població per nacionalitat i lloc de naixement. Andorrana. Portugal	2020	339
1140	Població per nacionalitat i lloc de naixement	0101010100210011	Població per nacionalitat i lloc de naixement. Andorrana. Portugal	2021	350
1140	Població per nacionalitat i lloc de naixement	0101010100210011	Població per nacionalitat i lloc de naixement. Andorrana. Portugal	2022	361
1140	Població per nacionalitat i lloc de naixement	0101010100210011	Població per nacionalitat i lloc de naixement. Andorrana. Portugal	2023	329
1140	Població per nacionalitat i lloc de naixement	0101010100210011	Població per nacionalitat i lloc de naixement. Andorrana. Portugal	2024	340
1140	Població per nacionalitat i lloc de naixement	0101010100210011	Població per nacionalitat i lloc de naixement. Andorrana. Portugal	2025	357
1140	Població per nacionalitat i lloc de naixement	0101010100210012	Població per nacionalitat i lloc de naixement. Espanyola. Portugal	2010	45
1140	Població per nacionalitat i lloc de naixement	0101010100210012	Població per nacionalitat i lloc de naixement. Espanyola. Portugal	2011	44
1140	Població per nacionalitat i lloc de naixement	0101010100210012	Població per nacionalitat i lloc de naixement. Espanyola. Portugal	2012	42
1140	Població per nacionalitat i lloc de naixement	0101010100210012	Població per nacionalitat i lloc de naixement. Espanyola. Portugal	2013	44
1140	Població per nacionalitat i lloc de naixement	0101010100210012	Població per nacionalitat i lloc de naixement. Espanyola. Portugal	2014	45
1140	Població per nacionalitat i lloc de naixement	0101010100210012	Població per nacionalitat i lloc de naixement. Espanyola. Portugal	2015	42
1140	Població per nacionalitat i lloc de naixement	0101010100210012	Població per nacionalitat i lloc de naixement. Espanyola. Portugal	2016	44
1140	Població per nacionalitat i lloc de naixement	0101010100210012	Població per nacionalitat i lloc de naixement. Espanyola. Portugal	2017	43
1140	Població per nacionalitat i lloc de naixement	0101010100210012	Població per nacionalitat i lloc de naixement. Espanyola. Portugal	2018	38
1140	Població per nacionalitat i lloc de naixement	0101010100210012	Població per nacionalitat i lloc de naixement. Espanyola. Portugal	2019	38
1140	Població per nacionalitat i lloc de naixement	0101010100210012	Població per nacionalitat i lloc de naixement. Espanyola. Portugal	2020	37
1140	Població per nacionalitat i lloc de naixement	0101010100210012	Població per nacionalitat i lloc de naixement. Espanyola. Portugal	2021	39
1140	Població per nacionalitat i lloc de naixement	0101010100210012	Població per nacionalitat i lloc de naixement. Espanyola. Portugal	2022	35
1140	Població per nacionalitat i lloc de naixement	0101010100210012	Població per nacionalitat i lloc de naixement. Espanyola. Portugal	2023	33
1140	Població per nacionalitat i lloc de naixement	0101010100210012	Població per nacionalitat i lloc de naixement. Espanyola. Portugal	2024	34
1140	Població per nacionalitat i lloc de naixement	0101010100210012	Població per nacionalitat i lloc de naixement. Espanyola. Portugal	2025	31
1140	Població per nacionalitat i lloc de naixement	0101010100210013	Població per nacionalitat i lloc de naixement. Francesa. Portugal	2010	7
1140	Població per nacionalitat i lloc de naixement	0101010100210013	Població per nacionalitat i lloc de naixement. Francesa. Portugal	2011	5
1140	Població per nacionalitat i lloc de naixement	0101010100210013	Població per nacionalitat i lloc de naixement. Francesa. Portugal	2012	3
1140	Població per nacionalitat i lloc de naixement	0101010100210013	Població per nacionalitat i lloc de naixement. Francesa. Portugal	2013	2
1140	Població per nacionalitat i lloc de naixement	0101010100210013	Població per nacionalitat i lloc de naixement. Francesa. Portugal	2014	2
1140	Població per nacionalitat i lloc de naixement	0101010100210013	Població per nacionalitat i lloc de naixement. Francesa. Portugal	2015	1
1140	Població per nacionalitat i lloc de naixement	0101010100210013	Població per nacionalitat i lloc de naixement. Francesa. Portugal	2016	2
1140	Població per nacionalitat i lloc de naixement	0101010100210013	Població per nacionalitat i lloc de naixement. Francesa. Portugal	2017	2
1140	Població per nacionalitat i lloc de naixement	0101010100210013	Població per nacionalitat i lloc de naixement. Francesa. Portugal	2018	2
1140	Població per nacionalitat i lloc de naixement	0101010100210013	Població per nacionalitat i lloc de naixement. Francesa. Portugal	2019	4
1140	Població per nacionalitat i lloc de naixement	0101010100210013	Població per nacionalitat i lloc de naixement. Francesa. Portugal	2020	4
1140	Població per nacionalitat i lloc de naixement	0101010100210013	Població per nacionalitat i lloc de naixement. Francesa. Portugal	2021	4
1140	Població per nacionalitat i lloc de naixement	0101010100210013	Població per nacionalitat i lloc de naixement. Francesa. Portugal	2022	4
1140	Població per nacionalitat i lloc de naixement	0101010100210013	Població per nacionalitat i lloc de naixement. Francesa. Portugal	2023	4
1140	Població per nacionalitat i lloc de naixement	0101010100210013	Població per nacionalitat i lloc de naixement. Francesa. Portugal	2024	4
1140	Població per nacionalitat i lloc de naixement	0101010100210013	Població per nacionalitat i lloc de naixement. Francesa. Portugal	2025	5
1140	Població per nacionalitat i lloc de naixement	0101010100210014	Població per nacionalitat i lloc de naixement. Portuguesa. Portugal	2010	10247
1140	Població per nacionalitat i lloc de naixement	0101010100210014	Població per nacionalitat i lloc de naixement. Portuguesa. Portugal	2011	9712
1140	Població per nacionalitat i lloc de naixement	0101010100210014	Població per nacionalitat i lloc de naixement. Portuguesa. Portugal	2012	9337
1140	Població per nacionalitat i lloc de naixement	0101010100210014	Població per nacionalitat i lloc de naixement. Portuguesa. Portugal	2013	8967
1140	Població per nacionalitat i lloc de naixement	0101010100210014	Població per nacionalitat i lloc de naixement. Portuguesa. Portugal	2014	8729
1140	Població per nacionalitat i lloc de naixement	0101010100210014	Població per nacionalitat i lloc de naixement. Portuguesa. Portugal	2015	8631
1140	Població per nacionalitat i lloc de naixement	0101010100210014	Població per nacionalitat i lloc de naixement. Portuguesa. Portugal	2016	8559
1140	Població per nacionalitat i lloc de naixement	0101010100210014	Població per nacionalitat i lloc de naixement. Portuguesa. Portugal	2017	8562
1140	Població per nacionalitat i lloc de naixement	0101010100210014	Població per nacionalitat i lloc de naixement. Portuguesa. Portugal	2018	8548
1140	Població per nacionalitat i lloc de naixement	0101010100210014	Població per nacionalitat i lloc de naixement. Portuguesa. Portugal	2019	8573
1140	Població per nacionalitat i lloc de naixement	0101010100210014	Població per nacionalitat i lloc de naixement. Portuguesa. Portugal	2020	8441
1140	Població per nacionalitat i lloc de naixement	0101010100210014	Població per nacionalitat i lloc de naixement. Portuguesa. Portugal	2021	8269
1140	Població per nacionalitat i lloc de naixement	0101010100210014	Població per nacionalitat i lloc de naixement. Portuguesa. Portugal	2022	8169
1140	Població per nacionalitat i lloc de naixement	0101010100210014	Població per nacionalitat i lloc de naixement. Portuguesa. Portugal	2023	8065
1140	Població per nacionalitat i lloc de naixement	0101010100210014	Població per nacionalitat i lloc de naixement. Portuguesa. Portugal	2024	7922
1140	Població per nacionalitat i lloc de naixement	0101010100210014	Població per nacionalitat i lloc de naixement. Portuguesa. Portugal	2025	7800
1140	Població per nacionalitat i lloc de naixement	0101010100210015	Població per nacionalitat i lloc de naixement. Altres. Portugal	2010	3
1140	Població per nacionalitat i lloc de naixement	0101010100210015	Població per nacionalitat i lloc de naixement. Altres. Portugal	2011	2
1140	Població per nacionalitat i lloc de naixement	0101010100210015	Població per nacionalitat i lloc de naixement. Altres. Portugal	2012	6
1140	Població per nacionalitat i lloc de naixement	0101010100210015	Població per nacionalitat i lloc de naixement. Altres. Portugal	2013	3
1140	Població per nacionalitat i lloc de naixement	0101010100210015	Població per nacionalitat i lloc de naixement. Altres. Portugal	2014	4
1140	Població per nacionalitat i lloc de naixement	0101010100210015	Població per nacionalitat i lloc de naixement. Altres. Portugal	2015	3
1140	Població per nacionalitat i lloc de naixement	0101010100210015	Població per nacionalitat i lloc de naixement. Altres. Portugal	2016	3
1140	Població per nacionalitat i lloc de naixement	0101010100210015	Població per nacionalitat i lloc de naixement. Altres. Portugal	2017	42
1140	Població per nacionalitat i lloc de naixement	0101010100210015	Població per nacionalitat i lloc de naixement. Altres. Portugal	2018	27
1140	Població per nacionalitat i lloc de naixement	0101010100210015	Població per nacionalitat i lloc de naixement. Altres. Portugal	2019	24
1140	Població per nacionalitat i lloc de naixement	0101010100210015	Població per nacionalitat i lloc de naixement. Altres. Portugal	2020	32
1140	Població per nacionalitat i lloc de naixement	0101010100210015	Població per nacionalitat i lloc de naixement. Altres. Portugal	2021	31
1140	Població per nacionalitat i lloc de naixement	0101010100210015	Població per nacionalitat i lloc de naixement. Altres. Portugal	2022	30
1140	Població per nacionalitat i lloc de naixement	0101010100210015	Població per nacionalitat i lloc de naixement. Altres. Portugal	2023	45
1140	Població per nacionalitat i lloc de naixement	0101010100210015	Població per nacionalitat i lloc de naixement. Altres. Portugal	2024	44
1140	Població per nacionalitat i lloc de naixement	0101010100210015	Població per nacionalitat i lloc de naixement. Altres. Portugal	2025	45
1140	Població per nacionalitat i lloc de naixement	0101010100210016	Població per nacionalitat i lloc de naixement. Andorrana. França	2010	1023
1140	Població per nacionalitat i lloc de naixement	0101010100210016	Població per nacionalitat i lloc de naixement. Andorrana. França	2011	1027
1140	Població per nacionalitat i lloc de naixement	0101010100210016	Població per nacionalitat i lloc de naixement. Andorrana. França	2012	1019
1140	Població per nacionalitat i lloc de naixement	0101010100210016	Població per nacionalitat i lloc de naixement. Andorrana. França	2013	1043
1140	Població per nacionalitat i lloc de naixement	0101010100210016	Població per nacionalitat i lloc de naixement. Andorrana. França	2014	1049
1140	Població per nacionalitat i lloc de naixement	0101010100210016	Població per nacionalitat i lloc de naixement. Andorrana. França	2015	1065
1140	Població per nacionalitat i lloc de naixement	0101010100210016	Població per nacionalitat i lloc de naixement. Andorrana. França	2016	1074
1140	Població per nacionalitat i lloc de naixement	0101010100210016	Població per nacionalitat i lloc de naixement. Andorrana. França	2017	1044
1140	Població per nacionalitat i lloc de naixement	0101010100210016	Població per nacionalitat i lloc de naixement. Andorrana. França	2018	1046
1140	Població per nacionalitat i lloc de naixement	0101010100210016	Població per nacionalitat i lloc de naixement. Andorrana. França	2019	1057
1140	Població per nacionalitat i lloc de naixement	0101010100210016	Població per nacionalitat i lloc de naixement. Andorrana. França	2020	1046
1140	Població per nacionalitat i lloc de naixement	0101010100210016	Població per nacionalitat i lloc de naixement. Andorrana. França	2021	1047
1140	Població per nacionalitat i lloc de naixement	0101010100210016	Població per nacionalitat i lloc de naixement. Andorrana. França	2022	1045
1140	Població per nacionalitat i lloc de naixement	0101010100210016	Població per nacionalitat i lloc de naixement. Andorrana. França	2023	1039
1140	Població per nacionalitat i lloc de naixement	0101010100210016	Població per nacionalitat i lloc de naixement. Andorrana. França	2024	1041
1140	Població per nacionalitat i lloc de naixement	0101010100210016	Població per nacionalitat i lloc de naixement. Andorrana. França	2025	1051
1140	Població per nacionalitat i lloc de naixement	0101010100210017	Població per nacionalitat i lloc de naixement. Espanyola. França	2010	136
1140	Població per nacionalitat i lloc de naixement	0101010100210017	Població per nacionalitat i lloc de naixement. Espanyola. França	2011	128
1140	Població per nacionalitat i lloc de naixement	0101010100210017	Població per nacionalitat i lloc de naixement. Espanyola. França	2012	129
1140	Població per nacionalitat i lloc de naixement	0101010100210017	Població per nacionalitat i lloc de naixement. Espanyola. França	2013	123
1140	Població per nacionalitat i lloc de naixement	0101010100210017	Població per nacionalitat i lloc de naixement. Espanyola. França	2014	126
1140	Població per nacionalitat i lloc de naixement	0101010100210017	Població per nacionalitat i lloc de naixement. Espanyola. França	2015	119
1140	Població per nacionalitat i lloc de naixement	0101010100210017	Població per nacionalitat i lloc de naixement. Espanyola. França	2016	119
1140	Població per nacionalitat i lloc de naixement	0101010100210017	Població per nacionalitat i lloc de naixement. Espanyola. França	2017	131
1140	Població per nacionalitat i lloc de naixement	0101010100210017	Població per nacionalitat i lloc de naixement. Espanyola. França	2018	131
1140	Població per nacionalitat i lloc de naixement	0101010100210017	Població per nacionalitat i lloc de naixement. Espanyola. França	2019	133
1140	Població per nacionalitat i lloc de naixement	0101010100210017	Població per nacionalitat i lloc de naixement. Espanyola. França	2020	134
1140	Població per nacionalitat i lloc de naixement	0101010100210017	Població per nacionalitat i lloc de naixement. Espanyola. França	2021	142
1140	Població per nacionalitat i lloc de naixement	0101010100210017	Població per nacionalitat i lloc de naixement. Espanyola. França	2022	131
1140	Població per nacionalitat i lloc de naixement	0101010100210017	Població per nacionalitat i lloc de naixement. Espanyola. França	2023	127
1140	Població per nacionalitat i lloc de naixement	0101010100210017	Població per nacionalitat i lloc de naixement. Espanyola. França	2024	120
1140	Població per nacionalitat i lloc de naixement	0101010100210017	Població per nacionalitat i lloc de naixement. Espanyola. França	2025	125
1140	Població per nacionalitat i lloc de naixement	0101010100210018	Població per nacionalitat i lloc de naixement. Francesa. França	2010	2608
1140	Població per nacionalitat i lloc de naixement	0101010100210018	Població per nacionalitat i lloc de naixement. Francesa. França	2011	2465
1140	Població per nacionalitat i lloc de naixement	0101010100210018	Població per nacionalitat i lloc de naixement. Francesa. França	2012	2401
1140	Població per nacionalitat i lloc de naixement	0101010100210018	Població per nacionalitat i lloc de naixement. Francesa. França	2013	2349
1140	Població per nacionalitat i lloc de naixement	0101010100210018	Població per nacionalitat i lloc de naixement. Francesa. França	2014	2398
1140	Població per nacionalitat i lloc de naixement	0101010100210018	Població per nacionalitat i lloc de naixement. Francesa. França	2015	2491
1140	Població per nacionalitat i lloc de naixement	0101010100210018	Població per nacionalitat i lloc de naixement. Francesa. França	2016	2620
1140	Població per nacionalitat i lloc de naixement	0101010100210018	Població per nacionalitat i lloc de naixement. Francesa. França	2017	2839
1140	Població per nacionalitat i lloc de naixement	0101010100210018	Població per nacionalitat i lloc de naixement. Francesa. França	2018	2950
1140	Població per nacionalitat i lloc de naixement	0101010100210018	Població per nacionalitat i lloc de naixement. Francesa. França	2019	2999
1140	Població per nacionalitat i lloc de naixement	0101010100210018	Població per nacionalitat i lloc de naixement. Francesa. França	2020	3020
1140	Població per nacionalitat i lloc de naixement	0101010100210018	Població per nacionalitat i lloc de naixement. Francesa. França	2021	3146
1140	Població per nacionalitat i lloc de naixement	0101010100210018	Població per nacionalitat i lloc de naixement. Francesa. França	2022	3253
1140	Població per nacionalitat i lloc de naixement	0101010100210018	Població per nacionalitat i lloc de naixement. Francesa. França	2023	3425
1140	Població per nacionalitat i lloc de naixement	0101010100210018	Població per nacionalitat i lloc de naixement. Francesa. França	2024	3439
1140	Població per nacionalitat i lloc de naixement	0101010100210018	Població per nacionalitat i lloc de naixement. Francesa. França	2025	3665
1140	Població per nacionalitat i lloc de naixement	0101010100210019	Població per nacionalitat i lloc de naixement. Portuguesa. França	2010	199
1140	Població per nacionalitat i lloc de naixement	0101010100210019	Població per nacionalitat i lloc de naixement. Portuguesa. França	2011	192
1140	Població per nacionalitat i lloc de naixement	0101010100210019	Població per nacionalitat i lloc de naixement. Portuguesa. França	2012	176
1140	Població per nacionalitat i lloc de naixement	0101010100210019	Població per nacionalitat i lloc de naixement. Portuguesa. França	2013	165
1140	Població per nacionalitat i lloc de naixement	0101010100210019	Població per nacionalitat i lloc de naixement. Portuguesa. França	2014	159
1140	Població per nacionalitat i lloc de naixement	0101010100210019	Població per nacionalitat i lloc de naixement. Portuguesa. França	2015	158
1140	Població per nacionalitat i lloc de naixement	0101010100210019	Població per nacionalitat i lloc de naixement. Portuguesa. França	2016	161
1140	Població per nacionalitat i lloc de naixement	0101010100210019	Població per nacionalitat i lloc de naixement. Portuguesa. França	2017	160
1140	Població per nacionalitat i lloc de naixement	0101010100210019	Població per nacionalitat i lloc de naixement. Portuguesa. França	2018	159
1140	Població per nacionalitat i lloc de naixement	0101010100210019	Població per nacionalitat i lloc de naixement. Portuguesa. França	2019	164
1140	Població per nacionalitat i lloc de naixement	0101010100210019	Població per nacionalitat i lloc de naixement. Portuguesa. França	2020	160
1140	Població per nacionalitat i lloc de naixement	0101010100210019	Població per nacionalitat i lloc de naixement. Portuguesa. França	2021	160
1140	Població per nacionalitat i lloc de naixement	0101010100210019	Població per nacionalitat i lloc de naixement. Portuguesa. França	2022	156
1140	Població per nacionalitat i lloc de naixement	0101010100210019	Població per nacionalitat i lloc de naixement. Portuguesa. França	2023	157
1140	Població per nacionalitat i lloc de naixement	0101010100210019	Població per nacionalitat i lloc de naixement. Portuguesa. França	2024	150
1140	Població per nacionalitat i lloc de naixement	0101010100210019	Població per nacionalitat i lloc de naixement. Portuguesa. França	2025	146
1140	Població per nacionalitat i lloc de naixement	0101010100210020	Població per nacionalitat i lloc de naixement. Altres. França	2010	27
1140	Població per nacionalitat i lloc de naixement	0101010100210020	Població per nacionalitat i lloc de naixement. Altres. França	2011	30
1140	Població per nacionalitat i lloc de naixement	0101010100210020	Població per nacionalitat i lloc de naixement. Altres. França	2012	36
1140	Població per nacionalitat i lloc de naixement	0101010100210020	Població per nacionalitat i lloc de naixement. Altres. França	2013	30
1140	Població per nacionalitat i lloc de naixement	0101010100210020	Població per nacionalitat i lloc de naixement. Altres. França	2014	36
1140	Població per nacionalitat i lloc de naixement	0101010100210020	Població per nacionalitat i lloc de naixement. Altres. França	2015	34
1140	Població per nacionalitat i lloc de naixement	0101010100210020	Població per nacionalitat i lloc de naixement. Altres. França	2016	31
1140	Població per nacionalitat i lloc de naixement	0101010100210020	Població per nacionalitat i lloc de naixement. Altres. França	2017	42
1140	Població per nacionalitat i lloc de naixement	0101010100210020	Població per nacionalitat i lloc de naixement. Altres. França	2018	36
1140	Població per nacionalitat i lloc de naixement	0101010100210020	Població per nacionalitat i lloc de naixement. Altres. França	2019	34
1140	Població per nacionalitat i lloc de naixement	0101010100210020	Població per nacionalitat i lloc de naixement. Altres. França	2020	37
1140	Població per nacionalitat i lloc de naixement	0101010100210020	Població per nacionalitat i lloc de naixement. Altres. França	2021	41
1140	Població per nacionalitat i lloc de naixement	0101010100210020	Població per nacionalitat i lloc de naixement. Altres. França	2022	38
1140	Població per nacionalitat i lloc de naixement	0101010100210020	Població per nacionalitat i lloc de naixement. Altres. França	2023	48
1140	Població per nacionalitat i lloc de naixement	0101010100210020	Població per nacionalitat i lloc de naixement. Altres. França	2024	54
1140	Població per nacionalitat i lloc de naixement	0101010100210020	Població per nacionalitat i lloc de naixement. Altres. França	2025	56
1140	Població per nacionalitat i lloc de naixement	0101010100210021	Població per nacionalitat i lloc de naixement. Andorrana. Altres	2010	692
1140	Població per nacionalitat i lloc de naixement	0101010100210021	Població per nacionalitat i lloc de naixement. Andorrana. Altres	2011	738
1140	Població per nacionalitat i lloc de naixement	0101010100210021	Població per nacionalitat i lloc de naixement. Andorrana. Altres	2012	759
1140	Població per nacionalitat i lloc de naixement	0101010100210021	Població per nacionalitat i lloc de naixement. Andorrana. Altres	2013	792
1140	Població per nacionalitat i lloc de naixement	0101010100210021	Població per nacionalitat i lloc de naixement. Andorrana. Altres	2014	834
1140	Població per nacionalitat i lloc de naixement	0101010100210021	Població per nacionalitat i lloc de naixement. Andorrana. Altres	2015	865
1140	Població per nacionalitat i lloc de naixement	0101010100210021	Població per nacionalitat i lloc de naixement. Andorrana. Altres	2016	906
1140	Població per nacionalitat i lloc de naixement	0101010100210021	Població per nacionalitat i lloc de naixement. Andorrana. Altres	2017	921
1140	Població per nacionalitat i lloc de naixement	0101010100210021	Població per nacionalitat i lloc de naixement. Andorrana. Altres	2018	962
1140	Població per nacionalitat i lloc de naixement	0101010100210021	Població per nacionalitat i lloc de naixement. Andorrana. Altres	2019	1004
1140	Població per nacionalitat i lloc de naixement	0101010100210021	Població per nacionalitat i lloc de naixement. Andorrana. Altres	2020	1010
1140	Població per nacionalitat i lloc de naixement	0101010100210021	Població per nacionalitat i lloc de naixement. Andorrana. Altres	2021	1061
1140	Població per nacionalitat i lloc de naixement	0101010100210021	Població per nacionalitat i lloc de naixement. Andorrana. Altres	2022	1122
1140	Població per nacionalitat i lloc de naixement	0101010100210021	Població per nacionalitat i lloc de naixement. Andorrana. Altres	2023	1154
1140	Població per nacionalitat i lloc de naixement	0101010100210021	Població per nacionalitat i lloc de naixement. Andorrana. Altres	2024	1242
1140	Població per nacionalitat i lloc de naixement	0101010100210021	Població per nacionalitat i lloc de naixement. Andorrana. Altres	2025	1303
1140	Població per nacionalitat i lloc de naixement	0101010100210022	Població per nacionalitat i lloc de naixement. Espanyola. Altres	2010	555
1140	Població per nacionalitat i lloc de naixement	0101010100210022	Població per nacionalitat i lloc de naixement. Espanyola. Altres	2011	545
1140	Població per nacionalitat i lloc de naixement	0101010100210022	Població per nacionalitat i lloc de naixement. Espanyola. Altres	2012	550
1140	Població per nacionalitat i lloc de naixement	0101010100210022	Població per nacionalitat i lloc de naixement. Espanyola. Altres	2013	544
1140	Població per nacionalitat i lloc de naixement	0101010100210022	Població per nacionalitat i lloc de naixement. Espanyola. Altres	2014	572
1140	Població per nacionalitat i lloc de naixement	0101010100210022	Població per nacionalitat i lloc de naixement. Espanyola. Altres	2015	603
1140	Població per nacionalitat i lloc de naixement	0101010100210022	Població per nacionalitat i lloc de naixement. Espanyola. Altres	2016	642
1140	Població per nacionalitat i lloc de naixement	0101010100210022	Població per nacionalitat i lloc de naixement. Espanyola. Altres	2017	711
1140	Població per nacionalitat i lloc de naixement	0101010100210022	Població per nacionalitat i lloc de naixement. Espanyola. Altres	2018	804
1140	Població per nacionalitat i lloc de naixement	0101010100210022	Població per nacionalitat i lloc de naixement. Espanyola. Altres	2019	851
1140	Població per nacionalitat i lloc de naixement	0101010100210022	Població per nacionalitat i lloc de naixement. Espanyola. Altres	2020	885
1140	Població per nacionalitat i lloc de naixement	0101010100210022	Població per nacionalitat i lloc de naixement. Espanyola. Altres	2021	957
1140	Població per nacionalitat i lloc de naixement	0101010100210022	Població per nacionalitat i lloc de naixement. Espanyola. Altres	2022	1048
1140	Població per nacionalitat i lloc de naixement	0101010100210022	Població per nacionalitat i lloc de naixement. Espanyola. Altres	2023	1123
1140	Població per nacionalitat i lloc de naixement	0101010100210022	Població per nacionalitat i lloc de naixement. Espanyola. Altres	2024	1152
1140	Població per nacionalitat i lloc de naixement	0101010100210022	Població per nacionalitat i lloc de naixement. Espanyola. Altres	2025	1261
1140	Població per nacionalitat i lloc de naixement	0101010100210023	Població per nacionalitat i lloc de naixement. Francesa. Altres	2010	236
1140	Població per nacionalitat i lloc de naixement	0101010100210023	Població per nacionalitat i lloc de naixement. Francesa. Altres	2011	235
1140	Població per nacionalitat i lloc de naixement	0101010100210023	Població per nacionalitat i lloc de naixement. Francesa. Altres	2012	229
1140	Població per nacionalitat i lloc de naixement	0101010100210023	Població per nacionalitat i lloc de naixement. Francesa. Altres	2013	231
1140	Població per nacionalitat i lloc de naixement	0101010100210023	Població per nacionalitat i lloc de naixement. Francesa. Altres	2014	232
1140	Població per nacionalitat i lloc de naixement	0101010100210023	Població per nacionalitat i lloc de naixement. Francesa. Altres	2015	243
1140	Població per nacionalitat i lloc de naixement	0101010100210023	Població per nacionalitat i lloc de naixement. Francesa. Altres	2016	250
1140	Població per nacionalitat i lloc de naixement	0101010100210023	Població per nacionalitat i lloc de naixement. Francesa. Altres	2017	259
1140	Població per nacionalitat i lloc de naixement	0101010100210023	Població per nacionalitat i lloc de naixement. Francesa. Altres	2018	278
1140	Població per nacionalitat i lloc de naixement	0101010100210023	Població per nacionalitat i lloc de naixement. Francesa. Altres	2019	284
1140	Població per nacionalitat i lloc de naixement	0101010100210023	Població per nacionalitat i lloc de naixement. Francesa. Altres	2020	289
1140	Població per nacionalitat i lloc de naixement	0101010100210023	Població per nacionalitat i lloc de naixement. Francesa. Altres	2021	286
1140	Població per nacionalitat i lloc de naixement	0101010100210023	Població per nacionalitat i lloc de naixement. Francesa. Altres	2022	297
1140	Població per nacionalitat i lloc de naixement	0101010100210023	Població per nacionalitat i lloc de naixement. Francesa. Altres	2023	306
1140	Població per nacionalitat i lloc de naixement	0101010100210023	Població per nacionalitat i lloc de naixement. Francesa. Altres	2024	318
1140	Població per nacionalitat i lloc de naixement	0101010100210023	Població per nacionalitat i lloc de naixement. Francesa. Altres	2025	322
1140	Població per nacionalitat i lloc de naixement	0101010100210024	Població per nacionalitat i lloc de naixement. Portuguesa. Altres	2010	285
1140	Població per nacionalitat i lloc de naixement	0101010100210024	Població per nacionalitat i lloc de naixement. Portuguesa. Altres	2011	275
1140	Població per nacionalitat i lloc de naixement	0101010100210024	Població per nacionalitat i lloc de naixement. Portuguesa. Altres	2012	260
1140	Població per nacionalitat i lloc de naixement	0101010100210024	Població per nacionalitat i lloc de naixement. Portuguesa. Altres	2013	253
1140	Població per nacionalitat i lloc de naixement	0101010100210024	Població per nacionalitat i lloc de naixement. Portuguesa. Altres	2014	240
1140	Població per nacionalitat i lloc de naixement	0101010100210024	Població per nacionalitat i lloc de naixement. Portuguesa. Altres	2015	244
1140	Població per nacionalitat i lloc de naixement	0101010100210024	Població per nacionalitat i lloc de naixement. Portuguesa. Altres	2016	243
1140	Població per nacionalitat i lloc de naixement	0101010100210024	Població per nacionalitat i lloc de naixement. Portuguesa. Altres	2017	243
1140	Població per nacionalitat i lloc de naixement	0101010100210024	Població per nacionalitat i lloc de naixement. Portuguesa. Altres	2018	248
1140	Població per nacionalitat i lloc de naixement	0101010100210024	Població per nacionalitat i lloc de naixement. Portuguesa. Altres	2019	260
1140	Població per nacionalitat i lloc de naixement	0101010100210024	Població per nacionalitat i lloc de naixement. Portuguesa. Altres	2020	265
1140	Població per nacionalitat i lloc de naixement	0101010100210024	Població per nacionalitat i lloc de naixement. Portuguesa. Altres	2021	256
1140	Població per nacionalitat i lloc de naixement	0101010100210024	Població per nacionalitat i lloc de naixement. Portuguesa. Altres	2022	264
1140	Població per nacionalitat i lloc de naixement	0101010100210024	Població per nacionalitat i lloc de naixement. Portuguesa. Altres	2023	270
1140	Població per nacionalitat i lloc de naixement	0101010100210024	Població per nacionalitat i lloc de naixement. Portuguesa. Altres	2024	271
1140	Població per nacionalitat i lloc de naixement	0101010100210024	Població per nacionalitat i lloc de naixement. Portuguesa. Altres	2025	299
1140	Població per nacionalitat i lloc de naixement	0101010100210025	Població per nacionalitat i lloc de naixement. Altres. Altres	2010	4919
1140	Població per nacionalitat i lloc de naixement	0101010100210025	Població per nacionalitat i lloc de naixement. Altres. Altres	2011	4912
1140	Població per nacionalitat i lloc de naixement	0101010100210025	Població per nacionalitat i lloc de naixement. Altres. Altres	2012	5010
1140	Població per nacionalitat i lloc de naixement	0101010100210025	Població per nacionalitat i lloc de naixement. Altres. Altres	2013	5171
1140	Població per nacionalitat i lloc de naixement	0101010100210025	Població per nacionalitat i lloc de naixement. Altres. Altres	2014	5303
1140	Població per nacionalitat i lloc de naixement	0101010100210025	Població per nacionalitat i lloc de naixement. Altres. Altres	2015	5495
1140	Població per nacionalitat i lloc de naixement	0101010100210025	Població per nacionalitat i lloc de naixement. Altres. Altres	2016	5838
1140	Població per nacionalitat i lloc de naixement	0101010100210025	Població per nacionalitat i lloc de naixement. Altres. Altres	2017	6343
1140	Població per nacionalitat i lloc de naixement	0101010100210025	Població per nacionalitat i lloc de naixement. Altres. Altres	2018	6851
1140	Població per nacionalitat i lloc de naixement	0101010100210025	Població per nacionalitat i lloc de naixement. Altres. Altres	2019	7428
1140	Població per nacionalitat i lloc de naixement	0101010100210025	Població per nacionalitat i lloc de naixement. Altres. Altres	2020	7724
1140	Població per nacionalitat i lloc de naixement	0101010100210025	Població per nacionalitat i lloc de naixement. Altres. Altres	2021	8383
1140	Població per nacionalitat i lloc de naixement	0101010100210025	Població per nacionalitat i lloc de naixement. Altres. Altres	2022	9507
1140	Població per nacionalitat i lloc de naixement	0101010100210025	Població per nacionalitat i lloc de naixement. Altres. Altres	2023	12486
1140	Població per nacionalitat i lloc de naixement	0101010100210025	Població per nacionalitat i lloc de naixement. Altres. Altres	2024	13868
1140	Població per nacionalitat i lloc de naixement	0101010100210025	Població per nacionalitat i lloc de naixement. Altres. Altres	2025	15031
1140	Població per nacionalitat i lloc de naixement	0101010100210026	Població per nacionalitat i lloc de naixement. Total	2010	70290
1140	Població per nacionalitat i lloc de naixement	0101010100210026	Població per nacionalitat i lloc de naixement. Total	2011	69772
1140	Població per nacionalitat i lloc de naixement	0101010100210026	Població per nacionalitat i lloc de naixement. Total	2012	69758
1140	Població per nacionalitat i lloc de naixement	0101010100210026	Població per nacionalitat i lloc de naixement. Total	2013	69966
1140	Població per nacionalitat i lloc de naixement	0101010100210026	Població per nacionalitat i lloc de naixement. Total	2014	70570
1140	Població per nacionalitat i lloc de naixement	0101010100210026	Població per nacionalitat i lloc de naixement. Total	2015	71732
1140	Població per nacionalitat i lloc de naixement	0101010100210026	Població per nacionalitat i lloc de naixement. Total	2016	73105
1140	Població per nacionalitat i lloc de naixement	0101010100210026	Població per nacionalitat i lloc de naixement. Total	2017	74794
1140	Població per nacionalitat i lloc de naixement	0101010100210026	Població per nacionalitat i lloc de naixement. Total	2018	76177
1140	Població per nacionalitat i lloc de naixement	0101010100210026	Població per nacionalitat i lloc de naixement. Total	2019	77543
1140	Població per nacionalitat i lloc de naixement	0101010100210026	Població per nacionalitat i lloc de naixement. Total	2020	78015
1140	Població per nacionalitat i lloc de naixement	0101010100210026	Població per nacionalitat i lloc de naixement. Total	2021	79535
1140	Població per nacionalitat i lloc de naixement	0101010100210026	Població per nacionalitat i lloc de naixement. Total	2022	81588
1140	Població per nacionalitat i lloc de naixement	0101010100210026	Població per nacionalitat i lloc de naixement. Total	2023	85101
1140	Població per nacionalitat i lloc de naixement	0101010100210026	Població per nacionalitat i lloc de naixement. Total	2024	87097
1140	Població per nacionalitat i lloc de naixement	0101010100210026	Població per nacionalitat i lloc de naixement. Total	2025	89058
