idDivision	taula	codi	serie	periode	valor
196	NOMBRE D ´ALLOTJAMENTS TURÍSTICS	0205060200010001	NOMBRE D ´ALLOTJAMENTS TURÍSTICS. TOTAL	2004	294
196	NOMBRE D ´ALLOTJAMENTS TURÍSTICS	0205060200010001	NOMBRE D ´ALLOTJAMENTS TURÍSTICS. TOTAL	2005	294
196	NOMBRE D ´ALLOTJAMENTS TURÍSTICS	0205060200010001	NOMBRE D ´ALLOTJAMENTS TURÍSTICS. TOTAL	2006	258
196	NOMBRE D ´ALLOTJAMENTS TURÍSTICS	0205060200010001	NOMBRE D ´ALLOTJAMENTS TURÍSTICS. TOTAL	2007	267
196	NOMBRE D ´ALLOTJAMENTS TURÍSTICS	0205060200010001	NOMBRE D ´ALLOTJAMENTS TURÍSTICS. TOTAL	2008	270
196	NOMBRE D ´ALLOTJAMENTS TURÍSTICS	0205060200010001	NOMBRE D ´ALLOTJAMENTS TURÍSTICS. TOTAL	2009	260
196	NOMBRE D ´ALLOTJAMENTS TURÍSTICS	0205060200010001	NOMBRE D ´ALLOTJAMENTS TURÍSTICS. TOTAL	2010	258
196	NOMBRE D ´ALLOTJAMENTS TURÍSTICS	0205060200010001	NOMBRE D ´ALLOTJAMENTS TURÍSTICS. TOTAL	2011	253
196	NOMBRE D ´ALLOTJAMENTS TURÍSTICS	0205060200010001	NOMBRE D ´ALLOTJAMENTS TURÍSTICS. TOTAL	2012	249
196	NOMBRE D ´ALLOTJAMENTS TURÍSTICS	0205060200010001	NOMBRE D ´ALLOTJAMENTS TURÍSTICS. TOTAL	2013	243
196	NOMBRE D ´ALLOTJAMENTS TURÍSTICS	0205060200010001	NOMBRE D ´ALLOTJAMENTS TURÍSTICS. TOTAL	2014	241
196	NOMBRE D ´ALLOTJAMENTS TURÍSTICS	0205060200010001	NOMBRE D ´ALLOTJAMENTS TURÍSTICS. TOTAL	2015	239
196	NOMBRE D ´ALLOTJAMENTS TURÍSTICS	0205060200010001	NOMBRE D ´ALLOTJAMENTS TURÍSTICS. TOTAL	2016	235
196	NOMBRE D ´ALLOTJAMENTS TURÍSTICS	0205060200010001	NOMBRE D ´ALLOTJAMENTS TURÍSTICS. TOTAL	2017	235
196	NOMBRE D ´ALLOTJAMENTS TURÍSTICS	0205060200010001	NOMBRE D ´ALLOTJAMENTS TURÍSTICS. TOTAL	2018	239
196	NOMBRE D ´ALLOTJAMENTS TURÍSTICS	0205060200010001	NOMBRE D ´ALLOTJAMENTS TURÍSTICS. TOTAL	2019	230
196	NOMBRE D ´ALLOTJAMENTS TURÍSTICS	0205060200010001	NOMBRE D ´ALLOTJAMENTS TURÍSTICS. TOTAL	2020	225
196	NOMBRE D ´ALLOTJAMENTS TURÍSTICS	0205060200010001	NOMBRE D ´ALLOTJAMENTS TURÍSTICS. TOTAL	2021	216
196	NOMBRE D ´ALLOTJAMENTS TURÍSTICS	0205060200010001	NOMBRE D ´ALLOTJAMENTS TURÍSTICS. TOTAL	2022	226
196	NOMBRE D ´ALLOTJAMENTS TURÍSTICS	0205060200010001	NOMBRE D ´ALLOTJAMENTS TURÍSTICS. TOTAL	2023	218
196	NOMBRE D ´ALLOTJAMENTS TURÍSTICS	0205060200010001	NOMBRE D ´ALLOTJAMENTS TURÍSTICS. TOTAL	2024	219
196	NOMBRE D ´ALLOTJAMENTS TURÍSTICS	0205060200010001	NOMBRE D ´ALLOTJAMENTS TURÍSTICS. TOTAL	2025	218
197	NOMBRE D ´ALLOTJAMENTS TURÍSTICS PER PARRÒQUIA	0205060200020001	NOMBRE D ´ALLOTJAMENTS TURÍSTICS PER PARRÒQUIA. CANILLO	2004	46
197	NOMBRE D ´ALLOTJAMENTS TURÍSTICS PER PARRÒQUIA	0205060200020001	NOMBRE D ´ALLOTJAMENTS TURÍSTICS PER PARRÒQUIA. CANILLO	2005	47
197	NOMBRE D ´ALLOTJAMENTS TURÍSTICS PER PARRÒQUIA	0205060200020001	NOMBRE D ´ALLOTJAMENTS TURÍSTICS PER PARRÒQUIA. CANILLO	2006	38
197	NOMBRE D ´ALLOTJAMENTS TURÍSTICS PER PARRÒQUIA	0205060200020001	NOMBRE D ´ALLOTJAMENTS TURÍSTICS PER PARRÒQUIA. CANILLO	2007	44
197	NOMBRE D ´ALLOTJAMENTS TURÍSTICS PER PARRÒQUIA	0205060200020001	NOMBRE D ´ALLOTJAMENTS TURÍSTICS PER PARRÒQUIA. CANILLO	2008	49
197	NOMBRE D ´ALLOTJAMENTS TURÍSTICS PER PARRÒQUIA	0205060200020001	NOMBRE D ´ALLOTJAMENTS TURÍSTICS PER PARRÒQUIA. CANILLO	2009	49
197	NOMBRE D ´ALLOTJAMENTS TURÍSTICS PER PARRÒQUIA	0205060200020001	NOMBRE D ´ALLOTJAMENTS TURÍSTICS PER PARRÒQUIA. CANILLO	2010	51
197	NOMBRE D ´ALLOTJAMENTS TURÍSTICS PER PARRÒQUIA	0205060200020001	NOMBRE D ´ALLOTJAMENTS TURÍSTICS PER PARRÒQUIA. CANILLO	2011	50
197	NOMBRE D ´ALLOTJAMENTS TURÍSTICS PER PARRÒQUIA	0205060200020001	NOMBRE D ´ALLOTJAMENTS TURÍSTICS PER PARRÒQUIA. CANILLO	2012	50
197	NOMBRE D ´ALLOTJAMENTS TURÍSTICS PER PARRÒQUIA	0205060200020001	NOMBRE D ´ALLOTJAMENTS TURÍSTICS PER PARRÒQUIA. CANILLO	2013	48
197	NOMBRE D ´ALLOTJAMENTS TURÍSTICS PER PARRÒQUIA	0205060200020001	NOMBRE D ´ALLOTJAMENTS TURÍSTICS PER PARRÒQUIA. CANILLO	2014	48
197	NOMBRE D ´ALLOTJAMENTS TURÍSTICS PER PARRÒQUIA	0205060200020001	NOMBRE D ´ALLOTJAMENTS TURÍSTICS PER PARRÒQUIA. CANILLO	2015	49
197	NOMBRE D ´ALLOTJAMENTS TURÍSTICS PER PARRÒQUIA	0205060200020001	NOMBRE D ´ALLOTJAMENTS TURÍSTICS PER PARRÒQUIA. CANILLO	2016	45
197	NOMBRE D ´ALLOTJAMENTS TURÍSTICS PER PARRÒQUIA	0205060200020001	NOMBRE D ´ALLOTJAMENTS TURÍSTICS PER PARRÒQUIA. CANILLO	2017	45
197	NOMBRE D ´ALLOTJAMENTS TURÍSTICS PER PARRÒQUIA	0205060200020001	NOMBRE D ´ALLOTJAMENTS TURÍSTICS PER PARRÒQUIA. CANILLO	2018	47
197	NOMBRE D ´ALLOTJAMENTS TURÍSTICS PER PARRÒQUIA	0205060200020001	NOMBRE D ´ALLOTJAMENTS TURÍSTICS PER PARRÒQUIA. CANILLO	2019	47
197	NOMBRE D ´ALLOTJAMENTS TURÍSTICS PER PARRÒQUIA	0205060200020001	NOMBRE D ´ALLOTJAMENTS TURÍSTICS PER PARRÒQUIA. CANILLO	2020	44
197	NOMBRE D ´ALLOTJAMENTS TURÍSTICS PER PARRÒQUIA	0205060200020001	NOMBRE D ´ALLOTJAMENTS TURÍSTICS PER PARRÒQUIA. CANILLO	2021	43
197	NOMBRE D ´ALLOTJAMENTS TURÍSTICS PER PARRÒQUIA	0205060200020001	NOMBRE D ´ALLOTJAMENTS TURÍSTICS PER PARRÒQUIA. CANILLO	2022	45
197	NOMBRE D ´ALLOTJAMENTS TURÍSTICS PER PARRÒQUIA	0205060200020001	NOMBRE D ´ALLOTJAMENTS TURÍSTICS PER PARRÒQUIA. CANILLO	2023	43
197	NOMBRE D ´ALLOTJAMENTS TURÍSTICS PER PARRÒQUIA	0205060200020001	NOMBRE D ´ALLOTJAMENTS TURÍSTICS PER PARRÒQUIA. CANILLO	2024	43
197	NOMBRE D ´ALLOTJAMENTS TURÍSTICS PER PARRÒQUIA	0205060200020001	NOMBRE D ´ALLOTJAMENTS TURÍSTICS PER PARRÒQUIA. CANILLO	2025	43
197	NOMBRE D ´ALLOTJAMENTS TURÍSTICS PER PARRÒQUIA	0205060200020002	NOMBRE D ´ALLOTJAMENTS TURÍSTICS PER PARRÒQUIA. ENCAMP	2004	74
197	NOMBRE D ´ALLOTJAMENTS TURÍSTICS PER PARRÒQUIA	0205060200020002	NOMBRE D ´ALLOTJAMENTS TURÍSTICS PER PARRÒQUIA. ENCAMP	2005	74
197	NOMBRE D ´ALLOTJAMENTS TURÍSTICS PER PARRÒQUIA	0205060200020002	NOMBRE D ´ALLOTJAMENTS TURÍSTICS PER PARRÒQUIA. ENCAMP	2006	59
197	NOMBRE D ´ALLOTJAMENTS TURÍSTICS PER PARRÒQUIA	0205060200020002	NOMBRE D ´ALLOTJAMENTS TURÍSTICS PER PARRÒQUIA. ENCAMP	2007	60
197	NOMBRE D ´ALLOTJAMENTS TURÍSTICS PER PARRÒQUIA	0205060200020002	NOMBRE D ´ALLOTJAMENTS TURÍSTICS PER PARRÒQUIA. ENCAMP	2008	61
197	NOMBRE D ´ALLOTJAMENTS TURÍSTICS PER PARRÒQUIA	0205060200020002	NOMBRE D ´ALLOTJAMENTS TURÍSTICS PER PARRÒQUIA. ENCAMP	2009	56
197	NOMBRE D ´ALLOTJAMENTS TURÍSTICS PER PARRÒQUIA	0205060200020002	NOMBRE D ´ALLOTJAMENTS TURÍSTICS PER PARRÒQUIA. ENCAMP	2010	54
197	NOMBRE D ´ALLOTJAMENTS TURÍSTICS PER PARRÒQUIA	0205060200020002	NOMBRE D ´ALLOTJAMENTS TURÍSTICS PER PARRÒQUIA. ENCAMP	2011	52
197	NOMBRE D ´ALLOTJAMENTS TURÍSTICS PER PARRÒQUIA	0205060200020002	NOMBRE D ´ALLOTJAMENTS TURÍSTICS PER PARRÒQUIA. ENCAMP	2012	51
197	NOMBRE D ´ALLOTJAMENTS TURÍSTICS PER PARRÒQUIA	0205060200020002	NOMBRE D ´ALLOTJAMENTS TURÍSTICS PER PARRÒQUIA. ENCAMP	2013	48
197	NOMBRE D ´ALLOTJAMENTS TURÍSTICS PER PARRÒQUIA	0205060200020002	NOMBRE D ´ALLOTJAMENTS TURÍSTICS PER PARRÒQUIA. ENCAMP	2014	48
197	NOMBRE D ´ALLOTJAMENTS TURÍSTICS PER PARRÒQUIA	0205060200020002	NOMBRE D ´ALLOTJAMENTS TURÍSTICS PER PARRÒQUIA. ENCAMP	2015	49
197	NOMBRE D ´ALLOTJAMENTS TURÍSTICS PER PARRÒQUIA	0205060200020002	NOMBRE D ´ALLOTJAMENTS TURÍSTICS PER PARRÒQUIA. ENCAMP	2016	49
197	NOMBRE D ´ALLOTJAMENTS TURÍSTICS PER PARRÒQUIA	0205060200020002	NOMBRE D ´ALLOTJAMENTS TURÍSTICS PER PARRÒQUIA. ENCAMP	2017	51
197	NOMBRE D ´ALLOTJAMENTS TURÍSTICS PER PARRÒQUIA	0205060200020002	NOMBRE D ´ALLOTJAMENTS TURÍSTICS PER PARRÒQUIA. ENCAMP	2018	51
197	NOMBRE D ´ALLOTJAMENTS TURÍSTICS PER PARRÒQUIA	0205060200020002	NOMBRE D ´ALLOTJAMENTS TURÍSTICS PER PARRÒQUIA. ENCAMP	2019	49
197	NOMBRE D ´ALLOTJAMENTS TURÍSTICS PER PARRÒQUIA	0205060200020002	NOMBRE D ´ALLOTJAMENTS TURÍSTICS PER PARRÒQUIA. ENCAMP	2020	49
197	NOMBRE D ´ALLOTJAMENTS TURÍSTICS PER PARRÒQUIA	0205060200020002	NOMBRE D ´ALLOTJAMENTS TURÍSTICS PER PARRÒQUIA. ENCAMP	2021	47
197	NOMBRE D ´ALLOTJAMENTS TURÍSTICS PER PARRÒQUIA	0205060200020002	NOMBRE D ´ALLOTJAMENTS TURÍSTICS PER PARRÒQUIA. ENCAMP	2022	53
197	NOMBRE D ´ALLOTJAMENTS TURÍSTICS PER PARRÒQUIA	0205060200020002	NOMBRE D ´ALLOTJAMENTS TURÍSTICS PER PARRÒQUIA. ENCAMP	2023	51
197	NOMBRE D ´ALLOTJAMENTS TURÍSTICS PER PARRÒQUIA	0205060200020002	NOMBRE D ´ALLOTJAMENTS TURÍSTICS PER PARRÒQUIA. ENCAMP	2024	51
197	NOMBRE D ´ALLOTJAMENTS TURÍSTICS PER PARRÒQUIA	0205060200020002	NOMBRE D ´ALLOTJAMENTS TURÍSTICS PER PARRÒQUIA. ENCAMP	2025	51
197	NOMBRE D ´ALLOTJAMENTS TURÍSTICS PER PARRÒQUIA	0205060200020003	NOMBRE D ´ALLOTJAMENTS TURÍSTICS PER PARRÒQUIA. ORDINO	2004	22
197	NOMBRE D ´ALLOTJAMENTS TURÍSTICS PER PARRÒQUIA	0205060200020003	NOMBRE D ´ALLOTJAMENTS TURÍSTICS PER PARRÒQUIA. ORDINO	2005	24
197	NOMBRE D ´ALLOTJAMENTS TURÍSTICS PER PARRÒQUIA	0205060200020003	NOMBRE D ´ALLOTJAMENTS TURÍSTICS PER PARRÒQUIA. ORDINO	2006	24
197	NOMBRE D ´ALLOTJAMENTS TURÍSTICS PER PARRÒQUIA	0205060200020003	NOMBRE D ´ALLOTJAMENTS TURÍSTICS PER PARRÒQUIA. ORDINO	2007	26
197	NOMBRE D ´ALLOTJAMENTS TURÍSTICS PER PARRÒQUIA	0205060200020003	NOMBRE D ´ALLOTJAMENTS TURÍSTICS PER PARRÒQUIA. ORDINO	2008	28
197	NOMBRE D ´ALLOTJAMENTS TURÍSTICS PER PARRÒQUIA	0205060200020003	NOMBRE D ´ALLOTJAMENTS TURÍSTICS PER PARRÒQUIA. ORDINO	2009	28
197	NOMBRE D ´ALLOTJAMENTS TURÍSTICS PER PARRÒQUIA	0205060200020003	NOMBRE D ´ALLOTJAMENTS TURÍSTICS PER PARRÒQUIA. ORDINO	2010	27
197	NOMBRE D ´ALLOTJAMENTS TURÍSTICS PER PARRÒQUIA	0205060200020003	NOMBRE D ´ALLOTJAMENTS TURÍSTICS PER PARRÒQUIA. ORDINO	2011	28
197	NOMBRE D ´ALLOTJAMENTS TURÍSTICS PER PARRÒQUIA	0205060200020003	NOMBRE D ´ALLOTJAMENTS TURÍSTICS PER PARRÒQUIA. ORDINO	2012	29
197	NOMBRE D ´ALLOTJAMENTS TURÍSTICS PER PARRÒQUIA	0205060200020003	NOMBRE D ´ALLOTJAMENTS TURÍSTICS PER PARRÒQUIA. ORDINO	2013	29
197	NOMBRE D ´ALLOTJAMENTS TURÍSTICS PER PARRÒQUIA	0205060200020003	NOMBRE D ´ALLOTJAMENTS TURÍSTICS PER PARRÒQUIA. ORDINO	2014	28
197	NOMBRE D ´ALLOTJAMENTS TURÍSTICS PER PARRÒQUIA	0205060200020003	NOMBRE D ´ALLOTJAMENTS TURÍSTICS PER PARRÒQUIA. ORDINO	2015	29
197	NOMBRE D ´ALLOTJAMENTS TURÍSTICS PER PARRÒQUIA	0205060200020003	NOMBRE D ´ALLOTJAMENTS TURÍSTICS PER PARRÒQUIA. ORDINO	2016	27
197	NOMBRE D ´ALLOTJAMENTS TURÍSTICS PER PARRÒQUIA	0205060200020003	NOMBRE D ´ALLOTJAMENTS TURÍSTICS PER PARRÒQUIA. ORDINO	2017	27
197	NOMBRE D ´ALLOTJAMENTS TURÍSTICS PER PARRÒQUIA	0205060200020003	NOMBRE D ´ALLOTJAMENTS TURÍSTICS PER PARRÒQUIA. ORDINO	2018	29
197	NOMBRE D ´ALLOTJAMENTS TURÍSTICS PER PARRÒQUIA	0205060200020003	NOMBRE D ´ALLOTJAMENTS TURÍSTICS PER PARRÒQUIA. ORDINO	2019	25
197	NOMBRE D ´ALLOTJAMENTS TURÍSTICS PER PARRÒQUIA	0205060200020003	NOMBRE D ´ALLOTJAMENTS TURÍSTICS PER PARRÒQUIA. ORDINO	2020	24
197	NOMBRE D ´ALLOTJAMENTS TURÍSTICS PER PARRÒQUIA	0205060200020003	NOMBRE D ´ALLOTJAMENTS TURÍSTICS PER PARRÒQUIA. ORDINO	2021	24
197	NOMBRE D ´ALLOTJAMENTS TURÍSTICS PER PARRÒQUIA	0205060200020003	NOMBRE D ´ALLOTJAMENTS TURÍSTICS PER PARRÒQUIA. ORDINO	2022	24
197	NOMBRE D ´ALLOTJAMENTS TURÍSTICS PER PARRÒQUIA	0205060200020003	NOMBRE D ´ALLOTJAMENTS TURÍSTICS PER PARRÒQUIA. ORDINO	2023	22
197	NOMBRE D ´ALLOTJAMENTS TURÍSTICS PER PARRÒQUIA	0205060200020003	NOMBRE D ´ALLOTJAMENTS TURÍSTICS PER PARRÒQUIA. ORDINO	2024	23
197	NOMBRE D ´ALLOTJAMENTS TURÍSTICS PER PARRÒQUIA	0205060200020003	NOMBRE D ´ALLOTJAMENTS TURÍSTICS PER PARRÒQUIA. ORDINO	2025	23
197	NOMBRE D ´ALLOTJAMENTS TURÍSTICS PER PARRÒQUIA	0205060200020004	NOMBRE D ´ALLOTJAMENTS TURÍSTICS PER PARRÒQUIA. LA MASSANA	2004	44
197	NOMBRE D ´ALLOTJAMENTS TURÍSTICS PER PARRÒQUIA	0205060200020004	NOMBRE D ´ALLOTJAMENTS TURÍSTICS PER PARRÒQUIA. LA MASSANA	2005	44
197	NOMBRE D ´ALLOTJAMENTS TURÍSTICS PER PARRÒQUIA	0205060200020004	NOMBRE D ´ALLOTJAMENTS TURÍSTICS PER PARRÒQUIA. LA MASSANA	2006	38
197	NOMBRE D ´ALLOTJAMENTS TURÍSTICS PER PARRÒQUIA	0205060200020004	NOMBRE D ´ALLOTJAMENTS TURÍSTICS PER PARRÒQUIA. LA MASSANA	2007	39
197	NOMBRE D ´ALLOTJAMENTS TURÍSTICS PER PARRÒQUIA	0205060200020004	NOMBRE D ´ALLOTJAMENTS TURÍSTICS PER PARRÒQUIA. LA MASSANA	2008	39
197	NOMBRE D ´ALLOTJAMENTS TURÍSTICS PER PARRÒQUIA	0205060200020004	NOMBRE D ´ALLOTJAMENTS TURÍSTICS PER PARRÒQUIA. LA MASSANA	2009	38
197	NOMBRE D ´ALLOTJAMENTS TURÍSTICS PER PARRÒQUIA	0205060200020004	NOMBRE D ´ALLOTJAMENTS TURÍSTICS PER PARRÒQUIA. LA MASSANA	2010	39
197	NOMBRE D ´ALLOTJAMENTS TURÍSTICS PER PARRÒQUIA	0205060200020004	NOMBRE D ´ALLOTJAMENTS TURÍSTICS PER PARRÒQUIA. LA MASSANA	2011	39
197	NOMBRE D ´ALLOTJAMENTS TURÍSTICS PER PARRÒQUIA	0205060200020004	NOMBRE D ´ALLOTJAMENTS TURÍSTICS PER PARRÒQUIA. LA MASSANA	2012	37
197	NOMBRE D ´ALLOTJAMENTS TURÍSTICS PER PARRÒQUIA	0205060200020004	NOMBRE D ´ALLOTJAMENTS TURÍSTICS PER PARRÒQUIA. LA MASSANA	2013	37
197	NOMBRE D ´ALLOTJAMENTS TURÍSTICS PER PARRÒQUIA	0205060200020004	NOMBRE D ´ALLOTJAMENTS TURÍSTICS PER PARRÒQUIA. LA MASSANA	2014	38
197	NOMBRE D ´ALLOTJAMENTS TURÍSTICS PER PARRÒQUIA	0205060200020004	NOMBRE D ´ALLOTJAMENTS TURÍSTICS PER PARRÒQUIA. LA MASSANA	2015	37
197	NOMBRE D ´ALLOTJAMENTS TURÍSTICS PER PARRÒQUIA	0205060200020004	NOMBRE D ´ALLOTJAMENTS TURÍSTICS PER PARRÒQUIA. LA MASSANA	2016	38
197	NOMBRE D ´ALLOTJAMENTS TURÍSTICS PER PARRÒQUIA	0205060200020004	NOMBRE D ´ALLOTJAMENTS TURÍSTICS PER PARRÒQUIA. LA MASSANA	2017	37
197	NOMBRE D ´ALLOTJAMENTS TURÍSTICS PER PARRÒQUIA	0205060200020004	NOMBRE D ´ALLOTJAMENTS TURÍSTICS PER PARRÒQUIA. LA MASSANA	2018	38
197	NOMBRE D ´ALLOTJAMENTS TURÍSTICS PER PARRÒQUIA	0205060200020004	NOMBRE D ´ALLOTJAMENTS TURÍSTICS PER PARRÒQUIA. LA MASSANA	2019	36
197	NOMBRE D ´ALLOTJAMENTS TURÍSTICS PER PARRÒQUIA	0205060200020004	NOMBRE D ´ALLOTJAMENTS TURÍSTICS PER PARRÒQUIA. LA MASSANA	2020	36
197	NOMBRE D ´ALLOTJAMENTS TURÍSTICS PER PARRÒQUIA	0205060200020004	NOMBRE D ´ALLOTJAMENTS TURÍSTICS PER PARRÒQUIA. LA MASSANA	2021	35
197	NOMBRE D ´ALLOTJAMENTS TURÍSTICS PER PARRÒQUIA	0205060200020004	NOMBRE D ´ALLOTJAMENTS TURÍSTICS PER PARRÒQUIA. LA MASSANA	2022	33
197	NOMBRE D ´ALLOTJAMENTS TURÍSTICS PER PARRÒQUIA	0205060200020004	NOMBRE D ´ALLOTJAMENTS TURÍSTICS PER PARRÒQUIA. LA MASSANA	2023	33
197	NOMBRE D ´ALLOTJAMENTS TURÍSTICS PER PARRÒQUIA	0205060200020004	NOMBRE D ´ALLOTJAMENTS TURÍSTICS PER PARRÒQUIA. LA MASSANA	2024	34
197	NOMBRE D ´ALLOTJAMENTS TURÍSTICS PER PARRÒQUIA	0205060200020004	NOMBRE D ´ALLOTJAMENTS TURÍSTICS PER PARRÒQUIA. LA MASSANA	2025	34
197	NOMBRE D ´ALLOTJAMENTS TURÍSTICS PER PARRÒQUIA	0205060200020005	NOMBRE D ´ALLOTJAMENTS TURÍSTICS PER PARRÒQUIA. ANDORRA LA VELLA	2004	54
197	NOMBRE D ´ALLOTJAMENTS TURÍSTICS PER PARRÒQUIA	0205060200020005	NOMBRE D ´ALLOTJAMENTS TURÍSTICS PER PARRÒQUIA. ANDORRA LA VELLA	2005	54
197	NOMBRE D ´ALLOTJAMENTS TURÍSTICS PER PARRÒQUIA	0205060200020005	NOMBRE D ´ALLOTJAMENTS TURÍSTICS PER PARRÒQUIA. ANDORRA LA VELLA	2006	47
197	NOMBRE D ´ALLOTJAMENTS TURÍSTICS PER PARRÒQUIA	0205060200020005	NOMBRE D ´ALLOTJAMENTS TURÍSTICS PER PARRÒQUIA. ANDORRA LA VELLA	2007	46
197	NOMBRE D ´ALLOTJAMENTS TURÍSTICS PER PARRÒQUIA	0205060200020005	NOMBRE D ´ALLOTJAMENTS TURÍSTICS PER PARRÒQUIA. ANDORRA LA VELLA	2008	45
197	NOMBRE D ´ALLOTJAMENTS TURÍSTICS PER PARRÒQUIA	0205060200020005	NOMBRE D ´ALLOTJAMENTS TURÍSTICS PER PARRÒQUIA. ANDORRA LA VELLA	2009	44
197	NOMBRE D ´ALLOTJAMENTS TURÍSTICS PER PARRÒQUIA	0205060200020005	NOMBRE D ´ALLOTJAMENTS TURÍSTICS PER PARRÒQUIA. ANDORRA LA VELLA	2010	41
197	NOMBRE D ´ALLOTJAMENTS TURÍSTICS PER PARRÒQUIA	0205060200020005	NOMBRE D ´ALLOTJAMENTS TURÍSTICS PER PARRÒQUIA. ANDORRA LA VELLA	2011	39
197	NOMBRE D ´ALLOTJAMENTS TURÍSTICS PER PARRÒQUIA	0205060200020005	NOMBRE D ´ALLOTJAMENTS TURÍSTICS PER PARRÒQUIA. ANDORRA LA VELLA	2012	38
197	NOMBRE D ´ALLOTJAMENTS TURÍSTICS PER PARRÒQUIA	0205060200020005	NOMBRE D ´ALLOTJAMENTS TURÍSTICS PER PARRÒQUIA. ANDORRA LA VELLA	2013	36
197	NOMBRE D ´ALLOTJAMENTS TURÍSTICS PER PARRÒQUIA	0205060200020005	NOMBRE D ´ALLOTJAMENTS TURÍSTICS PER PARRÒQUIA. ANDORRA LA VELLA	2014	35
197	NOMBRE D ´ALLOTJAMENTS TURÍSTICS PER PARRÒQUIA	0205060200020005	NOMBRE D ´ALLOTJAMENTS TURÍSTICS PER PARRÒQUIA. ANDORRA LA VELLA	2015	34
197	NOMBRE D ´ALLOTJAMENTS TURÍSTICS PER PARRÒQUIA	0205060200020005	NOMBRE D ´ALLOTJAMENTS TURÍSTICS PER PARRÒQUIA. ANDORRA LA VELLA	2016	35
197	NOMBRE D ´ALLOTJAMENTS TURÍSTICS PER PARRÒQUIA	0205060200020005	NOMBRE D ´ALLOTJAMENTS TURÍSTICS PER PARRÒQUIA. ANDORRA LA VELLA	2017	34
197	NOMBRE D ´ALLOTJAMENTS TURÍSTICS PER PARRÒQUIA	0205060200020005	NOMBRE D ´ALLOTJAMENTS TURÍSTICS PER PARRÒQUIA. ANDORRA LA VELLA	2018	33
197	NOMBRE D ´ALLOTJAMENTS TURÍSTICS PER PARRÒQUIA	0205060200020005	NOMBRE D ´ALLOTJAMENTS TURÍSTICS PER PARRÒQUIA. ANDORRA LA VELLA	2019	33
197	NOMBRE D ´ALLOTJAMENTS TURÍSTICS PER PARRÒQUIA	0205060200020005	NOMBRE D ´ALLOTJAMENTS TURÍSTICS PER PARRÒQUIA. ANDORRA LA VELLA	2020	32
197	NOMBRE D ´ALLOTJAMENTS TURÍSTICS PER PARRÒQUIA	0205060200020005	NOMBRE D ´ALLOTJAMENTS TURÍSTICS PER PARRÒQUIA. ANDORRA LA VELLA	2021	31
197	NOMBRE D ´ALLOTJAMENTS TURÍSTICS PER PARRÒQUIA	0205060200020005	NOMBRE D ´ALLOTJAMENTS TURÍSTICS PER PARRÒQUIA. ANDORRA LA VELLA	2022	34
197	NOMBRE D ´ALLOTJAMENTS TURÍSTICS PER PARRÒQUIA	0205060200020005	NOMBRE D ´ALLOTJAMENTS TURÍSTICS PER PARRÒQUIA. ANDORRA LA VELLA	2023	33
197	NOMBRE D ´ALLOTJAMENTS TURÍSTICS PER PARRÒQUIA	0205060200020005	NOMBRE D ´ALLOTJAMENTS TURÍSTICS PER PARRÒQUIA. ANDORRA LA VELLA	2024	33
197	NOMBRE D ´ALLOTJAMENTS TURÍSTICS PER PARRÒQUIA	0205060200020005	NOMBRE D ´ALLOTJAMENTS TURÍSTICS PER PARRÒQUIA. ANDORRA LA VELLA	2025	32
197	NOMBRE D ´ALLOTJAMENTS TURÍSTICS PER PARRÒQUIA	0205060200020006	NOMBRE D ´ALLOTJAMENTS TURÍSTICS PER PARRÒQUIA. SANT JULIÀ DE LÒRIA	2004	12
197	NOMBRE D ´ALLOTJAMENTS TURÍSTICS PER PARRÒQUIA	0205060200020006	NOMBRE D ´ALLOTJAMENTS TURÍSTICS PER PARRÒQUIA. SANT JULIÀ DE LÒRIA	2005	13
197	NOMBRE D ´ALLOTJAMENTS TURÍSTICS PER PARRÒQUIA	0205060200020006	NOMBRE D ´ALLOTJAMENTS TURÍSTICS PER PARRÒQUIA. SANT JULIÀ DE LÒRIA	2006	13
197	NOMBRE D ´ALLOTJAMENTS TURÍSTICS PER PARRÒQUIA	0205060200020006	NOMBRE D ´ALLOTJAMENTS TURÍSTICS PER PARRÒQUIA. SANT JULIÀ DE LÒRIA	2007	13
197	NOMBRE D ´ALLOTJAMENTS TURÍSTICS PER PARRÒQUIA	0205060200020006	NOMBRE D ´ALLOTJAMENTS TURÍSTICS PER PARRÒQUIA. SANT JULIÀ DE LÒRIA	2008	13
197	NOMBRE D ´ALLOTJAMENTS TURÍSTICS PER PARRÒQUIA	0205060200020006	NOMBRE D ´ALLOTJAMENTS TURÍSTICS PER PARRÒQUIA. SANT JULIÀ DE LÒRIA	2009	12
197	NOMBRE D ´ALLOTJAMENTS TURÍSTICS PER PARRÒQUIA	0205060200020006	NOMBRE D ´ALLOTJAMENTS TURÍSTICS PER PARRÒQUIA. SANT JULIÀ DE LÒRIA	2010	12
197	NOMBRE D ´ALLOTJAMENTS TURÍSTICS PER PARRÒQUIA	0205060200020006	NOMBRE D ´ALLOTJAMENTS TURÍSTICS PER PARRÒQUIA. SANT JULIÀ DE LÒRIA	2011	11
197	NOMBRE D ´ALLOTJAMENTS TURÍSTICS PER PARRÒQUIA	0205060200020006	NOMBRE D ´ALLOTJAMENTS TURÍSTICS PER PARRÒQUIA. SANT JULIÀ DE LÒRIA	2012	11
197	NOMBRE D ´ALLOTJAMENTS TURÍSTICS PER PARRÒQUIA	0205060200020006	NOMBRE D ´ALLOTJAMENTS TURÍSTICS PER PARRÒQUIA. SANT JULIÀ DE LÒRIA	2013	11
197	NOMBRE D ´ALLOTJAMENTS TURÍSTICS PER PARRÒQUIA	0205060200020006	NOMBRE D ´ALLOTJAMENTS TURÍSTICS PER PARRÒQUIA. SANT JULIÀ DE LÒRIA	2014	10
197	NOMBRE D ´ALLOTJAMENTS TURÍSTICS PER PARRÒQUIA	0205060200020006	NOMBRE D ´ALLOTJAMENTS TURÍSTICS PER PARRÒQUIA. SANT JULIÀ DE LÒRIA	2015	8
197	NOMBRE D ´ALLOTJAMENTS TURÍSTICS PER PARRÒQUIA	0205060200020006	NOMBRE D ´ALLOTJAMENTS TURÍSTICS PER PARRÒQUIA. SANT JULIÀ DE LÒRIA	2016	8
197	NOMBRE D ´ALLOTJAMENTS TURÍSTICS PER PARRÒQUIA	0205060200020006	NOMBRE D ´ALLOTJAMENTS TURÍSTICS PER PARRÒQUIA. SANT JULIÀ DE LÒRIA	2017	8
197	NOMBRE D ´ALLOTJAMENTS TURÍSTICS PER PARRÒQUIA	0205060200020006	NOMBRE D ´ALLOTJAMENTS TURÍSTICS PER PARRÒQUIA. SANT JULIÀ DE LÒRIA	2018	8
197	NOMBRE D ´ALLOTJAMENTS TURÍSTICS PER PARRÒQUIA	0205060200020006	NOMBRE D ´ALLOTJAMENTS TURÍSTICS PER PARRÒQUIA. SANT JULIÀ DE LÒRIA	2019	8
197	NOMBRE D ´ALLOTJAMENTS TURÍSTICS PER PARRÒQUIA	0205060200020006	NOMBRE D ´ALLOTJAMENTS TURÍSTICS PER PARRÒQUIA. SANT JULIÀ DE LÒRIA	2020	8
197	NOMBRE D ´ALLOTJAMENTS TURÍSTICS PER PARRÒQUIA	0205060200020006	NOMBRE D ´ALLOTJAMENTS TURÍSTICS PER PARRÒQUIA. SANT JULIÀ DE LÒRIA	2021	8
197	NOMBRE D ´ALLOTJAMENTS TURÍSTICS PER PARRÒQUIA	0205060200020006	NOMBRE D ´ALLOTJAMENTS TURÍSTICS PER PARRÒQUIA. SANT JULIÀ DE LÒRIA	2022	9
197	NOMBRE D ´ALLOTJAMENTS TURÍSTICS PER PARRÒQUIA	0205060200020006	NOMBRE D ´ALLOTJAMENTS TURÍSTICS PER PARRÒQUIA. SANT JULIÀ DE LÒRIA	2023	9
197	NOMBRE D ´ALLOTJAMENTS TURÍSTICS PER PARRÒQUIA	0205060200020006	NOMBRE D ´ALLOTJAMENTS TURÍSTICS PER PARRÒQUIA. SANT JULIÀ DE LÒRIA	2024	8
197	NOMBRE D ´ALLOTJAMENTS TURÍSTICS PER PARRÒQUIA	0205060200020006	NOMBRE D ´ALLOTJAMENTS TURÍSTICS PER PARRÒQUIA. SANT JULIÀ DE LÒRIA	2025	8
197	NOMBRE D ´ALLOTJAMENTS TURÍSTICS PER PARRÒQUIA	0205060200020007	NOMBRE D ´ALLOTJAMENTS TURÍSTICS PER PARRÒQUIA. ESCALDES-ENGORDANY	2004	42
197	NOMBRE D ´ALLOTJAMENTS TURÍSTICS PER PARRÒQUIA	0205060200020007	NOMBRE D ´ALLOTJAMENTS TURÍSTICS PER PARRÒQUIA. ESCALDES-ENGORDANY	2005	38
197	NOMBRE D ´ALLOTJAMENTS TURÍSTICS PER PARRÒQUIA	0205060200020007	NOMBRE D ´ALLOTJAMENTS TURÍSTICS PER PARRÒQUIA. ESCALDES-ENGORDANY	2006	39
197	NOMBRE D ´ALLOTJAMENTS TURÍSTICS PER PARRÒQUIA	0205060200020007	NOMBRE D ´ALLOTJAMENTS TURÍSTICS PER PARRÒQUIA. ESCALDES-ENGORDANY	2007	39
197	NOMBRE D ´ALLOTJAMENTS TURÍSTICS PER PARRÒQUIA	0205060200020007	NOMBRE D ´ALLOTJAMENTS TURÍSTICS PER PARRÒQUIA. ESCALDES-ENGORDANY	2008	35
197	NOMBRE D ´ALLOTJAMENTS TURÍSTICS PER PARRÒQUIA	0205060200020007	NOMBRE D ´ALLOTJAMENTS TURÍSTICS PER PARRÒQUIA. ESCALDES-ENGORDANY	2009	33
197	NOMBRE D ´ALLOTJAMENTS TURÍSTICS PER PARRÒQUIA	0205060200020007	NOMBRE D ´ALLOTJAMENTS TURÍSTICS PER PARRÒQUIA. ESCALDES-ENGORDANY	2010	34
197	NOMBRE D ´ALLOTJAMENTS TURÍSTICS PER PARRÒQUIA	0205060200020007	NOMBRE D ´ALLOTJAMENTS TURÍSTICS PER PARRÒQUIA. ESCALDES-ENGORDANY	2011	34
197	NOMBRE D ´ALLOTJAMENTS TURÍSTICS PER PARRÒQUIA	0205060200020007	NOMBRE D ´ALLOTJAMENTS TURÍSTICS PER PARRÒQUIA. ESCALDES-ENGORDANY	2012	33
197	NOMBRE D ´ALLOTJAMENTS TURÍSTICS PER PARRÒQUIA	0205060200020007	NOMBRE D ´ALLOTJAMENTS TURÍSTICS PER PARRÒQUIA. ESCALDES-ENGORDANY	2013	34
197	NOMBRE D ´ALLOTJAMENTS TURÍSTICS PER PARRÒQUIA	0205060200020007	NOMBRE D ´ALLOTJAMENTS TURÍSTICS PER PARRÒQUIA. ESCALDES-ENGORDANY	2014	34
197	NOMBRE D ´ALLOTJAMENTS TURÍSTICS PER PARRÒQUIA	0205060200020007	NOMBRE D ´ALLOTJAMENTS TURÍSTICS PER PARRÒQUIA. ESCALDES-ENGORDANY	2015	33
197	NOMBRE D ´ALLOTJAMENTS TURÍSTICS PER PARRÒQUIA	0205060200020007	NOMBRE D ´ALLOTJAMENTS TURÍSTICS PER PARRÒQUIA. ESCALDES-ENGORDANY	2016	33
197	NOMBRE D ´ALLOTJAMENTS TURÍSTICS PER PARRÒQUIA	0205060200020007	NOMBRE D ´ALLOTJAMENTS TURÍSTICS PER PARRÒQUIA. ESCALDES-ENGORDANY	2017	33
197	NOMBRE D ´ALLOTJAMENTS TURÍSTICS PER PARRÒQUIA	0205060200020007	NOMBRE D ´ALLOTJAMENTS TURÍSTICS PER PARRÒQUIA. ESCALDES-ENGORDANY	2018	33
197	NOMBRE D ´ALLOTJAMENTS TURÍSTICS PER PARRÒQUIA	0205060200020007	NOMBRE D ´ALLOTJAMENTS TURÍSTICS PER PARRÒQUIA. ESCALDES-ENGORDANY	2019	32
197	NOMBRE D ´ALLOTJAMENTS TURÍSTICS PER PARRÒQUIA	0205060200020007	NOMBRE D ´ALLOTJAMENTS TURÍSTICS PER PARRÒQUIA. ESCALDES-ENGORDANY	2020	32
197	NOMBRE D ´ALLOTJAMENTS TURÍSTICS PER PARRÒQUIA	0205060200020007	NOMBRE D ´ALLOTJAMENTS TURÍSTICS PER PARRÒQUIA. ESCALDES-ENGORDANY	2021	28
197	NOMBRE D ´ALLOTJAMENTS TURÍSTICS PER PARRÒQUIA	0205060200020007	NOMBRE D ´ALLOTJAMENTS TURÍSTICS PER PARRÒQUIA. ESCALDES-ENGORDANY	2022	28
197	NOMBRE D ´ALLOTJAMENTS TURÍSTICS PER PARRÒQUIA	0205060200020007	NOMBRE D ´ALLOTJAMENTS TURÍSTICS PER PARRÒQUIA. ESCALDES-ENGORDANY	2023	27
197	NOMBRE D ´ALLOTJAMENTS TURÍSTICS PER PARRÒQUIA	0205060200020007	NOMBRE D ´ALLOTJAMENTS TURÍSTICS PER PARRÒQUIA. ESCALDES-ENGORDANY	2024	27
197	NOMBRE D ´ALLOTJAMENTS TURÍSTICS PER PARRÒQUIA	0205060200020007	NOMBRE D ´ALLOTJAMENTS TURÍSTICS PER PARRÒQUIA. ESCALDES-ENGORDANY	2025	27
198	NOMBRE D ´ALLOTJAMENTS TURÍSTICS PER TIPUS	0205060200030001	NOMBRE D ´ALLOTJAMENTS TURÍSTICS PER TIPUS. HOTELS	2004	200
198	NOMBRE D ´ALLOTJAMENTS TURÍSTICS PER TIPUS	0205060200030001	NOMBRE D ´ALLOTJAMENTS TURÍSTICS PER TIPUS. HOTELS	2005	200
198	NOMBRE D ´ALLOTJAMENTS TURÍSTICS PER TIPUS	0205060200030001	NOMBRE D ´ALLOTJAMENTS TURÍSTICS PER TIPUS. HOTELS	2006	195
198	NOMBRE D ´ALLOTJAMENTS TURÍSTICS PER TIPUS	0205060200030001	NOMBRE D ´ALLOTJAMENTS TURÍSTICS PER TIPUS. HOTELS	2007	194
198	NOMBRE D ´ALLOTJAMENTS TURÍSTICS PER TIPUS	0205060200030001	NOMBRE D ´ALLOTJAMENTS TURÍSTICS PER TIPUS. HOTELS	2008	193
198	NOMBRE D ´ALLOTJAMENTS TURÍSTICS PER TIPUS	0205060200030001	NOMBRE D ´ALLOTJAMENTS TURÍSTICS PER TIPUS. HOTELS	2009	185
198	NOMBRE D ´ALLOTJAMENTS TURÍSTICS PER TIPUS	0205060200030001	NOMBRE D ´ALLOTJAMENTS TURÍSTICS PER TIPUS. HOTELS	2010	183
198	NOMBRE D ´ALLOTJAMENTS TURÍSTICS PER TIPUS	0205060200030001	NOMBRE D ´ALLOTJAMENTS TURÍSTICS PER TIPUS. HOTELS	2011	183
198	NOMBRE D ´ALLOTJAMENTS TURÍSTICS PER TIPUS	0205060200030001	NOMBRE D ´ALLOTJAMENTS TURÍSTICS PER TIPUS. HOTELS	2012	181
198	NOMBRE D ´ALLOTJAMENTS TURÍSTICS PER TIPUS	0205060200030001	NOMBRE D ´ALLOTJAMENTS TURÍSTICS PER TIPUS. HOTELS	2013	175
198	NOMBRE D ´ALLOTJAMENTS TURÍSTICS PER TIPUS	0205060200030001	NOMBRE D ´ALLOTJAMENTS TURÍSTICS PER TIPUS. HOTELS	2014	174
198	NOMBRE D ´ALLOTJAMENTS TURÍSTICS PER TIPUS	0205060200030001	NOMBRE D ´ALLOTJAMENTS TURÍSTICS PER TIPUS. HOTELS	2015	170
198	NOMBRE D ´ALLOTJAMENTS TURÍSTICS PER TIPUS	0205060200030001	NOMBRE D ´ALLOTJAMENTS TURÍSTICS PER TIPUS. HOTELS	2016	167
198	NOMBRE D ´ALLOTJAMENTS TURÍSTICS PER TIPUS	0205060200030001	NOMBRE D ´ALLOTJAMENTS TURÍSTICS PER TIPUS. HOTELS	2017	171
198	NOMBRE D ´ALLOTJAMENTS TURÍSTICS PER TIPUS	0205060200030001	NOMBRE D ´ALLOTJAMENTS TURÍSTICS PER TIPUS. HOTELS	2018	173
198	NOMBRE D ´ALLOTJAMENTS TURÍSTICS PER TIPUS	0205060200030001	NOMBRE D ´ALLOTJAMENTS TURÍSTICS PER TIPUS. HOTELS	2019	167
198	NOMBRE D ´ALLOTJAMENTS TURÍSTICS PER TIPUS	0205060200030001	NOMBRE D ´ALLOTJAMENTS TURÍSTICS PER TIPUS. HOTELS	2020	166
198	NOMBRE D ´ALLOTJAMENTS TURÍSTICS PER TIPUS	0205060200030001	NOMBRE D ´ALLOTJAMENTS TURÍSTICS PER TIPUS. HOTELS	2021	159
198	NOMBRE D ´ALLOTJAMENTS TURÍSTICS PER TIPUS	0205060200030001	NOMBRE D ´ALLOTJAMENTS TURÍSTICS PER TIPUS. HOTELS	2022	167
198	NOMBRE D ´ALLOTJAMENTS TURÍSTICS PER TIPUS	0205060200030001	NOMBRE D ´ALLOTJAMENTS TURÍSTICS PER TIPUS. HOTELS	2023	165
198	NOMBRE D ´ALLOTJAMENTS TURÍSTICS PER TIPUS	0205060200030001	NOMBRE D ´ALLOTJAMENTS TURÍSTICS PER TIPUS. HOTELS	2024	163
198	NOMBRE D ´ALLOTJAMENTS TURÍSTICS PER TIPUS	0205060200030001	NOMBRE D ´ALLOTJAMENTS TURÍSTICS PER TIPUS. HOTELS	2025	163
198	NOMBRE D ´ALLOTJAMENTS TURÍSTICS PER TIPUS	0205060200030002	NOMBRE D ´ALLOTJAMENTS TURÍSTICS PER TIPUS. HOSTAL O RESIDÈNCIA	2004	17
198	NOMBRE D ´ALLOTJAMENTS TURÍSTICS PER TIPUS	0205060200030002	NOMBRE D ´ALLOTJAMENTS TURÍSTICS PER TIPUS. HOSTAL O RESIDÈNCIA	2005	16
198	NOMBRE D ´ALLOTJAMENTS TURÍSTICS PER TIPUS	0205060200030002	NOMBRE D ´ALLOTJAMENTS TURÍSTICS PER TIPUS. HOSTAL O RESIDÈNCIA	2006	16
198	NOMBRE D ´ALLOTJAMENTS TURÍSTICS PER TIPUS	0205060200030002	NOMBRE D ´ALLOTJAMENTS TURÍSTICS PER TIPUS. HOSTAL O RESIDÈNCIA	2007	19
198	NOMBRE D ´ALLOTJAMENTS TURÍSTICS PER TIPUS	0205060200030002	NOMBRE D ´ALLOTJAMENTS TURÍSTICS PER TIPUS. HOSTAL O RESIDÈNCIA	2008	17
198	NOMBRE D ´ALLOTJAMENTS TURÍSTICS PER TIPUS	0205060200030002	NOMBRE D ´ALLOTJAMENTS TURÍSTICS PER TIPUS. HOSTAL O RESIDÈNCIA	2009	15
198	NOMBRE D ´ALLOTJAMENTS TURÍSTICS PER TIPUS	0205060200030002	NOMBRE D ´ALLOTJAMENTS TURÍSTICS PER TIPUS. HOSTAL O RESIDÈNCIA	2010	15
198	NOMBRE D ´ALLOTJAMENTS TURÍSTICS PER TIPUS	0205060200030002	NOMBRE D ´ALLOTJAMENTS TURÍSTICS PER TIPUS. HOSTAL O RESIDÈNCIA	2011	14
198	NOMBRE D ´ALLOTJAMENTS TURÍSTICS PER TIPUS	0205060200030002	NOMBRE D ´ALLOTJAMENTS TURÍSTICS PER TIPUS. HOSTAL O RESIDÈNCIA	2012	12
198	NOMBRE D ´ALLOTJAMENTS TURÍSTICS PER TIPUS	0205060200030002	NOMBRE D ´ALLOTJAMENTS TURÍSTICS PER TIPUS. HOSTAL O RESIDÈNCIA	2013	13
198	NOMBRE D ´ALLOTJAMENTS TURÍSTICS PER TIPUS	0205060200030002	NOMBRE D ´ALLOTJAMENTS TURÍSTICS PER TIPUS. HOSTAL O RESIDÈNCIA	2014	11
198	NOMBRE D ´ALLOTJAMENTS TURÍSTICS PER TIPUS	0205060200030002	NOMBRE D ´ALLOTJAMENTS TURÍSTICS PER TIPUS. HOSTAL O RESIDÈNCIA	2015	10
198	NOMBRE D ´ALLOTJAMENTS TURÍSTICS PER TIPUS	0205060200030002	NOMBRE D ´ALLOTJAMENTS TURÍSTICS PER TIPUS. HOSTAL O RESIDÈNCIA	2016	10
198	NOMBRE D ´ALLOTJAMENTS TURÍSTICS PER TIPUS	0205060200030002	NOMBRE D ´ALLOTJAMENTS TURÍSTICS PER TIPUS. HOSTAL O RESIDÈNCIA	2017	11
198	NOMBRE D ´ALLOTJAMENTS TURÍSTICS PER TIPUS	0205060200030002	NOMBRE D ´ALLOTJAMENTS TURÍSTICS PER TIPUS. HOSTAL O RESIDÈNCIA	2018	10
198	NOMBRE D ´ALLOTJAMENTS TURÍSTICS PER TIPUS	0205060200030002	NOMBRE D ´ALLOTJAMENTS TURÍSTICS PER TIPUS. HOSTAL O RESIDÈNCIA	2019	10
198	NOMBRE D ´ALLOTJAMENTS TURÍSTICS PER TIPUS	0205060200030002	NOMBRE D ´ALLOTJAMENTS TURÍSTICS PER TIPUS. HOSTAL O RESIDÈNCIA	2020	10
198	NOMBRE D ´ALLOTJAMENTS TURÍSTICS PER TIPUS	0205060200030002	NOMBRE D ´ALLOTJAMENTS TURÍSTICS PER TIPUS. HOSTAL O RESIDÈNCIA	2021	9
198	NOMBRE D ´ALLOTJAMENTS TURÍSTICS PER TIPUS	0205060200030002	NOMBRE D ´ALLOTJAMENTS TURÍSTICS PER TIPUS. HOSTAL O RESIDÈNCIA	2022	9
198	NOMBRE D ´ALLOTJAMENTS TURÍSTICS PER TIPUS	0205060200030002	NOMBRE D ´ALLOTJAMENTS TURÍSTICS PER TIPUS. HOSTAL O RESIDÈNCIA	2023	8
198	NOMBRE D ´ALLOTJAMENTS TURÍSTICS PER TIPUS	0205060200030002	NOMBRE D ´ALLOTJAMENTS TURÍSTICS PER TIPUS. HOSTAL O RESIDÈNCIA	2024	8
198	NOMBRE D ´ALLOTJAMENTS TURÍSTICS PER TIPUS	0205060200030002	NOMBRE D ´ALLOTJAMENTS TURÍSTICS PER TIPUS. HOSTAL O RESIDÈNCIA	2025	8
198	NOMBRE D ´ALLOTJAMENTS TURÍSTICS PER TIPUS	0205060200030003	NOMBRE D ´ALLOTJAMENTS TURÍSTICS PER TIPUS. PENSIÓ	2004	14
198	NOMBRE D ´ALLOTJAMENTS TURÍSTICS PER TIPUS	0205060200030003	NOMBRE D ´ALLOTJAMENTS TURÍSTICS PER TIPUS. PENSIÓ	2005	14
198	NOMBRE D ´ALLOTJAMENTS TURÍSTICS PER TIPUS	0205060200030003	NOMBRE D ´ALLOTJAMENTS TURÍSTICS PER TIPUS. PENSIÓ	2006	14
198	NOMBRE D ´ALLOTJAMENTS TURÍSTICS PER TIPUS	0205060200030003	NOMBRE D ´ALLOTJAMENTS TURÍSTICS PER TIPUS. PENSIÓ	2007	12
198	NOMBRE D ´ALLOTJAMENTS TURÍSTICS PER TIPUS	0205060200030003	NOMBRE D ´ALLOTJAMENTS TURÍSTICS PER TIPUS. PENSIÓ	2008	11
198	NOMBRE D ´ALLOTJAMENTS TURÍSTICS PER TIPUS	0205060200030003	NOMBRE D ´ALLOTJAMENTS TURÍSTICS PER TIPUS. PENSIÓ	2009	9
198	NOMBRE D ´ALLOTJAMENTS TURÍSTICS PER TIPUS	0205060200030003	NOMBRE D ´ALLOTJAMENTS TURÍSTICS PER TIPUS. PENSIÓ	2010	7
198	NOMBRE D ´ALLOTJAMENTS TURÍSTICS PER TIPUS	0205060200030003	NOMBRE D ´ALLOTJAMENTS TURÍSTICS PER TIPUS. PENSIÓ	2011	7
198	NOMBRE D ´ALLOTJAMENTS TURÍSTICS PER TIPUS	0205060200030003	NOMBRE D ´ALLOTJAMENTS TURÍSTICS PER TIPUS. PENSIÓ	2012	7
198	NOMBRE D ´ALLOTJAMENTS TURÍSTICS PER TIPUS	0205060200030003	NOMBRE D ´ALLOTJAMENTS TURÍSTICS PER TIPUS. PENSIÓ	2013	7
198	NOMBRE D ´ALLOTJAMENTS TURÍSTICS PER TIPUS	0205060200030003	NOMBRE D ´ALLOTJAMENTS TURÍSTICS PER TIPUS. PENSIÓ	2014	7
198	NOMBRE D ´ALLOTJAMENTS TURÍSTICS PER TIPUS	0205060200030003	NOMBRE D ´ALLOTJAMENTS TURÍSTICS PER TIPUS. PENSIÓ	2015	7
198	NOMBRE D ´ALLOTJAMENTS TURÍSTICS PER TIPUS	0205060200030003	NOMBRE D ´ALLOTJAMENTS TURÍSTICS PER TIPUS. PENSIÓ	2016	7
198	NOMBRE D ´ALLOTJAMENTS TURÍSTICS PER TIPUS	0205060200030003	NOMBRE D ´ALLOTJAMENTS TURÍSTICS PER TIPUS. PENSIÓ	2017	6
198	NOMBRE D ´ALLOTJAMENTS TURÍSTICS PER TIPUS	0205060200030003	NOMBRE D ´ALLOTJAMENTS TURÍSTICS PER TIPUS. PENSIÓ	2018	6
198	NOMBRE D ´ALLOTJAMENTS TURÍSTICS PER TIPUS	0205060200030003	NOMBRE D ´ALLOTJAMENTS TURÍSTICS PER TIPUS. PENSIÓ	2019	6
198	NOMBRE D ´ALLOTJAMENTS TURÍSTICS PER TIPUS	0205060200030003	NOMBRE D ´ALLOTJAMENTS TURÍSTICS PER TIPUS. PENSIÓ	2020	6
198	NOMBRE D ´ALLOTJAMENTS TURÍSTICS PER TIPUS	0205060200030003	NOMBRE D ´ALLOTJAMENTS TURÍSTICS PER TIPUS. PENSIÓ	2021	5
198	NOMBRE D ´ALLOTJAMENTS TURÍSTICS PER TIPUS	0205060200030003	NOMBRE D ´ALLOTJAMENTS TURÍSTICS PER TIPUS. PENSIÓ	2022	4
198	NOMBRE D ´ALLOTJAMENTS TURÍSTICS PER TIPUS	0205060200030003	NOMBRE D ´ALLOTJAMENTS TURÍSTICS PER TIPUS. PENSIÓ	2023	4
198	NOMBRE D ´ALLOTJAMENTS TURÍSTICS PER TIPUS	0205060200030003	NOMBRE D ´ALLOTJAMENTS TURÍSTICS PER TIPUS. PENSIÓ	2024	4
198	NOMBRE D ´ALLOTJAMENTS TURÍSTICS PER TIPUS	0205060200030003	NOMBRE D ´ALLOTJAMENTS TURÍSTICS PER TIPUS. PENSIÓ	2025	3
198	NOMBRE D ´ALLOTJAMENTS TURÍSTICS PER TIPUS	0205060200030004	NOMBRE D ´ALLOTJAMENTS TURÍSTICS PER TIPUS. APARTHOTEL	2004	22
198	NOMBRE D ´ALLOTJAMENTS TURÍSTICS PER TIPUS	0205060200030004	NOMBRE D ´ALLOTJAMENTS TURÍSTICS PER TIPUS. APARTHOTEL	2005	23
198	NOMBRE D ´ALLOTJAMENTS TURÍSTICS PER TIPUS	0205060200030004	NOMBRE D ´ALLOTJAMENTS TURÍSTICS PER TIPUS. APARTHOTEL	2006	23
198	NOMBRE D ´ALLOTJAMENTS TURÍSTICS PER TIPUS	0205060200030004	NOMBRE D ´ALLOTJAMENTS TURÍSTICS PER TIPUS. APARTHOTEL	2007	24
198	NOMBRE D ´ALLOTJAMENTS TURÍSTICS PER TIPUS	0205060200030004	NOMBRE D ´ALLOTJAMENTS TURÍSTICS PER TIPUS. APARTHOTEL	2008	25
198	NOMBRE D ´ALLOTJAMENTS TURÍSTICS PER TIPUS	0205060200030004	NOMBRE D ´ALLOTJAMENTS TURÍSTICS PER TIPUS. APARTHOTEL	2009	24
198	NOMBRE D ´ALLOTJAMENTS TURÍSTICS PER TIPUS	0205060200030004	NOMBRE D ´ALLOTJAMENTS TURÍSTICS PER TIPUS. APARTHOTEL	2010	24
198	NOMBRE D ´ALLOTJAMENTS TURÍSTICS PER TIPUS	0205060200030004	NOMBRE D ´ALLOTJAMENTS TURÍSTICS PER TIPUS. APARTHOTEL	2011	22
198	NOMBRE D ´ALLOTJAMENTS TURÍSTICS PER TIPUS	0205060200030004	NOMBRE D ´ALLOTJAMENTS TURÍSTICS PER TIPUS. APARTHOTEL	2012	22
198	NOMBRE D ´ALLOTJAMENTS TURÍSTICS PER TIPUS	0205060200030004	NOMBRE D ´ALLOTJAMENTS TURÍSTICS PER TIPUS. APARTHOTEL	2013	21
198	NOMBRE D ´ALLOTJAMENTS TURÍSTICS PER TIPUS	0205060200030004	NOMBRE D ´ALLOTJAMENTS TURÍSTICS PER TIPUS. APARTHOTEL	2014	22
198	NOMBRE D ´ALLOTJAMENTS TURÍSTICS PER TIPUS	0205060200030004	NOMBRE D ´ALLOTJAMENTS TURÍSTICS PER TIPUS. APARTHOTEL	2015	23
198	NOMBRE D ´ALLOTJAMENTS TURÍSTICS PER TIPUS	0205060200030004	NOMBRE D ´ALLOTJAMENTS TURÍSTICS PER TIPUS. APARTHOTEL	2016	23
198	NOMBRE D ´ALLOTJAMENTS TURÍSTICS PER TIPUS	0205060200030004	NOMBRE D ´ALLOTJAMENTS TURÍSTICS PER TIPUS. APARTHOTEL	2017	20
198	NOMBRE D ´ALLOTJAMENTS TURÍSTICS PER TIPUS	0205060200030004	NOMBRE D ´ALLOTJAMENTS TURÍSTICS PER TIPUS. APARTHOTEL	2018	22
198	NOMBRE D ´ALLOTJAMENTS TURÍSTICS PER TIPUS	0205060200030004	NOMBRE D ´ALLOTJAMENTS TURÍSTICS PER TIPUS. APARTHOTEL	2019	21
198	NOMBRE D ´ALLOTJAMENTS TURÍSTICS PER TIPUS	0205060200030004	NOMBRE D ´ALLOTJAMENTS TURÍSTICS PER TIPUS. APARTHOTEL	2020	20
198	NOMBRE D ´ALLOTJAMENTS TURÍSTICS PER TIPUS	0205060200030004	NOMBRE D ´ALLOTJAMENTS TURÍSTICS PER TIPUS. APARTHOTEL	2021	19
198	NOMBRE D ´ALLOTJAMENTS TURÍSTICS PER TIPUS	0205060200030004	NOMBRE D ´ALLOTJAMENTS TURÍSTICS PER TIPUS. APARTHOTEL	2022	19
198	NOMBRE D ´ALLOTJAMENTS TURÍSTICS PER TIPUS	0205060200030004	NOMBRE D ´ALLOTJAMENTS TURÍSTICS PER TIPUS. APARTHOTEL	2023	16
198	NOMBRE D ´ALLOTJAMENTS TURÍSTICS PER TIPUS	0205060200030004	NOMBRE D ´ALLOTJAMENTS TURÍSTICS PER TIPUS. APARTHOTEL	2024	15
198	NOMBRE D ´ALLOTJAMENTS TURÍSTICS PER TIPUS	0205060200030004	NOMBRE D ´ALLOTJAMENTS TURÍSTICS PER TIPUS. APARTHOTEL	2025	15
198	NOMBRE D ´ALLOTJAMENTS TURÍSTICS PER TIPUS	0205060200030005	NOMBRE D ´ALLOTJAMENTS TURÍSTICS PER TIPUS. APARTAMENT TURÍSTIC	2004	41
198	NOMBRE D ´ALLOTJAMENTS TURÍSTICS PER TIPUS	0205060200030005	NOMBRE D ´ALLOTJAMENTS TURÍSTICS PER TIPUS. APARTAMENT TURÍSTIC	2005	41
198	NOMBRE D ´ALLOTJAMENTS TURÍSTICS PER TIPUS	0205060200030005	NOMBRE D ´ALLOTJAMENTS TURÍSTICS PER TIPUS. APARTAMENT TURÍSTIC	2006	10
198	NOMBRE D ´ALLOTJAMENTS TURÍSTICS PER TIPUS	0205060200030005	NOMBRE D ´ALLOTJAMENTS TURÍSTICS PER TIPUS. APARTAMENT TURÍSTIC	2007	18
198	NOMBRE D ´ALLOTJAMENTS TURÍSTICS PER TIPUS	0205060200030005	NOMBRE D ´ALLOTJAMENTS TURÍSTICS PER TIPUS. APARTAMENT TURÍSTIC	2008	24
198	NOMBRE D ´ALLOTJAMENTS TURÍSTICS PER TIPUS	0205060200030005	NOMBRE D ´ALLOTJAMENTS TURÍSTICS PER TIPUS. APARTAMENT TURÍSTIC	2009	27
198	NOMBRE D ´ALLOTJAMENTS TURÍSTICS PER TIPUS	0205060200030005	NOMBRE D ´ALLOTJAMENTS TURÍSTICS PER TIPUS. APARTAMENT TURÍSTIC	2010	29
198	NOMBRE D ´ALLOTJAMENTS TURÍSTICS PER TIPUS	0205060200030005	NOMBRE D ´ALLOTJAMENTS TURÍSTICS PER TIPUS. APARTAMENT TURÍSTIC	2011	27
198	NOMBRE D ´ALLOTJAMENTS TURÍSTICS PER TIPUS	0205060200030005	NOMBRE D ´ALLOTJAMENTS TURÍSTICS PER TIPUS. APARTAMENT TURÍSTIC	2012	27
198	NOMBRE D ´ALLOTJAMENTS TURÍSTICS PER TIPUS	0205060200030005	NOMBRE D ´ALLOTJAMENTS TURÍSTICS PER TIPUS. APARTAMENT TURÍSTIC	2013	27
198	NOMBRE D ´ALLOTJAMENTS TURÍSTICS PER TIPUS	0205060200030005	NOMBRE D ´ALLOTJAMENTS TURÍSTICS PER TIPUS. APARTAMENT TURÍSTIC	2014	27
198	NOMBRE D ´ALLOTJAMENTS TURÍSTICS PER TIPUS	0205060200030005	NOMBRE D ´ALLOTJAMENTS TURÍSTICS PER TIPUS. APARTAMENT TURÍSTIC	2015	29
198	NOMBRE D ´ALLOTJAMENTS TURÍSTICS PER TIPUS	0205060200030005	NOMBRE D ´ALLOTJAMENTS TURÍSTICS PER TIPUS. APARTAMENT TURÍSTIC	2016	28
198	NOMBRE D ´ALLOTJAMENTS TURÍSTICS PER TIPUS	0205060200030005	NOMBRE D ´ALLOTJAMENTS TURÍSTICS PER TIPUS. APARTAMENT TURÍSTIC	2017	27
198	NOMBRE D ´ALLOTJAMENTS TURÍSTICS PER TIPUS	0205060200030005	NOMBRE D ´ALLOTJAMENTS TURÍSTICS PER TIPUS. APARTAMENT TURÍSTIC	2018	28
198	NOMBRE D ´ALLOTJAMENTS TURÍSTICS PER TIPUS	0205060200030005	NOMBRE D ´ALLOTJAMENTS TURÍSTICS PER TIPUS. APARTAMENT TURÍSTIC	2019	26
198	NOMBRE D ´ALLOTJAMENTS TURÍSTICS PER TIPUS	0205060200030005	NOMBRE D ´ALLOTJAMENTS TURÍSTICS PER TIPUS. APARTAMENT TURÍSTIC	2020	23
198	NOMBRE D ´ALLOTJAMENTS TURÍSTICS PER TIPUS	0205060200030005	NOMBRE D ´ALLOTJAMENTS TURÍSTICS PER TIPUS. APARTAMENT TURÍSTIC	2021	24
198	NOMBRE D ´ALLOTJAMENTS TURÍSTICS PER TIPUS	0205060200030005	NOMBRE D ´ALLOTJAMENTS TURÍSTICS PER TIPUS. APARTAMENT TURÍSTIC	2022	27
198	NOMBRE D ´ALLOTJAMENTS TURÍSTICS PER TIPUS	0205060200030005	NOMBRE D ´ALLOTJAMENTS TURÍSTICS PER TIPUS. APARTAMENT TURÍSTIC	2023	25
198	NOMBRE D ´ALLOTJAMENTS TURÍSTICS PER TIPUS	0205060200030005	NOMBRE D ´ALLOTJAMENTS TURÍSTICS PER TIPUS. APARTAMENT TURÍSTIC	2024	29
198	NOMBRE D ´ALLOTJAMENTS TURÍSTICS PER TIPUS	0205060200030005	NOMBRE D ´ALLOTJAMENTS TURÍSTICS PER TIPUS. APARTAMENT TURÍSTIC	2025	29
199	NOMBRE D ´ALLOTJAMENTS TURÍSTICS PER PARRÒQUIA I TIPUS	0205060200050001	NOMBRE D ´ALLOTJAMENTS TURÍSTICS PER PARRÒQUIA I TIPUS. HOTEL. CANILLO	2004	29
199	NOMBRE D ´ALLOTJAMENTS TURÍSTICS PER PARRÒQUIA I TIPUS	0205060200050001	NOMBRE D ´ALLOTJAMENTS TURÍSTICS PER PARRÒQUIA I TIPUS. HOTEL. CANILLO	2005	29
199	NOMBRE D ´ALLOTJAMENTS TURÍSTICS PER PARRÒQUIA I TIPUS	0205060200050001	NOMBRE D ´ALLOTJAMENTS TURÍSTICS PER PARRÒQUIA I TIPUS. HOTEL. CANILLO	2006	29
199	NOMBRE D ´ALLOTJAMENTS TURÍSTICS PER PARRÒQUIA I TIPUS	0205060200050001	NOMBRE D ´ALLOTJAMENTS TURÍSTICS PER PARRÒQUIA I TIPUS. HOTEL. CANILLO	2007	29
199	NOMBRE D ´ALLOTJAMENTS TURÍSTICS PER PARRÒQUIA I TIPUS	0205060200050001	NOMBRE D ´ALLOTJAMENTS TURÍSTICS PER PARRÒQUIA I TIPUS. HOTEL. CANILLO	2008	32
199	NOMBRE D ´ALLOTJAMENTS TURÍSTICS PER PARRÒQUIA I TIPUS	0205060200050001	NOMBRE D ´ALLOTJAMENTS TURÍSTICS PER PARRÒQUIA I TIPUS. HOTEL. CANILLO	2009	32
199	NOMBRE D ´ALLOTJAMENTS TURÍSTICS PER PARRÒQUIA I TIPUS	0205060200050001	NOMBRE D ´ALLOTJAMENTS TURÍSTICS PER PARRÒQUIA I TIPUS. HOTEL. CANILLO	2010	32
199	NOMBRE D ´ALLOTJAMENTS TURÍSTICS PER PARRÒQUIA I TIPUS	0205060200050001	NOMBRE D ´ALLOTJAMENTS TURÍSTICS PER PARRÒQUIA I TIPUS. HOTEL. CANILLO	2011	32
199	NOMBRE D ´ALLOTJAMENTS TURÍSTICS PER PARRÒQUIA I TIPUS	0205060200050001	NOMBRE D ´ALLOTJAMENTS TURÍSTICS PER PARRÒQUIA I TIPUS. HOTEL. CANILLO	2012	32
199	NOMBRE D ´ALLOTJAMENTS TURÍSTICS PER PARRÒQUIA I TIPUS	0205060200050001	NOMBRE D ´ALLOTJAMENTS TURÍSTICS PER PARRÒQUIA I TIPUS. HOTEL. CANILLO	2013	32
199	NOMBRE D ´ALLOTJAMENTS TURÍSTICS PER PARRÒQUIA I TIPUS	0205060200050001	NOMBRE D ´ALLOTJAMENTS TURÍSTICS PER PARRÒQUIA I TIPUS. HOTEL. CANILLO	2014	32
199	NOMBRE D ´ALLOTJAMENTS TURÍSTICS PER PARRÒQUIA I TIPUS	0205060200050001	NOMBRE D ´ALLOTJAMENTS TURÍSTICS PER PARRÒQUIA I TIPUS. HOTEL. CANILLO	2015	32
199	NOMBRE D ´ALLOTJAMENTS TURÍSTICS PER PARRÒQUIA I TIPUS	0205060200050001	NOMBRE D ´ALLOTJAMENTS TURÍSTICS PER PARRÒQUIA I TIPUS. HOTEL. CANILLO	2016	30
199	NOMBRE D ´ALLOTJAMENTS TURÍSTICS PER PARRÒQUIA I TIPUS	0205060200050001	NOMBRE D ´ALLOTJAMENTS TURÍSTICS PER PARRÒQUIA I TIPUS. HOTEL. CANILLO	2017	29
199	NOMBRE D ´ALLOTJAMENTS TURÍSTICS PER PARRÒQUIA I TIPUS	0205060200050001	NOMBRE D ´ALLOTJAMENTS TURÍSTICS PER PARRÒQUIA I TIPUS. HOTEL. CANILLO	2018	30
199	NOMBRE D ´ALLOTJAMENTS TURÍSTICS PER PARRÒQUIA I TIPUS	0205060200050001	NOMBRE D ´ALLOTJAMENTS TURÍSTICS PER PARRÒQUIA I TIPUS. HOTEL. CANILLO	2019	30
199	NOMBRE D ´ALLOTJAMENTS TURÍSTICS PER PARRÒQUIA I TIPUS	0205060200050001	NOMBRE D ´ALLOTJAMENTS TURÍSTICS PER PARRÒQUIA I TIPUS. HOTEL. CANILLO	2020	30
199	NOMBRE D ´ALLOTJAMENTS TURÍSTICS PER PARRÒQUIA I TIPUS	0205060200050001	NOMBRE D ´ALLOTJAMENTS TURÍSTICS PER PARRÒQUIA I TIPUS. HOTEL. CANILLO	2021	29
199	NOMBRE D ´ALLOTJAMENTS TURÍSTICS PER PARRÒQUIA I TIPUS	0205060200050001	NOMBRE D ´ALLOTJAMENTS TURÍSTICS PER PARRÒQUIA I TIPUS. HOTEL. CANILLO	2022	31
199	NOMBRE D ´ALLOTJAMENTS TURÍSTICS PER PARRÒQUIA I TIPUS	0205060200050001	NOMBRE D ´ALLOTJAMENTS TURÍSTICS PER PARRÒQUIA I TIPUS. HOTEL. CANILLO	2023	30
199	NOMBRE D ´ALLOTJAMENTS TURÍSTICS PER PARRÒQUIA I TIPUS	0205060200050001	NOMBRE D ´ALLOTJAMENTS TURÍSTICS PER PARRÒQUIA I TIPUS. HOTEL. CANILLO	2024	30
199	NOMBRE D ´ALLOTJAMENTS TURÍSTICS PER PARRÒQUIA I TIPUS	0205060200050001	NOMBRE D ´ALLOTJAMENTS TURÍSTICS PER PARRÒQUIA I TIPUS. HOTEL. CANILLO	2025	30
199	NOMBRE D ´ALLOTJAMENTS TURÍSTICS PER PARRÒQUIA I TIPUS	0205060200050002	NOMBRE D ´ALLOTJAMENTS TURÍSTICS PER PARRÒQUIA I TIPUS. HOTEL. ENCAMP	2004	48
199	NOMBRE D ´ALLOTJAMENTS TURÍSTICS PER PARRÒQUIA I TIPUS	0205060200050002	NOMBRE D ´ALLOTJAMENTS TURÍSTICS PER PARRÒQUIA I TIPUS. HOTEL. ENCAMP	2005	49
199	NOMBRE D ´ALLOTJAMENTS TURÍSTICS PER PARRÒQUIA I TIPUS	0205060200050002	NOMBRE D ´ALLOTJAMENTS TURÍSTICS PER PARRÒQUIA I TIPUS. HOTEL. ENCAMP	2006	48
199	NOMBRE D ´ALLOTJAMENTS TURÍSTICS PER PARRÒQUIA I TIPUS	0205060200050002	NOMBRE D ´ALLOTJAMENTS TURÍSTICS PER PARRÒQUIA I TIPUS. HOTEL. ENCAMP	2007	48
199	NOMBRE D ´ALLOTJAMENTS TURÍSTICS PER PARRÒQUIA I TIPUS	0205060200050002	NOMBRE D ´ALLOTJAMENTS TURÍSTICS PER PARRÒQUIA I TIPUS. HOTEL. ENCAMP	2008	47
199	NOMBRE D ´ALLOTJAMENTS TURÍSTICS PER PARRÒQUIA I TIPUS	0205060200050002	NOMBRE D ´ALLOTJAMENTS TURÍSTICS PER PARRÒQUIA I TIPUS. HOTEL. ENCAMP	2009	43
199	NOMBRE D ´ALLOTJAMENTS TURÍSTICS PER PARRÒQUIA I TIPUS	0205060200050002	NOMBRE D ´ALLOTJAMENTS TURÍSTICS PER PARRÒQUIA I TIPUS. HOTEL. ENCAMP	2010	42
199	NOMBRE D ´ALLOTJAMENTS TURÍSTICS PER PARRÒQUIA I TIPUS	0205060200050002	NOMBRE D ´ALLOTJAMENTS TURÍSTICS PER PARRÒQUIA I TIPUS. HOTEL. ENCAMP	2011	42
199	NOMBRE D ´ALLOTJAMENTS TURÍSTICS PER PARRÒQUIA I TIPUS	0205060200050002	NOMBRE D ´ALLOTJAMENTS TURÍSTICS PER PARRÒQUIA I TIPUS. HOTEL. ENCAMP	2012	41
199	NOMBRE D ´ALLOTJAMENTS TURÍSTICS PER PARRÒQUIA I TIPUS	0205060200050002	NOMBRE D ´ALLOTJAMENTS TURÍSTICS PER PARRÒQUIA I TIPUS. HOTEL. ENCAMP	2013	38
199	NOMBRE D ´ALLOTJAMENTS TURÍSTICS PER PARRÒQUIA I TIPUS	0205060200050002	NOMBRE D ´ALLOTJAMENTS TURÍSTICS PER PARRÒQUIA I TIPUS. HOTEL. ENCAMP	2014	37
199	NOMBRE D ´ALLOTJAMENTS TURÍSTICS PER PARRÒQUIA I TIPUS	0205060200050002	NOMBRE D ´ALLOTJAMENTS TURÍSTICS PER PARRÒQUIA I TIPUS. HOTEL. ENCAMP	2015	38
199	NOMBRE D ´ALLOTJAMENTS TURÍSTICS PER PARRÒQUIA I TIPUS	0205060200050002	NOMBRE D ´ALLOTJAMENTS TURÍSTICS PER PARRÒQUIA I TIPUS. HOTEL. ENCAMP	2016	39
199	NOMBRE D ´ALLOTJAMENTS TURÍSTICS PER PARRÒQUIA I TIPUS	0205060200050002	NOMBRE D ´ALLOTJAMENTS TURÍSTICS PER PARRÒQUIA I TIPUS. HOTEL. ENCAMP	2017	42
199	NOMBRE D ´ALLOTJAMENTS TURÍSTICS PER PARRÒQUIA I TIPUS	0205060200050002	NOMBRE D ´ALLOTJAMENTS TURÍSTICS PER PARRÒQUIA I TIPUS. HOTEL. ENCAMP	2018	42
199	NOMBRE D ´ALLOTJAMENTS TURÍSTICS PER PARRÒQUIA I TIPUS	0205060200050002	NOMBRE D ´ALLOTJAMENTS TURÍSTICS PER PARRÒQUIA I TIPUS. HOTEL. ENCAMP	2019	40
199	NOMBRE D ´ALLOTJAMENTS TURÍSTICS PER PARRÒQUIA I TIPUS	0205060200050002	NOMBRE D ´ALLOTJAMENTS TURÍSTICS PER PARRÒQUIA I TIPUS. HOTEL. ENCAMP	2020	40
199	NOMBRE D ´ALLOTJAMENTS TURÍSTICS PER PARRÒQUIA I TIPUS	0205060200050002	NOMBRE D ´ALLOTJAMENTS TURÍSTICS PER PARRÒQUIA I TIPUS. HOTEL. ENCAMP	2021	38
199	NOMBRE D ´ALLOTJAMENTS TURÍSTICS PER PARRÒQUIA I TIPUS	0205060200050002	NOMBRE D ´ALLOTJAMENTS TURÍSTICS PER PARRÒQUIA I TIPUS. HOTEL. ENCAMP	2022	43
199	NOMBRE D ´ALLOTJAMENTS TURÍSTICS PER PARRÒQUIA I TIPUS	0205060200050002	NOMBRE D ´ALLOTJAMENTS TURÍSTICS PER PARRÒQUIA I TIPUS. HOTEL. ENCAMP	2023	42
199	NOMBRE D ´ALLOTJAMENTS TURÍSTICS PER PARRÒQUIA I TIPUS	0205060200050002	NOMBRE D ´ALLOTJAMENTS TURÍSTICS PER PARRÒQUIA I TIPUS. HOTEL. ENCAMP	2024	41
199	NOMBRE D ´ALLOTJAMENTS TURÍSTICS PER PARRÒQUIA I TIPUS	0205060200050002	NOMBRE D ´ALLOTJAMENTS TURÍSTICS PER PARRÒQUIA I TIPUS. HOTEL. ENCAMP	2025	41
199	NOMBRE D ´ALLOTJAMENTS TURÍSTICS PER PARRÒQUIA I TIPUS	0205060200050003	NOMBRE D ´ALLOTJAMENTS TURÍSTICS PER PARRÒQUIA I TIPUS. HOTEL. ORDINO	2004	15
199	NOMBRE D ´ALLOTJAMENTS TURÍSTICS PER PARRÒQUIA I TIPUS	0205060200050003	NOMBRE D ´ALLOTJAMENTS TURÍSTICS PER PARRÒQUIA I TIPUS. HOTEL. ORDINO	2005	17
199	NOMBRE D ´ALLOTJAMENTS TURÍSTICS PER PARRÒQUIA I TIPUS	0205060200050003	NOMBRE D ´ALLOTJAMENTS TURÍSTICS PER PARRÒQUIA I TIPUS. HOTEL. ORDINO	2006	17
199	NOMBRE D ´ALLOTJAMENTS TURÍSTICS PER PARRÒQUIA I TIPUS	0205060200050003	NOMBRE D ´ALLOTJAMENTS TURÍSTICS PER PARRÒQUIA I TIPUS. HOTEL. ORDINO	2007	16
199	NOMBRE D ´ALLOTJAMENTS TURÍSTICS PER PARRÒQUIA I TIPUS	0205060200050003	NOMBRE D ´ALLOTJAMENTS TURÍSTICS PER PARRÒQUIA I TIPUS. HOTEL. ORDINO	2008	17
199	NOMBRE D ´ALLOTJAMENTS TURÍSTICS PER PARRÒQUIA I TIPUS	0205060200050003	NOMBRE D ´ALLOTJAMENTS TURÍSTICS PER PARRÒQUIA I TIPUS. HOTEL. ORDINO	2009	17
199	NOMBRE D ´ALLOTJAMENTS TURÍSTICS PER PARRÒQUIA I TIPUS	0205060200050003	NOMBRE D ´ALLOTJAMENTS TURÍSTICS PER PARRÒQUIA I TIPUS. HOTEL. ORDINO	2010	15
199	NOMBRE D ´ALLOTJAMENTS TURÍSTICS PER PARRÒQUIA I TIPUS	0205060200050003	NOMBRE D ´ALLOTJAMENTS TURÍSTICS PER PARRÒQUIA I TIPUS. HOTEL. ORDINO	2011	16
199	NOMBRE D ´ALLOTJAMENTS TURÍSTICS PER PARRÒQUIA I TIPUS	0205060200050003	NOMBRE D ´ALLOTJAMENTS TURÍSTICS PER PARRÒQUIA I TIPUS. HOTEL. ORDINO	2012	16
199	NOMBRE D ´ALLOTJAMENTS TURÍSTICS PER PARRÒQUIA I TIPUS	0205060200050003	NOMBRE D ´ALLOTJAMENTS TURÍSTICS PER PARRÒQUIA I TIPUS. HOTEL. ORDINO	2013	16
199	NOMBRE D ´ALLOTJAMENTS TURÍSTICS PER PARRÒQUIA I TIPUS	0205060200050003	NOMBRE D ´ALLOTJAMENTS TURÍSTICS PER PARRÒQUIA I TIPUS. HOTEL. ORDINO	2014	16
199	NOMBRE D ´ALLOTJAMENTS TURÍSTICS PER PARRÒQUIA I TIPUS	0205060200050003	NOMBRE D ´ALLOTJAMENTS TURÍSTICS PER PARRÒQUIA I TIPUS. HOTEL. ORDINO	2015	16
199	NOMBRE D ´ALLOTJAMENTS TURÍSTICS PER PARRÒQUIA I TIPUS	0205060200050003	NOMBRE D ´ALLOTJAMENTS TURÍSTICS PER PARRÒQUIA I TIPUS. HOTEL. ORDINO	2016	14
199	NOMBRE D ´ALLOTJAMENTS TURÍSTICS PER PARRÒQUIA I TIPUS	0205060200050003	NOMBRE D ´ALLOTJAMENTS TURÍSTICS PER PARRÒQUIA I TIPUS. HOTEL. ORDINO	2017	15
199	NOMBRE D ´ALLOTJAMENTS TURÍSTICS PER PARRÒQUIA I TIPUS	0205060200050003	NOMBRE D ´ALLOTJAMENTS TURÍSTICS PER PARRÒQUIA I TIPUS. HOTEL. ORDINO	2018	16
199	NOMBRE D ´ALLOTJAMENTS TURÍSTICS PER PARRÒQUIA I TIPUS	0205060200050003	NOMBRE D ´ALLOTJAMENTS TURÍSTICS PER PARRÒQUIA I TIPUS. HOTEL. ORDINO	2019	14
199	NOMBRE D ´ALLOTJAMENTS TURÍSTICS PER PARRÒQUIA I TIPUS	0205060200050003	NOMBRE D ´ALLOTJAMENTS TURÍSTICS PER PARRÒQUIA I TIPUS. HOTEL. ORDINO	2020	14
199	NOMBRE D ´ALLOTJAMENTS TURÍSTICS PER PARRÒQUIA I TIPUS	0205060200050003	NOMBRE D ´ALLOTJAMENTS TURÍSTICS PER PARRÒQUIA I TIPUS. HOTEL. ORDINO	2021	15
199	NOMBRE D ´ALLOTJAMENTS TURÍSTICS PER PARRÒQUIA I TIPUS	0205060200050003	NOMBRE D ´ALLOTJAMENTS TURÍSTICS PER PARRÒQUIA I TIPUS. HOTEL. ORDINO	2022	15
199	NOMBRE D ´ALLOTJAMENTS TURÍSTICS PER PARRÒQUIA I TIPUS	0205060200050003	NOMBRE D ´ALLOTJAMENTS TURÍSTICS PER PARRÒQUIA I TIPUS. HOTEL. ORDINO	2023	14
199	NOMBRE D ´ALLOTJAMENTS TURÍSTICS PER PARRÒQUIA I TIPUS	0205060200050003	NOMBRE D ´ALLOTJAMENTS TURÍSTICS PER PARRÒQUIA I TIPUS. HOTEL. ORDINO	2024	14
199	NOMBRE D ´ALLOTJAMENTS TURÍSTICS PER PARRÒQUIA I TIPUS	0205060200050003	NOMBRE D ´ALLOTJAMENTS TURÍSTICS PER PARRÒQUIA I TIPUS. HOTEL. ORDINO	2025	14
199	NOMBRE D ´ALLOTJAMENTS TURÍSTICS PER PARRÒQUIA I TIPUS	0205060200050004	NOMBRE D ´ALLOTJAMENTS TURÍSTICS PER PARRÒQUIA I TIPUS. HOTEL. LA MASSANA	2004	26
199	NOMBRE D ´ALLOTJAMENTS TURÍSTICS PER PARRÒQUIA I TIPUS	0205060200050004	NOMBRE D ´ALLOTJAMENTS TURÍSTICS PER PARRÒQUIA I TIPUS. HOTEL. LA MASSANA	2005	26
199	NOMBRE D ´ALLOTJAMENTS TURÍSTICS PER PARRÒQUIA I TIPUS	0205060200050004	NOMBRE D ´ALLOTJAMENTS TURÍSTICS PER PARRÒQUIA I TIPUS. HOTEL. LA MASSANA	2006	26
199	NOMBRE D ´ALLOTJAMENTS TURÍSTICS PER PARRÒQUIA I TIPUS	0205060200050004	NOMBRE D ´ALLOTJAMENTS TURÍSTICS PER PARRÒQUIA I TIPUS. HOTEL. LA MASSANA	2007	26
199	NOMBRE D ´ALLOTJAMENTS TURÍSTICS PER PARRÒQUIA I TIPUS	0205060200050004	NOMBRE D ´ALLOTJAMENTS TURÍSTICS PER PARRÒQUIA I TIPUS. HOTEL. LA MASSANA	2008	26
199	NOMBRE D ´ALLOTJAMENTS TURÍSTICS PER PARRÒQUIA I TIPUS	0205060200050004	NOMBRE D ´ALLOTJAMENTS TURÍSTICS PER PARRÒQUIA I TIPUS. HOTEL. LA MASSANA	2009	25
199	NOMBRE D ´ALLOTJAMENTS TURÍSTICS PER PARRÒQUIA I TIPUS	0205060200050004	NOMBRE D ´ALLOTJAMENTS TURÍSTICS PER PARRÒQUIA I TIPUS. HOTEL. LA MASSANA	2010	26
199	NOMBRE D ´ALLOTJAMENTS TURÍSTICS PER PARRÒQUIA I TIPUS	0205060200050004	NOMBRE D ´ALLOTJAMENTS TURÍSTICS PER PARRÒQUIA I TIPUS. HOTEL. LA MASSANA	2011	27
199	NOMBRE D ´ALLOTJAMENTS TURÍSTICS PER PARRÒQUIA I TIPUS	0205060200050004	NOMBRE D ´ALLOTJAMENTS TURÍSTICS PER PARRÒQUIA I TIPUS. HOTEL. LA MASSANA	2012	27
199	NOMBRE D ´ALLOTJAMENTS TURÍSTICS PER PARRÒQUIA I TIPUS	0205060200050004	NOMBRE D ´ALLOTJAMENTS TURÍSTICS PER PARRÒQUIA I TIPUS. HOTEL. LA MASSANA	2013	26
199	NOMBRE D ´ALLOTJAMENTS TURÍSTICS PER PARRÒQUIA I TIPUS	0205060200050004	NOMBRE D ´ALLOTJAMENTS TURÍSTICS PER PARRÒQUIA I TIPUS. HOTEL. LA MASSANA	2014	26
199	NOMBRE D ´ALLOTJAMENTS TURÍSTICS PER PARRÒQUIA I TIPUS	0205060200050004	NOMBRE D ´ALLOTJAMENTS TURÍSTICS PER PARRÒQUIA I TIPUS. HOTEL. LA MASSANA	2015	24
199	NOMBRE D ´ALLOTJAMENTS TURÍSTICS PER PARRÒQUIA I TIPUS	0205060200050004	NOMBRE D ´ALLOTJAMENTS TURÍSTICS PER PARRÒQUIA I TIPUS. HOTEL. LA MASSANA	2016	25
199	NOMBRE D ´ALLOTJAMENTS TURÍSTICS PER PARRÒQUIA I TIPUS	0205060200050004	NOMBRE D ´ALLOTJAMENTS TURÍSTICS PER PARRÒQUIA I TIPUS. HOTEL. LA MASSANA	2017	25
199	NOMBRE D ´ALLOTJAMENTS TURÍSTICS PER PARRÒQUIA I TIPUS	0205060200050004	NOMBRE D ´ALLOTJAMENTS TURÍSTICS PER PARRÒQUIA I TIPUS. HOTEL. LA MASSANA	2018	26
199	NOMBRE D ´ALLOTJAMENTS TURÍSTICS PER PARRÒQUIA I TIPUS	0205060200050004	NOMBRE D ´ALLOTJAMENTS TURÍSTICS PER PARRÒQUIA I TIPUS. HOTEL. LA MASSANA	2019	25
199	NOMBRE D ´ALLOTJAMENTS TURÍSTICS PER PARRÒQUIA I TIPUS	0205060200050004	NOMBRE D ´ALLOTJAMENTS TURÍSTICS PER PARRÒQUIA I TIPUS. HOTEL. LA MASSANA	2020	25
199	NOMBRE D ´ALLOTJAMENTS TURÍSTICS PER PARRÒQUIA I TIPUS	0205060200050004	NOMBRE D ´ALLOTJAMENTS TURÍSTICS PER PARRÒQUIA I TIPUS. HOTEL. LA MASSANA	2021	24
199	NOMBRE D ´ALLOTJAMENTS TURÍSTICS PER PARRÒQUIA I TIPUS	0205060200050004	NOMBRE D ´ALLOTJAMENTS TURÍSTICS PER PARRÒQUIA I TIPUS. HOTEL. LA MASSANA	2022	22
199	NOMBRE D ´ALLOTJAMENTS TURÍSTICS PER PARRÒQUIA I TIPUS	0205060200050004	NOMBRE D ´ALLOTJAMENTS TURÍSTICS PER PARRÒQUIA I TIPUS. HOTEL. LA MASSANA	2023	23
199	NOMBRE D ´ALLOTJAMENTS TURÍSTICS PER PARRÒQUIA I TIPUS	0205060200050004	NOMBRE D ´ALLOTJAMENTS TURÍSTICS PER PARRÒQUIA I TIPUS. HOTEL. LA MASSANA	2024	23
199	NOMBRE D ´ALLOTJAMENTS TURÍSTICS PER PARRÒQUIA I TIPUS	0205060200050004	NOMBRE D ´ALLOTJAMENTS TURÍSTICS PER PARRÒQUIA I TIPUS. HOTEL. LA MASSANA	2025	23
199	NOMBRE D ´ALLOTJAMENTS TURÍSTICS PER PARRÒQUIA I TIPUS	0205060200050005	NOMBRE D ´ALLOTJAMENTS TURÍSTICS PER PARRÒQUIA I TIPUS. HOTEL. ANDORRA LA VELLA	2004	41
199	NOMBRE D ´ALLOTJAMENTS TURÍSTICS PER PARRÒQUIA I TIPUS	0205060200050005	NOMBRE D ´ALLOTJAMENTS TURÍSTICS PER PARRÒQUIA I TIPUS. HOTEL. ANDORRA LA VELLA	2005	41
199	NOMBRE D ´ALLOTJAMENTS TURÍSTICS PER PARRÒQUIA I TIPUS	0205060200050005	NOMBRE D ´ALLOTJAMENTS TURÍSTICS PER PARRÒQUIA I TIPUS. HOTEL. ANDORRA LA VELLA	2006	36
199	NOMBRE D ´ALLOTJAMENTS TURÍSTICS PER PARRÒQUIA I TIPUS	0205060200050005	NOMBRE D ´ALLOTJAMENTS TURÍSTICS PER PARRÒQUIA I TIPUS. HOTEL. ANDORRA LA VELLA	2007	36
199	NOMBRE D ´ALLOTJAMENTS TURÍSTICS PER PARRÒQUIA I TIPUS	0205060200050005	NOMBRE D ´ALLOTJAMENTS TURÍSTICS PER PARRÒQUIA I TIPUS. HOTEL. ANDORRA LA VELLA	2008	35
199	NOMBRE D ´ALLOTJAMENTS TURÍSTICS PER PARRÒQUIA I TIPUS	0205060200050005	NOMBRE D ´ALLOTJAMENTS TURÍSTICS PER PARRÒQUIA I TIPUS. HOTEL. ANDORRA LA VELLA	2009	34
199	NOMBRE D ´ALLOTJAMENTS TURÍSTICS PER PARRÒQUIA I TIPUS	0205060200050005	NOMBRE D ´ALLOTJAMENTS TURÍSTICS PER PARRÒQUIA I TIPUS. HOTEL. ANDORRA LA VELLA	2010	33
199	NOMBRE D ´ALLOTJAMENTS TURÍSTICS PER PARRÒQUIA I TIPUS	0205060200050005	NOMBRE D ´ALLOTJAMENTS TURÍSTICS PER PARRÒQUIA I TIPUS. HOTEL. ANDORRA LA VELLA	2011	32
199	NOMBRE D ´ALLOTJAMENTS TURÍSTICS PER PARRÒQUIA I TIPUS	0205060200050005	NOMBRE D ´ALLOTJAMENTS TURÍSTICS PER PARRÒQUIA I TIPUS. HOTEL. ANDORRA LA VELLA	2012	31
199	NOMBRE D ´ALLOTJAMENTS TURÍSTICS PER PARRÒQUIA I TIPUS	0205060200050005	NOMBRE D ´ALLOTJAMENTS TURÍSTICS PER PARRÒQUIA I TIPUS. HOTEL. ANDORRA LA VELLA	2013	29
199	NOMBRE D ´ALLOTJAMENTS TURÍSTICS PER PARRÒQUIA I TIPUS	0205060200050005	NOMBRE D ´ALLOTJAMENTS TURÍSTICS PER PARRÒQUIA I TIPUS. HOTEL. ANDORRA LA VELLA	2014	28
199	NOMBRE D ´ALLOTJAMENTS TURÍSTICS PER PARRÒQUIA I TIPUS	0205060200050005	NOMBRE D ´ALLOTJAMENTS TURÍSTICS PER PARRÒQUIA I TIPUS. HOTEL. ANDORRA LA VELLA	2015	27
199	NOMBRE D ´ALLOTJAMENTS TURÍSTICS PER PARRÒQUIA I TIPUS	0205060200050005	NOMBRE D ´ALLOTJAMENTS TURÍSTICS PER PARRÒQUIA I TIPUS. HOTEL. ANDORRA LA VELLA	2016	27
199	NOMBRE D ´ALLOTJAMENTS TURÍSTICS PER PARRÒQUIA I TIPUS	0205060200050005	NOMBRE D ´ALLOTJAMENTS TURÍSTICS PER PARRÒQUIA I TIPUS. HOTEL. ANDORRA LA VELLA	2017	28
199	NOMBRE D ´ALLOTJAMENTS TURÍSTICS PER PARRÒQUIA I TIPUS	0205060200050005	NOMBRE D ´ALLOTJAMENTS TURÍSTICS PER PARRÒQUIA I TIPUS. HOTEL. ANDORRA LA VELLA	2018	27
199	NOMBRE D ´ALLOTJAMENTS TURÍSTICS PER PARRÒQUIA I TIPUS	0205060200050005	NOMBRE D ´ALLOTJAMENTS TURÍSTICS PER PARRÒQUIA I TIPUS. HOTEL. ANDORRA LA VELLA	2019	27
199	NOMBRE D ´ALLOTJAMENTS TURÍSTICS PER PARRÒQUIA I TIPUS	0205060200050005	NOMBRE D ´ALLOTJAMENTS TURÍSTICS PER PARRÒQUIA I TIPUS. HOTEL. ANDORRA LA VELLA	2020	26
199	NOMBRE D ´ALLOTJAMENTS TURÍSTICS PER PARRÒQUIA I TIPUS	0205060200050005	NOMBRE D ´ALLOTJAMENTS TURÍSTICS PER PARRÒQUIA I TIPUS. HOTEL. ANDORRA LA VELLA	2021	24
199	NOMBRE D ´ALLOTJAMENTS TURÍSTICS PER PARRÒQUIA I TIPUS	0205060200050005	NOMBRE D ´ALLOTJAMENTS TURÍSTICS PER PARRÒQUIA I TIPUS. HOTEL. ANDORRA LA VELLA	2022	27
199	NOMBRE D ´ALLOTJAMENTS TURÍSTICS PER PARRÒQUIA I TIPUS	0205060200050005	NOMBRE D ´ALLOTJAMENTS TURÍSTICS PER PARRÒQUIA I TIPUS. HOTEL. ANDORRA LA VELLA	2023	26
199	NOMBRE D ´ALLOTJAMENTS TURÍSTICS PER PARRÒQUIA I TIPUS	0205060200050005	NOMBRE D ´ALLOTJAMENTS TURÍSTICS PER PARRÒQUIA I TIPUS. HOTEL. ANDORRA LA VELLA	2024	26
199	NOMBRE D ´ALLOTJAMENTS TURÍSTICS PER PARRÒQUIA I TIPUS	0205060200050005	NOMBRE D ´ALLOTJAMENTS TURÍSTICS PER PARRÒQUIA I TIPUS. HOTEL. ANDORRA LA VELLA	2025	25
199	NOMBRE D ´ALLOTJAMENTS TURÍSTICS PER PARRÒQUIA I TIPUS	0205060200050006	NOMBRE D ´ALLOTJAMENTS TURÍSTICS PER PARRÒQUIA I TIPUS. HOTEL. SANT JULIÀ DE LÒRIA	2004	11
199	NOMBRE D ´ALLOTJAMENTS TURÍSTICS PER PARRÒQUIA I TIPUS	0205060200050006	NOMBRE D ´ALLOTJAMENTS TURÍSTICS PER PARRÒQUIA I TIPUS. HOTEL. SANT JULIÀ DE LÒRIA	2005	12
199	NOMBRE D ´ALLOTJAMENTS TURÍSTICS PER PARRÒQUIA I TIPUS	0205060200050006	NOMBRE D ´ALLOTJAMENTS TURÍSTICS PER PARRÒQUIA I TIPUS. HOTEL. SANT JULIÀ DE LÒRIA	2006	12
199	NOMBRE D ´ALLOTJAMENTS TURÍSTICS PER PARRÒQUIA I TIPUS	0205060200050006	NOMBRE D ´ALLOTJAMENTS TURÍSTICS PER PARRÒQUIA I TIPUS. HOTEL. SANT JULIÀ DE LÒRIA	2007	12
199	NOMBRE D ´ALLOTJAMENTS TURÍSTICS PER PARRÒQUIA I TIPUS	0205060200050006	NOMBRE D ´ALLOTJAMENTS TURÍSTICS PER PARRÒQUIA I TIPUS. HOTEL. SANT JULIÀ DE LÒRIA	2008	12
199	NOMBRE D ´ALLOTJAMENTS TURÍSTICS PER PARRÒQUIA I TIPUS	0205060200050006	NOMBRE D ´ALLOTJAMENTS TURÍSTICS PER PARRÒQUIA I TIPUS. HOTEL. SANT JULIÀ DE LÒRIA	2009	11
199	NOMBRE D ´ALLOTJAMENTS TURÍSTICS PER PARRÒQUIA I TIPUS	0205060200050006	NOMBRE D ´ALLOTJAMENTS TURÍSTICS PER PARRÒQUIA I TIPUS. HOTEL. SANT JULIÀ DE LÒRIA	2010	11
199	NOMBRE D ´ALLOTJAMENTS TURÍSTICS PER PARRÒQUIA I TIPUS	0205060200050006	NOMBRE D ´ALLOTJAMENTS TURÍSTICS PER PARRÒQUIA I TIPUS. HOTEL. SANT JULIÀ DE LÒRIA	2011	10
199	NOMBRE D ´ALLOTJAMENTS TURÍSTICS PER PARRÒQUIA I TIPUS	0205060200050006	NOMBRE D ´ALLOTJAMENTS TURÍSTICS PER PARRÒQUIA I TIPUS. HOTEL. SANT JULIÀ DE LÒRIA	2012	10
199	NOMBRE D ´ALLOTJAMENTS TURÍSTICS PER PARRÒQUIA I TIPUS	0205060200050006	NOMBRE D ´ALLOTJAMENTS TURÍSTICS PER PARRÒQUIA I TIPUS. HOTEL. SANT JULIÀ DE LÒRIA	2013	10
199	NOMBRE D ´ALLOTJAMENTS TURÍSTICS PER PARRÒQUIA I TIPUS	0205060200050006	NOMBRE D ´ALLOTJAMENTS TURÍSTICS PER PARRÒQUIA I TIPUS. HOTEL. SANT JULIÀ DE LÒRIA	2014	10
199	NOMBRE D ´ALLOTJAMENTS TURÍSTICS PER PARRÒQUIA I TIPUS	0205060200050006	NOMBRE D ´ALLOTJAMENTS TURÍSTICS PER PARRÒQUIA I TIPUS. HOTEL. SANT JULIÀ DE LÒRIA	2015	8
199	NOMBRE D ´ALLOTJAMENTS TURÍSTICS PER PARRÒQUIA I TIPUS	0205060200050006	NOMBRE D ´ALLOTJAMENTS TURÍSTICS PER PARRÒQUIA I TIPUS. HOTEL. SANT JULIÀ DE LÒRIA	2016	8
199	NOMBRE D ´ALLOTJAMENTS TURÍSTICS PER PARRÒQUIA I TIPUS	0205060200050006	NOMBRE D ´ALLOTJAMENTS TURÍSTICS PER PARRÒQUIA I TIPUS. HOTEL. SANT JULIÀ DE LÒRIA	2017	8
199	NOMBRE D ´ALLOTJAMENTS TURÍSTICS PER PARRÒQUIA I TIPUS	0205060200050006	NOMBRE D ´ALLOTJAMENTS TURÍSTICS PER PARRÒQUIA I TIPUS. HOTEL. SANT JULIÀ DE LÒRIA	2018	8
199	NOMBRE D ´ALLOTJAMENTS TURÍSTICS PER PARRÒQUIA I TIPUS	0205060200050006	NOMBRE D ´ALLOTJAMENTS TURÍSTICS PER PARRÒQUIA I TIPUS. HOTEL. SANT JULIÀ DE LÒRIA	2019	8
199	NOMBRE D ´ALLOTJAMENTS TURÍSTICS PER PARRÒQUIA I TIPUS	0205060200050006	NOMBRE D ´ALLOTJAMENTS TURÍSTICS PER PARRÒQUIA I TIPUS. HOTEL. SANT JULIÀ DE LÒRIA	2020	8
199	NOMBRE D ´ALLOTJAMENTS TURÍSTICS PER PARRÒQUIA I TIPUS	0205060200050006	NOMBRE D ´ALLOTJAMENTS TURÍSTICS PER PARRÒQUIA I TIPUS. HOTEL. SANT JULIÀ DE LÒRIA	2021	8
199	NOMBRE D ´ALLOTJAMENTS TURÍSTICS PER PARRÒQUIA I TIPUS	0205060200050006	NOMBRE D ´ALLOTJAMENTS TURÍSTICS PER PARRÒQUIA I TIPUS. HOTEL. SANT JULIÀ DE LÒRIA	2022	9
199	NOMBRE D ´ALLOTJAMENTS TURÍSTICS PER PARRÒQUIA I TIPUS	0205060200050006	NOMBRE D ´ALLOTJAMENTS TURÍSTICS PER PARRÒQUIA I TIPUS. HOTEL. SANT JULIÀ DE LÒRIA	2023	9
199	NOMBRE D ´ALLOTJAMENTS TURÍSTICS PER PARRÒQUIA I TIPUS	0205060200050006	NOMBRE D ´ALLOTJAMENTS TURÍSTICS PER PARRÒQUIA I TIPUS. HOTEL. SANT JULIÀ DE LÒRIA	2024	8
199	NOMBRE D ´ALLOTJAMENTS TURÍSTICS PER PARRÒQUIA I TIPUS	0205060200050006	NOMBRE D ´ALLOTJAMENTS TURÍSTICS PER PARRÒQUIA I TIPUS. HOTEL. SANT JULIÀ DE LÒRIA	2025	8
199	NOMBRE D ´ALLOTJAMENTS TURÍSTICS PER PARRÒQUIA I TIPUS	0205060200050007	NOMBRE D ´ALLOTJAMENTS TURÍSTICS PER PARRÒQUIA I TIPUS. HOTEL. ESCALDES-ENGORDANY	2004	30
199	NOMBRE D ´ALLOTJAMENTS TURÍSTICS PER PARRÒQUIA I TIPUS	0205060200050007	NOMBRE D ´ALLOTJAMENTS TURÍSTICS PER PARRÒQUIA I TIPUS. HOTEL. ESCALDES-ENGORDANY	2005	26
199	NOMBRE D ´ALLOTJAMENTS TURÍSTICS PER PARRÒQUIA I TIPUS	0205060200050007	NOMBRE D ´ALLOTJAMENTS TURÍSTICS PER PARRÒQUIA I TIPUS. HOTEL. ESCALDES-ENGORDANY	2006	27
199	NOMBRE D ´ALLOTJAMENTS TURÍSTICS PER PARRÒQUIA I TIPUS	0205060200050007	NOMBRE D ´ALLOTJAMENTS TURÍSTICS PER PARRÒQUIA I TIPUS. HOTEL. ESCALDES-ENGORDANY	2007	27
199	NOMBRE D ´ALLOTJAMENTS TURÍSTICS PER PARRÒQUIA I TIPUS	0205060200050007	NOMBRE D ´ALLOTJAMENTS TURÍSTICS PER PARRÒQUIA I TIPUS. HOTEL. ESCALDES-ENGORDANY	2008	24
199	NOMBRE D ´ALLOTJAMENTS TURÍSTICS PER PARRÒQUIA I TIPUS	0205060200050007	NOMBRE D ´ALLOTJAMENTS TURÍSTICS PER PARRÒQUIA I TIPUS. HOTEL. ESCALDES-ENGORDANY	2009	23
199	NOMBRE D ´ALLOTJAMENTS TURÍSTICS PER PARRÒQUIA I TIPUS	0205060200050007	NOMBRE D ´ALLOTJAMENTS TURÍSTICS PER PARRÒQUIA I TIPUS. HOTEL. ESCALDES-ENGORDANY	2010	24
199	NOMBRE D ´ALLOTJAMENTS TURÍSTICS PER PARRÒQUIA I TIPUS	0205060200050007	NOMBRE D ´ALLOTJAMENTS TURÍSTICS PER PARRÒQUIA I TIPUS. HOTEL. ESCALDES-ENGORDANY	2011	24
199	NOMBRE D ´ALLOTJAMENTS TURÍSTICS PER PARRÒQUIA I TIPUS	0205060200050007	NOMBRE D ´ALLOTJAMENTS TURÍSTICS PER PARRÒQUIA I TIPUS. HOTEL. ESCALDES-ENGORDANY	2012	24
199	NOMBRE D ´ALLOTJAMENTS TURÍSTICS PER PARRÒQUIA I TIPUS	0205060200050007	NOMBRE D ´ALLOTJAMENTS TURÍSTICS PER PARRÒQUIA I TIPUS. HOTEL. ESCALDES-ENGORDANY	2013	24
199	NOMBRE D ´ALLOTJAMENTS TURÍSTICS PER PARRÒQUIA I TIPUS	0205060200050007	NOMBRE D ´ALLOTJAMENTS TURÍSTICS PER PARRÒQUIA I TIPUS. HOTEL. ESCALDES-ENGORDANY	2014	25
199	NOMBRE D ´ALLOTJAMENTS TURÍSTICS PER PARRÒQUIA I TIPUS	0205060200050007	NOMBRE D ´ALLOTJAMENTS TURÍSTICS PER PARRÒQUIA I TIPUS. HOTEL. ESCALDES-ENGORDANY	2015	25
199	NOMBRE D ´ALLOTJAMENTS TURÍSTICS PER PARRÒQUIA I TIPUS	0205060200050007	NOMBRE D ´ALLOTJAMENTS TURÍSTICS PER PARRÒQUIA I TIPUS. HOTEL. ESCALDES-ENGORDANY	2016	24
199	NOMBRE D ´ALLOTJAMENTS TURÍSTICS PER PARRÒQUIA I TIPUS	0205060200050007	NOMBRE D ´ALLOTJAMENTS TURÍSTICS PER PARRÒQUIA I TIPUS. HOTEL. ESCALDES-ENGORDANY	2017	24
199	NOMBRE D ´ALLOTJAMENTS TURÍSTICS PER PARRÒQUIA I TIPUS	0205060200050007	NOMBRE D ´ALLOTJAMENTS TURÍSTICS PER PARRÒQUIA I TIPUS. HOTEL. ESCALDES-ENGORDANY	2018	24
199	NOMBRE D ´ALLOTJAMENTS TURÍSTICS PER PARRÒQUIA I TIPUS	0205060200050007	NOMBRE D ´ALLOTJAMENTS TURÍSTICS PER PARRÒQUIA I TIPUS. HOTEL. ESCALDES-ENGORDANY	2019	23
199	NOMBRE D ´ALLOTJAMENTS TURÍSTICS PER PARRÒQUIA I TIPUS	0205060200050007	NOMBRE D ´ALLOTJAMENTS TURÍSTICS PER PARRÒQUIA I TIPUS. HOTEL. ESCALDES-ENGORDANY	2020	23
199	NOMBRE D ´ALLOTJAMENTS TURÍSTICS PER PARRÒQUIA I TIPUS	0205060200050007	NOMBRE D ´ALLOTJAMENTS TURÍSTICS PER PARRÒQUIA I TIPUS. HOTEL. ESCALDES-ENGORDANY	2021	21
199	NOMBRE D ´ALLOTJAMENTS TURÍSTICS PER PARRÒQUIA I TIPUS	0205060200050007	NOMBRE D ´ALLOTJAMENTS TURÍSTICS PER PARRÒQUIA I TIPUS. HOTEL. ESCALDES-ENGORDANY	2022	20
199	NOMBRE D ´ALLOTJAMENTS TURÍSTICS PER PARRÒQUIA I TIPUS	0205060200050007	NOMBRE D ´ALLOTJAMENTS TURÍSTICS PER PARRÒQUIA I TIPUS. HOTEL. ESCALDES-ENGORDANY	2023	21
199	NOMBRE D ´ALLOTJAMENTS TURÍSTICS PER PARRÒQUIA I TIPUS	0205060200050007	NOMBRE D ´ALLOTJAMENTS TURÍSTICS PER PARRÒQUIA I TIPUS. HOTEL. ESCALDES-ENGORDANY	2024	21
199	NOMBRE D ´ALLOTJAMENTS TURÍSTICS PER PARRÒQUIA I TIPUS	0205060200050007	NOMBRE D ´ALLOTJAMENTS TURÍSTICS PER PARRÒQUIA I TIPUS. HOTEL. ESCALDES-ENGORDANY	2025	22
199	NOMBRE D ´ALLOTJAMENTS TURÍSTICS PER PARRÒQUIA I TIPUS	0205060200050008	NOMBRE D ´ALLOTJAMENTS TURÍSTICS PER PARRÒQUIA I TIPUS. HOSTAL O RESIDÈNCIA. CANILLO	2004	0
199	NOMBRE D ´ALLOTJAMENTS TURÍSTICS PER PARRÒQUIA I TIPUS	0205060200050008	NOMBRE D ´ALLOTJAMENTS TURÍSTICS PER PARRÒQUIA I TIPUS. HOSTAL O RESIDÈNCIA. CANILLO	2005	0
199	NOMBRE D ´ALLOTJAMENTS TURÍSTICS PER PARRÒQUIA I TIPUS	0205060200050008	NOMBRE D ´ALLOTJAMENTS TURÍSTICS PER PARRÒQUIA I TIPUS. HOSTAL O RESIDÈNCIA. CANILLO	2006	0
199	NOMBRE D ´ALLOTJAMENTS TURÍSTICS PER PARRÒQUIA I TIPUS	0205060200050008	NOMBRE D ´ALLOTJAMENTS TURÍSTICS PER PARRÒQUIA I TIPUS. HOSTAL O RESIDÈNCIA. CANILLO	2007	2
199	NOMBRE D ´ALLOTJAMENTS TURÍSTICS PER PARRÒQUIA I TIPUS	0205060200050008	NOMBRE D ´ALLOTJAMENTS TURÍSTICS PER PARRÒQUIA I TIPUS. HOSTAL O RESIDÈNCIA. CANILLO	2008	2
199	NOMBRE D ´ALLOTJAMENTS TURÍSTICS PER PARRÒQUIA I TIPUS	0205060200050008	NOMBRE D ´ALLOTJAMENTS TURÍSTICS PER PARRÒQUIA I TIPUS. HOSTAL O RESIDÈNCIA. CANILLO	2009	2
199	NOMBRE D ´ALLOTJAMENTS TURÍSTICS PER PARRÒQUIA I TIPUS	0205060200050008	NOMBRE D ´ALLOTJAMENTS TURÍSTICS PER PARRÒQUIA I TIPUS. HOSTAL O RESIDÈNCIA. CANILLO	2010	2
199	NOMBRE D ´ALLOTJAMENTS TURÍSTICS PER PARRÒQUIA I TIPUS	0205060200050008	NOMBRE D ´ALLOTJAMENTS TURÍSTICS PER PARRÒQUIA I TIPUS. HOSTAL O RESIDÈNCIA. CANILLO	2011	3
199	NOMBRE D ´ALLOTJAMENTS TURÍSTICS PER PARRÒQUIA I TIPUS	0205060200050008	NOMBRE D ´ALLOTJAMENTS TURÍSTICS PER PARRÒQUIA I TIPUS. HOSTAL O RESIDÈNCIA. CANILLO	2012	3
199	NOMBRE D ´ALLOTJAMENTS TURÍSTICS PER PARRÒQUIA I TIPUS	0205060200050008	NOMBRE D ´ALLOTJAMENTS TURÍSTICS PER PARRÒQUIA I TIPUS. HOSTAL O RESIDÈNCIA. CANILLO	2013	2
199	NOMBRE D ´ALLOTJAMENTS TURÍSTICS PER PARRÒQUIA I TIPUS	0205060200050008	NOMBRE D ´ALLOTJAMENTS TURÍSTICS PER PARRÒQUIA I TIPUS. HOSTAL O RESIDÈNCIA. CANILLO	2014	2
199	NOMBRE D ´ALLOTJAMENTS TURÍSTICS PER PARRÒQUIA I TIPUS	0205060200050008	NOMBRE D ´ALLOTJAMENTS TURÍSTICS PER PARRÒQUIA I TIPUS. HOSTAL O RESIDÈNCIA. CANILLO	2015	2
199	NOMBRE D ´ALLOTJAMENTS TURÍSTICS PER PARRÒQUIA I TIPUS	0205060200050008	NOMBRE D ´ALLOTJAMENTS TURÍSTICS PER PARRÒQUIA I TIPUS. HOSTAL O RESIDÈNCIA. CANILLO	2016	0
199	NOMBRE D ´ALLOTJAMENTS TURÍSTICS PER PARRÒQUIA I TIPUS	0205060200050008	NOMBRE D ´ALLOTJAMENTS TURÍSTICS PER PARRÒQUIA I TIPUS. HOSTAL O RESIDÈNCIA. CANILLO	2017	2
199	NOMBRE D ´ALLOTJAMENTS TURÍSTICS PER PARRÒQUIA I TIPUS	0205060200050008	NOMBRE D ´ALLOTJAMENTS TURÍSTICS PER PARRÒQUIA I TIPUS. HOSTAL O RESIDÈNCIA. CANILLO	2018	2
199	NOMBRE D ´ALLOTJAMENTS TURÍSTICS PER PARRÒQUIA I TIPUS	0205060200050008	NOMBRE D ´ALLOTJAMENTS TURÍSTICS PER PARRÒQUIA I TIPUS. HOSTAL O RESIDÈNCIA. CANILLO	2019	2
199	NOMBRE D ´ALLOTJAMENTS TURÍSTICS PER PARRÒQUIA I TIPUS	0205060200050008	NOMBRE D ´ALLOTJAMENTS TURÍSTICS PER PARRÒQUIA I TIPUS. HOSTAL O RESIDÈNCIA. CANILLO	2020	2
199	NOMBRE D ´ALLOTJAMENTS TURÍSTICS PER PARRÒQUIA I TIPUS	0205060200050008	NOMBRE D ´ALLOTJAMENTS TURÍSTICS PER PARRÒQUIA I TIPUS. HOSTAL O RESIDÈNCIA. CANILLO	2021	2
199	NOMBRE D ´ALLOTJAMENTS TURÍSTICS PER PARRÒQUIA I TIPUS	0205060200050008	NOMBRE D ´ALLOTJAMENTS TURÍSTICS PER PARRÒQUIA I TIPUS. HOSTAL O RESIDÈNCIA. CANILLO	2022	2
199	NOMBRE D ´ALLOTJAMENTS TURÍSTICS PER PARRÒQUIA I TIPUS	0205060200050008	NOMBRE D ´ALLOTJAMENTS TURÍSTICS PER PARRÒQUIA I TIPUS. HOSTAL O RESIDÈNCIA. CANILLO	2023	2
199	NOMBRE D ´ALLOTJAMENTS TURÍSTICS PER PARRÒQUIA I TIPUS	0205060200050008	NOMBRE D ´ALLOTJAMENTS TURÍSTICS PER PARRÒQUIA I TIPUS. HOSTAL O RESIDÈNCIA. CANILLO	2024	2
199	NOMBRE D ´ALLOTJAMENTS TURÍSTICS PER PARRÒQUIA I TIPUS	0205060200050008	NOMBRE D ´ALLOTJAMENTS TURÍSTICS PER PARRÒQUIA I TIPUS. HOSTAL O RESIDÈNCIA. CANILLO	2025	2
199	NOMBRE D ´ALLOTJAMENTS TURÍSTICS PER PARRÒQUIA I TIPUS	0205060200050009	NOMBRE D ´ALLOTJAMENTS TURÍSTICS PER PARRÒQUIA I TIPUS. HOSTAL O RESIDÈNCIA. ENCAMP	2004	3
199	NOMBRE D ´ALLOTJAMENTS TURÍSTICS PER PARRÒQUIA I TIPUS	0205060200050009	NOMBRE D ´ALLOTJAMENTS TURÍSTICS PER PARRÒQUIA I TIPUS. HOSTAL O RESIDÈNCIA. ENCAMP	2005	2
199	NOMBRE D ´ALLOTJAMENTS TURÍSTICS PER PARRÒQUIA I TIPUS	0205060200050009	NOMBRE D ´ALLOTJAMENTS TURÍSTICS PER PARRÒQUIA I TIPUS. HOSTAL O RESIDÈNCIA. ENCAMP	2006	2
199	NOMBRE D ´ALLOTJAMENTS TURÍSTICS PER PARRÒQUIA I TIPUS	0205060200050009	NOMBRE D ´ALLOTJAMENTS TURÍSTICS PER PARRÒQUIA I TIPUS. HOSTAL O RESIDÈNCIA. ENCAMP	2007	2
199	NOMBRE D ´ALLOTJAMENTS TURÍSTICS PER PARRÒQUIA I TIPUS	0205060200050009	NOMBRE D ´ALLOTJAMENTS TURÍSTICS PER PARRÒQUIA I TIPUS. HOSTAL O RESIDÈNCIA. ENCAMP	2008	2
199	NOMBRE D ´ALLOTJAMENTS TURÍSTICS PER PARRÒQUIA I TIPUS	0205060200050009	NOMBRE D ´ALLOTJAMENTS TURÍSTICS PER PARRÒQUIA I TIPUS. HOSTAL O RESIDÈNCIA. ENCAMP	2009	1
199	NOMBRE D ´ALLOTJAMENTS TURÍSTICS PER PARRÒQUIA I TIPUS	0205060200050009	NOMBRE D ´ALLOTJAMENTS TURÍSTICS PER PARRÒQUIA I TIPUS. HOSTAL O RESIDÈNCIA. ENCAMP	2010	1
199	NOMBRE D ´ALLOTJAMENTS TURÍSTICS PER PARRÒQUIA I TIPUS	0205060200050009	NOMBRE D ´ALLOTJAMENTS TURÍSTICS PER PARRÒQUIA I TIPUS. HOSTAL O RESIDÈNCIA. ENCAMP	2011	0
199	NOMBRE D ´ALLOTJAMENTS TURÍSTICS PER PARRÒQUIA I TIPUS	0205060200050009	NOMBRE D ´ALLOTJAMENTS TURÍSTICS PER PARRÒQUIA I TIPUS. HOSTAL O RESIDÈNCIA. ENCAMP	2012	0
199	NOMBRE D ´ALLOTJAMENTS TURÍSTICS PER PARRÒQUIA I TIPUS	0205060200050009	NOMBRE D ´ALLOTJAMENTS TURÍSTICS PER PARRÒQUIA I TIPUS. HOSTAL O RESIDÈNCIA. ENCAMP	2013	0
199	NOMBRE D ´ALLOTJAMENTS TURÍSTICS PER PARRÒQUIA I TIPUS	0205060200050009	NOMBRE D ´ALLOTJAMENTS TURÍSTICS PER PARRÒQUIA I TIPUS. HOSTAL O RESIDÈNCIA. ENCAMP	2014	0
199	NOMBRE D ´ALLOTJAMENTS TURÍSTICS PER PARRÒQUIA I TIPUS	0205060200050009	NOMBRE D ´ALLOTJAMENTS TURÍSTICS PER PARRÒQUIA I TIPUS. HOSTAL O RESIDÈNCIA. ENCAMP	2015	0
199	NOMBRE D ´ALLOTJAMENTS TURÍSTICS PER PARRÒQUIA I TIPUS	0205060200050009	NOMBRE D ´ALLOTJAMENTS TURÍSTICS PER PARRÒQUIA I TIPUS. HOSTAL O RESIDÈNCIA. ENCAMP	2016	0
199	NOMBRE D ´ALLOTJAMENTS TURÍSTICS PER PARRÒQUIA I TIPUS	0205060200050009	NOMBRE D ´ALLOTJAMENTS TURÍSTICS PER PARRÒQUIA I TIPUS. HOSTAL O RESIDÈNCIA. ENCAMP	2017	0
199	NOMBRE D ´ALLOTJAMENTS TURÍSTICS PER PARRÒQUIA I TIPUS	0205060200050009	NOMBRE D ´ALLOTJAMENTS TURÍSTICS PER PARRÒQUIA I TIPUS. HOSTAL O RESIDÈNCIA. ENCAMP	2018	0
199	NOMBRE D ´ALLOTJAMENTS TURÍSTICS PER PARRÒQUIA I TIPUS	0205060200050009	NOMBRE D ´ALLOTJAMENTS TURÍSTICS PER PARRÒQUIA I TIPUS. HOSTAL O RESIDÈNCIA. ENCAMP	2019	0
199	NOMBRE D ´ALLOTJAMENTS TURÍSTICS PER PARRÒQUIA I TIPUS	0205060200050009	NOMBRE D ´ALLOTJAMENTS TURÍSTICS PER PARRÒQUIA I TIPUS. HOSTAL O RESIDÈNCIA. ENCAMP	2020	0
199	NOMBRE D ´ALLOTJAMENTS TURÍSTICS PER PARRÒQUIA I TIPUS	0205060200050009	NOMBRE D ´ALLOTJAMENTS TURÍSTICS PER PARRÒQUIA I TIPUS. HOSTAL O RESIDÈNCIA. ENCAMP	2021	0
199	NOMBRE D ´ALLOTJAMENTS TURÍSTICS PER PARRÒQUIA I TIPUS	0205060200050009	NOMBRE D ´ALLOTJAMENTS TURÍSTICS PER PARRÒQUIA I TIPUS. HOSTAL O RESIDÈNCIA. ENCAMP	2022	0
199	NOMBRE D ´ALLOTJAMENTS TURÍSTICS PER PARRÒQUIA I TIPUS	0205060200050009	NOMBRE D ´ALLOTJAMENTS TURÍSTICS PER PARRÒQUIA I TIPUS. HOSTAL O RESIDÈNCIA. ENCAMP	2023	0
199	NOMBRE D ´ALLOTJAMENTS TURÍSTICS PER PARRÒQUIA I TIPUS	0205060200050009	NOMBRE D ´ALLOTJAMENTS TURÍSTICS PER PARRÒQUIA I TIPUS. HOSTAL O RESIDÈNCIA. ENCAMP	2024	0
199	NOMBRE D ´ALLOTJAMENTS TURÍSTICS PER PARRÒQUIA I TIPUS	0205060200050009	NOMBRE D ´ALLOTJAMENTS TURÍSTICS PER PARRÒQUIA I TIPUS. HOSTAL O RESIDÈNCIA. ENCAMP	2025	0
199	NOMBRE D ´ALLOTJAMENTS TURÍSTICS PER PARRÒQUIA I TIPUS	0205060200050010	NOMBRE D ´ALLOTJAMENTS TURÍSTICS PER PARRÒQUIA I TIPUS. HOSTAL O RESIDÈNCIA. ORDINO	2004	0
199	NOMBRE D ´ALLOTJAMENTS TURÍSTICS PER PARRÒQUIA I TIPUS	0205060200050010	NOMBRE D ´ALLOTJAMENTS TURÍSTICS PER PARRÒQUIA I TIPUS. HOSTAL O RESIDÈNCIA. ORDINO	2005	0
199	NOMBRE D ´ALLOTJAMENTS TURÍSTICS PER PARRÒQUIA I TIPUS	0205060200050010	NOMBRE D ´ALLOTJAMENTS TURÍSTICS PER PARRÒQUIA I TIPUS. HOSTAL O RESIDÈNCIA. ORDINO	2006	0
199	NOMBRE D ´ALLOTJAMENTS TURÍSTICS PER PARRÒQUIA I TIPUS	0205060200050010	NOMBRE D ´ALLOTJAMENTS TURÍSTICS PER PARRÒQUIA I TIPUS. HOSTAL O RESIDÈNCIA. ORDINO	2007	0
199	NOMBRE D ´ALLOTJAMENTS TURÍSTICS PER PARRÒQUIA I TIPUS	0205060200050010	NOMBRE D ´ALLOTJAMENTS TURÍSTICS PER PARRÒQUIA I TIPUS. HOSTAL O RESIDÈNCIA. ORDINO	2008	0
199	NOMBRE D ´ALLOTJAMENTS TURÍSTICS PER PARRÒQUIA I TIPUS	0205060200050010	NOMBRE D ´ALLOTJAMENTS TURÍSTICS PER PARRÒQUIA I TIPUS. HOSTAL O RESIDÈNCIA. ORDINO	2009	0
199	NOMBRE D ´ALLOTJAMENTS TURÍSTICS PER PARRÒQUIA I TIPUS	0205060200050010	NOMBRE D ´ALLOTJAMENTS TURÍSTICS PER PARRÒQUIA I TIPUS. HOSTAL O RESIDÈNCIA. ORDINO	2010	0
199	NOMBRE D ´ALLOTJAMENTS TURÍSTICS PER PARRÒQUIA I TIPUS	0205060200050010	NOMBRE D ´ALLOTJAMENTS TURÍSTICS PER PARRÒQUIA I TIPUS. HOSTAL O RESIDÈNCIA. ORDINO	2011	0
199	NOMBRE D ´ALLOTJAMENTS TURÍSTICS PER PARRÒQUIA I TIPUS	0205060200050010	NOMBRE D ´ALLOTJAMENTS TURÍSTICS PER PARRÒQUIA I TIPUS. HOSTAL O RESIDÈNCIA. ORDINO	2012	0
199	NOMBRE D ´ALLOTJAMENTS TURÍSTICS PER PARRÒQUIA I TIPUS	0205060200050010	NOMBRE D ´ALLOTJAMENTS TURÍSTICS PER PARRÒQUIA I TIPUS. HOSTAL O RESIDÈNCIA. ORDINO	2013	0
199	NOMBRE D ´ALLOTJAMENTS TURÍSTICS PER PARRÒQUIA I TIPUS	0205060200050010	NOMBRE D ´ALLOTJAMENTS TURÍSTICS PER PARRÒQUIA I TIPUS. HOSTAL O RESIDÈNCIA. ORDINO	2014	0
199	NOMBRE D ´ALLOTJAMENTS TURÍSTICS PER PARRÒQUIA I TIPUS	0205060200050010	NOMBRE D ´ALLOTJAMENTS TURÍSTICS PER PARRÒQUIA I TIPUS. HOSTAL O RESIDÈNCIA. ORDINO	2015	0
199	NOMBRE D ´ALLOTJAMENTS TURÍSTICS PER PARRÒQUIA I TIPUS	0205060200050010	NOMBRE D ´ALLOTJAMENTS TURÍSTICS PER PARRÒQUIA I TIPUS. HOSTAL O RESIDÈNCIA. ORDINO	2016	0
199	NOMBRE D ´ALLOTJAMENTS TURÍSTICS PER PARRÒQUIA I TIPUS	0205060200050010	NOMBRE D ´ALLOTJAMENTS TURÍSTICS PER PARRÒQUIA I TIPUS. HOSTAL O RESIDÈNCIA. ORDINO	2017	0
199	NOMBRE D ´ALLOTJAMENTS TURÍSTICS PER PARRÒQUIA I TIPUS	0205060200050010	NOMBRE D ´ALLOTJAMENTS TURÍSTICS PER PARRÒQUIA I TIPUS. HOSTAL O RESIDÈNCIA. ORDINO	2018	0
199	NOMBRE D ´ALLOTJAMENTS TURÍSTICS PER PARRÒQUIA I TIPUS	0205060200050010	NOMBRE D ´ALLOTJAMENTS TURÍSTICS PER PARRÒQUIA I TIPUS. HOSTAL O RESIDÈNCIA. ORDINO	2019	0
199	NOMBRE D ´ALLOTJAMENTS TURÍSTICS PER PARRÒQUIA I TIPUS	0205060200050010	NOMBRE D ´ALLOTJAMENTS TURÍSTICS PER PARRÒQUIA I TIPUS. HOSTAL O RESIDÈNCIA. ORDINO	2020	0
199	NOMBRE D ´ALLOTJAMENTS TURÍSTICS PER PARRÒQUIA I TIPUS	0205060200050010	NOMBRE D ´ALLOTJAMENTS TURÍSTICS PER PARRÒQUIA I TIPUS. HOSTAL O RESIDÈNCIA. ORDINO	2021	0
199	NOMBRE D ´ALLOTJAMENTS TURÍSTICS PER PARRÒQUIA I TIPUS	0205060200050010	NOMBRE D ´ALLOTJAMENTS TURÍSTICS PER PARRÒQUIA I TIPUS. HOSTAL O RESIDÈNCIA. ORDINO	2022	0
199	NOMBRE D ´ALLOTJAMENTS TURÍSTICS PER PARRÒQUIA I TIPUS	0205060200050010	NOMBRE D ´ALLOTJAMENTS TURÍSTICS PER PARRÒQUIA I TIPUS. HOSTAL O RESIDÈNCIA. ORDINO	2023	0
199	NOMBRE D ´ALLOTJAMENTS TURÍSTICS PER PARRÒQUIA I TIPUS	0205060200050010	NOMBRE D ´ALLOTJAMENTS TURÍSTICS PER PARRÒQUIA I TIPUS. HOSTAL O RESIDÈNCIA. ORDINO	2024	0
199	NOMBRE D ´ALLOTJAMENTS TURÍSTICS PER PARRÒQUIA I TIPUS	0205060200050010	NOMBRE D ´ALLOTJAMENTS TURÍSTICS PER PARRÒQUIA I TIPUS. HOSTAL O RESIDÈNCIA. ORDINO	2025	0
199	NOMBRE D ´ALLOTJAMENTS TURÍSTICS PER PARRÒQUIA I TIPUS	0205060200050011	NOMBRE D ´ALLOTJAMENTS TURÍSTICS PER PARRÒQUIA I TIPUS. HOSTAL O RESIDÈNCIA. LA MASSANA	2004	4
199	NOMBRE D ´ALLOTJAMENTS TURÍSTICS PER PARRÒQUIA I TIPUS	0205060200050011	NOMBRE D ´ALLOTJAMENTS TURÍSTICS PER PARRÒQUIA I TIPUS. HOSTAL O RESIDÈNCIA. LA MASSANA	2005	4
199	NOMBRE D ´ALLOTJAMENTS TURÍSTICS PER PARRÒQUIA I TIPUS	0205060200050011	NOMBRE D ´ALLOTJAMENTS TURÍSTICS PER PARRÒQUIA I TIPUS. HOSTAL O RESIDÈNCIA. LA MASSANA	2006	4
199	NOMBRE D ´ALLOTJAMENTS TURÍSTICS PER PARRÒQUIA I TIPUS	0205060200050011	NOMBRE D ´ALLOTJAMENTS TURÍSTICS PER PARRÒQUIA I TIPUS. HOSTAL O RESIDÈNCIA. LA MASSANA	2007	5
199	NOMBRE D ´ALLOTJAMENTS TURÍSTICS PER PARRÒQUIA I TIPUS	0205060200050011	NOMBRE D ´ALLOTJAMENTS TURÍSTICS PER PARRÒQUIA I TIPUS. HOSTAL O RESIDÈNCIA. LA MASSANA	2008	4
199	NOMBRE D ´ALLOTJAMENTS TURÍSTICS PER PARRÒQUIA I TIPUS	0205060200050011	NOMBRE D ´ALLOTJAMENTS TURÍSTICS PER PARRÒQUIA I TIPUS. HOSTAL O RESIDÈNCIA. LA MASSANA	2009	4
199	NOMBRE D ´ALLOTJAMENTS TURÍSTICS PER PARRÒQUIA I TIPUS	0205060200050011	NOMBRE D ´ALLOTJAMENTS TURÍSTICS PER PARRÒQUIA I TIPUS. HOSTAL O RESIDÈNCIA. LA MASSANA	2010	4
199	NOMBRE D ´ALLOTJAMENTS TURÍSTICS PER PARRÒQUIA I TIPUS	0205060200050011	NOMBRE D ´ALLOTJAMENTS TURÍSTICS PER PARRÒQUIA I TIPUS. HOSTAL O RESIDÈNCIA. LA MASSANA	2011	4
199	NOMBRE D ´ALLOTJAMENTS TURÍSTICS PER PARRÒQUIA I TIPUS	0205060200050011	NOMBRE D ´ALLOTJAMENTS TURÍSTICS PER PARRÒQUIA I TIPUS. HOSTAL O RESIDÈNCIA. LA MASSANA	2012	3
199	NOMBRE D ´ALLOTJAMENTS TURÍSTICS PER PARRÒQUIA I TIPUS	0205060200050011	NOMBRE D ´ALLOTJAMENTS TURÍSTICS PER PARRÒQUIA I TIPUS. HOSTAL O RESIDÈNCIA. LA MASSANA	2013	4
199	NOMBRE D ´ALLOTJAMENTS TURÍSTICS PER PARRÒQUIA I TIPUS	0205060200050011	NOMBRE D ´ALLOTJAMENTS TURÍSTICS PER PARRÒQUIA I TIPUS. HOSTAL O RESIDÈNCIA. LA MASSANA	2014	4
199	NOMBRE D ´ALLOTJAMENTS TURÍSTICS PER PARRÒQUIA I TIPUS	0205060200050011	NOMBRE D ´ALLOTJAMENTS TURÍSTICS PER PARRÒQUIA I TIPUS. HOSTAL O RESIDÈNCIA. LA MASSANA	2015	4
199	NOMBRE D ´ALLOTJAMENTS TURÍSTICS PER PARRÒQUIA I TIPUS	0205060200050011	NOMBRE D ´ALLOTJAMENTS TURÍSTICS PER PARRÒQUIA I TIPUS. HOSTAL O RESIDÈNCIA. LA MASSANA	2016	4
199	NOMBRE D ´ALLOTJAMENTS TURÍSTICS PER PARRÒQUIA I TIPUS	0205060200050011	NOMBRE D ´ALLOTJAMENTS TURÍSTICS PER PARRÒQUIA I TIPUS. HOSTAL O RESIDÈNCIA. LA MASSANA	2017	4
199	NOMBRE D ´ALLOTJAMENTS TURÍSTICS PER PARRÒQUIA I TIPUS	0205060200050011	NOMBRE D ´ALLOTJAMENTS TURÍSTICS PER PARRÒQUIA I TIPUS. HOSTAL O RESIDÈNCIA. LA MASSANA	2018	3
199	NOMBRE D ´ALLOTJAMENTS TURÍSTICS PER PARRÒQUIA I TIPUS	0205060200050011	NOMBRE D ´ALLOTJAMENTS TURÍSTICS PER PARRÒQUIA I TIPUS. HOSTAL O RESIDÈNCIA. LA MASSANA	2019	3
199	NOMBRE D ´ALLOTJAMENTS TURÍSTICS PER PARRÒQUIA I TIPUS	0205060200050011	NOMBRE D ´ALLOTJAMENTS TURÍSTICS PER PARRÒQUIA I TIPUS. HOSTAL O RESIDÈNCIA. LA MASSANA	2020	3
199	NOMBRE D ´ALLOTJAMENTS TURÍSTICS PER PARRÒQUIA I TIPUS	0205060200050011	NOMBRE D ´ALLOTJAMENTS TURÍSTICS PER PARRÒQUIA I TIPUS. HOSTAL O RESIDÈNCIA. LA MASSANA	2021	3
199	NOMBRE D ´ALLOTJAMENTS TURÍSTICS PER PARRÒQUIA I TIPUS	0205060200050011	NOMBRE D ´ALLOTJAMENTS TURÍSTICS PER PARRÒQUIA I TIPUS. HOSTAL O RESIDÈNCIA. LA MASSANA	2022	3
199	NOMBRE D ´ALLOTJAMENTS TURÍSTICS PER PARRÒQUIA I TIPUS	0205060200050011	NOMBRE D ´ALLOTJAMENTS TURÍSTICS PER PARRÒQUIA I TIPUS. HOSTAL O RESIDÈNCIA. LA MASSANA	2023	3
199	NOMBRE D ´ALLOTJAMENTS TURÍSTICS PER PARRÒQUIA I TIPUS	0205060200050011	NOMBRE D ´ALLOTJAMENTS TURÍSTICS PER PARRÒQUIA I TIPUS. HOSTAL O RESIDÈNCIA. LA MASSANA	2024	3
199	NOMBRE D ´ALLOTJAMENTS TURÍSTICS PER PARRÒQUIA I TIPUS	0205060200050011	NOMBRE D ´ALLOTJAMENTS TURÍSTICS PER PARRÒQUIA I TIPUS. HOSTAL O RESIDÈNCIA. LA MASSANA	2025	3
199	NOMBRE D ´ALLOTJAMENTS TURÍSTICS PER PARRÒQUIA I TIPUS	0205060200050012	NOMBRE D ´ALLOTJAMENTS TURÍSTICS PER PARRÒQUIA I TIPUS. HOSTAL O RESIDÈNCIA. ANDORRA LA VELLA	2004	5
199	NOMBRE D ´ALLOTJAMENTS TURÍSTICS PER PARRÒQUIA I TIPUS	0205060200050012	NOMBRE D ´ALLOTJAMENTS TURÍSTICS PER PARRÒQUIA I TIPUS. HOSTAL O RESIDÈNCIA. ANDORRA LA VELLA	2005	5
199	NOMBRE D ´ALLOTJAMENTS TURÍSTICS PER PARRÒQUIA I TIPUS	0205060200050012	NOMBRE D ´ALLOTJAMENTS TURÍSTICS PER PARRÒQUIA I TIPUS. HOSTAL O RESIDÈNCIA. ANDORRA LA VELLA	2006	5
199	NOMBRE D ´ALLOTJAMENTS TURÍSTICS PER PARRÒQUIA I TIPUS	0205060200050012	NOMBRE D ´ALLOTJAMENTS TURÍSTICS PER PARRÒQUIA I TIPUS. HOSTAL O RESIDÈNCIA. ANDORRA LA VELLA	2007	5
199	NOMBRE D ´ALLOTJAMENTS TURÍSTICS PER PARRÒQUIA I TIPUS	0205060200050012	NOMBRE D ´ALLOTJAMENTS TURÍSTICS PER PARRÒQUIA I TIPUS. HOSTAL O RESIDÈNCIA. ANDORRA LA VELLA	2008	5
199	NOMBRE D ´ALLOTJAMENTS TURÍSTICS PER PARRÒQUIA I TIPUS	0205060200050012	NOMBRE D ´ALLOTJAMENTS TURÍSTICS PER PARRÒQUIA I TIPUS. HOSTAL O RESIDÈNCIA. ANDORRA LA VELLA	2009	5
199	NOMBRE D ´ALLOTJAMENTS TURÍSTICS PER PARRÒQUIA I TIPUS	0205060200050012	NOMBRE D ´ALLOTJAMENTS TURÍSTICS PER PARRÒQUIA I TIPUS. HOSTAL O RESIDÈNCIA. ANDORRA LA VELLA	2010	5
199	NOMBRE D ´ALLOTJAMENTS TURÍSTICS PER PARRÒQUIA I TIPUS	0205060200050012	NOMBRE D ´ALLOTJAMENTS TURÍSTICS PER PARRÒQUIA I TIPUS. HOSTAL O RESIDÈNCIA. ANDORRA LA VELLA	2011	4
199	NOMBRE D ´ALLOTJAMENTS TURÍSTICS PER PARRÒQUIA I TIPUS	0205060200050012	NOMBRE D ´ALLOTJAMENTS TURÍSTICS PER PARRÒQUIA I TIPUS. HOSTAL O RESIDÈNCIA. ANDORRA LA VELLA	2012	4
199	NOMBRE D ´ALLOTJAMENTS TURÍSTICS PER PARRÒQUIA I TIPUS	0205060200050012	NOMBRE D ´ALLOTJAMENTS TURÍSTICS PER PARRÒQUIA I TIPUS. HOSTAL O RESIDÈNCIA. ANDORRA LA VELLA	2013	4
199	NOMBRE D ´ALLOTJAMENTS TURÍSTICS PER PARRÒQUIA I TIPUS	0205060200050012	NOMBRE D ´ALLOTJAMENTS TURÍSTICS PER PARRÒQUIA I TIPUS. HOSTAL O RESIDÈNCIA. ANDORRA LA VELLA	2014	3
199	NOMBRE D ´ALLOTJAMENTS TURÍSTICS PER PARRÒQUIA I TIPUS	0205060200050012	NOMBRE D ´ALLOTJAMENTS TURÍSTICS PER PARRÒQUIA I TIPUS. HOSTAL O RESIDÈNCIA. ANDORRA LA VELLA	2015	3
199	NOMBRE D ´ALLOTJAMENTS TURÍSTICS PER PARRÒQUIA I TIPUS	0205060200050012	NOMBRE D ´ALLOTJAMENTS TURÍSTICS PER PARRÒQUIA I TIPUS. HOSTAL O RESIDÈNCIA. ANDORRA LA VELLA	2016	4
199	NOMBRE D ´ALLOTJAMENTS TURÍSTICS PER PARRÒQUIA I TIPUS	0205060200050012	NOMBRE D ´ALLOTJAMENTS TURÍSTICS PER PARRÒQUIA I TIPUS. HOSTAL O RESIDÈNCIA. ANDORRA LA VELLA	2017	3
199	NOMBRE D ´ALLOTJAMENTS TURÍSTICS PER PARRÒQUIA I TIPUS	0205060200050012	NOMBRE D ´ALLOTJAMENTS TURÍSTICS PER PARRÒQUIA I TIPUS. HOSTAL O RESIDÈNCIA. ANDORRA LA VELLA	2018	3
199	NOMBRE D ´ALLOTJAMENTS TURÍSTICS PER PARRÒQUIA I TIPUS	0205060200050012	NOMBRE D ´ALLOTJAMENTS TURÍSTICS PER PARRÒQUIA I TIPUS. HOSTAL O RESIDÈNCIA. ANDORRA LA VELLA	2019	3
199	NOMBRE D ´ALLOTJAMENTS TURÍSTICS PER PARRÒQUIA I TIPUS	0205060200050012	NOMBRE D ´ALLOTJAMENTS TURÍSTICS PER PARRÒQUIA I TIPUS. HOSTAL O RESIDÈNCIA. ANDORRA LA VELLA	2020	3
199	NOMBRE D ´ALLOTJAMENTS TURÍSTICS PER PARRÒQUIA I TIPUS	0205060200050012	NOMBRE D ´ALLOTJAMENTS TURÍSTICS PER PARRÒQUIA I TIPUS. HOSTAL O RESIDÈNCIA. ANDORRA LA VELLA	2021	3
199	NOMBRE D ´ALLOTJAMENTS TURÍSTICS PER PARRÒQUIA I TIPUS	0205060200050012	NOMBRE D ´ALLOTJAMENTS TURÍSTICS PER PARRÒQUIA I TIPUS. HOSTAL O RESIDÈNCIA. ANDORRA LA VELLA	2022	3
199	NOMBRE D ´ALLOTJAMENTS TURÍSTICS PER PARRÒQUIA I TIPUS	0205060200050012	NOMBRE D ´ALLOTJAMENTS TURÍSTICS PER PARRÒQUIA I TIPUS. HOSTAL O RESIDÈNCIA. ANDORRA LA VELLA	2023	3
199	NOMBRE D ´ALLOTJAMENTS TURÍSTICS PER PARRÒQUIA I TIPUS	0205060200050012	NOMBRE D ´ALLOTJAMENTS TURÍSTICS PER PARRÒQUIA I TIPUS. HOSTAL O RESIDÈNCIA. ANDORRA LA VELLA	2024	3
199	NOMBRE D ´ALLOTJAMENTS TURÍSTICS PER PARRÒQUIA I TIPUS	0205060200050012	NOMBRE D ´ALLOTJAMENTS TURÍSTICS PER PARRÒQUIA I TIPUS. HOSTAL O RESIDÈNCIA. ANDORRA LA VELLA	2025	3
199	NOMBRE D ´ALLOTJAMENTS TURÍSTICS PER PARRÒQUIA I TIPUS	0205060200050013	NOMBRE D ´ALLOTJAMENTS TURÍSTICS PER PARRÒQUIA I TIPUS. HOSTAL O RESIDÈNCIA. SANT JULIÀ DE LÒRIA	2004	0
199	NOMBRE D ´ALLOTJAMENTS TURÍSTICS PER PARRÒQUIA I TIPUS	0205060200050013	NOMBRE D ´ALLOTJAMENTS TURÍSTICS PER PARRÒQUIA I TIPUS. HOSTAL O RESIDÈNCIA. SANT JULIÀ DE LÒRIA	2005	0
199	NOMBRE D ´ALLOTJAMENTS TURÍSTICS PER PARRÒQUIA I TIPUS	0205060200050013	NOMBRE D ´ALLOTJAMENTS TURÍSTICS PER PARRÒQUIA I TIPUS. HOSTAL O RESIDÈNCIA. SANT JULIÀ DE LÒRIA	2006	0
199	NOMBRE D ´ALLOTJAMENTS TURÍSTICS PER PARRÒQUIA I TIPUS	0205060200050013	NOMBRE D ´ALLOTJAMENTS TURÍSTICS PER PARRÒQUIA I TIPUS. HOSTAL O RESIDÈNCIA. SANT JULIÀ DE LÒRIA	2007	0
199	NOMBRE D ´ALLOTJAMENTS TURÍSTICS PER PARRÒQUIA I TIPUS	0205060200050013	NOMBRE D ´ALLOTJAMENTS TURÍSTICS PER PARRÒQUIA I TIPUS. HOSTAL O RESIDÈNCIA. SANT JULIÀ DE LÒRIA	2008	0
199	NOMBRE D ´ALLOTJAMENTS TURÍSTICS PER PARRÒQUIA I TIPUS	0205060200050013	NOMBRE D ´ALLOTJAMENTS TURÍSTICS PER PARRÒQUIA I TIPUS. HOSTAL O RESIDÈNCIA. SANT JULIÀ DE LÒRIA	2009	0
199	NOMBRE D ´ALLOTJAMENTS TURÍSTICS PER PARRÒQUIA I TIPUS	0205060200050013	NOMBRE D ´ALLOTJAMENTS TURÍSTICS PER PARRÒQUIA I TIPUS. HOSTAL O RESIDÈNCIA. SANT JULIÀ DE LÒRIA	2010	0
199	NOMBRE D ´ALLOTJAMENTS TURÍSTICS PER PARRÒQUIA I TIPUS	0205060200050013	NOMBRE D ´ALLOTJAMENTS TURÍSTICS PER PARRÒQUIA I TIPUS. HOSTAL O RESIDÈNCIA. SANT JULIÀ DE LÒRIA	2011	0
199	NOMBRE D ´ALLOTJAMENTS TURÍSTICS PER PARRÒQUIA I TIPUS	0205060200050013	NOMBRE D ´ALLOTJAMENTS TURÍSTICS PER PARRÒQUIA I TIPUS. HOSTAL O RESIDÈNCIA. SANT JULIÀ DE LÒRIA	2012	0
199	NOMBRE D ´ALLOTJAMENTS TURÍSTICS PER PARRÒQUIA I TIPUS	0205060200050013	NOMBRE D ´ALLOTJAMENTS TURÍSTICS PER PARRÒQUIA I TIPUS. HOSTAL O RESIDÈNCIA. SANT JULIÀ DE LÒRIA	2013	0
199	NOMBRE D ´ALLOTJAMENTS TURÍSTICS PER PARRÒQUIA I TIPUS	0205060200050013	NOMBRE D ´ALLOTJAMENTS TURÍSTICS PER PARRÒQUIA I TIPUS. HOSTAL O RESIDÈNCIA. SANT JULIÀ DE LÒRIA	2014	0
199	NOMBRE D ´ALLOTJAMENTS TURÍSTICS PER PARRÒQUIA I TIPUS	0205060200050013	NOMBRE D ´ALLOTJAMENTS TURÍSTICS PER PARRÒQUIA I TIPUS. HOSTAL O RESIDÈNCIA. SANT JULIÀ DE LÒRIA	2015	0
199	NOMBRE D ´ALLOTJAMENTS TURÍSTICS PER PARRÒQUIA I TIPUS	0205060200050013	NOMBRE D ´ALLOTJAMENTS TURÍSTICS PER PARRÒQUIA I TIPUS. HOSTAL O RESIDÈNCIA. SANT JULIÀ DE LÒRIA	2016	0
199	NOMBRE D ´ALLOTJAMENTS TURÍSTICS PER PARRÒQUIA I TIPUS	0205060200050013	NOMBRE D ´ALLOTJAMENTS TURÍSTICS PER PARRÒQUIA I TIPUS. HOSTAL O RESIDÈNCIA. SANT JULIÀ DE LÒRIA	2017	0
199	NOMBRE D ´ALLOTJAMENTS TURÍSTICS PER PARRÒQUIA I TIPUS	0205060200050013	NOMBRE D ´ALLOTJAMENTS TURÍSTICS PER PARRÒQUIA I TIPUS. HOSTAL O RESIDÈNCIA. SANT JULIÀ DE LÒRIA	2018	0
199	NOMBRE D ´ALLOTJAMENTS TURÍSTICS PER PARRÒQUIA I TIPUS	0205060200050013	NOMBRE D ´ALLOTJAMENTS TURÍSTICS PER PARRÒQUIA I TIPUS. HOSTAL O RESIDÈNCIA. SANT JULIÀ DE LÒRIA	2019	0
199	NOMBRE D ´ALLOTJAMENTS TURÍSTICS PER PARRÒQUIA I TIPUS	0205060200050013	NOMBRE D ´ALLOTJAMENTS TURÍSTICS PER PARRÒQUIA I TIPUS. HOSTAL O RESIDÈNCIA. SANT JULIÀ DE LÒRIA	2020	0
199	NOMBRE D ´ALLOTJAMENTS TURÍSTICS PER PARRÒQUIA I TIPUS	0205060200050013	NOMBRE D ´ALLOTJAMENTS TURÍSTICS PER PARRÒQUIA I TIPUS. HOSTAL O RESIDÈNCIA. SANT JULIÀ DE LÒRIA	2021	0
199	NOMBRE D ´ALLOTJAMENTS TURÍSTICS PER PARRÒQUIA I TIPUS	0205060200050013	NOMBRE D ´ALLOTJAMENTS TURÍSTICS PER PARRÒQUIA I TIPUS. HOSTAL O RESIDÈNCIA. SANT JULIÀ DE LÒRIA	2022	0
199	NOMBRE D ´ALLOTJAMENTS TURÍSTICS PER PARRÒQUIA I TIPUS	0205060200050013	NOMBRE D ´ALLOTJAMENTS TURÍSTICS PER PARRÒQUIA I TIPUS. HOSTAL O RESIDÈNCIA. SANT JULIÀ DE LÒRIA	2023	0
199	NOMBRE D ´ALLOTJAMENTS TURÍSTICS PER PARRÒQUIA I TIPUS	0205060200050013	NOMBRE D ´ALLOTJAMENTS TURÍSTICS PER PARRÒQUIA I TIPUS. HOSTAL O RESIDÈNCIA. SANT JULIÀ DE LÒRIA	2024	0
199	NOMBRE D ´ALLOTJAMENTS TURÍSTICS PER PARRÒQUIA I TIPUS	0205060200050013	NOMBRE D ´ALLOTJAMENTS TURÍSTICS PER PARRÒQUIA I TIPUS. HOSTAL O RESIDÈNCIA. SANT JULIÀ DE LÒRIA	2025	0
199	NOMBRE D ´ALLOTJAMENTS TURÍSTICS PER PARRÒQUIA I TIPUS	0205060200050014	NOMBRE D ´ALLOTJAMENTS TURÍSTICS PER PARRÒQUIA I TIPUS. HOSTAL O RESIDÈNCIA. ESCALDES-ENGORDANY	2004	5
199	NOMBRE D ´ALLOTJAMENTS TURÍSTICS PER PARRÒQUIA I TIPUS	0205060200050014	NOMBRE D ´ALLOTJAMENTS TURÍSTICS PER PARRÒQUIA I TIPUS. HOSTAL O RESIDÈNCIA. ESCALDES-ENGORDANY	2005	5
199	NOMBRE D ´ALLOTJAMENTS TURÍSTICS PER PARRÒQUIA I TIPUS	0205060200050014	NOMBRE D ´ALLOTJAMENTS TURÍSTICS PER PARRÒQUIA I TIPUS. HOSTAL O RESIDÈNCIA. ESCALDES-ENGORDANY	2006	5
199	NOMBRE D ´ALLOTJAMENTS TURÍSTICS PER PARRÒQUIA I TIPUS	0205060200050014	NOMBRE D ´ALLOTJAMENTS TURÍSTICS PER PARRÒQUIA I TIPUS. HOSTAL O RESIDÈNCIA. ESCALDES-ENGORDANY	2007	5
199	NOMBRE D ´ALLOTJAMENTS TURÍSTICS PER PARRÒQUIA I TIPUS	0205060200050014	NOMBRE D ´ALLOTJAMENTS TURÍSTICS PER PARRÒQUIA I TIPUS. HOSTAL O RESIDÈNCIA. ESCALDES-ENGORDANY	2008	4
199	NOMBRE D ´ALLOTJAMENTS TURÍSTICS PER PARRÒQUIA I TIPUS	0205060200050014	NOMBRE D ´ALLOTJAMENTS TURÍSTICS PER PARRÒQUIA I TIPUS. HOSTAL O RESIDÈNCIA. ESCALDES-ENGORDANY	2009	3
199	NOMBRE D ´ALLOTJAMENTS TURÍSTICS PER PARRÒQUIA I TIPUS	0205060200050014	NOMBRE D ´ALLOTJAMENTS TURÍSTICS PER PARRÒQUIA I TIPUS. HOSTAL O RESIDÈNCIA. ESCALDES-ENGORDANY	2010	3
199	NOMBRE D ´ALLOTJAMENTS TURÍSTICS PER PARRÒQUIA I TIPUS	0205060200050014	NOMBRE D ´ALLOTJAMENTS TURÍSTICS PER PARRÒQUIA I TIPUS. HOSTAL O RESIDÈNCIA. ESCALDES-ENGORDANY	2011	3
199	NOMBRE D ´ALLOTJAMENTS TURÍSTICS PER PARRÒQUIA I TIPUS	0205060200050014	NOMBRE D ´ALLOTJAMENTS TURÍSTICS PER PARRÒQUIA I TIPUS. HOSTAL O RESIDÈNCIA. ESCALDES-ENGORDANY	2012	2
199	NOMBRE D ´ALLOTJAMENTS TURÍSTICS PER PARRÒQUIA I TIPUS	0205060200050014	NOMBRE D ´ALLOTJAMENTS TURÍSTICS PER PARRÒQUIA I TIPUS. HOSTAL O RESIDÈNCIA. ESCALDES-ENGORDANY	2013	3
199	NOMBRE D ´ALLOTJAMENTS TURÍSTICS PER PARRÒQUIA I TIPUS	0205060200050014	NOMBRE D ´ALLOTJAMENTS TURÍSTICS PER PARRÒQUIA I TIPUS. HOSTAL O RESIDÈNCIA. ESCALDES-ENGORDANY	2014	2
199	NOMBRE D ´ALLOTJAMENTS TURÍSTICS PER PARRÒQUIA I TIPUS	0205060200050014	NOMBRE D ´ALLOTJAMENTS TURÍSTICS PER PARRÒQUIA I TIPUS. HOSTAL O RESIDÈNCIA. ESCALDES-ENGORDANY	2015	1
199	NOMBRE D ´ALLOTJAMENTS TURÍSTICS PER PARRÒQUIA I TIPUS	0205060200050014	NOMBRE D ´ALLOTJAMENTS TURÍSTICS PER PARRÒQUIA I TIPUS. HOSTAL O RESIDÈNCIA. ESCALDES-ENGORDANY	2016	2
199	NOMBRE D ´ALLOTJAMENTS TURÍSTICS PER PARRÒQUIA I TIPUS	0205060200050014	NOMBRE D ´ALLOTJAMENTS TURÍSTICS PER PARRÒQUIA I TIPUS. HOSTAL O RESIDÈNCIA. ESCALDES-ENGORDANY	2017	2
199	NOMBRE D ´ALLOTJAMENTS TURÍSTICS PER PARRÒQUIA I TIPUS	0205060200050014	NOMBRE D ´ALLOTJAMENTS TURÍSTICS PER PARRÒQUIA I TIPUS. HOSTAL O RESIDÈNCIA. ESCALDES-ENGORDANY	2018	2
199	NOMBRE D ´ALLOTJAMENTS TURÍSTICS PER PARRÒQUIA I TIPUS	0205060200050014	NOMBRE D ´ALLOTJAMENTS TURÍSTICS PER PARRÒQUIA I TIPUS. HOSTAL O RESIDÈNCIA. ESCALDES-ENGORDANY	2019	2
199	NOMBRE D ´ALLOTJAMENTS TURÍSTICS PER PARRÒQUIA I TIPUS	0205060200050014	NOMBRE D ´ALLOTJAMENTS TURÍSTICS PER PARRÒQUIA I TIPUS. HOSTAL O RESIDÈNCIA. ESCALDES-ENGORDANY	2020	2
199	NOMBRE D ´ALLOTJAMENTS TURÍSTICS PER PARRÒQUIA I TIPUS	0205060200050014	NOMBRE D ´ALLOTJAMENTS TURÍSTICS PER PARRÒQUIA I TIPUS. HOSTAL O RESIDÈNCIA. ESCALDES-ENGORDANY	2021	1
199	NOMBRE D ´ALLOTJAMENTS TURÍSTICS PER PARRÒQUIA I TIPUS	0205060200050014	NOMBRE D ´ALLOTJAMENTS TURÍSTICS PER PARRÒQUIA I TIPUS. HOSTAL O RESIDÈNCIA. ESCALDES-ENGORDANY	2022	1
199	NOMBRE D ´ALLOTJAMENTS TURÍSTICS PER PARRÒQUIA I TIPUS	0205060200050014	NOMBRE D ´ALLOTJAMENTS TURÍSTICS PER PARRÒQUIA I TIPUS. HOSTAL O RESIDÈNCIA. ESCALDES-ENGORDANY	2023	0
199	NOMBRE D ´ALLOTJAMENTS TURÍSTICS PER PARRÒQUIA I TIPUS	0205060200050014	NOMBRE D ´ALLOTJAMENTS TURÍSTICS PER PARRÒQUIA I TIPUS. HOSTAL O RESIDÈNCIA. ESCALDES-ENGORDANY	2024	0
199	NOMBRE D ´ALLOTJAMENTS TURÍSTICS PER PARRÒQUIA I TIPUS	0205060200050014	NOMBRE D ´ALLOTJAMENTS TURÍSTICS PER PARRÒQUIA I TIPUS. HOSTAL O RESIDÈNCIA. ESCALDES-ENGORDANY	2025	0
199	NOMBRE D ´ALLOTJAMENTS TURÍSTICS PER PARRÒQUIA I TIPUS	0205060200050015	NOMBRE D ´ALLOTJAMENTS TURÍSTICS PER PARRÒQUIA I TIPUS. PENSIÓ. CANILLO	2004	1
199	NOMBRE D ´ALLOTJAMENTS TURÍSTICS PER PARRÒQUIA I TIPUS	0205060200050015	NOMBRE D ´ALLOTJAMENTS TURÍSTICS PER PARRÒQUIA I TIPUS. PENSIÓ. CANILLO	2005	1
199	NOMBRE D ´ALLOTJAMENTS TURÍSTICS PER PARRÒQUIA I TIPUS	0205060200050015	NOMBRE D ´ALLOTJAMENTS TURÍSTICS PER PARRÒQUIA I TIPUS. PENSIÓ. CANILLO	2006	1
199	NOMBRE D ´ALLOTJAMENTS TURÍSTICS PER PARRÒQUIA I TIPUS	0205060200050015	NOMBRE D ´ALLOTJAMENTS TURÍSTICS PER PARRÒQUIA I TIPUS. PENSIÓ. CANILLO	2007	1
199	NOMBRE D ´ALLOTJAMENTS TURÍSTICS PER PARRÒQUIA I TIPUS	0205060200050015	NOMBRE D ´ALLOTJAMENTS TURÍSTICS PER PARRÒQUIA I TIPUS. PENSIÓ. CANILLO	2008	1
199	NOMBRE D ´ALLOTJAMENTS TURÍSTICS PER PARRÒQUIA I TIPUS	0205060200050015	NOMBRE D ´ALLOTJAMENTS TURÍSTICS PER PARRÒQUIA I TIPUS. PENSIÓ. CANILLO	2009	0
199	NOMBRE D ´ALLOTJAMENTS TURÍSTICS PER PARRÒQUIA I TIPUS	0205060200050015	NOMBRE D ´ALLOTJAMENTS TURÍSTICS PER PARRÒQUIA I TIPUS. PENSIÓ. CANILLO	2010	0
199	NOMBRE D ´ALLOTJAMENTS TURÍSTICS PER PARRÒQUIA I TIPUS	0205060200050015	NOMBRE D ´ALLOTJAMENTS TURÍSTICS PER PARRÒQUIA I TIPUS. PENSIÓ. CANILLO	2011	0
199	NOMBRE D ´ALLOTJAMENTS TURÍSTICS PER PARRÒQUIA I TIPUS	0205060200050015	NOMBRE D ´ALLOTJAMENTS TURÍSTICS PER PARRÒQUIA I TIPUS. PENSIÓ. CANILLO	2012	0
199	NOMBRE D ´ALLOTJAMENTS TURÍSTICS PER PARRÒQUIA I TIPUS	0205060200050015	NOMBRE D ´ALLOTJAMENTS TURÍSTICS PER PARRÒQUIA I TIPUS. PENSIÓ. CANILLO	2013	0
199	NOMBRE D ´ALLOTJAMENTS TURÍSTICS PER PARRÒQUIA I TIPUS	0205060200050015	NOMBRE D ´ALLOTJAMENTS TURÍSTICS PER PARRÒQUIA I TIPUS. PENSIÓ. CANILLO	2014	0
199	NOMBRE D ´ALLOTJAMENTS TURÍSTICS PER PARRÒQUIA I TIPUS	0205060200050015	NOMBRE D ´ALLOTJAMENTS TURÍSTICS PER PARRÒQUIA I TIPUS. PENSIÓ. CANILLO	2015	0
199	NOMBRE D ´ALLOTJAMENTS TURÍSTICS PER PARRÒQUIA I TIPUS	0205060200050015	NOMBRE D ´ALLOTJAMENTS TURÍSTICS PER PARRÒQUIA I TIPUS. PENSIÓ. CANILLO	2016	0
199	NOMBRE D ´ALLOTJAMENTS TURÍSTICS PER PARRÒQUIA I TIPUS	0205060200050015	NOMBRE D ´ALLOTJAMENTS TURÍSTICS PER PARRÒQUIA I TIPUS. PENSIÓ. CANILLO	2017	0
199	NOMBRE D ´ALLOTJAMENTS TURÍSTICS PER PARRÒQUIA I TIPUS	0205060200050015	NOMBRE D ´ALLOTJAMENTS TURÍSTICS PER PARRÒQUIA I TIPUS. PENSIÓ. CANILLO	2018	0
199	NOMBRE D ´ALLOTJAMENTS TURÍSTICS PER PARRÒQUIA I TIPUS	0205060200050015	NOMBRE D ´ALLOTJAMENTS TURÍSTICS PER PARRÒQUIA I TIPUS. PENSIÓ. CANILLO	2019	0
199	NOMBRE D ´ALLOTJAMENTS TURÍSTICS PER PARRÒQUIA I TIPUS	0205060200050015	NOMBRE D ´ALLOTJAMENTS TURÍSTICS PER PARRÒQUIA I TIPUS. PENSIÓ. CANILLO	2020	0
199	NOMBRE D ´ALLOTJAMENTS TURÍSTICS PER PARRÒQUIA I TIPUS	0205060200050015	NOMBRE D ´ALLOTJAMENTS TURÍSTICS PER PARRÒQUIA I TIPUS. PENSIÓ. CANILLO	2021	0
199	NOMBRE D ´ALLOTJAMENTS TURÍSTICS PER PARRÒQUIA I TIPUS	0205060200050015	NOMBRE D ´ALLOTJAMENTS TURÍSTICS PER PARRÒQUIA I TIPUS. PENSIÓ. CANILLO	2022	0
199	NOMBRE D ´ALLOTJAMENTS TURÍSTICS PER PARRÒQUIA I TIPUS	0205060200050015	NOMBRE D ´ALLOTJAMENTS TURÍSTICS PER PARRÒQUIA I TIPUS. PENSIÓ. CANILLO	2023	0
199	NOMBRE D ´ALLOTJAMENTS TURÍSTICS PER PARRÒQUIA I TIPUS	0205060200050015	NOMBRE D ´ALLOTJAMENTS TURÍSTICS PER PARRÒQUIA I TIPUS. PENSIÓ. CANILLO	2024	0
199	NOMBRE D ´ALLOTJAMENTS TURÍSTICS PER PARRÒQUIA I TIPUS	0205060200050015	NOMBRE D ´ALLOTJAMENTS TURÍSTICS PER PARRÒQUIA I TIPUS. PENSIÓ. CANILLO	2025	0
199	NOMBRE D ´ALLOTJAMENTS TURÍSTICS PER PARRÒQUIA I TIPUS	0205060200050016	NOMBRE D ´ALLOTJAMENTS TURÍSTICS PER PARRÒQUIA I TIPUS. PENSIÓ. ENCAMP	2004	2
199	NOMBRE D ´ALLOTJAMENTS TURÍSTICS PER PARRÒQUIA I TIPUS	0205060200050016	NOMBRE D ´ALLOTJAMENTS TURÍSTICS PER PARRÒQUIA I TIPUS. PENSIÓ. ENCAMP	2005	2
199	NOMBRE D ´ALLOTJAMENTS TURÍSTICS PER PARRÒQUIA I TIPUS	0205060200050016	NOMBRE D ´ALLOTJAMENTS TURÍSTICS PER PARRÒQUIA I TIPUS. PENSIÓ. ENCAMP	2006	2
199	NOMBRE D ´ALLOTJAMENTS TURÍSTICS PER PARRÒQUIA I TIPUS	0205060200050016	NOMBRE D ´ALLOTJAMENTS TURÍSTICS PER PARRÒQUIA I TIPUS. PENSIÓ. ENCAMP	2007	2
199	NOMBRE D ´ALLOTJAMENTS TURÍSTICS PER PARRÒQUIA I TIPUS	0205060200050016	NOMBRE D ´ALLOTJAMENTS TURÍSTICS PER PARRÒQUIA I TIPUS. PENSIÓ. ENCAMP	2008	1
199	NOMBRE D ´ALLOTJAMENTS TURÍSTICS PER PARRÒQUIA I TIPUS	0205060200050016	NOMBRE D ´ALLOTJAMENTS TURÍSTICS PER PARRÒQUIA I TIPUS. PENSIÓ. ENCAMP	2009	1
199	NOMBRE D ´ALLOTJAMENTS TURÍSTICS PER PARRÒQUIA I TIPUS	0205060200050016	NOMBRE D ´ALLOTJAMENTS TURÍSTICS PER PARRÒQUIA I TIPUS. PENSIÓ. ENCAMP	2010	1
199	NOMBRE D ´ALLOTJAMENTS TURÍSTICS PER PARRÒQUIA I TIPUS	0205060200050016	NOMBRE D ´ALLOTJAMENTS TURÍSTICS PER PARRÒQUIA I TIPUS. PENSIÓ. ENCAMP	2011	1
199	NOMBRE D ´ALLOTJAMENTS TURÍSTICS PER PARRÒQUIA I TIPUS	0205060200050016	NOMBRE D ´ALLOTJAMENTS TURÍSTICS PER PARRÒQUIA I TIPUS. PENSIÓ. ENCAMP	2012	1
199	NOMBRE D ´ALLOTJAMENTS TURÍSTICS PER PARRÒQUIA I TIPUS	0205060200050016	NOMBRE D ´ALLOTJAMENTS TURÍSTICS PER PARRÒQUIA I TIPUS. PENSIÓ. ENCAMP	2013	1
199	NOMBRE D ´ALLOTJAMENTS TURÍSTICS PER PARRÒQUIA I TIPUS	0205060200050016	NOMBRE D ´ALLOTJAMENTS TURÍSTICS PER PARRÒQUIA I TIPUS. PENSIÓ. ENCAMP	2014	1
199	NOMBRE D ´ALLOTJAMENTS TURÍSTICS PER PARRÒQUIA I TIPUS	0205060200050016	NOMBRE D ´ALLOTJAMENTS TURÍSTICS PER PARRÒQUIA I TIPUS. PENSIÓ. ENCAMP	2015	1
199	NOMBRE D ´ALLOTJAMENTS TURÍSTICS PER PARRÒQUIA I TIPUS	0205060200050016	NOMBRE D ´ALLOTJAMENTS TURÍSTICS PER PARRÒQUIA I TIPUS. PENSIÓ. ENCAMP	2016	1
199	NOMBRE D ´ALLOTJAMENTS TURÍSTICS PER PARRÒQUIA I TIPUS	0205060200050016	NOMBRE D ´ALLOTJAMENTS TURÍSTICS PER PARRÒQUIA I TIPUS. PENSIÓ. ENCAMP	2017	1
199	NOMBRE D ´ALLOTJAMENTS TURÍSTICS PER PARRÒQUIA I TIPUS	0205060200050016	NOMBRE D ´ALLOTJAMENTS TURÍSTICS PER PARRÒQUIA I TIPUS. PENSIÓ. ENCAMP	2018	1
199	NOMBRE D ´ALLOTJAMENTS TURÍSTICS PER PARRÒQUIA I TIPUS	0205060200050016	NOMBRE D ´ALLOTJAMENTS TURÍSTICS PER PARRÒQUIA I TIPUS. PENSIÓ. ENCAMP	2019	1
199	NOMBRE D ´ALLOTJAMENTS TURÍSTICS PER PARRÒQUIA I TIPUS	0205060200050016	NOMBRE D ´ALLOTJAMENTS TURÍSTICS PER PARRÒQUIA I TIPUS. PENSIÓ. ENCAMP	2020	1
199	NOMBRE D ´ALLOTJAMENTS TURÍSTICS PER PARRÒQUIA I TIPUS	0205060200050016	NOMBRE D ´ALLOTJAMENTS TURÍSTICS PER PARRÒQUIA I TIPUS. PENSIÓ. ENCAMP	2021	1
199	NOMBRE D ´ALLOTJAMENTS TURÍSTICS PER PARRÒQUIA I TIPUS	0205060200050016	NOMBRE D ´ALLOTJAMENTS TURÍSTICS PER PARRÒQUIA I TIPUS. PENSIÓ. ENCAMP	2022	1
199	NOMBRE D ´ALLOTJAMENTS TURÍSTICS PER PARRÒQUIA I TIPUS	0205060200050016	NOMBRE D ´ALLOTJAMENTS TURÍSTICS PER PARRÒQUIA I TIPUS. PENSIÓ. ENCAMP	2023	1
199	NOMBRE D ´ALLOTJAMENTS TURÍSTICS PER PARRÒQUIA I TIPUS	0205060200050016	NOMBRE D ´ALLOTJAMENTS TURÍSTICS PER PARRÒQUIA I TIPUS. PENSIÓ. ENCAMP	2024	1
199	NOMBRE D ´ALLOTJAMENTS TURÍSTICS PER PARRÒQUIA I TIPUS	0205060200050016	NOMBRE D ´ALLOTJAMENTS TURÍSTICS PER PARRÒQUIA I TIPUS. PENSIÓ. ENCAMP	2025	1
199	NOMBRE D ´ALLOTJAMENTS TURÍSTICS PER PARRÒQUIA I TIPUS	0205060200050017	NOMBRE D ´ALLOTJAMENTS TURÍSTICS PER PARRÒQUIA I TIPUS. PENSIÓ. ORDINO	2004	1
199	NOMBRE D ´ALLOTJAMENTS TURÍSTICS PER PARRÒQUIA I TIPUS	0205060200050017	NOMBRE D ´ALLOTJAMENTS TURÍSTICS PER PARRÒQUIA I TIPUS. PENSIÓ. ORDINO	2005	1
199	NOMBRE D ´ALLOTJAMENTS TURÍSTICS PER PARRÒQUIA I TIPUS	0205060200050017	NOMBRE D ´ALLOTJAMENTS TURÍSTICS PER PARRÒQUIA I TIPUS. PENSIÓ. ORDINO	2006	1
199	NOMBRE D ´ALLOTJAMENTS TURÍSTICS PER PARRÒQUIA I TIPUS	0205060200050017	NOMBRE D ´ALLOTJAMENTS TURÍSTICS PER PARRÒQUIA I TIPUS. PENSIÓ. ORDINO	2007	1
199	NOMBRE D ´ALLOTJAMENTS TURÍSTICS PER PARRÒQUIA I TIPUS	0205060200050017	NOMBRE D ´ALLOTJAMENTS TURÍSTICS PER PARRÒQUIA I TIPUS. PENSIÓ. ORDINO	2008	1
199	NOMBRE D ´ALLOTJAMENTS TURÍSTICS PER PARRÒQUIA I TIPUS	0205060200050017	NOMBRE D ´ALLOTJAMENTS TURÍSTICS PER PARRÒQUIA I TIPUS. PENSIÓ. ORDINO	2009	0
199	NOMBRE D ´ALLOTJAMENTS TURÍSTICS PER PARRÒQUIA I TIPUS	0205060200050017	NOMBRE D ´ALLOTJAMENTS TURÍSTICS PER PARRÒQUIA I TIPUS. PENSIÓ. ORDINO	2010	0
199	NOMBRE D ´ALLOTJAMENTS TURÍSTICS PER PARRÒQUIA I TIPUS	0205060200050017	NOMBRE D ´ALLOTJAMENTS TURÍSTICS PER PARRÒQUIA I TIPUS. PENSIÓ. ORDINO	2011	0
199	NOMBRE D ´ALLOTJAMENTS TURÍSTICS PER PARRÒQUIA I TIPUS	0205060200050017	NOMBRE D ´ALLOTJAMENTS TURÍSTICS PER PARRÒQUIA I TIPUS. PENSIÓ. ORDINO	2012	0
199	NOMBRE D ´ALLOTJAMENTS TURÍSTICS PER PARRÒQUIA I TIPUS	0205060200050017	NOMBRE D ´ALLOTJAMENTS TURÍSTICS PER PARRÒQUIA I TIPUS. PENSIÓ. ORDINO	2013	0
199	NOMBRE D ´ALLOTJAMENTS TURÍSTICS PER PARRÒQUIA I TIPUS	0205060200050017	NOMBRE D ´ALLOTJAMENTS TURÍSTICS PER PARRÒQUIA I TIPUS. PENSIÓ. ORDINO	2014	0
199	NOMBRE D ´ALLOTJAMENTS TURÍSTICS PER PARRÒQUIA I TIPUS	0205060200050017	NOMBRE D ´ALLOTJAMENTS TURÍSTICS PER PARRÒQUIA I TIPUS. PENSIÓ. ORDINO	2015	0
199	NOMBRE D ´ALLOTJAMENTS TURÍSTICS PER PARRÒQUIA I TIPUS	0205060200050017	NOMBRE D ´ALLOTJAMENTS TURÍSTICS PER PARRÒQUIA I TIPUS. PENSIÓ. ORDINO	2016	0
199	NOMBRE D ´ALLOTJAMENTS TURÍSTICS PER PARRÒQUIA I TIPUS	0205060200050017	NOMBRE D ´ALLOTJAMENTS TURÍSTICS PER PARRÒQUIA I TIPUS. PENSIÓ. ORDINO	2017	0
199	NOMBRE D ´ALLOTJAMENTS TURÍSTICS PER PARRÒQUIA I TIPUS	0205060200050017	NOMBRE D ´ALLOTJAMENTS TURÍSTICS PER PARRÒQUIA I TIPUS. PENSIÓ. ORDINO	2018	0
199	NOMBRE D ´ALLOTJAMENTS TURÍSTICS PER PARRÒQUIA I TIPUS	0205060200050017	NOMBRE D ´ALLOTJAMENTS TURÍSTICS PER PARRÒQUIA I TIPUS. PENSIÓ. ORDINO	2019	0
199	NOMBRE D ´ALLOTJAMENTS TURÍSTICS PER PARRÒQUIA I TIPUS	0205060200050017	NOMBRE D ´ALLOTJAMENTS TURÍSTICS PER PARRÒQUIA I TIPUS. PENSIÓ. ORDINO	2020	0
199	NOMBRE D ´ALLOTJAMENTS TURÍSTICS PER PARRÒQUIA I TIPUS	0205060200050017	NOMBRE D ´ALLOTJAMENTS TURÍSTICS PER PARRÒQUIA I TIPUS. PENSIÓ. ORDINO	2021	0
199	NOMBRE D ´ALLOTJAMENTS TURÍSTICS PER PARRÒQUIA I TIPUS	0205060200050017	NOMBRE D ´ALLOTJAMENTS TURÍSTICS PER PARRÒQUIA I TIPUS. PENSIÓ. ORDINO	2022	0
199	NOMBRE D ´ALLOTJAMENTS TURÍSTICS PER PARRÒQUIA I TIPUS	0205060200050017	NOMBRE D ´ALLOTJAMENTS TURÍSTICS PER PARRÒQUIA I TIPUS. PENSIÓ. ORDINO	2023	0
199	NOMBRE D ´ALLOTJAMENTS TURÍSTICS PER PARRÒQUIA I TIPUS	0205060200050017	NOMBRE D ´ALLOTJAMENTS TURÍSTICS PER PARRÒQUIA I TIPUS. PENSIÓ. ORDINO	2024	0
199	NOMBRE D ´ALLOTJAMENTS TURÍSTICS PER PARRÒQUIA I TIPUS	0205060200050017	NOMBRE D ´ALLOTJAMENTS TURÍSTICS PER PARRÒQUIA I TIPUS. PENSIÓ. ORDINO	2025	0
199	NOMBRE D ´ALLOTJAMENTS TURÍSTICS PER PARRÒQUIA I TIPUS	0205060200050018	NOMBRE D ´ALLOTJAMENTS TURÍSTICS PER PARRÒQUIA I TIPUS. PENSIÓ. LA MASSANA	2004	0
199	NOMBRE D ´ALLOTJAMENTS TURÍSTICS PER PARRÒQUIA I TIPUS	0205060200050018	NOMBRE D ´ALLOTJAMENTS TURÍSTICS PER PARRÒQUIA I TIPUS. PENSIÓ. LA MASSANA	2005	0
199	NOMBRE D ´ALLOTJAMENTS TURÍSTICS PER PARRÒQUIA I TIPUS	0205060200050018	NOMBRE D ´ALLOTJAMENTS TURÍSTICS PER PARRÒQUIA I TIPUS. PENSIÓ. LA MASSANA	2006	0
199	NOMBRE D ´ALLOTJAMENTS TURÍSTICS PER PARRÒQUIA I TIPUS	0205060200050018	NOMBRE D ´ALLOTJAMENTS TURÍSTICS PER PARRÒQUIA I TIPUS. PENSIÓ. LA MASSANA	2007	0
199	NOMBRE D ´ALLOTJAMENTS TURÍSTICS PER PARRÒQUIA I TIPUS	0205060200050018	NOMBRE D ´ALLOTJAMENTS TURÍSTICS PER PARRÒQUIA I TIPUS. PENSIÓ. LA MASSANA	2008	0
199	NOMBRE D ´ALLOTJAMENTS TURÍSTICS PER PARRÒQUIA I TIPUS	0205060200050018	NOMBRE D ´ALLOTJAMENTS TURÍSTICS PER PARRÒQUIA I TIPUS. PENSIÓ. LA MASSANA	2009	0
199	NOMBRE D ´ALLOTJAMENTS TURÍSTICS PER PARRÒQUIA I TIPUS	0205060200050018	NOMBRE D ´ALLOTJAMENTS TURÍSTICS PER PARRÒQUIA I TIPUS. PENSIÓ. LA MASSANA	2010	0
199	NOMBRE D ´ALLOTJAMENTS TURÍSTICS PER PARRÒQUIA I TIPUS	0205060200050018	NOMBRE D ´ALLOTJAMENTS TURÍSTICS PER PARRÒQUIA I TIPUS. PENSIÓ. LA MASSANA	2011	0
199	NOMBRE D ´ALLOTJAMENTS TURÍSTICS PER PARRÒQUIA I TIPUS	0205060200050018	NOMBRE D ´ALLOTJAMENTS TURÍSTICS PER PARRÒQUIA I TIPUS. PENSIÓ. LA MASSANA	2012	0
199	NOMBRE D ´ALLOTJAMENTS TURÍSTICS PER PARRÒQUIA I TIPUS	0205060200050018	NOMBRE D ´ALLOTJAMENTS TURÍSTICS PER PARRÒQUIA I TIPUS. PENSIÓ. LA MASSANA	2013	0
199	NOMBRE D ´ALLOTJAMENTS TURÍSTICS PER PARRÒQUIA I TIPUS	0205060200050018	NOMBRE D ´ALLOTJAMENTS TURÍSTICS PER PARRÒQUIA I TIPUS. PENSIÓ. LA MASSANA	2014	0
199	NOMBRE D ´ALLOTJAMENTS TURÍSTICS PER PARRÒQUIA I TIPUS	0205060200050018	NOMBRE D ´ALLOTJAMENTS TURÍSTICS PER PARRÒQUIA I TIPUS. PENSIÓ. LA MASSANA	2015	0
199	NOMBRE D ´ALLOTJAMENTS TURÍSTICS PER PARRÒQUIA I TIPUS	0205060200050018	NOMBRE D ´ALLOTJAMENTS TURÍSTICS PER PARRÒQUIA I TIPUS. PENSIÓ. LA MASSANA	2016	0
199	NOMBRE D ´ALLOTJAMENTS TURÍSTICS PER PARRÒQUIA I TIPUS	0205060200050018	NOMBRE D ´ALLOTJAMENTS TURÍSTICS PER PARRÒQUIA I TIPUS. PENSIÓ. LA MASSANA	2017	0
199	NOMBRE D ´ALLOTJAMENTS TURÍSTICS PER PARRÒQUIA I TIPUS	0205060200050018	NOMBRE D ´ALLOTJAMENTS TURÍSTICS PER PARRÒQUIA I TIPUS. PENSIÓ. LA MASSANA	2018	0
199	NOMBRE D ´ALLOTJAMENTS TURÍSTICS PER PARRÒQUIA I TIPUS	0205060200050018	NOMBRE D ´ALLOTJAMENTS TURÍSTICS PER PARRÒQUIA I TIPUS. PENSIÓ. LA MASSANA	2019	0
199	NOMBRE D ´ALLOTJAMENTS TURÍSTICS PER PARRÒQUIA I TIPUS	0205060200050018	NOMBRE D ´ALLOTJAMENTS TURÍSTICS PER PARRÒQUIA I TIPUS. PENSIÓ. LA MASSANA	2020	0
199	NOMBRE D ´ALLOTJAMENTS TURÍSTICS PER PARRÒQUIA I TIPUS	0205060200050018	NOMBRE D ´ALLOTJAMENTS TURÍSTICS PER PARRÒQUIA I TIPUS. PENSIÓ. LA MASSANA	2021	0
199	NOMBRE D ´ALLOTJAMENTS TURÍSTICS PER PARRÒQUIA I TIPUS	0205060200050018	NOMBRE D ´ALLOTJAMENTS TURÍSTICS PER PARRÒQUIA I TIPUS. PENSIÓ. LA MASSANA	2022	0
199	NOMBRE D ´ALLOTJAMENTS TURÍSTICS PER PARRÒQUIA I TIPUS	0205060200050018	NOMBRE D ´ALLOTJAMENTS TURÍSTICS PER PARRÒQUIA I TIPUS. PENSIÓ. LA MASSANA	2023	0
199	NOMBRE D ´ALLOTJAMENTS TURÍSTICS PER PARRÒQUIA I TIPUS	0205060200050018	NOMBRE D ´ALLOTJAMENTS TURÍSTICS PER PARRÒQUIA I TIPUS. PENSIÓ. LA MASSANA	2024	0
199	NOMBRE D ´ALLOTJAMENTS TURÍSTICS PER PARRÒQUIA I TIPUS	0205060200050018	NOMBRE D ´ALLOTJAMENTS TURÍSTICS PER PARRÒQUIA I TIPUS. PENSIÓ. LA MASSANA	2025	0
199	NOMBRE D ´ALLOTJAMENTS TURÍSTICS PER PARRÒQUIA I TIPUS	0205060200050019	NOMBRE D ´ALLOTJAMENTS TURÍSTICS PER PARRÒQUIA I TIPUS. PENSIÓ. ANDORRA LA VELLA	2004	5
199	NOMBRE D ´ALLOTJAMENTS TURÍSTICS PER PARRÒQUIA I TIPUS	0205060200050019	NOMBRE D ´ALLOTJAMENTS TURÍSTICS PER PARRÒQUIA I TIPUS. PENSIÓ. ANDORRA LA VELLA	2005	5
199	NOMBRE D ´ALLOTJAMENTS TURÍSTICS PER PARRÒQUIA I TIPUS	0205060200050019	NOMBRE D ´ALLOTJAMENTS TURÍSTICS PER PARRÒQUIA I TIPUS. PENSIÓ. ANDORRA LA VELLA	2006	5
199	NOMBRE D ´ALLOTJAMENTS TURÍSTICS PER PARRÒQUIA I TIPUS	0205060200050019	NOMBRE D ´ALLOTJAMENTS TURÍSTICS PER PARRÒQUIA I TIPUS. PENSIÓ. ANDORRA LA VELLA	2007	4
199	NOMBRE D ´ALLOTJAMENTS TURÍSTICS PER PARRÒQUIA I TIPUS	0205060200050019	NOMBRE D ´ALLOTJAMENTS TURÍSTICS PER PARRÒQUIA I TIPUS. PENSIÓ. ANDORRA LA VELLA	2008	4
199	NOMBRE D ´ALLOTJAMENTS TURÍSTICS PER PARRÒQUIA I TIPUS	0205060200050019	NOMBRE D ´ALLOTJAMENTS TURÍSTICS PER PARRÒQUIA I TIPUS. PENSIÓ. ANDORRA LA VELLA	2009	4
199	NOMBRE D ´ALLOTJAMENTS TURÍSTICS PER PARRÒQUIA I TIPUS	0205060200050019	NOMBRE D ´ALLOTJAMENTS TURÍSTICS PER PARRÒQUIA I TIPUS. PENSIÓ. ANDORRA LA VELLA	2010	2
199	NOMBRE D ´ALLOTJAMENTS TURÍSTICS PER PARRÒQUIA I TIPUS	0205060200050019	NOMBRE D ´ALLOTJAMENTS TURÍSTICS PER PARRÒQUIA I TIPUS. PENSIÓ. ANDORRA LA VELLA	2011	2
199	NOMBRE D ´ALLOTJAMENTS TURÍSTICS PER PARRÒQUIA I TIPUS	0205060200050019	NOMBRE D ´ALLOTJAMENTS TURÍSTICS PER PARRÒQUIA I TIPUS. PENSIÓ. ANDORRA LA VELLA	2012	2
199	NOMBRE D ´ALLOTJAMENTS TURÍSTICS PER PARRÒQUIA I TIPUS	0205060200050019	NOMBRE D ´ALLOTJAMENTS TURÍSTICS PER PARRÒQUIA I TIPUS. PENSIÓ. ANDORRA LA VELLA	2013	2
199	NOMBRE D ´ALLOTJAMENTS TURÍSTICS PER PARRÒQUIA I TIPUS	0205060200050019	NOMBRE D ´ALLOTJAMENTS TURÍSTICS PER PARRÒQUIA I TIPUS. PENSIÓ. ANDORRA LA VELLA	2014	3
199	NOMBRE D ´ALLOTJAMENTS TURÍSTICS PER PARRÒQUIA I TIPUS	0205060200050019	NOMBRE D ´ALLOTJAMENTS TURÍSTICS PER PARRÒQUIA I TIPUS. PENSIÓ. ANDORRA LA VELLA	2015	3
199	NOMBRE D ´ALLOTJAMENTS TURÍSTICS PER PARRÒQUIA I TIPUS	0205060200050019	NOMBRE D ´ALLOTJAMENTS TURÍSTICS PER PARRÒQUIA I TIPUS. PENSIÓ. ANDORRA LA VELLA	2016	3
199	NOMBRE D ´ALLOTJAMENTS TURÍSTICS PER PARRÒQUIA I TIPUS	0205060200050019	NOMBRE D ´ALLOTJAMENTS TURÍSTICS PER PARRÒQUIA I TIPUS. PENSIÓ. ANDORRA LA VELLA	2017	2
199	NOMBRE D ´ALLOTJAMENTS TURÍSTICS PER PARRÒQUIA I TIPUS	0205060200050019	NOMBRE D ´ALLOTJAMENTS TURÍSTICS PER PARRÒQUIA I TIPUS. PENSIÓ. ANDORRA LA VELLA	2018	2
199	NOMBRE D ´ALLOTJAMENTS TURÍSTICS PER PARRÒQUIA I TIPUS	0205060200050019	NOMBRE D ´ALLOTJAMENTS TURÍSTICS PER PARRÒQUIA I TIPUS. PENSIÓ. ANDORRA LA VELLA	2019	2
199	NOMBRE D ´ALLOTJAMENTS TURÍSTICS PER PARRÒQUIA I TIPUS	0205060200050019	NOMBRE D ´ALLOTJAMENTS TURÍSTICS PER PARRÒQUIA I TIPUS. PENSIÓ. ANDORRA LA VELLA	2020	2
199	NOMBRE D ´ALLOTJAMENTS TURÍSTICS PER PARRÒQUIA I TIPUS	0205060200050019	NOMBRE D ´ALLOTJAMENTS TURÍSTICS PER PARRÒQUIA I TIPUS. PENSIÓ. ANDORRA LA VELLA	2021	2
199	NOMBRE D ´ALLOTJAMENTS TURÍSTICS PER PARRÒQUIA I TIPUS	0205060200050019	NOMBRE D ´ALLOTJAMENTS TURÍSTICS PER PARRÒQUIA I TIPUS. PENSIÓ. ANDORRA LA VELLA	2022	1
199	NOMBRE D ´ALLOTJAMENTS TURÍSTICS PER PARRÒQUIA I TIPUS	0205060200050019	NOMBRE D ´ALLOTJAMENTS TURÍSTICS PER PARRÒQUIA I TIPUS. PENSIÓ. ANDORRA LA VELLA	2023	1
199	NOMBRE D ´ALLOTJAMENTS TURÍSTICS PER PARRÒQUIA I TIPUS	0205060200050019	NOMBRE D ´ALLOTJAMENTS TURÍSTICS PER PARRÒQUIA I TIPUS. PENSIÓ. ANDORRA LA VELLA	2024	1
199	NOMBRE D ´ALLOTJAMENTS TURÍSTICS PER PARRÒQUIA I TIPUS	0205060200050019	NOMBRE D ´ALLOTJAMENTS TURÍSTICS PER PARRÒQUIA I TIPUS. PENSIÓ. ANDORRA LA VELLA	2025	1
199	NOMBRE D ´ALLOTJAMENTS TURÍSTICS PER PARRÒQUIA I TIPUS	0205060200050020	NOMBRE D ´ALLOTJAMENTS TURÍSTICS PER PARRÒQUIA I TIPUS. PENSIÓ. SANT JULIÀ DE LÒRIA	2004	1
199	NOMBRE D ´ALLOTJAMENTS TURÍSTICS PER PARRÒQUIA I TIPUS	0205060200050020	NOMBRE D ´ALLOTJAMENTS TURÍSTICS PER PARRÒQUIA I TIPUS. PENSIÓ. SANT JULIÀ DE LÒRIA	2005	1
199	NOMBRE D ´ALLOTJAMENTS TURÍSTICS PER PARRÒQUIA I TIPUS	0205060200050020	NOMBRE D ´ALLOTJAMENTS TURÍSTICS PER PARRÒQUIA I TIPUS. PENSIÓ. SANT JULIÀ DE LÒRIA	2006	1
199	NOMBRE D ´ALLOTJAMENTS TURÍSTICS PER PARRÒQUIA I TIPUS	0205060200050020	NOMBRE D ´ALLOTJAMENTS TURÍSTICS PER PARRÒQUIA I TIPUS. PENSIÓ. SANT JULIÀ DE LÒRIA	2007	1
199	NOMBRE D ´ALLOTJAMENTS TURÍSTICS PER PARRÒQUIA I TIPUS	0205060200050020	NOMBRE D ´ALLOTJAMENTS TURÍSTICS PER PARRÒQUIA I TIPUS. PENSIÓ. SANT JULIÀ DE LÒRIA	2008	1
199	NOMBRE D ´ALLOTJAMENTS TURÍSTICS PER PARRÒQUIA I TIPUS	0205060200050020	NOMBRE D ´ALLOTJAMENTS TURÍSTICS PER PARRÒQUIA I TIPUS. PENSIÓ. SANT JULIÀ DE LÒRIA	2009	1
199	NOMBRE D ´ALLOTJAMENTS TURÍSTICS PER PARRÒQUIA I TIPUS	0205060200050020	NOMBRE D ´ALLOTJAMENTS TURÍSTICS PER PARRÒQUIA I TIPUS. PENSIÓ. SANT JULIÀ DE LÒRIA	2010	1
199	NOMBRE D ´ALLOTJAMENTS TURÍSTICS PER PARRÒQUIA I TIPUS	0205060200050020	NOMBRE D ´ALLOTJAMENTS TURÍSTICS PER PARRÒQUIA I TIPUS. PENSIÓ. SANT JULIÀ DE LÒRIA	2011	1
199	NOMBRE D ´ALLOTJAMENTS TURÍSTICS PER PARRÒQUIA I TIPUS	0205060200050020	NOMBRE D ´ALLOTJAMENTS TURÍSTICS PER PARRÒQUIA I TIPUS. PENSIÓ. SANT JULIÀ DE LÒRIA	2012	1
199	NOMBRE D ´ALLOTJAMENTS TURÍSTICS PER PARRÒQUIA I TIPUS	0205060200050020	NOMBRE D ´ALLOTJAMENTS TURÍSTICS PER PARRÒQUIA I TIPUS. PENSIÓ. SANT JULIÀ DE LÒRIA	2013	1
199	NOMBRE D ´ALLOTJAMENTS TURÍSTICS PER PARRÒQUIA I TIPUS	0205060200050020	NOMBRE D ´ALLOTJAMENTS TURÍSTICS PER PARRÒQUIA I TIPUS. PENSIÓ. SANT JULIÀ DE LÒRIA	2014	0
199	NOMBRE D ´ALLOTJAMENTS TURÍSTICS PER PARRÒQUIA I TIPUS	0205060200050020	NOMBRE D ´ALLOTJAMENTS TURÍSTICS PER PARRÒQUIA I TIPUS. PENSIÓ. SANT JULIÀ DE LÒRIA	2015	0
199	NOMBRE D ´ALLOTJAMENTS TURÍSTICS PER PARRÒQUIA I TIPUS	0205060200050020	NOMBRE D ´ALLOTJAMENTS TURÍSTICS PER PARRÒQUIA I TIPUS. PENSIÓ. SANT JULIÀ DE LÒRIA	2016	0
199	NOMBRE D ´ALLOTJAMENTS TURÍSTICS PER PARRÒQUIA I TIPUS	0205060200050020	NOMBRE D ´ALLOTJAMENTS TURÍSTICS PER PARRÒQUIA I TIPUS. PENSIÓ. SANT JULIÀ DE LÒRIA	2017	0
199	NOMBRE D ´ALLOTJAMENTS TURÍSTICS PER PARRÒQUIA I TIPUS	0205060200050020	NOMBRE D ´ALLOTJAMENTS TURÍSTICS PER PARRÒQUIA I TIPUS. PENSIÓ. SANT JULIÀ DE LÒRIA	2018	0
199	NOMBRE D ´ALLOTJAMENTS TURÍSTICS PER PARRÒQUIA I TIPUS	0205060200050020	NOMBRE D ´ALLOTJAMENTS TURÍSTICS PER PARRÒQUIA I TIPUS. PENSIÓ. SANT JULIÀ DE LÒRIA	2019	0
199	NOMBRE D ´ALLOTJAMENTS TURÍSTICS PER PARRÒQUIA I TIPUS	0205060200050020	NOMBRE D ´ALLOTJAMENTS TURÍSTICS PER PARRÒQUIA I TIPUS. PENSIÓ. SANT JULIÀ DE LÒRIA	2020	0
199	NOMBRE D ´ALLOTJAMENTS TURÍSTICS PER PARRÒQUIA I TIPUS	0205060200050020	NOMBRE D ´ALLOTJAMENTS TURÍSTICS PER PARRÒQUIA I TIPUS. PENSIÓ. SANT JULIÀ DE LÒRIA	2021	0
199	NOMBRE D ´ALLOTJAMENTS TURÍSTICS PER PARRÒQUIA I TIPUS	0205060200050020	NOMBRE D ´ALLOTJAMENTS TURÍSTICS PER PARRÒQUIA I TIPUS. PENSIÓ. SANT JULIÀ DE LÒRIA	2022	0
199	NOMBRE D ´ALLOTJAMENTS TURÍSTICS PER PARRÒQUIA I TIPUS	0205060200050020	NOMBRE D ´ALLOTJAMENTS TURÍSTICS PER PARRÒQUIA I TIPUS. PENSIÓ. SANT JULIÀ DE LÒRIA	2023	0
199	NOMBRE D ´ALLOTJAMENTS TURÍSTICS PER PARRÒQUIA I TIPUS	0205060200050020	NOMBRE D ´ALLOTJAMENTS TURÍSTICS PER PARRÒQUIA I TIPUS. PENSIÓ. SANT JULIÀ DE LÒRIA	2024	0
199	NOMBRE D ´ALLOTJAMENTS TURÍSTICS PER PARRÒQUIA I TIPUS	0205060200050020	NOMBRE D ´ALLOTJAMENTS TURÍSTICS PER PARRÒQUIA I TIPUS. PENSIÓ. SANT JULIÀ DE LÒRIA	2025	0
199	NOMBRE D ´ALLOTJAMENTS TURÍSTICS PER PARRÒQUIA I TIPUS	0205060200050021	NOMBRE D ´ALLOTJAMENTS TURÍSTICS PER PARRÒQUIA I TIPUS. PENSIÓ. ESCALDES-ENGORDANY	2004	4
199	NOMBRE D ´ALLOTJAMENTS TURÍSTICS PER PARRÒQUIA I TIPUS	0205060200050021	NOMBRE D ´ALLOTJAMENTS TURÍSTICS PER PARRÒQUIA I TIPUS. PENSIÓ. ESCALDES-ENGORDANY	2005	4
199	NOMBRE D ´ALLOTJAMENTS TURÍSTICS PER PARRÒQUIA I TIPUS	0205060200050021	NOMBRE D ´ALLOTJAMENTS TURÍSTICS PER PARRÒQUIA I TIPUS. PENSIÓ. ESCALDES-ENGORDANY	2006	4
199	NOMBRE D ´ALLOTJAMENTS TURÍSTICS PER PARRÒQUIA I TIPUS	0205060200050021	NOMBRE D ´ALLOTJAMENTS TURÍSTICS PER PARRÒQUIA I TIPUS. PENSIÓ. ESCALDES-ENGORDANY	2007	3
199	NOMBRE D ´ALLOTJAMENTS TURÍSTICS PER PARRÒQUIA I TIPUS	0205060200050021	NOMBRE D ´ALLOTJAMENTS TURÍSTICS PER PARRÒQUIA I TIPUS. PENSIÓ. ESCALDES-ENGORDANY	2008	3
199	NOMBRE D ´ALLOTJAMENTS TURÍSTICS PER PARRÒQUIA I TIPUS	0205060200050021	NOMBRE D ´ALLOTJAMENTS TURÍSTICS PER PARRÒQUIA I TIPUS. PENSIÓ. ESCALDES-ENGORDANY	2009	3
199	NOMBRE D ´ALLOTJAMENTS TURÍSTICS PER PARRÒQUIA I TIPUS	0205060200050021	NOMBRE D ´ALLOTJAMENTS TURÍSTICS PER PARRÒQUIA I TIPUS. PENSIÓ. ESCALDES-ENGORDANY	2010	3
199	NOMBRE D ´ALLOTJAMENTS TURÍSTICS PER PARRÒQUIA I TIPUS	0205060200050021	NOMBRE D ´ALLOTJAMENTS TURÍSTICS PER PARRÒQUIA I TIPUS. PENSIÓ. ESCALDES-ENGORDANY	2011	3
199	NOMBRE D ´ALLOTJAMENTS TURÍSTICS PER PARRÒQUIA I TIPUS	0205060200050021	NOMBRE D ´ALLOTJAMENTS TURÍSTICS PER PARRÒQUIA I TIPUS. PENSIÓ. ESCALDES-ENGORDANY	2012	3
199	NOMBRE D ´ALLOTJAMENTS TURÍSTICS PER PARRÒQUIA I TIPUS	0205060200050021	NOMBRE D ´ALLOTJAMENTS TURÍSTICS PER PARRÒQUIA I TIPUS. PENSIÓ. ESCALDES-ENGORDANY	2013	3
199	NOMBRE D ´ALLOTJAMENTS TURÍSTICS PER PARRÒQUIA I TIPUS	0205060200050021	NOMBRE D ´ALLOTJAMENTS TURÍSTICS PER PARRÒQUIA I TIPUS. PENSIÓ. ESCALDES-ENGORDANY	2014	3
199	NOMBRE D ´ALLOTJAMENTS TURÍSTICS PER PARRÒQUIA I TIPUS	0205060200050021	NOMBRE D ´ALLOTJAMENTS TURÍSTICS PER PARRÒQUIA I TIPUS. PENSIÓ. ESCALDES-ENGORDANY	2015	3
199	NOMBRE D ´ALLOTJAMENTS TURÍSTICS PER PARRÒQUIA I TIPUS	0205060200050021	NOMBRE D ´ALLOTJAMENTS TURÍSTICS PER PARRÒQUIA I TIPUS. PENSIÓ. ESCALDES-ENGORDANY	2016	3
199	NOMBRE D ´ALLOTJAMENTS TURÍSTICS PER PARRÒQUIA I TIPUS	0205060200050021	NOMBRE D ´ALLOTJAMENTS TURÍSTICS PER PARRÒQUIA I TIPUS. PENSIÓ. ESCALDES-ENGORDANY	2017	3
199	NOMBRE D ´ALLOTJAMENTS TURÍSTICS PER PARRÒQUIA I TIPUS	0205060200050021	NOMBRE D ´ALLOTJAMENTS TURÍSTICS PER PARRÒQUIA I TIPUS. PENSIÓ. ESCALDES-ENGORDANY	2018	3
199	NOMBRE D ´ALLOTJAMENTS TURÍSTICS PER PARRÒQUIA I TIPUS	0205060200050021	NOMBRE D ´ALLOTJAMENTS TURÍSTICS PER PARRÒQUIA I TIPUS. PENSIÓ. ESCALDES-ENGORDANY	2019	3
199	NOMBRE D ´ALLOTJAMENTS TURÍSTICS PER PARRÒQUIA I TIPUS	0205060200050021	NOMBRE D ´ALLOTJAMENTS TURÍSTICS PER PARRÒQUIA I TIPUS. PENSIÓ. ESCALDES-ENGORDANY	2020	3
199	NOMBRE D ´ALLOTJAMENTS TURÍSTICS PER PARRÒQUIA I TIPUS	0205060200050021	NOMBRE D ´ALLOTJAMENTS TURÍSTICS PER PARRÒQUIA I TIPUS. PENSIÓ. ESCALDES-ENGORDANY	2021	2
199	NOMBRE D ´ALLOTJAMENTS TURÍSTICS PER PARRÒQUIA I TIPUS	0205060200050021	NOMBRE D ´ALLOTJAMENTS TURÍSTICS PER PARRÒQUIA I TIPUS. PENSIÓ. ESCALDES-ENGORDANY	2022	2
199	NOMBRE D ´ALLOTJAMENTS TURÍSTICS PER PARRÒQUIA I TIPUS	0205060200050021	NOMBRE D ´ALLOTJAMENTS TURÍSTICS PER PARRÒQUIA I TIPUS. PENSIÓ. ESCALDES-ENGORDANY	2023	2
199	NOMBRE D ´ALLOTJAMENTS TURÍSTICS PER PARRÒQUIA I TIPUS	0205060200050021	NOMBRE D ´ALLOTJAMENTS TURÍSTICS PER PARRÒQUIA I TIPUS. PENSIÓ. ESCALDES-ENGORDANY	2024	2
199	NOMBRE D ´ALLOTJAMENTS TURÍSTICS PER PARRÒQUIA I TIPUS	0205060200050021	NOMBRE D ´ALLOTJAMENTS TURÍSTICS PER PARRÒQUIA I TIPUS. PENSIÓ. ESCALDES-ENGORDANY	2025	1
199	NOMBRE D ´ALLOTJAMENTS TURÍSTICS PER PARRÒQUIA I TIPUS	0205060200050022	NOMBRE D ´ALLOTJAMENTS TURÍSTICS PER PARRÒQUIA I TIPUS. APARTHOTEL. CANILLO	2004	5
199	NOMBRE D ´ALLOTJAMENTS TURÍSTICS PER PARRÒQUIA I TIPUS	0205060200050022	NOMBRE D ´ALLOTJAMENTS TURÍSTICS PER PARRÒQUIA I TIPUS. APARTHOTEL. CANILLO	2005	6
199	NOMBRE D ´ALLOTJAMENTS TURÍSTICS PER PARRÒQUIA I TIPUS	0205060200050022	NOMBRE D ´ALLOTJAMENTS TURÍSTICS PER PARRÒQUIA I TIPUS. APARTHOTEL. CANILLO	2006	5
199	NOMBRE D ´ALLOTJAMENTS TURÍSTICS PER PARRÒQUIA I TIPUS	0205060200050022	NOMBRE D ´ALLOTJAMENTS TURÍSTICS PER PARRÒQUIA I TIPUS. APARTHOTEL. CANILLO	2007	5
199	NOMBRE D ´ALLOTJAMENTS TURÍSTICS PER PARRÒQUIA I TIPUS	0205060200050022	NOMBRE D ´ALLOTJAMENTS TURÍSTICS PER PARRÒQUIA I TIPUS. APARTHOTEL. CANILLO	2008	5
199	NOMBRE D ´ALLOTJAMENTS TURÍSTICS PER PARRÒQUIA I TIPUS	0205060200050022	NOMBRE D ´ALLOTJAMENTS TURÍSTICS PER PARRÒQUIA I TIPUS. APARTHOTEL. CANILLO	2009	5
199	NOMBRE D ´ALLOTJAMENTS TURÍSTICS PER PARRÒQUIA I TIPUS	0205060200050022	NOMBRE D ´ALLOTJAMENTS TURÍSTICS PER PARRÒQUIA I TIPUS. APARTHOTEL. CANILLO	2010	5
199	NOMBRE D ´ALLOTJAMENTS TURÍSTICS PER PARRÒQUIA I TIPUS	0205060200050022	NOMBRE D ´ALLOTJAMENTS TURÍSTICS PER PARRÒQUIA I TIPUS. APARTHOTEL. CANILLO	2011	3
199	NOMBRE D ´ALLOTJAMENTS TURÍSTICS PER PARRÒQUIA I TIPUS	0205060200050022	NOMBRE D ´ALLOTJAMENTS TURÍSTICS PER PARRÒQUIA I TIPUS. APARTHOTEL. CANILLO	2012	3
199	NOMBRE D ´ALLOTJAMENTS TURÍSTICS PER PARRÒQUIA I TIPUS	0205060200050022	NOMBRE D ´ALLOTJAMENTS TURÍSTICS PER PARRÒQUIA I TIPUS. APARTHOTEL. CANILLO	2013	3
199	NOMBRE D ´ALLOTJAMENTS TURÍSTICS PER PARRÒQUIA I TIPUS	0205060200050022	NOMBRE D ´ALLOTJAMENTS TURÍSTICS PER PARRÒQUIA I TIPUS. APARTHOTEL. CANILLO	2014	3
199	NOMBRE D ´ALLOTJAMENTS TURÍSTICS PER PARRÒQUIA I TIPUS	0205060200050022	NOMBRE D ´ALLOTJAMENTS TURÍSTICS PER PARRÒQUIA I TIPUS. APARTHOTEL. CANILLO	2015	3
199	NOMBRE D ´ALLOTJAMENTS TURÍSTICS PER PARRÒQUIA I TIPUS	0205060200050022	NOMBRE D ´ALLOTJAMENTS TURÍSTICS PER PARRÒQUIA I TIPUS. APARTHOTEL. CANILLO	2016	3
199	NOMBRE D ´ALLOTJAMENTS TURÍSTICS PER PARRÒQUIA I TIPUS	0205060200050022	NOMBRE D ´ALLOTJAMENTS TURÍSTICS PER PARRÒQUIA I TIPUS. APARTHOTEL. CANILLO	2017	2
199	NOMBRE D ´ALLOTJAMENTS TURÍSTICS PER PARRÒQUIA I TIPUS	0205060200050022	NOMBRE D ´ALLOTJAMENTS TURÍSTICS PER PARRÒQUIA I TIPUS. APARTHOTEL. CANILLO	2018	3
199	NOMBRE D ´ALLOTJAMENTS TURÍSTICS PER PARRÒQUIA I TIPUS	0205060200050022	NOMBRE D ´ALLOTJAMENTS TURÍSTICS PER PARRÒQUIA I TIPUS. APARTHOTEL. CANILLO	2019	3
199	NOMBRE D ´ALLOTJAMENTS TURÍSTICS PER PARRÒQUIA I TIPUS	0205060200050022	NOMBRE D ´ALLOTJAMENTS TURÍSTICS PER PARRÒQUIA I TIPUS. APARTHOTEL. CANILLO	2020	2
199	NOMBRE D ´ALLOTJAMENTS TURÍSTICS PER PARRÒQUIA I TIPUS	0205060200050022	NOMBRE D ´ALLOTJAMENTS TURÍSTICS PER PARRÒQUIA I TIPUS. APARTHOTEL. CANILLO	2021	2
199	NOMBRE D ´ALLOTJAMENTS TURÍSTICS PER PARRÒQUIA I TIPUS	0205060200050022	NOMBRE D ´ALLOTJAMENTS TURÍSTICS PER PARRÒQUIA I TIPUS. APARTHOTEL. CANILLO	2022	2
199	NOMBRE D ´ALLOTJAMENTS TURÍSTICS PER PARRÒQUIA I TIPUS	0205060200050022	NOMBRE D ´ALLOTJAMENTS TURÍSTICS PER PARRÒQUIA I TIPUS. APARTHOTEL. CANILLO	2023	2
199	NOMBRE D ´ALLOTJAMENTS TURÍSTICS PER PARRÒQUIA I TIPUS	0205060200050022	NOMBRE D ´ALLOTJAMENTS TURÍSTICS PER PARRÒQUIA I TIPUS. APARTHOTEL. CANILLO	2024	2
199	NOMBRE D ´ALLOTJAMENTS TURÍSTICS PER PARRÒQUIA I TIPUS	0205060200050022	NOMBRE D ´ALLOTJAMENTS TURÍSTICS PER PARRÒQUIA I TIPUS. APARTHOTEL. CANILLO	2025	2
199	NOMBRE D ´ALLOTJAMENTS TURÍSTICS PER PARRÒQUIA I TIPUS	0205060200050023	NOMBRE D ´ALLOTJAMENTS TURÍSTICS PER PARRÒQUIA I TIPUS. APARTHOTEL. ENCAMP	2004	5
199	NOMBRE D ´ALLOTJAMENTS TURÍSTICS PER PARRÒQUIA I TIPUS	0205060200050023	NOMBRE D ´ALLOTJAMENTS TURÍSTICS PER PARRÒQUIA I TIPUS. APARTHOTEL. ENCAMP	2005	5
199	NOMBRE D ´ALLOTJAMENTS TURÍSTICS PER PARRÒQUIA I TIPUS	0205060200050023	NOMBRE D ´ALLOTJAMENTS TURÍSTICS PER PARRÒQUIA I TIPUS. APARTHOTEL. ENCAMP	2006	6
199	NOMBRE D ´ALLOTJAMENTS TURÍSTICS PER PARRÒQUIA I TIPUS	0205060200050023	NOMBRE D ´ALLOTJAMENTS TURÍSTICS PER PARRÒQUIA I TIPUS. APARTHOTEL. ENCAMP	2007	6
199	NOMBRE D ´ALLOTJAMENTS TURÍSTICS PER PARRÒQUIA I TIPUS	0205060200050023	NOMBRE D ´ALLOTJAMENTS TURÍSTICS PER PARRÒQUIA I TIPUS. APARTHOTEL. ENCAMP	2008	7
199	NOMBRE D ´ALLOTJAMENTS TURÍSTICS PER PARRÒQUIA I TIPUS	0205060200050023	NOMBRE D ´ALLOTJAMENTS TURÍSTICS PER PARRÒQUIA I TIPUS. APARTHOTEL. ENCAMP	2009	6
199	NOMBRE D ´ALLOTJAMENTS TURÍSTICS PER PARRÒQUIA I TIPUS	0205060200050023	NOMBRE D ´ALLOTJAMENTS TURÍSTICS PER PARRÒQUIA I TIPUS. APARTHOTEL. ENCAMP	2010	6
199	NOMBRE D ´ALLOTJAMENTS TURÍSTICS PER PARRÒQUIA I TIPUS	0205060200050023	NOMBRE D ´ALLOTJAMENTS TURÍSTICS PER PARRÒQUIA I TIPUS. APARTHOTEL. ENCAMP	2011	6
199	NOMBRE D ´ALLOTJAMENTS TURÍSTICS PER PARRÒQUIA I TIPUS	0205060200050023	NOMBRE D ´ALLOTJAMENTS TURÍSTICS PER PARRÒQUIA I TIPUS. APARTHOTEL. ENCAMP	2012	6
199	NOMBRE D ´ALLOTJAMENTS TURÍSTICS PER PARRÒQUIA I TIPUS	0205060200050023	NOMBRE D ´ALLOTJAMENTS TURÍSTICS PER PARRÒQUIA I TIPUS. APARTHOTEL. ENCAMP	2013	6
199	NOMBRE D ´ALLOTJAMENTS TURÍSTICS PER PARRÒQUIA I TIPUS	0205060200050023	NOMBRE D ´ALLOTJAMENTS TURÍSTICS PER PARRÒQUIA I TIPUS. APARTHOTEL. ENCAMP	2014	6
199	NOMBRE D ´ALLOTJAMENTS TURÍSTICS PER PARRÒQUIA I TIPUS	0205060200050023	NOMBRE D ´ALLOTJAMENTS TURÍSTICS PER PARRÒQUIA I TIPUS. APARTHOTEL. ENCAMP	2015	6
199	NOMBRE D ´ALLOTJAMENTS TURÍSTICS PER PARRÒQUIA I TIPUS	0205060200050023	NOMBRE D ´ALLOTJAMENTS TURÍSTICS PER PARRÒQUIA I TIPUS. APARTHOTEL. ENCAMP	2016	6
199	NOMBRE D ´ALLOTJAMENTS TURÍSTICS PER PARRÒQUIA I TIPUS	0205060200050023	NOMBRE D ´ALLOTJAMENTS TURÍSTICS PER PARRÒQUIA I TIPUS. APARTHOTEL. ENCAMP	2017	6
199	NOMBRE D ´ALLOTJAMENTS TURÍSTICS PER PARRÒQUIA I TIPUS	0205060200050023	NOMBRE D ´ALLOTJAMENTS TURÍSTICS PER PARRÒQUIA I TIPUS. APARTHOTEL. ENCAMP	2018	6
199	NOMBRE D ´ALLOTJAMENTS TURÍSTICS PER PARRÒQUIA I TIPUS	0205060200050023	NOMBRE D ´ALLOTJAMENTS TURÍSTICS PER PARRÒQUIA I TIPUS. APARTHOTEL. ENCAMP	2019	6
199	NOMBRE D ´ALLOTJAMENTS TURÍSTICS PER PARRÒQUIA I TIPUS	0205060200050023	NOMBRE D ´ALLOTJAMENTS TURÍSTICS PER PARRÒQUIA I TIPUS. APARTHOTEL. ENCAMP	2020	6
199	NOMBRE D ´ALLOTJAMENTS TURÍSTICS PER PARRÒQUIA I TIPUS	0205060200050023	NOMBRE D ´ALLOTJAMENTS TURÍSTICS PER PARRÒQUIA I TIPUS. APARTHOTEL. ENCAMP	2021	6
199	NOMBRE D ´ALLOTJAMENTS TURÍSTICS PER PARRÒQUIA I TIPUS	0205060200050023	NOMBRE D ´ALLOTJAMENTS TURÍSTICS PER PARRÒQUIA I TIPUS. APARTHOTEL. ENCAMP	2022	6
199	NOMBRE D ´ALLOTJAMENTS TURÍSTICS PER PARRÒQUIA I TIPUS	0205060200050023	NOMBRE D ´ALLOTJAMENTS TURÍSTICS PER PARRÒQUIA I TIPUS. APARTHOTEL. ENCAMP	2023	4
199	NOMBRE D ´ALLOTJAMENTS TURÍSTICS PER PARRÒQUIA I TIPUS	0205060200050023	NOMBRE D ´ALLOTJAMENTS TURÍSTICS PER PARRÒQUIA I TIPUS. APARTHOTEL. ENCAMP	2024	3
199	NOMBRE D ´ALLOTJAMENTS TURÍSTICS PER PARRÒQUIA I TIPUS	0205060200050023	NOMBRE D ´ALLOTJAMENTS TURÍSTICS PER PARRÒQUIA I TIPUS. APARTHOTEL. ENCAMP	2025	3
199	NOMBRE D ´ALLOTJAMENTS TURÍSTICS PER PARRÒQUIA I TIPUS	0205060200050024	NOMBRE D ´ALLOTJAMENTS TURÍSTICS PER PARRÒQUIA I TIPUS. APARTHOTEL. ORDINO	2004	4
199	NOMBRE D ´ALLOTJAMENTS TURÍSTICS PER PARRÒQUIA I TIPUS	0205060200050024	NOMBRE D ´ALLOTJAMENTS TURÍSTICS PER PARRÒQUIA I TIPUS. APARTHOTEL. ORDINO	2005	4
199	NOMBRE D ´ALLOTJAMENTS TURÍSTICS PER PARRÒQUIA I TIPUS	0205060200050024	NOMBRE D ´ALLOTJAMENTS TURÍSTICS PER PARRÒQUIA I TIPUS. APARTHOTEL. ORDINO	2006	4
199	NOMBRE D ´ALLOTJAMENTS TURÍSTICS PER PARRÒQUIA I TIPUS	0205060200050024	NOMBRE D ´ALLOTJAMENTS TURÍSTICS PER PARRÒQUIA I TIPUS. APARTHOTEL. ORDINO	2007	4
199	NOMBRE D ´ALLOTJAMENTS TURÍSTICS PER PARRÒQUIA I TIPUS	0205060200050024	NOMBRE D ´ALLOTJAMENTS TURÍSTICS PER PARRÒQUIA I TIPUS. APARTHOTEL. ORDINO	2008	4
199	NOMBRE D ´ALLOTJAMENTS TURÍSTICS PER PARRÒQUIA I TIPUS	0205060200050024	NOMBRE D ´ALLOTJAMENTS TURÍSTICS PER PARRÒQUIA I TIPUS. APARTHOTEL. ORDINO	2009	4
199	NOMBRE D ´ALLOTJAMENTS TURÍSTICS PER PARRÒQUIA I TIPUS	0205060200050024	NOMBRE D ´ALLOTJAMENTS TURÍSTICS PER PARRÒQUIA I TIPUS. APARTHOTEL. ORDINO	2010	4
199	NOMBRE D ´ALLOTJAMENTS TURÍSTICS PER PARRÒQUIA I TIPUS	0205060200050024	NOMBRE D ´ALLOTJAMENTS TURÍSTICS PER PARRÒQUIA I TIPUS. APARTHOTEL. ORDINO	2011	4
199	NOMBRE D ´ALLOTJAMENTS TURÍSTICS PER PARRÒQUIA I TIPUS	0205060200050024	NOMBRE D ´ALLOTJAMENTS TURÍSTICS PER PARRÒQUIA I TIPUS. APARTHOTEL. ORDINO	2012	5
199	NOMBRE D ´ALLOTJAMENTS TURÍSTICS PER PARRÒQUIA I TIPUS	0205060200050024	NOMBRE D ´ALLOTJAMENTS TURÍSTICS PER PARRÒQUIA I TIPUS. APARTHOTEL. ORDINO	2013	5
199	NOMBRE D ´ALLOTJAMENTS TURÍSTICS PER PARRÒQUIA I TIPUS	0205060200050024	NOMBRE D ´ALLOTJAMENTS TURÍSTICS PER PARRÒQUIA I TIPUS. APARTHOTEL. ORDINO	2014	5
199	NOMBRE D ´ALLOTJAMENTS TURÍSTICS PER PARRÒQUIA I TIPUS	0205060200050024	NOMBRE D ´ALLOTJAMENTS TURÍSTICS PER PARRÒQUIA I TIPUS. APARTHOTEL. ORDINO	2015	6
199	NOMBRE D ´ALLOTJAMENTS TURÍSTICS PER PARRÒQUIA I TIPUS	0205060200050024	NOMBRE D ´ALLOTJAMENTS TURÍSTICS PER PARRÒQUIA I TIPUS. APARTHOTEL. ORDINO	2016	6
199	NOMBRE D ´ALLOTJAMENTS TURÍSTICS PER PARRÒQUIA I TIPUS	0205060200050024	NOMBRE D ´ALLOTJAMENTS TURÍSTICS PER PARRÒQUIA I TIPUS. APARTHOTEL. ORDINO	2017	5
199	NOMBRE D ´ALLOTJAMENTS TURÍSTICS PER PARRÒQUIA I TIPUS	0205060200050024	NOMBRE D ´ALLOTJAMENTS TURÍSTICS PER PARRÒQUIA I TIPUS. APARTHOTEL. ORDINO	2018	6
199	NOMBRE D ´ALLOTJAMENTS TURÍSTICS PER PARRÒQUIA I TIPUS	0205060200050024	NOMBRE D ´ALLOTJAMENTS TURÍSTICS PER PARRÒQUIA I TIPUS. APARTHOTEL. ORDINO	2019	5
199	NOMBRE D ´ALLOTJAMENTS TURÍSTICS PER PARRÒQUIA I TIPUS	0205060200050024	NOMBRE D ´ALLOTJAMENTS TURÍSTICS PER PARRÒQUIA I TIPUS. APARTHOTEL. ORDINO	2020	5
199	NOMBRE D ´ALLOTJAMENTS TURÍSTICS PER PARRÒQUIA I TIPUS	0205060200050024	NOMBRE D ´ALLOTJAMENTS TURÍSTICS PER PARRÒQUIA I TIPUS. APARTHOTEL. ORDINO	2021	3
199	NOMBRE D ´ALLOTJAMENTS TURÍSTICS PER PARRÒQUIA I TIPUS	0205060200050024	NOMBRE D ´ALLOTJAMENTS TURÍSTICS PER PARRÒQUIA I TIPUS. APARTHOTEL. ORDINO	2022	3
199	NOMBRE D ´ALLOTJAMENTS TURÍSTICS PER PARRÒQUIA I TIPUS	0205060200050024	NOMBRE D ´ALLOTJAMENTS TURÍSTICS PER PARRÒQUIA I TIPUS. APARTHOTEL. ORDINO	2023	3
199	NOMBRE D ´ALLOTJAMENTS TURÍSTICS PER PARRÒQUIA I TIPUS	0205060200050024	NOMBRE D ´ALLOTJAMENTS TURÍSTICS PER PARRÒQUIA I TIPUS. APARTHOTEL. ORDINO	2024	3
199	NOMBRE D ´ALLOTJAMENTS TURÍSTICS PER PARRÒQUIA I TIPUS	0205060200050024	NOMBRE D ´ALLOTJAMENTS TURÍSTICS PER PARRÒQUIA I TIPUS. APARTHOTEL. ORDINO	2025	3
199	NOMBRE D ´ALLOTJAMENTS TURÍSTICS PER PARRÒQUIA I TIPUS	0205060200050025	NOMBRE D ´ALLOTJAMENTS TURÍSTICS PER PARRÒQUIA I TIPUS. APARTHOTEL. LA MASSANA	2004	4
199	NOMBRE D ´ALLOTJAMENTS TURÍSTICS PER PARRÒQUIA I TIPUS	0205060200050025	NOMBRE D ´ALLOTJAMENTS TURÍSTICS PER PARRÒQUIA I TIPUS. APARTHOTEL. LA MASSANA	2005	4
199	NOMBRE D ´ALLOTJAMENTS TURÍSTICS PER PARRÒQUIA I TIPUS	0205060200050025	NOMBRE D ´ALLOTJAMENTS TURÍSTICS PER PARRÒQUIA I TIPUS. APARTHOTEL. LA MASSANA	2006	4
199	NOMBRE D ´ALLOTJAMENTS TURÍSTICS PER PARRÒQUIA I TIPUS	0205060200050025	NOMBRE D ´ALLOTJAMENTS TURÍSTICS PER PARRÒQUIA I TIPUS. APARTHOTEL. LA MASSANA	2007	4
199	NOMBRE D ´ALLOTJAMENTS TURÍSTICS PER PARRÒQUIA I TIPUS	0205060200050025	NOMBRE D ´ALLOTJAMENTS TURÍSTICS PER PARRÒQUIA I TIPUS. APARTHOTEL. LA MASSANA	2008	4
199	NOMBRE D ´ALLOTJAMENTS TURÍSTICS PER PARRÒQUIA I TIPUS	0205060200050025	NOMBRE D ´ALLOTJAMENTS TURÍSTICS PER PARRÒQUIA I TIPUS. APARTHOTEL. LA MASSANA	2009	4
199	NOMBRE D ´ALLOTJAMENTS TURÍSTICS PER PARRÒQUIA I TIPUS	0205060200050025	NOMBRE D ´ALLOTJAMENTS TURÍSTICS PER PARRÒQUIA I TIPUS. APARTHOTEL. LA MASSANA	2010	4
199	NOMBRE D ´ALLOTJAMENTS TURÍSTICS PER PARRÒQUIA I TIPUS	0205060200050025	NOMBRE D ´ALLOTJAMENTS TURÍSTICS PER PARRÒQUIA I TIPUS. APARTHOTEL. LA MASSANA	2011	4
199	NOMBRE D ´ALLOTJAMENTS TURÍSTICS PER PARRÒQUIA I TIPUS	0205060200050025	NOMBRE D ´ALLOTJAMENTS TURÍSTICS PER PARRÒQUIA I TIPUS. APARTHOTEL. LA MASSANA	2012	3
199	NOMBRE D ´ALLOTJAMENTS TURÍSTICS PER PARRÒQUIA I TIPUS	0205060200050025	NOMBRE D ´ALLOTJAMENTS TURÍSTICS PER PARRÒQUIA I TIPUS. APARTHOTEL. LA MASSANA	2013	2
199	NOMBRE D ´ALLOTJAMENTS TURÍSTICS PER PARRÒQUIA I TIPUS	0205060200050025	NOMBRE D ´ALLOTJAMENTS TURÍSTICS PER PARRÒQUIA I TIPUS. APARTHOTEL. LA MASSANA	2014	3
199	NOMBRE D ´ALLOTJAMENTS TURÍSTICS PER PARRÒQUIA I TIPUS	0205060200050025	NOMBRE D ´ALLOTJAMENTS TURÍSTICS PER PARRÒQUIA I TIPUS. APARTHOTEL. LA MASSANA	2015	3
199	NOMBRE D ´ALLOTJAMENTS TURÍSTICS PER PARRÒQUIA I TIPUS	0205060200050025	NOMBRE D ´ALLOTJAMENTS TURÍSTICS PER PARRÒQUIA I TIPUS. APARTHOTEL. LA MASSANA	2016	3
199	NOMBRE D ´ALLOTJAMENTS TURÍSTICS PER PARRÒQUIA I TIPUS	0205060200050025	NOMBRE D ´ALLOTJAMENTS TURÍSTICS PER PARRÒQUIA I TIPUS. APARTHOTEL. LA MASSANA	2017	2
199	NOMBRE D ´ALLOTJAMENTS TURÍSTICS PER PARRÒQUIA I TIPUS	0205060200050025	NOMBRE D ´ALLOTJAMENTS TURÍSTICS PER PARRÒQUIA I TIPUS. APARTHOTEL. LA MASSANA	2018	2
199	NOMBRE D ´ALLOTJAMENTS TURÍSTICS PER PARRÒQUIA I TIPUS	0205060200050025	NOMBRE D ´ALLOTJAMENTS TURÍSTICS PER PARRÒQUIA I TIPUS. APARTHOTEL. LA MASSANA	2019	2
199	NOMBRE D ´ALLOTJAMENTS TURÍSTICS PER PARRÒQUIA I TIPUS	0205060200050025	NOMBRE D ´ALLOTJAMENTS TURÍSTICS PER PARRÒQUIA I TIPUS. APARTHOTEL. LA MASSANA	2020	2
199	NOMBRE D ´ALLOTJAMENTS TURÍSTICS PER PARRÒQUIA I TIPUS	0205060200050025	NOMBRE D ´ALLOTJAMENTS TURÍSTICS PER PARRÒQUIA I TIPUS. APARTHOTEL. LA MASSANA	2021	2
199	NOMBRE D ´ALLOTJAMENTS TURÍSTICS PER PARRÒQUIA I TIPUS	0205060200050025	NOMBRE D ´ALLOTJAMENTS TURÍSTICS PER PARRÒQUIA I TIPUS. APARTHOTEL. LA MASSANA	2022	2
199	NOMBRE D ´ALLOTJAMENTS TURÍSTICS PER PARRÒQUIA I TIPUS	0205060200050025	NOMBRE D ´ALLOTJAMENTS TURÍSTICS PER PARRÒQUIA I TIPUS. APARTHOTEL. LA MASSANA	2023	2
199	NOMBRE D ´ALLOTJAMENTS TURÍSTICS PER PARRÒQUIA I TIPUS	0205060200050025	NOMBRE D ´ALLOTJAMENTS TURÍSTICS PER PARRÒQUIA I TIPUS. APARTHOTEL. LA MASSANA	2024	2
199	NOMBRE D ´ALLOTJAMENTS TURÍSTICS PER PARRÒQUIA I TIPUS	0205060200050025	NOMBRE D ´ALLOTJAMENTS TURÍSTICS PER PARRÒQUIA I TIPUS. APARTHOTEL. LA MASSANA	2025	2
199	NOMBRE D ´ALLOTJAMENTS TURÍSTICS PER PARRÒQUIA I TIPUS	0205060200050026	NOMBRE D ´ALLOTJAMENTS TURÍSTICS PER PARRÒQUIA I TIPUS. APARTHOTEL. ANDORRA LA VELLA	2004	1
199	NOMBRE D ´ALLOTJAMENTS TURÍSTICS PER PARRÒQUIA I TIPUS	0205060200050026	NOMBRE D ´ALLOTJAMENTS TURÍSTICS PER PARRÒQUIA I TIPUS. APARTHOTEL. ANDORRA LA VELLA	2005	1
199	NOMBRE D ´ALLOTJAMENTS TURÍSTICS PER PARRÒQUIA I TIPUS	0205060200050026	NOMBRE D ´ALLOTJAMENTS TURÍSTICS PER PARRÒQUIA I TIPUS. APARTHOTEL. ANDORRA LA VELLA	2006	1
199	NOMBRE D ´ALLOTJAMENTS TURÍSTICS PER PARRÒQUIA I TIPUS	0205060200050026	NOMBRE D ´ALLOTJAMENTS TURÍSTICS PER PARRÒQUIA I TIPUS. APARTHOTEL. ANDORRA LA VELLA	2007	1
199	NOMBRE D ´ALLOTJAMENTS TURÍSTICS PER PARRÒQUIA I TIPUS	0205060200050026	NOMBRE D ´ALLOTJAMENTS TURÍSTICS PER PARRÒQUIA I TIPUS. APARTHOTEL. ANDORRA LA VELLA	2008	1
199	NOMBRE D ´ALLOTJAMENTS TURÍSTICS PER PARRÒQUIA I TIPUS	0205060200050026	NOMBRE D ´ALLOTJAMENTS TURÍSTICS PER PARRÒQUIA I TIPUS. APARTHOTEL. ANDORRA LA VELLA	2009	1
199	NOMBRE D ´ALLOTJAMENTS TURÍSTICS PER PARRÒQUIA I TIPUS	0205060200050026	NOMBRE D ´ALLOTJAMENTS TURÍSTICS PER PARRÒQUIA I TIPUS. APARTHOTEL. ANDORRA LA VELLA	2010	1
199	NOMBRE D ´ALLOTJAMENTS TURÍSTICS PER PARRÒQUIA I TIPUS	0205060200050026	NOMBRE D ´ALLOTJAMENTS TURÍSTICS PER PARRÒQUIA I TIPUS. APARTHOTEL. ANDORRA LA VELLA	2011	1
199	NOMBRE D ´ALLOTJAMENTS TURÍSTICS PER PARRÒQUIA I TIPUS	0205060200050026	NOMBRE D ´ALLOTJAMENTS TURÍSTICS PER PARRÒQUIA I TIPUS. APARTHOTEL. ANDORRA LA VELLA	2012	1
199	NOMBRE D ´ALLOTJAMENTS TURÍSTICS PER PARRÒQUIA I TIPUS	0205060200050026	NOMBRE D ´ALLOTJAMENTS TURÍSTICS PER PARRÒQUIA I TIPUS. APARTHOTEL. ANDORRA LA VELLA	2013	1
199	NOMBRE D ´ALLOTJAMENTS TURÍSTICS PER PARRÒQUIA I TIPUS	0205060200050026	NOMBRE D ´ALLOTJAMENTS TURÍSTICS PER PARRÒQUIA I TIPUS. APARTHOTEL. ANDORRA LA VELLA	2014	1
199	NOMBRE D ´ALLOTJAMENTS TURÍSTICS PER PARRÒQUIA I TIPUS	0205060200050026	NOMBRE D ´ALLOTJAMENTS TURÍSTICS PER PARRÒQUIA I TIPUS. APARTHOTEL. ANDORRA LA VELLA	2015	1
199	NOMBRE D ´ALLOTJAMENTS TURÍSTICS PER PARRÒQUIA I TIPUS	0205060200050026	NOMBRE D ´ALLOTJAMENTS TURÍSTICS PER PARRÒQUIA I TIPUS. APARTHOTEL. ANDORRA LA VELLA	2016	1
199	NOMBRE D ´ALLOTJAMENTS TURÍSTICS PER PARRÒQUIA I TIPUS	0205060200050026	NOMBRE D ´ALLOTJAMENTS TURÍSTICS PER PARRÒQUIA I TIPUS. APARTHOTEL. ANDORRA LA VELLA	2017	1
199	NOMBRE D ´ALLOTJAMENTS TURÍSTICS PER PARRÒQUIA I TIPUS	0205060200050026	NOMBRE D ´ALLOTJAMENTS TURÍSTICS PER PARRÒQUIA I TIPUS. APARTHOTEL. ANDORRA LA VELLA	2018	1
199	NOMBRE D ´ALLOTJAMENTS TURÍSTICS PER PARRÒQUIA I TIPUS	0205060200050026	NOMBRE D ´ALLOTJAMENTS TURÍSTICS PER PARRÒQUIA I TIPUS. APARTHOTEL. ANDORRA LA VELLA	2019	1
199	NOMBRE D ´ALLOTJAMENTS TURÍSTICS PER PARRÒQUIA I TIPUS	0205060200050026	NOMBRE D ´ALLOTJAMENTS TURÍSTICS PER PARRÒQUIA I TIPUS. APARTHOTEL. ANDORRA LA VELLA	2020	1
199	NOMBRE D ´ALLOTJAMENTS TURÍSTICS PER PARRÒQUIA I TIPUS	0205060200050026	NOMBRE D ´ALLOTJAMENTS TURÍSTICS PER PARRÒQUIA I TIPUS. APARTHOTEL. ANDORRA LA VELLA	2021	2
199	NOMBRE D ´ALLOTJAMENTS TURÍSTICS PER PARRÒQUIA I TIPUS	0205060200050026	NOMBRE D ´ALLOTJAMENTS TURÍSTICS PER PARRÒQUIA I TIPUS. APARTHOTEL. ANDORRA LA VELLA	2022	2
199	NOMBRE D ´ALLOTJAMENTS TURÍSTICS PER PARRÒQUIA I TIPUS	0205060200050026	NOMBRE D ´ALLOTJAMENTS TURÍSTICS PER PARRÒQUIA I TIPUS. APARTHOTEL. ANDORRA LA VELLA	2023	2
199	NOMBRE D ´ALLOTJAMENTS TURÍSTICS PER PARRÒQUIA I TIPUS	0205060200050026	NOMBRE D ´ALLOTJAMENTS TURÍSTICS PER PARRÒQUIA I TIPUS. APARTHOTEL. ANDORRA LA VELLA	2024	2
199	NOMBRE D ´ALLOTJAMENTS TURÍSTICS PER PARRÒQUIA I TIPUS	0205060200050026	NOMBRE D ´ALLOTJAMENTS TURÍSTICS PER PARRÒQUIA I TIPUS. APARTHOTEL. ANDORRA LA VELLA	2025	2
199	NOMBRE D ´ALLOTJAMENTS TURÍSTICS PER PARRÒQUIA I TIPUS	0205060200050027	NOMBRE D ´ALLOTJAMENTS TURÍSTICS PER PARRÒQUIA I TIPUS. APARTHOTEL. SANT JULIÀ DE LÒRIA	2004	0
199	NOMBRE D ´ALLOTJAMENTS TURÍSTICS PER PARRÒQUIA I TIPUS	0205060200050027	NOMBRE D ´ALLOTJAMENTS TURÍSTICS PER PARRÒQUIA I TIPUS. APARTHOTEL. SANT JULIÀ DE LÒRIA	2005	0
199	NOMBRE D ´ALLOTJAMENTS TURÍSTICS PER PARRÒQUIA I TIPUS	0205060200050027	NOMBRE D ´ALLOTJAMENTS TURÍSTICS PER PARRÒQUIA I TIPUS. APARTHOTEL. SANT JULIÀ DE LÒRIA	2006	0
199	NOMBRE D ´ALLOTJAMENTS TURÍSTICS PER PARRÒQUIA I TIPUS	0205060200050027	NOMBRE D ´ALLOTJAMENTS TURÍSTICS PER PARRÒQUIA I TIPUS. APARTHOTEL. SANT JULIÀ DE LÒRIA	2007	0
199	NOMBRE D ´ALLOTJAMENTS TURÍSTICS PER PARRÒQUIA I TIPUS	0205060200050027	NOMBRE D ´ALLOTJAMENTS TURÍSTICS PER PARRÒQUIA I TIPUS. APARTHOTEL. SANT JULIÀ DE LÒRIA	2008	0
199	NOMBRE D ´ALLOTJAMENTS TURÍSTICS PER PARRÒQUIA I TIPUS	0205060200050027	NOMBRE D ´ALLOTJAMENTS TURÍSTICS PER PARRÒQUIA I TIPUS. APARTHOTEL. SANT JULIÀ DE LÒRIA	2009	0
199	NOMBRE D ´ALLOTJAMENTS TURÍSTICS PER PARRÒQUIA I TIPUS	0205060200050027	NOMBRE D ´ALLOTJAMENTS TURÍSTICS PER PARRÒQUIA I TIPUS. APARTHOTEL. SANT JULIÀ DE LÒRIA	2010	0
199	NOMBRE D ´ALLOTJAMENTS TURÍSTICS PER PARRÒQUIA I TIPUS	0205060200050027	NOMBRE D ´ALLOTJAMENTS TURÍSTICS PER PARRÒQUIA I TIPUS. APARTHOTEL. SANT JULIÀ DE LÒRIA	2011	0
199	NOMBRE D ´ALLOTJAMENTS TURÍSTICS PER PARRÒQUIA I TIPUS	0205060200050027	NOMBRE D ´ALLOTJAMENTS TURÍSTICS PER PARRÒQUIA I TIPUS. APARTHOTEL. SANT JULIÀ DE LÒRIA	2012	0
199	NOMBRE D ´ALLOTJAMENTS TURÍSTICS PER PARRÒQUIA I TIPUS	0205060200050027	NOMBRE D ´ALLOTJAMENTS TURÍSTICS PER PARRÒQUIA I TIPUS. APARTHOTEL. SANT JULIÀ DE LÒRIA	2013	0
199	NOMBRE D ´ALLOTJAMENTS TURÍSTICS PER PARRÒQUIA I TIPUS	0205060200050027	NOMBRE D ´ALLOTJAMENTS TURÍSTICS PER PARRÒQUIA I TIPUS. APARTHOTEL. SANT JULIÀ DE LÒRIA	2014	0
199	NOMBRE D ´ALLOTJAMENTS TURÍSTICS PER PARRÒQUIA I TIPUS	0205060200050027	NOMBRE D ´ALLOTJAMENTS TURÍSTICS PER PARRÒQUIA I TIPUS. APARTHOTEL. SANT JULIÀ DE LÒRIA	2015	0
199	NOMBRE D ´ALLOTJAMENTS TURÍSTICS PER PARRÒQUIA I TIPUS	0205060200050027	NOMBRE D ´ALLOTJAMENTS TURÍSTICS PER PARRÒQUIA I TIPUS. APARTHOTEL. SANT JULIÀ DE LÒRIA	2016	0
199	NOMBRE D ´ALLOTJAMENTS TURÍSTICS PER PARRÒQUIA I TIPUS	0205060200050027	NOMBRE D ´ALLOTJAMENTS TURÍSTICS PER PARRÒQUIA I TIPUS. APARTHOTEL. SANT JULIÀ DE LÒRIA	2017	0
199	NOMBRE D ´ALLOTJAMENTS TURÍSTICS PER PARRÒQUIA I TIPUS	0205060200050027	NOMBRE D ´ALLOTJAMENTS TURÍSTICS PER PARRÒQUIA I TIPUS. APARTHOTEL. SANT JULIÀ DE LÒRIA	2018	0
199	NOMBRE D ´ALLOTJAMENTS TURÍSTICS PER PARRÒQUIA I TIPUS	0205060200050027	NOMBRE D ´ALLOTJAMENTS TURÍSTICS PER PARRÒQUIA I TIPUS. APARTHOTEL. SANT JULIÀ DE LÒRIA	2019	0
199	NOMBRE D ´ALLOTJAMENTS TURÍSTICS PER PARRÒQUIA I TIPUS	0205060200050027	NOMBRE D ´ALLOTJAMENTS TURÍSTICS PER PARRÒQUIA I TIPUS. APARTHOTEL. SANT JULIÀ DE LÒRIA	2020	0
199	NOMBRE D ´ALLOTJAMENTS TURÍSTICS PER PARRÒQUIA I TIPUS	0205060200050027	NOMBRE D ´ALLOTJAMENTS TURÍSTICS PER PARRÒQUIA I TIPUS. APARTHOTEL. SANT JULIÀ DE LÒRIA	2021	0
199	NOMBRE D ´ALLOTJAMENTS TURÍSTICS PER PARRÒQUIA I TIPUS	0205060200050027	NOMBRE D ´ALLOTJAMENTS TURÍSTICS PER PARRÒQUIA I TIPUS. APARTHOTEL. SANT JULIÀ DE LÒRIA	2022	0
199	NOMBRE D ´ALLOTJAMENTS TURÍSTICS PER PARRÒQUIA I TIPUS	0205060200050027	NOMBRE D ´ALLOTJAMENTS TURÍSTICS PER PARRÒQUIA I TIPUS. APARTHOTEL. SANT JULIÀ DE LÒRIA	2023	0
199	NOMBRE D ´ALLOTJAMENTS TURÍSTICS PER PARRÒQUIA I TIPUS	0205060200050027	NOMBRE D ´ALLOTJAMENTS TURÍSTICS PER PARRÒQUIA I TIPUS. APARTHOTEL. SANT JULIÀ DE LÒRIA	2024	0
199	NOMBRE D ´ALLOTJAMENTS TURÍSTICS PER PARRÒQUIA I TIPUS	0205060200050027	NOMBRE D ´ALLOTJAMENTS TURÍSTICS PER PARRÒQUIA I TIPUS. APARTHOTEL. SANT JULIÀ DE LÒRIA	2025	0
199	NOMBRE D ´ALLOTJAMENTS TURÍSTICS PER PARRÒQUIA I TIPUS	0205060200050028	NOMBRE D ´ALLOTJAMENTS TURÍSTICS PER PARRÒQUIA I TIPUS. APARTHOTEL. ESCALDES-ENGORDANY	2004	3
199	NOMBRE D ´ALLOTJAMENTS TURÍSTICS PER PARRÒQUIA I TIPUS	0205060200050028	NOMBRE D ´ALLOTJAMENTS TURÍSTICS PER PARRÒQUIA I TIPUS. APARTHOTEL. ESCALDES-ENGORDANY	2005	3
199	NOMBRE D ´ALLOTJAMENTS TURÍSTICS PER PARRÒQUIA I TIPUS	0205060200050028	NOMBRE D ´ALLOTJAMENTS TURÍSTICS PER PARRÒQUIA I TIPUS. APARTHOTEL. ESCALDES-ENGORDANY	2006	3
199	NOMBRE D ´ALLOTJAMENTS TURÍSTICS PER PARRÒQUIA I TIPUS	0205060200050028	NOMBRE D ´ALLOTJAMENTS TURÍSTICS PER PARRÒQUIA I TIPUS. APARTHOTEL. ESCALDES-ENGORDANY	2007	4
199	NOMBRE D ´ALLOTJAMENTS TURÍSTICS PER PARRÒQUIA I TIPUS	0205060200050028	NOMBRE D ´ALLOTJAMENTS TURÍSTICS PER PARRÒQUIA I TIPUS. APARTHOTEL. ESCALDES-ENGORDANY	2008	4
199	NOMBRE D ´ALLOTJAMENTS TURÍSTICS PER PARRÒQUIA I TIPUS	0205060200050028	NOMBRE D ´ALLOTJAMENTS TURÍSTICS PER PARRÒQUIA I TIPUS. APARTHOTEL. ESCALDES-ENGORDANY	2009	4
199	NOMBRE D ´ALLOTJAMENTS TURÍSTICS PER PARRÒQUIA I TIPUS	0205060200050028	NOMBRE D ´ALLOTJAMENTS TURÍSTICS PER PARRÒQUIA I TIPUS. APARTHOTEL. ESCALDES-ENGORDANY	2010	4
199	NOMBRE D ´ALLOTJAMENTS TURÍSTICS PER PARRÒQUIA I TIPUS	0205060200050028	NOMBRE D ´ALLOTJAMENTS TURÍSTICS PER PARRÒQUIA I TIPUS. APARTHOTEL. ESCALDES-ENGORDANY	2011	4
199	NOMBRE D ´ALLOTJAMENTS TURÍSTICS PER PARRÒQUIA I TIPUS	0205060200050028	NOMBRE D ´ALLOTJAMENTS TURÍSTICS PER PARRÒQUIA I TIPUS. APARTHOTEL. ESCALDES-ENGORDANY	2012	4
199	NOMBRE D ´ALLOTJAMENTS TURÍSTICS PER PARRÒQUIA I TIPUS	0205060200050028	NOMBRE D ´ALLOTJAMENTS TURÍSTICS PER PARRÒQUIA I TIPUS. APARTHOTEL. ESCALDES-ENGORDANY	2013	4
199	NOMBRE D ´ALLOTJAMENTS TURÍSTICS PER PARRÒQUIA I TIPUS	0205060200050028	NOMBRE D ´ALLOTJAMENTS TURÍSTICS PER PARRÒQUIA I TIPUS. APARTHOTEL. ESCALDES-ENGORDANY	2014	4
199	NOMBRE D ´ALLOTJAMENTS TURÍSTICS PER PARRÒQUIA I TIPUS	0205060200050028	NOMBRE D ´ALLOTJAMENTS TURÍSTICS PER PARRÒQUIA I TIPUS. APARTHOTEL. ESCALDES-ENGORDANY	2015	4
199	NOMBRE D ´ALLOTJAMENTS TURÍSTICS PER PARRÒQUIA I TIPUS	0205060200050028	NOMBRE D ´ALLOTJAMENTS TURÍSTICS PER PARRÒQUIA I TIPUS. APARTHOTEL. ESCALDES-ENGORDANY	2016	4
199	NOMBRE D ´ALLOTJAMENTS TURÍSTICS PER PARRÒQUIA I TIPUS	0205060200050028	NOMBRE D ´ALLOTJAMENTS TURÍSTICS PER PARRÒQUIA I TIPUS. APARTHOTEL. ESCALDES-ENGORDANY	2017	4
199	NOMBRE D ´ALLOTJAMENTS TURÍSTICS PER PARRÒQUIA I TIPUS	0205060200050028	NOMBRE D ´ALLOTJAMENTS TURÍSTICS PER PARRÒQUIA I TIPUS. APARTHOTEL. ESCALDES-ENGORDANY	2018	4
199	NOMBRE D ´ALLOTJAMENTS TURÍSTICS PER PARRÒQUIA I TIPUS	0205060200050028	NOMBRE D ´ALLOTJAMENTS TURÍSTICS PER PARRÒQUIA I TIPUS. APARTHOTEL. ESCALDES-ENGORDANY	2019	4
199	NOMBRE D ´ALLOTJAMENTS TURÍSTICS PER PARRÒQUIA I TIPUS	0205060200050028	NOMBRE D ´ALLOTJAMENTS TURÍSTICS PER PARRÒQUIA I TIPUS. APARTHOTEL. ESCALDES-ENGORDANY	2020	4
199	NOMBRE D ´ALLOTJAMENTS TURÍSTICS PER PARRÒQUIA I TIPUS	0205060200050028	NOMBRE D ´ALLOTJAMENTS TURÍSTICS PER PARRÒQUIA I TIPUS. APARTHOTEL. ESCALDES-ENGORDANY	2021	4
199	NOMBRE D ´ALLOTJAMENTS TURÍSTICS PER PARRÒQUIA I TIPUS	0205060200050028	NOMBRE D ´ALLOTJAMENTS TURÍSTICS PER PARRÒQUIA I TIPUS. APARTHOTEL. ESCALDES-ENGORDANY	2022	4
199	NOMBRE D ´ALLOTJAMENTS TURÍSTICS PER PARRÒQUIA I TIPUS	0205060200050028	NOMBRE D ´ALLOTJAMENTS TURÍSTICS PER PARRÒQUIA I TIPUS. APARTHOTEL. ESCALDES-ENGORDANY	2023	3
199	NOMBRE D ´ALLOTJAMENTS TURÍSTICS PER PARRÒQUIA I TIPUS	0205060200050028	NOMBRE D ´ALLOTJAMENTS TURÍSTICS PER PARRÒQUIA I TIPUS. APARTHOTEL. ESCALDES-ENGORDANY	2024	3
199	NOMBRE D ´ALLOTJAMENTS TURÍSTICS PER PARRÒQUIA I TIPUS	0205060200050028	NOMBRE D ´ALLOTJAMENTS TURÍSTICS PER PARRÒQUIA I TIPUS. APARTHOTEL. ESCALDES-ENGORDANY	2025	3
199	NOMBRE D ´ALLOTJAMENTS TURÍSTICS PER PARRÒQUIA I TIPUS	0205060200050029	NOMBRE D ´ALLOTJAMENTS TURÍSTICS PER PARRÒQUIA I TIPUS. APARTAMENT TURÍSTIC. CANILLO	2004	11
199	NOMBRE D ´ALLOTJAMENTS TURÍSTICS PER PARRÒQUIA I TIPUS	0205060200050029	NOMBRE D ´ALLOTJAMENTS TURÍSTICS PER PARRÒQUIA I TIPUS. APARTAMENT TURÍSTIC. CANILLO	2005	11
199	NOMBRE D ´ALLOTJAMENTS TURÍSTICS PER PARRÒQUIA I TIPUS	0205060200050029	NOMBRE D ´ALLOTJAMENTS TURÍSTICS PER PARRÒQUIA I TIPUS. APARTAMENT TURÍSTIC. CANILLO	2006	3
199	NOMBRE D ´ALLOTJAMENTS TURÍSTICS PER PARRÒQUIA I TIPUS	0205060200050029	NOMBRE D ´ALLOTJAMENTS TURÍSTICS PER PARRÒQUIA I TIPUS. APARTAMENT TURÍSTIC. CANILLO	2007	7
199	NOMBRE D ´ALLOTJAMENTS TURÍSTICS PER PARRÒQUIA I TIPUS	0205060200050029	NOMBRE D ´ALLOTJAMENTS TURÍSTICS PER PARRÒQUIA I TIPUS. APARTAMENT TURÍSTIC. CANILLO	2008	9
199	NOMBRE D ´ALLOTJAMENTS TURÍSTICS PER PARRÒQUIA I TIPUS	0205060200050029	NOMBRE D ´ALLOTJAMENTS TURÍSTICS PER PARRÒQUIA I TIPUS. APARTAMENT TURÍSTIC. CANILLO	2009	10
199	NOMBRE D ´ALLOTJAMENTS TURÍSTICS PER PARRÒQUIA I TIPUS	0205060200050029	NOMBRE D ´ALLOTJAMENTS TURÍSTICS PER PARRÒQUIA I TIPUS. APARTAMENT TURÍSTIC. CANILLO	2010	12
199	NOMBRE D ´ALLOTJAMENTS TURÍSTICS PER PARRÒQUIA I TIPUS	0205060200050029	NOMBRE D ´ALLOTJAMENTS TURÍSTICS PER PARRÒQUIA I TIPUS. APARTAMENT TURÍSTIC. CANILLO	2011	12
199	NOMBRE D ´ALLOTJAMENTS TURÍSTICS PER PARRÒQUIA I TIPUS	0205060200050029	NOMBRE D ´ALLOTJAMENTS TURÍSTICS PER PARRÒQUIA I TIPUS. APARTAMENT TURÍSTIC. CANILLO	2012	12
199	NOMBRE D ´ALLOTJAMENTS TURÍSTICS PER PARRÒQUIA I TIPUS	0205060200050029	NOMBRE D ´ALLOTJAMENTS TURÍSTICS PER PARRÒQUIA I TIPUS. APARTAMENT TURÍSTIC. CANILLO	2013	11
199	NOMBRE D ´ALLOTJAMENTS TURÍSTICS PER PARRÒQUIA I TIPUS	0205060200050029	NOMBRE D ´ALLOTJAMENTS TURÍSTICS PER PARRÒQUIA I TIPUS. APARTAMENT TURÍSTIC. CANILLO	2014	11
199	NOMBRE D ´ALLOTJAMENTS TURÍSTICS PER PARRÒQUIA I TIPUS	0205060200050029	NOMBRE D ´ALLOTJAMENTS TURÍSTICS PER PARRÒQUIA I TIPUS. APARTAMENT TURÍSTIC. CANILLO	2015	12
199	NOMBRE D ´ALLOTJAMENTS TURÍSTICS PER PARRÒQUIA I TIPUS	0205060200050029	NOMBRE D ´ALLOTJAMENTS TURÍSTICS PER PARRÒQUIA I TIPUS. APARTAMENT TURÍSTIC. CANILLO	2016	12
199	NOMBRE D ´ALLOTJAMENTS TURÍSTICS PER PARRÒQUIA I TIPUS	0205060200050029	NOMBRE D ´ALLOTJAMENTS TURÍSTICS PER PARRÒQUIA I TIPUS. APARTAMENT TURÍSTIC. CANILLO	2017	12
199	NOMBRE D ´ALLOTJAMENTS TURÍSTICS PER PARRÒQUIA I TIPUS	0205060200050029	NOMBRE D ´ALLOTJAMENTS TURÍSTICS PER PARRÒQUIA I TIPUS. APARTAMENT TURÍSTIC. CANILLO	2018	12
199	NOMBRE D ´ALLOTJAMENTS TURÍSTICS PER PARRÒQUIA I TIPUS	0205060200050029	NOMBRE D ´ALLOTJAMENTS TURÍSTICS PER PARRÒQUIA I TIPUS. APARTAMENT TURÍSTIC. CANILLO	2019	12
199	NOMBRE D ´ALLOTJAMENTS TURÍSTICS PER PARRÒQUIA I TIPUS	0205060200050029	NOMBRE D ´ALLOTJAMENTS TURÍSTICS PER PARRÒQUIA I TIPUS. APARTAMENT TURÍSTIC. CANILLO	2020	10
199	NOMBRE D ´ALLOTJAMENTS TURÍSTICS PER PARRÒQUIA I TIPUS	0205060200050029	NOMBRE D ´ALLOTJAMENTS TURÍSTICS PER PARRÒQUIA I TIPUS. APARTAMENT TURÍSTIC. CANILLO	2021	10
199	NOMBRE D ´ALLOTJAMENTS TURÍSTICS PER PARRÒQUIA I TIPUS	0205060200050029	NOMBRE D ´ALLOTJAMENTS TURÍSTICS PER PARRÒQUIA I TIPUS. APARTAMENT TURÍSTIC. CANILLO	2022	10
199	NOMBRE D ´ALLOTJAMENTS TURÍSTICS PER PARRÒQUIA I TIPUS	0205060200050029	NOMBRE D ´ALLOTJAMENTS TURÍSTICS PER PARRÒQUIA I TIPUS. APARTAMENT TURÍSTIC. CANILLO	2023	9
199	NOMBRE D ´ALLOTJAMENTS TURÍSTICS PER PARRÒQUIA I TIPUS	0205060200050029	NOMBRE D ´ALLOTJAMENTS TURÍSTICS PER PARRÒQUIA I TIPUS. APARTAMENT TURÍSTIC. CANILLO	2024	9
199	NOMBRE D ´ALLOTJAMENTS TURÍSTICS PER PARRÒQUIA I TIPUS	0205060200050029	NOMBRE D ´ALLOTJAMENTS TURÍSTICS PER PARRÒQUIA I TIPUS. APARTAMENT TURÍSTIC. CANILLO	2025	9
199	NOMBRE D ´ALLOTJAMENTS TURÍSTICS PER PARRÒQUIA I TIPUS	0205060200050030	NOMBRE D ´ALLOTJAMENTS TURÍSTICS PER PARRÒQUIA I TIPUS. APARTAMENT TURÍSTIC. ENCAMP	2004	16
199	NOMBRE D ´ALLOTJAMENTS TURÍSTICS PER PARRÒQUIA I TIPUS	0205060200050030	NOMBRE D ´ALLOTJAMENTS TURÍSTICS PER PARRÒQUIA I TIPUS. APARTAMENT TURÍSTIC. ENCAMP	2005	16
199	NOMBRE D ´ALLOTJAMENTS TURÍSTICS PER PARRÒQUIA I TIPUS	0205060200050030	NOMBRE D ´ALLOTJAMENTS TURÍSTICS PER PARRÒQUIA I TIPUS. APARTAMENT TURÍSTIC. ENCAMP	2006	1
199	NOMBRE D ´ALLOTJAMENTS TURÍSTICS PER PARRÒQUIA I TIPUS	0205060200050030	NOMBRE D ´ALLOTJAMENTS TURÍSTICS PER PARRÒQUIA I TIPUS. APARTAMENT TURÍSTIC. ENCAMP	2007	2
199	NOMBRE D ´ALLOTJAMENTS TURÍSTICS PER PARRÒQUIA I TIPUS	0205060200050030	NOMBRE D ´ALLOTJAMENTS TURÍSTICS PER PARRÒQUIA I TIPUS. APARTAMENT TURÍSTIC. ENCAMP	2008	4
199	NOMBRE D ´ALLOTJAMENTS TURÍSTICS PER PARRÒQUIA I TIPUS	0205060200050030	NOMBRE D ´ALLOTJAMENTS TURÍSTICS PER PARRÒQUIA I TIPUS. APARTAMENT TURÍSTIC. ENCAMP	2009	5
199	NOMBRE D ´ALLOTJAMENTS TURÍSTICS PER PARRÒQUIA I TIPUS	0205060200050030	NOMBRE D ´ALLOTJAMENTS TURÍSTICS PER PARRÒQUIA I TIPUS. APARTAMENT TURÍSTIC. ENCAMP	2010	4
199	NOMBRE D ´ALLOTJAMENTS TURÍSTICS PER PARRÒQUIA I TIPUS	0205060200050030	NOMBRE D ´ALLOTJAMENTS TURÍSTICS PER PARRÒQUIA I TIPUS. APARTAMENT TURÍSTIC. ENCAMP	2011	3
199	NOMBRE D ´ALLOTJAMENTS TURÍSTICS PER PARRÒQUIA I TIPUS	0205060200050030	NOMBRE D ´ALLOTJAMENTS TURÍSTICS PER PARRÒQUIA I TIPUS. APARTAMENT TURÍSTIC. ENCAMP	2012	3
199	NOMBRE D ´ALLOTJAMENTS TURÍSTICS PER PARRÒQUIA I TIPUS	0205060200050030	NOMBRE D ´ALLOTJAMENTS TURÍSTICS PER PARRÒQUIA I TIPUS. APARTAMENT TURÍSTIC. ENCAMP	2013	3
199	NOMBRE D ´ALLOTJAMENTS TURÍSTICS PER PARRÒQUIA I TIPUS	0205060200050030	NOMBRE D ´ALLOTJAMENTS TURÍSTICS PER PARRÒQUIA I TIPUS. APARTAMENT TURÍSTIC. ENCAMP	2014	4
199	NOMBRE D ´ALLOTJAMENTS TURÍSTICS PER PARRÒQUIA I TIPUS	0205060200050030	NOMBRE D ´ALLOTJAMENTS TURÍSTICS PER PARRÒQUIA I TIPUS. APARTAMENT TURÍSTIC. ENCAMP	2015	4
199	NOMBRE D ´ALLOTJAMENTS TURÍSTICS PER PARRÒQUIA I TIPUS	0205060200050030	NOMBRE D ´ALLOTJAMENTS TURÍSTICS PER PARRÒQUIA I TIPUS. APARTAMENT TURÍSTIC. ENCAMP	2016	3
199	NOMBRE D ´ALLOTJAMENTS TURÍSTICS PER PARRÒQUIA I TIPUS	0205060200050030	NOMBRE D ´ALLOTJAMENTS TURÍSTICS PER PARRÒQUIA I TIPUS. APARTAMENT TURÍSTIC. ENCAMP	2017	2
199	NOMBRE D ´ALLOTJAMENTS TURÍSTICS PER PARRÒQUIA I TIPUS	0205060200050030	NOMBRE D ´ALLOTJAMENTS TURÍSTICS PER PARRÒQUIA I TIPUS. APARTAMENT TURÍSTIC. ENCAMP	2018	2
199	NOMBRE D ´ALLOTJAMENTS TURÍSTICS PER PARRÒQUIA I TIPUS	0205060200050030	NOMBRE D ´ALLOTJAMENTS TURÍSTICS PER PARRÒQUIA I TIPUS. APARTAMENT TURÍSTIC. ENCAMP	2019	2
199	NOMBRE D ´ALLOTJAMENTS TURÍSTICS PER PARRÒQUIA I TIPUS	0205060200050030	NOMBRE D ´ALLOTJAMENTS TURÍSTICS PER PARRÒQUIA I TIPUS. APARTAMENT TURÍSTIC. ENCAMP	2020	2
199	NOMBRE D ´ALLOTJAMENTS TURÍSTICS PER PARRÒQUIA I TIPUS	0205060200050030	NOMBRE D ´ALLOTJAMENTS TURÍSTICS PER PARRÒQUIA I TIPUS. APARTAMENT TURÍSTIC. ENCAMP	2021	2
199	NOMBRE D ´ALLOTJAMENTS TURÍSTICS PER PARRÒQUIA I TIPUS	0205060200050030	NOMBRE D ´ALLOTJAMENTS TURÍSTICS PER PARRÒQUIA I TIPUS. APARTAMENT TURÍSTIC. ENCAMP	2022	3
199	NOMBRE D ´ALLOTJAMENTS TURÍSTICS PER PARRÒQUIA I TIPUS	0205060200050030	NOMBRE D ´ALLOTJAMENTS TURÍSTICS PER PARRÒQUIA I TIPUS. APARTAMENT TURÍSTIC. ENCAMP	2023	4
199	NOMBRE D ´ALLOTJAMENTS TURÍSTICS PER PARRÒQUIA I TIPUS	0205060200050030	NOMBRE D ´ALLOTJAMENTS TURÍSTICS PER PARRÒQUIA I TIPUS. APARTAMENT TURÍSTIC. ENCAMP	2024	6
199	NOMBRE D ´ALLOTJAMENTS TURÍSTICS PER PARRÒQUIA I TIPUS	0205060200050030	NOMBRE D ´ALLOTJAMENTS TURÍSTICS PER PARRÒQUIA I TIPUS. APARTAMENT TURÍSTIC. ENCAMP	2025	6
199	NOMBRE D ´ALLOTJAMENTS TURÍSTICS PER PARRÒQUIA I TIPUS	0205060200050031	NOMBRE D ´ALLOTJAMENTS TURÍSTICS PER PARRÒQUIA I TIPUS. APARTAMENT TURÍSTIC. ORDINO	2004	2
199	NOMBRE D ´ALLOTJAMENTS TURÍSTICS PER PARRÒQUIA I TIPUS	0205060200050031	NOMBRE D ´ALLOTJAMENTS TURÍSTICS PER PARRÒQUIA I TIPUS. APARTAMENT TURÍSTIC. ORDINO	2005	2
199	NOMBRE D ´ALLOTJAMENTS TURÍSTICS PER PARRÒQUIA I TIPUS	0205060200050031	NOMBRE D ´ALLOTJAMENTS TURÍSTICS PER PARRÒQUIA I TIPUS. APARTAMENT TURÍSTIC. ORDINO	2006	2
199	NOMBRE D ´ALLOTJAMENTS TURÍSTICS PER PARRÒQUIA I TIPUS	0205060200050031	NOMBRE D ´ALLOTJAMENTS TURÍSTICS PER PARRÒQUIA I TIPUS. APARTAMENT TURÍSTIC. ORDINO	2007	5
199	NOMBRE D ´ALLOTJAMENTS TURÍSTICS PER PARRÒQUIA I TIPUS	0205060200050031	NOMBRE D ´ALLOTJAMENTS TURÍSTICS PER PARRÒQUIA I TIPUS. APARTAMENT TURÍSTIC. ORDINO	2008	6
199	NOMBRE D ´ALLOTJAMENTS TURÍSTICS PER PARRÒQUIA I TIPUS	0205060200050031	NOMBRE D ´ALLOTJAMENTS TURÍSTICS PER PARRÒQUIA I TIPUS. APARTAMENT TURÍSTIC. ORDINO	2009	7
199	NOMBRE D ´ALLOTJAMENTS TURÍSTICS PER PARRÒQUIA I TIPUS	0205060200050031	NOMBRE D ´ALLOTJAMENTS TURÍSTICS PER PARRÒQUIA I TIPUS. APARTAMENT TURÍSTIC. ORDINO	2010	8
199	NOMBRE D ´ALLOTJAMENTS TURÍSTICS PER PARRÒQUIA I TIPUS	0205060200050031	NOMBRE D ´ALLOTJAMENTS TURÍSTICS PER PARRÒQUIA I TIPUS. APARTAMENT TURÍSTIC. ORDINO	2011	8
199	NOMBRE D ´ALLOTJAMENTS TURÍSTICS PER PARRÒQUIA I TIPUS	0205060200050031	NOMBRE D ´ALLOTJAMENTS TURÍSTICS PER PARRÒQUIA I TIPUS. APARTAMENT TURÍSTIC. ORDINO	2012	8
199	NOMBRE D ´ALLOTJAMENTS TURÍSTICS PER PARRÒQUIA I TIPUS	0205060200050031	NOMBRE D ´ALLOTJAMENTS TURÍSTICS PER PARRÒQUIA I TIPUS. APARTAMENT TURÍSTIC. ORDINO	2013	8
199	NOMBRE D ´ALLOTJAMENTS TURÍSTICS PER PARRÒQUIA I TIPUS	0205060200050031	NOMBRE D ´ALLOTJAMENTS TURÍSTICS PER PARRÒQUIA I TIPUS. APARTAMENT TURÍSTIC. ORDINO	2014	7
199	NOMBRE D ´ALLOTJAMENTS TURÍSTICS PER PARRÒQUIA I TIPUS	0205060200050031	NOMBRE D ´ALLOTJAMENTS TURÍSTICS PER PARRÒQUIA I TIPUS. APARTAMENT TURÍSTIC. ORDINO	2015	7
199	NOMBRE D ´ALLOTJAMENTS TURÍSTICS PER PARRÒQUIA I TIPUS	0205060200050031	NOMBRE D ´ALLOTJAMENTS TURÍSTICS PER PARRÒQUIA I TIPUS. APARTAMENT TURÍSTIC. ORDINO	2016	7
199	NOMBRE D ´ALLOTJAMENTS TURÍSTICS PER PARRÒQUIA I TIPUS	0205060200050031	NOMBRE D ´ALLOTJAMENTS TURÍSTICS PER PARRÒQUIA I TIPUS. APARTAMENT TURÍSTIC. ORDINO	2017	7
199	NOMBRE D ´ALLOTJAMENTS TURÍSTICS PER PARRÒQUIA I TIPUS	0205060200050031	NOMBRE D ´ALLOTJAMENTS TURÍSTICS PER PARRÒQUIA I TIPUS. APARTAMENT TURÍSTIC. ORDINO	2018	7
199	NOMBRE D ´ALLOTJAMENTS TURÍSTICS PER PARRÒQUIA I TIPUS	0205060200050031	NOMBRE D ´ALLOTJAMENTS TURÍSTICS PER PARRÒQUIA I TIPUS. APARTAMENT TURÍSTIC. ORDINO	2019	6
199	NOMBRE D ´ALLOTJAMENTS TURÍSTICS PER PARRÒQUIA I TIPUS	0205060200050031	NOMBRE D ´ALLOTJAMENTS TURÍSTICS PER PARRÒQUIA I TIPUS. APARTAMENT TURÍSTIC. ORDINO	2020	5
199	NOMBRE D ´ALLOTJAMENTS TURÍSTICS PER PARRÒQUIA I TIPUS	0205060200050031	NOMBRE D ´ALLOTJAMENTS TURÍSTICS PER PARRÒQUIA I TIPUS. APARTAMENT TURÍSTIC. ORDINO	2021	6
199	NOMBRE D ´ALLOTJAMENTS TURÍSTICS PER PARRÒQUIA I TIPUS	0205060200050031	NOMBRE D ´ALLOTJAMENTS TURÍSTICS PER PARRÒQUIA I TIPUS. APARTAMENT TURÍSTIC. ORDINO	2022	6
199	NOMBRE D ´ALLOTJAMENTS TURÍSTICS PER PARRÒQUIA I TIPUS	0205060200050031	NOMBRE D ´ALLOTJAMENTS TURÍSTICS PER PARRÒQUIA I TIPUS. APARTAMENT TURÍSTIC. ORDINO	2023	5
199	NOMBRE D ´ALLOTJAMENTS TURÍSTICS PER PARRÒQUIA I TIPUS	0205060200050031	NOMBRE D ´ALLOTJAMENTS TURÍSTICS PER PARRÒQUIA I TIPUS. APARTAMENT TURÍSTIC. ORDINO	2024	6
199	NOMBRE D ´ALLOTJAMENTS TURÍSTICS PER PARRÒQUIA I TIPUS	0205060200050031	NOMBRE D ´ALLOTJAMENTS TURÍSTICS PER PARRÒQUIA I TIPUS. APARTAMENT TURÍSTIC. ORDINO	2025	6
199	NOMBRE D ´ALLOTJAMENTS TURÍSTICS PER PARRÒQUIA I TIPUS	0205060200050032	NOMBRE D ´ALLOTJAMENTS TURÍSTICS PER PARRÒQUIA I TIPUS. APARTAMENT TURÍSTIC. LA MASSANA	2004	10
199	NOMBRE D ´ALLOTJAMENTS TURÍSTICS PER PARRÒQUIA I TIPUS	0205060200050032	NOMBRE D ´ALLOTJAMENTS TURÍSTICS PER PARRÒQUIA I TIPUS. APARTAMENT TURÍSTIC. LA MASSANA	2005	10
199	NOMBRE D ´ALLOTJAMENTS TURÍSTICS PER PARRÒQUIA I TIPUS	0205060200050032	NOMBRE D ´ALLOTJAMENTS TURÍSTICS PER PARRÒQUIA I TIPUS. APARTAMENT TURÍSTIC. LA MASSANA	2006	4
199	NOMBRE D ´ALLOTJAMENTS TURÍSTICS PER PARRÒQUIA I TIPUS	0205060200050032	NOMBRE D ´ALLOTJAMENTS TURÍSTICS PER PARRÒQUIA I TIPUS. APARTAMENT TURÍSTIC. LA MASSANA	2007	4
199	NOMBRE D ´ALLOTJAMENTS TURÍSTICS PER PARRÒQUIA I TIPUS	0205060200050032	NOMBRE D ´ALLOTJAMENTS TURÍSTICS PER PARRÒQUIA I TIPUS. APARTAMENT TURÍSTIC. LA MASSANA	2008	5
199	NOMBRE D ´ALLOTJAMENTS TURÍSTICS PER PARRÒQUIA I TIPUS	0205060200050032	NOMBRE D ´ALLOTJAMENTS TURÍSTICS PER PARRÒQUIA I TIPUS. APARTAMENT TURÍSTIC. LA MASSANA	2009	5
199	NOMBRE D ´ALLOTJAMENTS TURÍSTICS PER PARRÒQUIA I TIPUS	0205060200050032	NOMBRE D ´ALLOTJAMENTS TURÍSTICS PER PARRÒQUIA I TIPUS. APARTAMENT TURÍSTIC. LA MASSANA	2010	5
199	NOMBRE D ´ALLOTJAMENTS TURÍSTICS PER PARRÒQUIA I TIPUS	0205060200050032	NOMBRE D ´ALLOTJAMENTS TURÍSTICS PER PARRÒQUIA I TIPUS. APARTAMENT TURÍSTIC. LA MASSANA	2011	4
199	NOMBRE D ´ALLOTJAMENTS TURÍSTICS PER PARRÒQUIA I TIPUS	0205060200050032	NOMBRE D ´ALLOTJAMENTS TURÍSTICS PER PARRÒQUIA I TIPUS. APARTAMENT TURÍSTIC. LA MASSANA	2012	4
199	NOMBRE D ´ALLOTJAMENTS TURÍSTICS PER PARRÒQUIA I TIPUS	0205060200050032	NOMBRE D ´ALLOTJAMENTS TURÍSTICS PER PARRÒQUIA I TIPUS. APARTAMENT TURÍSTIC. LA MASSANA	2013	5
199	NOMBRE D ´ALLOTJAMENTS TURÍSTICS PER PARRÒQUIA I TIPUS	0205060200050032	NOMBRE D ´ALLOTJAMENTS TURÍSTICS PER PARRÒQUIA I TIPUS. APARTAMENT TURÍSTIC. LA MASSANA	2014	5
199	NOMBRE D ´ALLOTJAMENTS TURÍSTICS PER PARRÒQUIA I TIPUS	0205060200050032	NOMBRE D ´ALLOTJAMENTS TURÍSTICS PER PARRÒQUIA I TIPUS. APARTAMENT TURÍSTIC. LA MASSANA	2015	6
199	NOMBRE D ´ALLOTJAMENTS TURÍSTICS PER PARRÒQUIA I TIPUS	0205060200050032	NOMBRE D ´ALLOTJAMENTS TURÍSTICS PER PARRÒQUIA I TIPUS. APARTAMENT TURÍSTIC. LA MASSANA	2016	6
199	NOMBRE D ´ALLOTJAMENTS TURÍSTICS PER PARRÒQUIA I TIPUS	0205060200050032	NOMBRE D ´ALLOTJAMENTS TURÍSTICS PER PARRÒQUIA I TIPUS. APARTAMENT TURÍSTIC. LA MASSANA	2017	6
199	NOMBRE D ´ALLOTJAMENTS TURÍSTICS PER PARRÒQUIA I TIPUS	0205060200050032	NOMBRE D ´ALLOTJAMENTS TURÍSTICS PER PARRÒQUIA I TIPUS. APARTAMENT TURÍSTIC. LA MASSANA	2018	7
199	NOMBRE D ´ALLOTJAMENTS TURÍSTICS PER PARRÒQUIA I TIPUS	0205060200050032	NOMBRE D ´ALLOTJAMENTS TURÍSTICS PER PARRÒQUIA I TIPUS. APARTAMENT TURÍSTIC. LA MASSANA	2019	6
199	NOMBRE D ´ALLOTJAMENTS TURÍSTICS PER PARRÒQUIA I TIPUS	0205060200050032	NOMBRE D ´ALLOTJAMENTS TURÍSTICS PER PARRÒQUIA I TIPUS. APARTAMENT TURÍSTIC. LA MASSANA	2020	6
199	NOMBRE D ´ALLOTJAMENTS TURÍSTICS PER PARRÒQUIA I TIPUS	0205060200050032	NOMBRE D ´ALLOTJAMENTS TURÍSTICS PER PARRÒQUIA I TIPUS. APARTAMENT TURÍSTIC. LA MASSANA	2021	6
199	NOMBRE D ´ALLOTJAMENTS TURÍSTICS PER PARRÒQUIA I TIPUS	0205060200050032	NOMBRE D ´ALLOTJAMENTS TURÍSTICS PER PARRÒQUIA I TIPUS. APARTAMENT TURÍSTIC. LA MASSANA	2022	6
199	NOMBRE D ´ALLOTJAMENTS TURÍSTICS PER PARRÒQUIA I TIPUS	0205060200050032	NOMBRE D ´ALLOTJAMENTS TURÍSTICS PER PARRÒQUIA I TIPUS. APARTAMENT TURÍSTIC. LA MASSANA	2023	5
199	NOMBRE D ´ALLOTJAMENTS TURÍSTICS PER PARRÒQUIA I TIPUS	0205060200050032	NOMBRE D ´ALLOTJAMENTS TURÍSTICS PER PARRÒQUIA I TIPUS. APARTAMENT TURÍSTIC. LA MASSANA	2024	6
199	NOMBRE D ´ALLOTJAMENTS TURÍSTICS PER PARRÒQUIA I TIPUS	0205060200050032	NOMBRE D ´ALLOTJAMENTS TURÍSTICS PER PARRÒQUIA I TIPUS. APARTAMENT TURÍSTIC. LA MASSANA	2025	6
199	NOMBRE D ´ALLOTJAMENTS TURÍSTICS PER PARRÒQUIA I TIPUS	0205060200050033	NOMBRE D ´ALLOTJAMENTS TURÍSTICS PER PARRÒQUIA I TIPUS. APARTAMENT TURÍSTIC. ANDORRA LA VELLA	2004	2
199	NOMBRE D ´ALLOTJAMENTS TURÍSTICS PER PARRÒQUIA I TIPUS	0205060200050033	NOMBRE D ´ALLOTJAMENTS TURÍSTICS PER PARRÒQUIA I TIPUS. APARTAMENT TURÍSTIC. ANDORRA LA VELLA	2005	2
199	NOMBRE D ´ALLOTJAMENTS TURÍSTICS PER PARRÒQUIA I TIPUS	0205060200050033	NOMBRE D ´ALLOTJAMENTS TURÍSTICS PER PARRÒQUIA I TIPUS. APARTAMENT TURÍSTIC. ANDORRA LA VELLA	2006	0
199	NOMBRE D ´ALLOTJAMENTS TURÍSTICS PER PARRÒQUIA I TIPUS	0205060200050033	NOMBRE D ´ALLOTJAMENTS TURÍSTICS PER PARRÒQUIA I TIPUS. APARTAMENT TURÍSTIC. ANDORRA LA VELLA	2007	0
199	NOMBRE D ´ALLOTJAMENTS TURÍSTICS PER PARRÒQUIA I TIPUS	0205060200050033	NOMBRE D ´ALLOTJAMENTS TURÍSTICS PER PARRÒQUIA I TIPUS. APARTAMENT TURÍSTIC. ANDORRA LA VELLA	2008	0
199	NOMBRE D ´ALLOTJAMENTS TURÍSTICS PER PARRÒQUIA I TIPUS	0205060200050033	NOMBRE D ´ALLOTJAMENTS TURÍSTICS PER PARRÒQUIA I TIPUS. APARTAMENT TURÍSTIC. ANDORRA LA VELLA	2009	0
199	NOMBRE D ´ALLOTJAMENTS TURÍSTICS PER PARRÒQUIA I TIPUS	0205060200050033	NOMBRE D ´ALLOTJAMENTS TURÍSTICS PER PARRÒQUIA I TIPUS. APARTAMENT TURÍSTIC. ANDORRA LA VELLA	2010	0
199	NOMBRE D ´ALLOTJAMENTS TURÍSTICS PER PARRÒQUIA I TIPUS	0205060200050033	NOMBRE D ´ALLOTJAMENTS TURÍSTICS PER PARRÒQUIA I TIPUS. APARTAMENT TURÍSTIC. ANDORRA LA VELLA	2011	0
199	NOMBRE D ´ALLOTJAMENTS TURÍSTICS PER PARRÒQUIA I TIPUS	0205060200050033	NOMBRE D ´ALLOTJAMENTS TURÍSTICS PER PARRÒQUIA I TIPUS. APARTAMENT TURÍSTIC. ANDORRA LA VELLA	2012	0
199	NOMBRE D ´ALLOTJAMENTS TURÍSTICS PER PARRÒQUIA I TIPUS	0205060200050033	NOMBRE D ´ALLOTJAMENTS TURÍSTICS PER PARRÒQUIA I TIPUS. APARTAMENT TURÍSTIC. ANDORRA LA VELLA	2013	0
199	NOMBRE D ´ALLOTJAMENTS TURÍSTICS PER PARRÒQUIA I TIPUS	0205060200050033	NOMBRE D ´ALLOTJAMENTS TURÍSTICS PER PARRÒQUIA I TIPUS. APARTAMENT TURÍSTIC. ANDORRA LA VELLA	2014	0
199	NOMBRE D ´ALLOTJAMENTS TURÍSTICS PER PARRÒQUIA I TIPUS	0205060200050033	NOMBRE D ´ALLOTJAMENTS TURÍSTICS PER PARRÒQUIA I TIPUS. APARTAMENT TURÍSTIC. ANDORRA LA VELLA	2015	0
199	NOMBRE D ´ALLOTJAMENTS TURÍSTICS PER PARRÒQUIA I TIPUS	0205060200050033	NOMBRE D ´ALLOTJAMENTS TURÍSTICS PER PARRÒQUIA I TIPUS. APARTAMENT TURÍSTIC. ANDORRA LA VELLA	2016	0
199	NOMBRE D ´ALLOTJAMENTS TURÍSTICS PER PARRÒQUIA I TIPUS	0205060200050033	NOMBRE D ´ALLOTJAMENTS TURÍSTICS PER PARRÒQUIA I TIPUS. APARTAMENT TURÍSTIC. ANDORRA LA VELLA	2017	0
199	NOMBRE D ´ALLOTJAMENTS TURÍSTICS PER PARRÒQUIA I TIPUS	0205060200050033	NOMBRE D ´ALLOTJAMENTS TURÍSTICS PER PARRÒQUIA I TIPUS. APARTAMENT TURÍSTIC. ANDORRA LA VELLA	2018	0
199	NOMBRE D ´ALLOTJAMENTS TURÍSTICS PER PARRÒQUIA I TIPUS	0205060200050033	NOMBRE D ´ALLOTJAMENTS TURÍSTICS PER PARRÒQUIA I TIPUS. APARTAMENT TURÍSTIC. ANDORRA LA VELLA	2019	0
199	NOMBRE D ´ALLOTJAMENTS TURÍSTICS PER PARRÒQUIA I TIPUS	0205060200050033	NOMBRE D ´ALLOTJAMENTS TURÍSTICS PER PARRÒQUIA I TIPUS. APARTAMENT TURÍSTIC. ANDORRA LA VELLA	2020	0
199	NOMBRE D ´ALLOTJAMENTS TURÍSTICS PER PARRÒQUIA I TIPUS	0205060200050033	NOMBRE D ´ALLOTJAMENTS TURÍSTICS PER PARRÒQUIA I TIPUS. APARTAMENT TURÍSTIC. ANDORRA LA VELLA	2021	0
199	NOMBRE D ´ALLOTJAMENTS TURÍSTICS PER PARRÒQUIA I TIPUS	0205060200050033	NOMBRE D ´ALLOTJAMENTS TURÍSTICS PER PARRÒQUIA I TIPUS. APARTAMENT TURÍSTIC. ANDORRA LA VELLA	2022	1
199	NOMBRE D ´ALLOTJAMENTS TURÍSTICS PER PARRÒQUIA I TIPUS	0205060200050033	NOMBRE D ´ALLOTJAMENTS TURÍSTICS PER PARRÒQUIA I TIPUS. APARTAMENT TURÍSTIC. ANDORRA LA VELLA	2023	1
199	NOMBRE D ´ALLOTJAMENTS TURÍSTICS PER PARRÒQUIA I TIPUS	0205060200050033	NOMBRE D ´ALLOTJAMENTS TURÍSTICS PER PARRÒQUIA I TIPUS. APARTAMENT TURÍSTIC. ANDORRA LA VELLA	2024	1
199	NOMBRE D ´ALLOTJAMENTS TURÍSTICS PER PARRÒQUIA I TIPUS	0205060200050033	NOMBRE D ´ALLOTJAMENTS TURÍSTICS PER PARRÒQUIA I TIPUS. APARTAMENT TURÍSTIC. ANDORRA LA VELLA	2025	1
199	NOMBRE D ´ALLOTJAMENTS TURÍSTICS PER PARRÒQUIA I TIPUS	0205060200050034	NOMBRE D ´ALLOTJAMENTS TURÍSTICS PER PARRÒQUIA I TIPUS. APARTAMENT TURÍSTIC. SANT JULIÀ DE LÒRIA	2004	0
199	NOMBRE D ´ALLOTJAMENTS TURÍSTICS PER PARRÒQUIA I TIPUS	0205060200050034	NOMBRE D ´ALLOTJAMENTS TURÍSTICS PER PARRÒQUIA I TIPUS. APARTAMENT TURÍSTIC. SANT JULIÀ DE LÒRIA	2005	0
199	NOMBRE D ´ALLOTJAMENTS TURÍSTICS PER PARRÒQUIA I TIPUS	0205060200050034	NOMBRE D ´ALLOTJAMENTS TURÍSTICS PER PARRÒQUIA I TIPUS. APARTAMENT TURÍSTIC. SANT JULIÀ DE LÒRIA	2006	0
199	NOMBRE D ´ALLOTJAMENTS TURÍSTICS PER PARRÒQUIA I TIPUS	0205060200050034	NOMBRE D ´ALLOTJAMENTS TURÍSTICS PER PARRÒQUIA I TIPUS. APARTAMENT TURÍSTIC. SANT JULIÀ DE LÒRIA	2007	0
199	NOMBRE D ´ALLOTJAMENTS TURÍSTICS PER PARRÒQUIA I TIPUS	0205060200050034	NOMBRE D ´ALLOTJAMENTS TURÍSTICS PER PARRÒQUIA I TIPUS. APARTAMENT TURÍSTIC. SANT JULIÀ DE LÒRIA	2008	0
199	NOMBRE D ´ALLOTJAMENTS TURÍSTICS PER PARRÒQUIA I TIPUS	0205060200050034	NOMBRE D ´ALLOTJAMENTS TURÍSTICS PER PARRÒQUIA I TIPUS. APARTAMENT TURÍSTIC. SANT JULIÀ DE LÒRIA	2009	0
199	NOMBRE D ´ALLOTJAMENTS TURÍSTICS PER PARRÒQUIA I TIPUS	0205060200050034	NOMBRE D ´ALLOTJAMENTS TURÍSTICS PER PARRÒQUIA I TIPUS. APARTAMENT TURÍSTIC. SANT JULIÀ DE LÒRIA	2010	0
199	NOMBRE D ´ALLOTJAMENTS TURÍSTICS PER PARRÒQUIA I TIPUS	0205060200050034	NOMBRE D ´ALLOTJAMENTS TURÍSTICS PER PARRÒQUIA I TIPUS. APARTAMENT TURÍSTIC. SANT JULIÀ DE LÒRIA	2011	0
199	NOMBRE D ´ALLOTJAMENTS TURÍSTICS PER PARRÒQUIA I TIPUS	0205060200050034	NOMBRE D ´ALLOTJAMENTS TURÍSTICS PER PARRÒQUIA I TIPUS. APARTAMENT TURÍSTIC. SANT JULIÀ DE LÒRIA	2012	0
199	NOMBRE D ´ALLOTJAMENTS TURÍSTICS PER PARRÒQUIA I TIPUS	0205060200050034	NOMBRE D ´ALLOTJAMENTS TURÍSTICS PER PARRÒQUIA I TIPUS. APARTAMENT TURÍSTIC. SANT JULIÀ DE LÒRIA	2013	0
199	NOMBRE D ´ALLOTJAMENTS TURÍSTICS PER PARRÒQUIA I TIPUS	0205060200050034	NOMBRE D ´ALLOTJAMENTS TURÍSTICS PER PARRÒQUIA I TIPUS. APARTAMENT TURÍSTIC. SANT JULIÀ DE LÒRIA	2014	0
199	NOMBRE D ´ALLOTJAMENTS TURÍSTICS PER PARRÒQUIA I TIPUS	0205060200050034	NOMBRE D ´ALLOTJAMENTS TURÍSTICS PER PARRÒQUIA I TIPUS. APARTAMENT TURÍSTIC. SANT JULIÀ DE LÒRIA	2015	0
199	NOMBRE D ´ALLOTJAMENTS TURÍSTICS PER PARRÒQUIA I TIPUS	0205060200050034	NOMBRE D ´ALLOTJAMENTS TURÍSTICS PER PARRÒQUIA I TIPUS. APARTAMENT TURÍSTIC. SANT JULIÀ DE LÒRIA	2016	0
199	NOMBRE D ´ALLOTJAMENTS TURÍSTICS PER PARRÒQUIA I TIPUS	0205060200050034	NOMBRE D ´ALLOTJAMENTS TURÍSTICS PER PARRÒQUIA I TIPUS. APARTAMENT TURÍSTIC. SANT JULIÀ DE LÒRIA	2017	0
199	NOMBRE D ´ALLOTJAMENTS TURÍSTICS PER PARRÒQUIA I TIPUS	0205060200050034	NOMBRE D ´ALLOTJAMENTS TURÍSTICS PER PARRÒQUIA I TIPUS. APARTAMENT TURÍSTIC. SANT JULIÀ DE LÒRIA	2018	0
199	NOMBRE D ´ALLOTJAMENTS TURÍSTICS PER PARRÒQUIA I TIPUS	0205060200050034	NOMBRE D ´ALLOTJAMENTS TURÍSTICS PER PARRÒQUIA I TIPUS. APARTAMENT TURÍSTIC. SANT JULIÀ DE LÒRIA	2019	0
199	NOMBRE D ´ALLOTJAMENTS TURÍSTICS PER PARRÒQUIA I TIPUS	0205060200050034	NOMBRE D ´ALLOTJAMENTS TURÍSTICS PER PARRÒQUIA I TIPUS. APARTAMENT TURÍSTIC. SANT JULIÀ DE LÒRIA	2020	0
199	NOMBRE D ´ALLOTJAMENTS TURÍSTICS PER PARRÒQUIA I TIPUS	0205060200050034	NOMBRE D ´ALLOTJAMENTS TURÍSTICS PER PARRÒQUIA I TIPUS. APARTAMENT TURÍSTIC. SANT JULIÀ DE LÒRIA	2021	0
199	NOMBRE D ´ALLOTJAMENTS TURÍSTICS PER PARRÒQUIA I TIPUS	0205060200050034	NOMBRE D ´ALLOTJAMENTS TURÍSTICS PER PARRÒQUIA I TIPUS. APARTAMENT TURÍSTIC. SANT JULIÀ DE LÒRIA	2022	0
199	NOMBRE D ´ALLOTJAMENTS TURÍSTICS PER PARRÒQUIA I TIPUS	0205060200050034	NOMBRE D ´ALLOTJAMENTS TURÍSTICS PER PARRÒQUIA I TIPUS. APARTAMENT TURÍSTIC. SANT JULIÀ DE LÒRIA	2023	0
199	NOMBRE D ´ALLOTJAMENTS TURÍSTICS PER PARRÒQUIA I TIPUS	0205060200050034	NOMBRE D ´ALLOTJAMENTS TURÍSTICS PER PARRÒQUIA I TIPUS. APARTAMENT TURÍSTIC. SANT JULIÀ DE LÒRIA	2024	0
199	NOMBRE D ´ALLOTJAMENTS TURÍSTICS PER PARRÒQUIA I TIPUS	0205060200050034	NOMBRE D ´ALLOTJAMENTS TURÍSTICS PER PARRÒQUIA I TIPUS. APARTAMENT TURÍSTIC. SANT JULIÀ DE LÒRIA	2025	0
199	NOMBRE D ´ALLOTJAMENTS TURÍSTICS PER PARRÒQUIA I TIPUS	0205060200050035	NOMBRE D ´ALLOTJAMENTS TURÍSTICS PER PARRÒQUIA I TIPUS. APARTAMENT TURÍSTIC. ESCALDES-ENGORDANY	2004	0
199	NOMBRE D ´ALLOTJAMENTS TURÍSTICS PER PARRÒQUIA I TIPUS	0205060200050035	NOMBRE D ´ALLOTJAMENTS TURÍSTICS PER PARRÒQUIA I TIPUS. APARTAMENT TURÍSTIC. ESCALDES-ENGORDANY	2005	0
199	NOMBRE D ´ALLOTJAMENTS TURÍSTICS PER PARRÒQUIA I TIPUS	0205060200050035	NOMBRE D ´ALLOTJAMENTS TURÍSTICS PER PARRÒQUIA I TIPUS. APARTAMENT TURÍSTIC. ESCALDES-ENGORDANY	2006	0
199	NOMBRE D ´ALLOTJAMENTS TURÍSTICS PER PARRÒQUIA I TIPUS	0205060200050035	NOMBRE D ´ALLOTJAMENTS TURÍSTICS PER PARRÒQUIA I TIPUS. APARTAMENT TURÍSTIC. ESCALDES-ENGORDANY	2007	0
199	NOMBRE D ´ALLOTJAMENTS TURÍSTICS PER PARRÒQUIA I TIPUS	0205060200050035	NOMBRE D ´ALLOTJAMENTS TURÍSTICS PER PARRÒQUIA I TIPUS. APARTAMENT TURÍSTIC. ESCALDES-ENGORDANY	2008	0
199	NOMBRE D ´ALLOTJAMENTS TURÍSTICS PER PARRÒQUIA I TIPUS	0205060200050035	NOMBRE D ´ALLOTJAMENTS TURÍSTICS PER PARRÒQUIA I TIPUS. APARTAMENT TURÍSTIC. ESCALDES-ENGORDANY	2009	0
199	NOMBRE D ´ALLOTJAMENTS TURÍSTICS PER PARRÒQUIA I TIPUS	0205060200050035	NOMBRE D ´ALLOTJAMENTS TURÍSTICS PER PARRÒQUIA I TIPUS. APARTAMENT TURÍSTIC. ESCALDES-ENGORDANY	2010	0
199	NOMBRE D ´ALLOTJAMENTS TURÍSTICS PER PARRÒQUIA I TIPUS	0205060200050035	NOMBRE D ´ALLOTJAMENTS TURÍSTICS PER PARRÒQUIA I TIPUS. APARTAMENT TURÍSTIC. ESCALDES-ENGORDANY	2011	0
199	NOMBRE D ´ALLOTJAMENTS TURÍSTICS PER PARRÒQUIA I TIPUS	0205060200050035	NOMBRE D ´ALLOTJAMENTS TURÍSTICS PER PARRÒQUIA I TIPUS. APARTAMENT TURÍSTIC. ESCALDES-ENGORDANY	2012	0
199	NOMBRE D ´ALLOTJAMENTS TURÍSTICS PER PARRÒQUIA I TIPUS	0205060200050035	NOMBRE D ´ALLOTJAMENTS TURÍSTICS PER PARRÒQUIA I TIPUS. APARTAMENT TURÍSTIC. ESCALDES-ENGORDANY	2013	0
199	NOMBRE D ´ALLOTJAMENTS TURÍSTICS PER PARRÒQUIA I TIPUS	0205060200050035	NOMBRE D ´ALLOTJAMENTS TURÍSTICS PER PARRÒQUIA I TIPUS. APARTAMENT TURÍSTIC. ESCALDES-ENGORDANY	2014	0
199	NOMBRE D ´ALLOTJAMENTS TURÍSTICS PER PARRÒQUIA I TIPUS	0205060200050035	NOMBRE D ´ALLOTJAMENTS TURÍSTICS PER PARRÒQUIA I TIPUS. APARTAMENT TURÍSTIC. ESCALDES-ENGORDANY	2015	0
199	NOMBRE D ´ALLOTJAMENTS TURÍSTICS PER PARRÒQUIA I TIPUS	0205060200050035	NOMBRE D ´ALLOTJAMENTS TURÍSTICS PER PARRÒQUIA I TIPUS. APARTAMENT TURÍSTIC. ESCALDES-ENGORDANY	2016	0
199	NOMBRE D ´ALLOTJAMENTS TURÍSTICS PER PARRÒQUIA I TIPUS	0205060200050035	NOMBRE D ´ALLOTJAMENTS TURÍSTICS PER PARRÒQUIA I TIPUS. APARTAMENT TURÍSTIC. ESCALDES-ENGORDANY	2017	0
199	NOMBRE D ´ALLOTJAMENTS TURÍSTICS PER PARRÒQUIA I TIPUS	0205060200050035	NOMBRE D ´ALLOTJAMENTS TURÍSTICS PER PARRÒQUIA I TIPUS. APARTAMENT TURÍSTIC. ESCALDES-ENGORDANY	2018	0
199	NOMBRE D ´ALLOTJAMENTS TURÍSTICS PER PARRÒQUIA I TIPUS	0205060200050035	NOMBRE D ´ALLOTJAMENTS TURÍSTICS PER PARRÒQUIA I TIPUS. APARTAMENT TURÍSTIC. ESCALDES-ENGORDANY	2019	0
199	NOMBRE D ´ALLOTJAMENTS TURÍSTICS PER PARRÒQUIA I TIPUS	0205060200050035	NOMBRE D ´ALLOTJAMENTS TURÍSTICS PER PARRÒQUIA I TIPUS. APARTAMENT TURÍSTIC. ESCALDES-ENGORDANY	2020	0
199	NOMBRE D ´ALLOTJAMENTS TURÍSTICS PER PARRÒQUIA I TIPUS	0205060200050035	NOMBRE D ´ALLOTJAMENTS TURÍSTICS PER PARRÒQUIA I TIPUS. APARTAMENT TURÍSTIC. ESCALDES-ENGORDANY	2021	0
199	NOMBRE D ´ALLOTJAMENTS TURÍSTICS PER PARRÒQUIA I TIPUS	0205060200050035	NOMBRE D ´ALLOTJAMENTS TURÍSTICS PER PARRÒQUIA I TIPUS. APARTAMENT TURÍSTIC. ESCALDES-ENGORDANY	2022	1
199	NOMBRE D ´ALLOTJAMENTS TURÍSTICS PER PARRÒQUIA I TIPUS	0205060200050035	NOMBRE D ´ALLOTJAMENTS TURÍSTICS PER PARRÒQUIA I TIPUS. APARTAMENT TURÍSTIC. ESCALDES-ENGORDANY	2023	1
199	NOMBRE D ´ALLOTJAMENTS TURÍSTICS PER PARRÒQUIA I TIPUS	0205060200050035	NOMBRE D ´ALLOTJAMENTS TURÍSTICS PER PARRÒQUIA I TIPUS. APARTAMENT TURÍSTIC. ESCALDES-ENGORDANY	2024	1
199	NOMBRE D ´ALLOTJAMENTS TURÍSTICS PER PARRÒQUIA I TIPUS	0205060200050035	NOMBRE D ´ALLOTJAMENTS TURÍSTICS PER PARRÒQUIA I TIPUS. APARTAMENT TURÍSTIC. ESCALDES-ENGORDANY	2025	1
200	NOMBRE D ´ALLOTJAMENTS TURÍSTICS PER NOMBRE D ´ESTRELLES	0205060200040001	NOMBRE D ´ALLOTJAMENTS TURÍSTICS PER NOMBRE D ´ESTRELLES. SENSE CATEGORIA	2018	16
200	NOMBRE D ´ALLOTJAMENTS TURÍSTICS PER NOMBRE D ´ESTRELLES	0205060200040001	NOMBRE D ´ALLOTJAMENTS TURÍSTICS PER NOMBRE D ´ESTRELLES. SENSE CATEGORIA	2019	16
200	NOMBRE D ´ALLOTJAMENTS TURÍSTICS PER NOMBRE D ´ESTRELLES	0205060200040001	NOMBRE D ´ALLOTJAMENTS TURÍSTICS PER NOMBRE D ´ESTRELLES. SENSE CATEGORIA	2020	16
200	NOMBRE D ´ALLOTJAMENTS TURÍSTICS PER NOMBRE D ´ESTRELLES	0205060200040001	NOMBRE D ´ALLOTJAMENTS TURÍSTICS PER NOMBRE D ´ESTRELLES. SENSE CATEGORIA	2021	14
200	NOMBRE D ´ALLOTJAMENTS TURÍSTICS PER NOMBRE D ´ESTRELLES	0205060200040001	NOMBRE D ´ALLOTJAMENTS TURÍSTICS PER NOMBRE D ´ESTRELLES. SENSE CATEGORIA	2022	13
200	NOMBRE D ´ALLOTJAMENTS TURÍSTICS PER NOMBRE D ´ESTRELLES	0205060200040001	NOMBRE D ´ALLOTJAMENTS TURÍSTICS PER NOMBRE D ´ESTRELLES. SENSE CATEGORIA	2023	12
200	NOMBRE D ´ALLOTJAMENTS TURÍSTICS PER NOMBRE D ´ESTRELLES	0205060200040001	NOMBRE D ´ALLOTJAMENTS TURÍSTICS PER NOMBRE D ´ESTRELLES. SENSE CATEGORIA	2024	12
200	NOMBRE D ´ALLOTJAMENTS TURÍSTICS PER NOMBRE D ´ESTRELLES	0205060200040001	NOMBRE D ´ALLOTJAMENTS TURÍSTICS PER NOMBRE D ´ESTRELLES. SENSE CATEGORIA	2025	11
200	NOMBRE D ´ALLOTJAMENTS TURÍSTICS PER NOMBRE D ´ESTRELLES	0205060200040002	NOMBRE D ´ALLOTJAMENTS TURÍSTICS PER NOMBRE D ´ESTRELLES. 1 ESTRELLA	2004	44
200	NOMBRE D ´ALLOTJAMENTS TURÍSTICS PER NOMBRE D ´ESTRELLES	0205060200040002	NOMBRE D ´ALLOTJAMENTS TURÍSTICS PER NOMBRE D ´ESTRELLES. 1 ESTRELLA	2005	44
200	NOMBRE D ´ALLOTJAMENTS TURÍSTICS PER NOMBRE D ´ESTRELLES	0205060200040002	NOMBRE D ´ALLOTJAMENTS TURÍSTICS PER NOMBRE D ´ESTRELLES. 1 ESTRELLA	2006	33
200	NOMBRE D ´ALLOTJAMENTS TURÍSTICS PER NOMBRE D ´ESTRELLES	0205060200040002	NOMBRE D ´ALLOTJAMENTS TURÍSTICS PER NOMBRE D ´ESTRELLES. 1 ESTRELLA	2007	34
200	NOMBRE D ´ALLOTJAMENTS TURÍSTICS PER NOMBRE D ´ESTRELLES	0205060200040002	NOMBRE D ´ALLOTJAMENTS TURÍSTICS PER NOMBRE D ´ESTRELLES. 1 ESTRELLA	2008	30
200	NOMBRE D ´ALLOTJAMENTS TURÍSTICS PER NOMBRE D ´ESTRELLES	0205060200040002	NOMBRE D ´ALLOTJAMENTS TURÍSTICS PER NOMBRE D ´ESTRELLES. 1 ESTRELLA	2009	25
200	NOMBRE D ´ALLOTJAMENTS TURÍSTICS PER NOMBRE D ´ESTRELLES	0205060200040002	NOMBRE D ´ALLOTJAMENTS TURÍSTICS PER NOMBRE D ´ESTRELLES. 1 ESTRELLA	2010	20
200	NOMBRE D ´ALLOTJAMENTS TURÍSTICS PER NOMBRE D ´ESTRELLES	0205060200040002	NOMBRE D ´ALLOTJAMENTS TURÍSTICS PER NOMBRE D ´ESTRELLES. 1 ESTRELLA	2011	19
200	NOMBRE D ´ALLOTJAMENTS TURÍSTICS PER NOMBRE D ´ESTRELLES	0205060200040002	NOMBRE D ´ALLOTJAMENTS TURÍSTICS PER NOMBRE D ´ESTRELLES. 1 ESTRELLA	2012	19
200	NOMBRE D ´ALLOTJAMENTS TURÍSTICS PER NOMBRE D ´ESTRELLES	0205060200040002	NOMBRE D ´ALLOTJAMENTS TURÍSTICS PER NOMBRE D ´ESTRELLES. 1 ESTRELLA	2013	18
200	NOMBRE D ´ALLOTJAMENTS TURÍSTICS PER NOMBRE D ´ESTRELLES	0205060200040002	NOMBRE D ´ALLOTJAMENTS TURÍSTICS PER NOMBRE D ´ESTRELLES. 1 ESTRELLA	2014	14
200	NOMBRE D ´ALLOTJAMENTS TURÍSTICS PER NOMBRE D ´ESTRELLES	0205060200040002	NOMBRE D ´ALLOTJAMENTS TURÍSTICS PER NOMBRE D ´ESTRELLES. 1 ESTRELLA	2015	15
200	NOMBRE D ´ALLOTJAMENTS TURÍSTICS PER NOMBRE D ´ESTRELLES	0205060200040002	NOMBRE D ´ALLOTJAMENTS TURÍSTICS PER NOMBRE D ´ESTRELLES. 1 ESTRELLA	2016	12
200	NOMBRE D ´ALLOTJAMENTS TURÍSTICS PER NOMBRE D ´ESTRELLES	0205060200040002	NOMBRE D ´ALLOTJAMENTS TURÍSTICS PER NOMBRE D ´ESTRELLES. 1 ESTRELLA	2017	12
200	NOMBRE D ´ALLOTJAMENTS TURÍSTICS PER NOMBRE D ´ESTRELLES	0205060200040002	NOMBRE D ´ALLOTJAMENTS TURÍSTICS PER NOMBRE D ´ESTRELLES. 1 ESTRELLA	2018	5
200	NOMBRE D ´ALLOTJAMENTS TURÍSTICS PER NOMBRE D ´ESTRELLES	0205060200040002	NOMBRE D ´ALLOTJAMENTS TURÍSTICS PER NOMBRE D ´ESTRELLES. 1 ESTRELLA	2019	5
200	NOMBRE D ´ALLOTJAMENTS TURÍSTICS PER NOMBRE D ´ESTRELLES	0205060200040002	NOMBRE D ´ALLOTJAMENTS TURÍSTICS PER NOMBRE D ´ESTRELLES. 1 ESTRELLA	2020	4
200	NOMBRE D ´ALLOTJAMENTS TURÍSTICS PER NOMBRE D ´ESTRELLES	0205060200040002	NOMBRE D ´ALLOTJAMENTS TURÍSTICS PER NOMBRE D ´ESTRELLES. 1 ESTRELLA	2021	4
200	NOMBRE D ´ALLOTJAMENTS TURÍSTICS PER NOMBRE D ´ESTRELLES	0205060200040002	NOMBRE D ´ALLOTJAMENTS TURÍSTICS PER NOMBRE D ´ESTRELLES. 1 ESTRELLA	2022	6
200	NOMBRE D ´ALLOTJAMENTS TURÍSTICS PER NOMBRE D ´ESTRELLES	0205060200040002	NOMBRE D ´ALLOTJAMENTS TURÍSTICS PER NOMBRE D ´ESTRELLES. 1 ESTRELLA	2023	6
200	NOMBRE D ´ALLOTJAMENTS TURÍSTICS PER NOMBRE D ´ESTRELLES	0205060200040002	NOMBRE D ´ALLOTJAMENTS TURÍSTICS PER NOMBRE D ´ESTRELLES. 1 ESTRELLA	2024	7
200	NOMBRE D ´ALLOTJAMENTS TURÍSTICS PER NOMBRE D ´ESTRELLES	0205060200040002	NOMBRE D ´ALLOTJAMENTS TURÍSTICS PER NOMBRE D ´ESTRELLES. 1 ESTRELLA	2025	7
200	NOMBRE D ´ALLOTJAMENTS TURÍSTICS PER NOMBRE D ´ESTRELLES	0205060200040003	NOMBRE D ´ALLOTJAMENTS TURÍSTICS PER NOMBRE D ´ESTRELLES. 2 ESTRELLES	2004	82
200	NOMBRE D ´ALLOTJAMENTS TURÍSTICS PER NOMBRE D ´ESTRELLES	0205060200040003	NOMBRE D ´ALLOTJAMENTS TURÍSTICS PER NOMBRE D ´ESTRELLES. 2 ESTRELLES	2005	80
200	NOMBRE D ´ALLOTJAMENTS TURÍSTICS PER NOMBRE D ´ESTRELLES	0205060200040003	NOMBRE D ´ALLOTJAMENTS TURÍSTICS PER NOMBRE D ´ESTRELLES. 2 ESTRELLES	2006	64
200	NOMBRE D ´ALLOTJAMENTS TURÍSTICS PER NOMBRE D ´ESTRELLES	0205060200040003	NOMBRE D ´ALLOTJAMENTS TURÍSTICS PER NOMBRE D ´ESTRELLES. 2 ESTRELLES	2007	64
200	NOMBRE D ´ALLOTJAMENTS TURÍSTICS PER NOMBRE D ´ESTRELLES	0205060200040003	NOMBRE D ´ALLOTJAMENTS TURÍSTICS PER NOMBRE D ´ESTRELLES. 2 ESTRELLES	2008	63
200	NOMBRE D ´ALLOTJAMENTS TURÍSTICS PER NOMBRE D ´ESTRELLES	0205060200040003	NOMBRE D ´ALLOTJAMENTS TURÍSTICS PER NOMBRE D ´ESTRELLES. 2 ESTRELLES	2009	58
200	NOMBRE D ´ALLOTJAMENTS TURÍSTICS PER NOMBRE D ´ESTRELLES	0205060200040003	NOMBRE D ´ALLOTJAMENTS TURÍSTICS PER NOMBRE D ´ESTRELLES. 2 ESTRELLES	2010	61
200	NOMBRE D ´ALLOTJAMENTS TURÍSTICS PER NOMBRE D ´ESTRELLES	0205060200040003	NOMBRE D ´ALLOTJAMENTS TURÍSTICS PER NOMBRE D ´ESTRELLES. 2 ESTRELLES	2011	57
200	NOMBRE D ´ALLOTJAMENTS TURÍSTICS PER NOMBRE D ´ESTRELLES	0205060200040003	NOMBRE D ´ALLOTJAMENTS TURÍSTICS PER NOMBRE D ´ESTRELLES. 2 ESTRELLES	2012	54
200	NOMBRE D ´ALLOTJAMENTS TURÍSTICS PER NOMBRE D ´ESTRELLES	0205060200040003	NOMBRE D ´ALLOTJAMENTS TURÍSTICS PER NOMBRE D ´ESTRELLES. 2 ESTRELLES	2013	49
200	NOMBRE D ´ALLOTJAMENTS TURÍSTICS PER NOMBRE D ´ESTRELLES	0205060200040003	NOMBRE D ´ALLOTJAMENTS TURÍSTICS PER NOMBRE D ´ESTRELLES. 2 ESTRELLES	2014	50
200	NOMBRE D ´ALLOTJAMENTS TURÍSTICS PER NOMBRE D ´ESTRELLES	0205060200040003	NOMBRE D ´ALLOTJAMENTS TURÍSTICS PER NOMBRE D ´ESTRELLES. 2 ESTRELLES	2015	51
200	NOMBRE D ´ALLOTJAMENTS TURÍSTICS PER NOMBRE D ´ESTRELLES	0205060200040003	NOMBRE D ´ALLOTJAMENTS TURÍSTICS PER NOMBRE D ´ESTRELLES. 2 ESTRELLES	2016	51
200	NOMBRE D ´ALLOTJAMENTS TURÍSTICS PER NOMBRE D ´ESTRELLES	0205060200040003	NOMBRE D ´ALLOTJAMENTS TURÍSTICS PER NOMBRE D ´ESTRELLES. 2 ESTRELLES	2017	49
200	NOMBRE D ´ALLOTJAMENTS TURÍSTICS PER NOMBRE D ´ESTRELLES	0205060200040003	NOMBRE D ´ALLOTJAMENTS TURÍSTICS PER NOMBRE D ´ESTRELLES. 2 ESTRELLES	2018	40
200	NOMBRE D ´ALLOTJAMENTS TURÍSTICS PER NOMBRE D ´ESTRELLES	0205060200040003	NOMBRE D ´ALLOTJAMENTS TURÍSTICS PER NOMBRE D ´ESTRELLES. 2 ESTRELLES	2019	35
200	NOMBRE D ´ALLOTJAMENTS TURÍSTICS PER NOMBRE D ´ESTRELLES	0205060200040003	NOMBRE D ´ALLOTJAMENTS TURÍSTICS PER NOMBRE D ´ESTRELLES. 2 ESTRELLES	2020	32
200	NOMBRE D ´ALLOTJAMENTS TURÍSTICS PER NOMBRE D ´ESTRELLES	0205060200040003	NOMBRE D ´ALLOTJAMENTS TURÍSTICS PER NOMBRE D ´ESTRELLES. 2 ESTRELLES	2021	32
200	NOMBRE D ´ALLOTJAMENTS TURÍSTICS PER NOMBRE D ´ESTRELLES	0205060200040003	NOMBRE D ´ALLOTJAMENTS TURÍSTICS PER NOMBRE D ´ESTRELLES. 2 ESTRELLES	2022	37
200	NOMBRE D ´ALLOTJAMENTS TURÍSTICS PER NOMBRE D ´ESTRELLES	0205060200040003	NOMBRE D ´ALLOTJAMENTS TURÍSTICS PER NOMBRE D ´ESTRELLES. 2 ESTRELLES	2023	35
200	NOMBRE D ´ALLOTJAMENTS TURÍSTICS PER NOMBRE D ´ESTRELLES	0205060200040003	NOMBRE D ´ALLOTJAMENTS TURÍSTICS PER NOMBRE D ´ESTRELLES. 2 ESTRELLES	2024	32
200	NOMBRE D ´ALLOTJAMENTS TURÍSTICS PER NOMBRE D ´ESTRELLES	0205060200040003	NOMBRE D ´ALLOTJAMENTS TURÍSTICS PER NOMBRE D ´ESTRELLES. 2 ESTRELLES	2025	34
200	NOMBRE D ´ALLOTJAMENTS TURÍSTICS PER NOMBRE D ´ESTRELLES	0205060200040004	NOMBRE D ´ALLOTJAMENTS TURÍSTICS PER NOMBRE D ´ESTRELLES. 3 ESTRELLES	2004	116
200	NOMBRE D ´ALLOTJAMENTS TURÍSTICS PER NOMBRE D ´ESTRELLES	0205060200040004	NOMBRE D ´ALLOTJAMENTS TURÍSTICS PER NOMBRE D ´ESTRELLES. 3 ESTRELLES	2005	114
200	NOMBRE D ´ALLOTJAMENTS TURÍSTICS PER NOMBRE D ´ESTRELLES	0205060200040004	NOMBRE D ´ALLOTJAMENTS TURÍSTICS PER NOMBRE D ´ESTRELLES. 3 ESTRELLES	2006	105
200	NOMBRE D ´ALLOTJAMENTS TURÍSTICS PER NOMBRE D ´ESTRELLES	0205060200040004	NOMBRE D ´ALLOTJAMENTS TURÍSTICS PER NOMBRE D ´ESTRELLES. 3 ESTRELLES	2007	110
200	NOMBRE D ´ALLOTJAMENTS TURÍSTICS PER NOMBRE D ´ESTRELLES	0205060200040004	NOMBRE D ´ALLOTJAMENTS TURÍSTICS PER NOMBRE D ´ESTRELLES. 3 ESTRELLES	2008	112
200	NOMBRE D ´ALLOTJAMENTS TURÍSTICS PER NOMBRE D ´ESTRELLES	0205060200040004	NOMBRE D ´ALLOTJAMENTS TURÍSTICS PER NOMBRE D ´ESTRELLES. 3 ESTRELLES	2009	112
200	NOMBRE D ´ALLOTJAMENTS TURÍSTICS PER NOMBRE D ´ESTRELLES	0205060200040004	NOMBRE D ´ALLOTJAMENTS TURÍSTICS PER NOMBRE D ´ESTRELLES. 3 ESTRELLES	2010	112
200	NOMBRE D ´ALLOTJAMENTS TURÍSTICS PER NOMBRE D ´ESTRELLES	0205060200040004	NOMBRE D ´ALLOTJAMENTS TURÍSTICS PER NOMBRE D ´ESTRELLES. 3 ESTRELLES	2011	109
200	NOMBRE D ´ALLOTJAMENTS TURÍSTICS PER NOMBRE D ´ESTRELLES	0205060200040004	NOMBRE D ´ALLOTJAMENTS TURÍSTICS PER NOMBRE D ´ESTRELLES. 3 ESTRELLES	2012	105
200	NOMBRE D ´ALLOTJAMENTS TURÍSTICS PER NOMBRE D ´ESTRELLES	0205060200040004	NOMBRE D ´ALLOTJAMENTS TURÍSTICS PER NOMBRE D ´ESTRELLES. 3 ESTRELLES	2013	106
200	NOMBRE D ´ALLOTJAMENTS TURÍSTICS PER NOMBRE D ´ESTRELLES	0205060200040004	NOMBRE D ´ALLOTJAMENTS TURÍSTICS PER NOMBRE D ´ESTRELLES. 3 ESTRELLES	2014	108
200	NOMBRE D ´ALLOTJAMENTS TURÍSTICS PER NOMBRE D ´ESTRELLES	0205060200040004	NOMBRE D ´ALLOTJAMENTS TURÍSTICS PER NOMBRE D ´ESTRELLES. 3 ESTRELLES	2015	102
200	NOMBRE D ´ALLOTJAMENTS TURÍSTICS PER NOMBRE D ´ESTRELLES	0205060200040004	NOMBRE D ´ALLOTJAMENTS TURÍSTICS PER NOMBRE D ´ESTRELLES. 3 ESTRELLES	2016	101
200	NOMBRE D ´ALLOTJAMENTS TURÍSTICS PER NOMBRE D ´ESTRELLES	0205060200040004	NOMBRE D ´ALLOTJAMENTS TURÍSTICS PER NOMBRE D ´ESTRELLES. 3 ESTRELLES	2017	103
200	NOMBRE D ´ALLOTJAMENTS TURÍSTICS PER NOMBRE D ´ESTRELLES	0205060200040004	NOMBRE D ´ALLOTJAMENTS TURÍSTICS PER NOMBRE D ´ESTRELLES. 3 ESTRELLES	2018	105
200	NOMBRE D ´ALLOTJAMENTS TURÍSTICS PER NOMBRE D ´ESTRELLES	0205060200040004	NOMBRE D ´ALLOTJAMENTS TURÍSTICS PER NOMBRE D ´ESTRELLES. 3 ESTRELLES	2019	102
200	NOMBRE D ´ALLOTJAMENTS TURÍSTICS PER NOMBRE D ´ESTRELLES	0205060200040004	NOMBRE D ´ALLOTJAMENTS TURÍSTICS PER NOMBRE D ´ESTRELLES. 3 ESTRELLES	2020	101
200	NOMBRE D ´ALLOTJAMENTS TURÍSTICS PER NOMBRE D ´ESTRELLES	0205060200040004	NOMBRE D ´ALLOTJAMENTS TURÍSTICS PER NOMBRE D ´ESTRELLES. 3 ESTRELLES	2021	96
200	NOMBRE D ´ALLOTJAMENTS TURÍSTICS PER NOMBRE D ´ESTRELLES	0205060200040004	NOMBRE D ´ALLOTJAMENTS TURÍSTICS PER NOMBRE D ´ESTRELLES. 3 ESTRELLES	2022	102
200	NOMBRE D ´ALLOTJAMENTS TURÍSTICS PER NOMBRE D ´ESTRELLES	0205060200040004	NOMBRE D ´ALLOTJAMENTS TURÍSTICS PER NOMBRE D ´ESTRELLES. 3 ESTRELLES	2023	97
200	NOMBRE D ´ALLOTJAMENTS TURÍSTICS PER NOMBRE D ´ESTRELLES	0205060200040004	NOMBRE D ´ALLOTJAMENTS TURÍSTICS PER NOMBRE D ´ESTRELLES. 3 ESTRELLES	2024	101
200	NOMBRE D ´ALLOTJAMENTS TURÍSTICS PER NOMBRE D ´ESTRELLES	0205060200040004	NOMBRE D ´ALLOTJAMENTS TURÍSTICS PER NOMBRE D ´ESTRELLES. 3 ESTRELLES	2025	99
200	NOMBRE D ´ALLOTJAMENTS TURÍSTICS PER NOMBRE D ´ESTRELLES	0205060200040005	NOMBRE D ´ALLOTJAMENTS TURÍSTICS PER NOMBRE D ´ESTRELLES. 4 ESTRELLES	2004	45
200	NOMBRE D ´ALLOTJAMENTS TURÍSTICS PER NOMBRE D ´ESTRELLES	0205060200040005	NOMBRE D ´ALLOTJAMENTS TURÍSTICS PER NOMBRE D ´ESTRELLES. 4 ESTRELLES	2005	49
200	NOMBRE D ´ALLOTJAMENTS TURÍSTICS PER NOMBRE D ´ESTRELLES	0205060200040005	NOMBRE D ´ALLOTJAMENTS TURÍSTICS PER NOMBRE D ´ESTRELLES. 4 ESTRELLES	2006	49
200	NOMBRE D ´ALLOTJAMENTS TURÍSTICS PER NOMBRE D ´ESTRELLES	0205060200040005	NOMBRE D ´ALLOTJAMENTS TURÍSTICS PER NOMBRE D ´ESTRELLES. 4 ESTRELLES	2007	51
200	NOMBRE D ´ALLOTJAMENTS TURÍSTICS PER NOMBRE D ´ESTRELLES	0205060200040005	NOMBRE D ´ALLOTJAMENTS TURÍSTICS PER NOMBRE D ´ESTRELLES. 4 ESTRELLES	2008	56
200	NOMBRE D ´ALLOTJAMENTS TURÍSTICS PER NOMBRE D ´ESTRELLES	0205060200040005	NOMBRE D ´ALLOTJAMENTS TURÍSTICS PER NOMBRE D ´ESTRELLES. 4 ESTRELLES	2009	56
200	NOMBRE D ´ALLOTJAMENTS TURÍSTICS PER NOMBRE D ´ESTRELLES	0205060200040005	NOMBRE D ´ALLOTJAMENTS TURÍSTICS PER NOMBRE D ´ESTRELLES. 4 ESTRELLES	2010	57
200	NOMBRE D ´ALLOTJAMENTS TURÍSTICS PER NOMBRE D ´ESTRELLES	0205060200040005	NOMBRE D ´ALLOTJAMENTS TURÍSTICS PER NOMBRE D ´ESTRELLES. 4 ESTRELLES	2011	60
200	NOMBRE D ´ALLOTJAMENTS TURÍSTICS PER NOMBRE D ´ESTRELLES	0205060200040005	NOMBRE D ´ALLOTJAMENTS TURÍSTICS PER NOMBRE D ´ESTRELLES. 4 ESTRELLES	2012	63
200	NOMBRE D ´ALLOTJAMENTS TURÍSTICS PER NOMBRE D ´ESTRELLES	0205060200040005	NOMBRE D ´ALLOTJAMENTS TURÍSTICS PER NOMBRE D ´ESTRELLES. 4 ESTRELLES	2013	62
200	NOMBRE D ´ALLOTJAMENTS TURÍSTICS PER NOMBRE D ´ESTRELLES	0205060200040005	NOMBRE D ´ALLOTJAMENTS TURÍSTICS PER NOMBRE D ´ESTRELLES. 4 ESTRELLES	2014	61
200	NOMBRE D ´ALLOTJAMENTS TURÍSTICS PER NOMBRE D ´ESTRELLES	0205060200040005	NOMBRE D ´ALLOTJAMENTS TURÍSTICS PER NOMBRE D ´ESTRELLES. 4 ESTRELLES	2015	62
200	NOMBRE D ´ALLOTJAMENTS TURÍSTICS PER NOMBRE D ´ESTRELLES	0205060200040005	NOMBRE D ´ALLOTJAMENTS TURÍSTICS PER NOMBRE D ´ESTRELLES. 4 ESTRELLES	2016	62
200	NOMBRE D ´ALLOTJAMENTS TURÍSTICS PER NOMBRE D ´ESTRELLES	0205060200040005	NOMBRE D ´ALLOTJAMENTS TURÍSTICS PER NOMBRE D ´ESTRELLES. 4 ESTRELLES	2017	62
200	NOMBRE D ´ALLOTJAMENTS TURÍSTICS PER NOMBRE D ´ESTRELLES	0205060200040005	NOMBRE D ´ALLOTJAMENTS TURÍSTICS PER NOMBRE D ´ESTRELLES. 4 ESTRELLES	2018	63
200	NOMBRE D ´ALLOTJAMENTS TURÍSTICS PER NOMBRE D ´ESTRELLES	0205060200040005	NOMBRE D ´ALLOTJAMENTS TURÍSTICS PER NOMBRE D ´ESTRELLES. 4 ESTRELLES	2019	62
200	NOMBRE D ´ALLOTJAMENTS TURÍSTICS PER NOMBRE D ´ESTRELLES	0205060200040005	NOMBRE D ´ALLOTJAMENTS TURÍSTICS PER NOMBRE D ´ESTRELLES. 4 ESTRELLES	2020	63
200	NOMBRE D ´ALLOTJAMENTS TURÍSTICS PER NOMBRE D ´ESTRELLES	0205060200040005	NOMBRE D ´ALLOTJAMENTS TURÍSTICS PER NOMBRE D ´ESTRELLES. 4 ESTRELLES	2021	63
200	NOMBRE D ´ALLOTJAMENTS TURÍSTICS PER NOMBRE D ´ESTRELLES	0205060200040005	NOMBRE D ´ALLOTJAMENTS TURÍSTICS PER NOMBRE D ´ESTRELLES. 4 ESTRELLES	2022	58
200	NOMBRE D ´ALLOTJAMENTS TURÍSTICS PER NOMBRE D ´ESTRELLES	0205060200040005	NOMBRE D ´ALLOTJAMENTS TURÍSTICS PER NOMBRE D ´ESTRELLES. 4 ESTRELLES	2023	57
200	NOMBRE D ´ALLOTJAMENTS TURÍSTICS PER NOMBRE D ´ESTRELLES	0205060200040005	NOMBRE D ´ALLOTJAMENTS TURÍSTICS PER NOMBRE D ´ESTRELLES. 4 ESTRELLES	2024	56
200	NOMBRE D ´ALLOTJAMENTS TURÍSTICS PER NOMBRE D ´ESTRELLES	0205060200040005	NOMBRE D ´ALLOTJAMENTS TURÍSTICS PER NOMBRE D ´ESTRELLES. 4 ESTRELLES	2025	57
200	NOMBRE D ´ALLOTJAMENTS TURÍSTICS PER NOMBRE D ´ESTRELLES	0205060200040006	NOMBRE D ´ALLOTJAMENTS TURÍSTICS PER NOMBRE D ´ESTRELLES. 5 ESTRELLES	2004	7
200	NOMBRE D ´ALLOTJAMENTS TURÍSTICS PER NOMBRE D ´ESTRELLES	0205060200040006	NOMBRE D ´ALLOTJAMENTS TURÍSTICS PER NOMBRE D ´ESTRELLES. 5 ESTRELLES	2005	7
200	NOMBRE D ´ALLOTJAMENTS TURÍSTICS PER NOMBRE D ´ESTRELLES	0205060200040006	NOMBRE D ´ALLOTJAMENTS TURÍSTICS PER NOMBRE D ´ESTRELLES. 5 ESTRELLES	2006	7
200	NOMBRE D ´ALLOTJAMENTS TURÍSTICS PER NOMBRE D ´ESTRELLES	0205060200040006	NOMBRE D ´ALLOTJAMENTS TURÍSTICS PER NOMBRE D ´ESTRELLES. 5 ESTRELLES	2007	8
200	NOMBRE D ´ALLOTJAMENTS TURÍSTICS PER NOMBRE D ´ESTRELLES	0205060200040006	NOMBRE D ´ALLOTJAMENTS TURÍSTICS PER NOMBRE D ´ESTRELLES. 5 ESTRELLES	2008	9
200	NOMBRE D ´ALLOTJAMENTS TURÍSTICS PER NOMBRE D ´ESTRELLES	0205060200040006	NOMBRE D ´ALLOTJAMENTS TURÍSTICS PER NOMBRE D ´ESTRELLES. 5 ESTRELLES	2009	9
200	NOMBRE D ´ALLOTJAMENTS TURÍSTICS PER NOMBRE D ´ESTRELLES	0205060200040006	NOMBRE D ´ALLOTJAMENTS TURÍSTICS PER NOMBRE D ´ESTRELLES. 5 ESTRELLES	2010	8
200	NOMBRE D ´ALLOTJAMENTS TURÍSTICS PER NOMBRE D ´ESTRELLES	0205060200040006	NOMBRE D ´ALLOTJAMENTS TURÍSTICS PER NOMBRE D ´ESTRELLES. 5 ESTRELLES	2011	8
200	NOMBRE D ´ALLOTJAMENTS TURÍSTICS PER NOMBRE D ´ESTRELLES	0205060200040006	NOMBRE D ´ALLOTJAMENTS TURÍSTICS PER NOMBRE D ´ESTRELLES. 5 ESTRELLES	2012	8
200	NOMBRE D ´ALLOTJAMENTS TURÍSTICS PER NOMBRE D ´ESTRELLES	0205060200040006	NOMBRE D ´ALLOTJAMENTS TURÍSTICS PER NOMBRE D ´ESTRELLES. 5 ESTRELLES	2013	8
200	NOMBRE D ´ALLOTJAMENTS TURÍSTICS PER NOMBRE D ´ESTRELLES	0205060200040006	NOMBRE D ´ALLOTJAMENTS TURÍSTICS PER NOMBRE D ´ESTRELLES. 5 ESTRELLES	2014	8
200	NOMBRE D ´ALLOTJAMENTS TURÍSTICS PER NOMBRE D ´ESTRELLES	0205060200040006	NOMBRE D ´ALLOTJAMENTS TURÍSTICS PER NOMBRE D ´ESTRELLES. 5 ESTRELLES	2015	9
200	NOMBRE D ´ALLOTJAMENTS TURÍSTICS PER NOMBRE D ´ESTRELLES	0205060200040006	NOMBRE D ´ALLOTJAMENTS TURÍSTICS PER NOMBRE D ´ESTRELLES. 5 ESTRELLES	2016	9
200	NOMBRE D ´ALLOTJAMENTS TURÍSTICS PER NOMBRE D ´ESTRELLES	0205060200040006	NOMBRE D ´ALLOTJAMENTS TURÍSTICS PER NOMBRE D ´ESTRELLES. 5 ESTRELLES	2017	9
200	NOMBRE D ´ALLOTJAMENTS TURÍSTICS PER NOMBRE D ´ESTRELLES	0205060200040006	NOMBRE D ´ALLOTJAMENTS TURÍSTICS PER NOMBRE D ´ESTRELLES. 5 ESTRELLES	2018	10
200	NOMBRE D ´ALLOTJAMENTS TURÍSTICS PER NOMBRE D ´ESTRELLES	0205060200040006	NOMBRE D ´ALLOTJAMENTS TURÍSTICS PER NOMBRE D ´ESTRELLES. 5 ESTRELLES	2019	10
200	NOMBRE D ´ALLOTJAMENTS TURÍSTICS PER NOMBRE D ´ESTRELLES	0205060200040006	NOMBRE D ´ALLOTJAMENTS TURÍSTICS PER NOMBRE D ´ESTRELLES. 5 ESTRELLES	2020	9
200	NOMBRE D ´ALLOTJAMENTS TURÍSTICS PER NOMBRE D ´ESTRELLES	0205060200040006	NOMBRE D ´ALLOTJAMENTS TURÍSTICS PER NOMBRE D ´ESTRELLES. 5 ESTRELLES	2021	7
200	NOMBRE D ´ALLOTJAMENTS TURÍSTICS PER NOMBRE D ´ESTRELLES	0205060200040006	NOMBRE D ´ALLOTJAMENTS TURÍSTICS PER NOMBRE D ´ESTRELLES. 5 ESTRELLES	2022	10
200	NOMBRE D ´ALLOTJAMENTS TURÍSTICS PER NOMBRE D ´ESTRELLES	0205060200040006	NOMBRE D ´ALLOTJAMENTS TURÍSTICS PER NOMBRE D ´ESTRELLES. 5 ESTRELLES	2023	11
200	NOMBRE D ´ALLOTJAMENTS TURÍSTICS PER NOMBRE D ´ESTRELLES	0205060200040006	NOMBRE D ´ALLOTJAMENTS TURÍSTICS PER NOMBRE D ´ESTRELLES. 5 ESTRELLES	2024	11
200	NOMBRE D ´ALLOTJAMENTS TURÍSTICS PER NOMBRE D ´ESTRELLES	0205060200040006	NOMBRE D ´ALLOTJAMENTS TURÍSTICS PER NOMBRE D ´ESTRELLES. 5 ESTRELLES	2025	10
756	NOMBRE D'ALTRES ALLOTJAMENTS TURÍSTICS PER TIPUS	0205060200080001	NOMBRE D'ALTRES ALLOTJAMENTS TURÍSTICS PER TIPUS. EMPRESES DE GESTIÓ D’HABITATGES D’ÚS TURÍSTIC	2010	19
756	NOMBRE D'ALTRES ALLOTJAMENTS TURÍSTICS PER TIPUS	0205060200080001	NOMBRE D'ALTRES ALLOTJAMENTS TURÍSTICS PER TIPUS. EMPRESES DE GESTIÓ D’HABITATGES D’ÚS TURÍSTIC	2011	24
756	NOMBRE D'ALTRES ALLOTJAMENTS TURÍSTICS PER TIPUS	0205060200080001	NOMBRE D'ALTRES ALLOTJAMENTS TURÍSTICS PER TIPUS. EMPRESES DE GESTIÓ D’HABITATGES D’ÚS TURÍSTIC	2012	29
756	NOMBRE D'ALTRES ALLOTJAMENTS TURÍSTICS PER TIPUS	0205060200080001	NOMBRE D'ALTRES ALLOTJAMENTS TURÍSTICS PER TIPUS. EMPRESES DE GESTIÓ D’HABITATGES D’ÚS TURÍSTIC	2013	35
756	NOMBRE D'ALTRES ALLOTJAMENTS TURÍSTICS PER TIPUS	0205060200080001	NOMBRE D'ALTRES ALLOTJAMENTS TURÍSTICS PER TIPUS. EMPRESES DE GESTIÓ D’HABITATGES D’ÚS TURÍSTIC	2014	44
756	NOMBRE D'ALTRES ALLOTJAMENTS TURÍSTICS PER TIPUS	0205060200080001	NOMBRE D'ALTRES ALLOTJAMENTS TURÍSTICS PER TIPUS. EMPRESES DE GESTIÓ D’HABITATGES D’ÚS TURÍSTIC	2015	50
756	NOMBRE D'ALTRES ALLOTJAMENTS TURÍSTICS PER TIPUS	0205060200080001	NOMBRE D'ALTRES ALLOTJAMENTS TURÍSTICS PER TIPUS. EMPRESES DE GESTIÓ D’HABITATGES D’ÚS TURÍSTIC	2016	58
756	NOMBRE D'ALTRES ALLOTJAMENTS TURÍSTICS PER TIPUS	0205060200080001	NOMBRE D'ALTRES ALLOTJAMENTS TURÍSTICS PER TIPUS. EMPRESES DE GESTIÓ D’HABITATGES D’ÚS TURÍSTIC	2017	73
756	NOMBRE D'ALTRES ALLOTJAMENTS TURÍSTICS PER TIPUS	0205060200080001	NOMBRE D'ALTRES ALLOTJAMENTS TURÍSTICS PER TIPUS. EMPRESES DE GESTIÓ D’HABITATGES D’ÚS TURÍSTIC	2018	76
756	NOMBRE D'ALTRES ALLOTJAMENTS TURÍSTICS PER TIPUS	0205060200080001	NOMBRE D'ALTRES ALLOTJAMENTS TURÍSTICS PER TIPUS. EMPRESES DE GESTIÓ D’HABITATGES D’ÚS TURÍSTIC	2019	81
756	NOMBRE D'ALTRES ALLOTJAMENTS TURÍSTICS PER TIPUS	0205060200080001	NOMBRE D'ALTRES ALLOTJAMENTS TURÍSTICS PER TIPUS. EMPRESES DE GESTIÓ D’HABITATGES D’ÚS TURÍSTIC	2020	87
756	NOMBRE D'ALTRES ALLOTJAMENTS TURÍSTICS PER TIPUS	0205060200080001	NOMBRE D'ALTRES ALLOTJAMENTS TURÍSTICS PER TIPUS. EMPRESES DE GESTIÓ D’HABITATGES D’ÚS TURÍSTIC	2021	83
756	NOMBRE D'ALTRES ALLOTJAMENTS TURÍSTICS PER TIPUS	0205060200080001	NOMBRE D'ALTRES ALLOTJAMENTS TURÍSTICS PER TIPUS. EMPRESES DE GESTIÓ D’HABITATGES D’ÚS TURÍSTIC	2022	102
756	NOMBRE D'ALTRES ALLOTJAMENTS TURÍSTICS PER TIPUS	0205060200080001	NOMBRE D'ALTRES ALLOTJAMENTS TURÍSTICS PER TIPUS. EMPRESES DE GESTIÓ D’HABITATGES D’ÚS TURÍSTIC	2023	108
756	NOMBRE D'ALTRES ALLOTJAMENTS TURÍSTICS PER TIPUS	0205060200080001	NOMBRE D'ALTRES ALLOTJAMENTS TURÍSTICS PER TIPUS. EMPRESES DE GESTIÓ D’HABITATGES D’ÚS TURÍSTIC	2024	108
756	NOMBRE D'ALTRES ALLOTJAMENTS TURÍSTICS PER TIPUS	0205060200080001	NOMBRE D'ALTRES ALLOTJAMENTS TURÍSTICS PER TIPUS. EMPRESES DE GESTIÓ D’HABITATGES D’ÚS TURÍSTIC	2025	107
756	NOMBRE D'ALTRES ALLOTJAMENTS TURÍSTICS PER TIPUS	0205060200080002	NOMBRE D'ALTRES ALLOTJAMENTS TURÍSTICS PER TIPUS. ALLOTJAMENTS RURALS	2014	5
756	NOMBRE D'ALTRES ALLOTJAMENTS TURÍSTICS PER TIPUS	0205060200080002	NOMBRE D'ALTRES ALLOTJAMENTS TURÍSTICS PER TIPUS. ALLOTJAMENTS RURALS	2015	7
756	NOMBRE D'ALTRES ALLOTJAMENTS TURÍSTICS PER TIPUS	0205060200080002	NOMBRE D'ALTRES ALLOTJAMENTS TURÍSTICS PER TIPUS. ALLOTJAMENTS RURALS	2016	7
756	NOMBRE D'ALTRES ALLOTJAMENTS TURÍSTICS PER TIPUS	0205060200080002	NOMBRE D'ALTRES ALLOTJAMENTS TURÍSTICS PER TIPUS. ALLOTJAMENTS RURALS	2017	8
756	NOMBRE D'ALTRES ALLOTJAMENTS TURÍSTICS PER TIPUS	0205060200080002	NOMBRE D'ALTRES ALLOTJAMENTS TURÍSTICS PER TIPUS. ALLOTJAMENTS RURALS	2018	8
756	NOMBRE D'ALTRES ALLOTJAMENTS TURÍSTICS PER TIPUS	0205060200080002	NOMBRE D'ALTRES ALLOTJAMENTS TURÍSTICS PER TIPUS. ALLOTJAMENTS RURALS	2019	8
756	NOMBRE D'ALTRES ALLOTJAMENTS TURÍSTICS PER TIPUS	0205060200080002	NOMBRE D'ALTRES ALLOTJAMENTS TURÍSTICS PER TIPUS. ALLOTJAMENTS RURALS	2020	9
756	NOMBRE D'ALTRES ALLOTJAMENTS TURÍSTICS PER TIPUS	0205060200080002	NOMBRE D'ALTRES ALLOTJAMENTS TURÍSTICS PER TIPUS. ALLOTJAMENTS RURALS	2021	9
756	NOMBRE D'ALTRES ALLOTJAMENTS TURÍSTICS PER TIPUS	0205060200080002	NOMBRE D'ALTRES ALLOTJAMENTS TURÍSTICS PER TIPUS. ALLOTJAMENTS RURALS	2022	12
756	NOMBRE D'ALTRES ALLOTJAMENTS TURÍSTICS PER TIPUS	0205060200080002	NOMBRE D'ALTRES ALLOTJAMENTS TURÍSTICS PER TIPUS. ALLOTJAMENTS RURALS	2023	12
756	NOMBRE D'ALTRES ALLOTJAMENTS TURÍSTICS PER TIPUS	0205060200080002	NOMBRE D'ALTRES ALLOTJAMENTS TURÍSTICS PER TIPUS. ALLOTJAMENTS RURALS	2024	14
756	NOMBRE D'ALTRES ALLOTJAMENTS TURÍSTICS PER TIPUS	0205060200080002	NOMBRE D'ALTRES ALLOTJAMENTS TURÍSTICS PER TIPUS. ALLOTJAMENTS RURALS	2025	17
756	NOMBRE D'ALTRES ALLOTJAMENTS TURÍSTICS PER TIPUS	0205060200080003	NOMBRE D'ALTRES ALLOTJAMENTS TURÍSTICS PER TIPUS. CAMPINGS	2010	10
756	NOMBRE D'ALTRES ALLOTJAMENTS TURÍSTICS PER TIPUS	0205060200080003	NOMBRE D'ALTRES ALLOTJAMENTS TURÍSTICS PER TIPUS. CAMPINGS	2011	9
756	NOMBRE D'ALTRES ALLOTJAMENTS TURÍSTICS PER TIPUS	0205060200080003	NOMBRE D'ALTRES ALLOTJAMENTS TURÍSTICS PER TIPUS. CAMPINGS	2012	9
756	NOMBRE D'ALTRES ALLOTJAMENTS TURÍSTICS PER TIPUS	0205060200080003	NOMBRE D'ALTRES ALLOTJAMENTS TURÍSTICS PER TIPUS. CAMPINGS	2013	9
756	NOMBRE D'ALTRES ALLOTJAMENTS TURÍSTICS PER TIPUS	0205060200080003	NOMBRE D'ALTRES ALLOTJAMENTS TURÍSTICS PER TIPUS. CAMPINGS	2014	8
756	NOMBRE D'ALTRES ALLOTJAMENTS TURÍSTICS PER TIPUS	0205060200080003	NOMBRE D'ALTRES ALLOTJAMENTS TURÍSTICS PER TIPUS. CAMPINGS	2015	8
756	NOMBRE D'ALTRES ALLOTJAMENTS TURÍSTICS PER TIPUS	0205060200080003	NOMBRE D'ALTRES ALLOTJAMENTS TURÍSTICS PER TIPUS. CAMPINGS	2016	8
756	NOMBRE D'ALTRES ALLOTJAMENTS TURÍSTICS PER TIPUS	0205060200080003	NOMBRE D'ALTRES ALLOTJAMENTS TURÍSTICS PER TIPUS. CAMPINGS	2017	8
756	NOMBRE D'ALTRES ALLOTJAMENTS TURÍSTICS PER TIPUS	0205060200080003	NOMBRE D'ALTRES ALLOTJAMENTS TURÍSTICS PER TIPUS. CAMPINGS	2018	8
756	NOMBRE D'ALTRES ALLOTJAMENTS TURÍSTICS PER TIPUS	0205060200080003	NOMBRE D'ALTRES ALLOTJAMENTS TURÍSTICS PER TIPUS. CAMPINGS	2019	8
756	NOMBRE D'ALTRES ALLOTJAMENTS TURÍSTICS PER TIPUS	0205060200080003	NOMBRE D'ALTRES ALLOTJAMENTS TURÍSTICS PER TIPUS. CAMPINGS	2020	7
756	NOMBRE D'ALTRES ALLOTJAMENTS TURÍSTICS PER TIPUS	0205060200080003	NOMBRE D'ALTRES ALLOTJAMENTS TURÍSTICS PER TIPUS. CAMPINGS	2021	5
756	NOMBRE D'ALTRES ALLOTJAMENTS TURÍSTICS PER TIPUS	0205060200080003	NOMBRE D'ALTRES ALLOTJAMENTS TURÍSTICS PER TIPUS. CAMPINGS	2022	5
756	NOMBRE D'ALTRES ALLOTJAMENTS TURÍSTICS PER TIPUS	0205060200080003	NOMBRE D'ALTRES ALLOTJAMENTS TURÍSTICS PER TIPUS. CAMPINGS	2023	5
756	NOMBRE D'ALTRES ALLOTJAMENTS TURÍSTICS PER TIPUS	0205060200080003	NOMBRE D'ALTRES ALLOTJAMENTS TURÍSTICS PER TIPUS. CAMPINGS	2024	5
756	NOMBRE D'ALTRES ALLOTJAMENTS TURÍSTICS PER TIPUS	0205060200080003	NOMBRE D'ALTRES ALLOTJAMENTS TURÍSTICS PER TIPUS. CAMPINGS	2025	5
756	NOMBRE D'ALTRES ALLOTJAMENTS TURÍSTICS PER TIPUS	0205060200080004	NOMBRE D'ALTRES ALLOTJAMENTS TURÍSTICS PER TIPUS. ZONA D'ACAMPADA	2010	1
756	NOMBRE D'ALTRES ALLOTJAMENTS TURÍSTICS PER TIPUS	0205060200080004	NOMBRE D'ALTRES ALLOTJAMENTS TURÍSTICS PER TIPUS. ZONA D'ACAMPADA	2011	1
756	NOMBRE D'ALTRES ALLOTJAMENTS TURÍSTICS PER TIPUS	0205060200080004	NOMBRE D'ALTRES ALLOTJAMENTS TURÍSTICS PER TIPUS. ZONA D'ACAMPADA	2012	1
756	NOMBRE D'ALTRES ALLOTJAMENTS TURÍSTICS PER TIPUS	0205060200080004	NOMBRE D'ALTRES ALLOTJAMENTS TURÍSTICS PER TIPUS. ZONA D'ACAMPADA	2013	1
756	NOMBRE D'ALTRES ALLOTJAMENTS TURÍSTICS PER TIPUS	0205060200080004	NOMBRE D'ALTRES ALLOTJAMENTS TURÍSTICS PER TIPUS. ZONA D'ACAMPADA	2014	1
756	NOMBRE D'ALTRES ALLOTJAMENTS TURÍSTICS PER TIPUS	0205060200080004	NOMBRE D'ALTRES ALLOTJAMENTS TURÍSTICS PER TIPUS. ZONA D'ACAMPADA	2015	1
756	NOMBRE D'ALTRES ALLOTJAMENTS TURÍSTICS PER TIPUS	0205060200080004	NOMBRE D'ALTRES ALLOTJAMENTS TURÍSTICS PER TIPUS. ZONA D'ACAMPADA	2016	1
756	NOMBRE D'ALTRES ALLOTJAMENTS TURÍSTICS PER TIPUS	0205060200080004	NOMBRE D'ALTRES ALLOTJAMENTS TURÍSTICS PER TIPUS. ZONA D'ACAMPADA	2017	1
756	NOMBRE D'ALTRES ALLOTJAMENTS TURÍSTICS PER TIPUS	0205060200080004	NOMBRE D'ALTRES ALLOTJAMENTS TURÍSTICS PER TIPUS. ZONA D'ACAMPADA	2018	1
756	NOMBRE D'ALTRES ALLOTJAMENTS TURÍSTICS PER TIPUS	0205060200080004	NOMBRE D'ALTRES ALLOTJAMENTS TURÍSTICS PER TIPUS. ZONA D'ACAMPADA	2019	1
756	NOMBRE D'ALTRES ALLOTJAMENTS TURÍSTICS PER TIPUS	0205060200080004	NOMBRE D'ALTRES ALLOTJAMENTS TURÍSTICS PER TIPUS. ZONA D'ACAMPADA	2020	1
756	NOMBRE D'ALTRES ALLOTJAMENTS TURÍSTICS PER TIPUS	0205060200080004	NOMBRE D'ALTRES ALLOTJAMENTS TURÍSTICS PER TIPUS. ZONA D'ACAMPADA	2021	1
756	NOMBRE D'ALTRES ALLOTJAMENTS TURÍSTICS PER TIPUS	0205060200080004	NOMBRE D'ALTRES ALLOTJAMENTS TURÍSTICS PER TIPUS. ZONA D'ACAMPADA	2022	1
756	NOMBRE D'ALTRES ALLOTJAMENTS TURÍSTICS PER TIPUS	0205060200080004	NOMBRE D'ALTRES ALLOTJAMENTS TURÍSTICS PER TIPUS. ZONA D'ACAMPADA	2023	1
756	NOMBRE D'ALTRES ALLOTJAMENTS TURÍSTICS PER TIPUS	0205060200080004	NOMBRE D'ALTRES ALLOTJAMENTS TURÍSTICS PER TIPUS. ZONA D'ACAMPADA	2024	1
756	NOMBRE D'ALTRES ALLOTJAMENTS TURÍSTICS PER TIPUS	0205060200080004	NOMBRE D'ALTRES ALLOTJAMENTS TURÍSTICS PER TIPUS. ZONA D'ACAMPADA	2025	1
756	NOMBRE D'ALTRES ALLOTJAMENTS TURÍSTICS PER TIPUS	0205060200080005	NOMBRE D'ALTRES ALLOTJAMENTS TURÍSTICS PER TIPUS. CASES DE COLÒNIES	2010	1
756	NOMBRE D'ALTRES ALLOTJAMENTS TURÍSTICS PER TIPUS	0205060200080005	NOMBRE D'ALTRES ALLOTJAMENTS TURÍSTICS PER TIPUS. CASES DE COLÒNIES	2011	1
756	NOMBRE D'ALTRES ALLOTJAMENTS TURÍSTICS PER TIPUS	0205060200080005	NOMBRE D'ALTRES ALLOTJAMENTS TURÍSTICS PER TIPUS. CASES DE COLÒNIES	2012	1
756	NOMBRE D'ALTRES ALLOTJAMENTS TURÍSTICS PER TIPUS	0205060200080005	NOMBRE D'ALTRES ALLOTJAMENTS TURÍSTICS PER TIPUS. CASES DE COLÒNIES	2013	1
756	NOMBRE D'ALTRES ALLOTJAMENTS TURÍSTICS PER TIPUS	0205060200080005	NOMBRE D'ALTRES ALLOTJAMENTS TURÍSTICS PER TIPUS. CASES DE COLÒNIES	2014	1
756	NOMBRE D'ALTRES ALLOTJAMENTS TURÍSTICS PER TIPUS	0205060200080005	NOMBRE D'ALTRES ALLOTJAMENTS TURÍSTICS PER TIPUS. CASES DE COLÒNIES	2015	1
756	NOMBRE D'ALTRES ALLOTJAMENTS TURÍSTICS PER TIPUS	0205060200080005	NOMBRE D'ALTRES ALLOTJAMENTS TURÍSTICS PER TIPUS. CASES DE COLÒNIES	2016	1
756	NOMBRE D'ALTRES ALLOTJAMENTS TURÍSTICS PER TIPUS	0205060200080005	NOMBRE D'ALTRES ALLOTJAMENTS TURÍSTICS PER TIPUS. CASES DE COLÒNIES	2017	1
756	NOMBRE D'ALTRES ALLOTJAMENTS TURÍSTICS PER TIPUS	0205060200080005	NOMBRE D'ALTRES ALLOTJAMENTS TURÍSTICS PER TIPUS. CASES DE COLÒNIES	2018	1
756	NOMBRE D'ALTRES ALLOTJAMENTS TURÍSTICS PER TIPUS	0205060200080005	NOMBRE D'ALTRES ALLOTJAMENTS TURÍSTICS PER TIPUS. CASES DE COLÒNIES	2019	1
756	NOMBRE D'ALTRES ALLOTJAMENTS TURÍSTICS PER TIPUS	0205060200080005	NOMBRE D'ALTRES ALLOTJAMENTS TURÍSTICS PER TIPUS. CASES DE COLÒNIES	2020	1
756	NOMBRE D'ALTRES ALLOTJAMENTS TURÍSTICS PER TIPUS	0205060200080005	NOMBRE D'ALTRES ALLOTJAMENTS TURÍSTICS PER TIPUS. CASES DE COLÒNIES	2021	1
756	NOMBRE D'ALTRES ALLOTJAMENTS TURÍSTICS PER TIPUS	0205060200080005	NOMBRE D'ALTRES ALLOTJAMENTS TURÍSTICS PER TIPUS. CASES DE COLÒNIES	2022	1
756	NOMBRE D'ALTRES ALLOTJAMENTS TURÍSTICS PER TIPUS	0205060200080005	NOMBRE D'ALTRES ALLOTJAMENTS TURÍSTICS PER TIPUS. CASES DE COLÒNIES	2023	1
756	NOMBRE D'ALTRES ALLOTJAMENTS TURÍSTICS PER TIPUS	0205060200080005	NOMBRE D'ALTRES ALLOTJAMENTS TURÍSTICS PER TIPUS. CASES DE COLÒNIES	2024	1
756	NOMBRE D'ALTRES ALLOTJAMENTS TURÍSTICS PER TIPUS	0205060200080005	NOMBRE D'ALTRES ALLOTJAMENTS TURÍSTICS PER TIPUS. CASES DE COLÒNIES	2025	1
756	NOMBRE D'ALTRES ALLOTJAMENTS TURÍSTICS PER TIPUS	0205060200080006	NOMBRE D'ALTRES ALLOTJAMENTS TURÍSTICS PER TIPUS. REFUGIS DE MUNTANYA	2010	27
756	NOMBRE D'ALTRES ALLOTJAMENTS TURÍSTICS PER TIPUS	0205060200080006	NOMBRE D'ALTRES ALLOTJAMENTS TURÍSTICS PER TIPUS. REFUGIS DE MUNTANYA	2011	27
756	NOMBRE D'ALTRES ALLOTJAMENTS TURÍSTICS PER TIPUS	0205060200080006	NOMBRE D'ALTRES ALLOTJAMENTS TURÍSTICS PER TIPUS. REFUGIS DE MUNTANYA	2012	28
756	NOMBRE D'ALTRES ALLOTJAMENTS TURÍSTICS PER TIPUS	0205060200080006	NOMBRE D'ALTRES ALLOTJAMENTS TURÍSTICS PER TIPUS. REFUGIS DE MUNTANYA	2013	28
756	NOMBRE D'ALTRES ALLOTJAMENTS TURÍSTICS PER TIPUS	0205060200080006	NOMBRE D'ALTRES ALLOTJAMENTS TURÍSTICS PER TIPUS. REFUGIS DE MUNTANYA	2014	28
756	NOMBRE D'ALTRES ALLOTJAMENTS TURÍSTICS PER TIPUS	0205060200080006	NOMBRE D'ALTRES ALLOTJAMENTS TURÍSTICS PER TIPUS. REFUGIS DE MUNTANYA	2015	28
756	NOMBRE D'ALTRES ALLOTJAMENTS TURÍSTICS PER TIPUS	0205060200080006	NOMBRE D'ALTRES ALLOTJAMENTS TURÍSTICS PER TIPUS. REFUGIS DE MUNTANYA	2016	28
756	NOMBRE D'ALTRES ALLOTJAMENTS TURÍSTICS PER TIPUS	0205060200080006	NOMBRE D'ALTRES ALLOTJAMENTS TURÍSTICS PER TIPUS. REFUGIS DE MUNTANYA	2017	28
756	NOMBRE D'ALTRES ALLOTJAMENTS TURÍSTICS PER TIPUS	0205060200080006	NOMBRE D'ALTRES ALLOTJAMENTS TURÍSTICS PER TIPUS. REFUGIS DE MUNTANYA	2018	28
756	NOMBRE D'ALTRES ALLOTJAMENTS TURÍSTICS PER TIPUS	0205060200080006	NOMBRE D'ALTRES ALLOTJAMENTS TURÍSTICS PER TIPUS. REFUGIS DE MUNTANYA	2019	28
756	NOMBRE D'ALTRES ALLOTJAMENTS TURÍSTICS PER TIPUS	0205060200080006	NOMBRE D'ALTRES ALLOTJAMENTS TURÍSTICS PER TIPUS. REFUGIS DE MUNTANYA	2020	28
756	NOMBRE D'ALTRES ALLOTJAMENTS TURÍSTICS PER TIPUS	0205060200080006	NOMBRE D'ALTRES ALLOTJAMENTS TURÍSTICS PER TIPUS. REFUGIS DE MUNTANYA	2021	28
756	NOMBRE D'ALTRES ALLOTJAMENTS TURÍSTICS PER TIPUS	0205060200080006	NOMBRE D'ALTRES ALLOTJAMENTS TURÍSTICS PER TIPUS. REFUGIS DE MUNTANYA	2022	29
756	NOMBRE D'ALTRES ALLOTJAMENTS TURÍSTICS PER TIPUS	0205060200080006	NOMBRE D'ALTRES ALLOTJAMENTS TURÍSTICS PER TIPUS. REFUGIS DE MUNTANYA	2023	29
756	NOMBRE D'ALTRES ALLOTJAMENTS TURÍSTICS PER TIPUS	0205060200080006	NOMBRE D'ALTRES ALLOTJAMENTS TURÍSTICS PER TIPUS. REFUGIS DE MUNTANYA	2024	28
756	NOMBRE D'ALTRES ALLOTJAMENTS TURÍSTICS PER TIPUS	0205060200080006	NOMBRE D'ALTRES ALLOTJAMENTS TURÍSTICS PER TIPUS. REFUGIS DE MUNTANYA	2025	28
756	NOMBRE D'ALTRES ALLOTJAMENTS TURÍSTICS PER TIPUS	0205060200080007	NOMBRE D'ALTRES ALLOTJAMENTS TURÍSTICS PER TIPUS. ALBERGS DE JOVENTUT	2010	2
756	NOMBRE D'ALTRES ALLOTJAMENTS TURÍSTICS PER TIPUS	0205060200080007	NOMBRE D'ALTRES ALLOTJAMENTS TURÍSTICS PER TIPUS. ALBERGS DE JOVENTUT	2011	2
756	NOMBRE D'ALTRES ALLOTJAMENTS TURÍSTICS PER TIPUS	0205060200080007	NOMBRE D'ALTRES ALLOTJAMENTS TURÍSTICS PER TIPUS. ALBERGS DE JOVENTUT	2012	2
756	NOMBRE D'ALTRES ALLOTJAMENTS TURÍSTICS PER TIPUS	0205060200080007	NOMBRE D'ALTRES ALLOTJAMENTS TURÍSTICS PER TIPUS. ALBERGS DE JOVENTUT	2013	3
756	NOMBRE D'ALTRES ALLOTJAMENTS TURÍSTICS PER TIPUS	0205060200080007	NOMBRE D'ALTRES ALLOTJAMENTS TURÍSTICS PER TIPUS. ALBERGS DE JOVENTUT	2014	4
756	NOMBRE D'ALTRES ALLOTJAMENTS TURÍSTICS PER TIPUS	0205060200080007	NOMBRE D'ALTRES ALLOTJAMENTS TURÍSTICS PER TIPUS. ALBERGS DE JOVENTUT	2015	4
756	NOMBRE D'ALTRES ALLOTJAMENTS TURÍSTICS PER TIPUS	0205060200080007	NOMBRE D'ALTRES ALLOTJAMENTS TURÍSTICS PER TIPUS. ALBERGS DE JOVENTUT	2016	4
756	NOMBRE D'ALTRES ALLOTJAMENTS TURÍSTICS PER TIPUS	0205060200080007	NOMBRE D'ALTRES ALLOTJAMENTS TURÍSTICS PER TIPUS. ALBERGS DE JOVENTUT	2017	2
756	NOMBRE D'ALTRES ALLOTJAMENTS TURÍSTICS PER TIPUS	0205060200080007	NOMBRE D'ALTRES ALLOTJAMENTS TURÍSTICS PER TIPUS. ALBERGS DE JOVENTUT	2018	2
756	NOMBRE D'ALTRES ALLOTJAMENTS TURÍSTICS PER TIPUS	0205060200080007	NOMBRE D'ALTRES ALLOTJAMENTS TURÍSTICS PER TIPUS. ALBERGS DE JOVENTUT	2019	2
756	NOMBRE D'ALTRES ALLOTJAMENTS TURÍSTICS PER TIPUS	0205060200080007	NOMBRE D'ALTRES ALLOTJAMENTS TURÍSTICS PER TIPUS. ALBERGS DE JOVENTUT	2020	2
756	NOMBRE D'ALTRES ALLOTJAMENTS TURÍSTICS PER TIPUS	0205060200080007	NOMBRE D'ALTRES ALLOTJAMENTS TURÍSTICS PER TIPUS. ALBERGS DE JOVENTUT	2021	2
756	NOMBRE D'ALTRES ALLOTJAMENTS TURÍSTICS PER TIPUS	0205060200080007	NOMBRE D'ALTRES ALLOTJAMENTS TURÍSTICS PER TIPUS. ALBERGS DE JOVENTUT	2022	5
756	NOMBRE D'ALTRES ALLOTJAMENTS TURÍSTICS PER TIPUS	0205060200080007	NOMBRE D'ALTRES ALLOTJAMENTS TURÍSTICS PER TIPUS. ALBERGS DE JOVENTUT	2023	5
756	NOMBRE D'ALTRES ALLOTJAMENTS TURÍSTICS PER TIPUS	0205060200080007	NOMBRE D'ALTRES ALLOTJAMENTS TURÍSTICS PER TIPUS. ALBERGS DE JOVENTUT	2024	5
756	NOMBRE D'ALTRES ALLOTJAMENTS TURÍSTICS PER TIPUS	0205060200080007	NOMBRE D'ALTRES ALLOTJAMENTS TURÍSTICS PER TIPUS. ALBERGS DE JOVENTUT	2025	6
756	NOMBRE D'ALTRES ALLOTJAMENTS TURÍSTICS PER TIPUS	0205060200080008	NOMBRE D'ALTRES ALLOTJAMENTS TURÍSTICS PER TIPUS. XALETS	2010	0
756	NOMBRE D'ALTRES ALLOTJAMENTS TURÍSTICS PER TIPUS	0205060200080008	NOMBRE D'ALTRES ALLOTJAMENTS TURÍSTICS PER TIPUS. XALETS	2011	0
756	NOMBRE D'ALTRES ALLOTJAMENTS TURÍSTICS PER TIPUS	0205060200080008	NOMBRE D'ALTRES ALLOTJAMENTS TURÍSTICS PER TIPUS. XALETS	2012	1
756	NOMBRE D'ALTRES ALLOTJAMENTS TURÍSTICS PER TIPUS	0205060200080008	NOMBRE D'ALTRES ALLOTJAMENTS TURÍSTICS PER TIPUS. XALETS	2013	3
756	NOMBRE D'ALTRES ALLOTJAMENTS TURÍSTICS PER TIPUS	0205060200080008	NOMBRE D'ALTRES ALLOTJAMENTS TURÍSTICS PER TIPUS. XALETS	2014	5
756	NOMBRE D'ALTRES ALLOTJAMENTS TURÍSTICS PER TIPUS	0205060200080008	NOMBRE D'ALTRES ALLOTJAMENTS TURÍSTICS PER TIPUS. XALETS	2015	6
756	NOMBRE D'ALTRES ALLOTJAMENTS TURÍSTICS PER TIPUS	0205060200080008	NOMBRE D'ALTRES ALLOTJAMENTS TURÍSTICS PER TIPUS. XALETS	2016	6
756	NOMBRE D'ALTRES ALLOTJAMENTS TURÍSTICS PER TIPUS	0205060200080008	NOMBRE D'ALTRES ALLOTJAMENTS TURÍSTICS PER TIPUS. XALETS	2017	7
756	NOMBRE D'ALTRES ALLOTJAMENTS TURÍSTICS PER TIPUS	0205060200080008	NOMBRE D'ALTRES ALLOTJAMENTS TURÍSTICS PER TIPUS. XALETS	2018	0
756	NOMBRE D'ALTRES ALLOTJAMENTS TURÍSTICS PER TIPUS	0205060200080008	NOMBRE D'ALTRES ALLOTJAMENTS TURÍSTICS PER TIPUS. XALETS	2019	0
756	NOMBRE D'ALTRES ALLOTJAMENTS TURÍSTICS PER TIPUS	0205060200080008	NOMBRE D'ALTRES ALLOTJAMENTS TURÍSTICS PER TIPUS. XALETS	2020	0
756	NOMBRE D'ALTRES ALLOTJAMENTS TURÍSTICS PER TIPUS	0205060200080008	NOMBRE D'ALTRES ALLOTJAMENTS TURÍSTICS PER TIPUS. XALETS	2021	0
756	NOMBRE D'ALTRES ALLOTJAMENTS TURÍSTICS PER TIPUS	0205060200080008	NOMBRE D'ALTRES ALLOTJAMENTS TURÍSTICS PER TIPUS. XALETS	2022	0
756	NOMBRE D'ALTRES ALLOTJAMENTS TURÍSTICS PER TIPUS	0205060200080008	NOMBRE D'ALTRES ALLOTJAMENTS TURÍSTICS PER TIPUS. XALETS	2023	0
756	NOMBRE D'ALTRES ALLOTJAMENTS TURÍSTICS PER TIPUS	0205060200080008	NOMBRE D'ALTRES ALLOTJAMENTS TURÍSTICS PER TIPUS. XALETS	2024	0
756	NOMBRE D'ALTRES ALLOTJAMENTS TURÍSTICS PER TIPUS	0205060200080008	NOMBRE D'ALTRES ALLOTJAMENTS TURÍSTICS PER TIPUS. XALETS	2025	0
756	NOMBRE D'ALTRES ALLOTJAMENTS TURÍSTICS PER TIPUS	0205060200080009	NOMBRE D'ALTRES ALLOTJAMENTS TURÍSTICS PER TIPUS. BUNGALOUS	2010	0
756	NOMBRE D'ALTRES ALLOTJAMENTS TURÍSTICS PER TIPUS	0205060200080009	NOMBRE D'ALTRES ALLOTJAMENTS TURÍSTICS PER TIPUS. BUNGALOUS	2011	0
756	NOMBRE D'ALTRES ALLOTJAMENTS TURÍSTICS PER TIPUS	0205060200080009	NOMBRE D'ALTRES ALLOTJAMENTS TURÍSTICS PER TIPUS. BUNGALOUS	2012	0
756	NOMBRE D'ALTRES ALLOTJAMENTS TURÍSTICS PER TIPUS	0205060200080009	NOMBRE D'ALTRES ALLOTJAMENTS TURÍSTICS PER TIPUS. BUNGALOUS	2013	0
756	NOMBRE D'ALTRES ALLOTJAMENTS TURÍSTICS PER TIPUS	0205060200080009	NOMBRE D'ALTRES ALLOTJAMENTS TURÍSTICS PER TIPUS. BUNGALOUS	2014	0
756	NOMBRE D'ALTRES ALLOTJAMENTS TURÍSTICS PER TIPUS	0205060200080009	NOMBRE D'ALTRES ALLOTJAMENTS TURÍSTICS PER TIPUS. BUNGALOUS	2015	0
756	NOMBRE D'ALTRES ALLOTJAMENTS TURÍSTICS PER TIPUS	0205060200080009	NOMBRE D'ALTRES ALLOTJAMENTS TURÍSTICS PER TIPUS. BUNGALOUS	2016	0
756	NOMBRE D'ALTRES ALLOTJAMENTS TURÍSTICS PER TIPUS	0205060200080009	NOMBRE D'ALTRES ALLOTJAMENTS TURÍSTICS PER TIPUS. BUNGALOUS	2017	0
756	NOMBRE D'ALTRES ALLOTJAMENTS TURÍSTICS PER TIPUS	0205060200080009	NOMBRE D'ALTRES ALLOTJAMENTS TURÍSTICS PER TIPUS. BUNGALOUS	2018	0
756	NOMBRE D'ALTRES ALLOTJAMENTS TURÍSTICS PER TIPUS	0205060200080009	NOMBRE D'ALTRES ALLOTJAMENTS TURÍSTICS PER TIPUS. BUNGALOUS	2019	0
756	NOMBRE D'ALTRES ALLOTJAMENTS TURÍSTICS PER TIPUS	0205060200080009	NOMBRE D'ALTRES ALLOTJAMENTS TURÍSTICS PER TIPUS. BUNGALOUS	2020	0
756	NOMBRE D'ALTRES ALLOTJAMENTS TURÍSTICS PER TIPUS	0205060200080009	NOMBRE D'ALTRES ALLOTJAMENTS TURÍSTICS PER TIPUS. BUNGALOUS	2021	0
756	NOMBRE D'ALTRES ALLOTJAMENTS TURÍSTICS PER TIPUS	0205060200080009	NOMBRE D'ALTRES ALLOTJAMENTS TURÍSTICS PER TIPUS. BUNGALOUS	2022	0
756	NOMBRE D'ALTRES ALLOTJAMENTS TURÍSTICS PER TIPUS	0205060200080009	NOMBRE D'ALTRES ALLOTJAMENTS TURÍSTICS PER TIPUS. BUNGALOUS	2023	0
756	NOMBRE D'ALTRES ALLOTJAMENTS TURÍSTICS PER TIPUS	0205060200080009	NOMBRE D'ALTRES ALLOTJAMENTS TURÍSTICS PER TIPUS. BUNGALOUS	2024	0
756	NOMBRE D'ALTRES ALLOTJAMENTS TURÍSTICS PER TIPUS	0205060200080009	NOMBRE D'ALTRES ALLOTJAMENTS TURÍSTICS PER TIPUS. BUNGALOUS	2025	0
756	NOMBRE D'ALTRES ALLOTJAMENTS TURÍSTICS PER TIPUS	0205060200080010	NOMBRE D'ALTRES ALLOTJAMENTS TURÍSTICS. TOTAL	2010	60
756	NOMBRE D'ALTRES ALLOTJAMENTS TURÍSTICS PER TIPUS	0205060200080010	NOMBRE D'ALTRES ALLOTJAMENTS TURÍSTICS. TOTAL	2011	64
756	NOMBRE D'ALTRES ALLOTJAMENTS TURÍSTICS PER TIPUS	0205060200080010	NOMBRE D'ALTRES ALLOTJAMENTS TURÍSTICS. TOTAL	2012	71
756	NOMBRE D'ALTRES ALLOTJAMENTS TURÍSTICS PER TIPUS	0205060200080010	NOMBRE D'ALTRES ALLOTJAMENTS TURÍSTICS. TOTAL	2013	80
756	NOMBRE D'ALTRES ALLOTJAMENTS TURÍSTICS PER TIPUS	0205060200080010	NOMBRE D'ALTRES ALLOTJAMENTS TURÍSTICS. TOTAL	2014	96
756	NOMBRE D'ALTRES ALLOTJAMENTS TURÍSTICS PER TIPUS	0205060200080010	NOMBRE D'ALTRES ALLOTJAMENTS TURÍSTICS. TOTAL	2015	105
756	NOMBRE D'ALTRES ALLOTJAMENTS TURÍSTICS PER TIPUS	0205060200080010	NOMBRE D'ALTRES ALLOTJAMENTS TURÍSTICS. TOTAL	2016	113
756	NOMBRE D'ALTRES ALLOTJAMENTS TURÍSTICS PER TIPUS	0205060200080010	NOMBRE D'ALTRES ALLOTJAMENTS TURÍSTICS. TOTAL	2017	128
756	NOMBRE D'ALTRES ALLOTJAMENTS TURÍSTICS PER TIPUS	0205060200080010	NOMBRE D'ALTRES ALLOTJAMENTS TURÍSTICS. TOTAL	2018	124
756	NOMBRE D'ALTRES ALLOTJAMENTS TURÍSTICS PER TIPUS	0205060200080010	NOMBRE D'ALTRES ALLOTJAMENTS TURÍSTICS. TOTAL	2019	129
756	NOMBRE D'ALTRES ALLOTJAMENTS TURÍSTICS PER TIPUS	0205060200080010	NOMBRE D'ALTRES ALLOTJAMENTS TURÍSTICS. TOTAL	2020	135
756	NOMBRE D'ALTRES ALLOTJAMENTS TURÍSTICS PER TIPUS	0205060200080010	NOMBRE D'ALTRES ALLOTJAMENTS TURÍSTICS. TOTAL	2021	129
756	NOMBRE D'ALTRES ALLOTJAMENTS TURÍSTICS PER TIPUS	0205060200080010	NOMBRE D'ALTRES ALLOTJAMENTS TURÍSTICS. TOTAL	2022	155
756	NOMBRE D'ALTRES ALLOTJAMENTS TURÍSTICS PER TIPUS	0205060200080010	NOMBRE D'ALTRES ALLOTJAMENTS TURÍSTICS. TOTAL	2023	161
756	NOMBRE D'ALTRES ALLOTJAMENTS TURÍSTICS PER TIPUS	0205060200080010	NOMBRE D'ALTRES ALLOTJAMENTS TURÍSTICS. TOTAL	2024	162
756	NOMBRE D'ALTRES ALLOTJAMENTS TURÍSTICS PER TIPUS	0205060200080010	NOMBRE D'ALTRES ALLOTJAMENTS TURÍSTICS. TOTAL	2025	165
375	NOMBRE D ´HABITACIONS EN ALLOTJAMENTS TURÍSTICS	0205060300010001	NOMBRE D ´HABITACIONS EN ALLOTJAMENTS TURÍSTICS. TOTAL	2004	13952
375	NOMBRE D ´HABITACIONS EN ALLOTJAMENTS TURÍSTICS	0205060300010001	NOMBRE D ´HABITACIONS EN ALLOTJAMENTS TURÍSTICS. TOTAL	2005	14096
375	NOMBRE D ´HABITACIONS EN ALLOTJAMENTS TURÍSTICS	0205060300010001	NOMBRE D ´HABITACIONS EN ALLOTJAMENTS TURÍSTICS. TOTAL	2006	12677
375	NOMBRE D ´HABITACIONS EN ALLOTJAMENTS TURÍSTICS	0205060300010001	NOMBRE D ´HABITACIONS EN ALLOTJAMENTS TURÍSTICS. TOTAL	2007	12882
375	NOMBRE D ´HABITACIONS EN ALLOTJAMENTS TURÍSTICS	0205060300010001	NOMBRE D ´HABITACIONS EN ALLOTJAMENTS TURÍSTICS. TOTAL	2008	13011
375	NOMBRE D ´HABITACIONS EN ALLOTJAMENTS TURÍSTICS	0205060300010001	NOMBRE D ´HABITACIONS EN ALLOTJAMENTS TURÍSTICS. TOTAL	2009	12613
375	NOMBRE D ´HABITACIONS EN ALLOTJAMENTS TURÍSTICS	0205060300010001	NOMBRE D ´HABITACIONS EN ALLOTJAMENTS TURÍSTICS. TOTAL	2010	12664
375	NOMBRE D ´HABITACIONS EN ALLOTJAMENTS TURÍSTICS	0205060300010001	NOMBRE D ´HABITACIONS EN ALLOTJAMENTS TURÍSTICS. TOTAL	2011	12608
375	NOMBRE D ´HABITACIONS EN ALLOTJAMENTS TURÍSTICS	0205060300010001	NOMBRE D ´HABITACIONS EN ALLOTJAMENTS TURÍSTICS. TOTAL	2012	12506
375	NOMBRE D ´HABITACIONS EN ALLOTJAMENTS TURÍSTICS	0205060300010001	NOMBRE D ´HABITACIONS EN ALLOTJAMENTS TURÍSTICS. TOTAL	2013	12391
375	NOMBRE D ´HABITACIONS EN ALLOTJAMENTS TURÍSTICS	0205060300010001	NOMBRE D ´HABITACIONS EN ALLOTJAMENTS TURÍSTICS. TOTAL	2014	12339
375	NOMBRE D ´HABITACIONS EN ALLOTJAMENTS TURÍSTICS	0205060300010001	NOMBRE D ´HABITACIONS EN ALLOTJAMENTS TURÍSTICS. TOTAL	2015	12134
375	NOMBRE D ´HABITACIONS EN ALLOTJAMENTS TURÍSTICS	0205060300010001	NOMBRE D ´HABITACIONS EN ALLOTJAMENTS TURÍSTICS. TOTAL	2016	11910
375	NOMBRE D ´HABITACIONS EN ALLOTJAMENTS TURÍSTICS	0205060300010001	NOMBRE D ´HABITACIONS EN ALLOTJAMENTS TURÍSTICS. TOTAL	2017	11934
375	NOMBRE D ´HABITACIONS EN ALLOTJAMENTS TURÍSTICS	0205060300010001	NOMBRE D ´HABITACIONS EN ALLOTJAMENTS TURÍSTICS. TOTAL	2018	11998
375	NOMBRE D ´HABITACIONS EN ALLOTJAMENTS TURÍSTICS	0205060300010001	NOMBRE D ´HABITACIONS EN ALLOTJAMENTS TURÍSTICS. TOTAL	2019	11725
375	NOMBRE D ´HABITACIONS EN ALLOTJAMENTS TURÍSTICS	0205060300010001	NOMBRE D ´HABITACIONS EN ALLOTJAMENTS TURÍSTICS. TOTAL	2020	11547
375	NOMBRE D ´HABITACIONS EN ALLOTJAMENTS TURÍSTICS	0205060300010001	NOMBRE D ´HABITACIONS EN ALLOTJAMENTS TURÍSTICS. TOTAL	2021	11335
375	NOMBRE D ´HABITACIONS EN ALLOTJAMENTS TURÍSTICS	0205060300010001	NOMBRE D ´HABITACIONS EN ALLOTJAMENTS TURÍSTICS. TOTAL	2022	11660
375	NOMBRE D ´HABITACIONS EN ALLOTJAMENTS TURÍSTICS	0205060300010001	NOMBRE D ´HABITACIONS EN ALLOTJAMENTS TURÍSTICS. TOTAL	2023	11511
375	NOMBRE D ´HABITACIONS EN ALLOTJAMENTS TURÍSTICS	0205060300010001	NOMBRE D ´HABITACIONS EN ALLOTJAMENTS TURÍSTICS. TOTAL	2024	11416
375	NOMBRE D ´HABITACIONS EN ALLOTJAMENTS TURÍSTICS	0205060300010001	NOMBRE D ´HABITACIONS EN ALLOTJAMENTS TURÍSTICS. TOTAL	2025	11345
376	NOMBRE D ´HABITACIONS EN ALLOTJAMENTS TURÍSTICS PER PARRÒQUIA	0205060300020001	NOMBRE D ´HABITACIONS EN ALLOTJAMENTS TURÍSTICS PER PARRÒQUIA. CANILLO	2004	2141
376	NOMBRE D ´HABITACIONS EN ALLOTJAMENTS TURÍSTICS PER PARRÒQUIA	0205060300020001	NOMBRE D ´HABITACIONS EN ALLOTJAMENTS TURÍSTICS PER PARRÒQUIA. CANILLO	2005	2286
376	NOMBRE D ´HABITACIONS EN ALLOTJAMENTS TURÍSTICS PER PARRÒQUIA	0205060300020001	NOMBRE D ´HABITACIONS EN ALLOTJAMENTS TURÍSTICS PER PARRÒQUIA. CANILLO	2006	2088
376	NOMBRE D ´HABITACIONS EN ALLOTJAMENTS TURÍSTICS PER PARRÒQUIA	0205060300020001	NOMBRE D ´HABITACIONS EN ALLOTJAMENTS TURÍSTICS PER PARRÒQUIA. CANILLO	2007	2171
376	NOMBRE D ´HABITACIONS EN ALLOTJAMENTS TURÍSTICS PER PARRÒQUIA	0205060300020001	NOMBRE D ´HABITACIONS EN ALLOTJAMENTS TURÍSTICS PER PARRÒQUIA. CANILLO	2008	2469
376	NOMBRE D ´HABITACIONS EN ALLOTJAMENTS TURÍSTICS PER PARRÒQUIA	0205060300020001	NOMBRE D ´HABITACIONS EN ALLOTJAMENTS TURÍSTICS PER PARRÒQUIA. CANILLO	2009	2477
376	NOMBRE D ´HABITACIONS EN ALLOTJAMENTS TURÍSTICS PER PARRÒQUIA	0205060300020001	NOMBRE D ´HABITACIONS EN ALLOTJAMENTS TURÍSTICS PER PARRÒQUIA. CANILLO	2010	2536
376	NOMBRE D ´HABITACIONS EN ALLOTJAMENTS TURÍSTICS PER PARRÒQUIA	0205060300020001	NOMBRE D ´HABITACIONS EN ALLOTJAMENTS TURÍSTICS PER PARRÒQUIA. CANILLO	2011	2489
376	NOMBRE D ´HABITACIONS EN ALLOTJAMENTS TURÍSTICS PER PARRÒQUIA	0205060300020001	NOMBRE D ´HABITACIONS EN ALLOTJAMENTS TURÍSTICS PER PARRÒQUIA. CANILLO	2012	2531
376	NOMBRE D ´HABITACIONS EN ALLOTJAMENTS TURÍSTICS PER PARRÒQUIA	0205060300020001	NOMBRE D ´HABITACIONS EN ALLOTJAMENTS TURÍSTICS PER PARRÒQUIA. CANILLO	2013	2497
376	NOMBRE D ´HABITACIONS EN ALLOTJAMENTS TURÍSTICS PER PARRÒQUIA	0205060300020001	NOMBRE D ´HABITACIONS EN ALLOTJAMENTS TURÍSTICS PER PARRÒQUIA. CANILLO	2014	2514
376	NOMBRE D ´HABITACIONS EN ALLOTJAMENTS TURÍSTICS PER PARRÒQUIA	0205060300020001	NOMBRE D ´HABITACIONS EN ALLOTJAMENTS TURÍSTICS PER PARRÒQUIA. CANILLO	2015	2517
376	NOMBRE D ´HABITACIONS EN ALLOTJAMENTS TURÍSTICS PER PARRÒQUIA	0205060300020001	NOMBRE D ´HABITACIONS EN ALLOTJAMENTS TURÍSTICS PER PARRÒQUIA. CANILLO	2016	2439
376	NOMBRE D ´HABITACIONS EN ALLOTJAMENTS TURÍSTICS PER PARRÒQUIA	0205060300020001	NOMBRE D ´HABITACIONS EN ALLOTJAMENTS TURÍSTICS PER PARRÒQUIA. CANILLO	2017	2376
376	NOMBRE D ´HABITACIONS EN ALLOTJAMENTS TURÍSTICS PER PARRÒQUIA	0205060300020001	NOMBRE D ´HABITACIONS EN ALLOTJAMENTS TURÍSTICS PER PARRÒQUIA. CANILLO	2018	2470
376	NOMBRE D ´HABITACIONS EN ALLOTJAMENTS TURÍSTICS PER PARRÒQUIA	0205060300020001	NOMBRE D ´HABITACIONS EN ALLOTJAMENTS TURÍSTICS PER PARRÒQUIA. CANILLO	2019	2468
376	NOMBRE D ´HABITACIONS EN ALLOTJAMENTS TURÍSTICS PER PARRÒQUIA	0205060300020001	NOMBRE D ´HABITACIONS EN ALLOTJAMENTS TURÍSTICS PER PARRÒQUIA. CANILLO	2020	2419
376	NOMBRE D ´HABITACIONS EN ALLOTJAMENTS TURÍSTICS PER PARRÒQUIA	0205060300020001	NOMBRE D ´HABITACIONS EN ALLOTJAMENTS TURÍSTICS PER PARRÒQUIA. CANILLO	2021	2385
376	NOMBRE D ´HABITACIONS EN ALLOTJAMENTS TURÍSTICS PER PARRÒQUIA	0205060300020001	NOMBRE D ´HABITACIONS EN ALLOTJAMENTS TURÍSTICS PER PARRÒQUIA. CANILLO	2022	2498
376	NOMBRE D ´HABITACIONS EN ALLOTJAMENTS TURÍSTICS PER PARRÒQUIA	0205060300020001	NOMBRE D ´HABITACIONS EN ALLOTJAMENTS TURÍSTICS PER PARRÒQUIA. CANILLO	2023	2403
376	NOMBRE D ´HABITACIONS EN ALLOTJAMENTS TURÍSTICS PER PARRÒQUIA	0205060300020001	NOMBRE D ´HABITACIONS EN ALLOTJAMENTS TURÍSTICS PER PARRÒQUIA. CANILLO	2024	2398
376	NOMBRE D ´HABITACIONS EN ALLOTJAMENTS TURÍSTICS PER PARRÒQUIA	0205060300020001	NOMBRE D ´HABITACIONS EN ALLOTJAMENTS TURÍSTICS PER PARRÒQUIA. CANILLO	2025	2344
376	NOMBRE D ´HABITACIONS EN ALLOTJAMENTS TURÍSTICS PER PARRÒQUIA	0205060300020002	NOMBRE D ´HABITACIONS EN ALLOTJAMENTS TURÍSTICS PER PARRÒQUIA. ENCAMP	2004	3352
376	NOMBRE D ´HABITACIONS EN ALLOTJAMENTS TURÍSTICS PER PARRÒQUIA	0205060300020002	NOMBRE D ´HABITACIONS EN ALLOTJAMENTS TURÍSTICS PER PARRÒQUIA. ENCAMP	2005	3471
376	NOMBRE D ´HABITACIONS EN ALLOTJAMENTS TURÍSTICS PER PARRÒQUIA	0205060300020002	NOMBRE D ´HABITACIONS EN ALLOTJAMENTS TURÍSTICS PER PARRÒQUIA. ENCAMP	2006	2451
376	NOMBRE D ´HABITACIONS EN ALLOTJAMENTS TURÍSTICS PER PARRÒQUIA	0205060300020002	NOMBRE D ´HABITACIONS EN ALLOTJAMENTS TURÍSTICS PER PARRÒQUIA. ENCAMP	2007	2529
376	NOMBRE D ´HABITACIONS EN ALLOTJAMENTS TURÍSTICS PER PARRÒQUIA	0205060300020002	NOMBRE D ´HABITACIONS EN ALLOTJAMENTS TURÍSTICS PER PARRÒQUIA. ENCAMP	2008	2529
376	NOMBRE D ´HABITACIONS EN ALLOTJAMENTS TURÍSTICS PER PARRÒQUIA	0205060300020002	NOMBRE D ´HABITACIONS EN ALLOTJAMENTS TURÍSTICS PER PARRÒQUIA. ENCAMP	2009	2335
376	NOMBRE D ´HABITACIONS EN ALLOTJAMENTS TURÍSTICS PER PARRÒQUIA	0205060300020002	NOMBRE D ´HABITACIONS EN ALLOTJAMENTS TURÍSTICS PER PARRÒQUIA. ENCAMP	2010	2371
376	NOMBRE D ´HABITACIONS EN ALLOTJAMENTS TURÍSTICS PER PARRÒQUIA	0205060300020002	NOMBRE D ´HABITACIONS EN ALLOTJAMENTS TURÍSTICS PER PARRÒQUIA. ENCAMP	2011	2341
376	NOMBRE D ´HABITACIONS EN ALLOTJAMENTS TURÍSTICS PER PARRÒQUIA	0205060300020002	NOMBRE D ´HABITACIONS EN ALLOTJAMENTS TURÍSTICS PER PARRÒQUIA. ENCAMP	2012	2262
376	NOMBRE D ´HABITACIONS EN ALLOTJAMENTS TURÍSTICS PER PARRÒQUIA	0205060300020002	NOMBRE D ´HABITACIONS EN ALLOTJAMENTS TURÍSTICS PER PARRÒQUIA. ENCAMP	2013	2185
376	NOMBRE D ´HABITACIONS EN ALLOTJAMENTS TURÍSTICS PER PARRÒQUIA	0205060300020002	NOMBRE D ´HABITACIONS EN ALLOTJAMENTS TURÍSTICS PER PARRÒQUIA. ENCAMP	2014	2137
376	NOMBRE D ´HABITACIONS EN ALLOTJAMENTS TURÍSTICS PER PARRÒQUIA	0205060300020002	NOMBRE D ´HABITACIONS EN ALLOTJAMENTS TURÍSTICS PER PARRÒQUIA. ENCAMP	2015	2126
376	NOMBRE D ´HABITACIONS EN ALLOTJAMENTS TURÍSTICS PER PARRÒQUIA	0205060300020002	NOMBRE D ´HABITACIONS EN ALLOTJAMENTS TURÍSTICS PER PARRÒQUIA. ENCAMP	2016	2151
376	NOMBRE D ´HABITACIONS EN ALLOTJAMENTS TURÍSTICS PER PARRÒQUIA	0205060300020002	NOMBRE D ´HABITACIONS EN ALLOTJAMENTS TURÍSTICS PER PARRÒQUIA. ENCAMP	2017	2248
376	NOMBRE D ´HABITACIONS EN ALLOTJAMENTS TURÍSTICS PER PARRÒQUIA	0205060300020002	NOMBRE D ´HABITACIONS EN ALLOTJAMENTS TURÍSTICS PER PARRÒQUIA. ENCAMP	2018	2190
376	NOMBRE D ´HABITACIONS EN ALLOTJAMENTS TURÍSTICS PER PARRÒQUIA	0205060300020002	NOMBRE D ´HABITACIONS EN ALLOTJAMENTS TURÍSTICS PER PARRÒQUIA. ENCAMP	2019	2080
376	NOMBRE D ´HABITACIONS EN ALLOTJAMENTS TURÍSTICS PER PARRÒQUIA	0205060300020002	NOMBRE D ´HABITACIONS EN ALLOTJAMENTS TURÍSTICS PER PARRÒQUIA. ENCAMP	2020	2028
376	NOMBRE D ´HABITACIONS EN ALLOTJAMENTS TURÍSTICS PER PARRÒQUIA	0205060300020002	NOMBRE D ´HABITACIONS EN ALLOTJAMENTS TURÍSTICS PER PARRÒQUIA. ENCAMP	2021	1970
376	NOMBRE D ´HABITACIONS EN ALLOTJAMENTS TURÍSTICS PER PARRÒQUIA	0205060300020002	NOMBRE D ´HABITACIONS EN ALLOTJAMENTS TURÍSTICS PER PARRÒQUIA. ENCAMP	2022	2277
376	NOMBRE D ´HABITACIONS EN ALLOTJAMENTS TURÍSTICS PER PARRÒQUIA	0205060300020002	NOMBRE D ´HABITACIONS EN ALLOTJAMENTS TURÍSTICS PER PARRÒQUIA. ENCAMP	2023	2237
376	NOMBRE D ´HABITACIONS EN ALLOTJAMENTS TURÍSTICS PER PARRÒQUIA	0205060300020002	NOMBRE D ´HABITACIONS EN ALLOTJAMENTS TURÍSTICS PER PARRÒQUIA. ENCAMP	2024	2174
376	NOMBRE D ´HABITACIONS EN ALLOTJAMENTS TURÍSTICS PER PARRÒQUIA	0205060300020002	NOMBRE D ´HABITACIONS EN ALLOTJAMENTS TURÍSTICS PER PARRÒQUIA. ENCAMP	2025	2186
376	NOMBRE D ´HABITACIONS EN ALLOTJAMENTS TURÍSTICS PER PARRÒQUIA	0205060300020003	NOMBRE D ´HABITACIONS EN ALLOTJAMENTS TURÍSTICS PER PARRÒQUIA. ORDINO	2004	621
376	NOMBRE D ´HABITACIONS EN ALLOTJAMENTS TURÍSTICS PER PARRÒQUIA	0205060300020003	NOMBRE D ´HABITACIONS EN ALLOTJAMENTS TURÍSTICS PER PARRÒQUIA. ORDINO	2005	704
376	NOMBRE D ´HABITACIONS EN ALLOTJAMENTS TURÍSTICS PER PARRÒQUIA	0205060300020003	NOMBRE D ´HABITACIONS EN ALLOTJAMENTS TURÍSTICS PER PARRÒQUIA. ORDINO	2006	701
376	NOMBRE D ´HABITACIONS EN ALLOTJAMENTS TURÍSTICS PER PARRÒQUIA	0205060300020003	NOMBRE D ´HABITACIONS EN ALLOTJAMENTS TURÍSTICS PER PARRÒQUIA. ORDINO	2007	701
376	NOMBRE D ´HABITACIONS EN ALLOTJAMENTS TURÍSTICS PER PARRÒQUIA	0205060300020003	NOMBRE D ´HABITACIONS EN ALLOTJAMENTS TURÍSTICS PER PARRÒQUIA. ORDINO	2008	730
376	NOMBRE D ´HABITACIONS EN ALLOTJAMENTS TURÍSTICS PER PARRÒQUIA	0205060300020003	NOMBRE D ´HABITACIONS EN ALLOTJAMENTS TURÍSTICS PER PARRÒQUIA. ORDINO	2009	728
376	NOMBRE D ´HABITACIONS EN ALLOTJAMENTS TURÍSTICS PER PARRÒQUIA	0205060300020003	NOMBRE D ´HABITACIONS EN ALLOTJAMENTS TURÍSTICS PER PARRÒQUIA. ORDINO	2010	662
376	NOMBRE D ´HABITACIONS EN ALLOTJAMENTS TURÍSTICS PER PARRÒQUIA	0205060300020003	NOMBRE D ´HABITACIONS EN ALLOTJAMENTS TURÍSTICS PER PARRÒQUIA. ORDINO	2011	697
376	NOMBRE D ´HABITACIONS EN ALLOTJAMENTS TURÍSTICS PER PARRÒQUIA	0205060300020003	NOMBRE D ´HABITACIONS EN ALLOTJAMENTS TURÍSTICS PER PARRÒQUIA. ORDINO	2012	728
376	NOMBRE D ´HABITACIONS EN ALLOTJAMENTS TURÍSTICS PER PARRÒQUIA	0205060300020003	NOMBRE D ´HABITACIONS EN ALLOTJAMENTS TURÍSTICS PER PARRÒQUIA. ORDINO	2013	741
376	NOMBRE D ´HABITACIONS EN ALLOTJAMENTS TURÍSTICS PER PARRÒQUIA	0205060300020003	NOMBRE D ´HABITACIONS EN ALLOTJAMENTS TURÍSTICS PER PARRÒQUIA. ORDINO	2014	745
376	NOMBRE D ´HABITACIONS EN ALLOTJAMENTS TURÍSTICS PER PARRÒQUIA	0205060300020003	NOMBRE D ´HABITACIONS EN ALLOTJAMENTS TURÍSTICS PER PARRÒQUIA. ORDINO	2015	762
376	NOMBRE D ´HABITACIONS EN ALLOTJAMENTS TURÍSTICS PER PARRÒQUIA	0205060300020003	NOMBRE D ´HABITACIONS EN ALLOTJAMENTS TURÍSTICS PER PARRÒQUIA. ORDINO	2016	665
376	NOMBRE D ´HABITACIONS EN ALLOTJAMENTS TURÍSTICS PER PARRÒQUIA	0205060300020003	NOMBRE D ´HABITACIONS EN ALLOTJAMENTS TURÍSTICS PER PARRÒQUIA. ORDINO	2017	691
376	NOMBRE D ´HABITACIONS EN ALLOTJAMENTS TURÍSTICS PER PARRÒQUIA	0205060300020003	NOMBRE D ´HABITACIONS EN ALLOTJAMENTS TURÍSTICS PER PARRÒQUIA. ORDINO	2018	745
376	NOMBRE D ´HABITACIONS EN ALLOTJAMENTS TURÍSTICS PER PARRÒQUIA	0205060300020003	NOMBRE D ´HABITACIONS EN ALLOTJAMENTS TURÍSTICS PER PARRÒQUIA. ORDINO	2019	645
376	NOMBRE D ´HABITACIONS EN ALLOTJAMENTS TURÍSTICS PER PARRÒQUIA	0205060300020003	NOMBRE D ´HABITACIONS EN ALLOTJAMENTS TURÍSTICS PER PARRÒQUIA. ORDINO	2020	638
376	NOMBRE D ´HABITACIONS EN ALLOTJAMENTS TURÍSTICS PER PARRÒQUIA	0205060300020003	NOMBRE D ´HABITACIONS EN ALLOTJAMENTS TURÍSTICS PER PARRÒQUIA. ORDINO	2021	668
376	NOMBRE D ´HABITACIONS EN ALLOTJAMENTS TURÍSTICS PER PARRÒQUIA	0205060300020003	NOMBRE D ´HABITACIONS EN ALLOTJAMENTS TURÍSTICS PER PARRÒQUIA. ORDINO	2022	694
376	NOMBRE D ´HABITACIONS EN ALLOTJAMENTS TURÍSTICS PER PARRÒQUIA	0205060300020003	NOMBRE D ´HABITACIONS EN ALLOTJAMENTS TURÍSTICS PER PARRÒQUIA. ORDINO	2023	626
376	NOMBRE D ´HABITACIONS EN ALLOTJAMENTS TURÍSTICS PER PARRÒQUIA	0205060300020003	NOMBRE D ´HABITACIONS EN ALLOTJAMENTS TURÍSTICS PER PARRÒQUIA. ORDINO	2024	645
376	NOMBRE D ´HABITACIONS EN ALLOTJAMENTS TURÍSTICS PER PARRÒQUIA	0205060300020003	NOMBRE D ´HABITACIONS EN ALLOTJAMENTS TURÍSTICS PER PARRÒQUIA. ORDINO	2025	644
376	NOMBRE D ´HABITACIONS EN ALLOTJAMENTS TURÍSTICS PER PARRÒQUIA	0205060300020004	NOMBRE D ´HABITACIONS EN ALLOTJAMENTS TURÍSTICS PER PARRÒQUIA. LA MASSANA	2004	1872
376	NOMBRE D ´HABITACIONS EN ALLOTJAMENTS TURÍSTICS PER PARRÒQUIA	0205060300020004	NOMBRE D ´HABITACIONS EN ALLOTJAMENTS TURÍSTICS PER PARRÒQUIA. LA MASSANA	2005	1874
376	NOMBRE D ´HABITACIONS EN ALLOTJAMENTS TURÍSTICS PER PARRÒQUIA	0205060300020004	NOMBRE D ´HABITACIONS EN ALLOTJAMENTS TURÍSTICS PER PARRÒQUIA. LA MASSANA	2006	1776
376	NOMBRE D ´HABITACIONS EN ALLOTJAMENTS TURÍSTICS PER PARRÒQUIA	0205060300020004	NOMBRE D ´HABITACIONS EN ALLOTJAMENTS TURÍSTICS PER PARRÒQUIA. LA MASSANA	2007	1882
376	NOMBRE D ´HABITACIONS EN ALLOTJAMENTS TURÍSTICS PER PARRÒQUIA	0205060300020004	NOMBRE D ´HABITACIONS EN ALLOTJAMENTS TURÍSTICS PER PARRÒQUIA. LA MASSANA	2008	1902
376	NOMBRE D ´HABITACIONS EN ALLOTJAMENTS TURÍSTICS PER PARRÒQUIA	0205060300020004	NOMBRE D ´HABITACIONS EN ALLOTJAMENTS TURÍSTICS PER PARRÒQUIA. LA MASSANA	2009	1875
376	NOMBRE D ´HABITACIONS EN ALLOTJAMENTS TURÍSTICS PER PARRÒQUIA	0205060300020004	NOMBRE D ´HABITACIONS EN ALLOTJAMENTS TURÍSTICS PER PARRÒQUIA. LA MASSANA	2010	1862
376	NOMBRE D ´HABITACIONS EN ALLOTJAMENTS TURÍSTICS PER PARRÒQUIA	0205060300020004	NOMBRE D ´HABITACIONS EN ALLOTJAMENTS TURÍSTICS PER PARRÒQUIA. LA MASSANA	2011	1867
376	NOMBRE D ´HABITACIONS EN ALLOTJAMENTS TURÍSTICS PER PARRÒQUIA	0205060300020004	NOMBRE D ´HABITACIONS EN ALLOTJAMENTS TURÍSTICS PER PARRÒQUIA. LA MASSANA	2012	1820
376	NOMBRE D ´HABITACIONS EN ALLOTJAMENTS TURÍSTICS PER PARRÒQUIA	0205060300020004	NOMBRE D ´HABITACIONS EN ALLOTJAMENTS TURÍSTICS PER PARRÒQUIA. LA MASSANA	2013	1836
376	NOMBRE D ´HABITACIONS EN ALLOTJAMENTS TURÍSTICS PER PARRÒQUIA	0205060300020004	NOMBRE D ´HABITACIONS EN ALLOTJAMENTS TURÍSTICS PER PARRÒQUIA. LA MASSANA	2014	1852
376	NOMBRE D ´HABITACIONS EN ALLOTJAMENTS TURÍSTICS PER PARRÒQUIA	0205060300020004	NOMBRE D ´HABITACIONS EN ALLOTJAMENTS TURÍSTICS PER PARRÒQUIA. LA MASSANA	2015	1813
376	NOMBRE D ´HABITACIONS EN ALLOTJAMENTS TURÍSTICS PER PARRÒQUIA	0205060300020004	NOMBRE D ´HABITACIONS EN ALLOTJAMENTS TURÍSTICS PER PARRÒQUIA. LA MASSANA	2016	1812
376	NOMBRE D ´HABITACIONS EN ALLOTJAMENTS TURÍSTICS PER PARRÒQUIA	0205060300020004	NOMBRE D ´HABITACIONS EN ALLOTJAMENTS TURÍSTICS PER PARRÒQUIA. LA MASSANA	2017	1812
376	NOMBRE D ´HABITACIONS EN ALLOTJAMENTS TURÍSTICS PER PARRÒQUIA	0205060300020004	NOMBRE D ´HABITACIONS EN ALLOTJAMENTS TURÍSTICS PER PARRÒQUIA. LA MASSANA	2018	1813
376	NOMBRE D ´HABITACIONS EN ALLOTJAMENTS TURÍSTICS PER PARRÒQUIA	0205060300020004	NOMBRE D ´HABITACIONS EN ALLOTJAMENTS TURÍSTICS PER PARRÒQUIA. LA MASSANA	2019	1744
376	NOMBRE D ´HABITACIONS EN ALLOTJAMENTS TURÍSTICS PER PARRÒQUIA	0205060300020004	NOMBRE D ´HABITACIONS EN ALLOTJAMENTS TURÍSTICS PER PARRÒQUIA. LA MASSANA	2020	1748
376	NOMBRE D ´HABITACIONS EN ALLOTJAMENTS TURÍSTICS PER PARRÒQUIA	0205060300020004	NOMBRE D ´HABITACIONS EN ALLOTJAMENTS TURÍSTICS PER PARRÒQUIA. LA MASSANA	2021	1710
376	NOMBRE D ´HABITACIONS EN ALLOTJAMENTS TURÍSTICS PER PARRÒQUIA	0205060300020004	NOMBRE D ´HABITACIONS EN ALLOTJAMENTS TURÍSTICS PER PARRÒQUIA. LA MASSANA	2022	1563
376	NOMBRE D ´HABITACIONS EN ALLOTJAMENTS TURÍSTICS PER PARRÒQUIA	0205060300020004	NOMBRE D ´HABITACIONS EN ALLOTJAMENTS TURÍSTICS PER PARRÒQUIA. LA MASSANA	2023	1661
376	NOMBRE D ´HABITACIONS EN ALLOTJAMENTS TURÍSTICS PER PARRÒQUIA	0205060300020004	NOMBRE D ´HABITACIONS EN ALLOTJAMENTS TURÍSTICS PER PARRÒQUIA. LA MASSANA	2024	1683
376	NOMBRE D ´HABITACIONS EN ALLOTJAMENTS TURÍSTICS PER PARRÒQUIA	0205060300020004	NOMBRE D ´HABITACIONS EN ALLOTJAMENTS TURÍSTICS PER PARRÒQUIA. LA MASSANA	2025	1702
376	NOMBRE D ´HABITACIONS EN ALLOTJAMENTS TURÍSTICS PER PARRÒQUIA	0205060300020005	NOMBRE D ´HABITACIONS EN ALLOTJAMENTS TURÍSTICS PER PARRÒQUIA. ANDORRA LA VELLA	2004	2782
376	NOMBRE D ´HABITACIONS EN ALLOTJAMENTS TURÍSTICS PER PARRÒQUIA	0205060300020005	NOMBRE D ´HABITACIONS EN ALLOTJAMENTS TURÍSTICS PER PARRÒQUIA. ANDORRA LA VELLA	2005	2732
376	NOMBRE D ´HABITACIONS EN ALLOTJAMENTS TURÍSTICS PER PARRÒQUIA	0205060300020005	NOMBRE D ´HABITACIONS EN ALLOTJAMENTS TURÍSTICS PER PARRÒQUIA. ANDORRA LA VELLA	2006	2602
376	NOMBRE D ´HABITACIONS EN ALLOTJAMENTS TURÍSTICS PER PARRÒQUIA	0205060300020005	NOMBRE D ´HABITACIONS EN ALLOTJAMENTS TURÍSTICS PER PARRÒQUIA. ANDORRA LA VELLA	2007	2608
376	NOMBRE D ´HABITACIONS EN ALLOTJAMENTS TURÍSTICS PER PARRÒQUIA	0205060300020005	NOMBRE D ´HABITACIONS EN ALLOTJAMENTS TURÍSTICS PER PARRÒQUIA. ANDORRA LA VELLA	2008	2508
376	NOMBRE D ´HABITACIONS EN ALLOTJAMENTS TURÍSTICS PER PARRÒQUIA	0205060300020005	NOMBRE D ´HABITACIONS EN ALLOTJAMENTS TURÍSTICS PER PARRÒQUIA. ANDORRA LA VELLA	2009	2468
376	NOMBRE D ´HABITACIONS EN ALLOTJAMENTS TURÍSTICS PER PARRÒQUIA	0205060300020005	NOMBRE D ´HABITACIONS EN ALLOTJAMENTS TURÍSTICS PER PARRÒQUIA. ANDORRA LA VELLA	2010	2406
376	NOMBRE D ´HABITACIONS EN ALLOTJAMENTS TURÍSTICS PER PARRÒQUIA	0205060300020005	NOMBRE D ´HABITACIONS EN ALLOTJAMENTS TURÍSTICS PER PARRÒQUIA. ANDORRA LA VELLA	2011	2355
376	NOMBRE D ´HABITACIONS EN ALLOTJAMENTS TURÍSTICS PER PARRÒQUIA	0205060300020005	NOMBRE D ´HABITACIONS EN ALLOTJAMENTS TURÍSTICS PER PARRÒQUIA. ANDORRA LA VELLA	2012	2424
376	NOMBRE D ´HABITACIONS EN ALLOTJAMENTS TURÍSTICS PER PARRÒQUIA	0205060300020005	NOMBRE D ´HABITACIONS EN ALLOTJAMENTS TURÍSTICS PER PARRÒQUIA. ANDORRA LA VELLA	2013	2357
376	NOMBRE D ´HABITACIONS EN ALLOTJAMENTS TURÍSTICS PER PARRÒQUIA	0205060300020005	NOMBRE D ´HABITACIONS EN ALLOTJAMENTS TURÍSTICS PER PARRÒQUIA. ANDORRA LA VELLA	2014	2302
376	NOMBRE D ´HABITACIONS EN ALLOTJAMENTS TURÍSTICS PER PARRÒQUIA	0205060300020005	NOMBRE D ´HABITACIONS EN ALLOTJAMENTS TURÍSTICS PER PARRÒQUIA. ANDORRA LA VELLA	2015	2282
376	NOMBRE D ´HABITACIONS EN ALLOTJAMENTS TURÍSTICS PER PARRÒQUIA	0205060300020005	NOMBRE D ´HABITACIONS EN ALLOTJAMENTS TURÍSTICS PER PARRÒQUIA. ANDORRA LA VELLA	2016	2276
376	NOMBRE D ´HABITACIONS EN ALLOTJAMENTS TURÍSTICS PER PARRÒQUIA	0205060300020005	NOMBRE D ´HABITACIONS EN ALLOTJAMENTS TURÍSTICS PER PARRÒQUIA. ANDORRA LA VELLA	2017	2257
376	NOMBRE D ´HABITACIONS EN ALLOTJAMENTS TURÍSTICS PER PARRÒQUIA	0205060300020005	NOMBRE D ´HABITACIONS EN ALLOTJAMENTS TURÍSTICS PER PARRÒQUIA. ANDORRA LA VELLA	2018	2258
376	NOMBRE D ´HABITACIONS EN ALLOTJAMENTS TURÍSTICS PER PARRÒQUIA	0205060300020005	NOMBRE D ´HABITACIONS EN ALLOTJAMENTS TURÍSTICS PER PARRÒQUIA. ANDORRA LA VELLA	2019	2262
376	NOMBRE D ´HABITACIONS EN ALLOTJAMENTS TURÍSTICS PER PARRÒQUIA	0205060300020005	NOMBRE D ´HABITACIONS EN ALLOTJAMENTS TURÍSTICS PER PARRÒQUIA. ANDORRA LA VELLA	2020	2199
376	NOMBRE D ´HABITACIONS EN ALLOTJAMENTS TURÍSTICS PER PARRÒQUIA	0205060300020005	NOMBRE D ´HABITACIONS EN ALLOTJAMENTS TURÍSTICS PER PARRÒQUIA. ANDORRA LA VELLA	2021	2166
376	NOMBRE D ´HABITACIONS EN ALLOTJAMENTS TURÍSTICS PER PARRÒQUIA	0205060300020005	NOMBRE D ´HABITACIONS EN ALLOTJAMENTS TURÍSTICS PER PARRÒQUIA. ANDORRA LA VELLA	2022	2211
376	NOMBRE D ´HABITACIONS EN ALLOTJAMENTS TURÍSTICS PER PARRÒQUIA	0205060300020005	NOMBRE D ´HABITACIONS EN ALLOTJAMENTS TURÍSTICS PER PARRÒQUIA. ANDORRA LA VELLA	2023	2267
376	NOMBRE D ´HABITACIONS EN ALLOTJAMENTS TURÍSTICS PER PARRÒQUIA	0205060300020005	NOMBRE D ´HABITACIONS EN ALLOTJAMENTS TURÍSTICS PER PARRÒQUIA. ANDORRA LA VELLA	2024	2281
376	NOMBRE D ´HABITACIONS EN ALLOTJAMENTS TURÍSTICS PER PARRÒQUIA	0205060300020005	NOMBRE D ´HABITACIONS EN ALLOTJAMENTS TURÍSTICS PER PARRÒQUIA. ANDORRA LA VELLA	2025	2199
376	NOMBRE D ´HABITACIONS EN ALLOTJAMENTS TURÍSTICS PER PARRÒQUIA	0205060300020006	NOMBRE D ´HABITACIONS EN ALLOTJAMENTS TURÍSTICS PER PARRÒQUIA. SANT JULIÀ DE LÒRIA	2004	554
376	NOMBRE D ´HABITACIONS EN ALLOTJAMENTS TURÍSTICS PER PARRÒQUIA	0205060300020006	NOMBRE D ´HABITACIONS EN ALLOTJAMENTS TURÍSTICS PER PARRÒQUIA. SANT JULIÀ DE LÒRIA	2005	603
376	NOMBRE D ´HABITACIONS EN ALLOTJAMENTS TURÍSTICS PER PARRÒQUIA	0205060300020006	NOMBRE D ´HABITACIONS EN ALLOTJAMENTS TURÍSTICS PER PARRÒQUIA. SANT JULIÀ DE LÒRIA	2006	593
376	NOMBRE D ´HABITACIONS EN ALLOTJAMENTS TURÍSTICS PER PARRÒQUIA	0205060300020006	NOMBRE D ´HABITACIONS EN ALLOTJAMENTS TURÍSTICS PER PARRÒQUIA. SANT JULIÀ DE LÒRIA	2007	593
376	NOMBRE D ´HABITACIONS EN ALLOTJAMENTS TURÍSTICS PER PARRÒQUIA	0205060300020006	NOMBRE D ´HABITACIONS EN ALLOTJAMENTS TURÍSTICS PER PARRÒQUIA. SANT JULIÀ DE LÒRIA	2008	630
376	NOMBRE D ´HABITACIONS EN ALLOTJAMENTS TURÍSTICS PER PARRÒQUIA	0205060300020006	NOMBRE D ´HABITACIONS EN ALLOTJAMENTS TURÍSTICS PER PARRÒQUIA. SANT JULIÀ DE LÒRIA	2009	581
376	NOMBRE D ´HABITACIONS EN ALLOTJAMENTS TURÍSTICS PER PARRÒQUIA	0205060300020006	NOMBRE D ´HABITACIONS EN ALLOTJAMENTS TURÍSTICS PER PARRÒQUIA. SANT JULIÀ DE LÒRIA	2010	585
376	NOMBRE D ´HABITACIONS EN ALLOTJAMENTS TURÍSTICS PER PARRÒQUIA	0205060300020006	NOMBRE D ´HABITACIONS EN ALLOTJAMENTS TURÍSTICS PER PARRÒQUIA. SANT JULIÀ DE LÒRIA	2011	571
376	NOMBRE D ´HABITACIONS EN ALLOTJAMENTS TURÍSTICS PER PARRÒQUIA	0205060300020006	NOMBRE D ´HABITACIONS EN ALLOTJAMENTS TURÍSTICS PER PARRÒQUIA. SANT JULIÀ DE LÒRIA	2012	527
376	NOMBRE D ´HABITACIONS EN ALLOTJAMENTS TURÍSTICS PER PARRÒQUIA	0205060300020006	NOMBRE D ´HABITACIONS EN ALLOTJAMENTS TURÍSTICS PER PARRÒQUIA. SANT JULIÀ DE LÒRIA	2013	527
376	NOMBRE D ´HABITACIONS EN ALLOTJAMENTS TURÍSTICS PER PARRÒQUIA	0205060300020006	NOMBRE D ´HABITACIONS EN ALLOTJAMENTS TURÍSTICS PER PARRÒQUIA. SANT JULIÀ DE LÒRIA	2014	521
376	NOMBRE D ´HABITACIONS EN ALLOTJAMENTS TURÍSTICS PER PARRÒQUIA	0205060300020006	NOMBRE D ´HABITACIONS EN ALLOTJAMENTS TURÍSTICS PER PARRÒQUIA. SANT JULIÀ DE LÒRIA	2015	375
376	NOMBRE D ´HABITACIONS EN ALLOTJAMENTS TURÍSTICS PER PARRÒQUIA	0205060300020006	NOMBRE D ´HABITACIONS EN ALLOTJAMENTS TURÍSTICS PER PARRÒQUIA. SANT JULIÀ DE LÒRIA	2016	355
376	NOMBRE D ´HABITACIONS EN ALLOTJAMENTS TURÍSTICS PER PARRÒQUIA	0205060300020006	NOMBRE D ´HABITACIONS EN ALLOTJAMENTS TURÍSTICS PER PARRÒQUIA. SANT JULIÀ DE LÒRIA	2017	335
376	NOMBRE D ´HABITACIONS EN ALLOTJAMENTS TURÍSTICS PER PARRÒQUIA	0205060300020006	NOMBRE D ´HABITACIONS EN ALLOTJAMENTS TURÍSTICS PER PARRÒQUIA. SANT JULIÀ DE LÒRIA	2018	354
376	NOMBRE D ´HABITACIONS EN ALLOTJAMENTS TURÍSTICS PER PARRÒQUIA	0205060300020006	NOMBRE D ´HABITACIONS EN ALLOTJAMENTS TURÍSTICS PER PARRÒQUIA. SANT JULIÀ DE LÒRIA	2019	354
376	NOMBRE D ´HABITACIONS EN ALLOTJAMENTS TURÍSTICS PER PARRÒQUIA	0205060300020006	NOMBRE D ´HABITACIONS EN ALLOTJAMENTS TURÍSTICS PER PARRÒQUIA. SANT JULIÀ DE LÒRIA	2020	360
376	NOMBRE D ´HABITACIONS EN ALLOTJAMENTS TURÍSTICS PER PARRÒQUIA	0205060300020006	NOMBRE D ´HABITACIONS EN ALLOTJAMENTS TURÍSTICS PER PARRÒQUIA. SANT JULIÀ DE LÒRIA	2021	354
376	NOMBRE D ´HABITACIONS EN ALLOTJAMENTS TURÍSTICS PER PARRÒQUIA	0205060300020006	NOMBRE D ´HABITACIONS EN ALLOTJAMENTS TURÍSTICS PER PARRÒQUIA. SANT JULIÀ DE LÒRIA	2022	439
376	NOMBRE D ´HABITACIONS EN ALLOTJAMENTS TURÍSTICS PER PARRÒQUIA	0205060300020006	NOMBRE D ´HABITACIONS EN ALLOTJAMENTS TURÍSTICS PER PARRÒQUIA. SANT JULIÀ DE LÒRIA	2023	439
376	NOMBRE D ´HABITACIONS EN ALLOTJAMENTS TURÍSTICS PER PARRÒQUIA	0205060300020006	NOMBRE D ´HABITACIONS EN ALLOTJAMENTS TURÍSTICS PER PARRÒQUIA. SANT JULIÀ DE LÒRIA	2024	408
376	NOMBRE D ´HABITACIONS EN ALLOTJAMENTS TURÍSTICS PER PARRÒQUIA	0205060300020006	NOMBRE D ´HABITACIONS EN ALLOTJAMENTS TURÍSTICS PER PARRÒQUIA. SANT JULIÀ DE LÒRIA	2025	408
376	NOMBRE D ´HABITACIONS EN ALLOTJAMENTS TURÍSTICS PER PARRÒQUIA	0205060300020007	NOMBRE D ´HABITACIONS EN ALLOTJAMENTS TURÍSTICS PER PARRÒQUIA. ESCALDES-ENGORDANY	2004	2630
376	NOMBRE D ´HABITACIONS EN ALLOTJAMENTS TURÍSTICS PER PARRÒQUIA	0205060300020007	NOMBRE D ´HABITACIONS EN ALLOTJAMENTS TURÍSTICS PER PARRÒQUIA. ESCALDES-ENGORDANY	2005	2426
376	NOMBRE D ´HABITACIONS EN ALLOTJAMENTS TURÍSTICS PER PARRÒQUIA	0205060300020007	NOMBRE D ´HABITACIONS EN ALLOTJAMENTS TURÍSTICS PER PARRÒQUIA. ESCALDES-ENGORDANY	2006	2466
376	NOMBRE D ´HABITACIONS EN ALLOTJAMENTS TURÍSTICS PER PARRÒQUIA	0205060300020007	NOMBRE D ´HABITACIONS EN ALLOTJAMENTS TURÍSTICS PER PARRÒQUIA. ESCALDES-ENGORDANY	2007	2398
376	NOMBRE D ´HABITACIONS EN ALLOTJAMENTS TURÍSTICS PER PARRÒQUIA	0205060300020007	NOMBRE D ´HABITACIONS EN ALLOTJAMENTS TURÍSTICS PER PARRÒQUIA. ESCALDES-ENGORDANY	2008	2243
376	NOMBRE D ´HABITACIONS EN ALLOTJAMENTS TURÍSTICS PER PARRÒQUIA	0205060300020007	NOMBRE D ´HABITACIONS EN ALLOTJAMENTS TURÍSTICS PER PARRÒQUIA. ESCALDES-ENGORDANY	2009	2149
376	NOMBRE D ´HABITACIONS EN ALLOTJAMENTS TURÍSTICS PER PARRÒQUIA	0205060300020007	NOMBRE D ´HABITACIONS EN ALLOTJAMENTS TURÍSTICS PER PARRÒQUIA. ESCALDES-ENGORDANY	2010	2242
376	NOMBRE D ´HABITACIONS EN ALLOTJAMENTS TURÍSTICS PER PARRÒQUIA	0205060300020007	NOMBRE D ´HABITACIONS EN ALLOTJAMENTS TURÍSTICS PER PARRÒQUIA. ESCALDES-ENGORDANY	2011	2288
376	NOMBRE D ´HABITACIONS EN ALLOTJAMENTS TURÍSTICS PER PARRÒQUIA	0205060300020007	NOMBRE D ´HABITACIONS EN ALLOTJAMENTS TURÍSTICS PER PARRÒQUIA. ESCALDES-ENGORDANY	2012	2214
376	NOMBRE D ´HABITACIONS EN ALLOTJAMENTS TURÍSTICS PER PARRÒQUIA	0205060300020007	NOMBRE D ´HABITACIONS EN ALLOTJAMENTS TURÍSTICS PER PARRÒQUIA. ESCALDES-ENGORDANY	2013	2248
376	NOMBRE D ´HABITACIONS EN ALLOTJAMENTS TURÍSTICS PER PARRÒQUIA	0205060300020007	NOMBRE D ´HABITACIONS EN ALLOTJAMENTS TURÍSTICS PER PARRÒQUIA. ESCALDES-ENGORDANY	2014	2268
376	NOMBRE D ´HABITACIONS EN ALLOTJAMENTS TURÍSTICS PER PARRÒQUIA	0205060300020007	NOMBRE D ´HABITACIONS EN ALLOTJAMENTS TURÍSTICS PER PARRÒQUIA. ESCALDES-ENGORDANY	2015	2259
376	NOMBRE D ´HABITACIONS EN ALLOTJAMENTS TURÍSTICS PER PARRÒQUIA	0205060300020007	NOMBRE D ´HABITACIONS EN ALLOTJAMENTS TURÍSTICS PER PARRÒQUIA. ESCALDES-ENGORDANY	2016	2212
376	NOMBRE D ´HABITACIONS EN ALLOTJAMENTS TURÍSTICS PER PARRÒQUIA	0205060300020007	NOMBRE D ´HABITACIONS EN ALLOTJAMENTS TURÍSTICS PER PARRÒQUIA. ESCALDES-ENGORDANY	2017	2215
376	NOMBRE D ´HABITACIONS EN ALLOTJAMENTS TURÍSTICS PER PARRÒQUIA	0205060300020007	NOMBRE D ´HABITACIONS EN ALLOTJAMENTS TURÍSTICS PER PARRÒQUIA. ESCALDES-ENGORDANY	2018	2168
376	NOMBRE D ´HABITACIONS EN ALLOTJAMENTS TURÍSTICS PER PARRÒQUIA	0205060300020007	NOMBRE D ´HABITACIONS EN ALLOTJAMENTS TURÍSTICS PER PARRÒQUIA. ESCALDES-ENGORDANY	2019	2172
376	NOMBRE D ´HABITACIONS EN ALLOTJAMENTS TURÍSTICS PER PARRÒQUIA	0205060300020007	NOMBRE D ´HABITACIONS EN ALLOTJAMENTS TURÍSTICS PER PARRÒQUIA. ESCALDES-ENGORDANY	2020	2155
376	NOMBRE D ´HABITACIONS EN ALLOTJAMENTS TURÍSTICS PER PARRÒQUIA	0205060300020007	NOMBRE D ´HABITACIONS EN ALLOTJAMENTS TURÍSTICS PER PARRÒQUIA. ESCALDES-ENGORDANY	2021	2082
376	NOMBRE D ´HABITACIONS EN ALLOTJAMENTS TURÍSTICS PER PARRÒQUIA	0205060300020007	NOMBRE D ´HABITACIONS EN ALLOTJAMENTS TURÍSTICS PER PARRÒQUIA. ESCALDES-ENGORDANY	2022	1978
376	NOMBRE D ´HABITACIONS EN ALLOTJAMENTS TURÍSTICS PER PARRÒQUIA	0205060300020007	NOMBRE D ´HABITACIONS EN ALLOTJAMENTS TURÍSTICS PER PARRÒQUIA. ESCALDES-ENGORDANY	2023	1878
376	NOMBRE D ´HABITACIONS EN ALLOTJAMENTS TURÍSTICS PER PARRÒQUIA	0205060300020007	NOMBRE D ´HABITACIONS EN ALLOTJAMENTS TURÍSTICS PER PARRÒQUIA. ESCALDES-ENGORDANY	2024	1827
376	NOMBRE D ´HABITACIONS EN ALLOTJAMENTS TURÍSTICS PER PARRÒQUIA	0205060300020007	NOMBRE D ´HABITACIONS EN ALLOTJAMENTS TURÍSTICS PER PARRÒQUIA. ESCALDES-ENGORDANY	2025	1862
3621	PERNOCTACIONS PER TIPUS D'ALLOTJAMENT (METODOLOGIA 2025)	0205061200030001	PERNOCTACIONS PER TIPUS D'ALLOTJAMENT (METODOLOGIA 2025). HOTELERA	2022/01	579198
3621	PERNOCTACIONS PER TIPUS D'ALLOTJAMENT (METODOLOGIA 2025)	0205061200030001	PERNOCTACIONS PER TIPUS D'ALLOTJAMENT (METODOLOGIA 2025). HOTELERA	2022/02	684131
3621	PERNOCTACIONS PER TIPUS D'ALLOTJAMENT (METODOLOGIA 2025)	0205061200030001	PERNOCTACIONS PER TIPUS D'ALLOTJAMENT (METODOLOGIA 2025). HOTELERA	2022/03	503668
3621	PERNOCTACIONS PER TIPUS D'ALLOTJAMENT (METODOLOGIA 2025)	0205061200030001	PERNOCTACIONS PER TIPUS D'ALLOTJAMENT (METODOLOGIA 2025). HOTELERA	2022/04	392307
3621	PERNOCTACIONS PER TIPUS D'ALLOTJAMENT (METODOLOGIA 2025)	0205061200030001	PERNOCTACIONS PER TIPUS D'ALLOTJAMENT (METODOLOGIA 2025). HOTELERA	2022/05	141656
3621	PERNOCTACIONS PER TIPUS D'ALLOTJAMENT (METODOLOGIA 2025)	0205061200030001	PERNOCTACIONS PER TIPUS D'ALLOTJAMENT (METODOLOGIA 2025). HOTELERA	2022/06	392415
3621	PERNOCTACIONS PER TIPUS D'ALLOTJAMENT (METODOLOGIA 2025)	0205061200030001	PERNOCTACIONS PER TIPUS D'ALLOTJAMENT (METODOLOGIA 2025). HOTELERA	2022/07	557343
3621	PERNOCTACIONS PER TIPUS D'ALLOTJAMENT (METODOLOGIA 2025)	0205061200030001	PERNOCTACIONS PER TIPUS D'ALLOTJAMENT (METODOLOGIA 2025). HOTELERA	2022/08	832742
3621	PERNOCTACIONS PER TIPUS D'ALLOTJAMENT (METODOLOGIA 2025)	0205061200030001	PERNOCTACIONS PER TIPUS D'ALLOTJAMENT (METODOLOGIA 2025). HOTELERA	2022/09	532367
3621	PERNOCTACIONS PER TIPUS D'ALLOTJAMENT (METODOLOGIA 2025)	0205061200030001	PERNOCTACIONS PER TIPUS D'ALLOTJAMENT (METODOLOGIA 2025). HOTELERA	2022/10	321712
3621	PERNOCTACIONS PER TIPUS D'ALLOTJAMENT (METODOLOGIA 2025)	0205061200030001	PERNOCTACIONS PER TIPUS D'ALLOTJAMENT (METODOLOGIA 2025). HOTELERA	2022/11	213771
3621	PERNOCTACIONS PER TIPUS D'ALLOTJAMENT (METODOLOGIA 2025)	0205061200030001	PERNOCTACIONS PER TIPUS D'ALLOTJAMENT (METODOLOGIA 2025). HOTELERA	2022/12	645087
3621	PERNOCTACIONS PER TIPUS D'ALLOTJAMENT (METODOLOGIA 2025)	0205061200030001	PERNOCTACIONS PER TIPUS D'ALLOTJAMENT (METODOLOGIA 2025). HOTELERA	2023/01	733239
3621	PERNOCTACIONS PER TIPUS D'ALLOTJAMENT (METODOLOGIA 2025)	0205061200030001	PERNOCTACIONS PER TIPUS D'ALLOTJAMENT (METODOLOGIA 2025). HOTELERA	2023/02	718527
3621	PERNOCTACIONS PER TIPUS D'ALLOTJAMENT (METODOLOGIA 2025)	0205061200030001	PERNOCTACIONS PER TIPUS D'ALLOTJAMENT (METODOLOGIA 2025). HOTELERA	2023/03	715649
3621	PERNOCTACIONS PER TIPUS D'ALLOTJAMENT (METODOLOGIA 2025)	0205061200030001	PERNOCTACIONS PER TIPUS D'ALLOTJAMENT (METODOLOGIA 2025). HOTELERA	2023/04	471423
3621	PERNOCTACIONS PER TIPUS D'ALLOTJAMENT (METODOLOGIA 2025)	0205061200030001	PERNOCTACIONS PER TIPUS D'ALLOTJAMENT (METODOLOGIA 2025). HOTELERA	2023/05	209524
3621	PERNOCTACIONS PER TIPUS D'ALLOTJAMENT (METODOLOGIA 2025)	0205061200030001	PERNOCTACIONS PER TIPUS D'ALLOTJAMENT (METODOLOGIA 2025). HOTELERA	2023/06	412690
3621	PERNOCTACIONS PER TIPUS D'ALLOTJAMENT (METODOLOGIA 2025)	0205061200030001	PERNOCTACIONS PER TIPUS D'ALLOTJAMENT (METODOLOGIA 2025). HOTELERA	2023/07	603051
3621	PERNOCTACIONS PER TIPUS D'ALLOTJAMENT (METODOLOGIA 2025)	0205061200030001	PERNOCTACIONS PER TIPUS D'ALLOTJAMENT (METODOLOGIA 2025). HOTELERA	2023/08	847639
3621	PERNOCTACIONS PER TIPUS D'ALLOTJAMENT (METODOLOGIA 2025)	0205061200030001	PERNOCTACIONS PER TIPUS D'ALLOTJAMENT (METODOLOGIA 2025). HOTELERA	2023/09	547124
3621	PERNOCTACIONS PER TIPUS D'ALLOTJAMENT (METODOLOGIA 2025)	0205061200030001	PERNOCTACIONS PER TIPUS D'ALLOTJAMENT (METODOLOGIA 2025). HOTELERA	2023/10	361187
3621	PERNOCTACIONS PER TIPUS D'ALLOTJAMENT (METODOLOGIA 2025)	0205061200030001	PERNOCTACIONS PER TIPUS D'ALLOTJAMENT (METODOLOGIA 2025). HOTELERA	2023/11	280930
3621	PERNOCTACIONS PER TIPUS D'ALLOTJAMENT (METODOLOGIA 2025)	0205061200030001	PERNOCTACIONS PER TIPUS D'ALLOTJAMENT (METODOLOGIA 2025). HOTELERA	2023/12	686075
3621	PERNOCTACIONS PER TIPUS D'ALLOTJAMENT (METODOLOGIA 2025)	0205061200030001	PERNOCTACIONS PER TIPUS D'ALLOTJAMENT (METODOLOGIA 2025). HOTELERA	2024/01	795972
3621	PERNOCTACIONS PER TIPUS D'ALLOTJAMENT (METODOLOGIA 2025)	0205061200030001	PERNOCTACIONS PER TIPUS D'ALLOTJAMENT (METODOLOGIA 2025). HOTELERA	2024/02	745257
3621	PERNOCTACIONS PER TIPUS D'ALLOTJAMENT (METODOLOGIA 2025)	0205061200030001	PERNOCTACIONS PER TIPUS D'ALLOTJAMENT (METODOLOGIA 2025). HOTELERA	2024/03	856544
3621	PERNOCTACIONS PER TIPUS D'ALLOTJAMENT (METODOLOGIA 2025)	0205061200030001	PERNOCTACIONS PER TIPUS D'ALLOTJAMENT (METODOLOGIA 2025). HOTELERA	2024/04	367297
3621	PERNOCTACIONS PER TIPUS D'ALLOTJAMENT (METODOLOGIA 2025)	0205061200030001	PERNOCTACIONS PER TIPUS D'ALLOTJAMENT (METODOLOGIA 2025). HOTELERA	2024/05	189351
3621	PERNOCTACIONS PER TIPUS D'ALLOTJAMENT (METODOLOGIA 2025)	0205061200030001	PERNOCTACIONS PER TIPUS D'ALLOTJAMENT (METODOLOGIA 2025). HOTELERA	2024/06	463248
3621	PERNOCTACIONS PER TIPUS D'ALLOTJAMENT (METODOLOGIA 2025)	0205061200030001	PERNOCTACIONS PER TIPUS D'ALLOTJAMENT (METODOLOGIA 2025). HOTELERA	2024/07	626198
3621	PERNOCTACIONS PER TIPUS D'ALLOTJAMENT (METODOLOGIA 2025)	0205061200030001	PERNOCTACIONS PER TIPUS D'ALLOTJAMENT (METODOLOGIA 2025). HOTELERA	2024/08	914991
3621	PERNOCTACIONS PER TIPUS D'ALLOTJAMENT (METODOLOGIA 2025)	0205061200030001	PERNOCTACIONS PER TIPUS D'ALLOTJAMENT (METODOLOGIA 2025). HOTELERA	2024/09	543700
3621	PERNOCTACIONS PER TIPUS D'ALLOTJAMENT (METODOLOGIA 2025)	0205061200030001	PERNOCTACIONS PER TIPUS D'ALLOTJAMENT (METODOLOGIA 2025). HOTELERA	2024/10	331127
3621	PERNOCTACIONS PER TIPUS D'ALLOTJAMENT (METODOLOGIA 2025)	0205061200030001	PERNOCTACIONS PER TIPUS D'ALLOTJAMENT (METODOLOGIA 2025). HOTELERA	2024/11	289537
3621	PERNOCTACIONS PER TIPUS D'ALLOTJAMENT (METODOLOGIA 2025)	0205061200030001	PERNOCTACIONS PER TIPUS D'ALLOTJAMENT (METODOLOGIA 2025). HOTELERA	2024/12	735234
3621	PERNOCTACIONS PER TIPUS D'ALLOTJAMENT (METODOLOGIA 2025)	0205061200030001	PERNOCTACIONS PER TIPUS D'ALLOTJAMENT (METODOLOGIA 2025). HOTELERA	2025/01	762788
3621	PERNOCTACIONS PER TIPUS D'ALLOTJAMENT (METODOLOGIA 2025)	0205061200030001	PERNOCTACIONS PER TIPUS D'ALLOTJAMENT (METODOLOGIA 2025). HOTELERA	2025/02	781762
3621	PERNOCTACIONS PER TIPUS D'ALLOTJAMENT (METODOLOGIA 2025)	0205061200030001	PERNOCTACIONS PER TIPUS D'ALLOTJAMENT (METODOLOGIA 2025). HOTELERA	2025/03	779069
3621	PERNOCTACIONS PER TIPUS D'ALLOTJAMENT (METODOLOGIA 2025)	0205061200030001	PERNOCTACIONS PER TIPUS D'ALLOTJAMENT (METODOLOGIA 2025). HOTELERA	2025/04	487392
3621	PERNOCTACIONS PER TIPUS D'ALLOTJAMENT (METODOLOGIA 2025)	0205061200030001	PERNOCTACIONS PER TIPUS D'ALLOTJAMENT (METODOLOGIA 2025). HOTELERA	2025/05	195472
3621	PERNOCTACIONS PER TIPUS D'ALLOTJAMENT (METODOLOGIA 2025)	0205061200030001	PERNOCTACIONS PER TIPUS D'ALLOTJAMENT (METODOLOGIA 2025). HOTELERA	2025/06	573932
3621	PERNOCTACIONS PER TIPUS D'ALLOTJAMENT (METODOLOGIA 2025)	0205061200030001	PERNOCTACIONS PER TIPUS D'ALLOTJAMENT (METODOLOGIA 2025). HOTELERA	2025/07	660212
3621	PERNOCTACIONS PER TIPUS D'ALLOTJAMENT (METODOLOGIA 2025)	0205061200030001	PERNOCTACIONS PER TIPUS D'ALLOTJAMENT (METODOLOGIA 2025). HOTELERA	2025/08	997016
3621	PERNOCTACIONS PER TIPUS D'ALLOTJAMENT (METODOLOGIA 2025)	0205061200030001	PERNOCTACIONS PER TIPUS D'ALLOTJAMENT (METODOLOGIA 2025). HOTELERA	2025/09	698805
3621	PERNOCTACIONS PER TIPUS D'ALLOTJAMENT (METODOLOGIA 2025)	0205061200030001	PERNOCTACIONS PER TIPUS D'ALLOTJAMENT (METODOLOGIA 2025). HOTELERA	2025/10	382745
3621	PERNOCTACIONS PER TIPUS D'ALLOTJAMENT (METODOLOGIA 2025)	0205061200030001	PERNOCTACIONS PER TIPUS D'ALLOTJAMENT (METODOLOGIA 2025). HOTELERA	2025/11	317188
3621	PERNOCTACIONS PER TIPUS D'ALLOTJAMENT (METODOLOGIA 2025)	0205061200030001	PERNOCTACIONS PER TIPUS D'ALLOTJAMENT (METODOLOGIA 2025). HOTELERA	2025/12	905817
3621	PERNOCTACIONS PER TIPUS D'ALLOTJAMENT (METODOLOGIA 2025)	0205061200030001	PERNOCTACIONS PER TIPUS D'ALLOTJAMENT (METODOLOGIA 2025). HOTELERA	2026/01	939888
3621	PERNOCTACIONS PER TIPUS D'ALLOTJAMENT (METODOLOGIA 2025)	0205061200030001	PERNOCTACIONS PER TIPUS D'ALLOTJAMENT (METODOLOGIA 2025). HOTELERA	2026/02	797021
3621	PERNOCTACIONS PER TIPUS D'ALLOTJAMENT (METODOLOGIA 2025)	0205061200030001	PERNOCTACIONS PER TIPUS D'ALLOTJAMENT (METODOLOGIA 2025). HOTELERA	2026/03	904290
3621	PERNOCTACIONS PER TIPUS D'ALLOTJAMENT (METODOLOGIA 2025)	0205061200030001	PERNOCTACIONS PER TIPUS D'ALLOTJAMENT (METODOLOGIA 2025). HOTELERA	2026/04	469281
3621	PERNOCTACIONS PER TIPUS D'ALLOTJAMENT (METODOLOGIA 2025)	0205061200030001	PERNOCTACIONS PER TIPUS D'ALLOTJAMENT (METODOLOGIA 2025). HOTELERA	2026/05	238451
3621	PERNOCTACIONS PER TIPUS D'ALLOTJAMENT (METODOLOGIA 2025)	0205061200030001	PERNOCTACIONS PER TIPUS D'ALLOTJAMENT (METODOLOGIA 2025). HOTELERA	2026/06	544059
3621	PERNOCTACIONS PER TIPUS D'ALLOTJAMENT (METODOLOGIA 2025)	0205061200030001	PERNOCTACIONS PER TIPUS D'ALLOTJAMENT (METODOLOGIA 2025). HOTELERA	2026/07	854821
3621	PERNOCTACIONS PER TIPUS D'ALLOTJAMENT (METODOLOGIA 2025)	0205061200030002	PERNOCTACIONS PER TIPUS D'ALLOTJAMENT (METODOLOGIA 2025). APARTAMENTS	2022/01	24055
3621	PERNOCTACIONS PER TIPUS D'ALLOTJAMENT (METODOLOGIA 2025)	0205061200030002	PERNOCTACIONS PER TIPUS D'ALLOTJAMENT (METODOLOGIA 2025). APARTAMENTS	2022/02	33302
3621	PERNOCTACIONS PER TIPUS D'ALLOTJAMENT (METODOLOGIA 2025)	0205061200030002	PERNOCTACIONS PER TIPUS D'ALLOTJAMENT (METODOLOGIA 2025). APARTAMENTS	2022/03	21209
3621	PERNOCTACIONS PER TIPUS D'ALLOTJAMENT (METODOLOGIA 2025)	0205061200030002	PERNOCTACIONS PER TIPUS D'ALLOTJAMENT (METODOLOGIA 2025). APARTAMENTS	2022/04	15494
3621	PERNOCTACIONS PER TIPUS D'ALLOTJAMENT (METODOLOGIA 2025)	0205061200030002	PERNOCTACIONS PER TIPUS D'ALLOTJAMENT (METODOLOGIA 2025). APARTAMENTS	2022/05	3145
3621	PERNOCTACIONS PER TIPUS D'ALLOTJAMENT (METODOLOGIA 2025)	0205061200030002	PERNOCTACIONS PER TIPUS D'ALLOTJAMENT (METODOLOGIA 2025). APARTAMENTS	2022/06	16773
3621	PERNOCTACIONS PER TIPUS D'ALLOTJAMENT (METODOLOGIA 2025)	0205061200030002	PERNOCTACIONS PER TIPUS D'ALLOTJAMENT (METODOLOGIA 2025). APARTAMENTS	2022/07	15982
3621	PERNOCTACIONS PER TIPUS D'ALLOTJAMENT (METODOLOGIA 2025)	0205061200030002	PERNOCTACIONS PER TIPUS D'ALLOTJAMENT (METODOLOGIA 2025). APARTAMENTS	2022/08	32350
3621	PERNOCTACIONS PER TIPUS D'ALLOTJAMENT (METODOLOGIA 2025)	0205061200030002	PERNOCTACIONS PER TIPUS D'ALLOTJAMENT (METODOLOGIA 2025). APARTAMENTS	2022/09	14999
3621	PERNOCTACIONS PER TIPUS D'ALLOTJAMENT (METODOLOGIA 2025)	0205061200030002	PERNOCTACIONS PER TIPUS D'ALLOTJAMENT (METODOLOGIA 2025). APARTAMENTS	2022/10	8268
3621	PERNOCTACIONS PER TIPUS D'ALLOTJAMENT (METODOLOGIA 2025)	0205061200030002	PERNOCTACIONS PER TIPUS D'ALLOTJAMENT (METODOLOGIA 2025). APARTAMENTS	2022/11	8647
3621	PERNOCTACIONS PER TIPUS D'ALLOTJAMENT (METODOLOGIA 2025)	0205061200030002	PERNOCTACIONS PER TIPUS D'ALLOTJAMENT (METODOLOGIA 2025). APARTAMENTS	2022/12	30509
3621	PERNOCTACIONS PER TIPUS D'ALLOTJAMENT (METODOLOGIA 2025)	0205061200030002	PERNOCTACIONS PER TIPUS D'ALLOTJAMENT (METODOLOGIA 2025). APARTAMENTS	2023/01	32984
3621	PERNOCTACIONS PER TIPUS D'ALLOTJAMENT (METODOLOGIA 2025)	0205061200030002	PERNOCTACIONS PER TIPUS D'ALLOTJAMENT (METODOLOGIA 2025). APARTAMENTS	2023/02	36385
3621	PERNOCTACIONS PER TIPUS D'ALLOTJAMENT (METODOLOGIA 2025)	0205061200030002	PERNOCTACIONS PER TIPUS D'ALLOTJAMENT (METODOLOGIA 2025). APARTAMENTS	2023/03	28610
3621	PERNOCTACIONS PER TIPUS D'ALLOTJAMENT (METODOLOGIA 2025)	0205061200030002	PERNOCTACIONS PER TIPUS D'ALLOTJAMENT (METODOLOGIA 2025). APARTAMENTS	2023/04	14722
3621	PERNOCTACIONS PER TIPUS D'ALLOTJAMENT (METODOLOGIA 2025)	0205061200030002	PERNOCTACIONS PER TIPUS D'ALLOTJAMENT (METODOLOGIA 2025). APARTAMENTS	2023/05	3101
3621	PERNOCTACIONS PER TIPUS D'ALLOTJAMENT (METODOLOGIA 2025)	0205061200030002	PERNOCTACIONS PER TIPUS D'ALLOTJAMENT (METODOLOGIA 2025). APARTAMENTS	2023/06	15825
3621	PERNOCTACIONS PER TIPUS D'ALLOTJAMENT (METODOLOGIA 2025)	0205061200030002	PERNOCTACIONS PER TIPUS D'ALLOTJAMENT (METODOLOGIA 2025). APARTAMENTS	2023/07	15058
3621	PERNOCTACIONS PER TIPUS D'ALLOTJAMENT (METODOLOGIA 2025)	0205061200030002	PERNOCTACIONS PER TIPUS D'ALLOTJAMENT (METODOLOGIA 2025). APARTAMENTS	2023/08	35047
3621	PERNOCTACIONS PER TIPUS D'ALLOTJAMENT (METODOLOGIA 2025)	0205061200030002	PERNOCTACIONS PER TIPUS D'ALLOTJAMENT (METODOLOGIA 2025). APARTAMENTS	2023/09	15521
3621	PERNOCTACIONS PER TIPUS D'ALLOTJAMENT (METODOLOGIA 2025)	0205061200030002	PERNOCTACIONS PER TIPUS D'ALLOTJAMENT (METODOLOGIA 2025). APARTAMENTS	2023/10	10432
3621	PERNOCTACIONS PER TIPUS D'ALLOTJAMENT (METODOLOGIA 2025)	0205061200030002	PERNOCTACIONS PER TIPUS D'ALLOTJAMENT (METODOLOGIA 2025). APARTAMENTS	2023/11	7231
3621	PERNOCTACIONS PER TIPUS D'ALLOTJAMENT (METODOLOGIA 2025)	0205061200030002	PERNOCTACIONS PER TIPUS D'ALLOTJAMENT (METODOLOGIA 2025). APARTAMENTS	2023/12	32710
3621	PERNOCTACIONS PER TIPUS D'ALLOTJAMENT (METODOLOGIA 2025)	0205061200030002	PERNOCTACIONS PER TIPUS D'ALLOTJAMENT (METODOLOGIA 2025). APARTAMENTS	2024/01	39120
3621	PERNOCTACIONS PER TIPUS D'ALLOTJAMENT (METODOLOGIA 2025)	0205061200030002	PERNOCTACIONS PER TIPUS D'ALLOTJAMENT (METODOLOGIA 2025). APARTAMENTS	2024/02	43865
3621	PERNOCTACIONS PER TIPUS D'ALLOTJAMENT (METODOLOGIA 2025)	0205061200030002	PERNOCTACIONS PER TIPUS D'ALLOTJAMENT (METODOLOGIA 2025). APARTAMENTS	2024/03	45828
3621	PERNOCTACIONS PER TIPUS D'ALLOTJAMENT (METODOLOGIA 2025)	0205061200030002	PERNOCTACIONS PER TIPUS D'ALLOTJAMENT (METODOLOGIA 2025). APARTAMENTS	2024/04	11858
3621	PERNOCTACIONS PER TIPUS D'ALLOTJAMENT (METODOLOGIA 2025)	0205061200030002	PERNOCTACIONS PER TIPUS D'ALLOTJAMENT (METODOLOGIA 2025). APARTAMENTS	2024/05	6528
3621	PERNOCTACIONS PER TIPUS D'ALLOTJAMENT (METODOLOGIA 2025)	0205061200030002	PERNOCTACIONS PER TIPUS D'ALLOTJAMENT (METODOLOGIA 2025). APARTAMENTS	2024/06	18934
3621	PERNOCTACIONS PER TIPUS D'ALLOTJAMENT (METODOLOGIA 2025)	0205061200030002	PERNOCTACIONS PER TIPUS D'ALLOTJAMENT (METODOLOGIA 2025). APARTAMENTS	2024/07	20484
3621	PERNOCTACIONS PER TIPUS D'ALLOTJAMENT (METODOLOGIA 2025)	0205061200030002	PERNOCTACIONS PER TIPUS D'ALLOTJAMENT (METODOLOGIA 2025). APARTAMENTS	2024/08	42884
3621	PERNOCTACIONS PER TIPUS D'ALLOTJAMENT (METODOLOGIA 2025)	0205061200030002	PERNOCTACIONS PER TIPUS D'ALLOTJAMENT (METODOLOGIA 2025). APARTAMENTS	2024/09	16852
3621	PERNOCTACIONS PER TIPUS D'ALLOTJAMENT (METODOLOGIA 2025)	0205061200030002	PERNOCTACIONS PER TIPUS D'ALLOTJAMENT (METODOLOGIA 2025). APARTAMENTS	2024/10	10413
3621	PERNOCTACIONS PER TIPUS D'ALLOTJAMENT (METODOLOGIA 2025)	0205061200030002	PERNOCTACIONS PER TIPUS D'ALLOTJAMENT (METODOLOGIA 2025). APARTAMENTS	2024/11	10861
3621	PERNOCTACIONS PER TIPUS D'ALLOTJAMENT (METODOLOGIA 2025)	0205061200030002	PERNOCTACIONS PER TIPUS D'ALLOTJAMENT (METODOLOGIA 2025). APARTAMENTS	2024/12	41564
3621	PERNOCTACIONS PER TIPUS D'ALLOTJAMENT (METODOLOGIA 2025)	0205061200030002	PERNOCTACIONS PER TIPUS D'ALLOTJAMENT (METODOLOGIA 2025). APARTAMENTS	2025/01	45253
3621	PERNOCTACIONS PER TIPUS D'ALLOTJAMENT (METODOLOGIA 2025)	0205061200030002	PERNOCTACIONS PER TIPUS D'ALLOTJAMENT (METODOLOGIA 2025). APARTAMENTS	2025/02	48565
3621	PERNOCTACIONS PER TIPUS D'ALLOTJAMENT (METODOLOGIA 2025)	0205061200030002	PERNOCTACIONS PER TIPUS D'ALLOTJAMENT (METODOLOGIA 2025). APARTAMENTS	2025/03	42633
3621	PERNOCTACIONS PER TIPUS D'ALLOTJAMENT (METODOLOGIA 2025)	0205061200030002	PERNOCTACIONS PER TIPUS D'ALLOTJAMENT (METODOLOGIA 2025). APARTAMENTS	2025/04	18742
3621	PERNOCTACIONS PER TIPUS D'ALLOTJAMENT (METODOLOGIA 2025)	0205061200030002	PERNOCTACIONS PER TIPUS D'ALLOTJAMENT (METODOLOGIA 2025). APARTAMENTS	2025/05	5476
3621	PERNOCTACIONS PER TIPUS D'ALLOTJAMENT (METODOLOGIA 2025)	0205061200030002	PERNOCTACIONS PER TIPUS D'ALLOTJAMENT (METODOLOGIA 2025). APARTAMENTS	2025/06	31101
3621	PERNOCTACIONS PER TIPUS D'ALLOTJAMENT (METODOLOGIA 2025)	0205061200030002	PERNOCTACIONS PER TIPUS D'ALLOTJAMENT (METODOLOGIA 2025). APARTAMENTS	2025/07	22925
3621	PERNOCTACIONS PER TIPUS D'ALLOTJAMENT (METODOLOGIA 2025)	0205061200030002	PERNOCTACIONS PER TIPUS D'ALLOTJAMENT (METODOLOGIA 2025). APARTAMENTS	2025/08	43347
3621	PERNOCTACIONS PER TIPUS D'ALLOTJAMENT (METODOLOGIA 2025)	0205061200030002	PERNOCTACIONS PER TIPUS D'ALLOTJAMENT (METODOLOGIA 2025). APARTAMENTS	2025/09	19329
3621	PERNOCTACIONS PER TIPUS D'ALLOTJAMENT (METODOLOGIA 2025)	0205061200030002	PERNOCTACIONS PER TIPUS D'ALLOTJAMENT (METODOLOGIA 2025). APARTAMENTS	2025/10	11434
3621	PERNOCTACIONS PER TIPUS D'ALLOTJAMENT (METODOLOGIA 2025)	0205061200030002	PERNOCTACIONS PER TIPUS D'ALLOTJAMENT (METODOLOGIA 2025). APARTAMENTS	2025/11	9019
3621	PERNOCTACIONS PER TIPUS D'ALLOTJAMENT (METODOLOGIA 2025)	0205061200030002	PERNOCTACIONS PER TIPUS D'ALLOTJAMENT (METODOLOGIA 2025). APARTAMENTS	2025/12	53146
3621	PERNOCTACIONS PER TIPUS D'ALLOTJAMENT (METODOLOGIA 2025)	0205061200030002	PERNOCTACIONS PER TIPUS D'ALLOTJAMENT (METODOLOGIA 2025). APARTAMENTS	2026/01	55911
3621	PERNOCTACIONS PER TIPUS D'ALLOTJAMENT (METODOLOGIA 2025)	0205061200030002	PERNOCTACIONS PER TIPUS D'ALLOTJAMENT (METODOLOGIA 2025). APARTAMENTS	2026/02	52230
3621	PERNOCTACIONS PER TIPUS D'ALLOTJAMENT (METODOLOGIA 2025)	0205061200030002	PERNOCTACIONS PER TIPUS D'ALLOTJAMENT (METODOLOGIA 2025). APARTAMENTS	2026/03	47845
3621	PERNOCTACIONS PER TIPUS D'ALLOTJAMENT (METODOLOGIA 2025)	0205061200030002	PERNOCTACIONS PER TIPUS D'ALLOTJAMENT (METODOLOGIA 2025). APARTAMENTS	2026/04	19385
3621	PERNOCTACIONS PER TIPUS D'ALLOTJAMENT (METODOLOGIA 2025)	0205061200030002	PERNOCTACIONS PER TIPUS D'ALLOTJAMENT (METODOLOGIA 2025). APARTAMENTS	2026/05	6099
3621	PERNOCTACIONS PER TIPUS D'ALLOTJAMENT (METODOLOGIA 2025)	0205061200030002	PERNOCTACIONS PER TIPUS D'ALLOTJAMENT (METODOLOGIA 2025). APARTAMENTS	2026/06	24208
3621	PERNOCTACIONS PER TIPUS D'ALLOTJAMENT (METODOLOGIA 2025)	0205061200030002	PERNOCTACIONS PER TIPUS D'ALLOTJAMENT (METODOLOGIA 2025). APARTAMENTS	2026/07	28741
3621	PERNOCTACIONS PER TIPUS D'ALLOTJAMENT (METODOLOGIA 2025)	0205061200030003	PERNOCTACIONS PER TIPUS D'ALLOTJAMENT (METODOLOGIA 2025). CÀMPINGS	2022/01	2805
3621	PERNOCTACIONS PER TIPUS D'ALLOTJAMENT (METODOLOGIA 2025)	0205061200030003	PERNOCTACIONS PER TIPUS D'ALLOTJAMENT (METODOLOGIA 2025). CÀMPINGS	2022/02	2227
3621	PERNOCTACIONS PER TIPUS D'ALLOTJAMENT (METODOLOGIA 2025)	0205061200030003	PERNOCTACIONS PER TIPUS D'ALLOTJAMENT (METODOLOGIA 2025). CÀMPINGS	2022/03	1850
3621	PERNOCTACIONS PER TIPUS D'ALLOTJAMENT (METODOLOGIA 2025)	0205061200030003	PERNOCTACIONS PER TIPUS D'ALLOTJAMENT (METODOLOGIA 2025). CÀMPINGS	2022/04	3880
3621	PERNOCTACIONS PER TIPUS D'ALLOTJAMENT (METODOLOGIA 2025)	0205061200030003	PERNOCTACIONS PER TIPUS D'ALLOTJAMENT (METODOLOGIA 2025). CÀMPINGS	2022/05	3491
3621	PERNOCTACIONS PER TIPUS D'ALLOTJAMENT (METODOLOGIA 2025)	0205061200030003	PERNOCTACIONS PER TIPUS D'ALLOTJAMENT (METODOLOGIA 2025). CÀMPINGS	2022/06	13463
3621	PERNOCTACIONS PER TIPUS D'ALLOTJAMENT (METODOLOGIA 2025)	0205061200030003	PERNOCTACIONS PER TIPUS D'ALLOTJAMENT (METODOLOGIA 2025). CÀMPINGS	2022/07	31107
3621	PERNOCTACIONS PER TIPUS D'ALLOTJAMENT (METODOLOGIA 2025)	0205061200030003	PERNOCTACIONS PER TIPUS D'ALLOTJAMENT (METODOLOGIA 2025). CÀMPINGS	2022/08	32623
3621	PERNOCTACIONS PER TIPUS D'ALLOTJAMENT (METODOLOGIA 2025)	0205061200030003	PERNOCTACIONS PER TIPUS D'ALLOTJAMENT (METODOLOGIA 2025). CÀMPINGS	2022/09	14740
3621	PERNOCTACIONS PER TIPUS D'ALLOTJAMENT (METODOLOGIA 2025)	0205061200030003	PERNOCTACIONS PER TIPUS D'ALLOTJAMENT (METODOLOGIA 2025). CÀMPINGS	2022/10	5618
3621	PERNOCTACIONS PER TIPUS D'ALLOTJAMENT (METODOLOGIA 2025)	0205061200030003	PERNOCTACIONS PER TIPUS D'ALLOTJAMENT (METODOLOGIA 2025). CÀMPINGS	2022/11	2278
3621	PERNOCTACIONS PER TIPUS D'ALLOTJAMENT (METODOLOGIA 2025)	0205061200030003	PERNOCTACIONS PER TIPUS D'ALLOTJAMENT (METODOLOGIA 2025). CÀMPINGS	2022/12	6506
3621	PERNOCTACIONS PER TIPUS D'ALLOTJAMENT (METODOLOGIA 2025)	0205061200030003	PERNOCTACIONS PER TIPUS D'ALLOTJAMENT (METODOLOGIA 2025). CÀMPINGS	2023/01	3404
3621	PERNOCTACIONS PER TIPUS D'ALLOTJAMENT (METODOLOGIA 2025)	0205061200030003	PERNOCTACIONS PER TIPUS D'ALLOTJAMENT (METODOLOGIA 2025). CÀMPINGS	2023/02	3901
3621	PERNOCTACIONS PER TIPUS D'ALLOTJAMENT (METODOLOGIA 2025)	0205061200030003	PERNOCTACIONS PER TIPUS D'ALLOTJAMENT (METODOLOGIA 2025). CÀMPINGS	2023/03	2982
3621	PERNOCTACIONS PER TIPUS D'ALLOTJAMENT (METODOLOGIA 2025)	0205061200030003	PERNOCTACIONS PER TIPUS D'ALLOTJAMENT (METODOLOGIA 2025). CÀMPINGS	2023/04	7329
3621	PERNOCTACIONS PER TIPUS D'ALLOTJAMENT (METODOLOGIA 2025)	0205061200030003	PERNOCTACIONS PER TIPUS D'ALLOTJAMENT (METODOLOGIA 2025). CÀMPINGS	2023/05	4329
3621	PERNOCTACIONS PER TIPUS D'ALLOTJAMENT (METODOLOGIA 2025)	0205061200030003	PERNOCTACIONS PER TIPUS D'ALLOTJAMENT (METODOLOGIA 2025). CÀMPINGS	2023/06	12179
3621	PERNOCTACIONS PER TIPUS D'ALLOTJAMENT (METODOLOGIA 2025)	0205061200030003	PERNOCTACIONS PER TIPUS D'ALLOTJAMENT (METODOLOGIA 2025). CÀMPINGS	2023/07	23465
3621	PERNOCTACIONS PER TIPUS D'ALLOTJAMENT (METODOLOGIA 2025)	0205061200030003	PERNOCTACIONS PER TIPUS D'ALLOTJAMENT (METODOLOGIA 2025). CÀMPINGS	2023/08	29814
3621	PERNOCTACIONS PER TIPUS D'ALLOTJAMENT (METODOLOGIA 2025)	0205061200030003	PERNOCTACIONS PER TIPUS D'ALLOTJAMENT (METODOLOGIA 2025). CÀMPINGS	2023/09	15203
3621	PERNOCTACIONS PER TIPUS D'ALLOTJAMENT (METODOLOGIA 2025)	0205061200030003	PERNOCTACIONS PER TIPUS D'ALLOTJAMENT (METODOLOGIA 2025). CÀMPINGS	2023/10	7511
3621	PERNOCTACIONS PER TIPUS D'ALLOTJAMENT (METODOLOGIA 2025)	0205061200030003	PERNOCTACIONS PER TIPUS D'ALLOTJAMENT (METODOLOGIA 2025). CÀMPINGS	2023/11	3054
3621	PERNOCTACIONS PER TIPUS D'ALLOTJAMENT (METODOLOGIA 2025)	0205061200030003	PERNOCTACIONS PER TIPUS D'ALLOTJAMENT (METODOLOGIA 2025). CÀMPINGS	2023/12	8040
3621	PERNOCTACIONS PER TIPUS D'ALLOTJAMENT (METODOLOGIA 2025)	0205061200030003	PERNOCTACIONS PER TIPUS D'ALLOTJAMENT (METODOLOGIA 2025). CÀMPINGS	2024/01	3969
3621	PERNOCTACIONS PER TIPUS D'ALLOTJAMENT (METODOLOGIA 2025)	0205061200030003	PERNOCTACIONS PER TIPUS D'ALLOTJAMENT (METODOLOGIA 2025). CÀMPINGS	2024/02	3022
3621	PERNOCTACIONS PER TIPUS D'ALLOTJAMENT (METODOLOGIA 2025)	0205061200030003	PERNOCTACIONS PER TIPUS D'ALLOTJAMENT (METODOLOGIA 2025). CÀMPINGS	2024/03	4448
3621	PERNOCTACIONS PER TIPUS D'ALLOTJAMENT (METODOLOGIA 2025)	0205061200030003	PERNOCTACIONS PER TIPUS D'ALLOTJAMENT (METODOLOGIA 2025). CÀMPINGS	2024/04	5616
3621	PERNOCTACIONS PER TIPUS D'ALLOTJAMENT (METODOLOGIA 2025)	0205061200030003	PERNOCTACIONS PER TIPUS D'ALLOTJAMENT (METODOLOGIA 2025). CÀMPINGS	2024/05	4564
3621	PERNOCTACIONS PER TIPUS D'ALLOTJAMENT (METODOLOGIA 2025)	0205061200030003	PERNOCTACIONS PER TIPUS D'ALLOTJAMENT (METODOLOGIA 2025). CÀMPINGS	2024/06	13953
3621	PERNOCTACIONS PER TIPUS D'ALLOTJAMENT (METODOLOGIA 2025)	0205061200030003	PERNOCTACIONS PER TIPUS D'ALLOTJAMENT (METODOLOGIA 2025). CÀMPINGS	2024/07	22822
3621	PERNOCTACIONS PER TIPUS D'ALLOTJAMENT (METODOLOGIA 2025)	0205061200030003	PERNOCTACIONS PER TIPUS D'ALLOTJAMENT (METODOLOGIA 2025). CÀMPINGS	2024/08	33646
3621	PERNOCTACIONS PER TIPUS D'ALLOTJAMENT (METODOLOGIA 2025)	0205061200030003	PERNOCTACIONS PER TIPUS D'ALLOTJAMENT (METODOLOGIA 2025). CÀMPINGS	2024/09	13450
3621	PERNOCTACIONS PER TIPUS D'ALLOTJAMENT (METODOLOGIA 2025)	0205061200030003	PERNOCTACIONS PER TIPUS D'ALLOTJAMENT (METODOLOGIA 2025). CÀMPINGS	2024/10	6115
3621	PERNOCTACIONS PER TIPUS D'ALLOTJAMENT (METODOLOGIA 2025)	0205061200030003	PERNOCTACIONS PER TIPUS D'ALLOTJAMENT (METODOLOGIA 2025). CÀMPINGS	2024/11	3870
3621	PERNOCTACIONS PER TIPUS D'ALLOTJAMENT (METODOLOGIA 2025)	0205061200030003	PERNOCTACIONS PER TIPUS D'ALLOTJAMENT (METODOLOGIA 2025). CÀMPINGS	2024/12	8427
3621	PERNOCTACIONS PER TIPUS D'ALLOTJAMENT (METODOLOGIA 2025)	0205061200030003	PERNOCTACIONS PER TIPUS D'ALLOTJAMENT (METODOLOGIA 2025). CÀMPINGS	2025/01	3183
3621	PERNOCTACIONS PER TIPUS D'ALLOTJAMENT (METODOLOGIA 2025)	0205061200030003	PERNOCTACIONS PER TIPUS D'ALLOTJAMENT (METODOLOGIA 2025). CÀMPINGS	2025/02	3425
3621	PERNOCTACIONS PER TIPUS D'ALLOTJAMENT (METODOLOGIA 2025)	0205061200030003	PERNOCTACIONS PER TIPUS D'ALLOTJAMENT (METODOLOGIA 2025). CÀMPINGS	2025/03	3267
3621	PERNOCTACIONS PER TIPUS D'ALLOTJAMENT (METODOLOGIA 2025)	0205061200030003	PERNOCTACIONS PER TIPUS D'ALLOTJAMENT (METODOLOGIA 2025). CÀMPINGS	2025/04	6714
3621	PERNOCTACIONS PER TIPUS D'ALLOTJAMENT (METODOLOGIA 2025)	0205061200030003	PERNOCTACIONS PER TIPUS D'ALLOTJAMENT (METODOLOGIA 2025). CÀMPINGS	2025/05	4870
3621	PERNOCTACIONS PER TIPUS D'ALLOTJAMENT (METODOLOGIA 2025)	0205061200030003	PERNOCTACIONS PER TIPUS D'ALLOTJAMENT (METODOLOGIA 2025). CÀMPINGS	2025/06	18778
3621	PERNOCTACIONS PER TIPUS D'ALLOTJAMENT (METODOLOGIA 2025)	0205061200030003	PERNOCTACIONS PER TIPUS D'ALLOTJAMENT (METODOLOGIA 2025). CÀMPINGS	2025/07	24314
3621	PERNOCTACIONS PER TIPUS D'ALLOTJAMENT (METODOLOGIA 2025)	0205061200030003	PERNOCTACIONS PER TIPUS D'ALLOTJAMENT (METODOLOGIA 2025). CÀMPINGS	2025/08	32526
3621	PERNOCTACIONS PER TIPUS D'ALLOTJAMENT (METODOLOGIA 2025)	0205061200030003	PERNOCTACIONS PER TIPUS D'ALLOTJAMENT (METODOLOGIA 2025). CÀMPINGS	2025/09	20689
3621	PERNOCTACIONS PER TIPUS D'ALLOTJAMENT (METODOLOGIA 2025)	0205061200030003	PERNOCTACIONS PER TIPUS D'ALLOTJAMENT (METODOLOGIA 2025). CÀMPINGS	2025/10	8352
3621	PERNOCTACIONS PER TIPUS D'ALLOTJAMENT (METODOLOGIA 2025)	0205061200030003	PERNOCTACIONS PER TIPUS D'ALLOTJAMENT (METODOLOGIA 2025). CÀMPINGS	2025/11	3279
3621	PERNOCTACIONS PER TIPUS D'ALLOTJAMENT (METODOLOGIA 2025)	0205061200030003	PERNOCTACIONS PER TIPUS D'ALLOTJAMENT (METODOLOGIA 2025). CÀMPINGS	2025/12	10103
3621	PERNOCTACIONS PER TIPUS D'ALLOTJAMENT (METODOLOGIA 2025)	0205061200030003	PERNOCTACIONS PER TIPUS D'ALLOTJAMENT (METODOLOGIA 2025). CÀMPINGS	2026/01	4324
3621	PERNOCTACIONS PER TIPUS D'ALLOTJAMENT (METODOLOGIA 2025)	0205061200030003	PERNOCTACIONS PER TIPUS D'ALLOTJAMENT (METODOLOGIA 2025). CÀMPINGS	2026/02	3989
3621	PERNOCTACIONS PER TIPUS D'ALLOTJAMENT (METODOLOGIA 2025)	0205061200030003	PERNOCTACIONS PER TIPUS D'ALLOTJAMENT (METODOLOGIA 2025). CÀMPINGS	2026/03	4909
3621	PERNOCTACIONS PER TIPUS D'ALLOTJAMENT (METODOLOGIA 2025)	0205061200030003	PERNOCTACIONS PER TIPUS D'ALLOTJAMENT (METODOLOGIA 2025). CÀMPINGS	2026/04	8723
3621	PERNOCTACIONS PER TIPUS D'ALLOTJAMENT (METODOLOGIA 2025)	0205061200030003	PERNOCTACIONS PER TIPUS D'ALLOTJAMENT (METODOLOGIA 2025). CÀMPINGS	2026/05	6534
3621	PERNOCTACIONS PER TIPUS D'ALLOTJAMENT (METODOLOGIA 2025)	0205061200030003	PERNOCTACIONS PER TIPUS D'ALLOTJAMENT (METODOLOGIA 2025). CÀMPINGS	2026/06	16672
3621	PERNOCTACIONS PER TIPUS D'ALLOTJAMENT (METODOLOGIA 2025)	0205061200030003	PERNOCTACIONS PER TIPUS D'ALLOTJAMENT (METODOLOGIA 2025). CÀMPINGS	2026/07	30016
3621	PERNOCTACIONS PER TIPUS D'ALLOTJAMENT (METODOLOGIA 2025)	0205061200030004	PERNOCTACIONS PER TIPUS D'ALLOTJAMENT (METODOLOGIA 2025). ALLOTJAMENT RURAL	2022/01	1173
3621	PERNOCTACIONS PER TIPUS D'ALLOTJAMENT (METODOLOGIA 2025)	0205061200030004	PERNOCTACIONS PER TIPUS D'ALLOTJAMENT (METODOLOGIA 2025). ALLOTJAMENT RURAL	2022/02	1834
3621	PERNOCTACIONS PER TIPUS D'ALLOTJAMENT (METODOLOGIA 2025)	0205061200030004	PERNOCTACIONS PER TIPUS D'ALLOTJAMENT (METODOLOGIA 2025). ALLOTJAMENT RURAL	2022/03	928
3621	PERNOCTACIONS PER TIPUS D'ALLOTJAMENT (METODOLOGIA 2025)	0205061200030004	PERNOCTACIONS PER TIPUS D'ALLOTJAMENT (METODOLOGIA 2025). ALLOTJAMENT RURAL	2022/04	766
3621	PERNOCTACIONS PER TIPUS D'ALLOTJAMENT (METODOLOGIA 2025)	0205061200030004	PERNOCTACIONS PER TIPUS D'ALLOTJAMENT (METODOLOGIA 2025). ALLOTJAMENT RURAL	2022/05	255
3621	PERNOCTACIONS PER TIPUS D'ALLOTJAMENT (METODOLOGIA 2025)	0205061200030004	PERNOCTACIONS PER TIPUS D'ALLOTJAMENT (METODOLOGIA 2025). ALLOTJAMENT RURAL	2022/06	1110
3621	PERNOCTACIONS PER TIPUS D'ALLOTJAMENT (METODOLOGIA 2025)	0205061200030004	PERNOCTACIONS PER TIPUS D'ALLOTJAMENT (METODOLOGIA 2025). ALLOTJAMENT RURAL	2022/07	1318
3621	PERNOCTACIONS PER TIPUS D'ALLOTJAMENT (METODOLOGIA 2025)	0205061200030004	PERNOCTACIONS PER TIPUS D'ALLOTJAMENT (METODOLOGIA 2025). ALLOTJAMENT RURAL	2022/08	2456
3621	PERNOCTACIONS PER TIPUS D'ALLOTJAMENT (METODOLOGIA 2025)	0205061200030004	PERNOCTACIONS PER TIPUS D'ALLOTJAMENT (METODOLOGIA 2025). ALLOTJAMENT RURAL	2022/09	1660
3621	PERNOCTACIONS PER TIPUS D'ALLOTJAMENT (METODOLOGIA 2025)	0205061200030004	PERNOCTACIONS PER TIPUS D'ALLOTJAMENT (METODOLOGIA 2025). ALLOTJAMENT RURAL	2022/10	974
3621	PERNOCTACIONS PER TIPUS D'ALLOTJAMENT (METODOLOGIA 2025)	0205061200030004	PERNOCTACIONS PER TIPUS D'ALLOTJAMENT (METODOLOGIA 2025). ALLOTJAMENT RURAL	2022/11	282
3621	PERNOCTACIONS PER TIPUS D'ALLOTJAMENT (METODOLOGIA 2025)	0205061200030004	PERNOCTACIONS PER TIPUS D'ALLOTJAMENT (METODOLOGIA 2025). ALLOTJAMENT RURAL	2022/12	2344
3621	PERNOCTACIONS PER TIPUS D'ALLOTJAMENT (METODOLOGIA 2025)	0205061200030004	PERNOCTACIONS PER TIPUS D'ALLOTJAMENT (METODOLOGIA 2025). ALLOTJAMENT RURAL	2023/01	1722
3621	PERNOCTACIONS PER TIPUS D'ALLOTJAMENT (METODOLOGIA 2025)	0205061200030004	PERNOCTACIONS PER TIPUS D'ALLOTJAMENT (METODOLOGIA 2025). ALLOTJAMENT RURAL	2023/02	1898
3621	PERNOCTACIONS PER TIPUS D'ALLOTJAMENT (METODOLOGIA 2025)	0205061200030004	PERNOCTACIONS PER TIPUS D'ALLOTJAMENT (METODOLOGIA 2025). ALLOTJAMENT RURAL	2023/03	1482
3621	PERNOCTACIONS PER TIPUS D'ALLOTJAMENT (METODOLOGIA 2025)	0205061200030004	PERNOCTACIONS PER TIPUS D'ALLOTJAMENT (METODOLOGIA 2025). ALLOTJAMENT RURAL	2023/04	958
3621	PERNOCTACIONS PER TIPUS D'ALLOTJAMENT (METODOLOGIA 2025)	0205061200030004	PERNOCTACIONS PER TIPUS D'ALLOTJAMENT (METODOLOGIA 2025). ALLOTJAMENT RURAL	2023/05	268
3621	PERNOCTACIONS PER TIPUS D'ALLOTJAMENT (METODOLOGIA 2025)	0205061200030004	PERNOCTACIONS PER TIPUS D'ALLOTJAMENT (METODOLOGIA 2025). ALLOTJAMENT RURAL	2023/06	1505
3621	PERNOCTACIONS PER TIPUS D'ALLOTJAMENT (METODOLOGIA 2025)	0205061200030004	PERNOCTACIONS PER TIPUS D'ALLOTJAMENT (METODOLOGIA 2025). ALLOTJAMENT RURAL	2023/07	1563
3621	PERNOCTACIONS PER TIPUS D'ALLOTJAMENT (METODOLOGIA 2025)	0205061200030004	PERNOCTACIONS PER TIPUS D'ALLOTJAMENT (METODOLOGIA 2025). ALLOTJAMENT RURAL	2023/08	3109
3621	PERNOCTACIONS PER TIPUS D'ALLOTJAMENT (METODOLOGIA 2025)	0205061200030004	PERNOCTACIONS PER TIPUS D'ALLOTJAMENT (METODOLOGIA 2025). ALLOTJAMENT RURAL	2023/09	2080
3621	PERNOCTACIONS PER TIPUS D'ALLOTJAMENT (METODOLOGIA 2025)	0205061200030004	PERNOCTACIONS PER TIPUS D'ALLOTJAMENT (METODOLOGIA 2025). ALLOTJAMENT RURAL	2023/10	969
3621	PERNOCTACIONS PER TIPUS D'ALLOTJAMENT (METODOLOGIA 2025)	0205061200030004	PERNOCTACIONS PER TIPUS D'ALLOTJAMENT (METODOLOGIA 2025). ALLOTJAMENT RURAL	2023/11	324
3621	PERNOCTACIONS PER TIPUS D'ALLOTJAMENT (METODOLOGIA 2025)	0205061200030004	PERNOCTACIONS PER TIPUS D'ALLOTJAMENT (METODOLOGIA 2025). ALLOTJAMENT RURAL	2023/12	1709
3621	PERNOCTACIONS PER TIPUS D'ALLOTJAMENT (METODOLOGIA 2025)	0205061200030004	PERNOCTACIONS PER TIPUS D'ALLOTJAMENT (METODOLOGIA 2025). ALLOTJAMENT RURAL	2024/01	1554
3621	PERNOCTACIONS PER TIPUS D'ALLOTJAMENT (METODOLOGIA 2025)	0205061200030004	PERNOCTACIONS PER TIPUS D'ALLOTJAMENT (METODOLOGIA 2025). ALLOTJAMENT RURAL	2024/02	1858
3621	PERNOCTACIONS PER TIPUS D'ALLOTJAMENT (METODOLOGIA 2025)	0205061200030004	PERNOCTACIONS PER TIPUS D'ALLOTJAMENT (METODOLOGIA 2025). ALLOTJAMENT RURAL	2024/03	1911
3621	PERNOCTACIONS PER TIPUS D'ALLOTJAMENT (METODOLOGIA 2025)	0205061200030004	PERNOCTACIONS PER TIPUS D'ALLOTJAMENT (METODOLOGIA 2025). ALLOTJAMENT RURAL	2024/04	1015
3621	PERNOCTACIONS PER TIPUS D'ALLOTJAMENT (METODOLOGIA 2025)	0205061200030004	PERNOCTACIONS PER TIPUS D'ALLOTJAMENT (METODOLOGIA 2025). ALLOTJAMENT RURAL	2024/05	362
3621	PERNOCTACIONS PER TIPUS D'ALLOTJAMENT (METODOLOGIA 2025)	0205061200030004	PERNOCTACIONS PER TIPUS D'ALLOTJAMENT (METODOLOGIA 2025). ALLOTJAMENT RURAL	2024/06	1963
3621	PERNOCTACIONS PER TIPUS D'ALLOTJAMENT (METODOLOGIA 2025)	0205061200030004	PERNOCTACIONS PER TIPUS D'ALLOTJAMENT (METODOLOGIA 2025). ALLOTJAMENT RURAL	2024/07	2779
3621	PERNOCTACIONS PER TIPUS D'ALLOTJAMENT (METODOLOGIA 2025)	0205061200030004	PERNOCTACIONS PER TIPUS D'ALLOTJAMENT (METODOLOGIA 2025). ALLOTJAMENT RURAL	2024/08	3775
3621	PERNOCTACIONS PER TIPUS D'ALLOTJAMENT (METODOLOGIA 2025)	0205061200030004	PERNOCTACIONS PER TIPUS D'ALLOTJAMENT (METODOLOGIA 2025). ALLOTJAMENT RURAL	2024/09	2113
3621	PERNOCTACIONS PER TIPUS D'ALLOTJAMENT (METODOLOGIA 2025)	0205061200030004	PERNOCTACIONS PER TIPUS D'ALLOTJAMENT (METODOLOGIA 2025). ALLOTJAMENT RURAL	2024/10	1127
3621	PERNOCTACIONS PER TIPUS D'ALLOTJAMENT (METODOLOGIA 2025)	0205061200030004	PERNOCTACIONS PER TIPUS D'ALLOTJAMENT (METODOLOGIA 2025). ALLOTJAMENT RURAL	2024/11	314
3621	PERNOCTACIONS PER TIPUS D'ALLOTJAMENT (METODOLOGIA 2025)	0205061200030004	PERNOCTACIONS PER TIPUS D'ALLOTJAMENT (METODOLOGIA 2025). ALLOTJAMENT RURAL	2024/12	2348
3621	PERNOCTACIONS PER TIPUS D'ALLOTJAMENT (METODOLOGIA 2025)	0205061200030004	PERNOCTACIONS PER TIPUS D'ALLOTJAMENT (METODOLOGIA 2025). ALLOTJAMENT RURAL	2025/01	1694
3621	PERNOCTACIONS PER TIPUS D'ALLOTJAMENT (METODOLOGIA 2025)	0205061200030004	PERNOCTACIONS PER TIPUS D'ALLOTJAMENT (METODOLOGIA 2025). ALLOTJAMENT RURAL	2025/02	1952
3621	PERNOCTACIONS PER TIPUS D'ALLOTJAMENT (METODOLOGIA 2025)	0205061200030004	PERNOCTACIONS PER TIPUS D'ALLOTJAMENT (METODOLOGIA 2025). ALLOTJAMENT RURAL	2025/03	1684
3621	PERNOCTACIONS PER TIPUS D'ALLOTJAMENT (METODOLOGIA 2025)	0205061200030004	PERNOCTACIONS PER TIPUS D'ALLOTJAMENT (METODOLOGIA 2025). ALLOTJAMENT RURAL	2025/04	1106
3621	PERNOCTACIONS PER TIPUS D'ALLOTJAMENT (METODOLOGIA 2025)	0205061200030004	PERNOCTACIONS PER TIPUS D'ALLOTJAMENT (METODOLOGIA 2025). ALLOTJAMENT RURAL	2025/05	318
3621	PERNOCTACIONS PER TIPUS D'ALLOTJAMENT (METODOLOGIA 2025)	0205061200030004	PERNOCTACIONS PER TIPUS D'ALLOTJAMENT (METODOLOGIA 2025). ALLOTJAMENT RURAL	2025/06	805
3621	PERNOCTACIONS PER TIPUS D'ALLOTJAMENT (METODOLOGIA 2025)	0205061200030004	PERNOCTACIONS PER TIPUS D'ALLOTJAMENT (METODOLOGIA 2025). ALLOTJAMENT RURAL	2025/07	2227
3621	PERNOCTACIONS PER TIPUS D'ALLOTJAMENT (METODOLOGIA 2025)	0205061200030004	PERNOCTACIONS PER TIPUS D'ALLOTJAMENT (METODOLOGIA 2025). ALLOTJAMENT RURAL	2025/08	3787
3621	PERNOCTACIONS PER TIPUS D'ALLOTJAMENT (METODOLOGIA 2025)	0205061200030004	PERNOCTACIONS PER TIPUS D'ALLOTJAMENT (METODOLOGIA 2025). ALLOTJAMENT RURAL	2025/09	2963
3621	PERNOCTACIONS PER TIPUS D'ALLOTJAMENT (METODOLOGIA 2025)	0205061200030004	PERNOCTACIONS PER TIPUS D'ALLOTJAMENT (METODOLOGIA 2025). ALLOTJAMENT RURAL	2025/10	1456
3621	PERNOCTACIONS PER TIPUS D'ALLOTJAMENT (METODOLOGIA 2025)	0205061200030004	PERNOCTACIONS PER TIPUS D'ALLOTJAMENT (METODOLOGIA 2025). ALLOTJAMENT RURAL	2025/11	457
3621	PERNOCTACIONS PER TIPUS D'ALLOTJAMENT (METODOLOGIA 2025)	0205061200030004	PERNOCTACIONS PER TIPUS D'ALLOTJAMENT (METODOLOGIA 2025). ALLOTJAMENT RURAL	2025/12	2624
3621	PERNOCTACIONS PER TIPUS D'ALLOTJAMENT (METODOLOGIA 2025)	0205061200030004	PERNOCTACIONS PER TIPUS D'ALLOTJAMENT (METODOLOGIA 2025). ALLOTJAMENT RURAL	2026/01	2745
3621	PERNOCTACIONS PER TIPUS D'ALLOTJAMENT (METODOLOGIA 2025)	0205061200030004	PERNOCTACIONS PER TIPUS D'ALLOTJAMENT (METODOLOGIA 2025). ALLOTJAMENT RURAL	2026/02	2318
3621	PERNOCTACIONS PER TIPUS D'ALLOTJAMENT (METODOLOGIA 2025)	0205061200030004	PERNOCTACIONS PER TIPUS D'ALLOTJAMENT (METODOLOGIA 2025). ALLOTJAMENT RURAL	2026/03	2301
3621	PERNOCTACIONS PER TIPUS D'ALLOTJAMENT (METODOLOGIA 2025)	0205061200030004	PERNOCTACIONS PER TIPUS D'ALLOTJAMENT (METODOLOGIA 2025). ALLOTJAMENT RURAL	2026/04	1131
3621	PERNOCTACIONS PER TIPUS D'ALLOTJAMENT (METODOLOGIA 2025)	0205061200030004	PERNOCTACIONS PER TIPUS D'ALLOTJAMENT (METODOLOGIA 2025). ALLOTJAMENT RURAL	2026/05	771
3621	PERNOCTACIONS PER TIPUS D'ALLOTJAMENT (METODOLOGIA 2025)	0205061200030004	PERNOCTACIONS PER TIPUS D'ALLOTJAMENT (METODOLOGIA 2025). ALLOTJAMENT RURAL	2026/06	2355
3621	PERNOCTACIONS PER TIPUS D'ALLOTJAMENT (METODOLOGIA 2025)	0205061200030004	PERNOCTACIONS PER TIPUS D'ALLOTJAMENT (METODOLOGIA 2025). ALLOTJAMENT RURAL	2026/07	2897
3621	PERNOCTACIONS PER TIPUS D'ALLOTJAMENT (METODOLOGIA 2025)	0205061200030005	PERNOCTACIONS PER TIPUS D'ALLOTJAMENT (METODOLOGIA 2025). HABITATGES D'ÙS TURÍSTIC	2022/01	92333
3621	PERNOCTACIONS PER TIPUS D'ALLOTJAMENT (METODOLOGIA 2025)	0205061200030005	PERNOCTACIONS PER TIPUS D'ALLOTJAMENT (METODOLOGIA 2025). HABITATGES D'ÙS TURÍSTIC	2022/02	119462
3621	PERNOCTACIONS PER TIPUS D'ALLOTJAMENT (METODOLOGIA 2025)	0205061200030005	PERNOCTACIONS PER TIPUS D'ALLOTJAMENT (METODOLOGIA 2025). HABITATGES D'ÙS TURÍSTIC	2022/03	79766
3621	PERNOCTACIONS PER TIPUS D'ALLOTJAMENT (METODOLOGIA 2025)	0205061200030005	PERNOCTACIONS PER TIPUS D'ALLOTJAMENT (METODOLOGIA 2025). HABITATGES D'ÙS TURÍSTIC	2022/04	43617
3621	PERNOCTACIONS PER TIPUS D'ALLOTJAMENT (METODOLOGIA 2025)	0205061200030005	PERNOCTACIONS PER TIPUS D'ALLOTJAMENT (METODOLOGIA 2025). HABITATGES D'ÙS TURÍSTIC	2022/05	8472
3621	PERNOCTACIONS PER TIPUS D'ALLOTJAMENT (METODOLOGIA 2025)	0205061200030005	PERNOCTACIONS PER TIPUS D'ALLOTJAMENT (METODOLOGIA 2025). HABITATGES D'ÙS TURÍSTIC	2022/06	32498
3621	PERNOCTACIONS PER TIPUS D'ALLOTJAMENT (METODOLOGIA 2025)	0205061200030005	PERNOCTACIONS PER TIPUS D'ALLOTJAMENT (METODOLOGIA 2025). HABITATGES D'ÙS TURÍSTIC	2022/07	67041
3621	PERNOCTACIONS PER TIPUS D'ALLOTJAMENT (METODOLOGIA 2025)	0205061200030005	PERNOCTACIONS PER TIPUS D'ALLOTJAMENT (METODOLOGIA 2025). HABITATGES D'ÙS TURÍSTIC	2022/08	132891
3621	PERNOCTACIONS PER TIPUS D'ALLOTJAMENT (METODOLOGIA 2025)	0205061200030005	PERNOCTACIONS PER TIPUS D'ALLOTJAMENT (METODOLOGIA 2025). HABITATGES D'ÙS TURÍSTIC	2022/09	55598
3621	PERNOCTACIONS PER TIPUS D'ALLOTJAMENT (METODOLOGIA 2025)	0205061200030005	PERNOCTACIONS PER TIPUS D'ALLOTJAMENT (METODOLOGIA 2025). HABITATGES D'ÙS TURÍSTIC	2022/10	37809
3621	PERNOCTACIONS PER TIPUS D'ALLOTJAMENT (METODOLOGIA 2025)	0205061200030005	PERNOCTACIONS PER TIPUS D'ALLOTJAMENT (METODOLOGIA 2025). HABITATGES D'ÙS TURÍSTIC	2022/11	47673
3621	PERNOCTACIONS PER TIPUS D'ALLOTJAMENT (METODOLOGIA 2025)	0205061200030005	PERNOCTACIONS PER TIPUS D'ALLOTJAMENT (METODOLOGIA 2025). HABITATGES D'ÙS TURÍSTIC	2022/12	158082
3621	PERNOCTACIONS PER TIPUS D'ALLOTJAMENT (METODOLOGIA 2025)	0205061200030005	PERNOCTACIONS PER TIPUS D'ALLOTJAMENT (METODOLOGIA 2025). HABITATGES D'ÙS TURÍSTIC	2023/01	187779
3621	PERNOCTACIONS PER TIPUS D'ALLOTJAMENT (METODOLOGIA 2025)	0205061200030005	PERNOCTACIONS PER TIPUS D'ALLOTJAMENT (METODOLOGIA 2025). HABITATGES D'ÙS TURÍSTIC	2023/02	204150
3621	PERNOCTACIONS PER TIPUS D'ALLOTJAMENT (METODOLOGIA 2025)	0205061200030005	PERNOCTACIONS PER TIPUS D'ALLOTJAMENT (METODOLOGIA 2025). HABITATGES D'ÙS TURÍSTIC	2023/03	152751
3621	PERNOCTACIONS PER TIPUS D'ALLOTJAMENT (METODOLOGIA 2025)	0205061200030005	PERNOCTACIONS PER TIPUS D'ALLOTJAMENT (METODOLOGIA 2025). HABITATGES D'ÙS TURÍSTIC	2023/04	74256
3621	PERNOCTACIONS PER TIPUS D'ALLOTJAMENT (METODOLOGIA 2025)	0205061200030005	PERNOCTACIONS PER TIPUS D'ALLOTJAMENT (METODOLOGIA 2025). HABITATGES D'ÙS TURÍSTIC	2023/05	20166
3621	PERNOCTACIONS PER TIPUS D'ALLOTJAMENT (METODOLOGIA 2025)	0205061200030005	PERNOCTACIONS PER TIPUS D'ALLOTJAMENT (METODOLOGIA 2025). HABITATGES D'ÙS TURÍSTIC	2023/06	47087
3621	PERNOCTACIONS PER TIPUS D'ALLOTJAMENT (METODOLOGIA 2025)	0205061200030005	PERNOCTACIONS PER TIPUS D'ALLOTJAMENT (METODOLOGIA 2025). HABITATGES D'ÙS TURÍSTIC	2023/07	77045
3621	PERNOCTACIONS PER TIPUS D'ALLOTJAMENT (METODOLOGIA 2025)	0205061200030005	PERNOCTACIONS PER TIPUS D'ALLOTJAMENT (METODOLOGIA 2025). HABITATGES D'ÙS TURÍSTIC	2023/08	129466
3621	PERNOCTACIONS PER TIPUS D'ALLOTJAMENT (METODOLOGIA 2025)	0205061200030005	PERNOCTACIONS PER TIPUS D'ALLOTJAMENT (METODOLOGIA 2025). HABITATGES D'ÙS TURÍSTIC	2023/09	53734
3621	PERNOCTACIONS PER TIPUS D'ALLOTJAMENT (METODOLOGIA 2025)	0205061200030005	PERNOCTACIONS PER TIPUS D'ALLOTJAMENT (METODOLOGIA 2025). HABITATGES D'ÙS TURÍSTIC	2023/10	39641
3621	PERNOCTACIONS PER TIPUS D'ALLOTJAMENT (METODOLOGIA 2025)	0205061200030005	PERNOCTACIONS PER TIPUS D'ALLOTJAMENT (METODOLOGIA 2025). HABITATGES D'ÙS TURÍSTIC	2023/11	29263
3621	PERNOCTACIONS PER TIPUS D'ALLOTJAMENT (METODOLOGIA 2025)	0205061200030005	PERNOCTACIONS PER TIPUS D'ALLOTJAMENT (METODOLOGIA 2025). HABITATGES D'ÙS TURÍSTIC	2023/12	114619
3621	PERNOCTACIONS PER TIPUS D'ALLOTJAMENT (METODOLOGIA 2025)	0205061200030005	PERNOCTACIONS PER TIPUS D'ALLOTJAMENT (METODOLOGIA 2025). HABITATGES D'ÙS TURÍSTIC	2024/01	158905
3621	PERNOCTACIONS PER TIPUS D'ALLOTJAMENT (METODOLOGIA 2025)	0205061200030005	PERNOCTACIONS PER TIPUS D'ALLOTJAMENT (METODOLOGIA 2025). HABITATGES D'ÙS TURÍSTIC	2024/02	161971
3621	PERNOCTACIONS PER TIPUS D'ALLOTJAMENT (METODOLOGIA 2025)	0205061200030005	PERNOCTACIONS PER TIPUS D'ALLOTJAMENT (METODOLOGIA 2025). HABITATGES D'ÙS TURÍSTIC	2024/03	145624
3621	PERNOCTACIONS PER TIPUS D'ALLOTJAMENT (METODOLOGIA 2025)	0205061200030005	PERNOCTACIONS PER TIPUS D'ALLOTJAMENT (METODOLOGIA 2025). HABITATGES D'ÙS TURÍSTIC	2024/04	62238
3621	PERNOCTACIONS PER TIPUS D'ALLOTJAMENT (METODOLOGIA 2025)	0205061200030005	PERNOCTACIONS PER TIPUS D'ALLOTJAMENT (METODOLOGIA 2025). HABITATGES D'ÙS TURÍSTIC	2024/05	25241
3621	PERNOCTACIONS PER TIPUS D'ALLOTJAMENT (METODOLOGIA 2025)	0205061200030005	PERNOCTACIONS PER TIPUS D'ALLOTJAMENT (METODOLOGIA 2025). HABITATGES D'ÙS TURÍSTIC	2024/06	58557
3621	PERNOCTACIONS PER TIPUS D'ALLOTJAMENT (METODOLOGIA 2025)	0205061200030005	PERNOCTACIONS PER TIPUS D'ALLOTJAMENT (METODOLOGIA 2025). HABITATGES D'ÙS TURÍSTIC	2024/07	93913
3621	PERNOCTACIONS PER TIPUS D'ALLOTJAMENT (METODOLOGIA 2025)	0205061200030005	PERNOCTACIONS PER TIPUS D'ALLOTJAMENT (METODOLOGIA 2025). HABITATGES D'ÙS TURÍSTIC	2024/08	174884
3621	PERNOCTACIONS PER TIPUS D'ALLOTJAMENT (METODOLOGIA 2025)	0205061200030005	PERNOCTACIONS PER TIPUS D'ALLOTJAMENT (METODOLOGIA 2025). HABITATGES D'ÙS TURÍSTIC	2024/09	64799
3621	PERNOCTACIONS PER TIPUS D'ALLOTJAMENT (METODOLOGIA 2025)	0205061200030005	PERNOCTACIONS PER TIPUS D'ALLOTJAMENT (METODOLOGIA 2025). HABITATGES D'ÙS TURÍSTIC	2024/10	44478
3621	PERNOCTACIONS PER TIPUS D'ALLOTJAMENT (METODOLOGIA 2025)	0205061200030005	PERNOCTACIONS PER TIPUS D'ALLOTJAMENT (METODOLOGIA 2025). HABITATGES D'ÙS TURÍSTIC	2024/11	45355
3621	PERNOCTACIONS PER TIPUS D'ALLOTJAMENT (METODOLOGIA 2025)	0205061200030005	PERNOCTACIONS PER TIPUS D'ALLOTJAMENT (METODOLOGIA 2025). HABITATGES D'ÙS TURÍSTIC	2024/12	133399
3621	PERNOCTACIONS PER TIPUS D'ALLOTJAMENT (METODOLOGIA 2025)	0205061200030005	PERNOCTACIONS PER TIPUS D'ALLOTJAMENT (METODOLOGIA 2025). HABITATGES D'ÙS TURÍSTIC	2025/01	160433
3621	PERNOCTACIONS PER TIPUS D'ALLOTJAMENT (METODOLOGIA 2025)	0205061200030005	PERNOCTACIONS PER TIPUS D'ALLOTJAMENT (METODOLOGIA 2025). HABITATGES D'ÙS TURÍSTIC	2025/02	171416
3621	PERNOCTACIONS PER TIPUS D'ALLOTJAMENT (METODOLOGIA 2025)	0205061200030005	PERNOCTACIONS PER TIPUS D'ALLOTJAMENT (METODOLOGIA 2025). HABITATGES D'ÙS TURÍSTIC	2025/03	154808
3621	PERNOCTACIONS PER TIPUS D'ALLOTJAMENT (METODOLOGIA 2025)	0205061200030005	PERNOCTACIONS PER TIPUS D'ALLOTJAMENT (METODOLOGIA 2025). HABITATGES D'ÙS TURÍSTIC	2025/04	79150
3621	PERNOCTACIONS PER TIPUS D'ALLOTJAMENT (METODOLOGIA 2025)	0205061200030005	PERNOCTACIONS PER TIPUS D'ALLOTJAMENT (METODOLOGIA 2025). HABITATGES D'ÙS TURÍSTIC	2025/05	23725
3621	PERNOCTACIONS PER TIPUS D'ALLOTJAMENT (METODOLOGIA 2025)	0205061200030005	PERNOCTACIONS PER TIPUS D'ALLOTJAMENT (METODOLOGIA 2025). HABITATGES D'ÙS TURÍSTIC	2025/06	78619
3621	PERNOCTACIONS PER TIPUS D'ALLOTJAMENT (METODOLOGIA 2025)	0205061200030005	PERNOCTACIONS PER TIPUS D'ALLOTJAMENT (METODOLOGIA 2025). HABITATGES D'ÙS TURÍSTIC	2025/07	99566
3621	PERNOCTACIONS PER TIPUS D'ALLOTJAMENT (METODOLOGIA 2025)	0205061200030005	PERNOCTACIONS PER TIPUS D'ALLOTJAMENT (METODOLOGIA 2025). HABITATGES D'ÙS TURÍSTIC	2025/08	178485
3621	PERNOCTACIONS PER TIPUS D'ALLOTJAMENT (METODOLOGIA 2025)	0205061200030005	PERNOCTACIONS PER TIPUS D'ALLOTJAMENT (METODOLOGIA 2025). HABITATGES D'ÙS TURÍSTIC	2025/09	81967
3621	PERNOCTACIONS PER TIPUS D'ALLOTJAMENT (METODOLOGIA 2025)	0205061200030005	PERNOCTACIONS PER TIPUS D'ALLOTJAMENT (METODOLOGIA 2025). HABITATGES D'ÙS TURÍSTIC	2025/10	51435
3621	PERNOCTACIONS PER TIPUS D'ALLOTJAMENT (METODOLOGIA 2025)	0205061200030005	PERNOCTACIONS PER TIPUS D'ALLOTJAMENT (METODOLOGIA 2025). HABITATGES D'ÙS TURÍSTIC	2025/11	44541
3621	PERNOCTACIONS PER TIPUS D'ALLOTJAMENT (METODOLOGIA 2025)	0205061200030005	PERNOCTACIONS PER TIPUS D'ALLOTJAMENT (METODOLOGIA 2025). HABITATGES D'ÙS TURÍSTIC	2025/12	172823
3621	PERNOCTACIONS PER TIPUS D'ALLOTJAMENT (METODOLOGIA 2025)	0205061200030005	PERNOCTACIONS PER TIPUS D'ALLOTJAMENT (METODOLOGIA 2025). HABITATGES D'ÙS TURÍSTIC	2026/01	217068
3621	PERNOCTACIONS PER TIPUS D'ALLOTJAMENT (METODOLOGIA 2025)	0205061200030005	PERNOCTACIONS PER TIPUS D'ALLOTJAMENT (METODOLOGIA 2025). HABITATGES D'ÙS TURÍSTIC	2026/02	180674
3621	PERNOCTACIONS PER TIPUS D'ALLOTJAMENT (METODOLOGIA 2025)	0205061200030005	PERNOCTACIONS PER TIPUS D'ALLOTJAMENT (METODOLOGIA 2025). HABITATGES D'ÙS TURÍSTIC	2026/03	193784
3621	PERNOCTACIONS PER TIPUS D'ALLOTJAMENT (METODOLOGIA 2025)	0205061200030005	PERNOCTACIONS PER TIPUS D'ALLOTJAMENT (METODOLOGIA 2025). HABITATGES D'ÙS TURÍSTIC	2026/04	72452
3621	PERNOCTACIONS PER TIPUS D'ALLOTJAMENT (METODOLOGIA 2025)	0205061200030005	PERNOCTACIONS PER TIPUS D'ALLOTJAMENT (METODOLOGIA 2025). HABITATGES D'ÙS TURÍSTIC	2026/05	24328
3621	PERNOCTACIONS PER TIPUS D'ALLOTJAMENT (METODOLOGIA 2025)	0205061200030005	PERNOCTACIONS PER TIPUS D'ALLOTJAMENT (METODOLOGIA 2025). HABITATGES D'ÙS TURÍSTIC	2026/06	80441
3621	PERNOCTACIONS PER TIPUS D'ALLOTJAMENT (METODOLOGIA 2025)	0205061200030005	PERNOCTACIONS PER TIPUS D'ALLOTJAMENT (METODOLOGIA 2025). HABITATGES D'ÙS TURÍSTIC	2026/07	137216
3621	PERNOCTACIONS PER TIPUS D'ALLOTJAMENT (METODOLOGIA 2025)	0205061200030006	PERNOCTACIONS PER TIPUS D'ALLOTJAMENT (METODOLOGIA 2025). ESTABLIMENTS COMPLEMENTARIS	2022/01	3773
3621	PERNOCTACIONS PER TIPUS D'ALLOTJAMENT (METODOLOGIA 2025)	0205061200030006	PERNOCTACIONS PER TIPUS D'ALLOTJAMENT (METODOLOGIA 2025). ESTABLIMENTS COMPLEMENTARIS	2022/02	5083
3621	PERNOCTACIONS PER TIPUS D'ALLOTJAMENT (METODOLOGIA 2025)	0205061200030006	PERNOCTACIONS PER TIPUS D'ALLOTJAMENT (METODOLOGIA 2025). ESTABLIMENTS COMPLEMENTARIS	2022/03	2895
3621	PERNOCTACIONS PER TIPUS D'ALLOTJAMENT (METODOLOGIA 2025)	0205061200030006	PERNOCTACIONS PER TIPUS D'ALLOTJAMENT (METODOLOGIA 2025). ESTABLIMENTS COMPLEMENTARIS	2022/04	2752
3621	PERNOCTACIONS PER TIPUS D'ALLOTJAMENT (METODOLOGIA 2025)	0205061200030006	PERNOCTACIONS PER TIPUS D'ALLOTJAMENT (METODOLOGIA 2025). ESTABLIMENTS COMPLEMENTARIS	2022/05	982
3621	PERNOCTACIONS PER TIPUS D'ALLOTJAMENT (METODOLOGIA 2025)	0205061200030006	PERNOCTACIONS PER TIPUS D'ALLOTJAMENT (METODOLOGIA 2025). ESTABLIMENTS COMPLEMENTARIS	2022/06	5177
3621	PERNOCTACIONS PER TIPUS D'ALLOTJAMENT (METODOLOGIA 2025)	0205061200030006	PERNOCTACIONS PER TIPUS D'ALLOTJAMENT (METODOLOGIA 2025). ESTABLIMENTS COMPLEMENTARIS	2022/07	6040
3621	PERNOCTACIONS PER TIPUS D'ALLOTJAMENT (METODOLOGIA 2025)	0205061200030006	PERNOCTACIONS PER TIPUS D'ALLOTJAMENT (METODOLOGIA 2025). ESTABLIMENTS COMPLEMENTARIS	2022/08	7755
3621	PERNOCTACIONS PER TIPUS D'ALLOTJAMENT (METODOLOGIA 2025)	0205061200030006	PERNOCTACIONS PER TIPUS D'ALLOTJAMENT (METODOLOGIA 2025). ESTABLIMENTS COMPLEMENTARIS	2022/09	4617
3621	PERNOCTACIONS PER TIPUS D'ALLOTJAMENT (METODOLOGIA 2025)	0205061200030006	PERNOCTACIONS PER TIPUS D'ALLOTJAMENT (METODOLOGIA 2025). ESTABLIMENTS COMPLEMENTARIS	2022/10	4045
3621	PERNOCTACIONS PER TIPUS D'ALLOTJAMENT (METODOLOGIA 2025)	0205061200030006	PERNOCTACIONS PER TIPUS D'ALLOTJAMENT (METODOLOGIA 2025). ESTABLIMENTS COMPLEMENTARIS	2022/11	4975
3621	PERNOCTACIONS PER TIPUS D'ALLOTJAMENT (METODOLOGIA 2025)	0205061200030006	PERNOCTACIONS PER TIPUS D'ALLOTJAMENT (METODOLOGIA 2025). ESTABLIMENTS COMPLEMENTARIS	2022/12	4980
3621	PERNOCTACIONS PER TIPUS D'ALLOTJAMENT (METODOLOGIA 2025)	0205061200030006	PERNOCTACIONS PER TIPUS D'ALLOTJAMENT (METODOLOGIA 2025). ESTABLIMENTS COMPLEMENTARIS	2023/01	4711
3621	PERNOCTACIONS PER TIPUS D'ALLOTJAMENT (METODOLOGIA 2025)	0205061200030006	PERNOCTACIONS PER TIPUS D'ALLOTJAMENT (METODOLOGIA 2025). ESTABLIMENTS COMPLEMENTARIS	2023/02	4373
3621	PERNOCTACIONS PER TIPUS D'ALLOTJAMENT (METODOLOGIA 2025)	0205061200030006	PERNOCTACIONS PER TIPUS D'ALLOTJAMENT (METODOLOGIA 2025). ESTABLIMENTS COMPLEMENTARIS	2023/03	4980
3621	PERNOCTACIONS PER TIPUS D'ALLOTJAMENT (METODOLOGIA 2025)	0205061200030006	PERNOCTACIONS PER TIPUS D'ALLOTJAMENT (METODOLOGIA 2025). ESTABLIMENTS COMPLEMENTARIS	2023/04	4190
3621	PERNOCTACIONS PER TIPUS D'ALLOTJAMENT (METODOLOGIA 2025)	0205061200030006	PERNOCTACIONS PER TIPUS D'ALLOTJAMENT (METODOLOGIA 2025). ESTABLIMENTS COMPLEMENTARIS	2023/05	1480
3621	PERNOCTACIONS PER TIPUS D'ALLOTJAMENT (METODOLOGIA 2025)	0205061200030006	PERNOCTACIONS PER TIPUS D'ALLOTJAMENT (METODOLOGIA 2025). ESTABLIMENTS COMPLEMENTARIS	2023/06	4110
3621	PERNOCTACIONS PER TIPUS D'ALLOTJAMENT (METODOLOGIA 2025)	0205061200030006	PERNOCTACIONS PER TIPUS D'ALLOTJAMENT (METODOLOGIA 2025). ESTABLIMENTS COMPLEMENTARIS	2023/07	5472
3621	PERNOCTACIONS PER TIPUS D'ALLOTJAMENT (METODOLOGIA 2025)	0205061200030006	PERNOCTACIONS PER TIPUS D'ALLOTJAMENT (METODOLOGIA 2025). ESTABLIMENTS COMPLEMENTARIS	2023/08	6669
3621	PERNOCTACIONS PER TIPUS D'ALLOTJAMENT (METODOLOGIA 2025)	0205061200030006	PERNOCTACIONS PER TIPUS D'ALLOTJAMENT (METODOLOGIA 2025). ESTABLIMENTS COMPLEMENTARIS	2023/09	5409
3621	PERNOCTACIONS PER TIPUS D'ALLOTJAMENT (METODOLOGIA 2025)	0205061200030006	PERNOCTACIONS PER TIPUS D'ALLOTJAMENT (METODOLOGIA 2025). ESTABLIMENTS COMPLEMENTARIS	2023/10	3943
3621	PERNOCTACIONS PER TIPUS D'ALLOTJAMENT (METODOLOGIA 2025)	0205061200030006	PERNOCTACIONS PER TIPUS D'ALLOTJAMENT (METODOLOGIA 2025). ESTABLIMENTS COMPLEMENTARIS	2023/11	5156
3621	PERNOCTACIONS PER TIPUS D'ALLOTJAMENT (METODOLOGIA 2025)	0205061200030006	PERNOCTACIONS PER TIPUS D'ALLOTJAMENT (METODOLOGIA 2025). ESTABLIMENTS COMPLEMENTARIS	2023/12	4430
3621	PERNOCTACIONS PER TIPUS D'ALLOTJAMENT (METODOLOGIA 2025)	0205061200030006	PERNOCTACIONS PER TIPUS D'ALLOTJAMENT (METODOLOGIA 2025). ESTABLIMENTS COMPLEMENTARIS	2024/01	5180
3621	PERNOCTACIONS PER TIPUS D'ALLOTJAMENT (METODOLOGIA 2025)	0205061200030006	PERNOCTACIONS PER TIPUS D'ALLOTJAMENT (METODOLOGIA 2025). ESTABLIMENTS COMPLEMENTARIS	2024/02	4206
3621	PERNOCTACIONS PER TIPUS D'ALLOTJAMENT (METODOLOGIA 2025)	0205061200030006	PERNOCTACIONS PER TIPUS D'ALLOTJAMENT (METODOLOGIA 2025). ESTABLIMENTS COMPLEMENTARIS	2024/03	5500
3621	PERNOCTACIONS PER TIPUS D'ALLOTJAMENT (METODOLOGIA 2025)	0205061200030006	PERNOCTACIONS PER TIPUS D'ALLOTJAMENT (METODOLOGIA 2025). ESTABLIMENTS COMPLEMENTARIS	2024/04	2904
3621	PERNOCTACIONS PER TIPUS D'ALLOTJAMENT (METODOLOGIA 2025)	0205061200030006	PERNOCTACIONS PER TIPUS D'ALLOTJAMENT (METODOLOGIA 2025). ESTABLIMENTS COMPLEMENTARIS	2024/05	1540
3621	PERNOCTACIONS PER TIPUS D'ALLOTJAMENT (METODOLOGIA 2025)	0205061200030006	PERNOCTACIONS PER TIPUS D'ALLOTJAMENT (METODOLOGIA 2025). ESTABLIMENTS COMPLEMENTARIS	2024/06	5592
3621	PERNOCTACIONS PER TIPUS D'ALLOTJAMENT (METODOLOGIA 2025)	0205061200030006	PERNOCTACIONS PER TIPUS D'ALLOTJAMENT (METODOLOGIA 2025). ESTABLIMENTS COMPLEMENTARIS	2024/07	7736
3621	PERNOCTACIONS PER TIPUS D'ALLOTJAMENT (METODOLOGIA 2025)	0205061200030006	PERNOCTACIONS PER TIPUS D'ALLOTJAMENT (METODOLOGIA 2025). ESTABLIMENTS COMPLEMENTARIS	2024/08	9864
3621	PERNOCTACIONS PER TIPUS D'ALLOTJAMENT (METODOLOGIA 2025)	0205061200030006	PERNOCTACIONS PER TIPUS D'ALLOTJAMENT (METODOLOGIA 2025). ESTABLIMENTS COMPLEMENTARIS	2024/09	4259
3621	PERNOCTACIONS PER TIPUS D'ALLOTJAMENT (METODOLOGIA 2025)	0205061200030006	PERNOCTACIONS PER TIPUS D'ALLOTJAMENT (METODOLOGIA 2025). ESTABLIMENTS COMPLEMENTARIS	2024/10	2702
3621	PERNOCTACIONS PER TIPUS D'ALLOTJAMENT (METODOLOGIA 2025)	0205061200030006	PERNOCTACIONS PER TIPUS D'ALLOTJAMENT (METODOLOGIA 2025). ESTABLIMENTS COMPLEMENTARIS	2024/11	3802
3621	PERNOCTACIONS PER TIPUS D'ALLOTJAMENT (METODOLOGIA 2025)	0205061200030006	PERNOCTACIONS PER TIPUS D'ALLOTJAMENT (METODOLOGIA 2025). ESTABLIMENTS COMPLEMENTARIS	2024/12	5041
3621	PERNOCTACIONS PER TIPUS D'ALLOTJAMENT (METODOLOGIA 2025)	0205061200030006	PERNOCTACIONS PER TIPUS D'ALLOTJAMENT (METODOLOGIA 2025). ESTABLIMENTS COMPLEMENTARIS	2025/01	6306
3621	PERNOCTACIONS PER TIPUS D'ALLOTJAMENT (METODOLOGIA 2025)	0205061200030006	PERNOCTACIONS PER TIPUS D'ALLOTJAMENT (METODOLOGIA 2025). ESTABLIMENTS COMPLEMENTARIS	2025/02	7505
3621	PERNOCTACIONS PER TIPUS D'ALLOTJAMENT (METODOLOGIA 2025)	0205061200030006	PERNOCTACIONS PER TIPUS D'ALLOTJAMENT (METODOLOGIA 2025). ESTABLIMENTS COMPLEMENTARIS	2025/03	5999
3621	PERNOCTACIONS PER TIPUS D'ALLOTJAMENT (METODOLOGIA 2025)	0205061200030006	PERNOCTACIONS PER TIPUS D'ALLOTJAMENT (METODOLOGIA 2025). ESTABLIMENTS COMPLEMENTARIS	2025/04	4014
3621	PERNOCTACIONS PER TIPUS D'ALLOTJAMENT (METODOLOGIA 2025)	0205061200030006	PERNOCTACIONS PER TIPUS D'ALLOTJAMENT (METODOLOGIA 2025). ESTABLIMENTS COMPLEMENTARIS	2025/05	2119
3621	PERNOCTACIONS PER TIPUS D'ALLOTJAMENT (METODOLOGIA 2025)	0205061200030006	PERNOCTACIONS PER TIPUS D'ALLOTJAMENT (METODOLOGIA 2025). ESTABLIMENTS COMPLEMENTARIS	2025/06	7681
3621	PERNOCTACIONS PER TIPUS D'ALLOTJAMENT (METODOLOGIA 2025)	0205061200030006	PERNOCTACIONS PER TIPUS D'ALLOTJAMENT (METODOLOGIA 2025). ESTABLIMENTS COMPLEMENTARIS	2025/07	10728
3621	PERNOCTACIONS PER TIPUS D'ALLOTJAMENT (METODOLOGIA 2025)	0205061200030006	PERNOCTACIONS PER TIPUS D'ALLOTJAMENT (METODOLOGIA 2025). ESTABLIMENTS COMPLEMENTARIS	2025/08	15317
3621	PERNOCTACIONS PER TIPUS D'ALLOTJAMENT (METODOLOGIA 2025)	0205061200030006	PERNOCTACIONS PER TIPUS D'ALLOTJAMENT (METODOLOGIA 2025). ESTABLIMENTS COMPLEMENTARIS	2025/09	12542
3621	PERNOCTACIONS PER TIPUS D'ALLOTJAMENT (METODOLOGIA 2025)	0205061200030006	PERNOCTACIONS PER TIPUS D'ALLOTJAMENT (METODOLOGIA 2025). ESTABLIMENTS COMPLEMENTARIS	2025/10	6548
3621	PERNOCTACIONS PER TIPUS D'ALLOTJAMENT (METODOLOGIA 2025)	0205061200030006	PERNOCTACIONS PER TIPUS D'ALLOTJAMENT (METODOLOGIA 2025). ESTABLIMENTS COMPLEMENTARIS	2025/11	8958
3621	PERNOCTACIONS PER TIPUS D'ALLOTJAMENT (METODOLOGIA 2025)	0205061200030006	PERNOCTACIONS PER TIPUS D'ALLOTJAMENT (METODOLOGIA 2025). ESTABLIMENTS COMPLEMENTARIS	2025/12	18273
3621	PERNOCTACIONS PER TIPUS D'ALLOTJAMENT (METODOLOGIA 2025)	0205061200030006	PERNOCTACIONS PER TIPUS D'ALLOTJAMENT (METODOLOGIA 2025). ESTABLIMENTS COMPLEMENTARIS	2026/01	14408
3621	PERNOCTACIONS PER TIPUS D'ALLOTJAMENT (METODOLOGIA 2025)	0205061200030006	PERNOCTACIONS PER TIPUS D'ALLOTJAMENT (METODOLOGIA 2025). ESTABLIMENTS COMPLEMENTARIS	2026/02	13188
3621	PERNOCTACIONS PER TIPUS D'ALLOTJAMENT (METODOLOGIA 2025)	0205061200030006	PERNOCTACIONS PER TIPUS D'ALLOTJAMENT (METODOLOGIA 2025). ESTABLIMENTS COMPLEMENTARIS	2026/03	14425
3621	PERNOCTACIONS PER TIPUS D'ALLOTJAMENT (METODOLOGIA 2025)	0205061200030006	PERNOCTACIONS PER TIPUS D'ALLOTJAMENT (METODOLOGIA 2025). ESTABLIMENTS COMPLEMENTARIS	2026/04	10096
3621	PERNOCTACIONS PER TIPUS D'ALLOTJAMENT (METODOLOGIA 2025)	0205061200030006	PERNOCTACIONS PER TIPUS D'ALLOTJAMENT (METODOLOGIA 2025). ESTABLIMENTS COMPLEMENTARIS	2026/05	5194
3621	PERNOCTACIONS PER TIPUS D'ALLOTJAMENT (METODOLOGIA 2025)	0205061200030006	PERNOCTACIONS PER TIPUS D'ALLOTJAMENT (METODOLOGIA 2025). ESTABLIMENTS COMPLEMENTARIS	2026/06	11492
3621	PERNOCTACIONS PER TIPUS D'ALLOTJAMENT (METODOLOGIA 2025)	0205061200030006	PERNOCTACIONS PER TIPUS D'ALLOTJAMENT (METODOLOGIA 2025). ESTABLIMENTS COMPLEMENTARIS	2026/07	12516
3621	PERNOCTACIONS PER TIPUS D'ALLOTJAMENT (METODOLOGIA 2025)	0205061200030007	PERNOCTACIONS PER TIPUS D'ALLOTJAMENT (METODOLOGIA 2025). ALTRES	2022/01	26044
3621	PERNOCTACIONS PER TIPUS D'ALLOTJAMENT (METODOLOGIA 2025)	0205061200030007	PERNOCTACIONS PER TIPUS D'ALLOTJAMENT (METODOLOGIA 2025). ALTRES	2022/02	25109
3621	PERNOCTACIONS PER TIPUS D'ALLOTJAMENT (METODOLOGIA 2025)	0205061200030007	PERNOCTACIONS PER TIPUS D'ALLOTJAMENT (METODOLOGIA 2025). ALTRES	2022/03	13962
3621	PERNOCTACIONS PER TIPUS D'ALLOTJAMENT (METODOLOGIA 2025)	0205061200030007	PERNOCTACIONS PER TIPUS D'ALLOTJAMENT (METODOLOGIA 2025). ALTRES	2022/04	9509
3621	PERNOCTACIONS PER TIPUS D'ALLOTJAMENT (METODOLOGIA 2025)	0205061200030007	PERNOCTACIONS PER TIPUS D'ALLOTJAMENT (METODOLOGIA 2025). ALTRES	2022/05	4510
3621	PERNOCTACIONS PER TIPUS D'ALLOTJAMENT (METODOLOGIA 2025)	0205061200030007	PERNOCTACIONS PER TIPUS D'ALLOTJAMENT (METODOLOGIA 2025). ALTRES	2022/06	10268
3621	PERNOCTACIONS PER TIPUS D'ALLOTJAMENT (METODOLOGIA 2025)	0205061200030007	PERNOCTACIONS PER TIPUS D'ALLOTJAMENT (METODOLOGIA 2025). ALTRES	2022/07	11462
3621	PERNOCTACIONS PER TIPUS D'ALLOTJAMENT (METODOLOGIA 2025)	0205061200030007	PERNOCTACIONS PER TIPUS D'ALLOTJAMENT (METODOLOGIA 2025). ALTRES	2022/08	19783
3621	PERNOCTACIONS PER TIPUS D'ALLOTJAMENT (METODOLOGIA 2025)	0205061200030007	PERNOCTACIONS PER TIPUS D'ALLOTJAMENT (METODOLOGIA 2025). ALTRES	2022/09	11109
3621	PERNOCTACIONS PER TIPUS D'ALLOTJAMENT (METODOLOGIA 2025)	0205061200030007	PERNOCTACIONS PER TIPUS D'ALLOTJAMENT (METODOLOGIA 2025). ALTRES	2022/10	12236
3621	PERNOCTACIONS PER TIPUS D'ALLOTJAMENT (METODOLOGIA 2025)	0205061200030007	PERNOCTACIONS PER TIPUS D'ALLOTJAMENT (METODOLOGIA 2025). ALTRES	2022/11	14849
3621	PERNOCTACIONS PER TIPUS D'ALLOTJAMENT (METODOLOGIA 2025)	0205061200030007	PERNOCTACIONS PER TIPUS D'ALLOTJAMENT (METODOLOGIA 2025). ALTRES	2022/12	28556
3621	PERNOCTACIONS PER TIPUS D'ALLOTJAMENT (METODOLOGIA 2025)	0205061200030007	PERNOCTACIONS PER TIPUS D'ALLOTJAMENT (METODOLOGIA 2025). ALTRES	2023/01	39878
3621	PERNOCTACIONS PER TIPUS D'ALLOTJAMENT (METODOLOGIA 2025)	0205061200030007	PERNOCTACIONS PER TIPUS D'ALLOTJAMENT (METODOLOGIA 2025). ALTRES	2023/02	41323
3621	PERNOCTACIONS PER TIPUS D'ALLOTJAMENT (METODOLOGIA 2025)	0205061200030007	PERNOCTACIONS PER TIPUS D'ALLOTJAMENT (METODOLOGIA 2025). ALTRES	2023/03	31330
3621	PERNOCTACIONS PER TIPUS D'ALLOTJAMENT (METODOLOGIA 2025)	0205061200030007	PERNOCTACIONS PER TIPUS D'ALLOTJAMENT (METODOLOGIA 2025). ALTRES	2023/04	18553
3621	PERNOCTACIONS PER TIPUS D'ALLOTJAMENT (METODOLOGIA 2025)	0205061200030007	PERNOCTACIONS PER TIPUS D'ALLOTJAMENT (METODOLOGIA 2025). ALTRES	2023/05	4509
3621	PERNOCTACIONS PER TIPUS D'ALLOTJAMENT (METODOLOGIA 2025)	0205061200030007	PERNOCTACIONS PER TIPUS D'ALLOTJAMENT (METODOLOGIA 2025). ALTRES	2023/06	7342
3621	PERNOCTACIONS PER TIPUS D'ALLOTJAMENT (METODOLOGIA 2025)	0205061200030007	PERNOCTACIONS PER TIPUS D'ALLOTJAMENT (METODOLOGIA 2025). ALTRES	2023/07	9045
3621	PERNOCTACIONS PER TIPUS D'ALLOTJAMENT (METODOLOGIA 2025)	0205061200030007	PERNOCTACIONS PER TIPUS D'ALLOTJAMENT (METODOLOGIA 2025). ALTRES	2023/08	17598
3621	PERNOCTACIONS PER TIPUS D'ALLOTJAMENT (METODOLOGIA 2025)	0205061200030007	PERNOCTACIONS PER TIPUS D'ALLOTJAMENT (METODOLOGIA 2025). ALTRES	2023/09	9644
3621	PERNOCTACIONS PER TIPUS D'ALLOTJAMENT (METODOLOGIA 2025)	0205061200030007	PERNOCTACIONS PER TIPUS D'ALLOTJAMENT (METODOLOGIA 2025). ALTRES	2023/10	6852
3621	PERNOCTACIONS PER TIPUS D'ALLOTJAMENT (METODOLOGIA 2025)	0205061200030007	PERNOCTACIONS PER TIPUS D'ALLOTJAMENT (METODOLOGIA 2025). ALTRES	2023/11	6255
3621	PERNOCTACIONS PER TIPUS D'ALLOTJAMENT (METODOLOGIA 2025)	0205061200030007	PERNOCTACIONS PER TIPUS D'ALLOTJAMENT (METODOLOGIA 2025). ALTRES	2023/12	15343
3621	PERNOCTACIONS PER TIPUS D'ALLOTJAMENT (METODOLOGIA 2025)	0205061200030007	PERNOCTACIONS PER TIPUS D'ALLOTJAMENT (METODOLOGIA 2025). ALTRES	2024/01	19177
3621	PERNOCTACIONS PER TIPUS D'ALLOTJAMENT (METODOLOGIA 2025)	0205061200030007	PERNOCTACIONS PER TIPUS D'ALLOTJAMENT (METODOLOGIA 2025). ALTRES	2024/02	19141
3621	PERNOCTACIONS PER TIPUS D'ALLOTJAMENT (METODOLOGIA 2025)	0205061200030007	PERNOCTACIONS PER TIPUS D'ALLOTJAMENT (METODOLOGIA 2025). ALTRES	2024/03	13661
3621	PERNOCTACIONS PER TIPUS D'ALLOTJAMENT (METODOLOGIA 2025)	0205061200030007	PERNOCTACIONS PER TIPUS D'ALLOTJAMENT (METODOLOGIA 2025). ALTRES	2024/04	7480
3621	PERNOCTACIONS PER TIPUS D'ALLOTJAMENT (METODOLOGIA 2025)	0205061200030007	PERNOCTACIONS PER TIPUS D'ALLOTJAMENT (METODOLOGIA 2025). ALTRES	2024/05	3184
3621	PERNOCTACIONS PER TIPUS D'ALLOTJAMENT (METODOLOGIA 2025)	0205061200030007	PERNOCTACIONS PER TIPUS D'ALLOTJAMENT (METODOLOGIA 2025). ALTRES	2024/06	3698
3621	PERNOCTACIONS PER TIPUS D'ALLOTJAMENT (METODOLOGIA 2025)	0205061200030007	PERNOCTACIONS PER TIPUS D'ALLOTJAMENT (METODOLOGIA 2025). ALTRES	2024/07	1063
3621	PERNOCTACIONS PER TIPUS D'ALLOTJAMENT (METODOLOGIA 2025)	0205061200030007	PERNOCTACIONS PER TIPUS D'ALLOTJAMENT (METODOLOGIA 2025). ALTRES	2024/08	3046
3621	PERNOCTACIONS PER TIPUS D'ALLOTJAMENT (METODOLOGIA 2025)	0205061200030007	PERNOCTACIONS PER TIPUS D'ALLOTJAMENT (METODOLOGIA 2025). ALTRES	2024/09	774
3621	PERNOCTACIONS PER TIPUS D'ALLOTJAMENT (METODOLOGIA 2025)	0205061200030007	PERNOCTACIONS PER TIPUS D'ALLOTJAMENT (METODOLOGIA 2025). ALTRES	2024/10	296
3621	PERNOCTACIONS PER TIPUS D'ALLOTJAMENT (METODOLOGIA 2025)	0205061200030007	PERNOCTACIONS PER TIPUS D'ALLOTJAMENT (METODOLOGIA 2025). ALTRES	2024/11	729
3621	PERNOCTACIONS PER TIPUS D'ALLOTJAMENT (METODOLOGIA 2025)	0205061200030007	PERNOCTACIONS PER TIPUS D'ALLOTJAMENT (METODOLOGIA 2025). ALTRES	2024/12	1510
3621	PERNOCTACIONS PER TIPUS D'ALLOTJAMENT (METODOLOGIA 2025)	0205061200030007	PERNOCTACIONS PER TIPUS D'ALLOTJAMENT (METODOLOGIA 2025). ALTRES	2025/01	1747
3621	PERNOCTACIONS PER TIPUS D'ALLOTJAMENT (METODOLOGIA 2025)	0205061200030007	PERNOCTACIONS PER TIPUS D'ALLOTJAMENT (METODOLOGIA 2025). ALTRES	2025/02	2086
3621	PERNOCTACIONS PER TIPUS D'ALLOTJAMENT (METODOLOGIA 2025)	0205061200030007	PERNOCTACIONS PER TIPUS D'ALLOTJAMENT (METODOLOGIA 2025). ALTRES	2025/03	2008
3621	PERNOCTACIONS PER TIPUS D'ALLOTJAMENT (METODOLOGIA 2025)	0205061200030007	PERNOCTACIONS PER TIPUS D'ALLOTJAMENT (METODOLOGIA 2025). ALTRES	2025/04	1029
3621	PERNOCTACIONS PER TIPUS D'ALLOTJAMENT (METODOLOGIA 2025)	0205061200030007	PERNOCTACIONS PER TIPUS D'ALLOTJAMENT (METODOLOGIA 2025). ALTRES	2025/05	433
3621	PERNOCTACIONS PER TIPUS D'ALLOTJAMENT (METODOLOGIA 2025)	0205061200030007	PERNOCTACIONS PER TIPUS D'ALLOTJAMENT (METODOLOGIA 2025). ALTRES	2025/06	1240
3621	PERNOCTACIONS PER TIPUS D'ALLOTJAMENT (METODOLOGIA 2025)	0205061200030007	PERNOCTACIONS PER TIPUS D'ALLOTJAMENT (METODOLOGIA 2025). ALTRES	2025/07	954
3621	PERNOCTACIONS PER TIPUS D'ALLOTJAMENT (METODOLOGIA 2025)	0205061200030007	PERNOCTACIONS PER TIPUS D'ALLOTJAMENT (METODOLOGIA 2025). ALTRES	2025/08	2176
3621	PERNOCTACIONS PER TIPUS D'ALLOTJAMENT (METODOLOGIA 2025)	0205061200030007	PERNOCTACIONS PER TIPUS D'ALLOTJAMENT (METODOLOGIA 2025). ALTRES	2025/09	935
3621	PERNOCTACIONS PER TIPUS D'ALLOTJAMENT (METODOLOGIA 2025)	0205061200030007	PERNOCTACIONS PER TIPUS D'ALLOTJAMENT (METODOLOGIA 2025). ALTRES	2025/10	43
3621	PERNOCTACIONS PER TIPUS D'ALLOTJAMENT (METODOLOGIA 2025)	0205061200030007	PERNOCTACIONS PER TIPUS D'ALLOTJAMENT (METODOLOGIA 2025). ALTRES	2025/11	0
3621	PERNOCTACIONS PER TIPUS D'ALLOTJAMENT (METODOLOGIA 2025)	0205061200030007	PERNOCTACIONS PER TIPUS D'ALLOTJAMENT (METODOLOGIA 2025). ALTRES	2025/12	0
3621	PERNOCTACIONS PER TIPUS D'ALLOTJAMENT (METODOLOGIA 2025)	0205061200030007	PERNOCTACIONS PER TIPUS D'ALLOTJAMENT (METODOLOGIA 2025). ALTRES	2026/01	1945
3621	PERNOCTACIONS PER TIPUS D'ALLOTJAMENT (METODOLOGIA 2025)	0205061200030007	PERNOCTACIONS PER TIPUS D'ALLOTJAMENT (METODOLOGIA 2025). ALTRES	2026/02	6593
3621	PERNOCTACIONS PER TIPUS D'ALLOTJAMENT (METODOLOGIA 2025)	0205061200030007	PERNOCTACIONS PER TIPUS D'ALLOTJAMENT (METODOLOGIA 2025). ALTRES	2026/03	2727
3621	PERNOCTACIONS PER TIPUS D'ALLOTJAMENT (METODOLOGIA 2025)	0205061200030007	PERNOCTACIONS PER TIPUS D'ALLOTJAMENT (METODOLOGIA 2025). ALTRES	2026/04	162
3621	PERNOCTACIONS PER TIPUS D'ALLOTJAMENT (METODOLOGIA 2025)	0205061200030007	PERNOCTACIONS PER TIPUS D'ALLOTJAMENT (METODOLOGIA 2025). ALTRES	2026/05	0
3621	PERNOCTACIONS PER TIPUS D'ALLOTJAMENT (METODOLOGIA 2025)	0205061200030007	PERNOCTACIONS PER TIPUS D'ALLOTJAMENT (METODOLOGIA 2025). ALTRES	2026/06	0
3621	PERNOCTACIONS PER TIPUS D'ALLOTJAMENT (METODOLOGIA 2025)	0205061200030007	PERNOCTACIONS PER TIPUS D'ALLOTJAMENT (METODOLOGIA 2025). ALTRES	2026/07	232
3621	PERNOCTACIONS PER TIPUS D'ALLOTJAMENT (METODOLOGIA 2025)	0205061200030008	PERNOCTACIONS PER TIPUS D'ALLOTJAMENT (METODOLOGIA 2025). HABITATGE DE PROPIETAT	2022/01	11687
3621	PERNOCTACIONS PER TIPUS D'ALLOTJAMENT (METODOLOGIA 2025)	0205061200030008	PERNOCTACIONS PER TIPUS D'ALLOTJAMENT (METODOLOGIA 2025). HABITATGE DE PROPIETAT	2022/02	34801
3621	PERNOCTACIONS PER TIPUS D'ALLOTJAMENT (METODOLOGIA 2025)	0205061200030008	PERNOCTACIONS PER TIPUS D'ALLOTJAMENT (METODOLOGIA 2025). HABITATGE DE PROPIETAT	2022/03	30186
3621	PERNOCTACIONS PER TIPUS D'ALLOTJAMENT (METODOLOGIA 2025)	0205061200030008	PERNOCTACIONS PER TIPUS D'ALLOTJAMENT (METODOLOGIA 2025). HABITATGE DE PROPIETAT	2022/04	27168
3621	PERNOCTACIONS PER TIPUS D'ALLOTJAMENT (METODOLOGIA 2025)	0205061200030008	PERNOCTACIONS PER TIPUS D'ALLOTJAMENT (METODOLOGIA 2025). HABITATGE DE PROPIETAT	2022/05	17094
3621	PERNOCTACIONS PER TIPUS D'ALLOTJAMENT (METODOLOGIA 2025)	0205061200030008	PERNOCTACIONS PER TIPUS D'ALLOTJAMENT (METODOLOGIA 2025). HABITATGE DE PROPIETAT	2022/06	17883
3621	PERNOCTACIONS PER TIPUS D'ALLOTJAMENT (METODOLOGIA 2025)	0205061200030008	PERNOCTACIONS PER TIPUS D'ALLOTJAMENT (METODOLOGIA 2025). HABITATGE DE PROPIETAT	2022/07	21247
3621	PERNOCTACIONS PER TIPUS D'ALLOTJAMENT (METODOLOGIA 2025)	0205061200030008	PERNOCTACIONS PER TIPUS D'ALLOTJAMENT (METODOLOGIA 2025). HABITATGE DE PROPIETAT	2022/08	26158
3621	PERNOCTACIONS PER TIPUS D'ALLOTJAMENT (METODOLOGIA 2025)	0205061200030008	PERNOCTACIONS PER TIPUS D'ALLOTJAMENT (METODOLOGIA 2025). HABITATGE DE PROPIETAT	2022/09	11035
3621	PERNOCTACIONS PER TIPUS D'ALLOTJAMENT (METODOLOGIA 2025)	0205061200030008	PERNOCTACIONS PER TIPUS D'ALLOTJAMENT (METODOLOGIA 2025). HABITATGE DE PROPIETAT	2022/10	15109
3621	PERNOCTACIONS PER TIPUS D'ALLOTJAMENT (METODOLOGIA 2025)	0205061200030008	PERNOCTACIONS PER TIPUS D'ALLOTJAMENT (METODOLOGIA 2025). HABITATGE DE PROPIETAT	2022/11	6808
3621	PERNOCTACIONS PER TIPUS D'ALLOTJAMENT (METODOLOGIA 2025)	0205061200030008	PERNOCTACIONS PER TIPUS D'ALLOTJAMENT (METODOLOGIA 2025). HABITATGE DE PROPIETAT	2022/12	32419
3621	PERNOCTACIONS PER TIPUS D'ALLOTJAMENT (METODOLOGIA 2025)	0205061200030008	PERNOCTACIONS PER TIPUS D'ALLOTJAMENT (METODOLOGIA 2025). HABITATGE DE PROPIETAT	2023/01	58273
3621	PERNOCTACIONS PER TIPUS D'ALLOTJAMENT (METODOLOGIA 2025)	0205061200030008	PERNOCTACIONS PER TIPUS D'ALLOTJAMENT (METODOLOGIA 2025). HABITATGE DE PROPIETAT	2023/02	72461
3621	PERNOCTACIONS PER TIPUS D'ALLOTJAMENT (METODOLOGIA 2025)	0205061200030008	PERNOCTACIONS PER TIPUS D'ALLOTJAMENT (METODOLOGIA 2025). HABITATGE DE PROPIETAT	2023/03	46117
3621	PERNOCTACIONS PER TIPUS D'ALLOTJAMENT (METODOLOGIA 2025)	0205061200030008	PERNOCTACIONS PER TIPUS D'ALLOTJAMENT (METODOLOGIA 2025). HABITATGE DE PROPIETAT	2023/04	39280
3621	PERNOCTACIONS PER TIPUS D'ALLOTJAMENT (METODOLOGIA 2025)	0205061200030008	PERNOCTACIONS PER TIPUS D'ALLOTJAMENT (METODOLOGIA 2025). HABITATGE DE PROPIETAT	2023/05	18261
3621	PERNOCTACIONS PER TIPUS D'ALLOTJAMENT (METODOLOGIA 2025)	0205061200030008	PERNOCTACIONS PER TIPUS D'ALLOTJAMENT (METODOLOGIA 2025). HABITATGE DE PROPIETAT	2023/06	42455
3621	PERNOCTACIONS PER TIPUS D'ALLOTJAMENT (METODOLOGIA 2025)	0205061200030008	PERNOCTACIONS PER TIPUS D'ALLOTJAMENT (METODOLOGIA 2025). HABITATGE DE PROPIETAT	2023/07	34036
3621	PERNOCTACIONS PER TIPUS D'ALLOTJAMENT (METODOLOGIA 2025)	0205061200030008	PERNOCTACIONS PER TIPUS D'ALLOTJAMENT (METODOLOGIA 2025). HABITATGE DE PROPIETAT	2023/08	48888
3621	PERNOCTACIONS PER TIPUS D'ALLOTJAMENT (METODOLOGIA 2025)	0205061200030008	PERNOCTACIONS PER TIPUS D'ALLOTJAMENT (METODOLOGIA 2025). HABITATGE DE PROPIETAT	2023/09	32827
3621	PERNOCTACIONS PER TIPUS D'ALLOTJAMENT (METODOLOGIA 2025)	0205061200030008	PERNOCTACIONS PER TIPUS D'ALLOTJAMENT (METODOLOGIA 2025). HABITATGE DE PROPIETAT	2023/10	19494
3621	PERNOCTACIONS PER TIPUS D'ALLOTJAMENT (METODOLOGIA 2025)	0205061200030008	PERNOCTACIONS PER TIPUS D'ALLOTJAMENT (METODOLOGIA 2025). HABITATGE DE PROPIETAT	2023/11	15636
3621	PERNOCTACIONS PER TIPUS D'ALLOTJAMENT (METODOLOGIA 2025)	0205061200030008	PERNOCTACIONS PER TIPUS D'ALLOTJAMENT (METODOLOGIA 2025). HABITATGE DE PROPIETAT	2023/12	26834
3621	PERNOCTACIONS PER TIPUS D'ALLOTJAMENT (METODOLOGIA 2025)	0205061200030008	PERNOCTACIONS PER TIPUS D'ALLOTJAMENT (METODOLOGIA 2025). HABITATGE DE PROPIETAT	2024/01	31080
3621	PERNOCTACIONS PER TIPUS D'ALLOTJAMENT (METODOLOGIA 2025)	0205061200030008	PERNOCTACIONS PER TIPUS D'ALLOTJAMENT (METODOLOGIA 2025). HABITATGE DE PROPIETAT	2024/02	51507
3621	PERNOCTACIONS PER TIPUS D'ALLOTJAMENT (METODOLOGIA 2025)	0205061200030008	PERNOCTACIONS PER TIPUS D'ALLOTJAMENT (METODOLOGIA 2025). HABITATGE DE PROPIETAT	2024/03	49649
3621	PERNOCTACIONS PER TIPUS D'ALLOTJAMENT (METODOLOGIA 2025)	0205061200030008	PERNOCTACIONS PER TIPUS D'ALLOTJAMENT (METODOLOGIA 2025). HABITATGE DE PROPIETAT	2024/04	21435
3621	PERNOCTACIONS PER TIPUS D'ALLOTJAMENT (METODOLOGIA 2025)	0205061200030008	PERNOCTACIONS PER TIPUS D'ALLOTJAMENT (METODOLOGIA 2025). HABITATGE DE PROPIETAT	2024/05	10915
3621	PERNOCTACIONS PER TIPUS D'ALLOTJAMENT (METODOLOGIA 2025)	0205061200030008	PERNOCTACIONS PER TIPUS D'ALLOTJAMENT (METODOLOGIA 2025). HABITATGE DE PROPIETAT	2024/06	39023
3621	PERNOCTACIONS PER TIPUS D'ALLOTJAMENT (METODOLOGIA 2025)	0205061200030008	PERNOCTACIONS PER TIPUS D'ALLOTJAMENT (METODOLOGIA 2025). HABITATGE DE PROPIETAT	2024/07	32141
3621	PERNOCTACIONS PER TIPUS D'ALLOTJAMENT (METODOLOGIA 2025)	0205061200030008	PERNOCTACIONS PER TIPUS D'ALLOTJAMENT (METODOLOGIA 2025). HABITATGE DE PROPIETAT	2024/08	39907
3621	PERNOCTACIONS PER TIPUS D'ALLOTJAMENT (METODOLOGIA 2025)	0205061200030008	PERNOCTACIONS PER TIPUS D'ALLOTJAMENT (METODOLOGIA 2025). HABITATGE DE PROPIETAT	2024/09	15231
3621	PERNOCTACIONS PER TIPUS D'ALLOTJAMENT (METODOLOGIA 2025)	0205061200030008	PERNOCTACIONS PER TIPUS D'ALLOTJAMENT (METODOLOGIA 2025). HABITATGE DE PROPIETAT	2024/10	27494
3621	PERNOCTACIONS PER TIPUS D'ALLOTJAMENT (METODOLOGIA 2025)	0205061200030008	PERNOCTACIONS PER TIPUS D'ALLOTJAMENT (METODOLOGIA 2025). HABITATGE DE PROPIETAT	2024/11	29955
3621	PERNOCTACIONS PER TIPUS D'ALLOTJAMENT (METODOLOGIA 2025)	0205061200030008	PERNOCTACIONS PER TIPUS D'ALLOTJAMENT (METODOLOGIA 2025). HABITATGE DE PROPIETAT	2024/12	20291
3621	PERNOCTACIONS PER TIPUS D'ALLOTJAMENT (METODOLOGIA 2025)	0205061200030008	PERNOCTACIONS PER TIPUS D'ALLOTJAMENT (METODOLOGIA 2025). HABITATGE DE PROPIETAT	2025/01	18506
3621	PERNOCTACIONS PER TIPUS D'ALLOTJAMENT (METODOLOGIA 2025)	0205061200030008	PERNOCTACIONS PER TIPUS D'ALLOTJAMENT (METODOLOGIA 2025). HABITATGE DE PROPIETAT	2025/02	30440
3621	PERNOCTACIONS PER TIPUS D'ALLOTJAMENT (METODOLOGIA 2025)	0205061200030008	PERNOCTACIONS PER TIPUS D'ALLOTJAMENT (METODOLOGIA 2025). HABITATGE DE PROPIETAT	2025/03	26467
3621	PERNOCTACIONS PER TIPUS D'ALLOTJAMENT (METODOLOGIA 2025)	0205061200030008	PERNOCTACIONS PER TIPUS D'ALLOTJAMENT (METODOLOGIA 2025). HABITATGE DE PROPIETAT	2025/04	36116
3621	PERNOCTACIONS PER TIPUS D'ALLOTJAMENT (METODOLOGIA 2025)	0205061200030008	PERNOCTACIONS PER TIPUS D'ALLOTJAMENT (METODOLOGIA 2025). HABITATGE DE PROPIETAT	2025/05	13650
3621	PERNOCTACIONS PER TIPUS D'ALLOTJAMENT (METODOLOGIA 2025)	0205061200030008	PERNOCTACIONS PER TIPUS D'ALLOTJAMENT (METODOLOGIA 2025). HABITATGE DE PROPIETAT	2025/06	50245
3621	PERNOCTACIONS PER TIPUS D'ALLOTJAMENT (METODOLOGIA 2025)	0205061200030008	PERNOCTACIONS PER TIPUS D'ALLOTJAMENT (METODOLOGIA 2025). HABITATGE DE PROPIETAT	2025/07	29355
3621	PERNOCTACIONS PER TIPUS D'ALLOTJAMENT (METODOLOGIA 2025)	0205061200030008	PERNOCTACIONS PER TIPUS D'ALLOTJAMENT (METODOLOGIA 2025). HABITATGE DE PROPIETAT	2025/08	58624
3621	PERNOCTACIONS PER TIPUS D'ALLOTJAMENT (METODOLOGIA 2025)	0205061200030008	PERNOCTACIONS PER TIPUS D'ALLOTJAMENT (METODOLOGIA 2025). HABITATGE DE PROPIETAT	2025/09	22204
3621	PERNOCTACIONS PER TIPUS D'ALLOTJAMENT (METODOLOGIA 2025)	0205061200030008	PERNOCTACIONS PER TIPUS D'ALLOTJAMENT (METODOLOGIA 2025). HABITATGE DE PROPIETAT	2025/10	24869
3621	PERNOCTACIONS PER TIPUS D'ALLOTJAMENT (METODOLOGIA 2025)	0205061200030008	PERNOCTACIONS PER TIPUS D'ALLOTJAMENT (METODOLOGIA 2025). HABITATGE DE PROPIETAT	2025/11	19947
3621	PERNOCTACIONS PER TIPUS D'ALLOTJAMENT (METODOLOGIA 2025)	0205061200030008	PERNOCTACIONS PER TIPUS D'ALLOTJAMENT (METODOLOGIA 2025). HABITATGE DE PROPIETAT	2025/12	15843
3621	PERNOCTACIONS PER TIPUS D'ALLOTJAMENT (METODOLOGIA 2025)	0205061200030008	PERNOCTACIONS PER TIPUS D'ALLOTJAMENT (METODOLOGIA 2025). HABITATGE DE PROPIETAT	2026/01	18610
3621	PERNOCTACIONS PER TIPUS D'ALLOTJAMENT (METODOLOGIA 2025)	0205061200030008	PERNOCTACIONS PER TIPUS D'ALLOTJAMENT (METODOLOGIA 2025). HABITATGE DE PROPIETAT	2026/02	5855
3621	PERNOCTACIONS PER TIPUS D'ALLOTJAMENT (METODOLOGIA 2025)	0205061200030008	PERNOCTACIONS PER TIPUS D'ALLOTJAMENT (METODOLOGIA 2025). HABITATGE DE PROPIETAT	2026/03	11886
3621	PERNOCTACIONS PER TIPUS D'ALLOTJAMENT (METODOLOGIA 2025)	0205061200030008	PERNOCTACIONS PER TIPUS D'ALLOTJAMENT (METODOLOGIA 2025). HABITATGE DE PROPIETAT	2026/04	17043
3621	PERNOCTACIONS PER TIPUS D'ALLOTJAMENT (METODOLOGIA 2025)	0205061200030008	PERNOCTACIONS PER TIPUS D'ALLOTJAMENT (METODOLOGIA 2025). HABITATGE DE PROPIETAT	2026/05	2145
3621	PERNOCTACIONS PER TIPUS D'ALLOTJAMENT (METODOLOGIA 2025)	0205061200030008	PERNOCTACIONS PER TIPUS D'ALLOTJAMENT (METODOLOGIA 2025). HABITATGE DE PROPIETAT	2026/06	9608
3621	PERNOCTACIONS PER TIPUS D'ALLOTJAMENT (METODOLOGIA 2025)	0205061200030008	PERNOCTACIONS PER TIPUS D'ALLOTJAMENT (METODOLOGIA 2025). HABITATGE DE PROPIETAT	2026/07	7185
3621	PERNOCTACIONS PER TIPUS D'ALLOTJAMENT (METODOLOGIA 2025)	0205061200030009	PERNOCTACIONS PER TIPUS D'ALLOTJAMENT (METODOLOGIA 2025). HABITATGE D'AMICS O FAMILIARS	2022/01	133862
3621	PERNOCTACIONS PER TIPUS D'ALLOTJAMENT (METODOLOGIA 2025)	0205061200030009	PERNOCTACIONS PER TIPUS D'ALLOTJAMENT (METODOLOGIA 2025). HABITATGE D'AMICS O FAMILIARS	2022/02	119911
3621	PERNOCTACIONS PER TIPUS D'ALLOTJAMENT (METODOLOGIA 2025)	0205061200030009	PERNOCTACIONS PER TIPUS D'ALLOTJAMENT (METODOLOGIA 2025). HABITATGE D'AMICS O FAMILIARS	2022/03	133284
3621	PERNOCTACIONS PER TIPUS D'ALLOTJAMENT (METODOLOGIA 2025)	0205061200030009	PERNOCTACIONS PER TIPUS D'ALLOTJAMENT (METODOLOGIA 2025). HABITATGE D'AMICS O FAMILIARS	2022/04	161185
3621	PERNOCTACIONS PER TIPUS D'ALLOTJAMENT (METODOLOGIA 2025)	0205061200030009	PERNOCTACIONS PER TIPUS D'ALLOTJAMENT (METODOLOGIA 2025). HABITATGE D'AMICS O FAMILIARS	2022/05	82281
3621	PERNOCTACIONS PER TIPUS D'ALLOTJAMENT (METODOLOGIA 2025)	0205061200030009	PERNOCTACIONS PER TIPUS D'ALLOTJAMENT (METODOLOGIA 2025). HABITATGE D'AMICS O FAMILIARS	2022/06	127109
3621	PERNOCTACIONS PER TIPUS D'ALLOTJAMENT (METODOLOGIA 2025)	0205061200030009	PERNOCTACIONS PER TIPUS D'ALLOTJAMENT (METODOLOGIA 2025). HABITATGE D'AMICS O FAMILIARS	2022/07	92798
3621	PERNOCTACIONS PER TIPUS D'ALLOTJAMENT (METODOLOGIA 2025)	0205061200030009	PERNOCTACIONS PER TIPUS D'ALLOTJAMENT (METODOLOGIA 2025). HABITATGE D'AMICS O FAMILIARS	2022/08	114227
3621	PERNOCTACIONS PER TIPUS D'ALLOTJAMENT (METODOLOGIA 2025)	0205061200030009	PERNOCTACIONS PER TIPUS D'ALLOTJAMENT (METODOLOGIA 2025). HABITATGE D'AMICS O FAMILIARS	2022/09	98191
3621	PERNOCTACIONS PER TIPUS D'ALLOTJAMENT (METODOLOGIA 2025)	0205061200030009	PERNOCTACIONS PER TIPUS D'ALLOTJAMENT (METODOLOGIA 2025). HABITATGE D'AMICS O FAMILIARS	2022/10	124499
3621	PERNOCTACIONS PER TIPUS D'ALLOTJAMENT (METODOLOGIA 2025)	0205061200030009	PERNOCTACIONS PER TIPUS D'ALLOTJAMENT (METODOLOGIA 2025). HABITATGE D'AMICS O FAMILIARS	2022/11	78685
3621	PERNOCTACIONS PER TIPUS D'ALLOTJAMENT (METODOLOGIA 2025)	0205061200030009	PERNOCTACIONS PER TIPUS D'ALLOTJAMENT (METODOLOGIA 2025). HABITATGE D'AMICS O FAMILIARS	2022/12	171557
3621	PERNOCTACIONS PER TIPUS D'ALLOTJAMENT (METODOLOGIA 2025)	0205061200030009	PERNOCTACIONS PER TIPUS D'ALLOTJAMENT (METODOLOGIA 2025). HABITATGE D'AMICS O FAMILIARS	2023/01	188369
3621	PERNOCTACIONS PER TIPUS D'ALLOTJAMENT (METODOLOGIA 2025)	0205061200030009	PERNOCTACIONS PER TIPUS D'ALLOTJAMENT (METODOLOGIA 2025). HABITATGE D'AMICS O FAMILIARS	2023/02	154661
3621	PERNOCTACIONS PER TIPUS D'ALLOTJAMENT (METODOLOGIA 2025)	0205061200030009	PERNOCTACIONS PER TIPUS D'ALLOTJAMENT (METODOLOGIA 2025). HABITATGE D'AMICS O FAMILIARS	2023/03	170506
3621	PERNOCTACIONS PER TIPUS D'ALLOTJAMENT (METODOLOGIA 2025)	0205061200030009	PERNOCTACIONS PER TIPUS D'ALLOTJAMENT (METODOLOGIA 2025). HABITATGE D'AMICS O FAMILIARS	2023/04	134741
3621	PERNOCTACIONS PER TIPUS D'ALLOTJAMENT (METODOLOGIA 2025)	0205061200030009	PERNOCTACIONS PER TIPUS D'ALLOTJAMENT (METODOLOGIA 2025). HABITATGE D'AMICS O FAMILIARS	2023/05	79668
3621	PERNOCTACIONS PER TIPUS D'ALLOTJAMENT (METODOLOGIA 2025)	0205061200030009	PERNOCTACIONS PER TIPUS D'ALLOTJAMENT (METODOLOGIA 2025). HABITATGE D'AMICS O FAMILIARS	2023/06	144491
3621	PERNOCTACIONS PER TIPUS D'ALLOTJAMENT (METODOLOGIA 2025)	0205061200030009	PERNOCTACIONS PER TIPUS D'ALLOTJAMENT (METODOLOGIA 2025). HABITATGE D'AMICS O FAMILIARS	2023/07	129527
3621	PERNOCTACIONS PER TIPUS D'ALLOTJAMENT (METODOLOGIA 2025)	0205061200030009	PERNOCTACIONS PER TIPUS D'ALLOTJAMENT (METODOLOGIA 2025). HABITATGE D'AMICS O FAMILIARS	2023/08	151054
3621	PERNOCTACIONS PER TIPUS D'ALLOTJAMENT (METODOLOGIA 2025)	0205061200030009	PERNOCTACIONS PER TIPUS D'ALLOTJAMENT (METODOLOGIA 2025). HABITATGE D'AMICS O FAMILIARS	2023/09	109275
3621	PERNOCTACIONS PER TIPUS D'ALLOTJAMENT (METODOLOGIA 2025)	0205061200030009	PERNOCTACIONS PER TIPUS D'ALLOTJAMENT (METODOLOGIA 2025). HABITATGE D'AMICS O FAMILIARS	2023/10	91170
3621	PERNOCTACIONS PER TIPUS D'ALLOTJAMENT (METODOLOGIA 2025)	0205061200030009	PERNOCTACIONS PER TIPUS D'ALLOTJAMENT (METODOLOGIA 2025). HABITATGE D'AMICS O FAMILIARS	2023/11	57884
3621	PERNOCTACIONS PER TIPUS D'ALLOTJAMENT (METODOLOGIA 2025)	0205061200030009	PERNOCTACIONS PER TIPUS D'ALLOTJAMENT (METODOLOGIA 2025). HABITATGE D'AMICS O FAMILIARS	2023/12	188338
3621	PERNOCTACIONS PER TIPUS D'ALLOTJAMENT (METODOLOGIA 2025)	0205061200030009	PERNOCTACIONS PER TIPUS D'ALLOTJAMENT (METODOLOGIA 2025). HABITATGE D'AMICS O FAMILIARS	2024/01	167429
3621	PERNOCTACIONS PER TIPUS D'ALLOTJAMENT (METODOLOGIA 2025)	0205061200030009	PERNOCTACIONS PER TIPUS D'ALLOTJAMENT (METODOLOGIA 2025). HABITATGE D'AMICS O FAMILIARS	2024/02	154174
3621	PERNOCTACIONS PER TIPUS D'ALLOTJAMENT (METODOLOGIA 2025)	0205061200030009	PERNOCTACIONS PER TIPUS D'ALLOTJAMENT (METODOLOGIA 2025). HABITATGE D'AMICS O FAMILIARS	2024/03	218314
3621	PERNOCTACIONS PER TIPUS D'ALLOTJAMENT (METODOLOGIA 2025)	0205061200030009	PERNOCTACIONS PER TIPUS D'ALLOTJAMENT (METODOLOGIA 2025). HABITATGE D'AMICS O FAMILIARS	2024/04	74723
3621	PERNOCTACIONS PER TIPUS D'ALLOTJAMENT (METODOLOGIA 2025)	0205061200030009	PERNOCTACIONS PER TIPUS D'ALLOTJAMENT (METODOLOGIA 2025). HABITATGE D'AMICS O FAMILIARS	2024/05	49895
3621	PERNOCTACIONS PER TIPUS D'ALLOTJAMENT (METODOLOGIA 2025)	0205061200030009	PERNOCTACIONS PER TIPUS D'ALLOTJAMENT (METODOLOGIA 2025). HABITATGE D'AMICS O FAMILIARS	2024/06	118103
3621	PERNOCTACIONS PER TIPUS D'ALLOTJAMENT (METODOLOGIA 2025)	0205061200030009	PERNOCTACIONS PER TIPUS D'ALLOTJAMENT (METODOLOGIA 2025). HABITATGE D'AMICS O FAMILIARS	2024/07	135925
3621	PERNOCTACIONS PER TIPUS D'ALLOTJAMENT (METODOLOGIA 2025)	0205061200030009	PERNOCTACIONS PER TIPUS D'ALLOTJAMENT (METODOLOGIA 2025). HABITATGE D'AMICS O FAMILIARS	2024/08	189869
3621	PERNOCTACIONS PER TIPUS D'ALLOTJAMENT (METODOLOGIA 2025)	0205061200030009	PERNOCTACIONS PER TIPUS D'ALLOTJAMENT (METODOLOGIA 2025). HABITATGE D'AMICS O FAMILIARS	2024/09	129812
3621	PERNOCTACIONS PER TIPUS D'ALLOTJAMENT (METODOLOGIA 2025)	0205061200030009	PERNOCTACIONS PER TIPUS D'ALLOTJAMENT (METODOLOGIA 2025). HABITATGE D'AMICS O FAMILIARS	2024/10	82190
3621	PERNOCTACIONS PER TIPUS D'ALLOTJAMENT (METODOLOGIA 2025)	0205061200030009	PERNOCTACIONS PER TIPUS D'ALLOTJAMENT (METODOLOGIA 2025). HABITATGE D'AMICS O FAMILIARS	2024/11	74175
3621	PERNOCTACIONS PER TIPUS D'ALLOTJAMENT (METODOLOGIA 2025)	0205061200030009	PERNOCTACIONS PER TIPUS D'ALLOTJAMENT (METODOLOGIA 2025). HABITATGE D'AMICS O FAMILIARS	2024/12	131666
3621	PERNOCTACIONS PER TIPUS D'ALLOTJAMENT (METODOLOGIA 2025)	0205061200030009	PERNOCTACIONS PER TIPUS D'ALLOTJAMENT (METODOLOGIA 2025). HABITATGE D'AMICS O FAMILIARS	2025/01	214435
3621	PERNOCTACIONS PER TIPUS D'ALLOTJAMENT (METODOLOGIA 2025)	0205061200030009	PERNOCTACIONS PER TIPUS D'ALLOTJAMENT (METODOLOGIA 2025). HABITATGE D'AMICS O FAMILIARS	2025/02	117993
3621	PERNOCTACIONS PER TIPUS D'ALLOTJAMENT (METODOLOGIA 2025)	0205061200030009	PERNOCTACIONS PER TIPUS D'ALLOTJAMENT (METODOLOGIA 2025). HABITATGE D'AMICS O FAMILIARS	2025/03	148595
3621	PERNOCTACIONS PER TIPUS D'ALLOTJAMENT (METODOLOGIA 2025)	0205061200030009	PERNOCTACIONS PER TIPUS D'ALLOTJAMENT (METODOLOGIA 2025). HABITATGE D'AMICS O FAMILIARS	2025/04	115539
3621	PERNOCTACIONS PER TIPUS D'ALLOTJAMENT (METODOLOGIA 2025)	0205061200030009	PERNOCTACIONS PER TIPUS D'ALLOTJAMENT (METODOLOGIA 2025). HABITATGE D'AMICS O FAMILIARS	2025/05	57446
3621	PERNOCTACIONS PER TIPUS D'ALLOTJAMENT (METODOLOGIA 2025)	0205061200030009	PERNOCTACIONS PER TIPUS D'ALLOTJAMENT (METODOLOGIA 2025). HABITATGE D'AMICS O FAMILIARS	2025/06	298297
3621	PERNOCTACIONS PER TIPUS D'ALLOTJAMENT (METODOLOGIA 2025)	0205061200030009	PERNOCTACIONS PER TIPUS D'ALLOTJAMENT (METODOLOGIA 2025). HABITATGE D'AMICS O FAMILIARS	2025/07	117422
3621	PERNOCTACIONS PER TIPUS D'ALLOTJAMENT (METODOLOGIA 2025)	0205061200030009	PERNOCTACIONS PER TIPUS D'ALLOTJAMENT (METODOLOGIA 2025). HABITATGE D'AMICS O FAMILIARS	2025/08	253884
3621	PERNOCTACIONS PER TIPUS D'ALLOTJAMENT (METODOLOGIA 2025)	0205061200030009	PERNOCTACIONS PER TIPUS D'ALLOTJAMENT (METODOLOGIA 2025). HABITATGE D'AMICS O FAMILIARS	2025/09	147257
3621	PERNOCTACIONS PER TIPUS D'ALLOTJAMENT (METODOLOGIA 2025)	0205061200030009	PERNOCTACIONS PER TIPUS D'ALLOTJAMENT (METODOLOGIA 2025). HABITATGE D'AMICS O FAMILIARS	2025/10	125932
3621	PERNOCTACIONS PER TIPUS D'ALLOTJAMENT (METODOLOGIA 2025)	0205061200030009	PERNOCTACIONS PER TIPUS D'ALLOTJAMENT (METODOLOGIA 2025). HABITATGE D'AMICS O FAMILIARS	2025/11	86075
3621	PERNOCTACIONS PER TIPUS D'ALLOTJAMENT (METODOLOGIA 2025)	0205061200030009	PERNOCTACIONS PER TIPUS D'ALLOTJAMENT (METODOLOGIA 2025). HABITATGE D'AMICS O FAMILIARS	2025/12	105245
3621	PERNOCTACIONS PER TIPUS D'ALLOTJAMENT (METODOLOGIA 2025)	0205061200030009	PERNOCTACIONS PER TIPUS D'ALLOTJAMENT (METODOLOGIA 2025). HABITATGE D'AMICS O FAMILIARS	2026/01	147954
3621	PERNOCTACIONS PER TIPUS D'ALLOTJAMENT (METODOLOGIA 2025)	0205061200030009	PERNOCTACIONS PER TIPUS D'ALLOTJAMENT (METODOLOGIA 2025). HABITATGE D'AMICS O FAMILIARS	2026/02	100669
3621	PERNOCTACIONS PER TIPUS D'ALLOTJAMENT (METODOLOGIA 2025)	0205061200030009	PERNOCTACIONS PER TIPUS D'ALLOTJAMENT (METODOLOGIA 2025). HABITATGE D'AMICS O FAMILIARS	2026/03	151790
3621	PERNOCTACIONS PER TIPUS D'ALLOTJAMENT (METODOLOGIA 2025)	0205061200030009	PERNOCTACIONS PER TIPUS D'ALLOTJAMENT (METODOLOGIA 2025). HABITATGE D'AMICS O FAMILIARS	2026/04	96198
3621	PERNOCTACIONS PER TIPUS D'ALLOTJAMENT (METODOLOGIA 2025)	0205061200030009	PERNOCTACIONS PER TIPUS D'ALLOTJAMENT (METODOLOGIA 2025). HABITATGE D'AMICS O FAMILIARS	2026/05	51571
3621	PERNOCTACIONS PER TIPUS D'ALLOTJAMENT (METODOLOGIA 2025)	0205061200030009	PERNOCTACIONS PER TIPUS D'ALLOTJAMENT (METODOLOGIA 2025). HABITATGE D'AMICS O FAMILIARS	2026/06	93628
3621	PERNOCTACIONS PER TIPUS D'ALLOTJAMENT (METODOLOGIA 2025)	0205061200030009	PERNOCTACIONS PER TIPUS D'ALLOTJAMENT (METODOLOGIA 2025). HABITATGE D'AMICS O FAMILIARS	2026/07	85297
3621	PERNOCTACIONS PER TIPUS D'ALLOTJAMENT (METODOLOGIA 2025)	0205061200030010	PERNOCTACIONS PER TIPUS D'ALLOTJAMENT (METODOLOGIA 2025). NS O NC	2022/01	95541
3621	PERNOCTACIONS PER TIPUS D'ALLOTJAMENT (METODOLOGIA 2025)	0205061200030010	PERNOCTACIONS PER TIPUS D'ALLOTJAMENT (METODOLOGIA 2025). NS O NC	2022/02	126343
3621	PERNOCTACIONS PER TIPUS D'ALLOTJAMENT (METODOLOGIA 2025)	0205061200030010	PERNOCTACIONS PER TIPUS D'ALLOTJAMENT (METODOLOGIA 2025). NS O NC	2022/03	118992
3621	PERNOCTACIONS PER TIPUS D'ALLOTJAMENT (METODOLOGIA 2025)	0205061200030010	PERNOCTACIONS PER TIPUS D'ALLOTJAMENT (METODOLOGIA 2025). NS O NC	2022/04	46490
3621	PERNOCTACIONS PER TIPUS D'ALLOTJAMENT (METODOLOGIA 2025)	0205061200030010	PERNOCTACIONS PER TIPUS D'ALLOTJAMENT (METODOLOGIA 2025). NS O NC	2022/05	18122
3621	PERNOCTACIONS PER TIPUS D'ALLOTJAMENT (METODOLOGIA 2025)	0205061200030010	PERNOCTACIONS PER TIPUS D'ALLOTJAMENT (METODOLOGIA 2025). NS O NC	2022/06	3382
3621	PERNOCTACIONS PER TIPUS D'ALLOTJAMENT (METODOLOGIA 2025)	0205061200030010	PERNOCTACIONS PER TIPUS D'ALLOTJAMENT (METODOLOGIA 2025). NS O NC	2022/07	20225
3621	PERNOCTACIONS PER TIPUS D'ALLOTJAMENT (METODOLOGIA 2025)	0205061200030010	PERNOCTACIONS PER TIPUS D'ALLOTJAMENT (METODOLOGIA 2025). NS O NC	2022/08	90239
3621	PERNOCTACIONS PER TIPUS D'ALLOTJAMENT (METODOLOGIA 2025)	0205061200030010	PERNOCTACIONS PER TIPUS D'ALLOTJAMENT (METODOLOGIA 2025). NS O NC	2022/09	9908
3621	PERNOCTACIONS PER TIPUS D'ALLOTJAMENT (METODOLOGIA 2025)	0205061200030010	PERNOCTACIONS PER TIPUS D'ALLOTJAMENT (METODOLOGIA 2025). NS O NC	2022/10	14745
3621	PERNOCTACIONS PER TIPUS D'ALLOTJAMENT (METODOLOGIA 2025)	0205061200030010	PERNOCTACIONS PER TIPUS D'ALLOTJAMENT (METODOLOGIA 2025). NS O NC	2022/11	11607
3621	PERNOCTACIONS PER TIPUS D'ALLOTJAMENT (METODOLOGIA 2025)	0205061200030010	PERNOCTACIONS PER TIPUS D'ALLOTJAMENT (METODOLOGIA 2025). NS O NC	2022/12	68134
3621	PERNOCTACIONS PER TIPUS D'ALLOTJAMENT (METODOLOGIA 2025)	0205061200030010	PERNOCTACIONS PER TIPUS D'ALLOTJAMENT (METODOLOGIA 2025). NS O NC	2023/01	51200
3621	PERNOCTACIONS PER TIPUS D'ALLOTJAMENT (METODOLOGIA 2025)	0205061200030010	PERNOCTACIONS PER TIPUS D'ALLOTJAMENT (METODOLOGIA 2025). NS O NC	2023/02	50840
3621	PERNOCTACIONS PER TIPUS D'ALLOTJAMENT (METODOLOGIA 2025)	0205061200030010	PERNOCTACIONS PER TIPUS D'ALLOTJAMENT (METODOLOGIA 2025). NS O NC	2023/03	39249
3621	PERNOCTACIONS PER TIPUS D'ALLOTJAMENT (METODOLOGIA 2025)	0205061200030010	PERNOCTACIONS PER TIPUS D'ALLOTJAMENT (METODOLOGIA 2025). NS O NC	2023/04	14210
3621	PERNOCTACIONS PER TIPUS D'ALLOTJAMENT (METODOLOGIA 2025)	0205061200030010	PERNOCTACIONS PER TIPUS D'ALLOTJAMENT (METODOLOGIA 2025). NS O NC	2023/05	18391
3621	PERNOCTACIONS PER TIPUS D'ALLOTJAMENT (METODOLOGIA 2025)	0205061200030010	PERNOCTACIONS PER TIPUS D'ALLOTJAMENT (METODOLOGIA 2025). NS O NC	2023/06	38926
3621	PERNOCTACIONS PER TIPUS D'ALLOTJAMENT (METODOLOGIA 2025)	0205061200030010	PERNOCTACIONS PER TIPUS D'ALLOTJAMENT (METODOLOGIA 2025). NS O NC	2023/07	67602
3621	PERNOCTACIONS PER TIPUS D'ALLOTJAMENT (METODOLOGIA 2025)	0205061200030010	PERNOCTACIONS PER TIPUS D'ALLOTJAMENT (METODOLOGIA 2025). NS O NC	2023/08	67824
3621	PERNOCTACIONS PER TIPUS D'ALLOTJAMENT (METODOLOGIA 2025)	0205061200030010	PERNOCTACIONS PER TIPUS D'ALLOTJAMENT (METODOLOGIA 2025). NS O NC	2023/09	36019
3621	PERNOCTACIONS PER TIPUS D'ALLOTJAMENT (METODOLOGIA 2025)	0205061200030010	PERNOCTACIONS PER TIPUS D'ALLOTJAMENT (METODOLOGIA 2025). NS O NC	2023/10	24539
3621	PERNOCTACIONS PER TIPUS D'ALLOTJAMENT (METODOLOGIA 2025)	0205061200030010	PERNOCTACIONS PER TIPUS D'ALLOTJAMENT (METODOLOGIA 2025). NS O NC	2023/11	14541
3621	PERNOCTACIONS PER TIPUS D'ALLOTJAMENT (METODOLOGIA 2025)	0205061200030010	PERNOCTACIONS PER TIPUS D'ALLOTJAMENT (METODOLOGIA 2025). NS O NC	2023/12	38264
3621	PERNOCTACIONS PER TIPUS D'ALLOTJAMENT (METODOLOGIA 2025)	0205061200030010	PERNOCTACIONS PER TIPUS D'ALLOTJAMENT (METODOLOGIA 2025). NS O NC	2024/01	25814
3621	PERNOCTACIONS PER TIPUS D'ALLOTJAMENT (METODOLOGIA 2025)	0205061200030010	PERNOCTACIONS PER TIPUS D'ALLOTJAMENT (METODOLOGIA 2025). NS O NC	2024/02	39264
3621	PERNOCTACIONS PER TIPUS D'ALLOTJAMENT (METODOLOGIA 2025)	0205061200030010	PERNOCTACIONS PER TIPUS D'ALLOTJAMENT (METODOLOGIA 2025). NS O NC	2024/03	38010
3621	PERNOCTACIONS PER TIPUS D'ALLOTJAMENT (METODOLOGIA 2025)	0205061200030010	PERNOCTACIONS PER TIPUS D'ALLOTJAMENT (METODOLOGIA 2025). NS O NC	2024/04	4135
3621	PERNOCTACIONS PER TIPUS D'ALLOTJAMENT (METODOLOGIA 2025)	0205061200030010	PERNOCTACIONS PER TIPUS D'ALLOTJAMENT (METODOLOGIA 2025). NS O NC	2024/05	1079
3621	PERNOCTACIONS PER TIPUS D'ALLOTJAMENT (METODOLOGIA 2025)	0205061200030010	PERNOCTACIONS PER TIPUS D'ALLOTJAMENT (METODOLOGIA 2025). NS O NC	2024/06	27462
3621	PERNOCTACIONS PER TIPUS D'ALLOTJAMENT (METODOLOGIA 2025)	0205061200030010	PERNOCTACIONS PER TIPUS D'ALLOTJAMENT (METODOLOGIA 2025). NS O NC	2024/07	10814
3621	PERNOCTACIONS PER TIPUS D'ALLOTJAMENT (METODOLOGIA 2025)	0205061200030010	PERNOCTACIONS PER TIPUS D'ALLOTJAMENT (METODOLOGIA 2025). NS O NC	2024/08	20573
3621	PERNOCTACIONS PER TIPUS D'ALLOTJAMENT (METODOLOGIA 2025)	0205061200030010	PERNOCTACIONS PER TIPUS D'ALLOTJAMENT (METODOLOGIA 2025). NS O NC	2024/09	40848
3621	PERNOCTACIONS PER TIPUS D'ALLOTJAMENT (METODOLOGIA 2025)	0205061200030010	PERNOCTACIONS PER TIPUS D'ALLOTJAMENT (METODOLOGIA 2025). NS O NC	2024/10	55859
3621	PERNOCTACIONS PER TIPUS D'ALLOTJAMENT (METODOLOGIA 2025)	0205061200030010	PERNOCTACIONS PER TIPUS D'ALLOTJAMENT (METODOLOGIA 2025). NS O NC	2024/11	49214
3621	PERNOCTACIONS PER TIPUS D'ALLOTJAMENT (METODOLOGIA 2025)	0205061200030010	PERNOCTACIONS PER TIPUS D'ALLOTJAMENT (METODOLOGIA 2025). NS O NC	2024/12	83419
3621	PERNOCTACIONS PER TIPUS D'ALLOTJAMENT (METODOLOGIA 2025)	0205061200030010	PERNOCTACIONS PER TIPUS D'ALLOTJAMENT (METODOLOGIA 2025). NS O NC	2025/01	208268
3621	PERNOCTACIONS PER TIPUS D'ALLOTJAMENT (METODOLOGIA 2025)	0205061200030010	PERNOCTACIONS PER TIPUS D'ALLOTJAMENT (METODOLOGIA 2025). NS O NC	2025/02	98569
3621	PERNOCTACIONS PER TIPUS D'ALLOTJAMENT (METODOLOGIA 2025)	0205061200030010	PERNOCTACIONS PER TIPUS D'ALLOTJAMENT (METODOLOGIA 2025). NS O NC	2025/03	189092
3621	PERNOCTACIONS PER TIPUS D'ALLOTJAMENT (METODOLOGIA 2025)	0205061200030010	PERNOCTACIONS PER TIPUS D'ALLOTJAMENT (METODOLOGIA 2025). NS O NC	2025/04	119054
3621	PERNOCTACIONS PER TIPUS D'ALLOTJAMENT (METODOLOGIA 2025)	0205061200030010	PERNOCTACIONS PER TIPUS D'ALLOTJAMENT (METODOLOGIA 2025). NS O NC	2025/05	42921
3621	PERNOCTACIONS PER TIPUS D'ALLOTJAMENT (METODOLOGIA 2025)	0205061200030010	PERNOCTACIONS PER TIPUS D'ALLOTJAMENT (METODOLOGIA 2025). NS O NC	2025/06	3704
3621	PERNOCTACIONS PER TIPUS D'ALLOTJAMENT (METODOLOGIA 2025)	0205061200030010	PERNOCTACIONS PER TIPUS D'ALLOTJAMENT (METODOLOGIA 2025). NS O NC	2025/07	10568
3621	PERNOCTACIONS PER TIPUS D'ALLOTJAMENT (METODOLOGIA 2025)	0205061200030010	PERNOCTACIONS PER TIPUS D'ALLOTJAMENT (METODOLOGIA 2025). NS O NC	2025/08	19157
3621	PERNOCTACIONS PER TIPUS D'ALLOTJAMENT (METODOLOGIA 2025)	0205061200030010	PERNOCTACIONS PER TIPUS D'ALLOTJAMENT (METODOLOGIA 2025). NS O NC	2025/09	10489
3621	PERNOCTACIONS PER TIPUS D'ALLOTJAMENT (METODOLOGIA 2025)	0205061200030010	PERNOCTACIONS PER TIPUS D'ALLOTJAMENT (METODOLOGIA 2025). NS O NC	2025/10	61203
3621	PERNOCTACIONS PER TIPUS D'ALLOTJAMENT (METODOLOGIA 2025)	0205061200030010	PERNOCTACIONS PER TIPUS D'ALLOTJAMENT (METODOLOGIA 2025). NS O NC	2025/11	32857
3621	PERNOCTACIONS PER TIPUS D'ALLOTJAMENT (METODOLOGIA 2025)	0205061200030010	PERNOCTACIONS PER TIPUS D'ALLOTJAMENT (METODOLOGIA 2025). NS O NC	2025/12	29047
3621	PERNOCTACIONS PER TIPUS D'ALLOTJAMENT (METODOLOGIA 2025)	0205061200030010	PERNOCTACIONS PER TIPUS D'ALLOTJAMENT (METODOLOGIA 2025). NS O NC	2026/01	115486
3621	PERNOCTACIONS PER TIPUS D'ALLOTJAMENT (METODOLOGIA 2025)	0205061200030010	PERNOCTACIONS PER TIPUS D'ALLOTJAMENT (METODOLOGIA 2025). NS O NC	2026/02	116772
3621	PERNOCTACIONS PER TIPUS D'ALLOTJAMENT (METODOLOGIA 2025)	0205061200030010	PERNOCTACIONS PER TIPUS D'ALLOTJAMENT (METODOLOGIA 2025). NS O NC	2026/03	274351
3621	PERNOCTACIONS PER TIPUS D'ALLOTJAMENT (METODOLOGIA 2025)	0205061200030010	PERNOCTACIONS PER TIPUS D'ALLOTJAMENT (METODOLOGIA 2025). NS O NC	2026/04	113241
3621	PERNOCTACIONS PER TIPUS D'ALLOTJAMENT (METODOLOGIA 2025)	0205061200030010	PERNOCTACIONS PER TIPUS D'ALLOTJAMENT (METODOLOGIA 2025). NS O NC	2026/05	0
3621	PERNOCTACIONS PER TIPUS D'ALLOTJAMENT (METODOLOGIA 2025)	0205061200030010	PERNOCTACIONS PER TIPUS D'ALLOTJAMENT (METODOLOGIA 2025). NS O NC	2026/06	159468
3621	PERNOCTACIONS PER TIPUS D'ALLOTJAMENT (METODOLOGIA 2025)	0205061200030010	PERNOCTACIONS PER TIPUS D'ALLOTJAMENT (METODOLOGIA 2025). NS O NC	2026/07	0
3622	PERNOCTACIONS PER ZONA D'ALLOTJAMENT (METODOLOGIA 2025)	0205061200040001	PERNOCTACIONS PER ZONA D'ALLOTJAMENT (METODOLOGIA 2025). CANILLO	2022/01	231983
3622	PERNOCTACIONS PER ZONA D'ALLOTJAMENT (METODOLOGIA 2025)	0205061200040001	PERNOCTACIONS PER ZONA D'ALLOTJAMENT (METODOLOGIA 2025). CANILLO	2022/02	280485
3622	PERNOCTACIONS PER ZONA D'ALLOTJAMENT (METODOLOGIA 2025)	0205061200040001	PERNOCTACIONS PER ZONA D'ALLOTJAMENT (METODOLOGIA 2025). CANILLO	2022/03	226029
3622	PERNOCTACIONS PER ZONA D'ALLOTJAMENT (METODOLOGIA 2025)	0205061200040001	PERNOCTACIONS PER ZONA D'ALLOTJAMENT (METODOLOGIA 2025). CANILLO	2022/04	124697
3622	PERNOCTACIONS PER ZONA D'ALLOTJAMENT (METODOLOGIA 2025)	0205061200040001	PERNOCTACIONS PER ZONA D'ALLOTJAMENT (METODOLOGIA 2025). CANILLO	2022/05	26554
3622	PERNOCTACIONS PER ZONA D'ALLOTJAMENT (METODOLOGIA 2025)	0205061200040001	PERNOCTACIONS PER ZONA D'ALLOTJAMENT (METODOLOGIA 2025). CANILLO	2022/06	81920
3622	PERNOCTACIONS PER ZONA D'ALLOTJAMENT (METODOLOGIA 2025)	0205061200040001	PERNOCTACIONS PER ZONA D'ALLOTJAMENT (METODOLOGIA 2025). CANILLO	2022/07	172669
3622	PERNOCTACIONS PER ZONA D'ALLOTJAMENT (METODOLOGIA 2025)	0205061200040001	PERNOCTACIONS PER ZONA D'ALLOTJAMENT (METODOLOGIA 2025). CANILLO	2022/08	286139
3622	PERNOCTACIONS PER ZONA D'ALLOTJAMENT (METODOLOGIA 2025)	0205061200040001	PERNOCTACIONS PER ZONA D'ALLOTJAMENT (METODOLOGIA 2025). CANILLO	2022/09	106299
3622	PERNOCTACIONS PER ZONA D'ALLOTJAMENT (METODOLOGIA 2025)	0205061200040001	PERNOCTACIONS PER ZONA D'ALLOTJAMENT (METODOLOGIA 2025). CANILLO	2022/10	62008
3622	PERNOCTACIONS PER ZONA D'ALLOTJAMENT (METODOLOGIA 2025)	0205061200040001	PERNOCTACIONS PER ZONA D'ALLOTJAMENT (METODOLOGIA 2025). CANILLO	2022/11	67306
3622	PERNOCTACIONS PER ZONA D'ALLOTJAMENT (METODOLOGIA 2025)	0205061200040001	PERNOCTACIONS PER ZONA D'ALLOTJAMENT (METODOLOGIA 2025). CANILLO	2022/12	289687
3622	PERNOCTACIONS PER ZONA D'ALLOTJAMENT (METODOLOGIA 2025)	0205061200040001	PERNOCTACIONS PER ZONA D'ALLOTJAMENT (METODOLOGIA 2025). CANILLO	2023/01	323621
3622	PERNOCTACIONS PER ZONA D'ALLOTJAMENT (METODOLOGIA 2025)	0205061200040001	PERNOCTACIONS PER ZONA D'ALLOTJAMENT (METODOLOGIA 2025). CANILLO	2023/02	299075
3622	PERNOCTACIONS PER ZONA D'ALLOTJAMENT (METODOLOGIA 2025)	0205061200040001	PERNOCTACIONS PER ZONA D'ALLOTJAMENT (METODOLOGIA 2025). CANILLO	2023/03	244906
3622	PERNOCTACIONS PER ZONA D'ALLOTJAMENT (METODOLOGIA 2025)	0205061200040001	PERNOCTACIONS PER ZONA D'ALLOTJAMENT (METODOLOGIA 2025). CANILLO	2023/04	117376
3622	PERNOCTACIONS PER ZONA D'ALLOTJAMENT (METODOLOGIA 2025)	0205061200040001	PERNOCTACIONS PER ZONA D'ALLOTJAMENT (METODOLOGIA 2025). CANILLO	2023/05	46084
3622	PERNOCTACIONS PER ZONA D'ALLOTJAMENT (METODOLOGIA 2025)	0205061200040001	PERNOCTACIONS PER ZONA D'ALLOTJAMENT (METODOLOGIA 2025). CANILLO	2023/06	82093
3622	PERNOCTACIONS PER ZONA D'ALLOTJAMENT (METODOLOGIA 2025)	0205061200040001	PERNOCTACIONS PER ZONA D'ALLOTJAMENT (METODOLOGIA 2025). CANILLO	2023/07	165958
3622	PERNOCTACIONS PER ZONA D'ALLOTJAMENT (METODOLOGIA 2025)	0205061200040001	PERNOCTACIONS PER ZONA D'ALLOTJAMENT (METODOLOGIA 2025). CANILLO	2023/08	250964
3622	PERNOCTACIONS PER ZONA D'ALLOTJAMENT (METODOLOGIA 2025)	0205061200040001	PERNOCTACIONS PER ZONA D'ALLOTJAMENT (METODOLOGIA 2025). CANILLO	2023/09	125329
3622	PERNOCTACIONS PER ZONA D'ALLOTJAMENT (METODOLOGIA 2025)	0205061200040001	PERNOCTACIONS PER ZONA D'ALLOTJAMENT (METODOLOGIA 2025). CANILLO	2023/10	78561
3622	PERNOCTACIONS PER ZONA D'ALLOTJAMENT (METODOLOGIA 2025)	0205061200040001	PERNOCTACIONS PER ZONA D'ALLOTJAMENT (METODOLOGIA 2025). CANILLO	2023/11	49036
3622	PERNOCTACIONS PER ZONA D'ALLOTJAMENT (METODOLOGIA 2025)	0205061200040001	PERNOCTACIONS PER ZONA D'ALLOTJAMENT (METODOLOGIA 2025). CANILLO	2023/12	143334
3622	PERNOCTACIONS PER ZONA D'ALLOTJAMENT (METODOLOGIA 2025)	0205061200040001	PERNOCTACIONS PER ZONA D'ALLOTJAMENT (METODOLOGIA 2025). CANILLO	2024/01	316556
3622	PERNOCTACIONS PER ZONA D'ALLOTJAMENT (METODOLOGIA 2025)	0205061200040001	PERNOCTACIONS PER ZONA D'ALLOTJAMENT (METODOLOGIA 2025). CANILLO	2024/02	387224
3622	PERNOCTACIONS PER ZONA D'ALLOTJAMENT (METODOLOGIA 2025)	0205061200040001	PERNOCTACIONS PER ZONA D'ALLOTJAMENT (METODOLOGIA 2025). CANILLO	2024/03	334480
3622	PERNOCTACIONS PER ZONA D'ALLOTJAMENT (METODOLOGIA 2025)	0205061200040001	PERNOCTACIONS PER ZONA D'ALLOTJAMENT (METODOLOGIA 2025). CANILLO	2024/04	84967
3622	PERNOCTACIONS PER ZONA D'ALLOTJAMENT (METODOLOGIA 2025)	0205061200040001	PERNOCTACIONS PER ZONA D'ALLOTJAMENT (METODOLOGIA 2025). CANILLO	2024/05	36369
3622	PERNOCTACIONS PER ZONA D'ALLOTJAMENT (METODOLOGIA 2025)	0205061200040001	PERNOCTACIONS PER ZONA D'ALLOTJAMENT (METODOLOGIA 2025). CANILLO	2024/06	110876
3622	PERNOCTACIONS PER ZONA D'ALLOTJAMENT (METODOLOGIA 2025)	0205061200040001	PERNOCTACIONS PER ZONA D'ALLOTJAMENT (METODOLOGIA 2025). CANILLO	2024/07	161007
3622	PERNOCTACIONS PER ZONA D'ALLOTJAMENT (METODOLOGIA 2025)	0205061200040001	PERNOCTACIONS PER ZONA D'ALLOTJAMENT (METODOLOGIA 2025). CANILLO	2024/08	261950
3622	PERNOCTACIONS PER ZONA D'ALLOTJAMENT (METODOLOGIA 2025)	0205061200040001	PERNOCTACIONS PER ZONA D'ALLOTJAMENT (METODOLOGIA 2025). CANILLO	2024/09	104888
3622	PERNOCTACIONS PER ZONA D'ALLOTJAMENT (METODOLOGIA 2025)	0205061200040001	PERNOCTACIONS PER ZONA D'ALLOTJAMENT (METODOLOGIA 2025). CANILLO	2024/10	75935
3622	PERNOCTACIONS PER ZONA D'ALLOTJAMENT (METODOLOGIA 2025)	0205061200040001	PERNOCTACIONS PER ZONA D'ALLOTJAMENT (METODOLOGIA 2025). CANILLO	2024/11	59946
3622	PERNOCTACIONS PER ZONA D'ALLOTJAMENT (METODOLOGIA 2025)	0205061200040001	PERNOCTACIONS PER ZONA D'ALLOTJAMENT (METODOLOGIA 2025). CANILLO	2024/12	212913
3622	PERNOCTACIONS PER ZONA D'ALLOTJAMENT (METODOLOGIA 2025)	0205061200040001	PERNOCTACIONS PER ZONA D'ALLOTJAMENT (METODOLOGIA 2025). CANILLO	2025/01	299514
3622	PERNOCTACIONS PER ZONA D'ALLOTJAMENT (METODOLOGIA 2025)	0205061200040001	PERNOCTACIONS PER ZONA D'ALLOTJAMENT (METODOLOGIA 2025). CANILLO	2025/02	263885
3622	PERNOCTACIONS PER ZONA D'ALLOTJAMENT (METODOLOGIA 2025)	0205061200040001	PERNOCTACIONS PER ZONA D'ALLOTJAMENT (METODOLOGIA 2025). CANILLO	2025/03	265953
3622	PERNOCTACIONS PER ZONA D'ALLOTJAMENT (METODOLOGIA 2025)	0205061200040001	PERNOCTACIONS PER ZONA D'ALLOTJAMENT (METODOLOGIA 2025). CANILLO	2025/04	129601
3622	PERNOCTACIONS PER ZONA D'ALLOTJAMENT (METODOLOGIA 2025)	0205061200040001	PERNOCTACIONS PER ZONA D'ALLOTJAMENT (METODOLOGIA 2025). CANILLO	2025/05	32192
3622	PERNOCTACIONS PER ZONA D'ALLOTJAMENT (METODOLOGIA 2025)	0205061200040001	PERNOCTACIONS PER ZONA D'ALLOTJAMENT (METODOLOGIA 2025). CANILLO	2025/06	155228
3622	PERNOCTACIONS PER ZONA D'ALLOTJAMENT (METODOLOGIA 2025)	0205061200040001	PERNOCTACIONS PER ZONA D'ALLOTJAMENT (METODOLOGIA 2025). CANILLO	2025/07	149404
3622	PERNOCTACIONS PER ZONA D'ALLOTJAMENT (METODOLOGIA 2025)	0205061200040001	PERNOCTACIONS PER ZONA D'ALLOTJAMENT (METODOLOGIA 2025). CANILLO	2025/08	264914
3622	PERNOCTACIONS PER ZONA D'ALLOTJAMENT (METODOLOGIA 2025)	0205061200040001	PERNOCTACIONS PER ZONA D'ALLOTJAMENT (METODOLOGIA 2025). CANILLO	2025/09	155762
3622	PERNOCTACIONS PER ZONA D'ALLOTJAMENT (METODOLOGIA 2025)	0205061200040001	PERNOCTACIONS PER ZONA D'ALLOTJAMENT (METODOLOGIA 2025). CANILLO	2025/10	114115
3622	PERNOCTACIONS PER ZONA D'ALLOTJAMENT (METODOLOGIA 2025)	0205061200040001	PERNOCTACIONS PER ZONA D'ALLOTJAMENT (METODOLOGIA 2025). CANILLO	2025/11	57840
3622	PERNOCTACIONS PER ZONA D'ALLOTJAMENT (METODOLOGIA 2025)	0205061200040001	PERNOCTACIONS PER ZONA D'ALLOTJAMENT (METODOLOGIA 2025). CANILLO	2025/12	200878
3622	PERNOCTACIONS PER ZONA D'ALLOTJAMENT (METODOLOGIA 2025)	0205061200040001	PERNOCTACIONS PER ZONA D'ALLOTJAMENT (METODOLOGIA 2025). CANILLO	2026/01	299631
3622	PERNOCTACIONS PER ZONA D'ALLOTJAMENT (METODOLOGIA 2025)	0205061200040001	PERNOCTACIONS PER ZONA D'ALLOTJAMENT (METODOLOGIA 2025). CANILLO	2026/02	304218
3622	PERNOCTACIONS PER ZONA D'ALLOTJAMENT (METODOLOGIA 2025)	0205061200040001	PERNOCTACIONS PER ZONA D'ALLOTJAMENT (METODOLOGIA 2025). CANILLO	2026/03	357791
3622	PERNOCTACIONS PER ZONA D'ALLOTJAMENT (METODOLOGIA 2025)	0205061200040001	PERNOCTACIONS PER ZONA D'ALLOTJAMENT (METODOLOGIA 2025). CANILLO	2026/04	141031
3622	PERNOCTACIONS PER ZONA D'ALLOTJAMENT (METODOLOGIA 2025)	0205061200040001	PERNOCTACIONS PER ZONA D'ALLOTJAMENT (METODOLOGIA 2025). CANILLO	2026/05	36572
3622	PERNOCTACIONS PER ZONA D'ALLOTJAMENT (METODOLOGIA 2025)	0205061200040001	PERNOCTACIONS PER ZONA D'ALLOTJAMENT (METODOLOGIA 2025). CANILLO	2026/06	143656
3622	PERNOCTACIONS PER ZONA D'ALLOTJAMENT (METODOLOGIA 2025)	0205061200040001	PERNOCTACIONS PER ZONA D'ALLOTJAMENT (METODOLOGIA 2025). CANILLO	2026/07	199231
3622	PERNOCTACIONS PER ZONA D'ALLOTJAMENT (METODOLOGIA 2025)	0205061200040002	PERNOCTACIONS PER ZONA D'ALLOTJAMENT (METODOLOGIA 2025). ENCAMP	2022/01	185369
3622	PERNOCTACIONS PER ZONA D'ALLOTJAMENT (METODOLOGIA 2025)	0205061200040002	PERNOCTACIONS PER ZONA D'ALLOTJAMENT (METODOLOGIA 2025). ENCAMP	2022/02	235094
3622	PERNOCTACIONS PER ZONA D'ALLOTJAMENT (METODOLOGIA 2025)	0205061200040002	PERNOCTACIONS PER ZONA D'ALLOTJAMENT (METODOLOGIA 2025). ENCAMP	2022/03	139408
3622	PERNOCTACIONS PER ZONA D'ALLOTJAMENT (METODOLOGIA 2025)	0205061200040002	PERNOCTACIONS PER ZONA D'ALLOTJAMENT (METODOLOGIA 2025). ENCAMP	2022/04	128107
3622	PERNOCTACIONS PER ZONA D'ALLOTJAMENT (METODOLOGIA 2025)	0205061200040002	PERNOCTACIONS PER ZONA D'ALLOTJAMENT (METODOLOGIA 2025). ENCAMP	2022/05	24046
3622	PERNOCTACIONS PER ZONA D'ALLOTJAMENT (METODOLOGIA 2025)	0205061200040002	PERNOCTACIONS PER ZONA D'ALLOTJAMENT (METODOLOGIA 2025). ENCAMP	2022/06	74670
3622	PERNOCTACIONS PER ZONA D'ALLOTJAMENT (METODOLOGIA 2025)	0205061200040002	PERNOCTACIONS PER ZONA D'ALLOTJAMENT (METODOLOGIA 2025). ENCAMP	2022/07	73983
3622	PERNOCTACIONS PER ZONA D'ALLOTJAMENT (METODOLOGIA 2025)	0205061200040002	PERNOCTACIONS PER ZONA D'ALLOTJAMENT (METODOLOGIA 2025). ENCAMP	2022/08	137872
3622	PERNOCTACIONS PER ZONA D'ALLOTJAMENT (METODOLOGIA 2025)	0205061200040002	PERNOCTACIONS PER ZONA D'ALLOTJAMENT (METODOLOGIA 2025). ENCAMP	2022/09	63396
3622	PERNOCTACIONS PER ZONA D'ALLOTJAMENT (METODOLOGIA 2025)	0205061200040002	PERNOCTACIONS PER ZONA D'ALLOTJAMENT (METODOLOGIA 2025). ENCAMP	2022/10	46657
3622	PERNOCTACIONS PER ZONA D'ALLOTJAMENT (METODOLOGIA 2025)	0205061200040002	PERNOCTACIONS PER ZONA D'ALLOTJAMENT (METODOLOGIA 2025). ENCAMP	2022/11	50246
3622	PERNOCTACIONS PER ZONA D'ALLOTJAMENT (METODOLOGIA 2025)	0205061200040002	PERNOCTACIONS PER ZONA D'ALLOTJAMENT (METODOLOGIA 2025). ENCAMP	2022/12	226336
3622	PERNOCTACIONS PER ZONA D'ALLOTJAMENT (METODOLOGIA 2025)	0205061200040002	PERNOCTACIONS PER ZONA D'ALLOTJAMENT (METODOLOGIA 2025). ENCAMP	2023/01	261031
3622	PERNOCTACIONS PER ZONA D'ALLOTJAMENT (METODOLOGIA 2025)	0205061200040002	PERNOCTACIONS PER ZONA D'ALLOTJAMENT (METODOLOGIA 2025). ENCAMP	2023/02	269786
3622	PERNOCTACIONS PER ZONA D'ALLOTJAMENT (METODOLOGIA 2025)	0205061200040002	PERNOCTACIONS PER ZONA D'ALLOTJAMENT (METODOLOGIA 2025). ENCAMP	2023/03	297102
3622	PERNOCTACIONS PER ZONA D'ALLOTJAMENT (METODOLOGIA 2025)	0205061200040002	PERNOCTACIONS PER ZONA D'ALLOTJAMENT (METODOLOGIA 2025). ENCAMP	2023/04	143842
3622	PERNOCTACIONS PER ZONA D'ALLOTJAMENT (METODOLOGIA 2025)	0205061200040002	PERNOCTACIONS PER ZONA D'ALLOTJAMENT (METODOLOGIA 2025). ENCAMP	2023/05	36214
3622	PERNOCTACIONS PER ZONA D'ALLOTJAMENT (METODOLOGIA 2025)	0205061200040002	PERNOCTACIONS PER ZONA D'ALLOTJAMENT (METODOLOGIA 2025). ENCAMP	2023/06	80168
3622	PERNOCTACIONS PER ZONA D'ALLOTJAMENT (METODOLOGIA 2025)	0205061200040002	PERNOCTACIONS PER ZONA D'ALLOTJAMENT (METODOLOGIA 2025). ENCAMP	2023/07	90690
3622	PERNOCTACIONS PER ZONA D'ALLOTJAMENT (METODOLOGIA 2025)	0205061200040002	PERNOCTACIONS PER ZONA D'ALLOTJAMENT (METODOLOGIA 2025). ENCAMP	2023/08	183876
3622	PERNOCTACIONS PER ZONA D'ALLOTJAMENT (METODOLOGIA 2025)	0205061200040002	PERNOCTACIONS PER ZONA D'ALLOTJAMENT (METODOLOGIA 2025). ENCAMP	2023/09	81770
3622	PERNOCTACIONS PER ZONA D'ALLOTJAMENT (METODOLOGIA 2025)	0205061200040002	PERNOCTACIONS PER ZONA D'ALLOTJAMENT (METODOLOGIA 2025). ENCAMP	2023/10	38990
3622	PERNOCTACIONS PER ZONA D'ALLOTJAMENT (METODOLOGIA 2025)	0205061200040002	PERNOCTACIONS PER ZONA D'ALLOTJAMENT (METODOLOGIA 2025). ENCAMP	2023/11	39640
3622	PERNOCTACIONS PER ZONA D'ALLOTJAMENT (METODOLOGIA 2025)	0205061200040002	PERNOCTACIONS PER ZONA D'ALLOTJAMENT (METODOLOGIA 2025). ENCAMP	2023/12	149295
3622	PERNOCTACIONS PER ZONA D'ALLOTJAMENT (METODOLOGIA 2025)	0205061200040002	PERNOCTACIONS PER ZONA D'ALLOTJAMENT (METODOLOGIA 2025). ENCAMP	2024/01	275008
3622	PERNOCTACIONS PER ZONA D'ALLOTJAMENT (METODOLOGIA 2025)	0205061200040002	PERNOCTACIONS PER ZONA D'ALLOTJAMENT (METODOLOGIA 2025). ENCAMP	2024/02	203139
3622	PERNOCTACIONS PER ZONA D'ALLOTJAMENT (METODOLOGIA 2025)	0205061200040002	PERNOCTACIONS PER ZONA D'ALLOTJAMENT (METODOLOGIA 2025). ENCAMP	2024/03	209287
3622	PERNOCTACIONS PER ZONA D'ALLOTJAMENT (METODOLOGIA 2025)	0205061200040002	PERNOCTACIONS PER ZONA D'ALLOTJAMENT (METODOLOGIA 2025). ENCAMP	2024/04	82040
3622	PERNOCTACIONS PER ZONA D'ALLOTJAMENT (METODOLOGIA 2025)	0205061200040002	PERNOCTACIONS PER ZONA D'ALLOTJAMENT (METODOLOGIA 2025). ENCAMP	2024/05	35540
3622	PERNOCTACIONS PER ZONA D'ALLOTJAMENT (METODOLOGIA 2025)	0205061200040002	PERNOCTACIONS PER ZONA D'ALLOTJAMENT (METODOLOGIA 2025). ENCAMP	2024/06	71853
3622	PERNOCTACIONS PER ZONA D'ALLOTJAMENT (METODOLOGIA 2025)	0205061200040002	PERNOCTACIONS PER ZONA D'ALLOTJAMENT (METODOLOGIA 2025). ENCAMP	2024/07	101230
3622	PERNOCTACIONS PER ZONA D'ALLOTJAMENT (METODOLOGIA 2025)	0205061200040002	PERNOCTACIONS PER ZONA D'ALLOTJAMENT (METODOLOGIA 2025). ENCAMP	2024/08	184673
3622	PERNOCTACIONS PER ZONA D'ALLOTJAMENT (METODOLOGIA 2025)	0205061200040002	PERNOCTACIONS PER ZONA D'ALLOTJAMENT (METODOLOGIA 2025). ENCAMP	2024/09	48117
3622	PERNOCTACIONS PER ZONA D'ALLOTJAMENT (METODOLOGIA 2025)	0205061200040002	PERNOCTACIONS PER ZONA D'ALLOTJAMENT (METODOLOGIA 2025). ENCAMP	2024/10	27348
3622	PERNOCTACIONS PER ZONA D'ALLOTJAMENT (METODOLOGIA 2025)	0205061200040002	PERNOCTACIONS PER ZONA D'ALLOTJAMENT (METODOLOGIA 2025). ENCAMP	2024/11	48610
3622	PERNOCTACIONS PER ZONA D'ALLOTJAMENT (METODOLOGIA 2025)	0205061200040002	PERNOCTACIONS PER ZONA D'ALLOTJAMENT (METODOLOGIA 2025). ENCAMP	2024/12	179081
3622	PERNOCTACIONS PER ZONA D'ALLOTJAMENT (METODOLOGIA 2025)	0205061200040002	PERNOCTACIONS PER ZONA D'ALLOTJAMENT (METODOLOGIA 2025). ENCAMP	2025/01	295123
3622	PERNOCTACIONS PER ZONA D'ALLOTJAMENT (METODOLOGIA 2025)	0205061200040002	PERNOCTACIONS PER ZONA D'ALLOTJAMENT (METODOLOGIA 2025). ENCAMP	2025/02	215635
3622	PERNOCTACIONS PER ZONA D'ALLOTJAMENT (METODOLOGIA 2025)	0205061200040002	PERNOCTACIONS PER ZONA D'ALLOTJAMENT (METODOLOGIA 2025). ENCAMP	2025/03	235973
3622	PERNOCTACIONS PER ZONA D'ALLOTJAMENT (METODOLOGIA 2025)	0205061200040002	PERNOCTACIONS PER ZONA D'ALLOTJAMENT (METODOLOGIA 2025). ENCAMP	2025/04	113781
3622	PERNOCTACIONS PER ZONA D'ALLOTJAMENT (METODOLOGIA 2025)	0205061200040002	PERNOCTACIONS PER ZONA D'ALLOTJAMENT (METODOLOGIA 2025). ENCAMP	2025/05	34481
3622	PERNOCTACIONS PER ZONA D'ALLOTJAMENT (METODOLOGIA 2025)	0205061200040002	PERNOCTACIONS PER ZONA D'ALLOTJAMENT (METODOLOGIA 2025). ENCAMP	2025/06	111942
3622	PERNOCTACIONS PER ZONA D'ALLOTJAMENT (METODOLOGIA 2025)	0205061200040002	PERNOCTACIONS PER ZONA D'ALLOTJAMENT (METODOLOGIA 2025). ENCAMP	2025/07	92096
3622	PERNOCTACIONS PER ZONA D'ALLOTJAMENT (METODOLOGIA 2025)	0205061200040002	PERNOCTACIONS PER ZONA D'ALLOTJAMENT (METODOLOGIA 2025). ENCAMP	2025/08	211931
3622	PERNOCTACIONS PER ZONA D'ALLOTJAMENT (METODOLOGIA 2025)	0205061200040002	PERNOCTACIONS PER ZONA D'ALLOTJAMENT (METODOLOGIA 2025). ENCAMP	2025/09	115024
3622	PERNOCTACIONS PER ZONA D'ALLOTJAMENT (METODOLOGIA 2025)	0205061200040002	PERNOCTACIONS PER ZONA D'ALLOTJAMENT (METODOLOGIA 2025). ENCAMP	2025/10	68779
3622	PERNOCTACIONS PER ZONA D'ALLOTJAMENT (METODOLOGIA 2025)	0205061200040002	PERNOCTACIONS PER ZONA D'ALLOTJAMENT (METODOLOGIA 2025). ENCAMP	2025/11	63172
3622	PERNOCTACIONS PER ZONA D'ALLOTJAMENT (METODOLOGIA 2025)	0205061200040002	PERNOCTACIONS PER ZONA D'ALLOTJAMENT (METODOLOGIA 2025). ENCAMP	2025/12	165372
3622	PERNOCTACIONS PER ZONA D'ALLOTJAMENT (METODOLOGIA 2025)	0205061200040002	PERNOCTACIONS PER ZONA D'ALLOTJAMENT (METODOLOGIA 2025). ENCAMP	2026/01	244396
3622	PERNOCTACIONS PER ZONA D'ALLOTJAMENT (METODOLOGIA 2025)	0205061200040002	PERNOCTACIONS PER ZONA D'ALLOTJAMENT (METODOLOGIA 2025). ENCAMP	2026/02	202590
3622	PERNOCTACIONS PER ZONA D'ALLOTJAMENT (METODOLOGIA 2025)	0205061200040002	PERNOCTACIONS PER ZONA D'ALLOTJAMENT (METODOLOGIA 2025). ENCAMP	2026/03	291389
3622	PERNOCTACIONS PER ZONA D'ALLOTJAMENT (METODOLOGIA 2025)	0205061200040002	PERNOCTACIONS PER ZONA D'ALLOTJAMENT (METODOLOGIA 2025). ENCAMP	2026/04	76590
3622	PERNOCTACIONS PER ZONA D'ALLOTJAMENT (METODOLOGIA 2025)	0205061200040002	PERNOCTACIONS PER ZONA D'ALLOTJAMENT (METODOLOGIA 2025). ENCAMP	2026/05	21576
3622	PERNOCTACIONS PER ZONA D'ALLOTJAMENT (METODOLOGIA 2025)	0205061200040002	PERNOCTACIONS PER ZONA D'ALLOTJAMENT (METODOLOGIA 2025). ENCAMP	2026/06	81538
3622	PERNOCTACIONS PER ZONA D'ALLOTJAMENT (METODOLOGIA 2025)	0205061200040002	PERNOCTACIONS PER ZONA D'ALLOTJAMENT (METODOLOGIA 2025). ENCAMP	2026/07	86829
3622	PERNOCTACIONS PER ZONA D'ALLOTJAMENT (METODOLOGIA 2025)	0205061200040003	PERNOCTACIONS PER ZONA D'ALLOTJAMENT (METODOLOGIA 2025). ORDINO	2022/01	29355
3622	PERNOCTACIONS PER ZONA D'ALLOTJAMENT (METODOLOGIA 2025)	0205061200040003	PERNOCTACIONS PER ZONA D'ALLOTJAMENT (METODOLOGIA 2025). ORDINO	2022/02	59766
3622	PERNOCTACIONS PER ZONA D'ALLOTJAMENT (METODOLOGIA 2025)	0205061200040003	PERNOCTACIONS PER ZONA D'ALLOTJAMENT (METODOLOGIA 2025). ORDINO	2022/03	38061
3622	PERNOCTACIONS PER ZONA D'ALLOTJAMENT (METODOLOGIA 2025)	0205061200040003	PERNOCTACIONS PER ZONA D'ALLOTJAMENT (METODOLOGIA 2025). ORDINO	2022/04	25462
3622	PERNOCTACIONS PER ZONA D'ALLOTJAMENT (METODOLOGIA 2025)	0205061200040003	PERNOCTACIONS PER ZONA D'ALLOTJAMENT (METODOLOGIA 2025). ORDINO	2022/05	13219
3622	PERNOCTACIONS PER ZONA D'ALLOTJAMENT (METODOLOGIA 2025)	0205061200040003	PERNOCTACIONS PER ZONA D'ALLOTJAMENT (METODOLOGIA 2025). ORDINO	2022/06	41080
3622	PERNOCTACIONS PER ZONA D'ALLOTJAMENT (METODOLOGIA 2025)	0205061200040003	PERNOCTACIONS PER ZONA D'ALLOTJAMENT (METODOLOGIA 2025). ORDINO	2022/07	35711
3622	PERNOCTACIONS PER ZONA D'ALLOTJAMENT (METODOLOGIA 2025)	0205061200040003	PERNOCTACIONS PER ZONA D'ALLOTJAMENT (METODOLOGIA 2025). ORDINO	2022/08	46947
3622	PERNOCTACIONS PER ZONA D'ALLOTJAMENT (METODOLOGIA 2025)	0205061200040003	PERNOCTACIONS PER ZONA D'ALLOTJAMENT (METODOLOGIA 2025). ORDINO	2022/09	33444
3622	PERNOCTACIONS PER ZONA D'ALLOTJAMENT (METODOLOGIA 2025)	0205061200040003	PERNOCTACIONS PER ZONA D'ALLOTJAMENT (METODOLOGIA 2025). ORDINO	2022/10	31548
3622	PERNOCTACIONS PER ZONA D'ALLOTJAMENT (METODOLOGIA 2025)	0205061200040003	PERNOCTACIONS PER ZONA D'ALLOTJAMENT (METODOLOGIA 2025). ORDINO	2022/11	16895
3622	PERNOCTACIONS PER ZONA D'ALLOTJAMENT (METODOLOGIA 2025)	0205061200040003	PERNOCTACIONS PER ZONA D'ALLOTJAMENT (METODOLOGIA 2025). ORDINO	2022/12	48604
3622	PERNOCTACIONS PER ZONA D'ALLOTJAMENT (METODOLOGIA 2025)	0205061200040003	PERNOCTACIONS PER ZONA D'ALLOTJAMENT (METODOLOGIA 2025). ORDINO	2023/01	66187
3622	PERNOCTACIONS PER ZONA D'ALLOTJAMENT (METODOLOGIA 2025)	0205061200040003	PERNOCTACIONS PER ZONA D'ALLOTJAMENT (METODOLOGIA 2025). ORDINO	2023/02	44949
3622	PERNOCTACIONS PER ZONA D'ALLOTJAMENT (METODOLOGIA 2025)	0205061200040003	PERNOCTACIONS PER ZONA D'ALLOTJAMENT (METODOLOGIA 2025). ORDINO	2023/03	48309
3622	PERNOCTACIONS PER ZONA D'ALLOTJAMENT (METODOLOGIA 2025)	0205061200040003	PERNOCTACIONS PER ZONA D'ALLOTJAMENT (METODOLOGIA 2025). ORDINO	2023/04	50609
3622	PERNOCTACIONS PER ZONA D'ALLOTJAMENT (METODOLOGIA 2025)	0205061200040003	PERNOCTACIONS PER ZONA D'ALLOTJAMENT (METODOLOGIA 2025). ORDINO	2023/05	13655
3622	PERNOCTACIONS PER ZONA D'ALLOTJAMENT (METODOLOGIA 2025)	0205061200040003	PERNOCTACIONS PER ZONA D'ALLOTJAMENT (METODOLOGIA 2025). ORDINO	2023/06	30459
3622	PERNOCTACIONS PER ZONA D'ALLOTJAMENT (METODOLOGIA 2025)	0205061200040003	PERNOCTACIONS PER ZONA D'ALLOTJAMENT (METODOLOGIA 2025). ORDINO	2023/07	57997
3622	PERNOCTACIONS PER ZONA D'ALLOTJAMENT (METODOLOGIA 2025)	0205061200040003	PERNOCTACIONS PER ZONA D'ALLOTJAMENT (METODOLOGIA 2025). ORDINO	2023/08	80742
3622	PERNOCTACIONS PER ZONA D'ALLOTJAMENT (METODOLOGIA 2025)	0205061200040003	PERNOCTACIONS PER ZONA D'ALLOTJAMENT (METODOLOGIA 2025). ORDINO	2023/09	44895
3622	PERNOCTACIONS PER ZONA D'ALLOTJAMENT (METODOLOGIA 2025)	0205061200040003	PERNOCTACIONS PER ZONA D'ALLOTJAMENT (METODOLOGIA 2025). ORDINO	2023/10	32491
3622	PERNOCTACIONS PER ZONA D'ALLOTJAMENT (METODOLOGIA 2025)	0205061200040003	PERNOCTACIONS PER ZONA D'ALLOTJAMENT (METODOLOGIA 2025). ORDINO	2023/11	15089
3622	PERNOCTACIONS PER ZONA D'ALLOTJAMENT (METODOLOGIA 2025)	0205061200040003	PERNOCTACIONS PER ZONA D'ALLOTJAMENT (METODOLOGIA 2025). ORDINO	2023/12	57135
3622	PERNOCTACIONS PER ZONA D'ALLOTJAMENT (METODOLOGIA 2025)	0205061200040003	PERNOCTACIONS PER ZONA D'ALLOTJAMENT (METODOLOGIA 2025). ORDINO	2024/01	67708
3622	PERNOCTACIONS PER ZONA D'ALLOTJAMENT (METODOLOGIA 2025)	0205061200040003	PERNOCTACIONS PER ZONA D'ALLOTJAMENT (METODOLOGIA 2025). ORDINO	2024/02	59821
3622	PERNOCTACIONS PER ZONA D'ALLOTJAMENT (METODOLOGIA 2025)	0205061200040003	PERNOCTACIONS PER ZONA D'ALLOTJAMENT (METODOLOGIA 2025). ORDINO	2024/03	57726
3622	PERNOCTACIONS PER ZONA D'ALLOTJAMENT (METODOLOGIA 2025)	0205061200040003	PERNOCTACIONS PER ZONA D'ALLOTJAMENT (METODOLOGIA 2025). ORDINO	2024/04	24019
3622	PERNOCTACIONS PER ZONA D'ALLOTJAMENT (METODOLOGIA 2025)	0205061200040003	PERNOCTACIONS PER ZONA D'ALLOTJAMENT (METODOLOGIA 2025). ORDINO	2024/05	15789
3622	PERNOCTACIONS PER ZONA D'ALLOTJAMENT (METODOLOGIA 2025)	0205061200040003	PERNOCTACIONS PER ZONA D'ALLOTJAMENT (METODOLOGIA 2025). ORDINO	2024/06	32003
3622	PERNOCTACIONS PER ZONA D'ALLOTJAMENT (METODOLOGIA 2025)	0205061200040003	PERNOCTACIONS PER ZONA D'ALLOTJAMENT (METODOLOGIA 2025). ORDINO	2024/07	49414
3622	PERNOCTACIONS PER ZONA D'ALLOTJAMENT (METODOLOGIA 2025)	0205061200040003	PERNOCTACIONS PER ZONA D'ALLOTJAMENT (METODOLOGIA 2025). ORDINO	2024/08	88139
3622	PERNOCTACIONS PER ZONA D'ALLOTJAMENT (METODOLOGIA 2025)	0205061200040003	PERNOCTACIONS PER ZONA D'ALLOTJAMENT (METODOLOGIA 2025). ORDINO	2024/09	51060
3622	PERNOCTACIONS PER ZONA D'ALLOTJAMENT (METODOLOGIA 2025)	0205061200040003	PERNOCTACIONS PER ZONA D'ALLOTJAMENT (METODOLOGIA 2025). ORDINO	2024/10	20366
3622	PERNOCTACIONS PER ZONA D'ALLOTJAMENT (METODOLOGIA 2025)	0205061200040003	PERNOCTACIONS PER ZONA D'ALLOTJAMENT (METODOLOGIA 2025). ORDINO	2024/11	9991
3622	PERNOCTACIONS PER ZONA D'ALLOTJAMENT (METODOLOGIA 2025)	0205061200040003	PERNOCTACIONS PER ZONA D'ALLOTJAMENT (METODOLOGIA 2025). ORDINO	2024/12	76234
3622	PERNOCTACIONS PER ZONA D'ALLOTJAMENT (METODOLOGIA 2025)	0205061200040003	PERNOCTACIONS PER ZONA D'ALLOTJAMENT (METODOLOGIA 2025). ORDINO	2025/01	63980
3622	PERNOCTACIONS PER ZONA D'ALLOTJAMENT (METODOLOGIA 2025)	0205061200040003	PERNOCTACIONS PER ZONA D'ALLOTJAMENT (METODOLOGIA 2025). ORDINO	2025/02	36810
3622	PERNOCTACIONS PER ZONA D'ALLOTJAMENT (METODOLOGIA 2025)	0205061200040003	PERNOCTACIONS PER ZONA D'ALLOTJAMENT (METODOLOGIA 2025). ORDINO	2025/03	40296
3622	PERNOCTACIONS PER ZONA D'ALLOTJAMENT (METODOLOGIA 2025)	0205061200040003	PERNOCTACIONS PER ZONA D'ALLOTJAMENT (METODOLOGIA 2025). ORDINO	2025/04	43467
3622	PERNOCTACIONS PER ZONA D'ALLOTJAMENT (METODOLOGIA 2025)	0205061200040003	PERNOCTACIONS PER ZONA D'ALLOTJAMENT (METODOLOGIA 2025). ORDINO	2025/05	14102
3622	PERNOCTACIONS PER ZONA D'ALLOTJAMENT (METODOLOGIA 2025)	0205061200040003	PERNOCTACIONS PER ZONA D'ALLOTJAMENT (METODOLOGIA 2025). ORDINO	2025/06	77694
3622	PERNOCTACIONS PER ZONA D'ALLOTJAMENT (METODOLOGIA 2025)	0205061200040003	PERNOCTACIONS PER ZONA D'ALLOTJAMENT (METODOLOGIA 2025). ORDINO	2025/07	50008
3622	PERNOCTACIONS PER ZONA D'ALLOTJAMENT (METODOLOGIA 2025)	0205061200040003	PERNOCTACIONS PER ZONA D'ALLOTJAMENT (METODOLOGIA 2025). ORDINO	2025/08	103581
3622	PERNOCTACIONS PER ZONA D'ALLOTJAMENT (METODOLOGIA 2025)	0205061200040003	PERNOCTACIONS PER ZONA D'ALLOTJAMENT (METODOLOGIA 2025). ORDINO	2025/09	71259
3622	PERNOCTACIONS PER ZONA D'ALLOTJAMENT (METODOLOGIA 2025)	0205061200040003	PERNOCTACIONS PER ZONA D'ALLOTJAMENT (METODOLOGIA 2025). ORDINO	2025/10	40410
3622	PERNOCTACIONS PER ZONA D'ALLOTJAMENT (METODOLOGIA 2025)	0205061200040003	PERNOCTACIONS PER ZONA D'ALLOTJAMENT (METODOLOGIA 2025). ORDINO	2025/11	20450
3622	PERNOCTACIONS PER ZONA D'ALLOTJAMENT (METODOLOGIA 2025)	0205061200040003	PERNOCTACIONS PER ZONA D'ALLOTJAMENT (METODOLOGIA 2025). ORDINO	2025/12	60636
3622	PERNOCTACIONS PER ZONA D'ALLOTJAMENT (METODOLOGIA 2025)	0205061200040003	PERNOCTACIONS PER ZONA D'ALLOTJAMENT (METODOLOGIA 2025). ORDINO	2026/01	79374
3622	PERNOCTACIONS PER ZONA D'ALLOTJAMENT (METODOLOGIA 2025)	0205061200040003	PERNOCTACIONS PER ZONA D'ALLOTJAMENT (METODOLOGIA 2025). ORDINO	2026/02	62438
3622	PERNOCTACIONS PER ZONA D'ALLOTJAMENT (METODOLOGIA 2025)	0205061200040003	PERNOCTACIONS PER ZONA D'ALLOTJAMENT (METODOLOGIA 2025). ORDINO	2026/03	64547
3622	PERNOCTACIONS PER ZONA D'ALLOTJAMENT (METODOLOGIA 2025)	0205061200040003	PERNOCTACIONS PER ZONA D'ALLOTJAMENT (METODOLOGIA 2025). ORDINO	2026/04	34900
3622	PERNOCTACIONS PER ZONA D'ALLOTJAMENT (METODOLOGIA 2025)	0205061200040003	PERNOCTACIONS PER ZONA D'ALLOTJAMENT (METODOLOGIA 2025). ORDINO	2026/05	12338
3622	PERNOCTACIONS PER ZONA D'ALLOTJAMENT (METODOLOGIA 2025)	0205061200040003	PERNOCTACIONS PER ZONA D'ALLOTJAMENT (METODOLOGIA 2025). ORDINO	2026/06	59031
3622	PERNOCTACIONS PER ZONA D'ALLOTJAMENT (METODOLOGIA 2025)	0205061200040003	PERNOCTACIONS PER ZONA D'ALLOTJAMENT (METODOLOGIA 2025). ORDINO	2026/07	83134
3622	PERNOCTACIONS PER ZONA D'ALLOTJAMENT (METODOLOGIA 2025)	0205061200040004	PERNOCTACIONS PER ZONA D'ALLOTJAMENT (METODOLOGIA 2025). LA MASSANA	2022/01	122447
3622	PERNOCTACIONS PER ZONA D'ALLOTJAMENT (METODOLOGIA 2025)	0205061200040004	PERNOCTACIONS PER ZONA D'ALLOTJAMENT (METODOLOGIA 2025). LA MASSANA	2022/02	179488
3622	PERNOCTACIONS PER ZONA D'ALLOTJAMENT (METODOLOGIA 2025)	0205061200040004	PERNOCTACIONS PER ZONA D'ALLOTJAMENT (METODOLOGIA 2025). LA MASSANA	2022/03	163908
3622	PERNOCTACIONS PER ZONA D'ALLOTJAMENT (METODOLOGIA 2025)	0205061200040004	PERNOCTACIONS PER ZONA D'ALLOTJAMENT (METODOLOGIA 2025). LA MASSANA	2022/04	98666
3622	PERNOCTACIONS PER ZONA D'ALLOTJAMENT (METODOLOGIA 2025)	0205061200040004	PERNOCTACIONS PER ZONA D'ALLOTJAMENT (METODOLOGIA 2025). LA MASSANA	2022/05	36696
3622	PERNOCTACIONS PER ZONA D'ALLOTJAMENT (METODOLOGIA 2025)	0205061200040004	PERNOCTACIONS PER ZONA D'ALLOTJAMENT (METODOLOGIA 2025). LA MASSANA	2022/06	84336
3622	PERNOCTACIONS PER ZONA D'ALLOTJAMENT (METODOLOGIA 2025)	0205061200040004	PERNOCTACIONS PER ZONA D'ALLOTJAMENT (METODOLOGIA 2025). LA MASSANA	2022/07	156925
3622	PERNOCTACIONS PER ZONA D'ALLOTJAMENT (METODOLOGIA 2025)	0205061200040004	PERNOCTACIONS PER ZONA D'ALLOTJAMENT (METODOLOGIA 2025). LA MASSANA	2022/08	237022
3622	PERNOCTACIONS PER ZONA D'ALLOTJAMENT (METODOLOGIA 2025)	0205061200040004	PERNOCTACIONS PER ZONA D'ALLOTJAMENT (METODOLOGIA 2025). LA MASSANA	2022/09	146949
3622	PERNOCTACIONS PER ZONA D'ALLOTJAMENT (METODOLOGIA 2025)	0205061200040004	PERNOCTACIONS PER ZONA D'ALLOTJAMENT (METODOLOGIA 2025). LA MASSANA	2022/10	87875
3622	PERNOCTACIONS PER ZONA D'ALLOTJAMENT (METODOLOGIA 2025)	0205061200040004	PERNOCTACIONS PER ZONA D'ALLOTJAMENT (METODOLOGIA 2025). LA MASSANA	2022/11	50905
3622	PERNOCTACIONS PER ZONA D'ALLOTJAMENT (METODOLOGIA 2025)	0205061200040004	PERNOCTACIONS PER ZONA D'ALLOTJAMENT (METODOLOGIA 2025). LA MASSANA	2022/12	130583
3622	PERNOCTACIONS PER ZONA D'ALLOTJAMENT (METODOLOGIA 2025)	0205061200040004	PERNOCTACIONS PER ZONA D'ALLOTJAMENT (METODOLOGIA 2025). LA MASSANA	2023/01	184533
3622	PERNOCTACIONS PER ZONA D'ALLOTJAMENT (METODOLOGIA 2025)	0205061200040004	PERNOCTACIONS PER ZONA D'ALLOTJAMENT (METODOLOGIA 2025). LA MASSANA	2023/02	188106
3622	PERNOCTACIONS PER ZONA D'ALLOTJAMENT (METODOLOGIA 2025)	0205061200040004	PERNOCTACIONS PER ZONA D'ALLOTJAMENT (METODOLOGIA 2025). LA MASSANA	2023/03	164041
3622	PERNOCTACIONS PER ZONA D'ALLOTJAMENT (METODOLOGIA 2025)	0205061200040004	PERNOCTACIONS PER ZONA D'ALLOTJAMENT (METODOLOGIA 2025). LA MASSANA	2023/04	92025
3622	PERNOCTACIONS PER ZONA D'ALLOTJAMENT (METODOLOGIA 2025)	0205061200040004	PERNOCTACIONS PER ZONA D'ALLOTJAMENT (METODOLOGIA 2025). LA MASSANA	2023/05	52467
3622	PERNOCTACIONS PER ZONA D'ALLOTJAMENT (METODOLOGIA 2025)	0205061200040004	PERNOCTACIONS PER ZONA D'ALLOTJAMENT (METODOLOGIA 2025). LA MASSANA	2023/06	111873
3622	PERNOCTACIONS PER ZONA D'ALLOTJAMENT (METODOLOGIA 2025)	0205061200040004	PERNOCTACIONS PER ZONA D'ALLOTJAMENT (METODOLOGIA 2025). LA MASSANA	2023/07	151097
3622	PERNOCTACIONS PER ZONA D'ALLOTJAMENT (METODOLOGIA 2025)	0205061200040004	PERNOCTACIONS PER ZONA D'ALLOTJAMENT (METODOLOGIA 2025). LA MASSANA	2023/08	224929
3622	PERNOCTACIONS PER ZONA D'ALLOTJAMENT (METODOLOGIA 2025)	0205061200040004	PERNOCTACIONS PER ZONA D'ALLOTJAMENT (METODOLOGIA 2025). LA MASSANA	2023/09	126777
3622	PERNOCTACIONS PER ZONA D'ALLOTJAMENT (METODOLOGIA 2025)	0205061200040004	PERNOCTACIONS PER ZONA D'ALLOTJAMENT (METODOLOGIA 2025). LA MASSANA	2023/10	90394
3622	PERNOCTACIONS PER ZONA D'ALLOTJAMENT (METODOLOGIA 2025)	0205061200040004	PERNOCTACIONS PER ZONA D'ALLOTJAMENT (METODOLOGIA 2025). LA MASSANA	2023/11	64811
3622	PERNOCTACIONS PER ZONA D'ALLOTJAMENT (METODOLOGIA 2025)	0205061200040004	PERNOCTACIONS PER ZONA D'ALLOTJAMENT (METODOLOGIA 2025). LA MASSANA	2023/12	177366
3622	PERNOCTACIONS PER ZONA D'ALLOTJAMENT (METODOLOGIA 2025)	0205061200040004	PERNOCTACIONS PER ZONA D'ALLOTJAMENT (METODOLOGIA 2025). LA MASSANA	2024/01	104199
3622	PERNOCTACIONS PER ZONA D'ALLOTJAMENT (METODOLOGIA 2025)	0205061200040004	PERNOCTACIONS PER ZONA D'ALLOTJAMENT (METODOLOGIA 2025). LA MASSANA	2024/02	184893
3622	PERNOCTACIONS PER ZONA D'ALLOTJAMENT (METODOLOGIA 2025)	0205061200040004	PERNOCTACIONS PER ZONA D'ALLOTJAMENT (METODOLOGIA 2025). LA MASSANA	2024/03	212612
3622	PERNOCTACIONS PER ZONA D'ALLOTJAMENT (METODOLOGIA 2025)	0205061200040004	PERNOCTACIONS PER ZONA D'ALLOTJAMENT (METODOLOGIA 2025). LA MASSANA	2024/04	67750
3622	PERNOCTACIONS PER ZONA D'ALLOTJAMENT (METODOLOGIA 2025)	0205061200040004	PERNOCTACIONS PER ZONA D'ALLOTJAMENT (METODOLOGIA 2025). LA MASSANA	2024/05	47130
3622	PERNOCTACIONS PER ZONA D'ALLOTJAMENT (METODOLOGIA 2025)	0205061200040004	PERNOCTACIONS PER ZONA D'ALLOTJAMENT (METODOLOGIA 2025). LA MASSANA	2024/06	138957
3622	PERNOCTACIONS PER ZONA D'ALLOTJAMENT (METODOLOGIA 2025)	0205061200040004	PERNOCTACIONS PER ZONA D'ALLOTJAMENT (METODOLOGIA 2025). LA MASSANA	2024/07	198706
3622	PERNOCTACIONS PER ZONA D'ALLOTJAMENT (METODOLOGIA 2025)	0205061200040004	PERNOCTACIONS PER ZONA D'ALLOTJAMENT (METODOLOGIA 2025). LA MASSANA	2024/08	233557
3622	PERNOCTACIONS PER ZONA D'ALLOTJAMENT (METODOLOGIA 2025)	0205061200040004	PERNOCTACIONS PER ZONA D'ALLOTJAMENT (METODOLOGIA 2025). LA MASSANA	2024/09	163564
3622	PERNOCTACIONS PER ZONA D'ALLOTJAMENT (METODOLOGIA 2025)	0205061200040004	PERNOCTACIONS PER ZONA D'ALLOTJAMENT (METODOLOGIA 2025). LA MASSANA	2024/10	88591
3622	PERNOCTACIONS PER ZONA D'ALLOTJAMENT (METODOLOGIA 2025)	0205061200040004	PERNOCTACIONS PER ZONA D'ALLOTJAMENT (METODOLOGIA 2025). LA MASSANA	2024/11	66863
3622	PERNOCTACIONS PER ZONA D'ALLOTJAMENT (METODOLOGIA 2025)	0205061200040004	PERNOCTACIONS PER ZONA D'ALLOTJAMENT (METODOLOGIA 2025). LA MASSANA	2024/12	143446
3622	PERNOCTACIONS PER ZONA D'ALLOTJAMENT (METODOLOGIA 2025)	0205061200040004	PERNOCTACIONS PER ZONA D'ALLOTJAMENT (METODOLOGIA 2025). LA MASSANA	2025/01	146150
3622	PERNOCTACIONS PER ZONA D'ALLOTJAMENT (METODOLOGIA 2025)	0205061200040004	PERNOCTACIONS PER ZONA D'ALLOTJAMENT (METODOLOGIA 2025). LA MASSANA	2025/02	177084
3622	PERNOCTACIONS PER ZONA D'ALLOTJAMENT (METODOLOGIA 2025)	0205061200040004	PERNOCTACIONS PER ZONA D'ALLOTJAMENT (METODOLOGIA 2025). LA MASSANA	2025/03	225980
3622	PERNOCTACIONS PER ZONA D'ALLOTJAMENT (METODOLOGIA 2025)	0205061200040004	PERNOCTACIONS PER ZONA D'ALLOTJAMENT (METODOLOGIA 2025). LA MASSANA	2025/04	108347
3622	PERNOCTACIONS PER ZONA D'ALLOTJAMENT (METODOLOGIA 2025)	0205061200040004	PERNOCTACIONS PER ZONA D'ALLOTJAMENT (METODOLOGIA 2025). LA MASSANA	2025/05	36769
3622	PERNOCTACIONS PER ZONA D'ALLOTJAMENT (METODOLOGIA 2025)	0205061200040004	PERNOCTACIONS PER ZONA D'ALLOTJAMENT (METODOLOGIA 2025). LA MASSANA	2025/06	160302
3622	PERNOCTACIONS PER ZONA D'ALLOTJAMENT (METODOLOGIA 2025)	0205061200040004	PERNOCTACIONS PER ZONA D'ALLOTJAMENT (METODOLOGIA 2025). LA MASSANA	2025/07	191647
3622	PERNOCTACIONS PER ZONA D'ALLOTJAMENT (METODOLOGIA 2025)	0205061200040004	PERNOCTACIONS PER ZONA D'ALLOTJAMENT (METODOLOGIA 2025). LA MASSANA	2025/08	285577
3622	PERNOCTACIONS PER ZONA D'ALLOTJAMENT (METODOLOGIA 2025)	0205061200040004	PERNOCTACIONS PER ZONA D'ALLOTJAMENT (METODOLOGIA 2025). LA MASSANA	2025/09	161815
3622	PERNOCTACIONS PER ZONA D'ALLOTJAMENT (METODOLOGIA 2025)	0205061200040004	PERNOCTACIONS PER ZONA D'ALLOTJAMENT (METODOLOGIA 2025). LA MASSANA	2025/10	90672
3622	PERNOCTACIONS PER ZONA D'ALLOTJAMENT (METODOLOGIA 2025)	0205061200040004	PERNOCTACIONS PER ZONA D'ALLOTJAMENT (METODOLOGIA 2025). LA MASSANA	2025/11	66547
3622	PERNOCTACIONS PER ZONA D'ALLOTJAMENT (METODOLOGIA 2025)	0205061200040004	PERNOCTACIONS PER ZONA D'ALLOTJAMENT (METODOLOGIA 2025). LA MASSANA	2025/12	186449
3622	PERNOCTACIONS PER ZONA D'ALLOTJAMENT (METODOLOGIA 2025)	0205061200040004	PERNOCTACIONS PER ZONA D'ALLOTJAMENT (METODOLOGIA 2025). LA MASSANA	2026/01	240714
3622	PERNOCTACIONS PER ZONA D'ALLOTJAMENT (METODOLOGIA 2025)	0205061200040004	PERNOCTACIONS PER ZONA D'ALLOTJAMENT (METODOLOGIA 2025). LA MASSANA	2026/02	192738
3622	PERNOCTACIONS PER ZONA D'ALLOTJAMENT (METODOLOGIA 2025)	0205061200040004	PERNOCTACIONS PER ZONA D'ALLOTJAMENT (METODOLOGIA 2025). LA MASSANA	2026/03	230760
3622	PERNOCTACIONS PER ZONA D'ALLOTJAMENT (METODOLOGIA 2025)	0205061200040004	PERNOCTACIONS PER ZONA D'ALLOTJAMENT (METODOLOGIA 2025). LA MASSANA	2026/04	116136
3622	PERNOCTACIONS PER ZONA D'ALLOTJAMENT (METODOLOGIA 2025)	0205061200040004	PERNOCTACIONS PER ZONA D'ALLOTJAMENT (METODOLOGIA 2025). LA MASSANA	2026/05	43911
3622	PERNOCTACIONS PER ZONA D'ALLOTJAMENT (METODOLOGIA 2025)	0205061200040004	PERNOCTACIONS PER ZONA D'ALLOTJAMENT (METODOLOGIA 2025). LA MASSANA	2026/06	160761
3622	PERNOCTACIONS PER ZONA D'ALLOTJAMENT (METODOLOGIA 2025)	0205061200040004	PERNOCTACIONS PER ZONA D'ALLOTJAMENT (METODOLOGIA 2025). LA MASSANA	2026/07	256987
3622	PERNOCTACIONS PER ZONA D'ALLOTJAMENT (METODOLOGIA 2025)	0205061200040005	PERNOCTACIONS PER ZONA D'ALLOTJAMENT (METODOLOGIA 2025). ANDORRA LA VELLA	2022/01	223150
3622	PERNOCTACIONS PER ZONA D'ALLOTJAMENT (METODOLOGIA 2025)	0205061200040005	PERNOCTACIONS PER ZONA D'ALLOTJAMENT (METODOLOGIA 2025). ANDORRA LA VELLA	2022/02	215045
3622	PERNOCTACIONS PER ZONA D'ALLOTJAMENT (METODOLOGIA 2025)	0205061200040005	PERNOCTACIONS PER ZONA D'ALLOTJAMENT (METODOLOGIA 2025). ANDORRA LA VELLA	2022/03	190156
3622	PERNOCTACIONS PER ZONA D'ALLOTJAMENT (METODOLOGIA 2025)	0205061200040005	PERNOCTACIONS PER ZONA D'ALLOTJAMENT (METODOLOGIA 2025). ANDORRA LA VELLA	2022/04	169938
3622	PERNOCTACIONS PER ZONA D'ALLOTJAMENT (METODOLOGIA 2025)	0205061200040005	PERNOCTACIONS PER ZONA D'ALLOTJAMENT (METODOLOGIA 2025). ANDORRA LA VELLA	2022/05	97780
3622	PERNOCTACIONS PER ZONA D'ALLOTJAMENT (METODOLOGIA 2025)	0205061200040005	PERNOCTACIONS PER ZONA D'ALLOTJAMENT (METODOLOGIA 2025). ANDORRA LA VELLA	2022/06	175197
3622	PERNOCTACIONS PER ZONA D'ALLOTJAMENT (METODOLOGIA 2025)	0205061200040005	PERNOCTACIONS PER ZONA D'ALLOTJAMENT (METODOLOGIA 2025). ANDORRA LA VELLA	2022/07	203388
3622	PERNOCTACIONS PER ZONA D'ALLOTJAMENT (METODOLOGIA 2025)	0205061200040005	PERNOCTACIONS PER ZONA D'ALLOTJAMENT (METODOLOGIA 2025). ANDORRA LA VELLA	2022/08	290365
3622	PERNOCTACIONS PER ZONA D'ALLOTJAMENT (METODOLOGIA 2025)	0205061200040005	PERNOCTACIONS PER ZONA D'ALLOTJAMENT (METODOLOGIA 2025). ANDORRA LA VELLA	2022/09	206291
3622	PERNOCTACIONS PER ZONA D'ALLOTJAMENT (METODOLOGIA 2025)	0205061200040005	PERNOCTACIONS PER ZONA D'ALLOTJAMENT (METODOLOGIA 2025). ANDORRA LA VELLA	2022/10	164387
3622	PERNOCTACIONS PER ZONA D'ALLOTJAMENT (METODOLOGIA 2025)	0205061200040005	PERNOCTACIONS PER ZONA D'ALLOTJAMENT (METODOLOGIA 2025). ANDORRA LA VELLA	2022/11	119583
3622	PERNOCTACIONS PER ZONA D'ALLOTJAMENT (METODOLOGIA 2025)	0205061200040005	PERNOCTACIONS PER ZONA D'ALLOTJAMENT (METODOLOGIA 2025). ANDORRA LA VELLA	2022/12	227016
3622	PERNOCTACIONS PER ZONA D'ALLOTJAMENT (METODOLOGIA 2025)	0205061200040005	PERNOCTACIONS PER ZONA D'ALLOTJAMENT (METODOLOGIA 2025). ANDORRA LA VELLA	2023/01	217027
3622	PERNOCTACIONS PER ZONA D'ALLOTJAMENT (METODOLOGIA 2025)	0205061200040005	PERNOCTACIONS PER ZONA D'ALLOTJAMENT (METODOLOGIA 2025). ANDORRA LA VELLA	2023/02	252097
3622	PERNOCTACIONS PER ZONA D'ALLOTJAMENT (METODOLOGIA 2025)	0205061200040005	PERNOCTACIONS PER ZONA D'ALLOTJAMENT (METODOLOGIA 2025). ANDORRA LA VELLA	2023/03	223903
3622	PERNOCTACIONS PER ZONA D'ALLOTJAMENT (METODOLOGIA 2025)	0205061200040005	PERNOCTACIONS PER ZONA D'ALLOTJAMENT (METODOLOGIA 2025). ANDORRA LA VELLA	2023/04	178664
3622	PERNOCTACIONS PER ZONA D'ALLOTJAMENT (METODOLOGIA 2025)	0205061200040005	PERNOCTACIONS PER ZONA D'ALLOTJAMENT (METODOLOGIA 2025). ANDORRA LA VELLA	2023/05	125934
3622	PERNOCTACIONS PER ZONA D'ALLOTJAMENT (METODOLOGIA 2025)	0205061200040005	PERNOCTACIONS PER ZONA D'ALLOTJAMENT (METODOLOGIA 2025). ANDORRA LA VELLA	2023/06	240166
3622	PERNOCTACIONS PER ZONA D'ALLOTJAMENT (METODOLOGIA 2025)	0205061200040005	PERNOCTACIONS PER ZONA D'ALLOTJAMENT (METODOLOGIA 2025). ANDORRA LA VELLA	2023/07	220420
3622	PERNOCTACIONS PER ZONA D'ALLOTJAMENT (METODOLOGIA 2025)	0205061200040005	PERNOCTACIONS PER ZONA D'ALLOTJAMENT (METODOLOGIA 2025). ANDORRA LA VELLA	2023/08	300938
3622	PERNOCTACIONS PER ZONA D'ALLOTJAMENT (METODOLOGIA 2025)	0205061200040005	PERNOCTACIONS PER ZONA D'ALLOTJAMENT (METODOLOGIA 2025). ANDORRA LA VELLA	2023/09	220690
3622	PERNOCTACIONS PER ZONA D'ALLOTJAMENT (METODOLOGIA 2025)	0205061200040005	PERNOCTACIONS PER ZONA D'ALLOTJAMENT (METODOLOGIA 2025). ANDORRA LA VELLA	2023/10	157607
3622	PERNOCTACIONS PER ZONA D'ALLOTJAMENT (METODOLOGIA 2025)	0205061200040005	PERNOCTACIONS PER ZONA D'ALLOTJAMENT (METODOLOGIA 2025). ANDORRA LA VELLA	2023/11	119196
3622	PERNOCTACIONS PER ZONA D'ALLOTJAMENT (METODOLOGIA 2025)	0205061200040005	PERNOCTACIONS PER ZONA D'ALLOTJAMENT (METODOLOGIA 2025). ANDORRA LA VELLA	2023/12	271762
3622	PERNOCTACIONS PER ZONA D'ALLOTJAMENT (METODOLOGIA 2025)	0205061200040005	PERNOCTACIONS PER ZONA D'ALLOTJAMENT (METODOLOGIA 2025). ANDORRA LA VELLA	2024/01	223568
3622	PERNOCTACIONS PER ZONA D'ALLOTJAMENT (METODOLOGIA 2025)	0205061200040005	PERNOCTACIONS PER ZONA D'ALLOTJAMENT (METODOLOGIA 2025). ANDORRA LA VELLA	2024/02	171034
3622	PERNOCTACIONS PER ZONA D'ALLOTJAMENT (METODOLOGIA 2025)	0205061200040005	PERNOCTACIONS PER ZONA D'ALLOTJAMENT (METODOLOGIA 2025). ANDORRA LA VELLA	2024/03	267726
3622	PERNOCTACIONS PER ZONA D'ALLOTJAMENT (METODOLOGIA 2025)	0205061200040005	PERNOCTACIONS PER ZONA D'ALLOTJAMENT (METODOLOGIA 2025). ANDORRA LA VELLA	2024/04	147810
3622	PERNOCTACIONS PER ZONA D'ALLOTJAMENT (METODOLOGIA 2025)	0205061200040005	PERNOCTACIONS PER ZONA D'ALLOTJAMENT (METODOLOGIA 2025). ANDORRA LA VELLA	2024/05	77585
3622	PERNOCTACIONS PER ZONA D'ALLOTJAMENT (METODOLOGIA 2025)	0205061200040005	PERNOCTACIONS PER ZONA D'ALLOTJAMENT (METODOLOGIA 2025). ANDORRA LA VELLA	2024/06	182110
3622	PERNOCTACIONS PER ZONA D'ALLOTJAMENT (METODOLOGIA 2025)	0205061200040005	PERNOCTACIONS PER ZONA D'ALLOTJAMENT (METODOLOGIA 2025). ANDORRA LA VELLA	2024/07	214475
3622	PERNOCTACIONS PER ZONA D'ALLOTJAMENT (METODOLOGIA 2025)	0205061200040005	PERNOCTACIONS PER ZONA D'ALLOTJAMENT (METODOLOGIA 2025). ANDORRA LA VELLA	2024/08	327622
3622	PERNOCTACIONS PER ZONA D'ALLOTJAMENT (METODOLOGIA 2025)	0205061200040005	PERNOCTACIONS PER ZONA D'ALLOTJAMENT (METODOLOGIA 2025). ANDORRA LA VELLA	2024/09	200777
3622	PERNOCTACIONS PER ZONA D'ALLOTJAMENT (METODOLOGIA 2025)	0205061200040005	PERNOCTACIONS PER ZONA D'ALLOTJAMENT (METODOLOGIA 2025). ANDORRA LA VELLA	2024/10	177472
3622	PERNOCTACIONS PER ZONA D'ALLOTJAMENT (METODOLOGIA 2025)	0205061200040005	PERNOCTACIONS PER ZONA D'ALLOTJAMENT (METODOLOGIA 2025). ANDORRA LA VELLA	2024/11	168310
3622	PERNOCTACIONS PER ZONA D'ALLOTJAMENT (METODOLOGIA 2025)	0205061200040005	PERNOCTACIONS PER ZONA D'ALLOTJAMENT (METODOLOGIA 2025). ANDORRA LA VELLA	2024/12	230956
3622	PERNOCTACIONS PER ZONA D'ALLOTJAMENT (METODOLOGIA 2025)	0205061200040005	PERNOCTACIONS PER ZONA D'ALLOTJAMENT (METODOLOGIA 2025). ANDORRA LA VELLA	2025/01	296691
3622	PERNOCTACIONS PER ZONA D'ALLOTJAMENT (METODOLOGIA 2025)	0205061200040005	PERNOCTACIONS PER ZONA D'ALLOTJAMENT (METODOLOGIA 2025). ANDORRA LA VELLA	2025/02	239262
3622	PERNOCTACIONS PER ZONA D'ALLOTJAMENT (METODOLOGIA 2025)	0205061200040005	PERNOCTACIONS PER ZONA D'ALLOTJAMENT (METODOLOGIA 2025). ANDORRA LA VELLA	2025/03	275947
3622	PERNOCTACIONS PER ZONA D'ALLOTJAMENT (METODOLOGIA 2025)	0205061200040005	PERNOCTACIONS PER ZONA D'ALLOTJAMENT (METODOLOGIA 2025). ANDORRA LA VELLA	2025/04	242583
3622	PERNOCTACIONS PER ZONA D'ALLOTJAMENT (METODOLOGIA 2025)	0205061200040005	PERNOCTACIONS PER ZONA D'ALLOTJAMENT (METODOLOGIA 2025). ANDORRA LA VELLA	2025/05	128176
3622	PERNOCTACIONS PER ZONA D'ALLOTJAMENT (METODOLOGIA 2025)	0205061200040005	PERNOCTACIONS PER ZONA D'ALLOTJAMENT (METODOLOGIA 2025). ANDORRA LA VELLA	2025/06	280965
3622	PERNOCTACIONS PER ZONA D'ALLOTJAMENT (METODOLOGIA 2025)	0205061200040005	PERNOCTACIONS PER ZONA D'ALLOTJAMENT (METODOLOGIA 2025). ANDORRA LA VELLA	2025/07	263864
3622	PERNOCTACIONS PER ZONA D'ALLOTJAMENT (METODOLOGIA 2025)	0205061200040005	PERNOCTACIONS PER ZONA D'ALLOTJAMENT (METODOLOGIA 2025). ANDORRA LA VELLA	2025/08	351807
3622	PERNOCTACIONS PER ZONA D'ALLOTJAMENT (METODOLOGIA 2025)	0205061200040005	PERNOCTACIONS PER ZONA D'ALLOTJAMENT (METODOLOGIA 2025). ANDORRA LA VELLA	2025/09	274191
3622	PERNOCTACIONS PER ZONA D'ALLOTJAMENT (METODOLOGIA 2025)	0205061200040005	PERNOCTACIONS PER ZONA D'ALLOTJAMENT (METODOLOGIA 2025). ANDORRA LA VELLA	2025/10	204239
3622	PERNOCTACIONS PER ZONA D'ALLOTJAMENT (METODOLOGIA 2025)	0205061200040005	PERNOCTACIONS PER ZONA D'ALLOTJAMENT (METODOLOGIA 2025). ANDORRA LA VELLA	2025/11	152938
3622	PERNOCTACIONS PER ZONA D'ALLOTJAMENT (METODOLOGIA 2025)	0205061200040005	PERNOCTACIONS PER ZONA D'ALLOTJAMENT (METODOLOGIA 2025). ANDORRA LA VELLA	2025/12	288428
3622	PERNOCTACIONS PER ZONA D'ALLOTJAMENT (METODOLOGIA 2025)	0205061200040005	PERNOCTACIONS PER ZONA D'ALLOTJAMENT (METODOLOGIA 2025). ANDORRA LA VELLA	2026/01	350501
3622	PERNOCTACIONS PER ZONA D'ALLOTJAMENT (METODOLOGIA 2025)	0205061200040005	PERNOCTACIONS PER ZONA D'ALLOTJAMENT (METODOLOGIA 2025). ANDORRA LA VELLA	2026/02	276431
3622	PERNOCTACIONS PER ZONA D'ALLOTJAMENT (METODOLOGIA 2025)	0205061200040005	PERNOCTACIONS PER ZONA D'ALLOTJAMENT (METODOLOGIA 2025). ANDORRA LA VELLA	2026/03	376351
3622	PERNOCTACIONS PER ZONA D'ALLOTJAMENT (METODOLOGIA 2025)	0205061200040005	PERNOCTACIONS PER ZONA D'ALLOTJAMENT (METODOLOGIA 2025). ANDORRA LA VELLA	2026/04	244065
3622	PERNOCTACIONS PER ZONA D'ALLOTJAMENT (METODOLOGIA 2025)	0205061200040005	PERNOCTACIONS PER ZONA D'ALLOTJAMENT (METODOLOGIA 2025). ANDORRA LA VELLA	2026/05	122243
3622	PERNOCTACIONS PER ZONA D'ALLOTJAMENT (METODOLOGIA 2025)	0205061200040005	PERNOCTACIONS PER ZONA D'ALLOTJAMENT (METODOLOGIA 2025). ANDORRA LA VELLA	2026/06	291427
3622	PERNOCTACIONS PER ZONA D'ALLOTJAMENT (METODOLOGIA 2025)	0205061200040005	PERNOCTACIONS PER ZONA D'ALLOTJAMENT (METODOLOGIA 2025). ANDORRA LA VELLA	2026/07	297533
3622	PERNOCTACIONS PER ZONA D'ALLOTJAMENT (METODOLOGIA 2025)	0205061200040006	PERNOCTACIONS PER ZONA D'ALLOTJAMENT (METODOLOGIA 2025). SANT JULIÀ DE LÒRIA	2022/01	34519
3622	PERNOCTACIONS PER ZONA D'ALLOTJAMENT (METODOLOGIA 2025)	0205061200040006	PERNOCTACIONS PER ZONA D'ALLOTJAMENT (METODOLOGIA 2025). SANT JULIÀ DE LÒRIA	2022/02	34801
3622	PERNOCTACIONS PER ZONA D'ALLOTJAMENT (METODOLOGIA 2025)	0205061200040006	PERNOCTACIONS PER ZONA D'ALLOTJAMENT (METODOLOGIA 2025). SANT JULIÀ DE LÒRIA	2022/03	16770
3622	PERNOCTACIONS PER ZONA D'ALLOTJAMENT (METODOLOGIA 2025)	0205061200040006	PERNOCTACIONS PER ZONA D'ALLOTJAMENT (METODOLOGIA 2025). SANT JULIÀ DE LÒRIA	2022/04	45355
3622	PERNOCTACIONS PER ZONA D'ALLOTJAMENT (METODOLOGIA 2025)	0205061200040006	PERNOCTACIONS PER ZONA D'ALLOTJAMENT (METODOLOGIA 2025). SANT JULIÀ DE LÒRIA	2022/05	20969
3622	PERNOCTACIONS PER ZONA D'ALLOTJAMENT (METODOLOGIA 2025)	0205061200040006	PERNOCTACIONS PER ZONA D'ALLOTJAMENT (METODOLOGIA 2025). SANT JULIÀ DE LÒRIA	2022/06	50264
3622	PERNOCTACIONS PER ZONA D'ALLOTJAMENT (METODOLOGIA 2025)	0205061200040006	PERNOCTACIONS PER ZONA D'ALLOTJAMENT (METODOLOGIA 2025). SANT JULIÀ DE LÒRIA	2022/07	19328
3622	PERNOCTACIONS PER ZONA D'ALLOTJAMENT (METODOLOGIA 2025)	0205061200040006	PERNOCTACIONS PER ZONA D'ALLOTJAMENT (METODOLOGIA 2025). SANT JULIÀ DE LÒRIA	2022/08	30841
3622	PERNOCTACIONS PER ZONA D'ALLOTJAMENT (METODOLOGIA 2025)	0205061200040006	PERNOCTACIONS PER ZONA D'ALLOTJAMENT (METODOLOGIA 2025). SANT JULIÀ DE LÒRIA	2022/09	18580
3622	PERNOCTACIONS PER ZONA D'ALLOTJAMENT (METODOLOGIA 2025)	0205061200040006	PERNOCTACIONS PER ZONA D'ALLOTJAMENT (METODOLOGIA 2025). SANT JULIÀ DE LÒRIA	2022/10	20669
3622	PERNOCTACIONS PER ZONA D'ALLOTJAMENT (METODOLOGIA 2025)	0205061200040006	PERNOCTACIONS PER ZONA D'ALLOTJAMENT (METODOLOGIA 2025). SANT JULIÀ DE LÒRIA	2022/11	11958
3622	PERNOCTACIONS PER ZONA D'ALLOTJAMENT (METODOLOGIA 2025)	0205061200040006	PERNOCTACIONS PER ZONA D'ALLOTJAMENT (METODOLOGIA 2025). SANT JULIÀ DE LÒRIA	2022/12	28523
3622	PERNOCTACIONS PER ZONA D'ALLOTJAMENT (METODOLOGIA 2025)	0205061200040006	PERNOCTACIONS PER ZONA D'ALLOTJAMENT (METODOLOGIA 2025). SANT JULIÀ DE LÒRIA	2023/01	37770
3622	PERNOCTACIONS PER ZONA D'ALLOTJAMENT (METODOLOGIA 2025)	0205061200040006	PERNOCTACIONS PER ZONA D'ALLOTJAMENT (METODOLOGIA 2025). SANT JULIÀ DE LÒRIA	2023/02	40308
3622	PERNOCTACIONS PER ZONA D'ALLOTJAMENT (METODOLOGIA 2025)	0205061200040006	PERNOCTACIONS PER ZONA D'ALLOTJAMENT (METODOLOGIA 2025). SANT JULIÀ DE LÒRIA	2023/03	29721
3622	PERNOCTACIONS PER ZONA D'ALLOTJAMENT (METODOLOGIA 2025)	0205061200040006	PERNOCTACIONS PER ZONA D'ALLOTJAMENT (METODOLOGIA 2025). SANT JULIÀ DE LÒRIA	2023/04	24144
3622	PERNOCTACIONS PER ZONA D'ALLOTJAMENT (METODOLOGIA 2025)	0205061200040006	PERNOCTACIONS PER ZONA D'ALLOTJAMENT (METODOLOGIA 2025). SANT JULIÀ DE LÒRIA	2023/05	19517
3622	PERNOCTACIONS PER ZONA D'ALLOTJAMENT (METODOLOGIA 2025)	0205061200040006	PERNOCTACIONS PER ZONA D'ALLOTJAMENT (METODOLOGIA 2025). SANT JULIÀ DE LÒRIA	2023/06	39065
3622	PERNOCTACIONS PER ZONA D'ALLOTJAMENT (METODOLOGIA 2025)	0205061200040006	PERNOCTACIONS PER ZONA D'ALLOTJAMENT (METODOLOGIA 2025). SANT JULIÀ DE LÒRIA	2023/07	35906
3622	PERNOCTACIONS PER ZONA D'ALLOTJAMENT (METODOLOGIA 2025)	0205061200040006	PERNOCTACIONS PER ZONA D'ALLOTJAMENT (METODOLOGIA 2025). SANT JULIÀ DE LÒRIA	2023/08	61535
3622	PERNOCTACIONS PER ZONA D'ALLOTJAMENT (METODOLOGIA 2025)	0205061200040006	PERNOCTACIONS PER ZONA D'ALLOTJAMENT (METODOLOGIA 2025). SANT JULIÀ DE LÒRIA	2023/09	34535
3622	PERNOCTACIONS PER ZONA D'ALLOTJAMENT (METODOLOGIA 2025)	0205061200040006	PERNOCTACIONS PER ZONA D'ALLOTJAMENT (METODOLOGIA 2025). SANT JULIÀ DE LÒRIA	2023/10	30164
3622	PERNOCTACIONS PER ZONA D'ALLOTJAMENT (METODOLOGIA 2025)	0205061200040006	PERNOCTACIONS PER ZONA D'ALLOTJAMENT (METODOLOGIA 2025). SANT JULIÀ DE LÒRIA	2023/11	17488
3622	PERNOCTACIONS PER ZONA D'ALLOTJAMENT (METODOLOGIA 2025)	0205061200040006	PERNOCTACIONS PER ZONA D'ALLOTJAMENT (METODOLOGIA 2025). SANT JULIÀ DE LÒRIA	2023/12	72785
3622	PERNOCTACIONS PER ZONA D'ALLOTJAMENT (METODOLOGIA 2025)	0205061200040006	PERNOCTACIONS PER ZONA D'ALLOTJAMENT (METODOLOGIA 2025). SANT JULIÀ DE LÒRIA	2024/01	40449
3622	PERNOCTACIONS PER ZONA D'ALLOTJAMENT (METODOLOGIA 2025)	0205061200040006	PERNOCTACIONS PER ZONA D'ALLOTJAMENT (METODOLOGIA 2025). SANT JULIÀ DE LÒRIA	2024/02	52893
3622	PERNOCTACIONS PER ZONA D'ALLOTJAMENT (METODOLOGIA 2025)	0205061200040006	PERNOCTACIONS PER ZONA D'ALLOTJAMENT (METODOLOGIA 2025). SANT JULIÀ DE LÒRIA	2024/03	46798
3622	PERNOCTACIONS PER ZONA D'ALLOTJAMENT (METODOLOGIA 2025)	0205061200040006	PERNOCTACIONS PER ZONA D'ALLOTJAMENT (METODOLOGIA 2025). SANT JULIÀ DE LÒRIA	2024/04	32627
3622	PERNOCTACIONS PER ZONA D'ALLOTJAMENT (METODOLOGIA 2025)	0205061200040006	PERNOCTACIONS PER ZONA D'ALLOTJAMENT (METODOLOGIA 2025). SANT JULIÀ DE LÒRIA	2024/05	14251
3622	PERNOCTACIONS PER ZONA D'ALLOTJAMENT (METODOLOGIA 2025)	0205061200040006	PERNOCTACIONS PER ZONA D'ALLOTJAMENT (METODOLOGIA 2025). SANT JULIÀ DE LÒRIA	2024/06	22506
3622	PERNOCTACIONS PER ZONA D'ALLOTJAMENT (METODOLOGIA 2025)	0205061200040006	PERNOCTACIONS PER ZONA D'ALLOTJAMENT (METODOLOGIA 2025). SANT JULIÀ DE LÒRIA	2024/07	36196
3622	PERNOCTACIONS PER ZONA D'ALLOTJAMENT (METODOLOGIA 2025)	0205061200040006	PERNOCTACIONS PER ZONA D'ALLOTJAMENT (METODOLOGIA 2025). SANT JULIÀ DE LÒRIA	2024/08	59500
3622	PERNOCTACIONS PER ZONA D'ALLOTJAMENT (METODOLOGIA 2025)	0205061200040006	PERNOCTACIONS PER ZONA D'ALLOTJAMENT (METODOLOGIA 2025). SANT JULIÀ DE LÒRIA	2024/09	50540
3622	PERNOCTACIONS PER ZONA D'ALLOTJAMENT (METODOLOGIA 2025)	0205061200040006	PERNOCTACIONS PER ZONA D'ALLOTJAMENT (METODOLOGIA 2025). SANT JULIÀ DE LÒRIA	2024/10	21384
3622	PERNOCTACIONS PER ZONA D'ALLOTJAMENT (METODOLOGIA 2025)	0205061200040006	PERNOCTACIONS PER ZONA D'ALLOTJAMENT (METODOLOGIA 2025). SANT JULIÀ DE LÒRIA	2024/11	23441
3622	PERNOCTACIONS PER ZONA D'ALLOTJAMENT (METODOLOGIA 2025)	0205061200040006	PERNOCTACIONS PER ZONA D'ALLOTJAMENT (METODOLOGIA 2025). SANT JULIÀ DE LÒRIA	2024/12	26163
3622	PERNOCTACIONS PER ZONA D'ALLOTJAMENT (METODOLOGIA 2025)	0205061200040006	PERNOCTACIONS PER ZONA D'ALLOTJAMENT (METODOLOGIA 2025). SANT JULIÀ DE LÒRIA	2025/01	42967
3622	PERNOCTACIONS PER ZONA D'ALLOTJAMENT (METODOLOGIA 2025)	0205061200040006	PERNOCTACIONS PER ZONA D'ALLOTJAMENT (METODOLOGIA 2025). SANT JULIÀ DE LÒRIA	2025/02	36810
3622	PERNOCTACIONS PER ZONA D'ALLOTJAMENT (METODOLOGIA 2025)	0205061200040006	PERNOCTACIONS PER ZONA D'ALLOTJAMENT (METODOLOGIA 2025). SANT JULIÀ DE LÒRIA	2025/03	77368
3622	PERNOCTACIONS PER ZONA D'ALLOTJAMENT (METODOLOGIA 2025)	0205061200040006	PERNOCTACIONS PER ZONA D'ALLOTJAMENT (METODOLOGIA 2025). SANT JULIÀ DE LÒRIA	2025/04	28765
3622	PERNOCTACIONS PER ZONA D'ALLOTJAMENT (METODOLOGIA 2025)	0205061200040006	PERNOCTACIONS PER ZONA D'ALLOTJAMENT (METODOLOGIA 2025). SANT JULIÀ DE LÒRIA	2025/05	9303
3622	PERNOCTACIONS PER ZONA D'ALLOTJAMENT (METODOLOGIA 2025)	0205061200040006	PERNOCTACIONS PER ZONA D'ALLOTJAMENT (METODOLOGIA 2025). SANT JULIÀ DE LÒRIA	2025/06	35676
3622	PERNOCTACIONS PER ZONA D'ALLOTJAMENT (METODOLOGIA 2025)	0205061200040006	PERNOCTACIONS PER ZONA D'ALLOTJAMENT (METODOLOGIA 2025). SANT JULIÀ DE LÒRIA	2025/07	21277
3622	PERNOCTACIONS PER ZONA D'ALLOTJAMENT (METODOLOGIA 2025)	0205061200040006	PERNOCTACIONS PER ZONA D'ALLOTJAMENT (METODOLOGIA 2025). SANT JULIÀ DE LÒRIA	2025/08	67023
3622	PERNOCTACIONS PER ZONA D'ALLOTJAMENT (METODOLOGIA 2025)	0205061200040006	PERNOCTACIONS PER ZONA D'ALLOTJAMENT (METODOLOGIA 2025). SANT JULIÀ DE LÒRIA	2025/09	25225
3622	PERNOCTACIONS PER ZONA D'ALLOTJAMENT (METODOLOGIA 2025)	0205061200040006	PERNOCTACIONS PER ZONA D'ALLOTJAMENT (METODOLOGIA 2025). SANT JULIÀ DE LÒRIA	2025/10	19977
3622	PERNOCTACIONS PER ZONA D'ALLOTJAMENT (METODOLOGIA 2025)	0205061200040006	PERNOCTACIONS PER ZONA D'ALLOTJAMENT (METODOLOGIA 2025). SANT JULIÀ DE LÒRIA	2025/11	12149
3622	PERNOCTACIONS PER ZONA D'ALLOTJAMENT (METODOLOGIA 2025)	0205061200040006	PERNOCTACIONS PER ZONA D'ALLOTJAMENT (METODOLOGIA 2025). SANT JULIÀ DE LÒRIA	2025/12	23671
3622	PERNOCTACIONS PER ZONA D'ALLOTJAMENT (METODOLOGIA 2025)	0205061200040006	PERNOCTACIONS PER ZONA D'ALLOTJAMENT (METODOLOGIA 2025). SANT JULIÀ DE LÒRIA	2026/01	21821
3622	PERNOCTACIONS PER ZONA D'ALLOTJAMENT (METODOLOGIA 2025)	0205061200040006	PERNOCTACIONS PER ZONA D'ALLOTJAMENT (METODOLOGIA 2025). SANT JULIÀ DE LÒRIA	2026/02	27344
3622	PERNOCTACIONS PER ZONA D'ALLOTJAMENT (METODOLOGIA 2025)	0205061200040006	PERNOCTACIONS PER ZONA D'ALLOTJAMENT (METODOLOGIA 2025). SANT JULIÀ DE LÒRIA	2026/03	31345
3622	PERNOCTACIONS PER ZONA D'ALLOTJAMENT (METODOLOGIA 2025)	0205061200040006	PERNOCTACIONS PER ZONA D'ALLOTJAMENT (METODOLOGIA 2025). SANT JULIÀ DE LÒRIA	2026/04	18582
3622	PERNOCTACIONS PER ZONA D'ALLOTJAMENT (METODOLOGIA 2025)	0205061200040006	PERNOCTACIONS PER ZONA D'ALLOTJAMENT (METODOLOGIA 2025). SANT JULIÀ DE LÒRIA	2026/05	14110
3622	PERNOCTACIONS PER ZONA D'ALLOTJAMENT (METODOLOGIA 2025)	0205061200040006	PERNOCTACIONS PER ZONA D'ALLOTJAMENT (METODOLOGIA 2025). SANT JULIÀ DE LÒRIA	2026/06	30737
3622	PERNOCTACIONS PER ZONA D'ALLOTJAMENT (METODOLOGIA 2025)	0205061200040006	PERNOCTACIONS PER ZONA D'ALLOTJAMENT (METODOLOGIA 2025). SANT JULIÀ DE LÒRIA	2026/07	24794
3622	PERNOCTACIONS PER ZONA D'ALLOTJAMENT (METODOLOGIA 2025)	0205061200040007	PERNOCTACIONS PER ZONA D'ALLOTJAMENT (METODOLOGIA 2025). ESCALDES-ENGORDANY	2022/01	143376
3622	PERNOCTACIONS PER ZONA D'ALLOTJAMENT (METODOLOGIA 2025)	0205061200040007	PERNOCTACIONS PER ZONA D'ALLOTJAMENT (METODOLOGIA 2025). ESCALDES-ENGORDANY	2022/02	147335
3622	PERNOCTACIONS PER ZONA D'ALLOTJAMENT (METODOLOGIA 2025)	0205061200040007	PERNOCTACIONS PER ZONA D'ALLOTJAMENT (METODOLOGIA 2025). ESCALDES-ENGORDANY	2022/03	132263
3622	PERNOCTACIONS PER ZONA D'ALLOTJAMENT (METODOLOGIA 2025)	0205061200040007	PERNOCTACIONS PER ZONA D'ALLOTJAMENT (METODOLOGIA 2025). ESCALDES-ENGORDANY	2022/04	110715
3622	PERNOCTACIONS PER ZONA D'ALLOTJAMENT (METODOLOGIA 2025)	0205061200040007	PERNOCTACIONS PER ZONA D'ALLOTJAMENT (METODOLOGIA 2025). ESCALDES-ENGORDANY	2022/05	60059
3622	PERNOCTACIONS PER ZONA D'ALLOTJAMENT (METODOLOGIA 2025)	0205061200040007	PERNOCTACIONS PER ZONA D'ALLOTJAMENT (METODOLOGIA 2025). ESCALDES-ENGORDANY	2022/06	111401
3622	PERNOCTACIONS PER ZONA D'ALLOTJAMENT (METODOLOGIA 2025)	0205061200040007	PERNOCTACIONS PER ZONA D'ALLOTJAMENT (METODOLOGIA 2025). ESCALDES-ENGORDANY	2022/07	158590
3622	PERNOCTACIONS PER ZONA D'ALLOTJAMENT (METODOLOGIA 2025)	0205061200040007	PERNOCTACIONS PER ZONA D'ALLOTJAMENT (METODOLOGIA 2025). ESCALDES-ENGORDANY	2022/08	248330
3622	PERNOCTACIONS PER ZONA D'ALLOTJAMENT (METODOLOGIA 2025)	0205061200040007	PERNOCTACIONS PER ZONA D'ALLOTJAMENT (METODOLOGIA 2025). ESCALDES-ENGORDANY	2022/09	176901
3622	PERNOCTACIONS PER ZONA D'ALLOTJAMENT (METODOLOGIA 2025)	0205061200040007	PERNOCTACIONS PER ZONA D'ALLOTJAMENT (METODOLOGIA 2025). ESCALDES-ENGORDANY	2022/10	131147
3622	PERNOCTACIONS PER ZONA D'ALLOTJAMENT (METODOLOGIA 2025)	0205061200040007	PERNOCTACIONS PER ZONA D'ALLOTJAMENT (METODOLOGIA 2025). ESCALDES-ENGORDANY	2022/11	72572
3622	PERNOCTACIONS PER ZONA D'ALLOTJAMENT (METODOLOGIA 2025)	0205061200040007	PERNOCTACIONS PER ZONA D'ALLOTJAMENT (METODOLOGIA 2025). ESCALDES-ENGORDANY	2022/12	197329
3622	PERNOCTACIONS PER ZONA D'ALLOTJAMENT (METODOLOGIA 2025)	0205061200040007	PERNOCTACIONS PER ZONA D'ALLOTJAMENT (METODOLOGIA 2025). ESCALDES-ENGORDANY	2023/01	200599
3622	PERNOCTACIONS PER ZONA D'ALLOTJAMENT (METODOLOGIA 2025)	0205061200040007	PERNOCTACIONS PER ZONA D'ALLOTJAMENT (METODOLOGIA 2025). ESCALDES-ENGORDANY	2023/02	192746
3622	PERNOCTACIONS PER ZONA D'ALLOTJAMENT (METODOLOGIA 2025)	0205061200040007	PERNOCTACIONS PER ZONA D'ALLOTJAMENT (METODOLOGIA 2025). ESCALDES-ENGORDANY	2023/03	165827
3622	PERNOCTACIONS PER ZONA D'ALLOTJAMENT (METODOLOGIA 2025)	0205061200040007	PERNOCTACIONS PER ZONA D'ALLOTJAMENT (METODOLOGIA 2025). ESCALDES-ENGORDANY	2023/04	167150
3622	PERNOCTACIONS PER ZONA D'ALLOTJAMENT (METODOLOGIA 2025)	0205061200040007	PERNOCTACIONS PER ZONA D'ALLOTJAMENT (METODOLOGIA 2025). ESCALDES-ENGORDANY	2023/05	65527
3622	PERNOCTACIONS PER ZONA D'ALLOTJAMENT (METODOLOGIA 2025)	0205061200040007	PERNOCTACIONS PER ZONA D'ALLOTJAMENT (METODOLOGIA 2025). ESCALDES-ENGORDANY	2023/06	138596
3622	PERNOCTACIONS PER ZONA D'ALLOTJAMENT (METODOLOGIA 2025)	0205061200040007	PERNOCTACIONS PER ZONA D'ALLOTJAMENT (METODOLOGIA 2025). ESCALDES-ENGORDANY	2023/07	233674
3622	PERNOCTACIONS PER ZONA D'ALLOTJAMENT (METODOLOGIA 2025)	0205061200040007	PERNOCTACIONS PER ZONA D'ALLOTJAMENT (METODOLOGIA 2025). ESCALDES-ENGORDANY	2023/08	232940
3622	PERNOCTACIONS PER ZONA D'ALLOTJAMENT (METODOLOGIA 2025)	0205061200040007	PERNOCTACIONS PER ZONA D'ALLOTJAMENT (METODOLOGIA 2025). ESCALDES-ENGORDANY	2023/09	191726
3622	PERNOCTACIONS PER ZONA D'ALLOTJAMENT (METODOLOGIA 2025)	0205061200040007	PERNOCTACIONS PER ZONA D'ALLOTJAMENT (METODOLOGIA 2025). ESCALDES-ENGORDANY	2023/10	135979
3622	PERNOCTACIONS PER ZONA D'ALLOTJAMENT (METODOLOGIA 2025)	0205061200040007	PERNOCTACIONS PER ZONA D'ALLOTJAMENT (METODOLOGIA 2025). ESCALDES-ENGORDANY	2023/11	114876
3622	PERNOCTACIONS PER ZONA D'ALLOTJAMENT (METODOLOGIA 2025)	0205061200040007	PERNOCTACIONS PER ZONA D'ALLOTJAMENT (METODOLOGIA 2025). ESCALDES-ENGORDANY	2023/12	244437
3622	PERNOCTACIONS PER ZONA D'ALLOTJAMENT (METODOLOGIA 2025)	0205061200040007	PERNOCTACIONS PER ZONA D'ALLOTJAMENT (METODOLOGIA 2025). ESCALDES-ENGORDANY	2024/01	220271
3622	PERNOCTACIONS PER ZONA D'ALLOTJAMENT (METODOLOGIA 2025)	0205061200040007	PERNOCTACIONS PER ZONA D'ALLOTJAMENT (METODOLOGIA 2025). ESCALDES-ENGORDANY	2024/02	158677
3622	PERNOCTACIONS PER ZONA D'ALLOTJAMENT (METODOLOGIA 2025)	0205061200040007	PERNOCTACIONS PER ZONA D'ALLOTJAMENT (METODOLOGIA 2025). ESCALDES-ENGORDANY	2024/03	239694
3622	PERNOCTACIONS PER ZONA D'ALLOTJAMENT (METODOLOGIA 2025)	0205061200040007	PERNOCTACIONS PER ZONA D'ALLOTJAMENT (METODOLOGIA 2025). ESCALDES-ENGORDANY	2024/04	115011
3622	PERNOCTACIONS PER ZONA D'ALLOTJAMENT (METODOLOGIA 2025)	0205061200040007	PERNOCTACIONS PER ZONA D'ALLOTJAMENT (METODOLOGIA 2025). ESCALDES-ENGORDANY	2024/05	65285
3622	PERNOCTACIONS PER ZONA D'ALLOTJAMENT (METODOLOGIA 2025)	0205061200040007	PERNOCTACIONS PER ZONA D'ALLOTJAMENT (METODOLOGIA 2025). ESCALDES-ENGORDANY	2024/06	187066
3622	PERNOCTACIONS PER ZONA D'ALLOTJAMENT (METODOLOGIA 2025)	0205061200040007	PERNOCTACIONS PER ZONA D'ALLOTJAMENT (METODOLOGIA 2025). ESCALDES-ENGORDANY	2024/07	187741
3622	PERNOCTACIONS PER ZONA D'ALLOTJAMENT (METODOLOGIA 2025)	0205061200040007	PERNOCTACIONS PER ZONA D'ALLOTJAMENT (METODOLOGIA 2025). ESCALDES-ENGORDANY	2024/08	271085
3622	PERNOCTACIONS PER ZONA D'ALLOTJAMENT (METODOLOGIA 2025)	0205061200040007	PERNOCTACIONS PER ZONA D'ALLOTJAMENT (METODOLOGIA 2025). ESCALDES-ENGORDANY	2024/09	209431
3622	PERNOCTACIONS PER ZONA D'ALLOTJAMENT (METODOLOGIA 2025)	0205061200040007	PERNOCTACIONS PER ZONA D'ALLOTJAMENT (METODOLOGIA 2025). ESCALDES-ENGORDANY	2024/10	143724
3622	PERNOCTACIONS PER ZONA D'ALLOTJAMENT (METODOLOGIA 2025)	0205061200040007	PERNOCTACIONS PER ZONA D'ALLOTJAMENT (METODOLOGIA 2025). ESCALDES-ENGORDANY	2024/11	127577
3622	PERNOCTACIONS PER ZONA D'ALLOTJAMENT (METODOLOGIA 2025)	0205061200040007	PERNOCTACIONS PER ZONA D'ALLOTJAMENT (METODOLOGIA 2025). ESCALDES-ENGORDANY	2024/12	277417
3622	PERNOCTACIONS PER ZONA D'ALLOTJAMENT (METODOLOGIA 2025)	0205061200040007	PERNOCTACIONS PER ZONA D'ALLOTJAMENT (METODOLOGIA 2025). ESCALDES-ENGORDANY	2025/01	222362
3622	PERNOCTACIONS PER ZONA D'ALLOTJAMENT (METODOLOGIA 2025)	0205061200040007	PERNOCTACIONS PER ZONA D'ALLOTJAMENT (METODOLOGIA 2025). ESCALDES-ENGORDANY	2025/02	267118
3622	PERNOCTACIONS PER ZONA D'ALLOTJAMENT (METODOLOGIA 2025)	0205061200040007	PERNOCTACIONS PER ZONA D'ALLOTJAMENT (METODOLOGIA 2025). ESCALDES-ENGORDANY	2025/03	214697
3622	PERNOCTACIONS PER ZONA D'ALLOTJAMENT (METODOLOGIA 2025)	0205061200040007	PERNOCTACIONS PER ZONA D'ALLOTJAMENT (METODOLOGIA 2025). ESCALDES-ENGORDANY	2025/04	188889
3622	PERNOCTACIONS PER ZONA D'ALLOTJAMENT (METODOLOGIA 2025)	0205061200040007	PERNOCTACIONS PER ZONA D'ALLOTJAMENT (METODOLOGIA 2025). ESCALDES-ENGORDANY	2025/05	81808
3622	PERNOCTACIONS PER ZONA D'ALLOTJAMENT (METODOLOGIA 2025)	0205061200040007	PERNOCTACIONS PER ZONA D'ALLOTJAMENT (METODOLOGIA 2025). ESCALDES-ENGORDANY	2025/06	218335
3622	PERNOCTACIONS PER ZONA D'ALLOTJAMENT (METODOLOGIA 2025)	0205061200040007	PERNOCTACIONS PER ZONA D'ALLOTJAMENT (METODOLOGIA 2025). ESCALDES-ENGORDANY	2025/07	196928
3622	PERNOCTACIONS PER ZONA D'ALLOTJAMENT (METODOLOGIA 2025)	0205061200040007	PERNOCTACIONS PER ZONA D'ALLOTJAMENT (METODOLOGIA 2025). ESCALDES-ENGORDANY	2025/08	300677
3622	PERNOCTACIONS PER ZONA D'ALLOTJAMENT (METODOLOGIA 2025)	0205061200040007	PERNOCTACIONS PER ZONA D'ALLOTJAMENT (METODOLOGIA 2025). ESCALDES-ENGORDANY	2025/09	212391
3622	PERNOCTACIONS PER ZONA D'ALLOTJAMENT (METODOLOGIA 2025)	0205061200040007	PERNOCTACIONS PER ZONA D'ALLOTJAMENT (METODOLOGIA 2025). ESCALDES-ENGORDANY	2025/10	134639
3622	PERNOCTACIONS PER ZONA D'ALLOTJAMENT (METODOLOGIA 2025)	0205061200040007	PERNOCTACIONS PER ZONA D'ALLOTJAMENT (METODOLOGIA 2025). ESCALDES-ENGORDANY	2025/11	148887
3622	PERNOCTACIONS PER ZONA D'ALLOTJAMENT (METODOLOGIA 2025)	0205061200040007	PERNOCTACIONS PER ZONA D'ALLOTJAMENT (METODOLOGIA 2025). ESCALDES-ENGORDANY	2025/12	266216
3622	PERNOCTACIONS PER ZONA D'ALLOTJAMENT (METODOLOGIA 2025)	0205061200040007	PERNOCTACIONS PER ZONA D'ALLOTJAMENT (METODOLOGIA 2025). ESCALDES-ENGORDANY	2026/01	245487
3622	PERNOCTACIONS PER ZONA D'ALLOTJAMENT (METODOLOGIA 2025)	0205061200040007	PERNOCTACIONS PER ZONA D'ALLOTJAMENT (METODOLOGIA 2025). ESCALDES-ENGORDANY	2026/02	193955
3622	PERNOCTACIONS PER ZONA D'ALLOTJAMENT (METODOLOGIA 2025)	0205061200040007	PERNOCTACIONS PER ZONA D'ALLOTJAMENT (METODOLOGIA 2025). ESCALDES-ENGORDANY	2026/03	230141
3622	PERNOCTACIONS PER ZONA D'ALLOTJAMENT (METODOLOGIA 2025)	0205061200040007	PERNOCTACIONS PER ZONA D'ALLOTJAMENT (METODOLOGIA 2025). ESCALDES-ENGORDANY	2026/04	164377
3622	PERNOCTACIONS PER ZONA D'ALLOTJAMENT (METODOLOGIA 2025)	0205061200040007	PERNOCTACIONS PER ZONA D'ALLOTJAMENT (METODOLOGIA 2025). ESCALDES-ENGORDANY	2026/05	76117
3622	PERNOCTACIONS PER ZONA D'ALLOTJAMENT (METODOLOGIA 2025)	0205061200040007	PERNOCTACIONS PER ZONA D'ALLOTJAMENT (METODOLOGIA 2025). ESCALDES-ENGORDANY	2026/06	167449
3622	PERNOCTACIONS PER ZONA D'ALLOTJAMENT (METODOLOGIA 2025)	0205061200040007	PERNOCTACIONS PER ZONA D'ALLOTJAMENT (METODOLOGIA 2025). ESCALDES-ENGORDANY	2026/07	198550
3622	PERNOCTACIONS PER ZONA D'ALLOTJAMENT (METODOLOGIA 2025)	0205061200040008	PERNOCTACIONS PER ZONA D'ALLOTJAMENT (METODOLOGIA 2025). NS  O NC	2022/01	272
3622	PERNOCTACIONS PER ZONA D'ALLOTJAMENT (METODOLOGIA 2025)	0205061200040008	PERNOCTACIONS PER ZONA D'ALLOTJAMENT (METODOLOGIA 2025). NS  O NC	2022/02	189
3622	PERNOCTACIONS PER ZONA D'ALLOTJAMENT (METODOLOGIA 2025)	0205061200040008	PERNOCTACIONS PER ZONA D'ALLOTJAMENT (METODOLOGIA 2025). NS  O NC	2022/03	145
3622	PERNOCTACIONS PER ZONA D'ALLOTJAMENT (METODOLOGIA 2025)	0205061200040008	PERNOCTACIONS PER ZONA D'ALLOTJAMENT (METODOLOGIA 2025). NS  O NC	2022/04	227
3622	PERNOCTACIONS PER ZONA D'ALLOTJAMENT (METODOLOGIA 2025)	0205061200040008	PERNOCTACIONS PER ZONA D'ALLOTJAMENT (METODOLOGIA 2025). NS  O NC	2022/05	685
3622	PERNOCTACIONS PER ZONA D'ALLOTJAMENT (METODOLOGIA 2025)	0205061200040008	PERNOCTACIONS PER ZONA D'ALLOTJAMENT (METODOLOGIA 2025). NS  O NC	2022/06	1210
3622	PERNOCTACIONS PER ZONA D'ALLOTJAMENT (METODOLOGIA 2025)	0205061200040008	PERNOCTACIONS PER ZONA D'ALLOTJAMENT (METODOLOGIA 2025). NS  O NC	2022/07	3969
3622	PERNOCTACIONS PER ZONA D'ALLOTJAMENT (METODOLOGIA 2025)	0205061200040008	PERNOCTACIONS PER ZONA D'ALLOTJAMENT (METODOLOGIA 2025). NS  O NC	2022/08	13708
3622	PERNOCTACIONS PER ZONA D'ALLOTJAMENT (METODOLOGIA 2025)	0205061200040008	PERNOCTACIONS PER ZONA D'ALLOTJAMENT (METODOLOGIA 2025). NS  O NC	2022/09	2364
3622	PERNOCTACIONS PER ZONA D'ALLOTJAMENT (METODOLOGIA 2025)	0205061200040008	PERNOCTACIONS PER ZONA D'ALLOTJAMENT (METODOLOGIA 2025). NS  O NC	2022/10	724
3622	PERNOCTACIONS PER ZONA D'ALLOTJAMENT (METODOLOGIA 2025)	0205061200040008	PERNOCTACIONS PER ZONA D'ALLOTJAMENT (METODOLOGIA 2025). NS  O NC	2022/11	110
3622	PERNOCTACIONS PER ZONA D'ALLOTJAMENT (METODOLOGIA 2025)	0205061200040008	PERNOCTACIONS PER ZONA D'ALLOTJAMENT (METODOLOGIA 2025). NS  O NC	2022/12	96
3622	PERNOCTACIONS PER ZONA D'ALLOTJAMENT (METODOLOGIA 2025)	0205061200040008	PERNOCTACIONS PER ZONA D'ALLOTJAMENT (METODOLOGIA 2025). NS  O NC	2023/01	10791
3622	PERNOCTACIONS PER ZONA D'ALLOTJAMENT (METODOLOGIA 2025)	0205061200040008	PERNOCTACIONS PER ZONA D'ALLOTJAMENT (METODOLOGIA 2025). NS  O NC	2023/02	1452
3622	PERNOCTACIONS PER ZONA D'ALLOTJAMENT (METODOLOGIA 2025)	0205061200040008	PERNOCTACIONS PER ZONA D'ALLOTJAMENT (METODOLOGIA 2025). NS  O NC	2023/03	19847
3622	PERNOCTACIONS PER ZONA D'ALLOTJAMENT (METODOLOGIA 2025)	0205061200040008	PERNOCTACIONS PER ZONA D'ALLOTJAMENT (METODOLOGIA 2025). NS  O NC	2023/04	5852
3622	PERNOCTACIONS PER ZONA D'ALLOTJAMENT (METODOLOGIA 2025)	0205061200040008	PERNOCTACIONS PER ZONA D'ALLOTJAMENT (METODOLOGIA 2025). NS  O NC	2023/05	299
3622	PERNOCTACIONS PER ZONA D'ALLOTJAMENT (METODOLOGIA 2025)	0205061200040008	PERNOCTACIONS PER ZONA D'ALLOTJAMENT (METODOLOGIA 2025). NS  O NC	2023/06	4190
3622	PERNOCTACIONS PER ZONA D'ALLOTJAMENT (METODOLOGIA 2025)	0205061200040008	PERNOCTACIONS PER ZONA D'ALLOTJAMENT (METODOLOGIA 2025). NS  O NC	2023/07	10122
3622	PERNOCTACIONS PER ZONA D'ALLOTJAMENT (METODOLOGIA 2025)	0205061200040008	PERNOCTACIONS PER ZONA D'ALLOTJAMENT (METODOLOGIA 2025). NS  O NC	2023/08	1184
3622	PERNOCTACIONS PER ZONA D'ALLOTJAMENT (METODOLOGIA 2025)	0205061200040008	PERNOCTACIONS PER ZONA D'ALLOTJAMENT (METODOLOGIA 2025). NS  O NC	2023/09	1114
3622	PERNOCTACIONS PER ZONA D'ALLOTJAMENT (METODOLOGIA 2025)	0205061200040008	PERNOCTACIONS PER ZONA D'ALLOTJAMENT (METODOLOGIA 2025). NS  O NC	2023/10	1552
3622	PERNOCTACIONS PER ZONA D'ALLOTJAMENT (METODOLOGIA 2025)	0205061200040008	PERNOCTACIONS PER ZONA D'ALLOTJAMENT (METODOLOGIA 2025). NS  O NC	2023/11	138
3622	PERNOCTACIONS PER ZONA D'ALLOTJAMENT (METODOLOGIA 2025)	0205061200040008	PERNOCTACIONS PER ZONA D'ALLOTJAMENT (METODOLOGIA 2025). NS  O NC	2023/12	248
3622	PERNOCTACIONS PER ZONA D'ALLOTJAMENT (METODOLOGIA 2025)	0205061200040008	PERNOCTACIONS PER ZONA D'ALLOTJAMENT (METODOLOGIA 2025). NS  O NC	2024/01	441
3622	PERNOCTACIONS PER ZONA D'ALLOTJAMENT (METODOLOGIA 2025)	0205061200040008	PERNOCTACIONS PER ZONA D'ALLOTJAMENT (METODOLOGIA 2025). NS  O NC	2024/02	6584
3622	PERNOCTACIONS PER ZONA D'ALLOTJAMENT (METODOLOGIA 2025)	0205061200040008	PERNOCTACIONS PER ZONA D'ALLOTJAMENT (METODOLOGIA 2025). NS  O NC	2024/03	11166
3622	PERNOCTACIONS PER ZONA D'ALLOTJAMENT (METODOLOGIA 2025)	0205061200040008	PERNOCTACIONS PER ZONA D'ALLOTJAMENT (METODOLOGIA 2025). NS  O NC	2024/04	4477
3622	PERNOCTACIONS PER ZONA D'ALLOTJAMENT (METODOLOGIA 2025)	0205061200040008	PERNOCTACIONS PER ZONA D'ALLOTJAMENT (METODOLOGIA 2025). NS  O NC	2024/05	710
3622	PERNOCTACIONS PER ZONA D'ALLOTJAMENT (METODOLOGIA 2025)	0205061200040008	PERNOCTACIONS PER ZONA D'ALLOTJAMENT (METODOLOGIA 2025). NS  O NC	2024/06	5162
3622	PERNOCTACIONS PER ZONA D'ALLOTJAMENT (METODOLOGIA 2025)	0205061200040008	PERNOCTACIONS PER ZONA D'ALLOTJAMENT (METODOLOGIA 2025). NS  O NC	2024/07	5106
3622	PERNOCTACIONS PER ZONA D'ALLOTJAMENT (METODOLOGIA 2025)	0205061200040008	PERNOCTACIONS PER ZONA D'ALLOTJAMENT (METODOLOGIA 2025). NS  O NC	2024/08	6913
3622	PERNOCTACIONS PER ZONA D'ALLOTJAMENT (METODOLOGIA 2025)	0205061200040008	PERNOCTACIONS PER ZONA D'ALLOTJAMENT (METODOLOGIA 2025). NS  O NC	2024/09	3461
3622	PERNOCTACIONS PER ZONA D'ALLOTJAMENT (METODOLOGIA 2025)	0205061200040008	PERNOCTACIONS PER ZONA D'ALLOTJAMENT (METODOLOGIA 2025). NS  O NC	2024/10	6981
3622	PERNOCTACIONS PER ZONA D'ALLOTJAMENT (METODOLOGIA 2025)	0205061200040008	PERNOCTACIONS PER ZONA D'ALLOTJAMENT (METODOLOGIA 2025). NS  O NC	2024/11	3074
3622	PERNOCTACIONS PER ZONA D'ALLOTJAMENT (METODOLOGIA 2025)	0205061200040008	PERNOCTACIONS PER ZONA D'ALLOTJAMENT (METODOLOGIA 2025). NS  O NC	2024/12	16689
3622	PERNOCTACIONS PER ZONA D'ALLOTJAMENT (METODOLOGIA 2025)	0205061200040008	PERNOCTACIONS PER ZONA D'ALLOTJAMENT (METODOLOGIA 2025). NS  O NC	2025/01	55826
3622	PERNOCTACIONS PER ZONA D'ALLOTJAMENT (METODOLOGIA 2025)	0205061200040008	PERNOCTACIONS PER ZONA D'ALLOTJAMENT (METODOLOGIA 2025). NS  O NC	2025/02	27109
3622	PERNOCTACIONS PER ZONA D'ALLOTJAMENT (METODOLOGIA 2025)	0205061200040008	PERNOCTACIONS PER ZONA D'ALLOTJAMENT (METODOLOGIA 2025). NS  O NC	2025/03	17408
3622	PERNOCTACIONS PER ZONA D'ALLOTJAMENT (METODOLOGIA 2025)	0205061200040008	PERNOCTACIONS PER ZONA D'ALLOTJAMENT (METODOLOGIA 2025). NS  O NC	2025/04	13423
3622	PERNOCTACIONS PER ZONA D'ALLOTJAMENT (METODOLOGIA 2025)	0205061200040008	PERNOCTACIONS PER ZONA D'ALLOTJAMENT (METODOLOGIA 2025). NS  O NC	2025/05	9599
3622	PERNOCTACIONS PER ZONA D'ALLOTJAMENT (METODOLOGIA 2025)	0205061200040008	PERNOCTACIONS PER ZONA D'ALLOTJAMENT (METODOLOGIA 2025). NS  O NC	2025/06	24260
3622	PERNOCTACIONS PER ZONA D'ALLOTJAMENT (METODOLOGIA 2025)	0205061200040008	PERNOCTACIONS PER ZONA D'ALLOTJAMENT (METODOLOGIA 2025). NS  O NC	2025/07	13047
3622	PERNOCTACIONS PER ZONA D'ALLOTJAMENT (METODOLOGIA 2025)	0205061200040008	PERNOCTACIONS PER ZONA D'ALLOTJAMENT (METODOLOGIA 2025). NS  O NC	2025/08	18809
3622	PERNOCTACIONS PER ZONA D'ALLOTJAMENT (METODOLOGIA 2025)	0205061200040008	PERNOCTACIONS PER ZONA D'ALLOTJAMENT (METODOLOGIA 2025). NS  O NC	2025/09	1513
3622	PERNOCTACIONS PER ZONA D'ALLOTJAMENT (METODOLOGIA 2025)	0205061200040008	PERNOCTACIONS PER ZONA D'ALLOTJAMENT (METODOLOGIA 2025). NS  O NC	2025/10	1186
3622	PERNOCTACIONS PER ZONA D'ALLOTJAMENT (METODOLOGIA 2025)	0205061200040008	PERNOCTACIONS PER ZONA D'ALLOTJAMENT (METODOLOGIA 2025). NS  O NC	2025/11	338
3622	PERNOCTACIONS PER ZONA D'ALLOTJAMENT (METODOLOGIA 2025)	0205061200040008	PERNOCTACIONS PER ZONA D'ALLOTJAMENT (METODOLOGIA 2025). NS  O NC	2025/12	121271
3622	PERNOCTACIONS PER ZONA D'ALLOTJAMENT (METODOLOGIA 2025)	0205061200040008	PERNOCTACIONS PER ZONA D'ALLOTJAMENT (METODOLOGIA 2025). NS  O NC	2026/01	36415
3622	PERNOCTACIONS PER ZONA D'ALLOTJAMENT (METODOLOGIA 2025)	0205061200040008	PERNOCTACIONS PER ZONA D'ALLOTJAMENT (METODOLOGIA 2025). NS  O NC	2026/02	19595
3622	PERNOCTACIONS PER ZONA D'ALLOTJAMENT (METODOLOGIA 2025)	0205061200040008	PERNOCTACIONS PER ZONA D'ALLOTJAMENT (METODOLOGIA 2025). NS  O NC	2026/03	25983
3622	PERNOCTACIONS PER ZONA D'ALLOTJAMENT (METODOLOGIA 2025)	0205061200040008	PERNOCTACIONS PER ZONA D'ALLOTJAMENT (METODOLOGIA 2025). NS  O NC	2026/04	12031
3622	PERNOCTACIONS PER ZONA D'ALLOTJAMENT (METODOLOGIA 2025)	0205061200040008	PERNOCTACIONS PER ZONA D'ALLOTJAMENT (METODOLOGIA 2025). NS  O NC	2026/05	8226
3622	PERNOCTACIONS PER ZONA D'ALLOTJAMENT (METODOLOGIA 2025)	0205061200040008	PERNOCTACIONS PER ZONA D'ALLOTJAMENT (METODOLOGIA 2025). NS  O NC	2026/06	7331
3622	PERNOCTACIONS PER ZONA D'ALLOTJAMENT (METODOLOGIA 2025)	0205061200040008	PERNOCTACIONS PER ZONA D'ALLOTJAMENT (METODOLOGIA 2025). NS  O NC	2026/07	11863
2777	DESPESA TOTAL EN VIATGES	0205061800250001	DESPESA TOTAL EN VIATGES. TOTAL	2018	66059697.94
2777	DESPESA TOTAL EN VIATGES	0205061800250001	DESPESA TOTAL EN VIATGES. TOTAL	2019	68772296.92
2777	DESPESA TOTAL EN VIATGES	0205061800250001	DESPESA TOTAL EN VIATGES. TOTAL	2020	20726053.28
2777	DESPESA TOTAL EN VIATGES	0205061800250001	DESPESA TOTAL EN VIATGES. TOTAL	2021	38471906
2777	DESPESA TOTAL EN VIATGES	0205061800250001	DESPESA TOTAL EN VIATGES. TOTAL	2022	138717658
2777	DESPESA TOTAL EN VIATGES	0205061800250001	DESPESA TOTAL EN VIATGES. TOTAL	2023	88354183
2777	DESPESA TOTAL EN VIATGES	0205061800250001	DESPESA TOTAL EN VIATGES. TOTAL	2024	128149225
2778	DESPESA MITJANA PER VIATGE	0205061800260001	DESPESA MITJANA PER VIATGE. TOTAL	2018	803.02
2778	DESPESA MITJANA PER VIATGE	0205061800260001	DESPESA MITJANA PER VIATGE. TOTAL	2019	731.27
2778	DESPESA MITJANA PER VIATGE	0205061800260001	DESPESA MITJANA PER VIATGE. TOTAL	2020	554.4
2778	DESPESA MITJANA PER VIATGE	0205061800260001	DESPESA MITJANA PER VIATGE. TOTAL	2021	1072.04
2778	DESPESA MITJANA PER VIATGE	0205061800260001	DESPESA MITJANA PER VIATGE. TOTAL	2022	1907.07
2778	DESPESA MITJANA PER VIATGE	0205061800260001	DESPESA MITJANA PER VIATGE. TOTAL	2023	1614.82
2778	DESPESA MITJANA PER VIATGE	0205061800260001	DESPESA MITJANA PER VIATGE. TOTAL	2024	1520.07
2779	DESPESA MITJANA DEL VIATGE PER PERSONA	0205061800270001	DESPESA MITJANA DEL VIATGE PER PERSONA. TOTAL	2018	430.71
2779	DESPESA MITJANA DEL VIATGE PER PERSONA	0205061800270001	DESPESA MITJANA DEL VIATGE PER PERSONA. TOTAL	2019	377.15
2779	DESPESA MITJANA DEL VIATGE PER PERSONA	0205061800270001	DESPESA MITJANA DEL VIATGE PER PERSONA. TOTAL	2020	255.22
2779	DESPESA MITJANA DEL VIATGE PER PERSONA	0205061800270001	DESPESA MITJANA DEL VIATGE PER PERSONA. TOTAL	2021	561.65
2779	DESPESA MITJANA DEL VIATGE PER PERSONA	0205061800270001	DESPESA MITJANA DEL VIATGE PER PERSONA. TOTAL	2022	988.6
2779	DESPESA MITJANA DEL VIATGE PER PERSONA	0205061800270001	DESPESA MITJANA DEL VIATGE PER PERSONA. TOTAL	2023	753.82
2779	DESPESA MITJANA DEL VIATGE PER PERSONA	0205061800270001	DESPESA MITJANA DEL VIATGE PER PERSONA. TOTAL	2024	761.71
2780	DESPESA MITJANA DEL VIATGE PER NIT	0205061800280001	DESPESA MITJANA DEL VIATGE PER NIT. TOTAL	2018	117.36
2780	DESPESA MITJANA DEL VIATGE PER NIT	0205061800280001	DESPESA MITJANA DEL VIATGE PER NIT. TOTAL	2019	95.07
2780	DESPESA MITJANA DEL VIATGE PER NIT	0205061800280001	DESPESA MITJANA DEL VIATGE PER NIT. TOTAL	2020	74.34
2780	DESPESA MITJANA DEL VIATGE PER NIT	0205061800280001	DESPESA MITJANA DEL VIATGE PER NIT. TOTAL	2021	53.06
2780	DESPESA MITJANA DEL VIATGE PER NIT	0205061800280001	DESPESA MITJANA DEL VIATGE PER NIT. TOTAL	2022	191.33
2780	DESPESA MITJANA DEL VIATGE PER NIT	0205061800280001	DESPESA MITJANA DEL VIATGE PER NIT. TOTAL	2023	184.59
2780	DESPESA MITJANA DEL VIATGE PER NIT	0205061800280001	DESPESA MITJANA DEL VIATGE PER NIT. TOTAL	2024	173.57
