path,topic,title,type,voice,period,language_eligible,status,conversation_ids,notes
docs/temes/costums/calendari-festiu/calendari-festiu-index-de-fitxes.md,costums/calendari-festiu,Calendari festiu — índex de fitxes,index,,,false,pending,,
docs/temes/costums/calendari-festiu/calendari-festiu.md,temes/costums/calendari-festiu,El calendari festiu,article,compilada,contemporania,false,in_progress,knowledge-0001,One candidate conversation; more sections and claims still need review.
docs/temes/costums/calendari-festiu/el-carnaval-dencamp.md,temes/costums/calendari-festiu,El carnaval d'Encamp,article,compilada,contemporania,false,in_progress,knowledge-0003,One candidate comparison; remaining claims and sections still need review.
docs/temes/costums/caramelles/caramelles-index-de-fitxes.md,costums/caramelles,Caramelles — índex de fitxes,index,,,false,pending,,
docs/temes/costums/caramelles/les-caramelles.md,temes/costums/caramelles,Les caramelles,article,compilada,contemporania,false,in_progress,knowledge-0008,"One 2026 route conversation; lyrics, other parish formats, and rights remain pending."
docs/temes/costums/costums-d-andorra-index-de-fitxes.md,costums,Costums d'Andorra — índex de fitxes,index,,,false,pending,,
docs/temes/costums/danses/danses-index-de-fitxes.md,costums/danses,Danses — índex de fitxes,index,,,false,pending,,
docs/temes/costums/danses/danses.md,temes/costums/danses,Danses — índex,article,compilada,contemporania,false,in_progress,knowledge-0009,One candidate on sardana provenance; remaining dance topics still need coverage.
docs/temes/costums/danses/el-ball-de-lossa-dencamp.md,temes/costums/danses,El ball de l'ossa d'Encamp,article,compilada,contemporania,false,pending,,
docs/temes/costums/danses/el-ball-del-cerda.md,temes/costums/danses,El ball del Cerdà,article,compilada,contemporania,false,in_progress,knowledge-0012,One candidate; the name origin remains unresolved and the press reference is incomplete.
docs/temes/costums/danses/el-contrapas.md,temes/costums/danses,El contrapàs,article,compilada,contemporania,false,in_progress,knowledge-0011,"One candidate on public participation; origin, music, and choreography remain open."
docs/temes/costums/danses/els-catorze-balls.md,temes/costums/danses,Els catorze balls,article,compilada,contemporania,false,in_progress,knowledge-0013,One candidate on source reliability; remaining claims and sections still pending.
docs/temes/costums/danses/la-marratxa.md,temes/costums/danses,La marratxa,article,compilada,contemporania,false,in_progress,knowledge-0007;knowledge-0010,Two candidate conversations; the original date remains unverified.
docs/temes/costums/danses/les-festes-de-lossa.md,temes/costums/danses,Les festes de l'ossa,article,compilada,contemporania,false,in_progress,knowledge-0016;knowledge-0017,"Two candidates on chronology, mask, and closing ritual; remaining sections still need review."
docs/temes/costums/falles/falles-index-de-fitxes.md,costums/falles,Falles — índex de fitxes,index,,,false,pending,,
docs/temes/costums/falles/falles.md,temes/costums/falles,Les falles,article,compilada,contemporania,false,in_progress,knowledge-0002;knowledge-0004,Two candidate conversations; remaining claims and sections still need review.
docs/temes/costums/festes-majors/el-calendari-de-les-festes-majors.md,temes/costums/festes-majors,El calendari de les festes majors,article,compilada,contemporania,false,in_progress,knowledge-0006,One 2026 date-conflict conversation; other parishes and claims remain pending.
docs/temes/costums/festes-majors/festes-majors-index-de-fitxes.md,costums/festes-majors,Festes majors — índex de fitxes,index,,,false,pending,,
docs/temes/costums/festes-majors/festes-majors.md,temes/costums/festes-majors,Festes majors,article,compilada,contemporania,false,pending,,
docs/temes/costums/gegants/els-gegants.md,temes/costums/gegants,Els gegants,article,compilada,contemporania,false,in_progress,knowledge-0014;knowledge-0015,Two candidate conversations; Rei Moro and the precise legend behind the figures remain uncertain.
docs/temes/costums/gegants/gegants-index-de-fitxes.md,costums/gegants,Gegants — índex de fitxes,index,,,false,pending,,
docs/temes/costums/meritxell/meritxell-index-de-fitxes.md,costums/meritxell,Meritxell — índex de fitxes,index,,,false,pending,,
docs/temes/costums/meritxell/meritxell.md,temes/costums/meritxell,Meritxell,article,compilada,contemporania,false,in_progress,knowledge-0018;knowledge-0019,Two candidates; history and source provenance still need full review.
docs/temes/costums/religiositat/el-registre-dentitats-religioses.md,temes/costums/religiositat,El registre d'entitats religioses,article,compilada,contemporania,false,in_progress,knowledge-0021;knowledge-0022,Two candidates on registration and access; other legal provisions remain pending.
docs/temes/costums/religiositat/la-inquisicio-a-andorra.md,temes/costums/religiositat,La Inquisició a Andorra,article,compilada,contemporania,false,pending,,
docs/temes/costums/religiositat/les-religions-dandorra-avui.md,temes/costums/religiositat,Les religions d'Andorra avui,article,compilada,contemporania,false,in_progress,knowledge-0020,One conversation on the legal limit of religious counts; community estimates are dated and not census data.
docs/temes/costums/religiositat/levangelitzacio.md,temes/costums/religiositat,L'evangelització,article,compilada,contemporania,false,pending,,
docs/temes/costums/religiositat/religiositat-index-de-fitxes.md,costums/religiositat,Religiositat — índex de fitxes,index,,,false,pending,,
docs/temes/costums/religiositat/religiositat.md,temes/costums/religiositat,La religiositat,article,compilada,contemporania,false,pending,,
docs/temes/costums/ritus-de-pas/la-passa.md,temes/costums/ritus-de-pas,La Passa,article,compilada,contemporania,false,pending,,
docs/temes/costums/ritus-de-pas/ritus-de-pas-index-de-fitxes.md,costums/ritus-de-pas,Ritus de pas — índex de fitxes,index,,,false,pending,,
docs/temes/costums/ritus-de-pas/ritus-de-pas.md,temes/costums/ritus-de-pas,Els ritus de pas,article,compilada,contemporania,false,pending,,
docs/temes/costums/sant-antoni/escudelles-de-sant-antoni.md,temes/costums/sant-antoni,Les escudelles de Sant Antoni,article,compilada,contemporania,false,in_progress,knowledge-0005,One candidate conversation; other parish details and source verification remain open.
docs/temes/costums/sant-antoni/sant-antoni-index-de-fitxes.md,costums/sant-antoni,Sant Antoni — índex de fitxes,index,,,false,pending,,
docs/temes/cultura/andorra-vista-de-fora/andorra-vista-de-fora-index-de-fitxes.md,cultura/andorra-vista-de-fora,Andorra vista de fora — índex de fitxes,index,,,false,pending,,
docs/temes/cultura/andorra-vista-de-fora/andorra-vista-de-fora.md,temes/cultura/andorra-vista-de-fora,Andorra vista de fora,article,compilada,contemporania,false,pending,,
docs/temes/cultura/andorra-vista-de-fora/els-descobridors.md,temes/cultura/andorra-vista-de-fora,Els descobridors,article,compilada,contemporania,false,pending,,
docs/temes/cultura/andorra-vista-de-fora/els-gravats-romantics.md,temes/cultura/andorra-vista-de-fora,Els gravats romàntics,article,compilada,contemporania,false,pending,,
docs/temes/cultura/andorra-vista-de-fora/la-por-de-fondres.md,temes/cultura/andorra-vista-de-fora,La por de fondre's,article,compilada,contemporania,false,pending,,
docs/temes/cultura/andorra-vista-de-fora/les-guies-de-viatge.md,temes/cultura/andorra-vista-de-fora,Les guies de viatge,article,compilada,contemporania,false,pending,,
docs/temes/cultura/andorra-vista-de-fora/lestafa-dandorra.md,temes/cultura/andorra-vista-de-fora,"L'estafa d'Andorra, el documental",article,compilada,contemporania,false,pending,,
docs/temes/cultura/arquitectura/arquitectura-index-de-fitxes.md,cultura/arquitectura,Arquitectura — índex de fitxes,index,,,false,pending,,
docs/temes/cultura/arquitectura/el-romanic-com-a-operacio-politica.md,temes/cultura/arquitectura,El romànic com a operació política,article,compilada,contemporania,false,pending,,
docs/temes/cultura/arquitectura/els-estripagecs.md,temes/cultura/arquitectura,Els estripagecs,article,compilada,contemporania,false,pending,,
docs/temes/cultura/arquitectura/espai-columba.md,temes/cultura/arquitectura,L'Espai Columba,article,compilada,contemporania,false,pending,,
docs/temes/cultura/arquitectura/romanic.md,temes/cultura/arquitectura,El romànic andorrà — índex,article,compilada,contemporania,false,pending,,
docs/temes/cultura/arquitectura/sant-joan-de-caselles.md,temes/cultura/arquitectura,Sant Joan de Caselles,article,compilada,contemporania,false,pending,,
docs/temes/cultura/arquitectura/sant-marti-de-la-cortinada.md,temes/cultura/arquitectura,Sant Martí de la Cortinada,article,compilada,contemporania,false,pending,,
docs/temes/cultura/arquitectura/sant-miquel-de-prats.md,temes/cultura/arquitectura,Sant Miquel de Prats,article,compilada,contemporania,false,pending,,
docs/temes/cultura/arquitectura/sant-miquel-dengolasters.md,temes/cultura/arquitectura,Sant Miquel d'Engolasters,article,compilada,contemporania,false,pending,,
docs/temes/cultura/arquitectura/sant-roma-de-les-bons.md,temes/cultura/arquitectura,Sant Romà de les Bons,article,compilada,contemporania,false,pending,,
docs/temes/cultura/arquitectura/sant-serni-de-canillo.md,temes/cultura/arquitectura,Sant Serni de Canillo,article,compilada,contemporania,false,pending,,
docs/temes/cultura/arquitectura/santa-coloma.md,temes/cultura/arquitectura,Santa Coloma,article,compilada,contemporania,false,pending,,
docs/temes/cultura/artesania/artesania-index-de-fitxes.md,cultura/artesania,Artesania — índex de fitxes,index,,,false,pending,,
docs/temes/cultura/artesania/el-ferro.md,temes/cultura/artesania,El ferro — fargues i ferrers,article,compilada,contemporania,false,pending,,
docs/temes/cultura/artesania/el-textil.md,temes/cultura/artesania,El tèxtil,article,compilada,contemporania,false,pending,,
docs/temes/cultura/arts-visuals/arts-visuals-index-de-fitxes.md,temes/cultura/arts-visuals,Arts visuals — índex de fitxes,index,compilada,contemporania,false,pending,,
docs/temes/cultura/arts-visuals/arts-visuals.md,temes/cultura/arts-visuals,Les arts visuals,article,compilada,contemporania,false,pending,,
docs/temes/cultura/arts-visuals/balma-de-la-margineda.md,temes/cultura/arts-visuals,La Balma de la Margineda,article,compilada,historica,false,pending,,
docs/temes/cultura/arts-visuals/els-mestres-anonims.md,temes/cultura/arts-visuals,Els mestres anònims,article,compilada,contemporania,false,pending,,
docs/temes/cultura/arts-visuals/feixa-del-moro.md,temes/cultura/arts-visuals,La Feixa del Moro de Juberri,article,compilada,historica,false,pending,,
docs/temes/cultura/arts-visuals/josep-viladomat.md,temes/cultura/arts-visuals,Josep Viladomat i Massanas,article,compilada,contemporania,false,pending,,
docs/temes/cultura/arts-visuals/lart-mes-antic.md,temes/cultura/arts-visuals,L'art més antic,article,compilada,contemporania,false,pending,,
docs/temes/cultura/arts-visuals/les-escoles-dart-comunals.md,temes/cultura/arts-visuals,Les escoles d'art comunals,article,compilada,contemporania,false,pending,,
docs/temes/cultura/arts-visuals/sergi-mas.md,temes/cultura/arts-visuals,Sergi Mas i Balaguer,article,compilada,contemporania,false,in_progress,knowledge-0018,One cross-topic conversation; biography and other works remain pending.
docs/temes/cultura/cinc-anys-i-el-cinema-es-lunica-cosa-que-puja.md,temes/cultura,"Cinc anys, i el cinema és l'única cosa que puja",article,compilada,contemporania,false,pending,,
docs/temes/cultura/cultura-d-andorra-index-de-fitxes.md,cultura,Cultura d'Andorra — índex de fitxes,index,,,false,pending,,
docs/temes/cultura/cultura-popular/cultura-popular-index-de-fitxes.md,cultura/cultura-popular,Cultura popular — índex de fitxes,index,,,false,pending,,
docs/temes/cultura/cultura-popular/cultura-popular.md,temes/cultura/cultura-popular,Cultura popular,article,compilada,contemporania,false,pending,,
docs/temes/cultura/cultura-popular/els-usos-i-costums.md,temes/cultura/cultura-popular,"Els usos i costums, i qui els va inventar",article,compilada,contemporania,false,pending,,
docs/temes/cultura/literatura/literatura-andorrana.md,temes/cultura/literatura,La literatura andorrana,article,compilada,contemporania,false,pending,,
docs/temes/cultura/literatura/literatura-index-de-fitxes.md,cultura/literatura,Literatura — índex de fitxes,index,,,false,pending,,
docs/temes/cultura/llegendes/el-buner-dordino.md,temes/cultura/llegendes,El buner d'Ordino,article,compilada,contemporania,false,pending,,
docs/temes/cultura/llegendes/el-llac-dengolasters.md,temes/cultura/llegendes,El llac d'Engolasters,article,compilada,contemporania,false,pending,,
docs/temes/cultura/llegendes/el-minairo.md,temes/cultura/llegendes,El minairó,article,compilada,contemporania,false,pending,,
docs/temes/cultura/llegendes/el-roc-de-les-bruixes.md,temes/cultura/llegendes,El Roc de les Bruixes,article,compilada,contemporania,false,pending,,
docs/temes/cultura/llegendes/el-tamarro.md,temes/cultura/llegendes,El tamarro,article,compilada,contemporania,false,pending,,
docs/temes/cultura/llegendes/la-bruixa-de-sornas.md,temes/cultura/llegendes,La bruixa de Sornàs,article,compilada,contemporania,false,pending,,
docs/temes/cultura/llegendes/la-dama-blanca-daubinya.md,temes/cultura/llegendes,La Dama Blanca d'Aubinyà,article,compilada,contemporania,false,in_progress,knowledge-0015,One cross-topic candidate; relation to the Sant Julià giants is not confirmed.
docs/temes/cultura/llegendes/la-troballa-de-meritxell.md,temes/cultura/llegendes,La troballa de Meritxell,article,compilada,contemporania,false,pending,,
docs/temes/cultura/llegendes/les-bruixes-dengolasters.md,temes/cultura/llegendes,Les bruixes d'Engolasters,article,compilada,contemporania,false,pending,,
docs/temes/cultura/llegendes/llegendes-index-de-fitxes.md,cultura/llegendes,Llegendes — índex de fitxes,index,,,false,pending,,
docs/temes/cultura/llegendes/llegendes.md,temes/cultura/llegendes,Llegendes — índex,article,compilada,contemporania,false,pending,,
docs/temes/cultura/museus-i-arxius/abans-ho-decretava-el-govern.md,temes/cultura/museus-i-arxius,Abans ho decretava el Govern,article,compilada,contemporania,false,pending,,
docs/temes/cultura/museus-i-arxius/com-sentra-a-larxiu-nacional.md,temes/cultura/museus-i-arxius,Com s'entra a l'Arxiu Nacional,article,compilada,contemporania,false,pending,,
docs/temes/cultura/museus-i-arxius/el-diposit-legal.md,temes/cultura/museus-i-arxius,El dipòsit legal,article,compilada,contemporania,false,pending,,
docs/temes/cultura/museus-i-arxius/el-dret-de-tempteig.md,temes/cultura/museus-i-arxius,El dret de tempteig,article,compilada,contemporania,false,pending,,
docs/temes/cultura/museus-i-arxius/el-registre-del-que-ja-no-hi-es.md,temes/cultura/museus-i-arxius,El registre del que ja no hi és,article,compilada,contemporania,false,pending,,
docs/temes/cultura/museus-i-arxius/la-llei-que-deia-que-es-conservava-tot.md,temes/cultura/museus-i-arxius,La llei que deia que es conservava tot,article,compilada,contemporania,false,pending,,
docs/temes/cultura/museus-i-arxius/la-societat-andorrana-de-ciencies.md,temes/cultura/museus-i-arxius,La Societat Andorrana de Ciències,article,compilada,contemporania,false,pending,,
docs/temes/cultura/museus-i-arxius/larxiu-detnografia.md,temes/cultura/museus-i-arxius,L'Arxiu d'Etnografia d'Andorra,article,compilada,contemporania,false,pending,,
docs/temes/cultura/museus-i-arxius/larxiu-nacional.md,temes/cultura/museus-i-arxius,L'Arxiu Nacional d'Andorra,article,compilada,contemporania,false,pending,,
docs/temes/cultura/museus-i-arxius/linstitut-destudis-andorrans.md,temes/cultura/museus-i-arxius,L'Institut d'Estudis Andorrans,article,compilada,contemporania,false,pending,,
docs/temes/cultura/museus-i-arxius/museus/casa-dareny-plandolit.md,temes/cultura/museus-i-arxius/museus,El Museu Casa d'Areny-Plandolit,article,compilada,contemporania,false,pending,,
docs/temes/cultura/museus-i-arxius/museus/el-museu-de-la-radio.md,temes/cultura/museus-i-arxius/museus,"El Museu de la Ràdio, un projecte encara pendent",article,compilada,contemporania,false,pending,,
docs/temes/cultura/museus-i-arxius/museus/el-museu-del-perfum.md,temes/cultura/museus-i-arxius/museus,"El Museu del Perfum, i la dona que va obrir una perruqueria el 1939",article,compilada,contemporania,false,pending,,
docs/temes/cultura/museus-i-arxius/museus/el-museu-del-tabac.md,temes/cultura/museus-i-arxius/museus,El Museu del Tabac: una fàbrica que va treballar del 1909 al 1957,article,compilada,contemporania,false,pending,,
docs/temes/cultura/museus-i-arxius/museus/el-museu-postal.md,temes/cultura/museus-i-arxius/museus,El Museu Postal: el museu que la Constitució va desallotjar,article,compilada,contemporania,false,pending,,
docs/temes/cultura/museus-i-arxius/museus/el-primer-museu.md,temes/cultura/museus-i-arxius/museus,El primer museu andorrà: girafes dissecades a Ordino,article,compilada,contemporania,false,pending,,
docs/temes/cultura/museus-i-arxius/museus/els-altres-museus.md,temes/cultura/museus-i-arxius/museus,"Els altres museus: art sacre, romànic, electricitat, còmic, miniatura, moto, aigua",article,compilada,contemporania,false,pending,,
docs/temes/cultura/museus-i-arxius/museus/els-museus-d-andorra-index-de-fitxes.md,temes/cultura/museus-i-arxius/museus,Els museus d'Andorra — índex de fitxes,article,compilada,contemporania,false,pending,,
docs/temes/cultura/museus-i-arxius/museus/la-farga-rosell.md,temes/cultura/museus-i-arxius/museus,La Farga Rosell i la ruta del ferro,article,compilada,contemporania,false,pending,,
docs/temes/cultura/museus-i-arxius/museus/les-cases-museu.md,temes/cultura/museus-i-arxius/museus,"Les cases museu: Rull, Cristo i Cal Pal",article,compilada,contemporania,false,pending,,
docs/temes/cultura/museus-i-arxius/museus/museu-de-la-moto-i-centre-de-natura.md,temes/cultura/museus-i-arxius/museus,Museu de la Moto i Centre de Natura,article,compilada,contemporania,false,pending,,
docs/temes/cultura/museus-i-arxius/museus-i-arxius-index-de-fitxes.md,cultura/museus-i-arxius,Museus i arxius — índex de fitxes,index,,,false,pending,,
docs/temes/cultura/museus-i-arxius/museus-i-arxius.md,temes/cultura/museus-i-arxius,Museus i arxius,article,compilada,contemporania,false,pending,,
docs/temes/cultura/museus-i-arxius/res-danterior-al-1984-no-es-tria.md,temes/cultura/museus-i-arxius,Res d'anterior al 1984 no es tria,article,compilada,contemporania,false,pending,,
docs/temes/cultura/museus-i-arxius/series-senceres-no.md,temes/cultura/museus-i-arxius,"Sèries senceres, no",article,compilada,contemporania,false,pending,,
docs/temes/cultura/museus-i-arxius/setanta-anys-dun-permis-de-residencia.md,temes/cultura/museus-i-arxius,Setanta anys d'un permís de residència,article,compilada,contemporania,false,pending,,
docs/temes/cultura/museus-i-arxius/trenta-anys-cent-anys-o-cap.md,temes/cultura/museus-i-arxius,"Trenta anys, cent anys, o cap",article,compilada,contemporania,false,pending,,
docs/temes/cultura/musica-i-cancons/la-canco-popular-andorrana.md,temes/cultura/musica-i-cancons,La cançó popular andorrana,article,compilada,contemporania,false,pending,,
docs/temes/cultura/musica-i-cancons/liaem-i-el-1980.md,temes/cultura/musica-i-cancons,L'IAEM i el 1980,article,compilada,contemporania,false,pending,,
docs/temes/cultura/musica-i-cancons/musica-i-cancons-index-de-fitxes.md,cultura/musica-i-cancons,Música i cançons — índex de fitxes,index,,,false,pending,,
docs/temes/cultura/musica-i-cancons/musica-i-cancons.md,temes/cultura/musica-i-cancons,Música i cançons,article,compilada,contemporania,false,pending,,
docs/temes/cultura/teatre/el-teatre-de-carnestoltes.md,temes/cultura/teatre,El teatre de Carnestoltes,article,compilada,contemporania,false,in_progress,knowledge-0003,One candidate comparison; remaining claims and sections still need review.
docs/temes/cultura/teatre/la-vida-teatral.md,temes/cultura/teatre,La vida teatral,article,compilada,contemporania,false,pending,,
docs/temes/cultura/teatre/teatre-index-de-fitxes.md,cultura/teatre,Teatre — índex de fitxes,index,,,false,pending,,
docs/temes/economia/banca-i-fiscalitat/a-andorra-si-que-hi-havia-impost.md,temes/economia/banca-i-fiscalitat,"A Andorra sí que hi havia impost, i era sobre la renda",article,compilada,contemporania,false,pending,,
docs/temes/economia/banca-i-fiscalitat/ab-propris-diners-y-per-son-propri-us.md,temes/economia/banca-i-fiscalitat,Ab propris diners y per son propri us,article,compilada,historica,false,pending,,
docs/temes/economia/banca-i-fiscalitat/abans-dels-bancs.md,temes/economia/banca-i-fiscalitat,Abans dels bancs,article,compilada,contemporania,false,pending,,
docs/temes/economia/banca-i-fiscalitat/banca-i-fiscalitat-index-de-fitxes.md,economia/banca-i-fiscalitat,Banca i fiscalitat — índex de fitxes,index,,,false,pending,,
docs/temes/economia/banca-i-fiscalitat/banca-i-fiscalitat.md,temes/economia/banca-i-fiscalitat,Banca i fiscalitat,article,compilada,contemporania,false,pending,,
docs/temes/economia/banca-i-fiscalitat/blanqueig-i-actius-digitals.md,temes/economia/banca-i-fiscalitat,Blanqueig i actius digitals,article,compilada,contemporania,false,pending,,
docs/temes/economia/banca-i-fiscalitat/contribucio-industrial-comerc-1849.md,temes/economia/banca-i-fiscalitat,La contribució industrial i de comerç arriba al síndic (1849),article,compilada,historica,false,pending,,
docs/temes/economia/banca-i-fiscalitat/conveni-banc-agricol-caixa-pensions-1934.md,temes/economia/banca-i-fiscalitat,El Banc Agrícol signa un conveni amb la Caixa de Pensions (1934),article,compilada,contemporania,false,pending,,
docs/temes/economia/banca-i-fiscalitat/del-divuit-de-marc-al-dos-dabril.md,temes/economia/banca-i-fiscalitat,Del divuit de març al dos d'abril,article,compilada,historica,false,pending,,
docs/temes/economia/banca-i-fiscalitat/dotze-renuncies-en-una-sola-escriptura.md,temes/economia/banca-i-fiscalitat,Dotze renúncies en una sola escriptura,article,compilada,historica,false,pending,,
docs/temes/economia/banca-i-fiscalitat/el-banc-agricol.md,temes/economia/banca-i-fiscalitat,El Banc Agrícol,article,compilada,contemporania,false,pending,,
docs/temes/economia/banca-i-fiscalitat/el-cas-bpa.md,temes/economia/banca-i-fiscalitat,El cas BPA,article,compilada,contemporania,false,pending,,
docs/temes/economia/banca-i-fiscalitat/el-delme-es-converteix-en-tribut-eclesiastic-1905.md,temes/economia/banca-i-fiscalitat,"El delme es converteix en tribut eclesiàstic, 1905",article,compilada,contemporania,false,pending,,
docs/temes/economia/banca-i-fiscalitat/el-pressupost-no-existia-i-el-van-fer-davant-seu.md,temes/economia/banca-i-fiscalitat,"El pressupost no existia, i el van fer davant seu",article,compilada,contemporania,false,pending,,
docs/temes/economia/banca-i-fiscalitat/el-que-ja-esta-compromes.md,temes/economia/banca-i-fiscalitat,El que ja està compromès,article,compilada,contemporania,false,pending,,
docs/temes/economia/banca-i-fiscalitat/el-superavit-que-financa-habitatge-i-hospital.md,temes/economia/banca-i-fiscalitat,El superàvit que finança habitatge i hospital,article,compilada,contemporania,false,pending,,
docs/temes/economia/banca-i-fiscalitat/els-altres-impostos.md,temes/economia/banca-i-fiscalitat,Els altres impostos,article,compilada,contemporania,false,pending,,
docs/temes/economia/banca-i-fiscalitat/els-tipus-impositius.md,temes/economia/banca-i-fiscalitat,Els tipus impositius,article,compilada,contemporania,false,pending,,
docs/temes/economia/banca-i-fiscalitat/la-carta-de-gracia.md,temes/economia/banca-i-fiscalitat,La venda a carta de gràcia,article,compilada,contemporania,false,pending,,
docs/temes/economia/banca-i-fiscalitat/la-pressio-fiscal-sha-doblat.md,temes/economia/banca-i-fiscalitat,La pressió fiscal s'ha doblat,article,compilada,contemporania,false,pending,,
docs/temes/economia/banca-i-fiscalitat/la-supervisio-financera.md,temes/economia/banca-i-fiscalitat,La supervisió financera,article,compilada,contemporania,false,pending,,
docs/temes/economia/banca-i-fiscalitat/loligopoli-bancari.md,temes/economia/banca-i-fiscalitat,L'oligopoli bancari: del 1951 al segle XXI,article,compilada,contemporania,false,pending,,
docs/temes/economia/banca-i-fiscalitat/loperacio-catalunya.md,temes/economia/banca-i-fiscalitat,L'Operació Catalunya,article,compilada,contemporania,false,pending,,
docs/temes/economia/banca-i-fiscalitat/nascut-duna-prohibicio-eclesiastica-mort-per-decret-episcopal.md,temes/economia/banca-i-fiscalitat,"Nascut d'una prohibició eclesiàstica, mort per decret episcopal",article,compilada,historica,false,pending,,
docs/temes/economia/banca-i-fiscalitat/per-considerarse-com-a-pencio-alimenticia.md,temes/economia/banca-i-fiscalitat,«Per considerar-se com a pensió alimentícia»,article,compilada,historica,false,pending,,
docs/temes/economia/banca-i-fiscalitat/per-motiu-de-sa-tant-dilatada-antiquedad.md,temes/economia/banca-i-fiscalitat,«Per motiu de sa tant dilatada antiquedad»,article,compilada,historica,false,pending,,
docs/temes/economia/banca-i-fiscalitat/pero-en-tot-lo-demes-al-cinc-per-cent.md,temes/economia/banca-i-fiscalitat,"Però en tot lo demés, al cinc per cent",article,compilada,historica,false,pending,,
docs/temes/economia/banca-i-fiscalitat/quatre-pagines-que-no-hi-son.md,temes/economia/banca-i-fiscalitat,Quatre pàgines que no hi són,article,compilada,historica,false,pending,,
docs/temes/economia/banca-i-fiscalitat/que-aprova-el-pressupost-de-2026.md,temes/economia/banca-i-fiscalitat,Què aprova el pressupost inicial de 2026,article,compilada,contemporania,false,pending,,
docs/temes/economia/banca-i-fiscalitat/que-no-es-puga-quitar-carregat-sino-buyt.md,temes/economia/banca-i-fiscalitat,"Que no es puga quitar carregat, sinó buyt",article,compilada,historica,false,pending,,
docs/temes/economia/banca-i-fiscalitat/si-aquells-vells-titols-donaven-dret-de-rescat.md,temes/economia/banca-i-fiscalitat,Si aquells vells títols donaven dret de rescat,article,compilada,historica,false,pending,,
docs/temes/economia/banca-i-fiscalitat/tenen-un-fill-a-franca-o-a-america.md,temes/economia/banca-i-fiscalitat,Tenen un fill a França o a Amèrica,article,compilada,historica,false,pending,,
docs/temes/economia/banca-i-fiscalitat/vuit-dies-abans-o-vuit-dies-despres.md,temes/economia/banca-i-fiscalitat,Vuit dies abans o vuit dies després,article,compilada,historica,false,pending,,
docs/temes/economia/banca-i-fiscalitat/y-los-vench-de-nou.md,temes/economia/banca-i-fiscalitat,«Y los vench de nou»,article,compilada,historica,false,pending,,
docs/temes/economia/comerc/amb-qui-comercia-andorra.md,temes/economia/comerc,Amb qui comercia Andorra,article,compilada,contemporania,false,pending,,
docs/temes/economia/comerc/blat-cerdanya-parroquies-1904.md,temes/economia/comerc,El blat de Cerdanya es reparteix entre els veïns (1904),article,compilada,historica,false,pending,,
docs/temes/economia/comerc/comerc-index-de-fitxes.md,economia/comerc,Comerç — índex de fitxes,index,,,false,pending,,
docs/temes/economia/comerc/comerc.md,temes/economia/comerc,Comerç,article,compilada,contemporania,false,pending,,
docs/temes/economia/comerc/el-comerc-a-ledat-moderna.md,temes/economia/comerc,El comerç a l'edat moderna,article,compilada,contemporania,false,pending,,
docs/temes/economia/comerc/el-que-andorra-comprava-a-espanya.md,temes/economia/comerc,El que Andorra comprava a Espanya,article,compilada,contemporania,false,pending,,
docs/temes/economia/comerc/el-vestit-no-ha-pujat-i-el-telefon-ha-baixat.md,temes/economia/comerc,El vestit no ha pujat i el telèfon ha baixat,article,compilada,contemporania,false,pending,,
docs/temes/economia/comerc/els-horaris-comercials.md,temes/economia/comerc,Els horaris comercials,article,compilada,contemporania,false,pending,,
docs/temes/economia/comerc/la-cambra-de-comerc-i-la-formacio.md,temes/economia/comerc,La Cambra de Comerç i la formació,article,compilada,contemporania,false,pending,,
docs/temes/economia/comerc/la-duana.md,temes/economia/comerc,La duana,article,compilada,contemporania,false,pending,,
docs/temes/economia/comerc/les-mateixes-besties-passaven-dues-vegades-pel-cens.md,temes/economia/comerc,Les mateixes bèsties passaven dues vegades pel cens,article,compilada,contemporania,false,pending,,
docs/temes/economia/comerc/les-mesures-i-les-monedes.md,temes/economia/comerc,Les mesures i les monedes,article,compilada,historica,false,pending,,
docs/temes/economia/comerc/muntar-alguna-cosa.md,temes/economia/comerc,Muntar alguna cosa,article,compilada,contemporania,false,pending,,
docs/temes/economia/comerc/quan-el-preu-baixa.md,temes/economia/comerc,Quan el preu baixa,article,compilada,contemporania,false,pending,,
docs/temes/economia/comerc/qui-posava-els-preus.md,temes/economia/comerc,Qui posava els preus,article,compilada,historica,false,pending,,
docs/temes/economia/comerc/qui-respon-duna-societat.md,temes/economia/comerc,Qui respon d'una societat,article,compilada,contemporania,false,pending,,
docs/temes/economia/comerc/suplica-sal-cardona-1520.md,temes/economia/comerc,"El síndic demana dos mesos per treure sal de Cardona, 1520",article,compilada,historica,false,pending,,
docs/temes/economia/comerc/vigilar-i-sancionar.md,temes/economia/comerc,Vigilar i sancionar,article,compilada,contemporania,false,pending,,
docs/temes/economia/economia-d-andorra-index-de-fitxes.md,economia,Economia d'Andorra — índex de fitxes,index,,,false,pending,,
docs/temes/economia/energia-i-serveis/energia-i-serveis-index-de-fitxes.md,economia/energia-i-serveis,Energia i serveis — índex de fitxes,index,,,false,pending,,
docs/temes/economia/energia-i-serveis/fhasa.md,temes/economia/energia-i-serveis,FHASA,article,compilada,contemporania,false,pending,,
docs/temes/economia/energia-i-serveis/la-transicio-energetica.md,temes/economia/energia-i-serveis,La transició energètica,article,compilada,contemporania,false,pending,,
docs/temes/economia/energia-i-serveis/telegraf-franca-espanya-1882-1897.md,temes/economia/energia-i-serveis,"El telègraf torna a Andorra: França, la Mitra i la Seu (1882–1897)",article,compilada,contemporania,false,pending,,
docs/temes/economia/energia-i-serveis/van-tallar-els-pals-del-telegraf.md,temes/economia/energia-i-serveis,Van tallar els pals del telègraf,article,compilada,contemporania,false,pending,,
docs/temes/economia/les-grans-families/els-reig.md,temes/economia/les-grans-families,Els Reig,article,compilada,contemporania,false,pending,,
docs/temes/economia/les-grans-families/les-grans-families-index-de-fitxes.md,economia/les-grans-families,Les grans famílies — índex de fitxes,index,,,false,pending,,
docs/temes/economia/ramaderia-i-agricultura/el-cens-del-bestiar-de-1898-1900.md,temes/economia/ramaderia-i-agricultura,El cens del bestiar de 1898-1900,article,compilada,contemporania,false,pending,,
docs/temes/economia/ramaderia-i-agricultura/la-comissio-dels-pagesos.md,temes/economia/ramaderia-i-agricultura,La Comissió dels pagesos,article,compilada,contemporania,false,pending,,
docs/temes/economia/ramaderia-i-agricultura/la-crisi-de-lovi.md,temes/economia/ramaderia-i-agricultura,La crisi de l'oví,article,compilada,contemporania,false,pending,,
docs/temes/economia/ramaderia-i-agricultura/la-transhumancia.md,temes/economia/ramaderia-i-agricultura,La transhumància,article,compilada,contemporania,false,pending,,
docs/temes/economia/ramaderia-i-agricultura/la-vinya-i-el-tabac.md,temes/economia/ramaderia-i-agricultura,La vinya i el tabac,article,compilada,contemporania,false,pending,,
docs/temes/economia/ramaderia-i-agricultura/lagricultura-de-subsistencia.md,temes/economia/ramaderia-i-agricultura,L'agricultura de subsistència,article,compilada,contemporania,false,pending,,
docs/temes/economia/ramaderia-i-agricultura/les-mules.md,temes/economia/ramaderia-i-agricultura,Les mules,article,compilada,contemporania,false,pending,,
docs/temes/economia/ramaderia-i-agricultura/linteres-es-paga-en-llana.md,temes/economia/ramaderia-i-agricultura,L'interès es paga en llana,article,compilada,contemporania,false,pending,,
docs/temes/economia/ramaderia-i-agricultura/mil-vuitanta-bovins-el-1900-mil-vuitanta-un-el-1988.md,temes/economia/ramaderia-i-agricultura,"Mil vuitanta bovins el 1900, mil vuitanta-un el 1988",article,compilada,contemporania,false,pending,,
docs/temes/economia/ramaderia-i-agricultura/qui-cobra-els-ajuts-agraris.md,temes/economia/ramaderia-i-agricultura,Qui cobra els ajuts agraris,article,compilada,contemporania,false,pending,,
docs/temes/economia/ramaderia-i-agricultura/ramaderia-i-agricultura-index-de-fitxes.md,economia/ramaderia-i-agricultura,Ramaderia i agricultura — índex de fitxes,index,,,false,pending,,
docs/temes/economia/ramaderia-i-agricultura/ramaderia-i-agricultura.md,temes/economia/ramaderia-i-agricultura,Ramaderia i agricultura,article,compilada,contemporania,false,pending,,
docs/temes/economia/tabac/cent-hectarees-de-tabac.md,temes/economia/tabac,Cent hectàrees de tabac,article,compilada,contemporania,false,pending,,
docs/temes/economia/tabac/el-contraban-savui-sagafa-a-dins.md,temes/economia/tabac,"El contraban, avui, s'agafa a dins",article,compilada,contemporania,false,pending,,
docs/temes/economia/tabac/la-revolta-del-tabac-de-1733.md,temes/economia/tabac,La revolta del tabac de 1733,article,compilada,contemporania,false,pending,,
docs/temes/economia/tabac/quant-tabac-es-cull-avui.md,temes/economia/tabac,"Producció de tabac a Andorra, 1973–2025",article,compilada,contemporania,false,pending,,
docs/temes/economia/tabac/tabac-index-de-fitxes.md,economia/tabac,Tabac — índex de fitxes,index,,,false,pending,,
docs/temes/economia/tabac/tabac.md,temes/economia/tabac,El tabac,article,compilada,contemporania,false,pending,,
docs/temes/economia/transformacio-economica/andorra-2020.md,temes/economia/transformacio-economica,Andorra 2020,article,compilada,contemporania,false,pending,,
docs/temes/economia/transformacio-economica/els-jocs-datzar.md,temes/economia/transformacio-economica,Els jocs d'atzar,article,compilada,contemporania,false,pending,,
docs/temes/economia/transformacio-economica/enviaments-ferro-farga-areny-1808.md,temes/economia/transformacio-economica,La Farga Areny anota les vendes de ferro de 1808,article,compilada,historica,false,pending,,
docs/temes/economia/transformacio-economica/leconomia-el-1997.md,temes/economia/transformacio-economica,L'economia el 1997,article,compilada,contemporania,false,pending,,
docs/temes/economia/transformacio-economica/leconomia-que-cridava-la-ma-dobra.md,temes/economia/transformacio-economica,L'economia que cridava la mà d'obra,article,compilada,contemporania,false,pending,,
docs/temes/economia/transformacio-economica/mil-set-centes-vint-i-sis-persones-en-tic.md,temes/economia/transformacio-economica,Mil set-centes vint-i-sis persones en TIC,article,compilada,contemporania,false,pending,,
docs/temes/economia/transformacio-economica/ni-un-euro-a-la-universitat.md,temes/economia/transformacio-economica,Ni un euro a la universitat,article,compilada,contemporania,false,pending,,
docs/temes/economia/transformacio-economica/rebut-dandine-farga-1812.md,temes/economia/transformacio-economica,Un comprador d’Ausat tanca comptes amb una farga (1812),article,compilada,historica,false,pending,,
docs/temes/economia/transformacio-economica/tot-el-superavit-es-el-turisme.md,temes/economia/transformacio-economica,Tot el superàvit és el turisme,article,compilada,contemporania,false,pending,,
docs/temes/economia/transformacio-economica/transformacio-economica-index-de-fitxes.md,economia/transformacio-economica,Transformació econòmica — índex de fitxes,index,,,false,pending,,
docs/temes/economia/transformacio-economica/transformacio-economica.md,temes/economia/transformacio-economica,Transformació econòmica,article,compilada,contemporania,false,pending,,
docs/temes/economia/transport/laeroport-que-andorra-no-te.md,temes/economia/transport,L'aeroport que Andorra no té,article,compilada,contemporania,false,pending,,
docs/temes/economia/transport/les-carreteres.md,temes/economia/transport,Les carreteres d'Andorra,article,compilada,contemporania,false,pending,,
docs/temes/economia/transport/pont-grau-seu-andorra-1595.md,temes/economia/transport,El pont del Grau i el camí de la Seu a Andorra (1595),article,compilada,historica,false,pending,,
docs/temes/economia/transport/primera-maquina-llevaneu-1936.md,temes/economia/transport,Una màquina llevaneu mecanitza les carreteres d’Andorra (1936),article,compilada,contemporania,false,pending,,
docs/temes/economia/transport/transport-index-de-fitxes.md,temes/economia/transport,Transport — índex de fitxes,article,compilada,contemporania,false,pending,,
docs/temes/economia/turisme-i-neu/de-la-fonda-a-lhotel.md,temes/economia/turisme-i-neu,De la fonda a l'hotel,article,compilada,contemporania,false,pending,,
docs/temes/economia/turisme-i-neu/els-hostals-comunals.md,temes/economia/turisme-i-neu,Els hostals comunals,article,compilada,contemporania,false,pending,,
docs/temes/economia/turisme-i-neu/els-pisos-turistics.md,temes/economia/turisme-i-neu,Els pisos turístics,article,compilada,contemporania,false,pending,,
docs/temes/economia/turisme-i-neu/estacions/grandvalira.md,temes/economia/turisme-i-neu/estacions,Grandvalira,article,compilada,contemporania,false,pending,,
docs/temes/economia/turisme-i-neu/estacions/les-estacions-d-esqui-index-de-fitxes.md,temes/economia/turisme-i-neu/estacions,Les estacions d'esquí — índex de fitxes,article,compilada,contemporania,false,pending,,
docs/temes/economia/turisme-i-neu/estacions/naturland.md,temes/economia/turisme-i-neu/estacions,Naturland: el parc que ha perdut vint milions,article,compilada,contemporania,false,pending,,
docs/temes/economia/turisme-i-neu/estacions/pgi.md,temes/economia/turisme-i-neu/estacions,PGI: Andorra exporta el model,article,compilada,contemporania,false,pending,,
docs/temes/economia/turisme-i-neu/estacions/vallnord.md,temes/economia/turisme-i-neu/estacions,"Vallnord, la marca que va desaparèixer",article,compilada,contemporania,false,pending,,
docs/temes/economia/turisme-i-neu/turisme-i-neu-index-de-fitxes.md,economia/turisme-i-neu,Turisme i neu — índex de fitxes,index,,,false,pending,,
docs/temes/economia/turisme-i-neu/turisme-i-neu.md,temes/economia/turisme-i-neu,Turisme i neu,article,compilada,contemporania,false,pending,,
docs/temes/esports/altres-esports/altres-esports-index-de-fitxes.md,temes/esports/altres-esports,Altres esports — índex de fitxes,index,compilada,contemporania,false,pending,,
docs/temes/esports/altres-esports/bc-andorra.md,temes/esports/altres-esports,El BC Andorra,article,compilada,contemporania,false,pending,,
docs/temes/esports/altres-esports/berta-miquel.md,temes/esports/altres-esports,Berta Miquel i Solé,article,compilada,contemporania,false,pending,,
docs/temes/esports/altres-esports/claudia-guri.md,temes/esports/altres-esports,Claudia Guri i Moreno,article,compilada,contemporania,false,pending,,
docs/temes/esports/altres-esports/cyril-despres.md,temes/esports/altres-esports,Cyril Despres,article,compilada,contemporania,false,pending,,
docs/temes/esports/altres-esports/david-albos.md,temes/esports/altres-esports,David Albós i Cavaliere,article,compilada,contemporania,false,pending,,
docs/temes/esports/altres-esports/david-navarro.md,temes/esports/altres-esports,David Navarro i Brugal,article,compilada,contemporania,false,pending,,
docs/temes/esports/altres-esports/david-norwood.md,temes/esports/altres-esports,David Robert Norwood,article,compilada,contemporania,false,pending,,
docs/temes/esports/altres-esports/el-campionat-de-trial.md,temes/esports/altres-esports,El Campionat d'Andorra de trial,article,compilada,contemporania,false,pending,,
docs/temes/esports/altres-esports/el-palau-de-gel.md,temes/esports/altres-esports,El Palau de Gel de Canillo,article,compilada,contemporania,false,pending,,
docs/temes/esports/altres-esports/eric-cervos.md,temes/esports/altres-esports,Èric Cervós i Noguer,article,compilada,contemporania,false,pending,,
docs/temes/esports/altres-esports/estefania-sebastian.md,temes/esports/altres-esports,Estefania Sebastian,article,compilada,contemporania,false,pending,,
docs/temes/esports/altres-esports/fiona-morrison.md,temes/esports/altres-esports,Fiona Morrison i Porta,article,compilada,contemporania,false,pending,,
docs/temes/esports/altres-esports/jordi-trilla.md,temes/esports/altres-esports,Jordi Trilla i Clanchet,article,compilada,contemporania,false,pending,,
docs/temes/esports/altres-esports/josep-oms.md,temes/esports/altres-esports,Josep Oms i Pallisé,article,compilada,contemporania,false,pending,,
docs/temes/esports/altres-esports/lance-henderson.md,temes/esports/altres-esports,Lance Henderson de La Fuente,article,compilada,contemporania,false,pending,,
docs/temes/esports/altres-esports/laurent-recouderc.md,temes/esports/altres-esports,Laurent Recouderc,article,compilada,contemporania,false,pending,,
docs/temes/esports/altres-esports/lea-ricart.md,temes/esports/altres-esports,Lea Ricart i Martínez,article,compilada,contemporania,false,pending,,
docs/temes/esports/altres-esports/ludovic-albos.md,temes/esports/altres-esports,Ludovic Albós i Cavaliere,article,compilada,contemporania,false,pending,,
docs/temes/esports/altres-esports/luis-basagana.md,temes/esports/altres-esports,Luis Basagaña i Soto,article,compilada,contemporania,false,pending,,
docs/temes/esports/altres-esports/marc-casal-mir.md,temes/esports/altres-esports,Marc Casal Mir,article,compilada,contemporania,false,pending,,
docs/temes/esports/altres-esports/marc-casal.md,temes/esports/altres-esports,Marc Casal,article,compilada,contemporania,false,pending,,
docs/temes/esports/altres-esports/melissandre-fuentes.md,temes/esports/altres-esports,Melissandre Fuentes,article,compilada,contemporania,false,pending,,
docs/temes/esports/altres-esports/mikel-de-sa.md,temes/esports/altres-esports,Mikel de Sa i Gomes,article,compilada,contemporania,false,pending,,
docs/temes/esports/altres-esports/oscar-casal-mir.md,temes/esports/altres-esports,Òscar Casal Mir,article,compilada,contemporania,false,pending,,
docs/temes/esports/altres-esports/pere-praxedes.md,temes/esports/altres-esports,Pere Práxedes Ripol,article,compilada,contemporania,false,pending,,
docs/temes/esports/altres-esports/quino-colom.md,temes/esports/altres-esports,Joaquim «Quino» Colom i Barrufet,article,compilada,contemporania,false,pending,,
docs/temes/esports/altres-esports/raul-garcia-paolicchi.md,temes/esports/altres-esports,Raül García i Paolicchi,article,compilada,contemporania,false,pending,,
docs/temes/esports/altres-esports/tomas-cano.md,temes/esports/altres-esports,Tomás Cano,article,compilada,contemporania,false,pending,,
docs/temes/esports/altres-esports/victoria-jimenez-kasintseva.md,temes/esports/altres-esports,Victoria Jiménez Kasintseva,article,compilada,contemporania,false,pending,,
docs/temes/esports/altres-esports/xavier-capdevila.md,temes/esports/altres-esports,Xavier «Xavi» Capdevila i Romero,article,compilada,contemporania,false,pending,,
docs/temes/esports/altres-esports/xavier-cardelus.md,temes/esports/altres-esports,Xavier «Xavi» Cardelús i García,article,compilada,contemporania,false,pending,,
docs/temes/esports/altres-esports/yolanda-garcia.md,temes/esports/altres-esports,Yolanda García,article,compilada,contemporania,false,pending,,
docs/temes/esports/competicio/andorra-als-jocs-olimpics.md,temes/esports/competicio,Andorra als Jocs Olímpics,article,compilada,contemporania,false,pending,,
docs/temes/esports/competicio/andorra-als-jocs-paralimpics.md,temes/esports/competicio,Andorra als Jocs Paralímpics,article,compilada,contemporania,false,pending,,
docs/temes/esports/competicio/competicio-index-de-fitxes.md,esports/competicio,Competició — índex de fitxes,index,,,false,pending,,
docs/temes/esports/competicio/el-comite-olimpic.md,temes/esports/competicio,El Comitè Olímpic Andorrà,article,compilada,contemporania,false,pending,,
docs/temes/esports/competicio/els-abanderats.md,temes/esports/competicio,Els abanderats,article,compilada,contemporania,false,pending,,
docs/temes/esports/competicio/els-altres-jocs.md,temes/esports/competicio,Els altres Jocs,article,compilada,contemporania,false,pending,,
docs/temes/esports/competicio/els-jocs-dels-petits-estats.md,temes/esports/competicio,Els Jocs dels Petits Estats d'Europa,article,compilada,contemporania,false,pending,,
docs/temes/esports/competicio/la-llei-de-lesport.md,temes/esports/competicio,La llei de l'esport,article,compilada,contemporania,false,pending,,
docs/temes/esports/escacs/el-campionat.md,temes/esports/escacs,El Campionat d'Andorra d'escacs,article,compilada,contemporania,false,pending,,
docs/temes/esports/escacs/escacs-index-de-fitxes.md,temes/esports/escacs,Escacs — índex de fitxes,article,compilada,contemporania,false,pending,,
docs/temes/esports/escacs/la-federacio.md,temes/esports/escacs,La Federació d'Escacs Vall d'Andorra,article,compilada,contemporania,false,pending,,
docs/temes/esports/escacs/lobert-internacional.md,temes/esports/escacs,L'Obert Internacional d'Escacs d'Andorra,article,compilada,contemporania,false,pending,,
docs/temes/esports/escacs/oscar-de-la-riva.md,temes/esports/escacs,Òscar de la Riva i Aguado,article,compilada,contemporania,false,pending,,
docs/temes/esports/esports-d-andorra-index-de-fitxes.md,esports,Esports d'Andorra — índex de fitxes,index,,,false,pending,,
docs/temes/esports/esqui/cinquanta-anys-desqui-olimpic.md,temes/esports/esqui,Cinquanta anys d'esquí olímpic,article,compilada,contemporania,false,pending,,
docs/temes/esports/esqui/esqui-index-de-fitxes.md,esports/esqui,Esquí — índex de fitxes,index,,,false,pending,,
docs/temes/esports/esqui/esquiadors/alex-antor.md,temes/esports/esqui/esquiadors,Alex Antor i Seignourel,article,compilada,contemporania,false,pending,,
docs/temes/esports/esqui/esquiadors/antoine-crespo.md,temes/esports/esqui/esquiadors,Antoine Crespo i Travesset,article,compilada,contemporania,false,pending,,
docs/temes/esports/esqui/esquiadors/antoni-naudi.md,temes/esports/esqui/esquiadors,Antoni Naudi i Casal,article,compilada,contemporania,false,pending,,
docs/temes/esports/esqui/esquiadors/cande-moreno.md,temes/esports/esqui/esquiadors,Cande Moreno,article,compilada,contemporania,false,pending,,
docs/temes/esports/esqui/esquiadors/carlos-font.md,temes/esports/esqui/esquiadors,Carlos Font i Puig,article,compilada,contemporania,false,pending,,
docs/temes/esports/esqui/esquiadors/caroline-poussier.md,temes/esports/esqui/esquiadors,Caroline Poussier,article,compilada,contemporania,false,pending,,
docs/temes/esports/esqui/esquiadors/claudina-rossel.md,temes/esports/esqui/esquiadors,Claudina Rossel i Badia,article,compilada,contemporania,false,pending,,
docs/temes/esports/esqui/esquiadors/els-esquiadors-index-de-fitxes.md,temes/esports/esqui/esquiadors,Els esquiadors — índex de fitxes,index,compilada,contemporania,false,pending,,
docs/temes/esports/esqui/esquiadors/esteve-tomas.md,temes/esports/esqui/esquiadors,Esteve Tomàs i Roca,article,compilada,contemporania,false,pending,,
docs/temes/esports/esqui/esquiadors/francois-soulie.md,temes/esports/esqui/esquiadors,François «Francesc» Soulié,article,compilada,contemporania,false,pending,,
docs/temes/esports/esqui/esquiadors/gerard-escoda.md,temes/esports/esqui/esquiadors,Gerard Escoda i Alegret,article,compilada,contemporania,false,pending,,
docs/temes/esports/esqui/esquiadors/gina-del-rio.md,temes/esports/esqui/esquiadors,Gina del Rio,article,compilada,contemporania,false,pending,,
docs/temes/esports/esqui/esquiadors/jordi-torres.md,temes/esports/esqui/esquiadors,Jordi Torres,article,compilada,contemporania,false,pending,,
docs/temes/esports/esqui/esquiadors/kevin-esteve-rigail.md,temes/esports/esqui/esquiadors,Kevin Esteve i Rigail,article,compilada,contemporania,false,pending,,
docs/temes/esports/esqui/esquiadors/laure-soulie.md,temes/esports/esqui/esquiadors,Laure Soulié,article,compilada,contemporania,false,pending,,
docs/temes/esports/esqui/esquiadors/lluis-marin-tarroch.md,temes/esports/esqui/esquiadors,Lluís Marín i Tarroch,article,compilada,contemporania,false,pending,,
docs/temes/esports/esqui/esquiadors/maeva-estevez.md,temes/esports/esqui/esquiadors,Maeva Estévez,article,compilada,contemporania,false,pending,,
docs/temes/esports/esqui/esquiadors/marc-oliveras.md,temes/esports/esqui/esquiadors,Marc Oliveras i Gabarre,article,compilada,contemporania,false,pending,,
docs/temes/esports/esqui/esquiadors/miguel-font.md,temes/esports/esqui/esquiadors,Miguel Font i Puig,article,compilada,contemporania,false,pending,,
docs/temes/esports/esqui/esquiadors/mireia-gutierrez.md,temes/esports/esqui/esquiadors,Mireia Gutiérrez i Cabanes,article,compilada,contemporania,false,pending,,
docs/temes/esports/esqui/esquiadors/nahum-orobitg.md,temes/esports/esqui/esquiadors,Nahum Orobitg i Pérez,article,compilada,contemporania,false,pending,,
docs/temes/esports/esqui/esquiadors/patrick-toussaint.md,temes/esports/esqui/esquiadors,Patrick Toussaint i Mas,article,compilada,contemporania,false,pending,,
docs/temes/esports/esqui/esquiadors/ramon-rossell.md,temes/esports/esqui/esquiadors,Ramón Rossell i Mas,article,compilada,contemporania,false,pending,,
docs/temes/esports/esqui/esquiadors/roger-vidosa.md,temes/esports/esqui/esquiadors,Roger Vidosa i Riba,article,compilada,contemporania,false,pending,,
docs/temes/esports/esqui/esquiadors/sandra-grau.md,temes/esports/esqui/esquiadors,Sandra Grau i Muxella,article,compilada,contemporania,false,pending,,
docs/temes/esports/esqui/esquiadors/santi-lopez.md,temes/esports/esqui/esquiadors,Santi López i Prats,article,compilada,contemporania,false,pending,,
docs/temes/esports/esqui/esquiadors/sofie-juarez.md,temes/esports/esqui/esquiadors,Sofie Juárez,article,compilada,contemporania,false,pending,,
docs/temes/esports/esqui/esquiadors/vicky-grau.md,temes/esports/esqui/esquiadors,Vicky Grau i Muxella,article,compilada,contemporania,false,pending,,
docs/temes/esports/esqui/esquiadors/victor-gomez.md,temes/esports/esqui/esquiadors,Victor Gómez i Javalera,article,compilada,contemporania,false,pending,,
docs/temes/esports/esqui/esquiadors/xavier-areny.md,temes/esports/esqui/esquiadors,Xavier Areny i Fite,article,compilada,contemporania,false,pending,,
docs/temes/esports/esqui/esquiadors/xavier-barios.md,temes/esports/esqui/esquiadors,Xavier Barios,article,compilada,contemporania,false,pending,,
docs/temes/esports/esqui/esquiadors/xavier-fernandez.md,temes/esports/esqui/esquiadors,Xavier Fernández,article,compilada,contemporania,false,pending,,
docs/temes/esports/esqui/la-rabassa.md,temes/esports/esqui,La Rabassa,article,compilada,contemporania,false,pending,,
docs/temes/esports/estiu/aitor-osorio.md,temes/esports/estiu,Joan Aitor Osorio i Martí,article,compilada,contemporania,false,pending,,
docs/temes/esports/estiu/antoni-bernado.md,temes/esports/estiu,Antoni «Toni» Bernadó i Planas,article,compilada,contemporania,false,pending,,
docs/temes/esports/estiu/antoni-molne.md,temes/esports/estiu,Antoni Molné i Oviedo,article,compilada,contemporania,false,pending,,
docs/temes/esports/estiu/carolina-cerqueda.md,temes/esports/estiu,Carolina Cerqueda i Santacreu,article,compilada,contemporania,false,pending,,
docs/temes/esports/estiu/cristina-llovera.md,temes/esports/estiu,Cristina Llovera i Rossell,article,compilada,contemporania,false,pending,,
docs/temes/esports/estiu/daniel-garcia-gonzalez.md,temes/esports/estiu,Daniel García i González,article,compilada,contemporania,false,pending,,
docs/temes/esports/estiu/david-ramon.md,temes/esports/estiu,David Ramón i Borra,article,compilada,contemporania,false,pending,,
docs/temes/esports/estiu/els-olimpics-d-estiu-index-de-fitxes.md,temes/esports/estiu,Els olímpics d'estiu — índex de fitxes,index,compilada,contemporania,false,pending,,
docs/temes/esports/estiu/emili-perez.md,temes/esports/estiu,Emili Pérez i Font,article,compilada,contemporania,false,pending,,
docs/temes/esports/estiu/esteve-dolsa.md,temes/esports/estiu,Esteve Dolsa i Montaña,article,compilada,contemporania,false,pending,,
docs/temes/esports/estiu/esther-barrugues.md,temes/esports/estiu,Esther Barrugués i Alviñá,article,compilada,contemporania,false,pending,,
docs/temes/esports/estiu/francesc-gaset.md,temes/esports/estiu,Francesc Gaset i Fris,article,compilada,contemporania,false,pending,,
docs/temes/esports/estiu/francesc-repiso.md,temes/esports/estiu,Francesc Repiso Romero,article,compilada,contemporania,false,pending,,
docs/temes/esports/estiu/gerard-barcia.md,temes/esports/estiu,Gerard Barcia i Duedra,article,compilada,contemporania,false,pending,,
docs/temes/esports/estiu/hocine-haciane.md,temes/esports/estiu,Hocine Haciane i Constantin,article,compilada,contemporania,false,pending,,
docs/temes/esports/estiu/joan-besoli.md,temes/esports/estiu,Joan Besolí i Lluelles,article,compilada,contemporania,false,pending,,
docs/temes/esports/estiu/joan-montane.md,temes/esports/estiu,Joan Claudi Montane i Delneufcourt,article,compilada,contemporania,false,pending,,
docs/temes/esports/estiu/joan-tomas-roca.md,temes/esports/estiu,Joan Tomàs i Roca,article,compilada,contemporania,false,pending,,
docs/temes/esports/estiu/josep-graells.md,temes/esports/estiu,Josep Graells i Esquius,article,compilada,contemporania,false,pending,,
docs/temes/esports/estiu/laura-salles.md,temes/esports/estiu,Laura Sallés i López,article,compilada,contemporania,false,pending,,
docs/temes/esports/estiu/margarida-moreno.md,temes/esports/estiu,Margarida «Maggy» Moreno i Sánchez,article,compilada,contemporania,false,pending,,
docs/temes/esports/estiu/meritxell-sabate.md,temes/esports/estiu,Meritxell Sabaté i González,article,compilada,contemporania,false,pending,,
docs/temes/esports/estiu/monica-ramirez.md,temes/esports/estiu,Mònica Ramírez i Abella,article,compilada,contemporania,false,pending,,
docs/temes/esports/estiu/montserrat-garcia-riberaygua.md,temes/esports/estiu,Montserrat García i Riberaygua,article,compilada,contemporania,false,pending,,
docs/temes/esports/estiu/montserrat-pujol.md,temes/esports/estiu,Montserrat Pujol i Joval,article,compilada,contemporania,false,pending,,
docs/temes/esports/estiu/oscar-ramon.md,temes/esports/estiu,Oscar Ramón i Borra,article,compilada,contemporania,false,pending,,
docs/temes/esports/estiu/pol-arias.md,temes/esports/estiu,Pol Arias i Dourdet,article,compilada,contemporania,false,pending,,
docs/temes/esports/estiu/pol-moya.md,temes/esports/estiu,Pol Moya i Betriu,article,compilada,contemporania,false,pending,,
docs/temes/esports/estiu/santiago-deu.md,temes/esports/estiu,Santiago Deu i Sandoval,article,compilada,contemporania,false,pending,,
docs/temes/esports/estiu/silvia-felipo.md,temes/esports/estiu,Silvia Felipo i Suñé,article,compilada,contemporania,false,pending,,
docs/temes/esports/estiu/toni-besoli.md,temes/esports/estiu,Antoni «Toni» Besolí i Cervellera,article,compilada,contemporania,false,pending,,
docs/temes/esports/estiu/victor-martinez.md,temes/esports/estiu,Víctor Manuel Martínez,article,compilada,contemporania,false,pending,,
docs/temes/esports/estiu/xavier-perez.md,temes/esports/estiu,Xavier Pérez i Font,article,compilada,contemporania,false,pending,,
docs/temes/esports/formacio-esportiva/formacio-esportiva-index-de-fitxes.md,esports/formacio-esportiva,Formació esportiva — índex de fitxes,index,,,false,pending,,
docs/temes/esports/formacio-esportiva/lefpem.md,temes/esports/formacio-esportiva,L'Efpem,article,compilada,contemporania,false,pending,,
docs/temes/esports/futbol/aaron-sanchez.md,temes/esports/futbol,Aarón Sánchez i Alburquerque,article,compilada,contemporania,false,pending,,
docs/temes/esports/futbol/adri-rodrigues.md,temes/esports/futbol,Adrián «Adri» Rodrígues i Gonçalves,article,compilada,contemporania,false,pending,,
docs/temes/esports/futbol/agusti-pol.md,temes/esports/futbol,Agustí Pol,article,compilada,contemporania,false,pending,,
docs/temes/esports/futbol/albert-alavedra.md,temes/esports/futbol,Albert Alavedra i Jiménez,article,compilada,contemporania,false,pending,,
docs/temes/esports/futbol/albert-reyes.md,temes/esports/futbol,Albert Reyes i Roig,article,compilada,contemporania,false,pending,,
docs/temes/esports/futbol/albert-rosas.md,temes/esports/futbol,Albert «Berto» Rosas i Ubach,article,compilada,contemporania,false,pending,,
docs/temes/esports/futbol/aleix-viladot.md,temes/esports/futbol,Aleix Viladot i Caramés,article,compilada,contemporania,false,pending,,
docs/temes/esports/futbol/alex-martinez.md,temes/esports/futbol,Alexandre «Àlex» Martínez i Palau,article,compilada,contemporania,false,pending,,
docs/temes/esports/futbol/alex-rodriguez.md,temes/esports/futbol,Àlex Rodríguez,article,compilada,contemporania,false,pending,,
docs/temes/esports/futbol/alex-ruiz.md,temes/esports/futbol,Alexandre «Álex» Ruiz i Campagne,article,compilada,contemporania,false,pending,,
docs/temes/esports/futbol/alex-somoza.md,temes/esports/futbol,Alexandre «Álex» Somoza i Losada,article,compilada,contemporania,false,pending,,
docs/temes/esports/futbol/alexandre-martinez.md,temes/esports/futbol,Alexandre Rubén Martínez i Gutiérrez,article,compilada,contemporania,false,pending,,
docs/temes/esports/futbol/alfonso-sanchez.md,temes/esports/futbol,Alfonso Sánchez,article,compilada,contemporania,false,pending,,
docs/temes/esports/futbol/andreu-matos.md,temes/esports/futbol,Andreu Matos i Muñoz,article,compilada,contemporania,false,pending,,
docs/temes/esports/futbol/angel-martin.md,temes/esports/futbol,Ángel Martín,article,compilada,contemporania,false,pending,,
docs/temes/esports/futbol/antoni-giribet.md,temes/esports/futbol,Antoni Giribet i Fiter,article,compilada,contemporania,false,pending,,
docs/temes/esports/futbol/antoni-lima.md,temes/esports/futbol,Antoni «Toni» Lima i Solà,article,compilada,contemporania,false,pending,,
docs/temes/esports/futbol/antoni-sivera.md,temes/esports/futbol,Antoni Sivera,article,compilada,contemporania,false,pending,,
docs/temes/esports/futbol/aron-rodrigo.md,temes/esports/futbol,Aron Rodrigo i Tapia,article,compilada,contemporania,false,pending,,
docs/temes/esports/futbol/biel-borra.md,temes/esports/futbol,Biel Borra i Font,article,compilada,contemporania,false,pending,,
docs/temes/esports/futbol/carlos-peppe.md,temes/esports/futbol,Carlos Eduardo «Edu» Peppe i Britos,article,compilada,contemporania,false,pending,,
docs/temes/esports/futbol/christian-garcia.md,temes/esports/futbol,Christian García i González,article,compilada,contemporania,false,pending,,
docs/temes/esports/futbol/clubs-i-competicions/clubs-i-competicions-index-de-fitxes.md,temes/esports/futbol/clubs-i-competicions,Clubs i competicions — índex de fitxes,article,compilada,contemporania,false,pending,,
docs/temes/esports/futbol/clubs-i-competicions/els-clubs.md,temes/esports/futbol/clubs-i-competicions,Els clubs,article,compilada,contemporania,false,pending,,
docs/temes/esports/futbol/clubs-i-competicions/fc-andorra.md,temes/esports/futbol/clubs-i-competicions,El FC Andorra,article,compilada,contemporania,false,pending,,
docs/temes/esports/futbol/clubs-i-competicions/la-copa.md,temes/esports/futbol/clubs-i-competicions,La Copa Constitució,article,compilada,contemporania,false,pending,,
docs/temes/esports/futbol/clubs-i-competicions/la-federacio.md,temes/esports/futbol/clubs-i-competicions,La Federació Andorrana de Futbol,article,compilada,contemporania,false,pending,,
docs/temes/esports/futbol/clubs-i-competicions/la-lliga.md,temes/esports/futbol/clubs-i-competicions,La lliga que es juga en camps de la federació — i un a Espanya,article,compilada,contemporania,false,pending,,
docs/temes/esports/futbol/cristian-martinez.md,temes/esports/futbol,Cristian Martínez i Alejo,article,compilada,contemporania,false,pending,,
docs/temes/esports/futbol/cristian-roig.md,temes/esports/futbol,Cristian Roig i Mauri,article,compilada,contemporania,false,pending,,
docs/temes/esports/futbol/dacu.md,temes/esports/futbol,Adrián «Dacu» Da Cunha i Costa Gomes,article,compilada,contemporania,false,pending,,
docs/temes/esports/futbol/dani-ferron.md,temes/esports/futbol,Daniel «Dani» Ferrón i Pérez,article,compilada,contemporania,false,pending,,
docs/temes/esports/futbol/daniel-mejias.md,temes/esports/futbol,Daniel Mejías i Hurtado,article,compilada,contemporania,false,pending,,
docs/temes/esports/futbol/david-buxo.md,temes/esports/futbol,David Buxó,article,compilada,contemporania,false,pending,,
docs/temes/esports/futbol/david-maneiro.md,temes/esports/futbol,David Maneiro,article,compilada,contemporania,false,pending,,
docs/temes/esports/futbol/diego-najera.md,temes/esports/futbol,Diego Alejandro Nájera i Quintero,article,compilada,contemporania,false,pending,,
docs/temes/esports/futbol/emili-garcia.md,temes/esports/futbol,Emili Josep García i Miramontes,article,compilada,contemporania,false,pending,,
docs/temes/esports/futbol/emiliano-gonzalez.md,temes/esports/futbol,Emiliano González i Arqués,article,compilada,contemporania,false,pending,,
docs/temes/esports/futbol/eric-de-las-heras.md,temes/esports/futbol,Èric de las Heras i Izquierdo,article,compilada,contemporania,false,pending,,
docs/temes/esports/futbol/eric-de-pablos.md,temes/esports/futbol,Èric de Pablos i Solà,article,compilada,contemporania,false,pending,,
docs/temes/esports/futbol/eric-vales.md,temes/esports/futbol,Èric Vales i Ramos,article,compilada,contemporania,false,pending,,
docs/temes/esports/futbol/femeni/ainara-ruiz.md,temes/esports/futbol/femeni,Ainara Ruiz,article,compilada,contemporania,false,pending,,
docs/temes/esports/futbol/femeni/ainhoa-fernandez.md,temes/esports/futbol/femeni,Ainhoa Fernández,article,compilada,contemporania,false,pending,,
docs/temes/esports/futbol/femeni/aitana-colobrans.md,temes/esports/futbol/femeni,Aitana Colobrans,article,compilada,contemporania,false,pending,,
docs/temes/esports/futbol/femeni/alba-lopez.md,temes/esports/futbol/femeni,Alba López,article,compilada,contemporania,false,pending,,
docs/temes/esports/futbol/femeni/alba-martin.md,temes/esports/futbol/femeni,Alba Martín,article,compilada,contemporania,false,pending,,
docs/temes/esports/futbol/femeni/andreina-silva.md,temes/esports/futbol/femeni,Andreina Silva,article,compilada,contemporania,false,pending,,
docs/temes/esports/futbol/femeni/ariana-correia.md,temes/esports/futbol/femeni,Ariana Correia,article,compilada,contemporania,false,pending,,
docs/temes/esports/futbol/femeni/bibiana-goncalves.md,temes/esports/futbol/femeni,Bibiana Gonçalves,article,compilada,contemporania,false,pending,,
docs/temes/esports/futbol/femeni/chloe-izquierdo.md,temes/esports/futbol/femeni,Chloe Izquierdo,article,compilada,contemporania,false,pending,,
docs/temes/esports/futbol/femeni/claudia-plaja.md,temes/esports/futbol/femeni,Clàudia Plaja,article,compilada,contemporania,false,pending,,
docs/temes/esports/futbol/femeni/cristina-lacour.md,temes/esports/futbol/femeni,Cristina Lacour,article,compilada,contemporania,false,pending,,
docs/temes/esports/futbol/femeni/daniela-rodrigues.md,temes/esports/futbol/femeni,Daniela Rodrigues,article,compilada,contemporania,false,pending,,
docs/temes/esports/futbol/femeni/erica-goncalves.md,temes/esports/futbol/femeni,Erica Gonçalves,article,compilada,contemporania,false,pending,,
docs/temes/esports/futbol/femeni/futbol-femeni-index-de-fitxes.md,temes/esports/futbol/femeni,Futbol femení — índex de fitxes,article,compilada,contemporania,false,pending,,
docs/temes/esports/futbol/femeni/gemma-lluch.md,temes/esports/futbol/femeni,Gemma Lluch,article,compilada,contemporania,false,pending,,
docs/temes/esports/futbol/femeni/iria-dominguez.md,temes/esports/futbol/femeni,Iria Domínguez,article,compilada,contemporania,false,pending,,
docs/temes/esports/futbol/femeni/julia-domingo.md,temes/esports/futbol/femeni,Júlia Domingo,article,compilada,contemporania,false,pending,,
docs/temes/esports/futbol/femeni/julia-rodriguez.md,temes/esports/futbol/femeni,Júlia Rodríguez,article,compilada,contemporania,false,pending,,
docs/temes/esports/futbol/femeni/la-seleccio-femenina.md,temes/esports/futbol/femeni,La selecció femenina,article,compilada,contemporania,false,pending,,
docs/temes/esports/futbol/femeni/laia-sin.md,temes/esports/futbol/femeni,Laia Sin,article,compilada,contemporania,false,pending,,
docs/temes/esports/futbol/femeni/laia-sole.md,temes/esports/futbol/femeni,Laia Solé,article,compilada,contemporania,false,pending,,
docs/temes/esports/futbol/femeni/laura-borja.md,temes/esports/futbol/femeni,Laura Borja,article,compilada,contemporania,false,pending,,
docs/temes/esports/futbol/femeni/lluna-gallego.md,temes/esports/futbol/femeni,Lluna Gallego,article,compilada,contemporania,false,pending,,
docs/temes/esports/futbol/femeni/lola-campos.md,temes/esports/futbol/femeni,Lola Campos,article,compilada,contemporania,false,pending,,
docs/temes/esports/futbol/femeni/lucia-culleres.md,temes/esports/futbol/femeni,Lúcia Cullerés,article,compilada,contemporania,false,pending,,
docs/temes/esports/futbol/femeni/luna-marcet.md,temes/esports/futbol/femeni,Luna Marcet,article,compilada,contemporania,false,pending,,
docs/temes/esports/futbol/femeni/luz-zurdo.md,temes/esports/futbol/femeni,Luz Zurdo,article,compilada,contemporania,false,pending,,
docs/temes/esports/futbol/femeni/margot-llobera.md,temes/esports/futbol/femeni,Margot Llobera i Farré,article,compilada,contemporania,false,pending,,
docs/temes/esports/futbol/femeni/maria-cardoso.md,temes/esports/futbol/femeni,María Cardoso,article,compilada,contemporania,false,pending,,
docs/temes/esports/futbol/femeni/maria-da-cruz.md,temes/esports/futbol/femeni,Maria da Cruz,article,compilada,contemporania,false,pending,,
docs/temes/esports/futbol/femeni/maria-moles.md,temes/esports/futbol/femeni,Maria Moles i Farré,article,compilada,contemporania,false,pending,,
docs/temes/esports/futbol/femeni/maria-ruzafa.md,temes/esports/futbol/femeni,Maria Ruzafa i Lozano,article,compilada,contemporania,false,pending,,
docs/temes/esports/futbol/femeni/marina-fernandez.md,temes/esports/futbol/femeni,Marina Fernández i Muelas,article,compilada,contemporania,false,pending,,
docs/temes/esports/futbol/femeni/miriam-tizon.md,temes/esports/futbol/femeni,Míriam Tizón,article,compilada,contemporania,false,pending,,
docs/temes/esports/futbol/femeni/neus-rosas.md,temes/esports/futbol/femeni,Neus Rosas,article,compilada,contemporania,false,pending,,
docs/temes/esports/futbol/femeni/noa-gallinat.md,temes/esports/futbol/femeni,Noa Gallinat,article,compilada,contemporania,false,pending,,
docs/temes/esports/futbol/femeni/olga-sabio.md,temes/esports/futbol/femeni,Olga Sabio,article,compilada,contemporania,false,pending,,
docs/temes/esports/futbol/femeni/paula-da-silva.md,temes/esports/futbol/femeni,Paula da Silva,article,compilada,contemporania,false,pending,,
docs/temes/esports/futbol/femeni/samantha-reyes.md,temes/esports/futbol/femeni,Samantha Reyes,article,compilada,contemporania,false,pending,,
docs/temes/esports/futbol/femeni/sonia-carranca.md,temes/esports/futbol/femeni,Sònia Carrancà,article,compilada,contemporania,false,pending,,
docs/temes/esports/futbol/femeni/teresa-morato.md,temes/esports/futbol/femeni,Teresa «Tere» Morató i Armengol,article,compilada,contemporania,false,pending,,
docs/temes/esports/futbol/femeni/uma-de-vertiz.md,temes/esports/futbol/femeni,Uma de Vertiz,article,compilada,contemporania,false,pending,,
docs/temes/esports/futbol/femeni/violeta-de-freitas.md,temes/esports/futbol/femeni,Violeta de Freitas,article,compilada,contemporania,false,pending,,
docs/temes/esports/futbol/fernando-silva.md,temes/esports/futbol,Fernando José Silva i García,article,compilada,contemporania,false,pending,,
docs/temes/esports/futbol/ferran-pol.md,temes/esports/futbol,Ferran Pol i Pérez,article,compilada,contemporania,false,pending,,
docs/temes/esports/futbol/francesc-ramirez.md,temes/esports/futbol,Francesc Ramírez,article,compilada,contemporania,false,pending,,
docs/temes/esports/futbol/futbol-index-de-fitxes.md,temes/esports/futbol,Futbol — índex de fitxes,index,compilada,contemporania,false,pending,,
docs/temes/esports/futbol/gabi-riera.md,temes/esports/futbol,Gabriel «Gabi» Riera i Lancha,article,compilada,contemporania,false,pending,,
docs/temes/esports/futbol/genis-garcia.md,temes/esports/futbol,Genís García i Iscla,article,compilada,contemporania,false,pending,,
docs/temes/esports/futbol/guillaume-lopez.md,temes/esports/futbol,Guillaume Silvain López,article,compilada,contemporania,false,pending,,
docs/temes/esports/futbol/ian-olivera.md,temes/esports/futbol,Ian Bryan Olivera i de Oliveira,article,compilada,contemporania,false,pending,,
docs/temes/esports/futbol/iker-alvarez.md,temes/esports/futbol,Iker Álvarez de Eulate i Molné,article,compilada,contemporania,false,pending,,
docs/temes/esports/futbol/ildefons-lima.md,temes/esports/futbol,Ildefons Lima i Solà,article,compilada,contemporania,false,pending,,
docs/temes/esports/futbol/ivan-lorenzo.md,temes/esports/futbol,Iván Lorenzo i Roncero,article,compilada,contemporania,false,pending,,
docs/temes/esports/futbol/ivan-rodriguez.md,temes/esports/futbol,Iván Rodríguez i Martos,article,compilada,contemporania,false,pending,,
docs/temes/esports/futbol/izan-fernandez.md,temes/esports/futbol,Izan Fernández i Vieitez,article,compilada,contemporania,false,pending,,
docs/temes/esports/futbol/jesus-lucendo.md,temes/esports/futbol,Jesús Julián Lucendo i Heredia,article,compilada,contemporania,false,pending,,
docs/temes/esports/futbol/jesus-rubio.md,temes/esports/futbol,Jesús «Txus» Rubio i Gómez,article,compilada,contemporania,false,pending,,
docs/temes/esports/futbol/joan-cervos.md,temes/esports/futbol,Joan Cervós i Moro,article,compilada,contemporania,false,pending,,
docs/temes/esports/futbol/joan-toscano.md,temes/esports/futbol,Joan Carles Toscano i Beltrán,article,compilada,contemporania,false,pending,,
docs/temes/esports/futbol/joao-teixeira.md,temes/esports/futbol,João Pedro da Silva Teixeira,article,compilada,contemporania,false,pending,,
docs/temes/esports/futbol/joaquim-besora.md,temes/esports/futbol,Joaquim Salvat i Besora,article,compilada,contemporania,false,pending,,
docs/temes/esports/futbol/joel-guillen.md,temes/esports/futbol,Joel Guillén i García,article,compilada,contemporania,false,pending,,
docs/temes/esports/futbol/joel-martinez.md,temes/esports/futbol,Francisc Joel Martínez i Vilar,article,compilada,contemporania,false,pending,,
docs/temes/esports/futbol/jordi-alaez.md,temes/esports/futbol,Jordi Aláez i Peña,article,compilada,contemporania,false,pending,,
docs/temes/esports/futbol/jordi-benet.md,temes/esports/futbol,Jordi Benet,article,compilada,contemporania,false,pending,,
docs/temes/esports/futbol/jordi-escura.md,temes/esports/futbol,Jordi Escura i Aixàs,article,compilada,contemporania,false,pending,,
docs/temes/esports/futbol/jordi-rubio.md,temes/esports/futbol,Jordi Rubio i Gómez,article,compilada,contemporania,false,pending,,
docs/temes/esports/futbol/josep-ayala.md,temes/esports/futbol,Josep Manel Ayala i Díaz,article,compilada,contemporania,false,pending,,
docs/temes/esports/futbol/josep-gomes.md,temes/esports/futbol,Josep Antoni Gómes i Moreira,article,compilada,contemporania,false,pending,,
docs/temes/esports/futbol/juli-fernandez.md,temes/esports/futbol,Julià «Juli» Fernàndez i Ariza,article,compilada,contemporania,false,pending,,
docs/temes/esports/futbol/juli-sanchez.md,temes/esports/futbol,Julià «Juli» Sánchez i Soto,article,compilada,contemporania,false,pending,,
docs/temes/esports/futbol/justo-ruiz.md,temes/esports/futbol,Justo Ruiz i González,article,compilada,contemporania,false,pending,,
docs/temes/esports/futbol/kiko-pomares.md,temes/esports/futbol,Francisco «Kiko» Pomares i Ortega,article,compilada,contemporania,false,pending,,
docs/temes/esports/futbol/koldo-alvarez.md,temes/esports/futbol,Koldo Álvarez de Eulate i Güergue,article,compilada,contemporania,false,pending,,
docs/temes/esports/futbol/la-seleccio.md,temes/esports/futbol,La selecció,article,compilada,contemporania,false,pending,,
docs/temes/esports/futbol/leonel-alves.md,temes/esports/futbol,Leonel Felipe Alves Alves,article,compilada,contemporania,false,pending,,
docs/temes/esports/futbol/ludovic-clemente.md,temes/esports/futbol,Ludovic Clemente i Garcés,article,compilada,contemporania,false,pending,,
docs/temes/esports/futbol/luigi-san-nicolas.md,temes/esports/futbol,Luigi San Nicolás i Schellens,article,compilada,contemporania,false,pending,,
docs/temes/esports/futbol/luis-blanco.md,temes/esports/futbol,Luis Emilio Blanco Coto,article,compilada,contemporania,false,pending,,
docs/temes/esports/futbol/manolo-jimenez.md,temes/esports/futbol,Manuel «Manolo» Jiménez i Soria,article,compilada,contemporania,false,pending,,
docs/temes/esports/futbol/marc-bernaus.md,temes/esports/futbol,Marc Bernaus i Cano,article,compilada,contemporania,false,pending,,
docs/temes/esports/futbol/marc-ferre.md,temes/esports/futbol,Marc Ferré i Nazzaro,article,compilada,contemporania,false,pending,,
docs/temes/esports/futbol/marc-garcia.md,temes/esports/futbol,Marc García i Renom,article,compilada,contemporania,false,pending,,
docs/temes/esports/futbol/marc-pujol.md,temes/esports/futbol,Marc Pujol i Pons,article,compilada,contemporania,false,pending,,
docs/temes/esports/futbol/marc-rebes.md,temes/esports/futbol,Marc Rebés i Ruiz,article,compilada,contemporania,false,pending,,
docs/temes/esports/futbol/marc-vales.md,temes/esports/futbol,Marc Vales i González,article,compilada,contemporania,false,pending,,
docs/temes/esports/futbol/marcio-vieira.md,temes/esports/futbol,Márcio Vieira de Vasconcelos,article,compilada,contemporania,false,pending,,
docs/temes/esports/futbol/max-llovera.md,temes/esports/futbol,Max Llovera i González-Adrio,article,compilada,contemporania,false,pending,,
docs/temes/esports/futbol/moises-san-nicolas.md,temes/esports/futbol,Moisés San Nicolás i Schellens,article,compilada,contemporania,false,pending,,
docs/temes/esports/futbol/oscar-sonejee.md,temes/esports/futbol,Óscar Sonejee i Masand,article,compilada,contemporania,false,pending,,
docs/temes/esports/futbol/pau-babot.md,temes/esports/futbol,Pau Klaus Babot i Müller,article,compilada,contemporania,false,pending,,
docs/temes/esports/futbol/ricard-fernandez.md,temes/esports/futbol,Ricard «Cucu» Fernández i Betriu,article,compilada,contemporania,false,pending,,
docs/temes/esports/futbol/richard-imbernon.md,temes/esports/futbol,Richard Imbernón i Ríos,article,compilada,contemporania,false,pending,,
docs/temes/esports/futbol/roberto-jonas.md,temes/esports/futbol,Roberto Jonas i Alonso,article,compilada,contemporania,false,pending,,
docs/temes/esports/futbol/samir-bousenine.md,temes/esports/futbol,Samir Bousenine,article,compilada,contemporania,false,pending,,
docs/temes/esports/futbol/sebastian-gomez.md,temes/esports/futbol,Sebastián Gómez i Pérez,article,compilada,contemporania,false,pending,,
docs/temes/esports/futbol/sergi-moreno.md,temes/esports/futbol,Sergi Moreno i Marín,article,compilada,contemporania,false,pending,,
docs/temes/esports/futbol/txema-garcia.md,temes/esports/futbol,José Manuel «Txema» García i Luena,article,compilada,contemporania,false,pending,,
docs/temes/esports/futbol/victor-bernat.md,temes/esports/futbol,Víctor Bernat i Cuadros,article,compilada,contemporania,false,pending,,
docs/temes/esports/futbol/victor-moreira.md,temes/esports/futbol,Víctor Hugo Moreira i Teixeira,article,compilada,contemporania,false,pending,,
docs/temes/esports/futbol/victor-rodriguez.md,temes/esports/futbol,Víctor Rodríguez i Soria,article,compilada,contemporania,false,pending,,
docs/temes/esports/futbol/xavi-andorra.md,temes/esports/futbol,Javier «Xavi» Andorrà i Julià,article,compilada,contemporania,false,pending,,
docs/temes/esports/futbol/xavier-gil.md,temes/esports/futbol,Francesc Xavier Gil i Sánchez,article,compilada,contemporania,false,pending,,
docs/temes/esports/futbol/xavier-soria.md,temes/esports/futbol,Xavier Soria,article,compilada,contemporania,false,pending,,
docs/temes/esports/futbol/xavier-vieira.md,temes/esports/futbol,Xavier Vieira i de Vasconcelos,article,compilada,contemporania,false,pending,,
docs/temes/esports/futbol/xisco-pires.md,temes/esports/futbol,Francisco Manuel «Xisco» Pires i Costa,article,compilada,contemporania,false,pending,,
docs/temes/esports/seleccions/el-basquet-femeni.md,temes/esports/seleccions,"El bàsquet femení: onze campionats, una medalla i dues absències que diuen molt",article,compilada,contemporania,false,pending,,
docs/temes/esports/seleccions/el-basquet.md,temes/esports/seleccions,El bàsquet: sis títols europeus que el corpus no sabia que existien,article,compilada,contemporania,false,pending,,
docs/temes/esports/seleccions/el-futbol-sala.md,temes/esports/seleccions,El futbol sala,article,compilada,contemporania,false,pending,,
docs/temes/esports/seleccions/el-rugbi.md,temes/esports/seleccions,"El rugbi: Els Isards, i un camp a França",article,compilada,contemporania,false,pending,,
docs/temes/esports/seleccions/el-tennis.md,temes/esports/seleccions,El tennis: seixanta-tres eliminatòries de Copa Davis,article,compilada,contemporania,false,pending,,
docs/temes/esports/seleccions/els-deu-primers-campions-del-1998.md,temes/esports/seleccions,"Els deu primers campions: Gibraltar, 1998",article,compilada,contemporania,false,pending,,
docs/temes/esports/seleccions/els-dotze-campions-a-casa-del-2000.md,temes/esports/seleccions,"Els dotze campions a casa: Andorra, 2000",article,compilada,contemporania,false,pending,,
docs/temes/esports/seleccions/els-dotze-campions-del-2024.md,temes/esports/seleccions,Els dotze campions del 2024,article,compilada,contemporania,false,pending,,
docs/temes/esports/seleccions/els-dotze-de-la-primera-final-del-2004.md,temes/esports/seleccions,"Els dotze de la primera final: Andorra, 2004",article,compilada,contemporania,false,pending,,
docs/temes/esports/seleccions/els-dotze-del-triple-de-galera-del-2014.md,temes/esports/seleccions,Els dotze del triple de Galera del 2014,article,compilada,contemporania,false,pending,,
docs/temes/esports/seleccions/els-dotze-dels-set-segons-del-2012.md,temes/esports/seleccions,"Els dotze dels set segons: Andorra, 2012",article,compilada,contemporania,false,pending,,
docs/temes/esports/seleccions/les-seleccions-index-de-fitxes.md,temes/esports/seleccions,Les seleccions — índex de fitxes,article,compilada,contemporania,false,pending,,
docs/temes/esports/seleccions/lhandbol.md,temes/esports/seleccions,L'handbol,article,compilada,contemporania,false,pending,,
docs/temes/esports/seleccions/lhoquei-gel.md,temes/esports/seleccions,L'hoquei gel: un 12-0 i un 24-2,article,compilada,contemporania,false,pending,,
docs/temes/esports/seleccions/lhoquei-patins.md,temes/esports/seleccions,L'hoquei sobre patins: dos campionats del món i una setena plaça mundial,article,compilada,contemporania,false,pending,,
docs/temes/gastronomia/begudes/begudes-index-de-fitxes.md,gastronomia/begudes,Begudes — índex de fitxes,index,,,false,pending,,
docs/temes/gastronomia/begudes/el-vi-dandorra.md,temes/gastronomia/begudes,El vi d'Andorra,article,compilada,contemporania,false,pending,,
docs/temes/gastronomia/calendari-gastronomic/calendari-gastronomic-index-de-fitxes.md,gastronomia/calendari-gastronomic,Calendari gastronòmic — índex de fitxes,index,,,false,pending,,
docs/temes/gastronomia/calendari-gastronomic/calendari-gastronomic.md,temes/gastronomia/calendari-gastronomic,Calendari gastronòmic,article,compilada,contemporania,false,pending,,
docs/temes/gastronomia/gastronomia-d-andorra-index-de-fitxes.md,gastronomia,Gastronomia d'Andorra — índex de fitxes,index,,,false,pending,,
docs/temes/gastronomia/historia-alimentaria/com-es-menjava.md,temes/gastronomia/historia-alimentaria,Com es menjava,article,compilada,contemporania,false,pending,,
docs/temes/gastronomia/historia-alimentaria/el-gir-dels-seixanta.md,temes/gastronomia/historia-alimentaria,El gir dels seixanta,article,compilada,contemporania,false,pending,,
docs/temes/gastronomia/historia-alimentaria/el-racionament-de-1937.md,temes/gastronomia/historia-alimentaria,El racionament de 1937,article,compilada,contemporania,false,pending,,
docs/temes/gastronomia/historia-alimentaria/historia-alimentaria-index-de-fitxes.md,gastronomia/historia-alimentaria,Història alimentària — índex de fitxes,index,,,false,pending,,
docs/temes/gastronomia/historia-alimentaria/lapat-de-la-consorcia-1833.md,temes/gastronomia/historia-alimentaria,L'àpat de la Consòrcia de 1833,article,compilada,contemporania,false,pending,,
docs/temes/gastronomia/historia-alimentaria/les-tres-taules.md,temes/gastronomia/historia-alimentaria,Les tres taules,article,compilada,contemporania,false,pending,,
docs/temes/gastronomia/plats/el-trinxat.md,temes/gastronomia/plats,El trinxat,article,compilada,contemporania,false,pending,,
docs/temes/gastronomia/plats/les-receptes-de-fra-sever.md,temes/gastronomia/plats,Les receptes de Fra Sever d'Olot (1787),article,compilada,contemporania,false,pending,,
docs/temes/gastronomia/plats/lescudella-de-sant-antoni.md,temes/gastronomia/plats,L'escudella de Sant Antoni,article,compilada,contemporania,false,pending,,
docs/temes/gastronomia/plats/menges-del-forn-tradicional.md,temes/gastronomia/plats,Menges del forn tradicional,article,compilada,contemporania,false,pending,,
docs/temes/gastronomia/plats/plats-index-de-fitxes.md,gastronomia/plats,Plats — índex de fitxes,index,,,false,pending,,
docs/temes/gastronomia/plats/plats.md,temes/gastronomia/plats,Plats — índex,article,compilada,contemporania,false,pending,,
docs/temes/gastronomia/productes/la-trumfa.md,temes/gastronomia/productes,La trumfa,article,compilada,contemporania,false,pending,,
docs/temes/gastronomia/productes/productes-index-de-fitxes.md,gastronomia/productes,Productes — índex de fitxes,index,,,false,pending,,
docs/temes/gastronomia/productes/productes.md,temes/gastronomia/productes,Productes,article,compilada,contemporania,false,pending,,
docs/temes/gastronomia/rebosteria/la-coca-massegada.md,temes/gastronomia/rebosteria,La coca massegada,article,compilada,contemporania,false,pending,,
docs/temes/gastronomia/rebosteria/rebosteria-index-de-fitxes.md,gastronomia/rebosteria,Rebosteria — índex de fitxes,index,,,false,pending,,
docs/temes/historia/antic-regim/a-andorra-qui-no-te-fills-es-menys-lliure.md,temes/historia/antic-regim,A Andorra qui no té fills és menys lliure,article,compilada,historica,false,pending,,
docs/temes/historia/antic-regim/antic-regim-index-de-fitxes.md,historia/antic-regim,Antic règim — índex de fitxes,index,,,false,pending,,
docs/temes/historia/antic-regim/apoca-dot-ordino-1581.md,temes/historia/antic-regim,"Una mare i una filla reconeixen un dot a Ordino, 1581",article,compilada,historica,false,pending,,
docs/temes/historia/antic-regim/cens-anual-empriu-lles-1600.md,temes/historia/antic-regim,"El cens anual de l’empriu de Lles, 1600",article,compilada,historica,false,pending,,
docs/temes/historia/antic-regim/cens-empriu-lles-travesseres-1489.md,temes/historia/antic-regim,"Quan el batlle de Travesseres rebutja l’àpoca del cens, 1489",article,compilada,historica,false,pending,,
docs/temes/historia/antic-regim/censos-de-la-pera-1635-1642.md,temes/historia/antic-regim,"Els censos de la muntanya de la Pera, 1635–1642",article,compilada,historica,false,pending,,
docs/temes/historia/antic-regim/concordia-lles-andorra-emprius-1570.md,temes/historia/antic-regim,"Abans de la sentència, Lles i Andorra signen una concòrdia pels emprius, 1570",article,compilada,historica,false,pending,,
docs/temes/historia/antic-regim/domestics-dun-rang-una-mica-mes-elevat.md,temes/historia/antic-regim,Domèstics d'un rang una mica més elevat,article,compilada,historica,false,pending,,
docs/temes/historia/antic-regim/dos-capitols-matrimonials-de-1788.md,temes/historia/antic-regim,Dos capítols matrimonials de 1788,article,compilada,contemporania,false,pending,,
docs/temes/historia/antic-regim/el-bisbe-bernat-de-salba-confirma-els-privilegis-1610.md,temes/historia/antic-regim,El bisbe Bernat de Salbà confirma els privilegis (1610),article,compilada,historica,false,pending,,
docs/temes/historia/antic-regim/el-consell-arbitra-un-conflicte-de-ramats-entre-valls-1592.md,temes/historia/antic-regim,"El Consell arbitra un conflicte de ramats entre valls, 1592",article,compilada,historica,false,pending,,
docs/temes/historia/antic-regim/el-dot-va-canviar-de-terra.md,temes/historia/antic-regim,El dot va canviar de terra,article,compilada,historica,false,pending,,
docs/temes/historia/antic-regim/el-dot.md,temes/historia/antic-regim,El dot,article,compilada,contemporania,false,pending,,
docs/temes/historia/antic-regim/el-rei-es-sobira-pero-no-ho-es-tot-sol.md,temes/historia/antic-regim,"El rei és sobirà, però no ho és tot sol",article,compilada,historica,false,pending,,
docs/temes/historia/antic-regim/els-capitols-matrimonials.md,temes/historia/antic-regim,Els capítols matrimonials,article,compilada,contemporania,false,pending,,
docs/temes/historia/antic-regim/els-fills-illegitims-no-existeixen-deien.md,temes/historia/antic-regim,"Els fills il·legítims no existeixen, deien",article,compilada,historica,false,pending,,
docs/temes/historia/antic-regim/els-nets-abans-que-el-fill.md,temes/historia/antic-regim,Els néts abans que el fill,article,compilada,historica,false,pending,,
docs/temes/historia/antic-regim/es-va-treure-el-barret-perque-feia-vent.md,temes/historia/antic-regim,Es va treure el barret perquè feia vent,article,compilada,contemporania,false,pending,,
docs/temes/historia/antic-regim/fas-hereva-la-mia-anima.md,temes/historia/antic-regim,Fas hereva la mia ànima,article,compilada,historica,false,pending,,
docs/temes/historia/antic-regim/la-casa-als-papers.md,temes/historia/antic-regim,La casa als papers,article,compilada,historica,false,pending,,
docs/temes/historia/antic-regim/la-gabella-de-siguer-i-els-papers-de-caulet-1612-1615.md,temes/historia/antic-regim,La gabella de Siguer i els papers de Caulet (1612-1615),article,compilada,historica,false,pending,,
docs/temes/historia/antic-regim/la-institucio-no-es-publica.md,temes/historia/antic-regim,La institució no és pública,article,compilada,historica,false,pending,,
docs/temes/historia/antic-regim/la-nissaga-perich.md,temes/historia/antic-regim,"La nissaga Perich, o per què una casa andorrana canvia de nom",article,compilada,contemporania,false,pending,,
docs/temes/historia/antic-regim/la-questia.md,temes/historia/antic-regim,La quèstia,article,compilada,contemporania,false,pending,,
docs/temes/historia/antic-regim/la-reial-audiencia-i-empriu-pera-1572.md,temes/historia/antic-regim,"La Reial Audiència intervé en l’empriu de la Pera, 1572",article,compilada,historica,false,pending,,
docs/temes/historia/antic-regim/la-sentencia-que-protegeix-la-farina-dencamp-1606.md,temes/historia/antic-regim,La sentència que protegeix la farina d’Encamp (1606),article,compilada,historica,false,pending,,
docs/temes/historia/antic-regim/la-suma-sacramental-de-cinc-sous.md,temes/historia/antic-regim,La suma sacramental de cinc sous,article,compilada,historica,false,pending,,
docs/temes/historia/antic-regim/la-vall-defensa-els-privilegis-davant-caramany-1618.md,temes/historia/antic-regim,La Vall defensa els privilegis davant el comte de Caramany (1618),article,compilada,historica,false,pending,,
docs/temes/historia/antic-regim/la-vall-demana-mantenir-el-comerc-amb-franca-1604.md,temes/historia/antic-regim,La Vall demana mantenir el comerç amb França (1604),article,compilada,historica,false,pending,,
docs/temes/historia/antic-regim/la-vall-reivindica-els-seus-jutges-i-els-seus-bens-1612.md,temes/historia/antic-regim,La Vall reivindica els seus jutges i els seus béns (1612),article,compilada,historica,false,pending,,
docs/temes/historia/antic-regim/landorra-es-mes-medieval-que-el-seu-costum.md,temes/historia/antic-regim,L'andorrà és més medieval que el seu costum,article,compilada,historica,false,pending,,
docs/temes/historia/antic-regim/lantic-regim.md,temes/historia/antic-regim,L'antic règim,article,compilada,contemporania,false,pending,,
docs/temes/historia/antic-regim/les-estrategies-matrimonials.md,temes/historia/antic-regim,Les estratègies matrimonials,article,compilada,contemporania,false,pending,,
docs/temes/historia/antic-regim/lhereu-i-el-cabaler.md,temes/historia/antic-regim,L'hereu i el cabaler,article,compilada,contemporania,false,pending,,
docs/temes/historia/antic-regim/lluis-xiii-confirma-els-privilegis-1611.md,temes/historia/antic-regim,Lluís XIII confirma els privilegis d’Andorra (1611),article,compilada,historica,false,pending,,
docs/temes/historia/antic-regim/massa-facil-fer-la-vida-impossible-al-gendre.md,temes/historia/antic-regim,Massa fàcil fer la vida impossible al gendre,article,compilada,historica,false,pending,,
docs/temes/historia/antic-regim/mig-per-mig-com-vulgarment-es-diu-a-la-vall-dandorra.md,temes/historia/antic-regim,"Mig per mig, com vulgarment es diu a la vall d'Andorra",article,compilada,historica,false,pending,,
docs/temes/historia/antic-regim/no-son-un-contracte-son-una-llei.md,temes/historia/antic-regim,No són un contracte: són una llei,article,compilada,historica,false,pending,,
docs/temes/historia/antic-regim/ordinacions-cort-quadrilles-rodamons-1580.md,temes/historia/antic-regim,"La Cort ordena armes, batlles presents i rodamons controlats (1580)",article,compilada,historica,false,pending,,
docs/temes/historia/antic-regim/per-amor-de-deu-que-el-mantinguin-en-possessio.md,temes/historia/antic-regim,"Per amor de Déu, que el mantinguin en possessió",article,compilada,historica,false,pending,,
docs/temes/historia/antic-regim/primer-el-meu-pare-despres-el-meu-marit.md,temes/historia/antic-regim,"Primer el meu pare; després, el meu marit",article,compilada,historica,false,pending,,
docs/temes/historia/antic-regim/primer-la-terra.md,temes/historia/antic-regim,Primer la terra,article,compilada,contemporania,false,pending,,
docs/temes/historia/antic-regim/privilegi-fira-sant-mateu-1542.md,temes/historia/antic-regim,"Jaume de Foix autoritza una fira per Sant Mateu, 1542",article,compilada,historica,false,pending,,
docs/temes/historia/antic-regim/privilegi-mercat-quinzenal-andorra-1512.md,temes/historia/antic-regim,"Caterina de Navarra autoritza un mercat quinzenal a Andorra la Vella, 1512",article,compilada,historica,false,pending,,
docs/temes/historia/antic-regim/privilegi-mercat-quinzenal-andorra-1516.md,temes/historia/antic-regim,"Joan Despes manté el mercat quinzenal i n’eximeix les mercaderies, 1516",article,compilada,historica,false,pending,,
docs/temes/historia/antic-regim/queixa-batlle-garreta-1528.md,temes/historia/antic-regim,"Una queixa contra el batlle arriba al Consell, 1528",article,compilada,historica,false,pending,,
docs/temes/historia/antic-regim/remunten-a-la-casa-don-els-bens-han-sortit.md,temes/historia/antic-regim,Remunten a la casa d'on els béns han sortit,article,compilada,historica,false,pending,,
docs/temes/historia/antic-regim/rodalia-empriu-pera-1792.md,temes/historia/antic-regim,"La rodalia de l’empriu de la Pera es descriu per fites, 1792",article,compilada,historica,false,pending,,
docs/temes/historia/antic-regim/segons-lo-poder-de-la-casa-a-coneixenca-dels-amics.md,temes/historia/antic-regim,"Segons lo poder de la casa, a coneixença dels amics",article,compilada,historica,false,pending,,
docs/temes/historia/antic-regim/tan-fecunds-com-el-sol-es-infertil.md,temes/historia/antic-regim,Tan fecunds com el sòl és infèrtil,article,compilada,historica,false,pending,,
docs/temes/historia/antic-regim/una-persona-un-bou-un-colomer.md,temes/historia/antic-regim,"Una persona, un bou, un colomer",article,compilada,contemporania,false,pending,,
docs/temes/historia/constitucio-1993/constitucio-1993.md,temes/historia/constitucio-1993,La Constitució de 1993,article,compilada,contemporania,false,in_progress,knowledge-0020,One cross-topic conversation; full constitutional coverage remains pending.
docs/temes/historia/constitucio-1993/constitucio-de-1993-index-de-fitxes.md,historia/constitucio-1993,Constitució de 1993 — índex de fitxes,index,,,false,pending,,
docs/temes/historia/constitucio-1993/vuit-dies-i-no-mes-de-quinze.md,temes/historia/constitucio-1993,Vuit dies i no més de quinze,article,compilada,contemporania,false,pending,,
docs/temes/historia/contraban/contraban-index-de-fitxes.md,historia/contraban,Contraban — índex de fitxes,index,,,false,pending,,
docs/temes/historia/contraban/contraban.md,temes/historia/contraban,El contraban,article,compilada,contemporania,false,pending,,
docs/temes/historia/contraban/lempresa-del-contraban.md,temes/historia/contraban,L'empresa del contraban,article,compilada,contemporania,false,pending,,
docs/temes/historia/democratitzacio/democratitzacio-index-de-fitxes.md,historia/democratitzacio,Democratització — índex de fitxes,index,,,false,pending,,
docs/temes/historia/democratitzacio/democratitzacio.md,temes/historia/democratitzacio,Democratització,article,compilada,contemporania,false,pending,,
docs/temes/historia/democratitzacio/el-sufragi-femeni-andorra-1967-1973.md,temes/historia/democratitzacio,Del grup de set dones al sufragi femení (1967–1973),article,compilada,contemporania,false,pending,,
docs/temes/historia/democratitzacio/per-on-van-entrar-les-idees.md,temes/historia/democratitzacio,Per on van entrar les idees,article,compilada,contemporania,false,pending,,
docs/temes/historia/edat-mitjana/abans-del-consell-sindics-costums-i-comunals-1331-1364.md,temes/historia/edat-mitjana,"Abans del Consell: síndics, costums i comunals (1331-1364)",article,compilada,historica,false,pending,,
docs/temes/historia/edat-mitjana/alberga-servitud-episcopal-1466.md,temes/historia/edat-mitjana,"El bisbe regula l’alberga i la servitud episcopal, 1466",article,compilada,historica,false,pending,,
docs/temes/historia/edat-mitjana/andorra-a-ledat-mitjana.md,temes/historia/edat-mitjana,Andorra a l'edat mitjana,article,compilada,contemporania,false,pending,,
docs/temes/historia/edat-mitjana/andorra-defensa-emprius-lles-travesseres-1386.md,temes/historia/edat-mitjana,"Andorra defensa els emprius de Lles i Travesseres, 1386",article,compilada,historica,false,pending,,
docs/temes/historia/edat-mitjana/cartes-reina-navarra-1512.md,temes/historia/edat-mitjana,"Un síndic d’Andorra fa aixecar acta de cartes de la reina de Navarra, 1512",article,compilada,historica,false,pending,,
docs/temes/historia/edat-mitjana/concordia-batlle-1176-1379.md,temes/historia/edat-mitjana,Una concòrdia de 1176 arriba en un trasllat de 1379,article,compilada,historica,false,pending,,
docs/temes/historia/edat-mitjana/concordia-pasturatge-castellbo-1543.md,temes/historia/edat-mitjana,"Una concòrdia regula el pas dels ramats a Santa Cecília, 1543",article,compilada,historica,false,pending,,
docs/temes/historia/edat-mitjana/de-cada-casa-un-home-ben-armat.md,temes/historia/edat-mitjana,"De cada casa, un home ben armat",article,compilada,historica,false,pending,,
docs/temes/historia/edat-mitjana/de-la-citacio-comtal-a-la-franquesa-comercial-1381-1391.md,temes/historia/edat-mitjana,De la citació comtal a la franquesa comercial (1381-1391),article,compilada,historica,false,pending,,
docs/temes/historia/edat-mitjana/debitori-dot-margarida-vilar-1374.md,temes/historia/edat-mitjana,"El dot de Margarida Vilar queda anotat com un deute, 1374",article,compilada,historica,false,pending,,
docs/temes/historia/edat-mitjana/del-plet-dels-emprius-al-tribunal-reial-1510-1556.md,temes/historia/edat-mitjana,Del plet dels emprius al tribunal reial (1510-1556),article,compilada,historica,false,pending,,
docs/temes/historia/edat-mitjana/edat-mitjana-index-de-fitxes.md,historia/edat-mitjana,Edat mitjana — índex de fitxes,index,,,false,pending,,
docs/temes/historia/edat-mitjana/el-comu-no-es-privatitza-i-el-consell-tria-el-jutge-1480-1482.md,temes/historia/edat-mitjana,"El comú no es privatitza i el Consell tria el jutge, 1480–1482",article,compilada,historica,false,pending,,
docs/temes/historia/edat-mitjana/el-consell-paga-per-matar-llops-ossos-i-llops-cervers-1390.md,temes/historia/edat-mitjana,"El Consell paga per matar llops, óssos i llops cervers (1390)",article,compilada,historica,false,pending,,
docs/temes/historia/edat-mitjana/el-jurament-que-feia-funcionar-el-carrec-1442-1447.md,temes/historia/edat-mitjana,El jurament que feia funcionar el càrrec (1442-1456),article,compilada,historica,false,pending,,
docs/temes/historia/edat-mitjana/el-precepte-de-860-i-el-delme-del-ferro.md,temes/historia/edat-mitjana,El precepte de 860 i el delme del ferro d'Andorra,article,compilada,historica,false,pending,,
docs/temes/historia/edat-mitjana/el-proces-dels-emprius-de-cantabra-i-la-pera-1542.md,temes/historia/edat-mitjana,"El procés dels emprius de Cantabrà i la Pera, 1542",article,compilada,historica,false,pending,,
docs/temes/historia/edat-mitjana/els-bisbes-durgell.md,temes/historia/edat-mitjana,Els bisbes d'Urgell,article,compilada,contemporania,false,pending,,
docs/temes/historia/edat-mitjana/els-jurats-contra-els-dos-saigs-1390.md,temes/historia/edat-mitjana,Els jurats contra els dos saigs (1390),article,compilada,historica,false,pending,,
docs/temes/historia/edat-mitjana/els-privilegis-dandorra-son-tots-moderns.md,temes/historia/edat-mitjana,Els privilegis d'Andorra són tots moderns,article,compilada,historica,false,pending,,
docs/temes/historia/edat-mitjana/els-privilegis.md,temes/historia/edat-mitjana,Els privilegis,article,compilada,contemporania,false,pending,,
docs/temes/historia/edat-mitjana/franquesa-lleuda-muntanyes-foix-1366.md,temes/historia/edat-mitjana,"La franquesa de lleuda a les muntanyes de Foix, 1366",article,compilada,historica,false,pending,,
docs/temes/historia/edat-mitjana/franquesa-mesuratge-oli-seu-1265.md,temes/historia/edat-mitjana,"El bisbe concedeix a Andorra la franquesa del mesuratge d’oli, 1265",article,compilada,historica,false,pending,,
docs/temes/historia/edat-mitjana/la-franquesa-de-la-lleuda-i-del-maestrat-de-ports-1401-1403.md,temes/historia/edat-mitjana,"La franquesa de la lleuda, de Querol a Cerdanya (1401–1465)",article,compilada,historica,false,pending,,
docs/temes/historia/edat-mitjana/la-memoria-de-la-cosenyoria-1347.md,temes/historia/edat-mitjana,La memòria de la cosenyoria encara era viva el 1347,article,compilada,historica,false,pending,,
docs/temes/historia/edat-mitjana/la-questa-es-paga-amb-credit-i-fiances-1446-1456.md,temes/historia/edat-mitjana,"La quèstia es paga amb crèdit i fiances, 1446–1456",article,compilada,historica,false,pending,,
docs/temes/historia/edat-mitjana/la-venda-perpetua-delempriu-de-la-pera-1475.md,temes/historia/edat-mitjana,"La venda perpètua de l’empriu de la Pera, 1475",article,compilada,historica,false,pending,,
docs/temes/historia/edat-mitjana/lacces-als-comunals.md,temes/historia/edat-mitjana,L'accés als comunals,article,compilada,contemporania,false,pending,,
docs/temes/historia/edat-mitjana/lleuda-agramunt-1493-1503.md,temes/historia/edat-mitjana,"Agramunt ha de respectar la franquesa de lleuda dels andorrans, 1493–1503",article,compilada,historica,false,pending,,
docs/temes/historia/edat-mitjana/mandaments-immunitat-presos-1595.md,temes/historia/edat-mitjana,"Foix ordena alliberar presos i manté immunitats dins Andorra, 1595",article,compilada,historica,false,pending,,
docs/temes/historia/edat-mitjana/ordinacions-pastures-1340.md,temes/historia/edat-mitjana,"Unes ordinacions protegeixen el pas dels ramats andorrans, 1340",article,compilada,historica,false,pending,,
docs/temes/historia/edat-mitjana/per-aquests-malfets-i-per-la-redempcio-de-la-seva-anima.md,temes/historia/edat-mitjana,Per aquests malfets i per la redempció de la seva ànima,article,compilada,historica,false,pending,,
docs/temes/historia/edat-mitjana/peticio-justicia-urgell-1409.md,temes/historia/edat-mitjana,"Dos veïns d’Andorra exigeixen que l’oficial d’Urgell faci justícia, 1409",article,compilada,historica,false,pending,,
docs/temes/historia/edat-mitjana/potestat-defensa-muntanyes-1513.md,temes/historia/edat-mitjana,Un trasllat de 1513 protegeix la defensa de muntanyes i emprius,article,compilada,historica,false,pending,,
docs/temes/historia/edat-mitjana/privilegi-fira-mercat-1402-1542.md,temes/historia/edat-mitjana,"La fira anual i el mercat setmanal, un privilegi de 1402 ratificat el 1542",article,compilada,historica,false,pending,,
docs/temes/historia/edat-mitjana/quan-andorra-feia-valer-els-seus-privilegis-1394-1398.md,temes/historia/edat-mitjana,Quan Andorra feia valer els seus privilegis (1394-1398),article,compilada,historica,false,pending,,
docs/temes/historia/edat-mitjana/quan-el-consell-ja-paga-ven-i-recorre-1448-1498.md,temes/historia/edat-mitjana,"Quan el Consell General ja paga, ven i recorre (1448-1498)",article,compilada,historica,false,pending,,
docs/temes/historia/edat-mitjana/quan-el-ferro-apareix-abans-de-les-fargues.md,temes/historia/edat-mitjana,Quan el ferro apareix abans de les fargues,article,compilada,historica,false,pending,,
docs/temes/historia/edat-mitjana/quan-els-pastors-obliguen-la-vall-a-fer-pau-amb-vernet-1552.md,temes/historia/edat-mitjana,"Quan els pastors obliguen la Vall a fer pau amb Vernet, 1552",article,compilada,historica,false,pending,,
docs/temes/historia/edat-mitjana/sentencia-ramats-gascunya-1468.md,temes/historia/edat-mitjana,"Els veguers arbitren un robatori de moltons, 1468",article,compilada,historica,false,pending,,
docs/temes/historia/edat-mitjana/testament-joan-vilar-1441.md,temes/historia/edat-mitjana,"Joan Vilar deixa un testament a la Cortinada, 1441",article,compilada,historica,false,pending,,
docs/temes/historia/edat-mitjana/testaments-vilar-1487-1529.md,temes/historia/edat-mitjana,Dos testaments de la Cortinada separats per quaranta-dos anys,article,compilada,historica,false,pending,,
docs/temes/historia/edat-mitjana/un-sol-saig-i-amb-nom.md,temes/historia/edat-mitjana,"Un sol saig, i amb nom",article,compilada,contemporania,false,pending,,
docs/temes/historia/guerres-i-neutralitat/andorrans-als-camps-nazis.md,temes/historia/guerres-i-neutralitat,Andorrans als camps nazis,article,compilada,contemporania,false,pending,,
docs/temes/historia/guerres-i-neutralitat/dos-soldats-casa-rossell-1890-1920.md,temes/historia/guerres-i-neutralitat,Dos soldats apareixen en una fotografia de Casa Rossell (1890–1920),article,compilada,contemporania,false,pending,,
docs/temes/historia/guerres-i-neutralitat/el-consell-recorre-el-manament-dhomes-armats-1463.md,temes/historia/guerres-i-neutralitat,"El Consell recorre el manament d’homes armats, 1463",article,compilada,historica,false,pending,,
docs/temes/historia/guerres-i-neutralitat/el-robatori-de-les-mitges-de-seda-i-el-sometent-de-querol-1712.md,temes/historia/guerres-i-neutralitat,"El robatori de les mitges de seda i el sometent de Querol, 1712",article,compilada,historica,false,pending,,
docs/temes/historia/guerres-i-neutralitat/el-torb-i-la-gestapo.md,temes/historia/guerres-i-neutralitat,"Andorra, entre el torb i la Gestapo",article,compilada,contemporania,false,pending,,
docs/temes/historia/guerres-i-neutralitat/el-veguer-avisa-de-gent-armada-francesa-1445.md,temes/historia/guerres-i-neutralitat,"El veguer avisa de gent armada francesa, 1445",article,compilada,historica,false,pending,,
docs/temes/historia/guerres-i-neutralitat/els-passadors.md,temes/historia/guerres-i-neutralitat,Els passadors,article,compilada,contemporania,false,pending,,
docs/temes/historia/guerres-i-neutralitat/els-refugiats-andorrans-1936-1939.md,temes/historia/guerres-i-neutralitat,"Els refugiats “andorrans” de la Guerra Civil, 1936–1939",article,compilada,contemporania,false,pending,,
docs/temes/historia/guerres-i-neutralitat/els-refugiats-de-la-guerra-civil.md,temes/historia/guerres-i-neutralitat,Els refugiats de la Guerra Civil,article,compilada,contemporania,false,pending,,
docs/temes/historia/guerres-i-neutralitat/guerres-i-neutralitat-index-de-fitxes.md,historia/guerres-i-neutralitat,Guerres i neutralitat — índex de fitxes,index,,,false,pending,,
docs/temes/historia/guerres-i-neutralitat/guerres-i-neutralitat.md,temes/historia/guerres-i-neutralitat,Guerres i neutralitat,article,compilada,contemporania,false,pending,,
docs/temes/historia/guerres-i-neutralitat/la-guerra-dels-segadors-posa-a-prova-el-cosenyoriu-1641-1659.md,temes/historia/guerres-i-neutralitat,"La guerra dels Segadors posa a prova el cosenyoriu, 1641–1659",article,compilada,historica,false,pending,,
docs/temes/historia/guerres-i-neutralitat/la-vall-arma-els-ports-i-demana-salvaguarda-1689.md,temes/historia/guerres-i-neutralitat,"La Vall arma els ports i demana salvaguarda, 1689",article,compilada,historica,false,pending,,
docs/temes/historia/guerres-i-neutralitat/la-vall-defensa-lentrada-de-catalunya-en-temps-de-guerra-1637.md,temes/historia/guerres-i-neutralitat,"La Vall defensa l’entrada de Catalunya en temps de guerra, 1637",article,compilada,historica,false,pending,,
docs/temes/historia/guerres-i-neutralitat/la-vall-posa-espies-i-sometent-als-ports-1686.md,temes/historia/guerres-i-neutralitat,"La Vall posa espies i sometent als ports, 1686",article,compilada,historica,false,pending,,
docs/temes/historia/guerres-i-neutralitat/la-vall-prohibeix-amagar-soldats-i-desertors-1737.md,temes/historia/guerres-i-neutralitat,"La Vall prohibeix amagar soldats i desertors, 1737",article,compilada,historica,false,pending,,
docs/temes/historia/guerres-i-neutralitat/quan-els-soldats-danserall-molesten-la-vall-1699-1700.md,temes/historia/guerres-i-neutralitat,"Quan els soldats d'Anserall molesten la Vall, 1699–1700",article,compilada,historica,false,pending,,
docs/temes/historia/guerres-i-neutralitat/quan-la-guerra-entra-per-la-frontera-1691.md,temes/historia/guerres-i-neutralitat,Quan la guerra entra per la frontera: Andorra el 1691,article,compilada,historica,false,pending,,
docs/temes/historia/guerres-i-neutralitat/quan-merens-tanca-els-pasturatges-a-encamp-i-canillo-1726.md,temes/historia/guerres-i-neutralitat,"Quan Mèrens tanca els pasturatges a Encamp i Canillo, 1726",article,compilada,historica,false,pending,,
docs/temes/historia/guerres-i-neutralitat/quan-pugen-soldats-la-vall-prepara-pa-de-municio-1652.md,temes/historia/guerres-i-neutralitat,"Quan pugen soldats, la Vall prepara pa de munició, 1652",article,compilada,historica,false,pending,,
docs/temes/historia/guerres-i-neutralitat/quatre-cents-homes-armats-a-lhospitalet-1790.md,temes/historia/guerres-i-neutralitat,"Tres-cents o quatre-cents homes armats amenacen la Vall des de l’Hospitalet, 1790",article,compilada,historica,false,pending,,
docs/temes/historia/guerres-i-neutralitat/quatre-soldats-per-parroquia-davant-els-moviments-de-tropes-1644.md,temes/historia/guerres-i-neutralitat,"Quatre soldats per parròquia davant els moviments de tropes, 1644",article,compilada,historica,false,pending,,
docs/temes/historia/guerres-i-neutralitat/vint-i-tres-soldats-sallotgen-a-sant-julia-1659.md,temes/historia/guerres-i-neutralitat,"Vint-i-tres soldats s'allotgen a Sant Julià, 1659",article,compilada,historica,false,pending,,
docs/temes/historia/historia-d-andorra-index-de-fitxes.md,historia,Història d'Andorra — índex de fitxes,index,,,false,pending,,
docs/temes/historia/historia-recent/de-1993-enca.md,temes/historia/historia-recent,De 1993 ençà,article,compilada,contemporania,false,pending,,
docs/temes/historia/historia-recent/els-aiguats-del-1982.md,temes/historia/historia-recent,Els aiguats del 1982,article,compilada,contemporania,false,pending,,
docs/temes/historia/historia-recent/els-anys-daurats.md,temes/historia/historia-recent,Els Anys Daurats,article,compilada,contemporania,false,pending,,
docs/temes/historia/historia-recent/historia-recent-index-de-fitxes.md,historia/historia-recent,Història recent — índex de fitxes,index,,,false,pending,,
docs/temes/historia/historia-recent/l-aiguat-de-1982-meteorologia-danys-i-resposta.md,temes/historia/historia-recent,"L’aiguat de 1982: meteorologia, danys i resposta",article,compilada,contemporania,false,pending,,
docs/temes/historia/historia-recent/la-reformeta-separa-el-govern-del-consell-1978-1981.md,temes/historia/historia-recent,La Reformeta: del Pacte de 1975 al procés constituent (1975–1993),article,compilada,contemporania,false,pending,,
docs/temes/historia/historia-recent/la-transicio-nacional.md,temes/historia/historia-recent,La Transició Nacional,article,compilada,contemporania,false,pending,,
docs/temes/historia/historia-recent/la-visita-de-de-gaulle.md,temes/historia/historia-recent,La visita del copríncep De Gaulle (1967),article,compilada,contemporania,false,pending,,
docs/temes/historia/historiografia/dalmau-1849-la-republica-i-la-fundacio-carolingia.md,temes/historia/historiografia,"Dalmau, 1849: una república amb fundador carolingi",article,compilada,contemporania,false,pending,,
docs/temes/historia/historiografia/el-cas-amades.md,temes/historia/historiografia,El cas Amades,article,compilada,contemporania,false,in_progress,knowledge-0013,One candidate on source reliability; remaining claims and sections still pending.
docs/temes/historia/historiografia/el-diccionari-enciclopedic.md,temes/historia/historiografia,El Diccionari enciclopèdic d'Andorra,article,compilada,contemporania,false,pending,,
docs/temes/historia/historiografia/historiografia-index-de-fitxes.md,historia/historiografia,Historiografia — índex de fitxes,index,,,false,pending,,
docs/temes/historia/historiografia/historiografia.md,temes/historia/historiografia,La historiografia andorrana,article,compilada,contemporania,false,pending,,
docs/temes/historia/historiografia/la-llegenda-negra-dels-passadors.md,temes/historia/historiografia,La llegenda negra dels passadors,article,compilada,contemporania,false,pending,,
docs/temes/historia/historiografia/leditor-dels-privilegis-era-jutge-dapellacions.md,temes/historia/historiografia,L'editor dels privilegis era jutge d'apel·lacions,article,compilada,contemporania,false,pending,,
docs/temes/historia/historiografia/les-diades-andorranes.md,temes/historia/historiografia,Les Diades andorranes,article,compilada,contemporania,false,pending,,
docs/temes/historia/historiografia/les-tres-fases.md,temes/historia/historiografia,Les tres fases de la historiografia andorrana,article,compilada,contemporania,false,pending,,
docs/temes/historia/historiografia/lestat-de-la-questio-de-les-evasions.md,temes/historia/historiografia,L'estat de la qüestió de les evasions,article,compilada,contemporania,false,pending,,
docs/temes/historia/historiografia/lidia-armengol-vila.md,temes/historia/historiografia,Lídia Armengol i Vila,article,compilada,contemporania,false,pending,,
docs/temes/historia/historiografia/tot-venia-de-la-mateixa-prestatgeria.md,temes/historia/historiografia,Tot venia de la mateixa prestatgeria,article,compilada,contemporania,false,pending,,
docs/temes/historia/manual-digest/de-lo-que-pot-i-no-pot.md,temes/historia/manual-digest,De lo que pot i no pot,article,compilada,contemporania,false,pending,,
docs/temes/historia/manual-digest/el-politar.md,temes/historia/manual-digest,"El Politar andorrà, llegit",article,compilada,contemporania,false,pending,,
docs/temes/historia/manual-digest/els-costumaris-andorrans.md,temes/historia/manual-digest,Els costumaris andorrans,article,compilada,contemporania,false,pending,,
docs/temes/historia/manual-digest/manual-digest-index-de-fitxes.md,historia/manual-digest,Manual Digest — índex de fitxes,index,,,false,pending,,
docs/temes/historia/manual-digest/manual-digest.md,temes/historia/manual-digest,El Manual Digest,article,compilada,contemporania,false,pending,,
docs/temes/historia/manual-digest/predicar-miserias-y-flaquesas-de-las-valls.md,temes/historia/manual-digest,"«Predicar miserias y flaquesas de las Valls, pues es axi»",article,compilada,historica,false,pending,,
docs/temes/historia/moments-historics/els-vuit-centenaris.md,temes/historia/moments-historics,Els vuit centenaris,article,compilada,contemporania,false,pending,,
docs/temes/historia/moments-historics/la-cronologia-dandorra.md,temes/historia/moments-historics,La cronologia d'Andorra,article,compilada,contemporania,false,pending,,
docs/temes/historia/moments-historics/moments-historics-index-de-fitxes.md,historia/moments-historics,Moments històrics — índex de fitxes,index,,,false,pending,,
docs/temes/historia/origens/camp-del-perot-necropolis-i-terrissa.md,temes/historia/origens,Camp del Perot: necròpolis altmedieval i memòria del darrer terrisser,article,compilada,historica,false,pending,,
docs/temes/historia/origens/camp-vermell-una-aldea-de-fons-de-vall.md,temes/historia/origens,Camp Vermell: una aldea de fons de vall entre els segles II i XII,article,compilada,historica,false,pending,,
docs/temes/historia/origens/carta-pobla-fals-carlemany.md,temes/historia/origens,La Carta Pobla: el fals que va donar forma al mite de Carlemany,article,compilada,historica,false,pending,,
docs/temes/historia/origens/el-nom-dandorra.md,temes/historia/origens,El nom d'Andorra,article,compilada,contemporania,false,pending,,
docs/temes/historia/origens/el-roc-denclar-cinc-periodes.md,temes/historia/origens,El Roc d’Enclar: cinc períodes en un espai dominant,article,compilada,historica,false,pending,,
docs/temes/historia/origens/el-roc-denclar-comunitat-rural-segles-iv-viii.md,temes/historia/origens,El Roc d’Enclar: una comunitat rural entre els segles IV i VIII,article,compilada,historica,false,pending,,
docs/temes/historia/origens/la-donacio-de-988.md,temes/historia/origens,La donació del 988,article,compilada,contemporania,false,pending,,
docs/temes/historia/origens/la-fundacio-per-carlemany.md,temes/historia/origens,La fundació per Carlemany,article,compilada,contemporania,false,pending,,
docs/temes/historia/origens/la-necropolis-del-camp-del-perot-i-la-cronologia-funeraria.md,temes/historia/origens,La necròpolis del Camp del Perot i la cronologia funerària,article,compilada,historica,false,pending,,
docs/temes/historia/origens/la-tomba-de-segudet.md,temes/historia/origens,"La tomba de Segudet, sota les escoles d'Ordino",article,compilada,historica,false,pending,,
docs/temes/historia/origens/on-eren-els-andosins.md,temes/historia/origens,On eren els andosins,article,compilada,contemporania,false,pending,,
docs/temes/historia/origens/origens-index-de-fitxes.md,historia/origens,Orígens — índex de fitxes,index,,,false,pending,,
docs/temes/historia/origens/quan-el-madriu-produia-pega-en-epoca-romana.md,temes/historia/origens,Quan el Madriu produïa pega en època romana,article,compilada,historica,false,pending,,
docs/temes/historia/origens/quan-el-neolitic-va-comencar-a-fer-el-paisatge-del-madriu.md,temes/historia/origens,Quan el neolític va començar a fer el paisatge del Madriu,article,compilada,historica,false,pending,,
docs/temes/historia/origens/sant-vicenc-enclar-esglesia-i-poblat.md,temes/historia/origens,Sant Vicenç d’Enclar: una església sobre el poblat,article,compilada,historica,false,pending,,
docs/temes/historia/origens/villa-o-tota-la-vall.md,temes/historia/origens,"Villa, o tota la vall",article,compilada,historica,false,pending,,
docs/temes/historia/pareatge/afirmats-en-principi-sacrificats-en-laplicacio.md,temes/historia/pareatge,"Afirmats en principi, sacrificats en l'aplicació",article,compilada,historica,false,pending,,
docs/temes/historia/pareatge/el-bisbe-te-sostre-i-el-comte-no.md,temes/historia/pareatge,El bisbe té sostre i el comte no,article,compilada,historica,false,pending,,
docs/temes/historia/pareatge/el-pareatge-index-de-fitxes.md,historia/pareatge,El Pareatge — índex de fitxes,index,,,false,pending,,
docs/temes/historia/pareatge/el-pareatge.md,temes/historia/pareatge,El Pareatge,article,compilada,contemporania,false,in_progress,knowledge-0010;knowledge-0019,Two cross-topic candidates; remaining history claims still pending.
docs/temes/historia/pareatge/el-que-es-dona-en-feu-es-el-domini-util.md,temes/historia/pareatge,El que es dona en feu és el domini útil,article,compilada,historica,false,pending,,
docs/temes/historia/pareatge/el-segon-pareatge-desmunta-enclar-i-crea-el-notariat-1288.md,temes/historia/pareatge,"El segon Pariatge desmunta Enclar i crea el notariat, 1288",article,compilada,historica,false,pending,,
docs/temes/historia/pareatge/no-una-imitacio-sino-una-caricatura.md,temes/historia/pareatge,"No una imitació, sinó una caricatura",article,compilada,contemporania,false,pending,,
docs/temes/historia/segle-xix/a-qui-pertany-la-jurisdiccio-de-les-valls.md,temes/historia/segle-xix,A qui pertany la jurisdicció de les Valls,article,compilada,contemporania,false,pending,,
docs/temes/historia/segle-xix/acta-amojonament-valira-mediterrani-1868.md,temes/historia/segle-xix,De Valira a la Cova Foradada: l'acta que va tancar la frontera (1868),article,compilada,contemporania,false,pending,,
docs/temes/historia/segle-xix/cap-on-mirava-andorra.md,temes/historia/segle-xix,Cap on mirava Andorra,article,compilada,contemporania,false,pending,,
docs/temes/historia/segle-xix/deu-lliures-per-testar.md,temes/historia/segle-xix,Deu lliures per testar,article,compilada,contemporania,false,pending,,
docs/temes/historia/segle-xix/dotze-anys-amb-un-sol-coprincep.md,temes/historia/segle-xix,Dotze anys amb un sol copríncep,article,compilada,contemporania,false,pending,,
docs/temes/historia/segle-xix/el-desenllac-de-la-questio-duanera.md,temes/historia/segle-xix,El desenllaç de la qüestió duanera,article,compilada,contemporania,false,pending,,
docs/temes/historia/segle-xix/el-prefecte-va-ratllar-la-paraula-republica.md,temes/historia/segle-xix,El prefecte va ratllar la paraula república,article,compilada,contemporania,false,pending,,
docs/temes/historia/segle-xix/el-sindic-va-tornar-i-es-va-posar-al-capdavant-del-moti.md,temes/historia/segle-xix,El síndic va tornar i es va posar al capdavant del motí,article,compilada,contemporania,false,pending,,
docs/temes/historia/segle-xix/els-carlins-i-el-consell-1838-1839.md,temes/historia/segle-xix,"Els carlins arriben a les actes del Consell, 1838–1839",article,compilada,contemporania,false,pending,,
docs/temes/historia/segle-xix/els-casalers-i-els-anfochs.md,temes/historia/segle-xix,Els casalers i els anfochs,article,compilada,historica,false,pending,,
docs/temes/historia/segle-xix/els-fets-de-1868-dalleres-i-el-consell.md,temes/historia/segle-xix,"Els fets de 1868: Dallerès, el casino i el Consell",article,compilada,contemporania,false,pending,,
docs/temes/historia/segle-xix/espanya-restitueix-franquicia-andorra-1867.md,temes/historia/segle-xix,Espanya restitueix la franquícia d'Andorra amb sis controls (1867),article,compilada,contemporania,false,pending,,
docs/temes/historia/segle-xix/guillem-dareny-plandolit.md,temes/historia/segle-xix,Guillem d'Areny-Plandolit,article,compilada,contemporania,false,pending,,
docs/temes/historia/segle-xix/la-questio-dandorra.md,temes/historia/segle-xix,La Qüestió d'Andorra,article,compilada,contemporania,false,pending,,
docs/temes/historia/segle-xix/la-questio-duanera-de-1895.md,temes/historia/segle-xix,La qüestió duanera de 1895,article,compilada,contemporania,false,pending,,
docs/temes/historia/segle-xix/la-reial-ordre-de-setembre-de-1894.md,temes/historia/segle-xix,La reial ordre de setembre de 1894,article,compilada,contemporania,false,pending,,
docs/temes/historia/segle-xix/ni-son-ni-shan-de-considerar-espanyols.md,temes/historia/segle-xix,Ni són ni s'han de considerar espanyols,article,compilada,contemporania,false,pending,,
docs/temes/historia/segle-xix/no-obeiu-cap-ordre-que-no-vingui-dels-dos.md,temes/historia/segle-xix,No obeïu cap ordre que no vingui dels dos,article,compilada,contemporania,false,pending,,
docs/temes/historia/segle-xix/nova-reforma.md,temes/historia/segle-xix,La Nova Reforma de 1866,article,compilada,contemporania,false,pending,,
docs/temes/historia/segle-xix/o-ho-accepteu-o-el-bestiar-passa-a-ser-estranger.md,temes/historia/segle-xix,"O ho accepteu, o el bestiar passa a ser estranger",article,compilada,contemporania,false,pending,,
docs/temes/historia/segle-xix/quan-la-seu-es-vacant-andorra-torna-a-roma.md,temes/historia/segle-xix,"Quan la seu és vacant, Andorra torna a Roma",article,compilada,contemporania,false,pending,,
docs/temes/historia/segle-xix/que-no-shi-hagi-mirat-amb-menyspreu-ni-indiferencia.md,temes/historia/segle-xix,Que no s'hi hagi mirat amb menyspreu ni indiferència,article,compilada,contemporania,false,pending,,
docs/temes/historia/segle-xix/se-li-reconeixera-com-als-seus-antecessors.md,temes/historia/segle-xix,Se li reconeixerà com als seus antecessors,article,compilada,contemporania,false,pending,,
docs/temes/historia/segle-xix/segle-xix-index-de-fitxes.md,historia/segle-xix,Segle XIX — índex de fitxes,index,,,false,pending,,
docs/temes/historia/segle-xix/semblava-que-el-bisbe-patrocinava-el-joc.md,temes/historia/segle-xix,Semblava que el bisbe patrocinava el joc,article,compilada,contemporania,false,pending,,
docs/temes/historia/segle-xix/sense-abdicacio-de-ningu.md,temes/historia/segle-xix,Sense abdicació de ningú,article,compilada,contemporania,false,pending,,
docs/temes/historia/segle-xix/solana-frontera-1850.md,temes/historia/segle-xix,La frontera espanyola i la Solana entren en un expedient francès (1850),article,compilada,contemporania,false,pending,,
docs/temes/historia/segle-xix/tratado-frontera-andorra-mediterrani-1866.md,temes/historia/segle-xix,"La frontera des d'Andorra queda lligada a pastures, propietats i aigua (1866)",article,compilada,contemporania,false,pending,,
docs/temes/historia/segle-xix/trenta-nou-anys-si-el-creditor-es-lesglesia.md,temes/historia/segle-xix,Trenta-nou anys si el creditor és l'Església,article,compilada,contemporania,false,pending,,
docs/temes/historia/segle-xix/van-deixar-dapelar-a-franca-per-comoditat.md,temes/historia/segle-xix,Van deixar d'apel·lar a França per comoditat,article,compilada,contemporania,false,pending,,
docs/temes/historia/segle-xx-primera-meitat/abans-de-fhasa-les-concessions-fallides-1920-1930.md,temes/historia/segle-xx-primera-meitat,"Abans de FHASA: les concessions que van fracassar, 1920–1930",article,compilada,contemporania,false,pending,,
docs/temes/historia/segle-xx-primera-meitat/andorra-en-la-primera-guerra-mundial-1914-1918.md,temes/historia/segle-xx-primera-meitat,"Andorra en la Primera Guerra Mundial, 1914–1918",article,compilada,contemporania,false,pending,,
docs/temes/historia/segle-xx-primera-meitat/benlloch-negocia-els-queviures-de-guerra-1914-1918.md,temes/historia/segle-xx-primera-meitat,"Benlloch negocia els queviures de guerra, 1914–1918",article,compilada,contemporania,false,pending,,
docs/temes/historia/segle-xx-primera-meitat/boris-skossyreff.md,temes/historia/segle-xx-primera-meitat,"Boris Skossyreff, rei d'Andorra",article,compilada,contemporania,false,pending,,
docs/temes/historia/segle-xx-primera-meitat/cupos-franquicies-andorra-1926.md,temes/historia/segle-xx-primera-meitat,El cupo de 1926 posa xifres a la franquícia d'Andorra,article,compilada,contemporania,false,pending,,
docs/temes/historia/segle-xx-primera-meitat/cupos-franquicies-andorra-1931.md,temes/historia/segle-xx-primera-meitat,El 1931 els cupos d'Andorra ja els demanen el bisbe i el Sindicato General,article,compilada,contemporania,false,pending,,
docs/temes/historia/segle-xx-primera-meitat/dues-carreteres-obren-andorra-1900-1913.md,temes/historia/segle-xx-primera-meitat,"Dues carreteres obren Andorra, 1900–1913",article,compilada,contemporania,false,pending,,
docs/temes/historia/segle-xx-primera-meitat/el-consell-vota-els-gendarmes-i-franca-entra-1936.md,temes/historia/segle-xx-primera-meitat,"El Consell vota els gendarmes i França entra, 26–27 de setembre de 1936",article,compilada,contemporania,false,pending,,
docs/temes/historia/segle-xx-primera-meitat/el-decret-que-va-restablir-les-franquicies-1922.md,temes/historia/segle-xx-primera-meitat,"El decret que va restablir les franquícies, 1922",article,compilada,contemporania,false,pending,,
docs/temes/historia/segle-xx-primera-meitat/el-maquis-antifranquista-i-la-frontera-1940-1945.md,temes/historia/segle-xx-primera-meitat,"El maquis antifranquista i la frontera d'Andorra, 1940–1945",article,compilada,contemporania,false,pending,,
docs/temes/historia/segle-xx-primera-meitat/el-pa-i-el-telefon-1917-1919.md,temes/historia/segle-xx-primera-meitat,"El Consell protegeix el pa i refà el telèfon, 1917–1919",article,compilada,contemporania,false,pending,,
docs/temes/historia/segle-xx-primera-meitat/el-primer-telesqui-i-el-turisme-dhivern-1956-1958.md,temes/historia/segle-xx-primera-meitat,"El primer telesquí i el turisme d’hivern, 1956–1958",article,compilada,contemporania,false,pending,,
docs/temes/historia/segle-xx-primera-meitat/el-projecte-de-concordat-espanyol-i-andorra-1934.md,temes/historia/segle-xx-primera-meitat,"El projecte de concordat espanyol i Andorra, 1931–1936",article,compilada,contemporania,false,pending,,
docs/temes/historia/segle-xx-primera-meitat/els-sis-soldats-turcs-i-la-neutralitat-1917.md,temes/historia/segle-xx-primera-meitat,"Els sis soldats turcs i la neutralitat andorrana, 1917",article,compilada,contemporania,false,pending,,
docs/temes/historia/segle-xx-primera-meitat/evolucio-cupos-franquicies-1923-1926.md,temes/historia/segle-xx-primera-meitat,La franquícia no era fixa: canvis de cupos entre 1923 i 1926,article,compilada,contemporania,false,pending,,
docs/temes/historia/segle-xx-primera-meitat/fiske-warren-enclavament-sant-jordi.md,temes/historia/segle-xx-primera-meitat,Fiske Warren i l’enclavament de Sant Jordi,article,compilada,contemporania,false,pending,,
docs/temes/historia/segle-xx-primera-meitat/la-constitucio-de-1934.md,temes/historia/segle-xx-primera-meitat,La Constitució de 1934,article,compilada,contemporania,false,pending,,
docs/temes/historia/segle-xx-primera-meitat/la-delegacio-de-tarongi-i-el-pla-espanyol-1934-1935.md,temes/historia/segle-xx-primera-meitat,"La delegació de Tarongí i el pla espanyol per a Andorra, 1934–1935",article,compilada,contemporania,false,pending,,
docs/temes/historia/segle-xx-primera-meitat/la-frontera-tancada-per-la-grip-1918.md,temes/historia/segle-xx-primera-meitat,"La frontera tancada per la grip, 1918",article,compilada,contemporania,false,pending,,
docs/temes/historia/segle-xx-primera-meitat/la-postguerra-obre-el-pas-de-la-casa-1945-1950.md,temes/historia/segle-xx-primera-meitat,"La postguerra obre el Pas de la Casa, 1945–1950",article,compilada,contemporania,false,pending,,
docs/temes/historia/segle-xx-primera-meitat/la-primera-policia.md,temes/historia/segle-xx-primera-meitat,Del sometent al Servei d’Ordre,article,compilada,contemporania,false,pending,,
docs/temes/historia/segle-xx-primera-meitat/la-radio-andorra-davant-vichy-i-els-aliats-1939-1944.md,temes/historia/segle-xx-primera-meitat,"Ràdio Andorra davant Vichy i els Aliats, 1939–1944",article,compilada,contemporania,false,pending,,
docs/temes/historia/segle-xx-primera-meitat/la-revolucio-de-1933.md,temes/historia/segle-xx-primera-meitat,La Revolució de 1933,article,compilada,contemporania,false,pending,,
docs/temes/historia/segle-xx-primera-meitat/les-vagues-de-fhasa.md,temes/historia/segle-xx-primera-meitat,Les vagues de FHASA,article,compilada,contemporania,false,pending,,
docs/temes/historia/segle-xx-primera-meitat/les-valls-dandorra-primera-publicacio-1917-1920.md,temes/historia/segle-xx-primera-meitat,"Les Valls d’Andorra: la primera publicació, 1917–1920",article,compilada,contemporania,false,pending,,
docs/temes/historia/segle-xx-primera-meitat/pau-xavier-areny-de-plandolit-ciencia-i-premsa-rural.md,temes/historia/segle-xx-primera-meitat,Pau Xavier Areny de Plandolit: ciència i premsa rural,article,compilada,contemporania,false,pending,,
docs/temes/historia/segle-xx-primera-meitat/quan-el-consell-va-intentar-tenir-seus-segells-1926-1930.md,temes/historia/segle-xx-primera-meitat,"Quan el Consell va intentar tenir els seus segells, 1926–1930",article,compilada,contemporania,false,pending,,
docs/temes/historia/segle-xx-primera-meitat/quan-franca-i-espanya-tornen-a-entrar-1944-1945.md,temes/historia/segle-xx-primera-meitat,"Quan França i Espanya tornen a entrar a Andorra, 1944–1945",article,compilada,contemporania,false,pending,,
docs/temes/historia/segle-xx-primera-meitat/reial-decret-franquicies-andorra-1922.md,temes/historia/segle-xx-primera-meitat,"El reial decret de 1922 torna les franquícies, però les posa sota certificat i quota",article,compilada,contemporania,false,pending,,
docs/temes/historia/segle-xx-primera-meitat/segle-xx-primera-meitat-index-de-fitxes.md,historia/segle-xx-primera-meitat,"Segle XX, primera meitat — índex de fitxes",index,,,false,pending,,
docs/temes/historia/segle-xx-primera-meitat/visita-benlloch-1908.md,temes/historia/segle-xx-primera-meitat,La primera visita oficial del bisbe Benlloch es rep amb un arc de benvinguda (1908),article,compilada,contemporania,false,pending,,
docs/temes/institucions/comuns-i-parroquies/a-andorra-es-pot-perseguir-els-funcionaris.md,temes/institucions/comuns-i-parroquies,A Andorra es pot perseguir els funcionaris,article,compilada,contemporania,false,pending,,
docs/temes/institucions/comuns-i-parroquies/afiliat-o-masover-qui-podia-pasturar-a-sant-julia-1727.md,temes/institucions/comuns-i-parroquies,"Afiliat o masover: qui podia pasturar a Sant Julià, 1727",article,compilada,historica,false,pending,,
docs/temes/institucions/comuns-i-parroquies/avuy-sencanta-los-llibres-dels-comuns.md,temes/institucions/comuns-i-parroquies,«Avuy s'encanta los llibres dels comuns»,article,compilada,historica,false,pending,,
docs/temes/institucions/comuns-i-parroquies/comuns-i-parroquies-index-de-fitxes.md,institucions/comuns-i-parroquies,Comuns i parròquies — índex de fitxes,index,,,false,pending,,
docs/temes/institucions/comuns-i-parroquies/el-bestiar-foraster-i-les-herbes-dencamp-1761.md,temes/institucions/comuns-i-parroquies,"El bestiar foraster i les herbes d’Encamp, 1761",article,compilada,historica,false,pending,,
docs/temes/institucions/comuns-i-parroquies/el-comu-de-sant-julia-i-els-arbres-del-prat-1750.md,temes/institucions/comuns-i-parroquies,"El comú de Sant Julià i els arbres del prat, 1750",article,compilada,historica,false,pending,,
docs/temes/institucions/comuns-i-parroquies/el-conlloc-simulat-i-el-cot-de-les-herbes-dordino-1743.md,temes/institucions/comuns-i-parroquies,"El conlloc simulat i el cot de les herbes d’Ordino, 1743",article,compilada,historica,false,pending,,
docs/temes/institucions/comuns-i-parroquies/el-consell-prohibeix-joc-i-tabola-als-hostals-1785.md,temes/institucions/comuns-i-parroquies,"El Consell prohibeix joc i tabola als hostals, 1785",article,compilada,historica,false,pending,,
docs/temes/institucions/comuns-i-parroquies/el-pas-de-rull-per-la-coma-de-sant-joan-1723.md,temes/institucions/comuns-i-parroquies,"El pas de Rull per la coma de Sant Joan, 1719–1725",article,compilada,historica,false,pending,,
docs/temes/institucions/comuns-i-parroquies/el-prat-de-forest-laigua-i-la-sentencia-dels-veadors-1703.md,temes/institucions/comuns-i-parroquies,"El prat de Forest, l'aigua i la sentència dels veadors, 1703",article,compilada,historica,false,pending,,
docs/temes/institucions/comuns-i-parroquies/el-sometent.md,temes/institucions/comuns-i-parroquies,El sometent,article,compilada,contemporania,false,pending,,
docs/temes/institucions/comuns-i-parroquies/els-diners-dels-comuns.md,temes/institucions/comuns-i-parroquies,Els diners dels comuns,article,compilada,contemporania,false,pending,,
docs/temes/institucions/comuns-i-parroquies/els-fullats-del-sola-del-vesset-1734-1735.md,temes/institucions/comuns-i-parroquies,Els fullats del solà del Vesset: una ordenança amb ratllats (1734–1735),article,compilada,historica,false,pending,,
docs/temes/institucions/comuns-i-parroquies/la-bohiga-danyos-i-el-quart-de-la-massana-1738.md,temes/institucions/comuns-i-parroquies,"La bohiga d’Anyós i el Quart de la Massana, 1738",article,compilada,historica,false,pending,,
docs/temes/institucions/comuns-i-parroquies/la-casa-dhostal-de-canillo-i-la-vesura-de-la-pasamanera-1704.md,temes/institucions/comuns-i-parroquies,"La casa d'hostal de Canillo i la vesura de la Pasamanera, 1704",article,compilada,historica,false,pending,,
docs/temes/institucions/comuns-i-parroquies/la-cessio-de-canalill-i-el-prat-de-laiguera-1735.md,temes/institucions/comuns-i-parroquies,La cessió de Canalill i el prat de l’Aiguera (1735),article,compilada,historica,false,pending,,
docs/temes/institucions/comuns-i-parroquies/la-concordia-de-canillo-es-jura-davant-del-consell-1699.md,temes/institucions/comuns-i-parroquies,"La concòrdia de Canillo es jura davant del Consell, 1699",article,compilada,historica,false,pending,,
docs/temes/institucions/comuns-i-parroquies/la-fadiga-de-les-herbes-revocacio-i-retorn-1764-1765.md,temes/institucions/comuns-i-parroquies,"La fadiga de les herbes: revocació i retorn, 1764–1765",article,compilada,historica,false,pending,,
docs/temes/institucions/comuns-i-parroquies/la-preferencia-dels-naturals-en-les-herbes-comunals-1746.md,temes/institucions/comuns-i-parroquies,"La preferència dels naturals en les herbes comunals, 1746",article,compilada,historica,false,pending,,
docs/temes/institucions/comuns-i-parroquies/la-sentencia-de-la-gunarda-era-confusa-1729.md,temes/institucions/comuns-i-parroquies,"Quan la sentència de la Gunarda era confusa, 1729",article,compilada,historica,false,pending,,
docs/temes/institucions/comuns-i-parroquies/la-taba-i-el-mostassa.md,temes/institucions/comuns-i-parroquies,La taba i el mostassà,article,compilada,contemporania,false,pending,,
docs/temes/institucions/comuns-i-parroquies/les-set-parroquies.md,temes/institucions/comuns-i-parroquies,Les set parròquies i els seus comuns,article,compilada,contemporania,false,pending,,
docs/temes/institucions/comuns-i-parroquies/les-universitats-venen-una-casa-de-bixessarri-1464.md,temes/institucions/comuns-i-parroquies,"Les universitats venen una casa de Bixessarri, 1464",article,compilada,historica,false,pending,,
docs/temes/institucions/comuns-i-parroquies/quan-allotjar-forasters-porta-un-cot-1736.md,temes/institucions/comuns-i-parroquies,"Quan allotjar forasters porta un cot a Sant Julià, 1736",article,compilada,historica,false,pending,,
docs/temes/institucions/comuns-i-parroquies/quan-el-consell-envia-veadors-per-dos-termes-1742.md,temes/institucions/comuns-i-parroquies,"Quan el Consell envia veadors per tres termes, 1742",article,compilada,historica,false,pending,,
docs/temes/institucions/comuns-i-parroquies/quan-el-consell-fixa-el-pas-de-la-fusta-a-incles-1743.md,temes/institucions/comuns-i-parroquies,"Quan el Consell fixa el pas de la fusta a Incles, 1743",article,compilada,historica,false,pending,,
docs/temes/institucions/comuns-i-parroquies/quan-el-prat-de-laiguera-perd-laigua-1729.md,temes/institucions/comuns-i-parroquies,"Quan el prat de l'Aiguera perd l'aigua, 1729",article,compilada,historica,false,pending,,
docs/temes/institucions/comuns-i-parroquies/quan-la-massana-discuteix-les-pinyores-denclar-1743.md,temes/institucions/comuns-i-parroquies,"Quan la Massana discuteix les pinyores d’Enclar, 1743",article,compilada,historica,false,pending,,
docs/temes/institucions/comuns-i-parroquies/quan-la-vall-obliga-a-treure-bohiga-1741.md,temes/institucions/comuns-i-parroquies,"Quan la Vall obliga a treure bohiga, 1741",article,compilada,historica,false,pending,,
docs/temes/institucions/comuns-i-parroquies/quan-les-avingudes-canvien-els-termes-1773.md,temes/institucions/comuns-i-parroquies,"Quan les avingudes canvien els termes, 1773",article,compilada,historica,false,pending,,
docs/temes/institucions/comuns-i-parroquies/quan-linforme-del-comu-no-es-vinculant.md,temes/institucions/comuns-i-parroquies,Quan l’informe del comú no és vinculant,article,compilada,contemporania,false,pending,,
docs/temes/institucions/comuns-i-parroquies/quan-ordino-defensa-els-solans-i-la-tala-1708.md,temes/institucions/comuns-i-parroquies,"Quan Ordino defensa els Solans i la tala, 1708",article,compilada,historica,false,pending,,
docs/temes/institucions/comuns-i-parroquies/quan-una-sentencia-confon-el-precedent.md,temes/institucions/comuns-i-parroquies,Quan una sentència confon el precedent,article,compilada,contemporania,false,pending,,
docs/temes/institucions/comuns-i-parroquies/qui-podia-pescar-fora-del-seu-terme-1733.md,temes/institucions/comuns-i-parroquies,"Qui podia pescar fora del seu terme, 1733",article,compilada,historica,false,pending,,
docs/temes/institucions/comuns-i-parroquies/un-any-passa-encamp-laltre-canillo-pastures-i-pas-1702.md,temes/institucions/comuns-i-parroquies,"Un any passa Encamp, l'altre Canillo: pastures i pas, 1702",article,compilada,historica,false,pending,,
docs/temes/institucions/comuns-i-parroquies/una-sessio-de-la-junta-de-govern.md,temes/institucions/comuns-i-parroquies,Una sessió de la Junta de Govern,article,compilada,contemporania,false,pending,,
docs/temes/institucions/consell-general/andorra-demana-franquicia-cerdanya-1646.md,temes/institucions/consell-general,"Andorra demana franquícia a la Cerdanya, 1631–1646",article,compilada,historica,false,pending,,
docs/temes/institucions/consell-general/cap-de-casa-pero-de-casa-antiga.md,temes/institucions/consell-general,"Cap de casa, però de casa antiga",article,compilada,contemporania,false,pending,,
docs/temes/institucions/consell-general/consell-general-index-de-fitxes.md,institucions/consell-general,Consell General — índex de fitxes,index,,,false,pending,,
docs/temes/institucions/consell-general/definir-el-costum-es-legislar.md,temes/institucions/consell-general,Definir el costum és legislar,article,compilada,contemporania,false,pending,,
docs/temes/institucions/consell-general/diria-que-si.md,temes/institucions/consell-general,«Diria que sí»,article,compilada,historica,false,pending,,
docs/temes/institucions/consell-general/el-blat-de-les-rendes-es-reserva-als-pobres-1643.md,temes/institucions/consell-general,"El blat de les rendes es reserva als pobres, 1643",article,compilada,historica,false,pending,,
docs/temes/institucions/consell-general/el-blat-fiat-i-el-credit-per-abastir-la-vall-1757-1761.md,temes/institucions/consell-general,"El blat fiat i el crèdit per abastir la Vall, 1757–1761",article,compilada,historica,false,pending,,
docs/temes/institucions/consell-general/el-consell-de-la-terra.md,temes/institucions/consell-general,El Consell de la Terra,article,compilada,contemporania,false,pending,,
docs/temes/institucions/consell-general/el-consell-defensa-els-privilegis-a-montso-1537.md,temes/institucions/consell-general,"El Consell defensa els privilegis a Montsó, 1537",article,compilada,historica,false,pending,,
docs/temes/institucions/consell-general/el-consell-general.md,temes/institucions/consell-general,El Consell General,article,compilada,contemporania,false,pending,,
docs/temes/institucions/consell-general/el-consell-jura-batlles-i-mira-camins-1619.md,temes/institucions/consell-general,"El Consell jura batlles i mira camins, 1619",article,compilada,historica,false,pending,,
docs/temes/institucions/consell-general/el-debat-sobre-el-calcul-patrimonial-de-2018.md,temes/institucions/consell-general,El debat sobre el càlcul patrimonial de 2018,article,compilada,contemporania,false,pending,,
docs/temes/institucions/consell-general/el-desterrament-dels-nyerros-per-contraban-de-tabac-1748.md,temes/institucions/consell-general,"El desterrament dels Nyerros per contraban de tabac, 1748",article,compilada,historica,false,pending,,
docs/temes/institucions/consell-general/el-desterrament-perpetu-contra-el-contraban-1742.md,temes/institucions/consell-general,"El desterrament perpetu contra el contraban, 1742–1743",article,compilada,historica,false,pending,,
docs/temes/institucions/consell-general/el-dret-de-guerra-torna-a-apareixer-1688.md,temes/institucions/consell-general,El Dret de Guerra torna a aparèixer el 1688,article,compilada,historica,false,pending,,
docs/temes/institucions/consell-general/el-llibre-de-la-terra.md,temes/institucions/consell-general,El Llibre de la Terra,article,compilada,contemporania,false,pending,,
docs/temes/institucions/consell-general/el-pleit-dorganya-pel-pasatge-dels-tres-pons-1683.md,temes/institucions/consell-general,"El pleit d’Organyà pel passatge dels Tres Pons, 1683",article,compilada,historica,false,pending,,
docs/temes/institucions/consell-general/el-preu-de-la-sal-de-revena-i-les-fargues-1764.md,temes/institucions/consell-general,"El preu de la sal de revena i les fargues, 1764",article,compilada,historica,false,pending,,
docs/temes/institucions/consell-general/els-albarans-governen-la-frontera-1637-1638.md,temes/institucions/consell-general,"Els albarans governen la frontera: Andorra, 1637–1638",article,compilada,historica,false,pending,,
docs/temes/institucions/consell-general/els-darrers-pagaments-de-la-questia-1863-1864.md,temes/institucions/consell-general,"Els darrers pagaments de la quèstia i els passos tancats, 1863–1864",article,compilada,historica,false,pending,,
docs/temes/institucions/consell-general/els-forasters-nomes-poden-estar-tres-dies-1641.md,temes/institucions/consell-general,"Els forasters només poden estar tres dies, 1641",article,compilada,historica,false,pending,,
docs/temes/institucions/consell-general/homes-armats-i-forasters-sota-vigilancia-1768.md,temes/institucions/consell-general,"Homes armats i forasters sota vigilància, 1768",article,compilada,historica,false,pending,,
docs/temes/institucions/consell-general/jamay-interve-ministre-algun.md,temes/institucions/consell-general,Jamay interve ministre algun,article,compilada,contemporania,false,pending,,
docs/temes/institucions/consell-general/l-exili-de-cinc-anys-per-contravenir-les-ordenances-del-tabac-1757.md,temes/institucions/consell-general,"L’exili de cinc anys per contravenir les ordenances del tabac, 1757",article,compilada,historica,false,pending,,
docs/temes/institucions/consell-general/la-capa-ho-cobreix-tot.md,temes/institucions/consell-general,La capa ho cobreix tot,article,compilada,contemporania,false,pending,,
docs/temes/institucions/consell-general/la-cerca-de-lliran-i-carbonell-per-tabac-de-contraban-1738.md,temes/institucions/consell-general,La cerca de Lliran i Carbonell per tabac de contraban (1738),article,compilada,historica,false,pending,,
docs/temes/institucions/consell-general/la-contagion-francesa-tanca-la-frontera-1640.md,temes/institucions/consell-general,"El mal contagiós de França tanca la frontera, 1640",article,compilada,historica,false,pending,,
docs/temes/institucions/consell-general/la-contribucio-es-paga-amb-ovelles-1657-1658.md,temes/institucions/consell-general,"Quan la contribució es paga amb ovelles: Andorra, 1657–1658",article,compilada,historica,false,pending,,
docs/temes/institucions/consell-general/la-frontera-era-un-expedient-1631-1633.md,temes/institucions/consell-general,"La frontera era un expedient: blat, sal i lleuda (1631–1633)",article,compilada,historica,false,pending,,
docs/temes/institucions/consell-general/la-guarda-del-morbo-i-la-llana-forastera-1651.md,temes/institucions/consell-general,"La guarda del morbo i la llana forastera, 1650–1651",article,compilada,historica,false,pending,,
docs/temes/institucions/consell-general/la-guia-de-la-sal-i-les-hores-de-la-duana-1744.md,temes/institucions/consell-general,"La guia de la sal i les hores de la duana, 1744",article,compilada,historica,false,pending,,
docs/temes/institucions/consell-general/la-major-part-i-no-la-mes-sana.md,temes/institucions/consell-general,"La major part, i no la més sana",article,compilada,contemporania,false,pending,,
docs/temes/institucions/consell-general/la-placa-de-la-vall-al-collegi-de-foix-1632.md,temes/institucions/consell-general,"La plaça de la Vall al col·legi de Foix, 1632",article,compilada,historica,false,pending,,
docs/temes/institucions/consell-general/la-placa-del-collegi-de-foix-costa-25-lliures-1636.md,temes/institucions/consell-general,"La plaça del col·legi de Foix costa 25 lliures, 1636",article,compilada,historica,false,pending,,
docs/temes/institucions/consell-general/la-placa-del-collegi-de-foix-es-renova-1739.md,temes/institucions/consell-general,"La plaça del col·legi de Foix es renova, 1739",article,compilada,historica,false,pending,,
docs/temes/institucions/consell-general/la-proposta-de-pressupost-dandorra-digital.md,temes/institucions/consell-general,La proposta de pressupost d'Andorra Digital,article,compilada,contemporania,false,pending,,
docs/temes/institucions/consell-general/la-resposta-sobre-lajut-de-lesqui.md,temes/institucions/consell-general,La resposta sobre l'ajut de l'esquí,article,compilada,contemporania,false,pending,,
docs/temes/institucions/consell-general/la-vall-defensa-el-comerc-amb-catalunya-amb-xifres-1692.md,temes/institucions/consell-general,"La Vall defensa el comerç amb Catalunya amb xifres, 1692",article,compilada,historica,false,pending,,
docs/temes/institucions/consell-general/la-vall-defensa-el-metge-consol-domenech-1640.md,temes/institucions/consell-general,"La Vall defensa el metge cònsol Domènech, 1640",article,compilada,historica,false,pending,,
docs/temes/institucions/consell-general/la-vall-defensa-lentrada-de-moneda-1784.md,temes/institucions/consell-general,"La Vall defensa l’entrada de moneda davant un edicte reial, 1784",article,compilada,historica,false,pending,,
docs/temes/institucions/consell-general/la-vall-envia-privilegis-a-paris-per-la-forana-1635-1636.md,temes/institucions/consell-general,"La Vall envia privilegis a París per la forana, 1635–1636",article,compilada,historica,false,pending,,
docs/temes/institucions/consell-general/la-vall-obliga-a-acceptar-moneda-francesa-i-espanyola-1693.md,temes/institucions/consell-general,"La Vall obliga a acceptar moneda francesa i espanyola, 1693",article,compilada,historica,false,pending,,
docs/temes/institucions/consell-general/la-vall-renova-la-conduccio-dels-metges-1738-1741.md,temes/institucions/consell-general,"La Vall reserva una plaça mèdica i renova els metges conduïts, 1738–1741",article,compilada,historica,false,pending,,
docs/temes/institucions/consell-general/la-vall-reserva-el-blat-i-prepara-lermada-1644.md,temes/institucions/consell-general,"La Vall reserva el blat i prepara l’ermada, 1644",article,compilada,historica,false,pending,,
docs/temes/institucions/consell-general/lassemblea-magna.md,temes/institucions/consell-general,L'Assemblea Magna,article,compilada,contemporania,false,pending,,
docs/temes/institucions/consell-general/ledicte-del-tabac-es-llegeix-porta-per-porta-1767.md,temes/institucions/consell-general,"L’edicte del tabac es llegeix porta per porta, 1767",article,compilada,historica,false,pending,,
docs/temes/institucions/consell-general/lencabesament-de-sal-i-la-lluita-contra-el-frau-1743.md,temes/institucions/consell-general,"L'encabesament de sal i la lluita contra el frau, 1743",article,compilada,historica,false,pending,,
docs/temes/institucions/consell-general/lestrany-i-el-llot.md,temes/institucions/consell-general,L'estrany i el llot,article,compilada,historica,false,pending,,
docs/temes/institucions/consell-general/lextensio-dels-poders.md,temes/institucions/consell-general,L'extensió dels poders,article,compilada,historica,false,pending,,
docs/temes/institucions/consell-general/llei-del-blat-netejat-i-magatzem-public-1789.md,temes/institucions/consell-general,"El blat s’ha de netejar i vendre amb control públic, 1789",article,compilada,historica,false,pending,,
docs/temes/institucions/consell-general/nomes-es-pagaran-les-cases.md,temes/institucions/consell-general,Només es pagaran les cases,article,compilada,historica,false,pending,,
docs/temes/institucions/consell-general/preus-pesca-i-certificats-1619-1622.md,temes/institucions/consell-general,"Preus, pesca i certificats: el mercat sota el Consell (1619–1622)",article,compilada,historica,false,pending,,
docs/temes/institucions/consell-general/quan-el-bisbe-reforca-les-ordres-contra-el-tabac-1765.md,temes/institucions/consell-general,"Quan el Bisbe reforça les ordres contra el tabac, 1765",article,compilada,historica,false,pending,,
docs/temes/institucions/consell-general/quan-el-blat-fiat-puja-a-sis-lliures-1742.md,temes/institucions/consell-general,"Quan el blat fiat puja a sis lliures, 1742",article,compilada,historica,false,pending,,
docs/temes/institucions/consell-general/quan-el-blat-tanca-la-frontera-1694-1695.md,temes/institucions/consell-general,Quan el blat tanca la frontera: 1694–1695,article,compilada,historica,false,pending,,
docs/temes/institucions/consell-general/quan-el-consell-mobilitza-la-vall-contra-el-tabac-1735.md,temes/institucions/consell-general,Quan el Consell mobilitza la Vall contra el tabac (1735),article,compilada,historica,false,pending,,
docs/temes/institucions/consell-general/quan-el-consell-restitueix-lhonor-dun-conceller-1740.md,temes/institucions/consell-general,"Quan el Consell restitueix l'honor d'un conceller, 1740",article,compilada,historica,false,pending,,
docs/temes/institucions/consell-general/quan-el-consell-troba-tabac-de-bayona-a-les-cases-1737.md,temes/institucions/consell-general,"Quan el Consell troba tabac de Bayona a les cases, 1737",article,compilada,historica,false,pending,,
docs/temes/institucions/consell-general/quan-el-ferro-paga-el-dret-de-guerra-1702.md,temes/institucions/consell-general,"Quan el ferro paga el Dret de Guerra, 1702",article,compilada,historica,false,pending,,
docs/temes/institucions/consell-general/quan-el-privilegi-de-roger-bernat-torna-a-la-frontera-1693.md,temes/institucions/consell-general,Quan el privilegi de Roger Bernat torna a la frontera: la lleuda de 1693,article,compilada,historica,false,pending,,
docs/temes/institucions/consell-general/quan-els-habitants-fan-de-capa-als-forasters-1661.md,temes/institucions/consell-general,"Quan els habitants fan de capa als forasters, 1661",article,compilada,historica,false,pending,,
docs/temes/institucions/consell-general/quan-la-falta-de-blat-tanca-la-sortida-de-la-vall-1738.md,temes/institucions/consell-general,"Quan la falta de blat tanca la sortida de la Vall, 1738",article,compilada,historica,false,pending,,
docs/temes/institucions/consell-general/quan-la-frontera-demana-un-albara-de-guerra-1663-1666.md,temes/institucions/consell-general,Quan la frontera demana un albarà de guerra: 1663–1666,article,compilada,historica,false,pending,,
docs/temes/institucions/consell-general/quan-la-llana-queda-retinguda-a-sant-julia-1690.md,temes/institucions/consell-general,"Quan la llana queda retinguda a Sant Julià, 1690",article,compilada,historica,false,pending,,
docs/temes/institucions/consell-general/quan-la-mala-collita-fa-mirar-blat-foraster-1741.md,temes/institucions/consell-general,"Quan la mala collita fa mirar blat foraster, 1741",article,compilada,historica,false,pending,,
docs/temes/institucions/consell-general/quan-la-vall-compra-blat-a-arcavell-i-el-fia-1743.md,temes/institucions/consell-general,"Quan la Vall compra blat a Arcavell i el fia, 1743",article,compilada,historica,false,pending,,
docs/temes/institucions/consell-general/quan-la-vall-compra-blat-a-la-seu-i-el-reparteix-1742.md,temes/institucions/consell-general,"Quan la Vall compra blat a la Seu i el reparteix, 1742",article,compilada,historica,false,pending,,
docs/temes/institucions/consell-general/quan-la-vall-demana-confirmar-els-privilegis-1735.md,temes/institucions/consell-general,"Quan la Vall demana de nou la confirmació dels privilegis, 1735",article,compilada,historica,false,pending,,
docs/temes/institucions/consell-general/quan-la-vall-es-queda-sense-apotecari-1737-1738.md,temes/institucions/consell-general,"Quan la Vall es queda sense apotecari i en contracta un altre, 1737–1738",article,compilada,historica,false,pending,,
docs/temes/institucions/consell-general/quan-la-vall-exigeix-guia-per-la-sal-1741.md,temes/institucions/consell-general,"Quan la Vall exigeix guia per la sal, 1741",article,compilada,historica,false,pending,,
docs/temes/institucions/consell-general/quan-lalbara-torna-a-la-frontera-i-lus-propi-conserva-el-privilegi-1728.md,temes/institucions/consell-general,"Quan l'albarà torna a la frontera i l'ús propi conserva el privilegi, 1728",article,compilada,historica,false,pending,,
docs/temes/institucions/consell-general/quan-lapotecari-conduit-no-paga-talls-1713.md,temes/institucions/consell-general,"Quan l'apotecari conduït no paga talls, 1713",article,compilada,historica,false,pending,,
docs/temes/institucions/consell-general/quan-mor-heredero-i-la-vall-condueix-fresca-1739.md,temes/institucions/consell-general,"Quan mor Heredero i la Vall condueix Fresca, 1739",article,compilada,historica,false,pending,,
docs/temes/institucions/consell-general/que-les-aygues-publiques-pertany-a-aquesta-casa.md,temes/institucions/consell-general,Que les aygües públiques pertany a aquesta casa,article,compilada,historica,false,pending,,
docs/temes/institucions/consell-general/salaris-nunci-advocat-1820.md,temes/institucions/consell-general,"El Consell paga el nunci i l’advocat, 1820",article,compilada,contemporania,false,pending,,
docs/temes/institucions/consell-general/segons-les-lleis-i-costums-immemorials-del-pais.md,temes/institucions/consell-general,«Segons les lleis i costums immemorials del país»,article,compilada,historica,false,pending,,
docs/temes/institucions/consell-general/sentencia-treta-blat-1593.md,temes/institucions/consell-general,"Una sentència reial protegeix l’abastiment de les Valls, 1593",article,compilada,historica,false,pending,,
docs/temes/institucions/consell-general/si-els-dos-senyors-no-sentenien-decidia-el-poble.md,temes/institucions/consell-general,"Si els dos senyors no s'entenien, decidia el poble",article,compilada,contemporania,false,pending,,
docs/temes/institucions/consell-general/sino-perque-siguin-sempre-a-lemprament-de-tots-els-pobles.md,temes/institucions/consell-general,Sinó perquè siguin sempre a l'emprament de tots els pobles,article,compilada,contemporania,false,pending,,
docs/temes/institucions/consell-general/suplica-rebaixa-salari-nunci-1840.md,temes/institucions/consell-general,"El nunci Pau Serra demana una rebaixa de salari, 1840",article,compilada,contemporania,false,pending,,
docs/temes/institucions/consell-general/tres-dies-de-preso-per-un-frau-de-mocadors-de-seda-1736.md,temes/institucions/consell-general,"Tres dies de presó per un frau de mocadors de seda, 1736",article,compilada,historica,false,pending,,
docs/temes/institucions/consell-general/un-any-de-govern-escrit-1617.md,temes/institucions/consell-general,Un any de govern escrit: el Consell General el 1617,article,compilada,historica,false,pending,,
docs/temes/institucions/consell-general/un-cego-malament-judica-de-colors.md,temes/institucions/consell-general,Un cego malament judica de colors,article,compilada,contemporania,false,pending,,
docs/temes/institucions/consell-general/vint-i-quatre-hores-i-trenta-dies-de-preso-per-tabac-1783.md,temes/institucions/consell-general,"Vint-i-quatre hores i trenta dies de presó per plantar tabac, 1783",article,compilada,historica,false,pending,,
docs/temes/institucions/consell-general/vuitanta-pessetes-per-fer-reunir-el-consell.md,temes/institucions/consell-general,Vuitanta pessetes per fer reunir el Consell General,article,compilada,historica,false,pending,,
docs/temes/institucions/coprincipat/al-bisbe-la-dignitat-al-de-foix-el-profit.md,temes/institucions/coprincipat,"Al Bisbe la dignitat, al de Foix el profit",article,compilada,contemporania,false,pending,,
docs/temes/institucions/coprincipat/el-batlle-comtal-ha-de-jurar-els-usos-de-la-vall-1538.md,temes/institucions/coprincipat,"El batlle comtal ha de jurar els usos de la Vall, 1538",article,compilada,historica,false,pending,,
docs/temes/institucions/coprincipat/el-comissari-del-rei-de-franca-visita-la-vall-1620.md,temes/institucions/coprincipat,"El comissari del rei de França visita la Vall, 1620",article,compilada,historica,false,pending,,
docs/temes/institucions/coprincipat/el-concordat-del-2008.md,temes/institucions/coprincipat,El Concordat del 2008,article,compilada,contemporania,false,pending,,
docs/temes/institucions/coprincipat/el-consell-suspen-el-substitut-del-veguer-1771.md,temes/institucions/coprincipat,"El Consell suspèn el substitut del veguer i endureix el control del tabac, 1771",article,compilada,historica,false,pending,,
docs/temes/institucions/coprincipat/el-coprincipat-index-de-fitxes.md,institucions/coprincipat,El Coprincipat — índex de fitxes,index,,,false,pending,,
docs/temes/institucions/coprincipat/el-coprincipat.md,temes/institucions/coprincipat,El Coprincipat,article,compilada,contemporania,false,pending,,
docs/temes/institucions/coprincipat/el-nou-veguer-frances-i-les-dues-sisenes-1788.md,temes/institucions/coprincipat,"El nou veguer francès i les dues sisenes de batlle, 1788",article,compilada,historica,false,pending,,
docs/temes/institucions/coprincipat/el-veguer-de-franca-va-corregir-el-llibre.md,temes/institucions/coprincipat,El veguer de França va corregir el llibre,article,compilada,contemporania,false,pending,,
docs/temes/institucions/coprincipat/el-veguer-episcopal-juramenta-a-la-casa-del-consell-1681.md,temes/institucions/coprincipat,"El veguer episcopal juramenta a la Casa del Consell, 1681",article,compilada,historica,false,pending,,
docs/temes/institucions/coprincipat/entre-la-questia-i-napoleo-1793-1806.md,temes/institucions/coprincipat,"Entre la quèstia refusada i Napoleó, 1793–1806",article,compilada,contemporania,false,pending,,
docs/temes/institucions/coprincipat/la-festa-de-sant-ermengol-i-el-calendari-del-consell-1762.md,temes/institucions/coprincipat,"La festa de Sant Ermengol i el calendari del Consell, 1762",article,compilada,historica,false,pending,,
docs/temes/institucions/coprincipat/la-nominacio-del-batlle-episcopal-passa-per-la-sisena-1644.md,temes/institucions/coprincipat,"La nominació del batlle episcopal passa per la sisena, 1644",article,compilada,historica,false,pending,,
docs/temes/institucions/coprincipat/la-possessio-del-veguer-que-va-posar-a-prova-les-regalies-1758-1759.md,temes/institucions/coprincipat,"La possessió del veguer que va posar a prova les regalies, 1758–1759",article,compilada,historica,false,pending,,
docs/temes/institucions/coprincipat/la-questia.md,temes/institucions/coprincipat,La quèstia,article,compilada,contemporania,false,pending,,
docs/temes/institucions/coprincipat/la-seu-vacant-i-les-rendes-episcopals-1656.md,temes/institucions/coprincipat,"La Seu vacant i les rendes episcopals, 1656",article,compilada,historica,false,pending,,
docs/temes/institucions/coprincipat/la-sisena-del-batlle-episcopal-quan-el-bisbe-es-lluny-1640.md,temes/institucions/coprincipat,"La sisena del batlle episcopal quan el Bisbe és lluny, 1640",article,compilada,historica,false,pending,,
docs/temes/institucions/coprincipat/la-sisena-del-batlle-frances-1740.md,temes/institucions/coprincipat,"La sisena del batlle francès, 1740",article,compilada,historica,false,pending,,
docs/temes/institucions/coprincipat/la-sisena-del-batlle-frances-1743.md,temes/institucions/coprincipat,"La sisena del batlle francès, 1743",article,compilada,historica,false,pending,,
docs/temes/institucions/coprincipat/la-sisena-per-al-batlle-del-veguer-frances-1641.md,temes/institucions/coprincipat,"La sisena per al batlle del veguer francès, 1641",article,compilada,historica,false,pending,,
docs/temes/institucions/coprincipat/la-sisena-per-triar-el-batlle-episcopal-1704.md,temes/institucions/coprincipat,"La sisena per triar el batlle episcopal, 1704",article,compilada,historica,false,pending,,
docs/temes/institucions/coprincipat/la-vall-arrenda-les-rendes-episcopals-a-beuregart-1642-1643.md,temes/institucions/coprincipat,"La Vall arrenda les rendes episcopals a Beuregart, 1642–1643",article,compilada,historica,false,pending,,
docs/temes/institucions/coprincipat/les-tres-sobiranies.md,temes/institucions/coprincipat,Les tres sobiranies,article,compilada,contemporania,false,pending,,
docs/temes/institucions/coprincipat/quan-el-bisbe-canvia-el-batlle-i-la-vall-nomena-un-interi-1786.md,temes/institucions/coprincipat,"Quan el Bisbe canvia el batlle i la Vall nomena un interí, 1786",article,compilada,historica,false,pending,,
docs/temes/institucions/coprincipat/quan-el-bisbe-curado-entra-a-andorra-1740.md,temes/institucions/coprincipat,"Quan el bisbe Curado entra a Andorra, 1740",article,compilada,historica,false,pending,,
docs/temes/institucions/coprincipat/quan-el-jutge-episcopal-posa-en-joc-la-seva-jurisdiccio-1724-1725.md,temes/institucions/coprincipat,"Quan el jutge episcopal posa en joc la seva jurisdicció, 1724–1725",article,compilada,historica,false,pending,,
docs/temes/institucions/coprincipat/quan-el-veguer-retira-un-ordre-sobre-els-danys-del-bestiar-1770.md,temes/institucions/coprincipat,"Quan el veguer retira un ordre sobre els danys del bestiar, 1770",article,compilada,historica,false,pending,,
docs/temes/institucions/coprincipat/quan-franca-nomena-veguer-i-andorra-li-pren-jurament-1703.md,temes/institucions/coprincipat,"Quan França nomena veguer i Andorra li pren jurament, 1703",article,compilada,historica,false,pending,,
docs/temes/institucions/coprincipat/quan-la-vall-paga-la-questia-episcopal-1742.md,temes/institucions/coprincipat,"Quan la Vall paga la quèstia episcopal, 1742",article,compilada,historica,false,pending,,
docs/temes/institucions/coprincipat/quan-les-corts-no-es-poden-obrir-dues-vegades-1704.md,temes/institucions/coprincipat,Quan les Corts no es poden obrir dues vegades: 1704,article,compilada,historica,false,pending,,
docs/temes/institucions/coprincipat/quan-mor-el-bisbe-i-la-vall-reorganitza-els-carrecs-1737-1738.md,temes/institucions/coprincipat,"Quan mor el Bisbe i la Vall reorganitza els càrrecs, 1737–1738",article,compilada,historica,false,pending,,
docs/temes/institucions/coprincipat/qui-deia-que-andorra-no-era-sobirana.md,temes/institucions/coprincipat,Qui deia que Andorra no era sobirana,article,compilada,contemporania,false,pending,,
docs/temes/institucions/coprincipat/qui-exerceix-la-jurisdiccio-dandorra-1775.md,temes/institucions/coprincipat,"Qui exerceix la jurisdicció d’Andorra? La resposta del Consell, 1775",article,compilada,historica,false,pending,,
docs/temes/institucions/coprincipat/una-ampliacio-no-autoritzada-pels-textos.md,temes/institucions/coprincipat,Una ampliació no autoritzada pels textos,article,compilada,contemporania,false,pending,,
docs/temes/institucions/govern/el-govern.md,temes/institucions/govern,El Govern,article,compilada,contemporania,false,pending,,
docs/temes/institucions/govern/el-que-no-et-deixen-veure.md,temes/institucions/govern,El que no et deixen veure,article,compilada,contemporania,false,pending,,
docs/temes/institucions/govern/el-raonador-del-ciutada.md,temes/institucions/govern,El Raonador del Ciutadà,article,compilada,contemporania,false,pending,,
docs/temes/institucions/govern/govern-index-de-fitxes.md,institucions/govern,Govern — índex de fitxes,index,,,false,pending,,
docs/temes/institucions/govern/la-contractacio-directa.md,temes/institucions/govern,La contractació directa,article,compilada,contemporania,false,pending,,
docs/temes/institucions/govern/la-funcio-publica.md,temes/institucions/govern,La funció pública,article,compilada,contemporania,false,pending,,
docs/temes/institucions/govern/la-llei-de-transparencia.md,temes/institucions/govern,La llei de transparència,article,compilada,contemporania,false,pending,,
docs/temes/institucions/govern/tractar-amb-ladministracio.md,temes/institucions/govern,Tractar amb l'Administració,article,compilada,contemporania,false,pending,,
docs/temes/institucions/govern/trenta-dos-anys-de-pressupost.md,temes/institucions/govern,Trenta-dos anys de pressupost,article,compilada,contemporania,false,pending,,
docs/temes/institucions/institucions-d-andorra-index-de-fitxes.md,institucions,Institucions d'Andorra — índex de fitxes,index,,,false,pending,,
docs/temes/institucions/justicia/a-les-galeres-despanya-per-la-neu.md,temes/institucions/justicia,"A les galeres d'Espanya, per la neu",article,compilada,contemporania,false,pending,,
docs/temes/institucions/justicia/a-perpinya-amb-dret-catala-a-la-seu-amb-dret-roma.md,temes/institucions/justicia,"A Perpinyà amb dret català, a la Seu amb dret romà",article,compilada,contemporania,false,pending,,
docs/temes/institucions/justicia/abrogats-el-1839-aplicats-el-1889.md,temes/institucions/justicia,"Abrogats el 1839, aplicats el 1889",article,compilada,contemporania,false,pending,,
docs/temes/institucions/justicia/al-botxi-per-sos-drets-de-penjar-tres-dones.md,temes/institucions/justicia,Al botxí per sos drets de penjar tres dones,article,compilada,historica,false,pending,,
docs/temes/institucions/justicia/aquell-princep-que-es-prevengut.md,temes/institucions/justicia,Aquell príncep que és prevengut,article,compilada,historica,false,pending,,
docs/temes/institucions/justicia/ara-hoyats-i-el-termini-no-era-mai-el-mateix.md,temes/institucions/justicia,"«Ara hoyats», i el termini no era mai el mateix",article,compilada,historica,false,pending,,
docs/temes/institucions/justicia/arcaica-mes-que-antiga.md,temes/institucions/justicia,Arcaica més que antiga,article,compilada,historica,false,pending,,
docs/temes/institucions/justicia/avui-trec-penyores-i-no-treia-res.md,temes/institucions/justicia,"Avui trec penyores, i no treia res",article,compilada,historica,false,pending,,
docs/temes/institucions/justicia/ben-arrimat-a-la-paret-contraria-a-lesglesia.md,temes/institucions/justicia,Ben arrimat a la paret contrària a l'església,article,compilada,contemporania,false,pending,,
docs/temes/institucions/justicia/cadaver-alsat-que-la-justicia-te-demana.md,temes/institucions/justicia,"«Cadàver, alça't que la Justícia et demana»",article,compilada,contemporania,false,pending,,
docs/temes/institucions/justicia/cesan-los-demes-tribunals-inferiors.md,temes/institucions/justicia,Cesan los demes tribunals inferiors,article,compilada,historica,false,pending,,
docs/temes/institucions/justicia/cinc-respostes-a-la-mateixa-pregunta.md,temes/institucions/justicia,Cinc respostes a la mateixa pregunta,article,compilada,historica,false,pending,,
docs/temes/institucions/justicia/com-no-shaja-trobat-qui-mes-hi-haja-donat-que-yo.md,temes/institucions/justicia,Com no s'haja trobat qui més hi haja donat que jo,article,compilada,historica,false,pending,,
docs/temes/institucions/justicia/comencava-per-lexecucio-i-deliberava-despres.md,temes/institucions/justicia,Començava per l'execució i deliberava després,article,compilada,historica,false,pending,,
docs/temes/institucions/justicia/cronologia-legislativa.md,temes/institucions/justicia,Cronologia legislativa del segle XX,article,compilada,contemporania,false,pending,,
docs/temes/institucions/justicia/de-saig-a-batlle-el-set-de-juny-de-1456.md,temes/institucions/justicia,"De saig a batlle, el set de juny de 1456",article,compilada,historica,false,pending,,
docs/temes/institucions/justicia/demanaves-lordre-i-laltre-passava-a-ser-demandant.md,temes/institucions/justicia,Demanaves l'ordre i l'altre passava a ser demandant,article,compilada,historica,false,pending,,
docs/temes/institucions/justicia/deu-dies-de-dret-i-tres-de-gracia.md,temes/institucions/justicia,Deu dies de dret i tres de gràcia,article,compilada,historica,false,pending,,
docs/temes/institucions/justicia/dissabte-dotze-de-gener-dilluns-vint-i-vuit.md,temes/institucions/justicia,"Dissabte dotze de gener, dilluns vint-i-vuit",article,compilada,historica,false,pending,,
docs/temes/institucions/justicia/dos-de-tres-i-les-parts-no-ho-saben.md,temes/institucions/justicia,"Dos de tres, i les parts no ho saben",article,compilada,contemporania,false,pending,,
docs/temes/institucions/justicia/dos-sous-per-lliura-perque-no-sapelli.md,temes/institucions/justicia,"Dos sous per lliura, perquè no s'apel·li",article,compilada,contemporania,false,pending,,
docs/temes/institucions/justicia/dotze-sentencies-de-tretze-les-escrivia-un-altre.md,temes/institucions/justicia,Dotze sentències de tretze les escrivia un altre,article,compilada,historica,false,pending,,
docs/temes/institucions/justicia/dues-mil-dues-centes-cinquanta-cinc-i-mil-set-centes-cinquanta-quatre.md,temes/institucions/justicia,Dues mil dues-centes cinquanta-cinc i mil set-centes cinquanta-quatre,article,compilada,contemporania,false,pending,,
docs/temes/institucions/justicia/el-consell-defensa-les-valls-davant-un-clam-de-pau-i-treva-1460.md,temes/institucions/justicia,"El Consell defensa les Valls davant un clam de pau i treva, 1460",article,compilada,historica,false,pending,,
docs/temes/institucions/justicia/el-consell-encarrega-un-codi-de-lleis-1860.md,temes/institucions/justicia,"El Consell encarrega un «còdigo de lleys», 1860",article,compilada,contemporania,false,pending,,
docs/temes/institucions/justicia/el-consell-li-va-dir-que-suspengues.md,temes/institucions/justicia,El Consell li va dir que suspengués,article,compilada,historica,false,pending,,
docs/temes/institucions/justicia/el-demandat-segueix-el-demandant.md,temes/institucions/justicia,El demandat segueix el demandant,article,compilada,historica,false,pending,,
docs/temes/institucions/justicia/el-dret-comu-per-damunt-de-les-lleis-veines-1753.md,temes/institucions/justicia,"El dret comú per damunt de les lleis veïnes, 1753",article,compilada,historica,false,pending,,
docs/temes/institucions/justicia/el-dret-supletori.md,temes/institucions/justicia,El dret supletori,article,compilada,contemporania,false,pending,,
docs/temes/institucions/justicia/el-dret-vigent.md,temes/institucions/justicia,El dret andorrà vigent,article,compilada,contemporania,false,pending,,
docs/temes/institucions/justicia/el-jutge-que-seia-i-no-votava.md,temes/institucions/justicia,El jutge que seia i no votava,article,compilada,contemporania,false,pending,,
docs/temes/institucions/justicia/el-manual-digest-va-desnaturar-el-privilegi.md,temes/institucions/justicia,El Manual Digest va desnaturar el privilegi,article,compilada,historica,false,pending,,
docs/temes/institucions/justicia/el-notariat.md,temes/institucions/justicia,El notariat,article,compilada,contemporania,false,pending,,
docs/temes/institucions/justicia/el-proces-penal.md,temes/institucions/justicia,El procés penal,article,compilada,contemporania,false,pending,,
docs/temes/institucions/justicia/el-qui-tastava-el-vi-i-posava-el-preu-de-la-fruita.md,temes/institucions/justicia,El qui tastava el vi i posava el preu de la fruita,article,compilada,historica,false,pending,,
docs/temes/institucions/justicia/el-rector-notari-ordinari-de-la-parroquia.md,temes/institucions/justicia,"El rector, notari ordinari de la parròquia",article,compilada,historica,false,pending,,
docs/temes/institucions/justicia/el-recurs-dempara.md,temes/institucions/justicia,El recurs d'empara,article,compilada,contemporania,false,pending,,
docs/temes/institucions/justicia/el-robatori-de-fontargent-i-la-recerca-dels-malfactors-1680.md,temes/institucions/justicia,"El robatori de Fontargent i la recerca dels malfactors, 1680",article,compilada,historica,false,pending,,
docs/temes/institucions/justicia/el-saig.md,temes/institucions/justicia,El saig,article,compilada,contemporania,false,pending,,
docs/temes/institucions/justicia/el-tribunal-constitucional.md,temes/institucions/justicia,El Tribunal Constitucional,article,compilada,contemporania,false,pending,,
docs/temes/institucions/justicia/el-tribunal-de-comptes.md,temes/institucions/justicia,El Tribunal de Comptes,article,compilada,contemporania,false,pending,,
docs/temes/institucions/justicia/el-van-demanar-per-estalviar-no-per-pietat.md,temes/institucions/justicia,"El van demanar per estalviar, no per pietat",article,compilada,historica,false,pending,,
docs/temes/institucions/justicia/el-veguer-de-franca-pagava-les-corts-de-la-seva-butxaca.md,temes/institucions/justicia,El veguer de França pagava les Corts de la seva butxaca,article,compilada,historica,false,pending,,
docs/temes/institucions/justicia/els-consols-els-lliuren-amb-els-ulls-tancats.md,temes/institucions/justicia,Els cònsols els lliuren amb els ulls tancats,article,compilada,historica,false,pending,,
docs/temes/institucions/justicia/els-mateixos-tretze-dies-dues-explicacions.md,temes/institucions/justicia,"Els mateixos tretze dies, dues explicacions",article,compilada,contemporania,false,pending,,
docs/temes/institucions/justicia/els-notaris-deien-que-sense-escriptura-no-hi-havia-venda.md,temes/institucions/justicia,Els notaris deien que sense escriptura no hi havia venda,article,compilada,historica,false,pending,,
docs/temes/institucions/justicia/els-tribunals-tancaven-per-la-fira-dorganya.md,temes/institucions/justicia,Els tribunals tancaven per la fira d'Organyà,article,compilada,contemporania,false,in_progress,knowledge-0019,One cross-topic candidate; remaining document content still pending.
docs/temes/institucions/justicia/es-deixaven-escapar-els-presos.md,temes/institucions/justicia,Es deixaven escapar els presos,article,compilada,historica,false,pending,,
docs/temes/institucions/justicia/es-pot-renunciar-a-una-autoritzacio-no-a-una-prescripcio.md,temes/institucions/justicia,"Es pot renunciar a una autorització, no a una prescripció",article,compilada,historica,false,pending,,
docs/temes/institucions/justicia/escrupols-quant-a-la-forma-atreviments-quant-al-fons.md,temes/institucions/justicia,"Escrúpols quant a la forma, atreviments quant al fons",article,compilada,historica,false,pending,,
docs/temes/institucions/justicia/homes-armats-a-la-porta-de-lesglesia.md,temes/institucions/justicia,Homes armats a la porta de l'església,article,compilada,historica,false,pending,,
docs/temes/institucions/justicia/justicia-index-de-fitxes.md,institucions/justicia,Justícia — índex de fitxes,index,,,false,pending,,
docs/temes/institucions/justicia/justicia.md,temes/institucions/justicia,La justícia,article,compilada,contemporania,false,pending,,
docs/temes/institucions/justicia/la-cacera-de-bruixes-entra-al-govern-del-consell-1621.md,temes/institucions/justicia,La cacera de bruixes entra al govern del Consell (1621),article,compilada,historica,false,pending,,
docs/temes/institucions/justicia/la-justicia-dabans.md,temes/institucions/justicia,La justícia abans de la Constitució,article,compilada,contemporania,false,pending,,
docs/temes/institucions/justicia/la-llei-del-pais-que-ningu-del-pais-no-coneixia.md,temes/institucions/justicia,La llei del país que ningú del país no coneixia,article,compilada,historica,false,pending,,
docs/temes/institucions/justicia/la-llei-penitenciaria.md,temes/institucions/justicia,La llei penitenciària,article,compilada,contemporania,false,pending,,
docs/temes/institucions/justicia/la-pena-de-mort.md,temes/institucions/justicia,La pena de mort,article,compilada,contemporania,false,pending,,
docs/temes/institucions/justicia/la-preso-sense-llei.md,temes/institucions/justicia,La presó sense llei,article,compilada,contemporania,false,pending,,
docs/temes/institucions/justicia/la-sentencia-de-galera-contra-guillem-castella-1739.md,temes/institucions/justicia,"La sentència de galera contra Guillem Castellà, 1739",article,compilada,historica,false,pending,,
docs/temes/institucions/justicia/la-sentencia-en-llati-la-pena-en-catala.md,temes/institucions/justicia,"La sentència en llatí, la pena en català",article,compilada,contemporania,false,pending,,
docs/temes/institucions/justicia/la-sentencia-que-deixa-passar-el-bestiar-per-sant-julia-1703.md,temes/institucions/justicia,"La sentència que deixa passar el bestiar per Sant Julià, 1703",article,compilada,historica,false,pending,,
docs/temes/institucions/justicia/la-trencada-de-la-preso-i-la-vall-en-demana-una-1635.md,temes/institucions/justicia,"La trencada de la presó i la Vall en demana una, 1635",article,compilada,historica,false,pending,,
docs/temes/institucions/justicia/la-vall-envia-quatre-homes-per-un-pres-de-la-val-de-videsos-1644.md,temes/institucions/justicia,"La Vall envia quatre homes per un pres de la Val de Videsós, 1644",article,compilada,historica,false,pending,,
docs/temes/institucions/justicia/la-vall-negocia-la-guarda-dels-presos-1621.md,temes/institucions/justicia,"La Vall negocia la guarda dels presos, 1621",article,compilada,historica,false,pending,,
docs/temes/institucions/justicia/ladministracio-no-paga-multa.md,temes/institucions/justicia,L'administració no paga multa,article,compilada,contemporania,false,pending,,
docs/temes/institucions/justicia/les-corts-del-veger-frances-i-el-jutge-de-foix-1618.md,temes/institucions/justicia,"Les Corts del veguer francès i el jutge de Foix, 1618",article,compilada,historica,false,pending,,
docs/temes/institucions/justicia/les-fires-dorganya-eren-vacances-judicials.md,temes/institucions/justicia,Les fires d'Organyà eren vacances judicials,article,compilada,historica,false,pending,,
docs/temes/institucions/justicia/les-fonts-del-dret.md,temes/institucions/justicia,Les fonts del dret,article,compilada,contemporania,false,pending,,
docs/temes/institucions/justicia/les-gallines-del-vei-a-tot-arreu-menys-al-prat.md,temes/institucions/justicia,"Les gallines del veí, a tot arreu menys al prat",article,compilada,historica,false,pending,,
docs/temes/institucions/justicia/les-lleis-qualificades.md,temes/institucions/justicia,Les lleis qualificades,article,compilada,contemporania,false,pending,,
docs/temes/institucions/justicia/les-penes-del-codi-penal.md,temes/institucions/justicia,Les penes del Codi Penal,article,compilada,contemporania,false,pending,,
docs/temes/institucions/justicia/les-sentencies-no-les-escrivien-els-batlles.md,temes/institucions/justicia,Les sentències no les escrivien els batlles,article,compilada,historica,false,pending,,
docs/temes/institucions/justicia/les-taxes-dels-notaris-1356.md,temes/institucions/justicia,Els dos veguers posen preu al notari (1356),article,compilada,historica,false,pending,,
docs/temes/institucions/justicia/lestranger-en-tenia-prou-amb-una-citacio.md,temes/institucions/justicia,L'estranger en tenia prou amb una citació,article,compilada,historica,false,pending,,
docs/temes/institucions/justicia/lexecucio-forcosa.md,temes/institucions/justicia,L'execució forçosa,article,compilada,contemporania,false,pending,,
docs/temes/institucions/justicia/li-vaig-preguntar-que-feien-no-gran-cosa.md,temes/institucions/justicia,Li vaig preguntar què feien: «no gran cosa»,article,compilada,historica,false,pending,,
docs/temes/institucions/justicia/lordenament-juridic-avui.md,temes/institucions/justicia,L'ordenament jurídic avui,article,compilada,contemporania,false,pending,,
docs/temes/institucions/justicia/manllevat-de-la-justicia-i-promes-de-tornar.md,temes/institucions/justicia,"Manllevat de la Justícia, i promès de tornar",article,compilada,contemporania,false,pending,,
docs/temes/institucions/justicia/mes-estat-forsat-de-pendre-inmobles.md,temes/institucions/justicia,M'és estat forçat de prendre immobles,article,compilada,historica,false,pending,,
docs/temes/institucions/justicia/mort-qui-tha-mort.md,temes/institucions/justicia,"«Mort, qui t'ha mort?»",article,compilada,contemporania,false,pending,,
docs/temes/institucions/justicia/ni-amb-els-seus-peus-ni-amb-els-peus-daltri.md,temes/institucions/justicia,Ni amb els seus peus ni amb els peus d'altri,article,compilada,historica,false,pending,,
docs/temes/institucions/justicia/no-en-volien-dos-de-jutge-en-volien-un-de-comu.md,temes/institucions/justicia,"No en volien dos, de jutge: en volien un de comú",article,compilada,historica,false,pending,,
docs/temes/institucions/justicia/no-es-bo-que-el-jutge-es-pagui-de-les-despulles.md,temes/institucions/justicia,No és bo que el jutge es pagui de les despulles,article,compilada,historica,false,pending,,
docs/temes/institucions/justicia/no-hi-pot-haver-mes-que-un-sol-veguer.md,temes/institucions/justicia,No hi pot haver més que un sol veguer,article,compilada,historica,false,pending,,
docs/temes/institucions/justicia/no-prohibia-matar-los-els-eximia-de-pagar.md,temes/institucions/justicia,No prohibia matar-los: els eximia de pagar,article,compilada,historica,false,pending,,
docs/temes/institucions/justicia/nomes-per-aquesta-vegada-i-que-no-faci-precedent.md,temes/institucions/justicia,"Només per aquesta vegada, i que no faci precedent",article,compilada,historica,false,pending,,
docs/temes/institucions/justicia/nul-per-al-jutge-valid-per-a-la-consciencia.md,temes/institucions/justicia,"Nul per al jutge, vàlid per a la consciència",article,compilada,historica,false,pending,,
docs/temes/institucions/justicia/pagat-un-poc-abans-dobrar.md,temes/institucions/justicia,Pagat un poc abans d'obrar,article,compilada,contemporania,false,pending,,
docs/temes/institucions/justicia/pendre-sela-de-sa-propia-autoritat.md,temes/institucions/justicia,Pendre-se-la de sa pròpia autoritat,article,compilada,historica,false,pending,,
docs/temes/institucions/justicia/per-aquells-acceptant-i-estipulant.md,temes/institucions/justicia,"Per aquells, acceptant i estipulant",article,compilada,historica,false,pending,,
docs/temes/institucions/justicia/podies-denunciar-un-consol-pero-no-demandar-lo.md,temes/institucions/justicia,"Podies denunciar un cònsol, però no demandar-lo",article,compilada,historica,false,pending,,
docs/temes/institucions/justicia/presos-que-surten-de-la-vall-i-no-tornen-1686-1687.md,temes/institucions/justicia,"Presos trets de la Vall: reclamacions a la Seu, al Bisbe i a Perpinyà, 1686–1687",article,compilada,historica,false,pending,,
docs/temes/institucions/justicia/propter-angustiam-loci.md,temes/institucions/justicia,Propter angustiam loci,article,compilada,historica,false,pending,,
docs/temes/institucions/justicia/quan-dos-veguers-obren-corts-i-la-vall-nomena-raonadors-1681.md,temes/institucions/justicia,"Quan dos veguers obren Corts i la Vall nomena arraonadors, 1681",article,compilada,historica,false,pending,,
docs/temes/institucions/justicia/quan-el-consell-defensa-els-usos-davant-un-proces-1776.md,temes/institucions/justicia,"Quan el Consell defensa els usos davant un procés, 1776",article,compilada,historica,false,pending,,
docs/temes/institucions/justicia/quan-el-veguer-obre-corts-per-quatre-presos-1684.md,temes/institucions/justicia,"Quan el veguer obre Corts per quatre presos, 1684",article,compilada,historica,false,pending,,
docs/temes/institucions/justicia/quan-els-presos-obliguen-a-parlar-amb-els-dos-veguers-1703.md,temes/institucions/justicia,"Quan els presos obliguen a parlar amb els dos veguers, 1703",article,compilada,historica,false,pending,,
docs/temes/institucions/justicia/quan-fiter-obre-corts-i-la-vall-nomena-raonadors-1738.md,temes/institucions/justicia,"Quan Fiter obre Corts i la Vall nomena rahonadors, 1738",article,compilada,historica,false,pending,,
docs/temes/institucions/justicia/quan-la-neu-obliga-a-delegar-la-justicia-1742.md,temes/institucions/justicia,"Quan la neu obliga a delegar la justícia, 1742",article,compilada,historica,false,pending,,
docs/temes/institucions/justicia/quan-les-corts-deixen-un-deute-a-la-vall-1742.md,temes/institucions/justicia,"Quan les Corts deixen un deute a la Vall, 1742",article,compilada,historica,false,pending,,
docs/temes/institucions/justicia/quan-les-corts-sobren-fora-de-temps-1754.md,temes/institucions/justicia,"Quan les Corts s’obren fora de temps, 1754",article,compilada,historica,false,pending,,
docs/temes/institucions/justicia/quan-un-pres-antic-es-fa-carrega-de-la-vall-1739.md,temes/institucions/justicia,"Quan un pres antic es fa càrrega de la Vall, 1739",article,compilada,historica,false,pending,,
docs/temes/institucions/justicia/quan-una-excomunio-no-podia-entrar-a-andorra-1695.md,temes/institucions/justicia,"Quan una excomunió no podia entrar a Andorra: el mas de Tolse, 1695",article,compilada,historica,false,pending,,
docs/temes/institucions/justicia/quan-violenten-la-caixa-de-la-casa-de-la-vall-1778.md,temes/institucions/justicia,"Quan violenten la caixa de la Casa de la Vall, 1778",article,compilada,historica,false,pending,,
docs/temes/institucions/justicia/quants-notaris.md,temes/institucions/justicia,Quants notaris,article,compilada,contemporania,false,pending,,
docs/temes/institucions/justicia/quatre-presos-capita-general-barcelona-1788.md,temes/institucions/justicia,"Quatre presos cap a Barcelona, amb sis homes armats, 1788",article,compilada,historica,false,pending,,
docs/temes/institucions/justicia/qui-decideix-si-un-recurs-sadmet.md,temes/institucions/justicia,Qui decideix si un recurs s'admet,article,compilada,contemporania,false,pending,,
docs/temes/institucions/justicia/qui-demanava-clemencia-portava-els-comptes.md,temes/institucions/justicia,Qui demanava clemència portava els comptes,article,compilada,historica,false,pending,,
docs/temes/institucions/justicia/qui-nomena-els-jutges.md,temes/institucions/justicia,Qui nomena els jutges,article,compilada,contemporania,false,pending,,
docs/temes/institucions/justicia/resoldre-sense-judici.md,temes/institucions/justicia,Resoldre sense judici,article,compilada,contemporania,false,pending,,
docs/temes/institucions/justicia/si-aixo-fos-el-costum-ningu-no-aniria-al-notari.md,temes/institucions/justicia,"«Si això fos el costum, ningú no aniria al notari»",article,compilada,historica,false,pending,,
docs/temes/institucions/justicia/si-dos-consellers-son-parents-desapareix-una-instancia.md,temes/institucions/justicia,"Si dos consellers són parents, desapareix una instància",article,compilada,historica,false,pending,,
docs/temes/institucions/justicia/si-la-part-instant-ho-vol.md,temes/institucions/justicia,«Si la part instant ho vol»,article,compilada,historica,false,pending,,
docs/temes/institucions/justicia/si-no-dius-a-quin-coprincep-tria-laltra-part.md,temes/institucions/justicia,"Si no dius a quin copríncep, tria l'altra part",article,compilada,contemporania,false,pending,,
docs/temes/institucions/justicia/si-no-hi-ha-botxi-el-fa-el-porter.md,temes/institucions/justicia,"Si no hi ha botxí, el fa el porter",article,compilada,contemporania,false,pending,,
docs/temes/institucions/justicia/si-nomes-volien-ballar-era-un-altre-tribunal.md,temes/institucions/justicia,"Si només volien ballar, era un altre tribunal",article,compilada,historica,false,pending,,
docs/temes/institucions/justicia/te-rao-el-mes-fort-o-el-mes-avisat.md,temes/institucions/justicia,Té raó el més fort o el més avisat,article,compilada,historica,false,pending,,
docs/temes/institucions/justicia/tingas-pres-per-lo-princep.md,temes/institucions/justicia,Tinga's pres per lo Príncep,article,compilada,contemporania,false,pending,,
docs/temes/institucions/justicia/tornar-la-fama-el-diumenge-en-sortir-de-missa.md,temes/institucions/justicia,"Tornar la fama, el diumenge en sortir de missa",article,compilada,historica,false,pending,,
docs/temes/institucions/justicia/trenta-dues-citacions-i-cinc-pagines.md,temes/institucions/justicia,Trenta-dues citacions i cinc pàgines,article,compilada,historica,false,pending,,
docs/temes/institucions/justicia/tres-dies-descombre.md,temes/institucions/justicia,Tres dies d'escombre,article,compilada,historica,false,pending,,
docs/temes/institucions/justicia/tres-dies-deu-dies-o-un-mes-segons-els-camins.md,temes/institucions/justicia,"Tres dies, deu dies o un mes, segons els camins",article,compilada,historica,false,pending,,
docs/temes/institucions/justicia/tretze-dies-i-ja-hi-eren-el-1904.md,temes/institucions/justicia,"Tretze dies, i ja hi eren el 1904",article,compilada,historica,false,pending,,
docs/temes/institucions/justicia/tretze-dies-pero-comptats-duna-altra-manera.md,temes/institucions/justicia,"Tretze dies, però comptats d'una altra manera",article,compilada,historica,false,pending,,
docs/temes/institucions/justicia/tretze-dies.md,temes/institucions/justicia,Tretze dies,article,compilada,contemporania,false,pending,,
docs/temes/institucions/justicia/un-corpus-no-es-un-organisme-competent.md,temes/institucions/justicia,Un corpus no és un organisme competent,article,compilada,contemporania,false,pending,,
docs/temes/institucions/justicia/un-decret-que-ningu-no-ha-produit-mai.md,temes/institucions/justicia,Un decret que ningú no ha produït mai,article,compilada,historica,false,pending,,
docs/temes/institucions/justicia/un-fadri-sense-casa-si-que-es-pot-emparar.md,temes/institucions/justicia,Un fadrí sense casa sí que es pot emparar,article,compilada,contemporania,false,pending,,
docs/temes/institucions/justicia/un-pernil-i-dos-formatges-per-dobla.md,temes/institucions/justicia,Un pernil i dos formatges per dobla,article,compilada,contemporania,false,pending,,
docs/temes/institucions/justicia/un-pres-de-la-baronia-dalles-i-el-preu-de-la-justicia-1698-1699.md,temes/institucions/justicia,"Un pres de la baronia d'Allés i el preu de la justícia, 1698–1699",article,compilada,historica,false,pending,,
docs/temes/institucions/justicia/un-vedell-paga-com-una-vaca.md,temes/institucions/justicia,Un vedell paga com una vaca,article,compilada,historica,false,pending,,
docs/temes/institucions/justicia/una-creu-al-prat-sis-sous-i-sis-diners.md,temes/institucions/justicia,"Una creu al prat, sis sous i sis diners",article,compilada,contemporania,false,pending,,
docs/temes/institucions/justicia/una-dona-presa-a-encamp-i-el-consell-que-no-avanca-els-costos-1701.md,temes/institucions/justicia,"Una dona presa a Encamp i el Consell que no avança els costos, 1701",article,compilada,historica,false,pending,,
docs/temes/institucions/justicia/una-quitanca-per-un-preu-que-encara-es-devia.md,temes/institucions/justicia,Una quitança per un preu que encara es devia,article,compilada,historica,false,pending,,
docs/temes/institucions/justicia/una-vegada-de-cada-tres.md,temes/institucions/justicia,Una vegada de cada tres,article,compilada,historica,false,pending,,
docs/temes/institucions/justicia/va-afegir-a-la-sentencia-coses-que-ningu-no-havia-demanat.md,temes/institucions/justicia,Va afegir a la sentència coses que ningú no havia demanat,article,compilada,contemporania,false,pending,,
docs/temes/institucions/justicia/vaig-entendre-per-que-els-terminis-es-respectaven-tant.md,temes/institucions/justicia,Vaig entendre per què els terminis es respectaven tant,article,compilada,historica,false,pending,,
docs/temes/institucions/justicia/y-si-no-tenen-paciencia.md,temes/institucions/justicia,"Y si no tenen, paciència",article,compilada,contemporania,false,pending,,
docs/temes/institucions/nacionalitat-i-residencia/autoritzacio-residencia-pasto-1950.md,temes/institucions/nacionalitat-i-residencia,Un paleta d’Onda demana residència per treballar a Encamp (1950),article,compilada,historica,false,pending,,
docs/temes/institucions/nacionalitat-i-residencia/certificat-residencia-quesada-1948.md,temes/institucions/nacionalitat-i-residencia,Maria Josepa Quesada acredita la residència a Grenoble (1948),article,compilada,historica,false,pending,,
docs/temes/institucions/nacionalitat-i-residencia/certificat-residencia-rispal-1956.md,temes/institucions/nacionalitat-i-residencia,Escaldes certifica la residència i nacionalitat d’Antònia Rispal (1956),article,compilada,historica,false,pending,,
docs/temes/institucions/nacionalitat-i-residencia/demanda-passaport-benezet-1946.md,temes/institucions/nacionalitat-i-residencia,Adrià Benezet demana el passaport andorrà des de Besiers (1946),article,compilada,historica,false,pending,,
docs/temes/institucions/nacionalitat-i-residencia/el-cens-comunal-i-el-control-dels-estrangers-1752-1949.md,temes/institucions/nacionalitat-i-residencia,Del control dels forasters al cens comunal (1752–1949),article,compilada,contemporania,false,pending,,
docs/temes/institucions/nacionalitat-i-residencia/el-codi-de-la-nacionalitat-de-1977.md,temes/institucions/nacionalitat-i-residencia,El Codi de la nacionalitat de 1977,article,compilada,contemporania,false,pending,,
docs/temes/institucions/nacionalitat-i-residencia/el-rellotge-dels-vint-i-cinc-anys.md,temes/institucions/nacionalitat-i-residencia,El rellotge dels vint-i-cinc anys,article,compilada,contemporania,false,pending,,
docs/temes/institucions/nacionalitat-i-residencia/els-andorrans-de-primera-generacio.md,temes/institucions/nacionalitat-i-residencia,Els andorrans de primera generació,article,compilada,contemporania,false,pending,,
docs/temes/institucions/nacionalitat-i-residencia/la-politica-de-nacionalitat.md,temes/institucions/nacionalitat-i-residencia,La política de nacionalitat,article,compilada,contemporania,false,pending,,
docs/temes/institucions/nacionalitat-i-residencia/la-residencia-passiva.md,temes/institucions/nacionalitat-i-residencia,La residència passiva,article,compilada,contemporania,false,pending,,
docs/temes/institucions/nacionalitat-i-residencia/nacionalitat-i-residencia-index-de-fitxes.md,institucions/nacionalitat-i-residencia,Nacionalitat i residència — índex de fitxes,index,,,false,pending,,
docs/temes/institucions/nacionalitat-i-residencia/nacionalitat-i-residencia.md,temes/institucions/nacionalitat-i-residencia,Nacionalitat i residència,article,compilada,contemporania,false,pending,,
docs/temes/institucions/nacionalitat-i-residencia/pas-franca-dalleres-1868.md,temes/institucions/nacionalitat-i-residencia,Pere Dalleres obté un passe per circular per França (1868),article,compilada,historica,false,pending,,
docs/temes/institucions/nacionalitat-i-residencia/passaport-filomena-albos-1941.md,temes/institucions/nacionalitat-i-residencia,Filomena Albós rep el passaport andorrà número 263 (1941),article,compilada,historica,false,pending,,
docs/temes/institucions/nacionalitat-i-residencia/passaports-andorrans-seu-1840.md,temes/institucions/nacionalitat-i-residencia,"El governador de Lleida intervé pels passaports dels andorrans, 1840",article,compilada,contemporania,false,pending,,
docs/temes/institucions/nacionalitat-i-residencia/qui-podia-ser-andorra-el-1997.md,temes/institucions/nacionalitat-i-residencia,Qui podia ser andorrà el 1997,article,compilada,contemporania,false,pending,,
docs/temes/institucions/nacionalitat-i-residencia/registre-residencia-andorra-franca-1893.md,temes/institucions/nacionalitat-i-residencia,Un veí d’Encamp s’inscriu a França (1893),article,compilada,historica,false,pending,,
docs/temes/institucions/nacionalitat-i-residencia/restriccio-emigrats-francesos-1904.md,temes/institucions/nacionalitat-i-residencia,Andorra restringeix l’entrada d’emigrats francesos (1904),article,compilada,historica,false,pending,,
docs/temes/institucions/nacionalitat-i-residencia/un-de-canillo-es-foraster-a-encamp.md,temes/institucions/nacionalitat-i-residencia,Un de Canillo és foraster a Encamp,article,compilada,historica,false,pending,,
docs/temes/institucions/patrimoni-institucional/casa-de-la-vall.md,temes/institucions/patrimoni-institucional,La Casa de la Vall,article,compilada,contemporania,false,pending,,
docs/temes/institucions/patrimoni-institucional/dues-portes-sis-panys-i-un-secret.md,temes/institucions/patrimoni-institucional,"Dues portes, sis panys i un secret",article,compilada,contemporania,false,pending,,
docs/temes/institucions/patrimoni-institucional/els-consellers-hi-dormien.md,temes/institucions/patrimoni-institucional,"Els consellers hi dormien, i el Consell pagava",article,compilada,contemporania,false,pending,,
docs/temes/institucions/patrimoni-institucional/excomunio-major-per-a-qui-tregui-un-paper.md,temes/institucions/patrimoni-institucional,Excomunió major per a qui tregui un paper,article,compilada,contemporania,false,pending,,
docs/temes/institucions/patrimoni-institucional/larmari-de-les-set-claus.md,temes/institucions/patrimoni-institucional,L'Armari de les Set Claus,article,compilada,contemporania,false,pending,,
docs/temes/institucions/patrimoni-institucional/linventari-de-les-set-claus.md,temes/institucions/patrimoni-institucional,L'inventari de les Set Claus,article,compilada,contemporania,false,pending,,
docs/temes/institucions/patrimoni-institucional/patrimoni-institucional-index-de-fitxes.md,institucions/patrimoni-institucional,Patrimoni institucional — índex de fitxes,index,,,false,pending,,
docs/temes/institucions/petits-estats/andorra-com-a-microestat.md,temes/institucions/petits-estats,Andorra com a microestat,article,compilada,contemporania,false,pending,,
docs/temes/institucions/petits-estats/els-petits-estats-comparats.md,temes/institucions/petits-estats,Els petits estats comparats,article,compilada,contemporania,false,pending,,
docs/temes/institucions/petits-estats/petits-estats-index-de-fitxes.md,institucions/petits-estats,Petits estats — índex de fitxes,index,,,false,pending,,
docs/temes/institucions/quarts-i-veinats/quan-la-parroquia-no-nomena-metge-el-quart-ho-pot-fer.md,temes/institucions/quarts-i-veinats,"Quan la parròquia no nomena metge, el quart ho pot fer",article,compilada,contemporania,false,pending,,
docs/temes/institucions/quarts-i-veinats/quarts-i-veinats-index-de-fitxes.md,institucions/quarts-i-veinats,Quarts i veïnats — índex de fitxes,index,,,false,pending,,
docs/temes/institucions/quarts-i-veinats/quarts-i-veinats.md,temes/institucions/quarts-i-veinats,Quarts i veïnats,article,compilada,contemporania,false,pending,,
docs/temes/institucions/relacions-exteriors/andorra-a-la-comissio-on-no-vota.md,temes/institucions/relacions-exteriors,Andorra a la comissió on no vota,article,compilada,contemporania,false,pending,,
docs/temes/institucions/relacions-exteriors/andorra-es-adequada.md,temes/institucions/relacions-exteriors,Andorra és adequada,article,compilada,contemporania,false,pending,,
docs/temes/institucions/relacions-exteriors/el-reconeixement-internacional.md,temes/institucions/relacions-exteriors,El reconeixement internacional,article,compilada,contemporania,false,pending,,
docs/temes/institucions/relacions-exteriors/els-comisos-sempre-en-benefici-de-lestat-andorra.md,temes/institucions/relacions-exteriors,Els comisos sempre s'efectuen en benefici de l'Estat andorrà,article,compilada,contemporania,false,pending,,
docs/temes/institucions/relacions-exteriors/els-dos-papers-de-la-reivindicacio-espanyola.md,temes/institucions/relacions-exteriors,Els dos papers de la reivindicació espanyola,article,compilada,contemporania,false,pending,,
docs/temes/institucions/relacions-exteriors/lacord-dassociacio-amb-la-ue.md,temes/institucions/relacions-exteriors,L'acord d'associació amb la UE,article,compilada,contemporania,false,pending,,
docs/temes/institucions/relacions-exteriors/lacord-duaner-del-1990.md,temes/institucions/relacions-exteriors,L'acord duaner del 1990,article,compilada,contemporania,false,pending,,
docs/temes/institucions/relacions-exteriors/qui-parlava-per-andorra.md,temes/institucions/relacions-exteriors,Qui parlava per Andorra,article,compilada,contemporania,false,pending,,
docs/temes/institucions/relacions-exteriors/relacions-exteriors-index-de-fitxes.md,institucions/relacions-exteriors,Relacions exteriors — índex de fitxes,index,,,false,pending,,
docs/temes/institucions/simbols/el-gran-carlemany.md,temes/institucions/simbols,El Gran Carlemany,article,compilada,contemporania,false,pending,,
docs/temes/institucions/simbols/la-bandera.md,temes/institucions/simbols,La bandera,article,compilada,contemporania,false,pending,,
docs/temes/institucions/simbols/lescut.md,temes/institucions/simbols,L'escut,article,compilada,contemporania,false,pending,,
docs/temes/institucions/simbols/simbols-index-de-fitxes.md,institucions/simbols,Símbols — índex de fitxes,index,,,false,pending,,
docs/temes/institucions/simbols/simbols.md,temes/institucions/simbols,Símbols — índex,article,compilada,contemporania,false,pending,,
docs/temes/llengua/contacte-de-llengues/contacte-de-llengues-index-de-fitxes.md,llengua/contacte-de-llengues,Contacte de llengües — índex de fitxes,index,,,false,pending,,
docs/temes/llengua/contacte-de-llengues/contacte-de-llengues.md,temes/llengua/contacte-de-llengues,Contacte de llengües,article,compilada,contemporania,false,pending,,
docs/temes/llengua/contacte-de-llengues/el-primer-grup-no-va-arribar-a-ser-un-grup.md,temes/llengua/contacte-de-llengues,El primer grup no va arribar a ser un grup,article,compilada,contemporania,false,pending,,
docs/temes/llengua/contacte-de-llengues/els-matrimonis-mixtos-es-dedueixen-del-bilinguisme.md,temes/llengua/contacte-de-llengues,Els matrimonis mixtos es dedueixen del bilingüisme perquè no se'n tenen dades,article,compilada,contemporania,false,pending,,
docs/temes/llengua/contacte-de-llengues/nacionalitat-no-es-llengua.md,temes/llengua/contacte-de-llengues,Nacionalitat no és llengua,article,compilada,contemporania,false,pending,,
docs/temes/llengua/contacte-de-llengues/un-de-cada-cinc-no-sabia-quina-era-la-llengua-oficial.md,temes/llengua/contacte-de-llengues,Un de cada cinc no sabia quina era la llengua oficial,article,compilada,contemporania,false,pending,,
docs/temes/llengua/dialectologia/dialectologia-index-de-fitxes.md,llengua/dialectologia,Dialectologia — índex de fitxes,index,,,false,pending,,
docs/temes/llengua/dialectologia/el-substrat.md,temes/llengua/dialectologia,El substrat,article,compilada,contemporania,false,pending,,
docs/temes/llengua/dialectologia/els-vint-i-sis-punts.md,temes/llengua/dialectologia,Els vint-i-sis punts,article,compilada,contemporania,false,pending,,
docs/temes/llengua/dialectologia/es-landorra-un-dialecte.md,temes/llengua/dialectologia,És l'andorrà un dialecte?,article,compilada,contemporania,false,pending,,
docs/temes/llengua/dialectologia/lestandard-contra-la-varietat.md,temes/llengua/dialectologia,L'estàndard contra la varietat,article,compilada,contemporania,false,pending,,
docs/temes/llengua/fonetica/fonetica-index-de-fitxes.md,llengua/fonetica,Fonètica — índex de fitxes,index,,,false,pending,,
docs/temes/llengua/fonetica/fonetica.md,temes/llengua/fonetica,Fonètica,article,compilada,contemporania,false,pending,,
docs/temes/llengua/fonetica/la-vacillacio-accentual.md,temes/llengua/fonetica,La vacil·lació accentual,article,compilada,contemporania,false,pending,,
docs/temes/llengua/fraseologia/fraseologia-index-de-fitxes.md,llengua/fraseologia,Fraseologia — índex de fitxes,index,,,false,pending,,
docs/temes/llengua/fraseologia/fraseologia.md,temes/llengua/fraseologia,Fraseologia,article,compilada,contemporania,false,pending,,
docs/temes/llengua/historia-de-la-llengua/costa-tant-dir-no-ho-se.md,temes/llengua/historia-de-la-llengua,Costa tant dir «no ho sé» a Andorra com a tot arreu,article,compilada,historica,false,pending,,
docs/temes/llengua/historia-de-la-llengua/historia-de-la-llengua-index-de-fitxes.md,llengua/historia-de-la-llengua,Història de la llengua — índex de fitxes,index,,,false,pending,,
docs/temes/llengua/historia-de-la-llengua/lerra-que-ja-no-sonava.md,temes/llengua/historia-de-la-llengua,L'erra que ja no sonava,article,compilada,historica,false,pending,,
docs/temes/llengua/historia-de-la-llengua/per-que-el-manual-digest-no-diu-com-es-parlava.md,temes/llengua/historia-de-la-llengua,Per què el Manual Digest no diu com es parlava,article,compilada,contemporania,false,pending,,
docs/temes/llengua/lexic-andorra/glossari-de-mots-documentats.md,temes/llengua/lexic-andorra,Glossari de mots andorrans documentats,article,compilada,contemporania,false,pending,,
docs/temes/llengua/lexic-andorra/la-marca-que-no-vol-dir-andorra.md,temes/llengua/lexic-andorra,La marca que no vol dir Andorra,article,compilada,contemporania,false,pending,,
docs/temes/llengua/lexic-andorra/lexic-andorra-index-de-fitxes.md,llengua/lexic-andorra,Lèxic andorrà — índex de fitxes,index,,,false,pending,,
docs/temes/llengua/lexic-andorra/lexic-andorra.md,temes/llengua/lexic-andorra,Lèxic andorrà,article,compilada,contemporania,false,pending,,
docs/temes/llengua/llengua-d-andorra-index-de-fitxes.md,llengua,Llengua d'Andorra — índex de fitxes,index,,,false,pending,,
docs/temes/llengua/manlleus/el-repertori-de-la-neu.md,temes/llengua/manlleus,El repertori de la neu,article,compilada,contemporania,false,pending,,
docs/temes/llengua/manlleus/els-anglicismes.md,temes/llengua/manlleus,Els anglicismes,article,compilada,contemporania,false,pending,,
docs/temes/llengua/manlleus/manlleus-index-de-fitxes.md,llengua/manlleus,Manlleus — índex de fitxes,index,,,false,pending,,
docs/temes/llengua/manlleus/manlleus.md,temes/llengua/manlleus,Manlleus,article,compilada,contemporania,false,pending,,
docs/temes/llengua/manlleus/quan-la-paraula-oficial-arriba-tard.md,temes/llengua/manlleus,Quan la paraula oficial arriba tard,article,compilada,contemporania,false,pending,,
docs/temes/llengua/morfosintaxi/la-negacio-amb-cap.md,temes/llengua/morfosintaxi,La negació amb *cap*,article,compilada,contemporania,false,pending,,
docs/temes/llengua/morfosintaxi/la-preposicio-prop.md,temes/llengua/morfosintaxi,La preposició *prop*,article,compilada,contemporania,false,pending,,
docs/temes/llengua/morfosintaxi/morfosintaxi-index-de-fitxes.md,llengua/morfosintaxi,Morfosintaxi — índex de fitxes,index,,,false,pending,,
docs/temes/llengua/morfosintaxi/morfosintaxi.md,temes/llengua/morfosintaxi,Morfosintaxi,article,compilada,contemporania,false,pending,,
docs/temes/llengua/onomastica/els-gentilicis.md,temes/llengua/onomastica,Els gentilicis de les set parròquies,article,compilada,contemporania,false,pending,,
docs/temes/llengua/onomastica/lhereu-pren-el-seu-lloc-i-el-seu-nom.md,temes/llengua/onomastica,L'hereu pren el seu lloc i el seu nom,article,compilada,historica,false,pending,,
docs/temes/llengua/onomastica/onomastica-index-de-fitxes.md,llengua/onomastica,Onomàstica — índex de fitxes,index,,,false,pending,,
docs/temes/llengua/onomastica/onomastica.md,temes/llengua/onomastica,Onomàstica,article,compilada,contemporania,false,pending,,
docs/temes/llengua/politica-linguistica/andorra-es-castellanitza.md,temes/llengua/politica-linguistica,«Andorra es castellanitza»,article,compilada,contemporania,false,pending,,
docs/temes/llengua/politica-linguistica/el-diposit-legal-daquesta-edicio-es-and-000-2019.md,temes/llengua/politica-linguistica,El dipòsit legal d'aquesta edició és AND. 000-2019,article,compilada,contemporania,false,pending,,
docs/temes/llengua/politica-linguistica/el-model-del-2009-comprovat.md,temes/llengua/politica-linguistica,"El model del 2009, comprovat",article,compilada,contemporania,false,pending,,
docs/temes/llengua/politica-linguistica/el-que-la-llei-pot-multar.md,temes/llengua/politica-linguistica,El que la llei de la llengua pot multar,article,compilada,contemporania,false,pending,,
docs/temes/llengua/politica-linguistica/els-examens-oficials-de-catala.md,temes/llengua/politica-linguistica,Els exàmens oficials de català,article,compilada,contemporania,false,pending,,
docs/temes/llengua/politica-linguistica/els-nouvinguts-tenien-mes-catala-que-els-nascuts-a-andorra.md,temes/llengua/politica-linguistica,Els nouvinguts tenien més català que els nascuts a Andorra,article,compilada,contemporania,false,pending,,
docs/temes/llengua/politica-linguistica/la-globalitzacio-i-el-catala.md,temes/llengua/politica-linguistica,La globalització i el català,article,compilada,contemporania,false,pending,,
docs/temes/llengua/politica-linguistica/la-llei-de-la-llengua.md,temes/llengua/politica-linguistica,La llei de la llengua,article,compilada,contemporania,false,pending,,
docs/temes/llengua/politica-linguistica/la-serie-historica.md,temes/llengua/politica-linguistica,La sèrie històrica del català a Andorra,article,compilada,contemporania,false,pending,,
docs/temes/llengua/politica-linguistica/la-serie-que-no-es-una-serie.md,temes/llengua/politica-linguistica,La sèrie que no és una sèrie,article,compilada,contemporania,false,pending,,
docs/temes/llengua/politica-linguistica/politica-linguistica-index-de-fitxes.md,llengua/politica-linguistica,Política lingüística — índex de fitxes,index,,,false,pending,,
docs/temes/llengua/politica-linguistica/quaranta-vuit-coma-cinc-no-quaranta-vuit-coma-sis.md,temes/llengua/politica-linguistica,"Quaranta-vuit coma cinc, no quaranta-vuit coma sis",article,compilada,contemporania,false,pending,,
docs/temes/llengua/politica-linguistica/qui-parla-que.md,temes/llengua/politica-linguistica,Qui parla què,article,compilada,contemporania,false,pending,,
docs/temes/llengua/politica-linguistica/sis-onades-en-una-taula.md,temes/llengua/politica-linguistica,Sis onades en una taula,article,compilada,contemporania,false,pending,,
docs/temes/llengua/registres/registres-index-de-fitxes.md,llengua/registres,Registres — índex de fitxes,index,,,false,pending,,
docs/temes/llengua/registres/registres.md,temes/llengua/registres,Registres,article,compilada,contemporania,false,pending,,
docs/temes/llengua/tractament/el-tractament.md,temes/llengua/tractament,El tractament,article,compilada,contemporania,false,pending,,
docs/temes/llengua/tractament/tractament-index-de-fitxes.md,llengua/tractament,Tractament — índex de fitxes,index,,,false,pending,,
docs/temes/persones/albert-llovera.md,temes/persones,Albert Llovera i Massana,article,compilada,contemporania,false,pending,,
docs/temes/persones/albert-villaro.md,temes/persones,Albert Villaró i Boix,article,compilada,contemporania,false,pending,,
docs/temes/persones/alvar-menendez.md,temes/persones,Àlvar Menéndez,article,compilada,contemporania,false,pending,,
docs/temes/persones/antoni-morell.md,temes/persones,Antoni Morell i Mora,article,compilada,contemporania,false,pending,,
docs/temes/persones/bonaventura-riberaygua.md,temes/persones,Bonaventura Riberaygua i Argelich,article,compilada,contemporania,false,pending,,
docs/temes/persones/catalan-de-ocon.md,temes/persones,Francisco José Catalán de Ocón,article,compilada,contemporania,false,pending,,
docs/temes/persones/charles-romeu.md,temes/persones,Charles Romeu,article,compilada,contemporania,false,pending,,
docs/temes/persones/daniel-marin.md,temes/persones,Daniel Marín Rodríguez,article,compilada,contemporania,false,pending,,
docs/temes/persones/els-caps-de-govern.md,temes/persones,Els caps de Govern,article,compilada,contemporania,false,pending,,
docs/temes/persones/els-sindics-generals.md,temes/persones,Els síndics generals,article,compilada,contemporania,false,pending,,
docs/temes/persones/eric-risco.md,temes/persones,Èric Risco de la Torre,article,compilada,contemporania,false,pending,,
docs/temes/persones/esteve-albert-i-corp.md,temes/persones,Esteve Albert i Corp,article,compilada,contemporania,false,pending,,
docs/temes/persones/francesc-cairat.md,temes/persones,Francesc Cairat i Freixes,article,compilada,contemporania,false,pending,,
docs/temes/persones/francesc-galobardes.md,temes/persones,Francesc Galobardes Carbonell,article,compilada,contemporania,false,pending,,
docs/temes/persones/inaki-rubio-manzano.md,temes/persones,Iñaki Rubio Manzano,article,compilada,contemporania,false,pending,,
docs/temes/persones/irineu-esteve-altimiras.md,temes/persones,Irineu Esteve Altimiras,article,compilada,contemporania,false,pending,,
docs/temes/persones/isabel-de-foix.md,temes/persones,Isabel de Foix,article,compilada,contemporania,false,pending,,
docs/temes/persones/joan-enric-vives.md,temes/persones,Joan Enric Vives i Sicília,article,compilada,contemporania,false,pending,,
docs/temes/persones/joan-i-de-foix.md,temes/persones,Joan I de Foix,article,compilada,contemporania,false,pending,,
docs/temes/persones/joan-verdu.md,temes/persones,Joan Verdú Sánchez,article,compilada,contemporania,false,pending,,
docs/temes/persones/jordi-gallardo.md,temes/persones,Jordi Gallardo Fernàndez,article,compilada,contemporania,false,pending,,
docs/temes/persones/jordi-sasplugas-mateu.md,temes/persones,Jordi Sasplugas Mateu,article,compilada,contemporania,false,pending,,
docs/temes/persones/josep-caixal.md,temes/persones,Josep Caixal i Estradé,article,compilada,contemporania,false,pending,,
docs/temes/persones/josep-lluis-serrano-pentinat.md,temes/persones,Josep-Lluís Serrano Pentinat,article,compilada,contemporania,false,pending,,
docs/temes/persones/julia-bonet-fite.md,temes/persones,Júlia Bonet i Fité,article,compilada,contemporania,false,pending,,
docs/temes/persones/julia-reig.md,temes/persones,Julià Reig i Ribó,article,compilada,contemporania,false,pending,,
docs/temes/persones/marc-vila-i-riba.md,temes/persones,Marc Vila i Riba,article,compilada,contemporania,false,pending,,
docs/temes/persones/maria-reig-moles.md,temes/persones,Maria Reig i Moles,article,compilada,contemporania,false,pending,,
docs/temes/persones/monica-doria.md,temes/persones,Mònica Dòria Vilarrubla,article,compilada,contemporania,false,pending,,
docs/temes/persones/montserrat-palau-marti.md,temes/persones,Montserrat Palau i Martí,article,compilada,contemporania,false,pending,,
docs/temes/persones/nahuel-carabana.md,temes/persones,Nahuel Carabaña,article,compilada,contemporania,false,pending,,
docs/temes/persones/naiara-linan.md,temes/persones,Naiara Liñán,article,compilada,contemporania,false,pending,,
docs/temes/persones/olivier-codina.md,temes/persones,Olivier Codina Vialette,article,compilada,contemporania,false,pending,,
docs/temes/persones/oscar-ribas-reig.md,temes/persones,Òscar Ribas Reig,article,compilada,contemporania,false,pending,,
docs/temes/persones/pere-canturri-montanya.md,temes/persones,Pere Canturri Montanya,article,compilada,contemporania,false,pending,,
docs/temes/persones/persones-d-andorra-index-de-fitxes.md,persones,Persones d'Andorra — índex de fitxes,index,,,false,pending,,
docs/temes/persones/roland-viader.md,temes/persones,Roland Viader,article,compilada,contemporania,false,pending,,
docs/temes/persones/rosa-ferrer-obiols.md,temes/persones,Maria Rosa Ferrer Obiols,article,compilada,contemporania,false,pending,,
docs/temes/persones/roser-sune.md,temes/persones,Roser Suñé i Pascuet,article,compilada,contemporania,false,pending,,
docs/temes/persones/simeon-de-guinda.md,temes/persones,Simeón de Guinda y Apeztegui,article,compilada,contemporania,false,pending,,
docs/temes/persones/susanna-vela.md,temes/persones,Susanna Vela Palomares,article,compilada,contemporania,false,pending,,
docs/temes/persones/txetxu-bermudo.md,temes/persones,José Manuel «Txetxu» Bermudo Macho,article,compilada,contemporania,false,pending,,
docs/temes/persones/victoria-zorzano.md,temes/persones,Victòria Zorzano,article,compilada,contemporania,false,pending,,
docs/temes/persones/xavier-galera.md,temes/persones,Xavier Galera Ruz,article,compilada,contemporania,false,pending,,
docs/temes/politica/identitat-politica/identitat-politica-index-de-fitxes.md,politica/identitat-politica,Identitat política — índex de fitxes,index,,,false,pending,,
docs/temes/politica/identitat-politica/la-consciencia-nacional-andorrana.md,temes/politica/identitat-politica,La consciència nacional andorrana,article,compilada,contemporania,false,pending,,
docs/temes/politica/identitat-politica/lenquesta-de-1994.md,temes/politica/identitat-politica,L'enquesta de 1994,article,compilada,contemporania,false,pending,,
docs/temes/politica/identitat-politica/les-respostes-de-1994.md,temes/politica/identitat-politica,Les respostes de 1994,article,compilada,contemporania,false,pending,,
docs/temes/politica/parlamentarisme/com-funciona-el-consell-general.md,temes/politica/parlamentarisme,Com funciona el Consell General,article,compilada,contemporania,false,pending,,
docs/temes/politica/parlamentarisme/el-parlamentarisme-andorra.md,temes/politica/parlamentarisme,El parlamentarisme andorrà,article,compilada,contemporania,false,pending,,
docs/temes/politica/parlamentarisme/la-deriva-presidencialista.md,temes/politica/parlamentarisme,La deriva presidencialista,article,compilada,contemporania,false,pending,,
docs/temes/politica/parlamentarisme/parlamentarisme-index-de-fitxes.md,politica/parlamentarisme,Parlamentarisme — índex de fitxes,index,,,false,pending,,
docs/temes/politica/parlamentarisme/quants-diputats.md,temes/politica/parlamentarisme,Quants diputats,article,compilada,contemporania,false,pending,,
docs/temes/politica/partits/els-partits-davui.md,temes/politica/partits,Els partits d'avui,article,compilada,contemporania,false,pending,,
docs/temes/politica/partits/larbre-dels-partits.md,temes/politica/partits,L'arbre dels partits,article,compilada,contemporania,false,pending,,
docs/temes/politica/partits/partits-politics-index-de-fitxes.md,temes/politica/partits,Partits polítics — índex de fitxes,index,compilada,contemporania,false,pending,,
docs/temes/politica/partits/qui-paga-un-partit.md,temes/politica/partits,Qui paga un partit,article,compilada,contemporania,false,pending,,
docs/temes/politica/politica-d-andorra-index-de-fitxes.md,politica,Política d'Andorra — índex de fitxes,index,,,false,pending,,
docs/temes/politica/sistema-electoral/com-es-compten-els-vots.md,temes/politica/sistema-electoral,Com es compten els vots,article,compilada,contemporania,false,pending,,
docs/temes/politica/sistema-electoral/el-financament-dels-partits.md,temes/politica/sistema-electoral,El finançament dels partits,article,compilada,contemporania,false,pending,,
docs/temes/politica/sistema-electoral/el-referendum-constitucional-de-1993.md,temes/politica/sistema-electoral,El referèndum constitucional del 1993,article,compilada,contemporania,false,pending,,
docs/temes/politica/sistema-electoral/el-sufragi-universal-masculi.md,temes/politica/sistema-electoral,El sufragi universal masculí,article,compilada,contemporania,false,pending,,
docs/temes/politica/sistema-electoral/els-primers-referendums.md,temes/politica/sistema-electoral,"Els primers referèndums: 1977, 1978 i 1982",article,compilada,contemporania,false,pending,,
docs/temes/politica/sistema-electoral/els-tres-sistemes-electorals.md,temes/politica/sistema-electoral,Els tres sistemes electorals,article,compilada,contemporania,false,pending,,
docs/temes/politica/sistema-electoral/la-desigualtat-del-vot.md,temes/politica/sistema-electoral,La desigualtat del vot,article,compilada,contemporania,false,pending,,
docs/temes/politica/sistema-electoral/labstencio.md,temes/politica/sistema-electoral,L'abstenció,article,compilada,contemporania,false,pending,,
docs/temes/politica/sistema-electoral/sistema-electoral-index-de-fitxes.md,politica/sistema-electoral,Sistema electoral — índex de fitxes,index,,,false,pending,,
docs/temes/politica/sistema-electoral/un-elector-per-casa.md,temes/politica/sistema-electoral,Un elector per casa,article,compilada,historica,false,pending,,
docs/temes/societat/associacionisme/associacionisme-index-de-fitxes.md,societat/associacionisme,Associacionisme — índex de fitxes,index,,,false,pending,,
docs/temes/societat/associacionisme/associacionisme.md,temes/societat/associacionisme,L'associacionisme,article,compilada,contemporania,false,pending,,
docs/temes/societat/demografia/cens-poblacio-carretera-1896.md,temes/societat/demografia,Un cens de població per pagar la carretera (1896),article,compilada,historica,false,pending,,
docs/temes/societat/demografia/demografia-index-de-fitxes.md,societat/demografia,Demografia — índex de fitxes,index,,,false,pending,,
docs/temes/societat/demografia/demografia.md,temes/societat/demografia,Demografia,article,compilada,contemporania,false,pending,,
docs/temes/societat/demografia/dues-maneres-de-comptar-la-poblacio.md,temes/societat/demografia,Dues maneres de comptar la població,article,compilada,contemporania,false,pending,,
docs/temes/societat/demografia/la-composicio-per-nacionalitats.md,temes/societat/demografia,La composició per nacionalitats,article,compilada,contemporania,false,pending,,
docs/temes/societat/demografia/la-mateixa-gent-quinze-anys-mes-gran.md,temes/societat/demografia,Edat i nacionalitat de la població d'Andorra (2010–2025),article,compilada,contemporania,false,pending,,
docs/temes/societat/demografia/la-poblacio-al-segle-xix.md,temes/societat/demografia,La població al segle XIX,article,compilada,contemporania,false,pending,,
docs/temes/societat/demografia/les-estadistiques-que-no-hi-havia.md,temes/societat/demografia,Les estadístiques que no hi havia,article,compilada,contemporania,false,pending,,
docs/temes/societat/demografia/les-onades-migratories.md,temes/societat/demografia,Les onades migratòries,article,compilada,contemporania,false,pending,,
docs/temes/societat/demografia/les-tres-migracions.md,temes/societat/demografia,Les tres migracions,article,compilada,contemporania,false,pending,,
docs/temes/societat/demografia/les-xifres-que-no-quadren.md,temes/societat/demografia,Les xifres que no quadren,article,compilada,contemporania,false,pending,,
docs/temes/societat/demografia/quaranta-quatre-pobles.md,temes/societat/demografia,La població dels 44 pobles d'Andorra (2010–2025),article,compilada,contemporania,false,pending,,
docs/temes/societat/demografia/quatre-menes-de-parroquia.md,temes/societat/demografia,Quatre menes de parròquia,article,compilada,contemporania,false,pending,,
docs/temes/societat/demografia/qui-compta-com-a-resident.md,temes/societat/demografia,Qui compta com a resident,article,compilada,contemporania,false,pending,,
docs/temes/societat/demografia/setanta-nou-anys-de-padro.md,temes/societat/demografia,La població registrada d'Andorra i el seu canvi natural (1947–2025),article,compilada,contemporania,false,pending,,
docs/temes/societat/demografia/tres-quartes-parts-del-creixement-van-arribar-de-fora.md,temes/societat/demografia,Tres quartes parts del creixement van arribar de fora,article,compilada,contemporania,false,pending,,
docs/temes/societat/dones/dones-index-de-fitxes.md,societat/dones,Dones — índex de fitxes,index,,,false,pending,,
docs/temes/societat/dones/el-batlle-va-anullar-la-venda-amb-una-doctrina-que-no-era-seva.md,temes/societat/dones,El batlle va anul·lar la venda amb una doctrina que no era seva,article,compilada,historica,false,pending,,
docs/temes/societat/dones/el-sufragi-femeni.md,temes/societat/dones,El sufragi femení,article,compilada,contemporania,false,pending,,
docs/temes/societat/dones/la-llei-digualtat.md,temes/societat/dones,La llei d'igualtat,article,compilada,contemporania,false,pending,,
docs/temes/societat/dones/les-primeres-becaries.md,temes/societat/dones,Les primeres becàries,article,compilada,contemporania,false,pending,,
docs/temes/societat/dones/simplement-un-efecte-de-la-deferencia.md,temes/societat/dones,Simplement un efecte de la deferència,article,compilada,historica,false,pending,,
docs/temes/societat/dones/vanessa-mendoza-cortes.md,temes/societat/dones,Vanessa Mendoza Cortés,article,compilada,contemporania,false,pending,,
docs/temes/societat/dones/vuitanta-cinc-coma-nou.md,temes/societat/dones,Vuitanta-cinc coma nou,article,compilada,contemporania,false,pending,,
docs/temes/societat/educacio/beques-noies-andorranes-franca-1890.md,temes/societat/educacio,"Dues noies andorranes obtenen beques franceses per estudiar magisteri, 1890",article,compilada,contemporania,false,pending,,
docs/temes/societat/educacio/collegi-foix-sucara-1672.md,temes/societat/educacio,"Un nomenament educatiu del copríncep francès, 1672",article,compilada,historica,false,pending,,
docs/temes/societat/educacio/educacio-index-de-fitxes.md,societat/educacio,Educació — índex de fitxes,index,,,false,pending,,
docs/temes/societat/educacio/educacio.md,temes/societat/educacio,Educació — el sistema triple,article,compilada,contemporania,false,pending,,
docs/temes/societat/educacio/el-mapa-escolar-del-2000.md,temes/societat/educacio,El mapa escolar del 2000,article,compilada,contemporania,false,pending,,
docs/temes/societat/educacio/el-marc-legal-de-leducacio.md,temes/societat/educacio,El marc legal de l'educació,article,compilada,contemporania,false,pending,,
docs/temes/societat/educacio/el-que-decideix-si-un-escolar-parla-catala.md,temes/societat/educacio,El que decideix si un escolar parla català,article,compilada,contemporania,false,pending,,
docs/temes/societat/educacio/el-que-sensenya-als-nens-sobre-andorra.md,temes/societat/educacio,El que s'ensenya als nens sobre Andorra,article,compilada,contemporania,false,pending,,
docs/temes/societat/educacio/els-andorrans-estudiaven-sobretot-en-escoles-franceses.md,temes/societat/educacio,Els andorrans estudiaven sobretot en escoles franceses,article,compilada,contemporania,false,pending,,
docs/temes/societat/educacio/els-tres-sistemes.md,temes/societat/educacio,Els tres sistemes educatius,article,compilada,contemporania,false,pending,,
docs/temes/societat/educacio/index-legislatiu-en-educacio.md,temes/societat/educacio,Índex legislatiu en educació,article,compilada,contemporania,false,pending,,
docs/temes/societat/educacio/la-cronologia-escolar.md,temes/societat/educacio,La cronologia escolar,article,compilada,contemporania,false,pending,,
docs/temes/societat/educacio/la-formacio-dadults.md,temes/societat/educacio,La formació d'adults,article,compilada,contemporania,false,pending,,
docs/temes/societat/educacio/la-formacio-professional.md,temes/societat/educacio,La formació professional,article,compilada,contemporania,false,pending,,
docs/temes/societat/educacio/la-universitat-dandorra.md,temes/societat/educacio,La Universitat d'Andorra,article,compilada,contemporania,false,pending,,
docs/temes/societat/educacio/landorranitzacio.md,temes/societat/educacio,L'andorranització,article,compilada,contemporania,false,pending,,
docs/temes/societat/educacio/laqua.md,temes/societat/educacio,L'AQUA,article,compilada,contemporania,false,pending,,
docs/temes/societat/educacio/lensenyament-confessional.md,temes/societat/educacio,L'ensenyament confessional,article,compilada,contemporania,false,pending,,
docs/temes/societat/educacio/lensenyament-espanyol.md,temes/societat/educacio,L'ensenyament espanyol,article,compilada,contemporania,false,pending,,
docs/temes/societat/educacio/lensenyament-frances.md,temes/societat/educacio,L'ensenyament francès,article,compilada,contemporania,false,pending,,
docs/temes/societat/educacio/les-associacions-de-pares.md,temes/societat/educacio,Les associacions de pares,article,compilada,contemporania,false,pending,,
docs/temes/societat/educacio/les-escoles-dels-comuns.md,temes/societat/educacio,Les escoles dels comuns,article,compilada,historica,false,pending,,
docs/temes/societat/educacio/les-guarderies.md,temes/societat/educacio,Les guarderies,article,compilada,contemporania,false,pending,,
docs/temes/societat/educacio/lescola-andorrana-ha-passat-al-davant.md,temes/societat/educacio,L'escola andorrana ha passat al davant,article,compilada,contemporania,false,pending,,
docs/temes/societat/educacio/lescola-andorrana.md,temes/societat/educacio,L'Escola Andorrana,article,compilada,contemporania,false,pending,,
docs/temes/societat/educacio/lescola-nostra-senyora-de-meritxell.md,temes/societat/educacio,L'escola Nostra Senyora de Meritxell,article,compilada,contemporania,false,pending,,
docs/temes/societat/educacio/lescola-privada.md,temes/societat/educacio,L'escola privada,article,compilada,contemporania,false,pending,,
docs/temes/societat/educacio/lesqui-escolar.md,temes/societat/educacio,L'esquí escolar,article,compilada,contemporania,false,pending,,
docs/temes/societat/educacio/noies-andorranes-escola-normal-perpinya-1898.md,temes/societat/educacio,Noies d’Andorra estudien a l’Escola Normal de Perpinyà (1898),article,compilada,historica,false,pending,,
docs/temes/societat/educacio/proposicio-escola-primaria-1882.md,temes/societat/educacio,Una proposta d’escola primària arriba al Consell (1882),article,compilada,historica,false,pending,,
docs/temes/societat/educacio/quatre-mil-cent-quinze-ajudes.md,temes/societat/educacio,Quatre mil cent quinze ajudes,article,compilada,contemporania,false,pending,,
docs/temes/societat/esport/esport-index-de-fitxes.md,societat/esport,Esport — índex de fitxes,index,,,false,pending,,
docs/temes/societat/esport/lesport.md,temes/societat/esport,L'esport a Andorra,article,compilada,contemporania,false,pending,,
docs/temes/societat/familia/casar-se-a-andorra.md,temes/societat/familia,Casar-se a Andorra,article,compilada,contemporania,false,pending,,
docs/temes/societat/familia/els-drets-dels-infants.md,temes/societat/familia,Els drets dels infants,article,compilada,contemporania,false,pending,,
docs/temes/societat/familia/en-edat-de-fer-testament.md,temes/societat/familia,En edat de fer testament,article,compilada,historica,false,pending,,
docs/temes/societat/familia/familia-index-de-fitxes.md,societat/familia,Família — índex de fitxes,index,,,false,pending,,
docs/temes/societat/familia/retrat-nena-casa-rossell-1890-1920.md,temes/societat/familia,Un retrat de nena mostra la casa i la roba del canvi de segle,article,compilada,contemporania,false,pending,,
docs/temes/societat/habitatge/dos-tercos-del-pais-viuen-de-lloguer.md,temes/societat/habitatge,Dos terços del país viuen de lloguer,article,compilada,contemporania,false,pending,,
docs/temes/societat/habitatge/els-habitatges-buits.md,temes/societat/habitatge,Els habitatges buits,article,compilada,contemporania,false,pending,,
docs/temes/societat/habitatge/els-recomptes-del-parc-public-el-2026.md,temes/societat/habitatge,Els recomptes del parc públic el 2026,article,compilada,contemporania,false,pending,,
docs/temes/societat/habitatge/habitatge-index-de-fitxes.md,societat/habitatge,Habitatge — índex de fitxes,index,,,false,pending,,
docs/temes/societat/habitatge/la-crisi-de-lhabitatge.md,temes/societat/habitatge,La crisi de l'habitatge,article,compilada,contemporania,false,pending,,
docs/temes/societat/habitatge/lhabitatge-el-1989.md,temes/societat/habitatge,L'habitatge el 1989,article,compilada,contemporania,false,pending,,
docs/temes/societat/habitatge/limpost-contra-lespeculacio.md,temes/societat/habitatge,L'impost contra l'especulació,article,compilada,contemporania,false,pending,,
docs/temes/societat/habitatge/llogar-un-pis.md,temes/societat/habitatge,Llogar un pis,article,compilada,contemporania,false,pending,,
docs/temes/societat/habitatge/tres-centes-tretze-els-dos-anys.md,temes/societat/habitatge,"Tres-centes tretze, els dos anys",article,compilada,contemporania,false,pending,,
docs/temes/societat/habitatge/un-de-cada-tres-el-compra-una-societat.md,temes/societat/habitatge,Un de cada tres el compra una societat,article,compilada,contemporania,false,pending,,
docs/temes/societat/immigracio/a-la-segona-convocatoria-no-a-la-primera.md,temes/societat/immigracio,"A la segona convocatòria, no a la primera",article,compilada,contemporania,false,pending,,
docs/temes/societat/immigracio/apte-per-residir.md,temes/societat/immigracio,Apte per residir,article,compilada,contemporania,false,pending,,
docs/temes/societat/immigracio/el-diagnostic-de-1989.md,temes/societat/immigracio,El diagnòstic de 1989,article,compilada,contemporania,false,pending,,
docs/temes/societat/immigracio/el-mercat-de-treball-dual.md,temes/societat/immigracio,El mercat de treball dual,article,compilada,contemporania,false,pending,,
docs/temes/societat/immigracio/els-nats-a-andorra.md,temes/societat/immigracio,Els nats a Andorra,article,compilada,contemporania,false,pending,,
docs/temes/societat/immigracio/immigracio-index-de-fitxes.md,societat/immigracio,Immigració — índex de fitxes,index,,,false,pending,,
docs/temes/societat/immigracio/immigracio.md,temes/societat/immigracio,Immigració,article,compilada,contemporania,false,pending,,
docs/temes/societat/immigracio/la-immigracio-llatinoamericana.md,temes/societat/immigracio,La immigració llatinoamericana,article,compilada,contemporania,false,pending,,
docs/temes/societat/immigracio/la-integracio-com-a-conflicte.md,temes/societat/immigracio,La integració com a conflicte,article,compilada,contemporania,false,pending,,
docs/temes/societat/immigracio/la-llei-dimmigracio-del-2012.md,temes/societat/immigracio,La llei d'immigració del 2012,article,compilada,contemporania,false,pending,,
docs/temes/societat/immigracio/la-normativa-migratoria.md,temes/societat/immigracio,La normativa migratòria,article,compilada,contemporania,false,pending,,
docs/temes/societat/immigracio/la-piramide-de-prestigi.md,temes/societat/immigracio,La piràmide de prestigi,article,compilada,contemporania,false,pending,,
docs/temes/societat/immigracio/la-portuguesitat.md,temes/societat/immigracio,La portuguesitat,article,compilada,contemporania,false,pending,,
docs/temes/societat/immigracio/la-societat-segmentada.md,temes/societat/immigracio,La societat segmentada,article,compilada,contemporania,false,pending,,
docs/temes/societat/immigracio/les-comunitats.md,temes/societat/immigracio,Les comunitats,article,compilada,contemporania,false,pending,,
docs/temes/societat/immigracio/les-dones-migrants-el-1997.md,temes/societat/immigracio,Les dones migrants el 1997,article,compilada,contemporania,false,pending,,
docs/temes/societat/immigracio/lexperiencia-de-migrar.md,temes/societat/immigracio,L'experiència de migrar,article,compilada,contemporania,false,pending,,
docs/temes/societat/immigracio/on-falla-la-integracio.md,temes/societat/immigracio,On falla la integració,article,compilada,contemporania,false,pending,,
docs/temes/societat/immigracio/per-que-tothom-shi-sentia-integrat.md,temes/societat/immigracio,Per què tothom s'hi sentia integrat,article,compilada,contemporania,false,pending,,
docs/temes/societat/immigracio/qui-fixava-les-quotes.md,temes/societat/immigracio,Qui fixava les quotes,article,compilada,contemporania,false,pending,,
docs/temes/societat/mitjans/andorra-digital.md,temes/societat/mitjans,Andorra digital,article,compilada,contemporania,false,pending,,
docs/temes/societat/mitjans/la-censura-de-premsa.md,temes/societat/mitjans,La censura de premsa,article,compilada,contemporania,false,pending,,
docs/temes/societat/mitjans/les-capcaleres.md,temes/societat/mitjans,Les capçaleres,article,compilada,contemporania,false,pending,,
docs/temes/societat/mitjans/mitjans-index-de-fitxes.md,societat/mitjans,Mitjans — índex de fitxes,index,,,false,pending,,
docs/temes/societat/mitjans/radio-andorra.md,temes/societat/mitjans,Ràdio Andorra,article,compilada,contemporania,false,pending,,
docs/temes/societat/mitjans/rtva.md,temes/societat/mitjans,RTVA,article,compilada,contemporania,false,pending,,
docs/temes/societat/proteccio-social/el-gini-ha-pujat-vuit-punts.md,temes/societat/proteccio-social,El Gini ha pujat vuit punts,article,compilada,contemporania,false,pending,,
docs/temes/societat/proteccio-social/la-caixa-va-neixer-de-la-immigracio.md,temes/societat/proteccio-social,La Caixa va néixer de la immigració,article,compilada,contemporania,false,pending,,
docs/temes/societat/proteccio-social/proteccio-social-index-de-fitxes.md,societat/proteccio-social,Protecció social — índex de fitxes,index,,,false,pending,,
docs/temes/societat/proteccio-social/sis-cents-quaranta-quatre-espanyols-i-tres-cents-un-andorrans.md,temes/societat/proteccio-social,Sis-cents quaranta-quatre espanyols i tres-cents un andorrans,article,compilada,contemporania,false,pending,,
docs/temes/societat/proteccio-social/tres-centes-catorze-criatures.md,temes/societat/proteccio-social,Tres-centes catorze criatures,article,compilada,contemporania,false,pending,,
docs/temes/societat/sanitat/conveni-apotecari-balmes-1737.md,temes/societat/sanitat,El Consell contracta un apotecari d’Igualada (1737),article,compilada,historica,false,pending,,
docs/temes/societat/sanitat/de-les-iguales-a-lhospital.md,temes/societat/sanitat,De les iguales a l'hospital,article,compilada,contemporania,false,pending,,
docs/temes/societat/sanitat/de-que-es-mor-a-andorra.md,temes/societat/sanitat,De què es mor a Andorra,article,compilada,contemporania,false,pending,,
docs/temes/societat/sanitat/donar-i-ser-ates.md,temes/societat/sanitat,Donar i ser atès,article,compilada,contemporania,false,pending,,
docs/temes/societat/sanitat/el-colegi-de-metges.md,temes/societat/sanitat,El Col·legi de Metges d'Andorra,article,compilada,contemporania,false,pending,,
docs/temes/societat/sanitat/el-saas.md,temes/societat/sanitat,El SAAS,article,compilada,contemporania,false,pending,,
docs/temes/societat/sanitat/la-cass-i-la-sanitat.md,temes/societat/sanitat,La CASS i la sanitat,article,compilada,contemporania,false,pending,,
docs/temes/societat/sanitat/la-clinica-vilanova.md,temes/societat/sanitat,La Clínica Vilanova,article,compilada,contemporania,false,pending,,
docs/temes/societat/sanitat/la-reacreditacio-dels-metges.md,temes/societat/sanitat,La reacreditació dels metges,article,compilada,contemporania,false,pending,,
docs/temes/societat/sanitat/la-salut-mental.md,temes/societat/sanitat,La salut mental,article,compilada,contemporania,false,pending,,
docs/temes/societat/sanitat/la-via-preferent.md,temes/societat/sanitat,La via preferent,article,compilada,contemporania,false,pending,,
docs/temes/societat/sanitat/les-iguales.md,temes/societat/sanitat,Les iguales,article,compilada,contemporania,false,pending,,
docs/temes/societat/sanitat/les-portes-dentrada-a-la-via-preferent.md,temes/societat/sanitat,Les portes d’entrada a la via preferent,article,compilada,contemporania,false,pending,,
docs/temes/societat/sanitat/lescola-dinfermeria.md,temes/societat/sanitat,L'Escola d'Infermeria,article,compilada,contemporania,false,pending,,
docs/temes/societat/sanitat/ordre-hospital-seu-1691.md,temes/societat/sanitat,Una ordre de 1691 organitza el transport de malalts,article,compilada,historica,false,pending,,
docs/temes/societat/sanitat/pagaments-apotecari-consell-1820.md,temes/societat/sanitat,"El Consell paga el lloguer i el salari de l’apotecari, 1820",article,compilada,contemporania,false,pending,,
docs/temes/societat/sanitat/quan-canvia-qui-rep-el-pagament.md,temes/societat/sanitat,Quan canvia qui rep el pagament,article,compilada,contemporania,false,pending,,
docs/temes/societat/sanitat/que-justificava-la-inversio-hospitalaria-de-2026.md,temes/societat/sanitat,Què justificava la inversió hospitalària de 2026,article,compilada,contemporania,false,pending,,
docs/temes/societat/sanitat/que-mesuren-els-deu-dies-de-la-cass.md,temes/societat/sanitat,Què mesuren els deu dies de la CASS,article,compilada,contemporania,false,pending,,
docs/temes/societat/sanitat/sanitat-index-de-fitxes.md,societat/sanitat,Sanitat — índex de fitxes,index,,,false,pending,,
docs/temes/societat/set-coma-trenta-vuit-sobre-deu.md,temes/societat,Set coma trenta-vuit sobre deu,article,compilada,contemporania,false,pending,,
docs/temes/societat/societat-andorrana-index-de-fitxes.md,societat,Societat andorrana — índex de fitxes,index,,,false,pending,,
docs/temes/societat/treball/cotitzar-sense-cobrar-lajut-de-desocupacio.md,temes/societat/treball,Cotitzar sense cobrar l’ajut de desocupació,article,compilada,contemporania,false,pending,,
docs/temes/societat/treball/el-barem-patrimonial-i-els-ajuts.md,temes/societat/treball,Com es va calcular el barem patrimonial dels ajuts socials (2014–2018),article,compilada,historica,false,pending,,
docs/temes/societat/treball/el-consell-economic-i-social.md,temes/societat/treball,El Consell Econòmic i Social,article,compilada,contemporania,false,pending,,
docs/temes/societat/treball/el-dret-de-vaga.md,temes/societat/treball,El dret de vaga i l'acció sindical,article,compilada,contemporania,false,pending,,
docs/temes/societat/treball/el-preu-de-lacomiadament.md,temes/societat/treball,El preu de l'acomiadament,article,compilada,contemporania,false,pending,,
docs/temes/societat/treball/el-salari-minim-de-362-pessetes-a-9-euros.md,temes/societat/treball,"El salari mínim, de 362 pessetes a 9,05 euros",article,compilada,contemporania,false,pending,,
docs/temes/societat/treball/el-sindicalisme.md,temes/societat/treball,El sindicalisme,article,compilada,contemporania,false,pending,,
docs/temes/societat/treball/el-sindicat-andorra-de-treballadors.md,temes/societat/treball,El Sindicat Andorrà de Treballadors,article,compilada,contemporania,false,pending,,
docs/temes/societat/treball/la-flexibilitzacio-de-la-desocupacio-el-2021.md,temes/societat/treball,La flexibilització de la desocupació el 2021,article,compilada,contemporania,false,pending,,
docs/temes/societat/treball/la-memoria-de-fhasa.md,temes/societat/treball,La memòria de FHASA,article,compilada,contemporania,false,pending,,
docs/temes/societat/treball/lacomiadament-lliure.md,temes/societat/treball,L'acomiadament lliure,article,compilada,contemporania,false,pending,,
docs/temes/societat/treball/lajut-per-desocupacio-involuntaria.md,temes/societat/treball,L'ajut per desocupació involuntària,article,compilada,contemporania,false,pending,,
docs/temes/societat/treball/lajut-per-la-feina-que-no-havia-comencat.md,temes/societat/treball,L'ajut per la feina que no havia començat,article,compilada,contemporania,false,pending,,
docs/temes/societat/treball/lara-i-el-sat.md,temes/societat/treball,L'ARA i el SAT,article,compilada,contemporania,false,pending,,
docs/temes/societat/treball/mesos-cotitzats-ajut-desocupacio-2020.md,societat/treball,"Els mesos cotitzats per demanar l’ajut de desocupació, segons el text de 2020",article,compilada,contemporania,false,pending,,
docs/temes/societat/treball/no-tornar-a-casa-ferit.md,temes/societat/treball,No tornar a casa ferit,article,compilada,contemporania,false,pending,,
docs/temes/societat/treball/rebut-lloguer-cirurgia-1828.md,temes/societat/treball,Un cirurgià paga el lloguer de casa i hort (1828),article,compilada,historica,false,pending,,
docs/temes/societat/treball/treball-index-de-fitxes.md,societat/treball,Treball — índex de fitxes,index,,,false,pending,,
docs/temes/societat/treball/treball.md,temes/societat/treball,Treball,article,compilada,contemporania,false,pending,,
docs/temes/societat/treball/treballar-de-temporada.md,temes/societat/treball,Treballar de temporada,article,compilada,contemporania,false,pending,,
docs/temes/societat/vida-civica/arribar-a-tot-arreu.md,temes/societat/vida-civica,Arribar a tot arreu,article,compilada,contemporania,false,pending,,
docs/temes/societat/vida-civica/els-problemes-dandorra.md,temes/societat/vida-civica,Els problemes d'Andorra,article,compilada,contemporania,false,pending,,
docs/temes/societat/vida-civica/festa-major-andorra-vella-1900-1913.md,temes/societat/vida-civica,Una plaça d’Andorra la Vella es vesteix de festa (1900–1913),article,compilada,contemporania,false,pending,,
docs/temes/societat/vida-civica/la-confianca.md,temes/societat/vida-civica,La confiança,article,compilada,contemporania,false,pending,,
docs/temes/societat/vida-civica/lassociacionisme-historic.md,temes/societat/vida-civica,L'associacionisme històric,article,compilada,contemporania,false,pending,,
docs/temes/societat/vida-civica/per-que-valia-la-pena-ser-andorra.md,temes/societat/vida-civica,Per què valia la pena ser andorrà,article,compilada,historica,false,pending,,
docs/temes/societat/vida-civica/sortir-al-carrer.md,temes/societat/vida-civica,Sortir al carrer,article,compilada,contemporania,false,pending,,
docs/temes/societat/vida-civica/vida-civica-index-de-fitxes.md,societat/vida-civica,Vida cívica — índex de fitxes,index,,,false,pending,,
docs/temes/societat/vida-civica/vida-civica.md,temes/societat/vida-civica,La vida cívica,article,compilada,contemporania,false,pending,,
docs/temes/territori/clima-i-muntanya/clima-i-muntanya-index-de-fitxes.md,territori/clima-i-muntanya,Clima i muntanya — índex de fitxes,index,,,false,pending,,
docs/temes/territori/clima-i-muntanya/com-es-compta-laigua-dels-canons.md,temes/territori/clima-i-muntanya,Com es compta l'aigua dels canons,article,compilada,contemporania,false,pending,,
docs/temes/territori/clima-i-muntanya/dos-blaus-diferents-als-mapes-dallaus.md,temes/territori/clima-i-muntanya,Dos blaus diferents als mapes d'allaus,article,compilada,contemporania,false,pending,,
docs/temes/territori/clima-i-muntanya/el-balanc-hidric-i-els-seus-limits.md,temes/territori/clima-i-muntanya,El balanç hídric i els seus límits,article,compilada,contemporania,false,pending,,
docs/temes/territori/clima-i-muntanya/el-canvi-climatic.md,temes/territori/clima-i-muntanya,El canvi climàtic a Andorra,article,compilada,contemporania,false,pending,,
docs/temes/territori/clima-i-muntanya/el-clima.md,temes/territori/clima-i-muntanya,El clima,article,compilada,contemporania,false,pending,,
docs/temes/territori/clima-i-muntanya/el-pla-darinsal-i-els-avisos-dallaus.md,temes/territori/clima-i-muntanya,El pla d'Arinsal i els avisos d'allaus,article,compilada,contemporania,false,pending,,
docs/temes/territori/clima-i-muntanya/el-terreny-sense-classificar-i-les-allaus.md,temes/territori/clima-i-muntanya,El terreny sense classificar i les allaus,article,compilada,contemporania,false,pending,,
docs/temes/territori/clima-i-muntanya/la-guia-dallaus-per-als-edificis.md,temes/territori/clima-i-muntanya,La guia d'allaus per als edificis,article,compilada,contemporania,false,pending,,
docs/temes/territori/clima-i-muntanya/la-proteccio-civil.md,temes/territori/clima-i-muntanya,La protecció civil,article,compilada,contemporania,false,pending,,
docs/temes/territori/clima-i-muntanya/laigua-i-la-neu.md,temes/territori/clima-i-muntanya,L'aigua i la neu,article,compilada,contemporania,false,pending,,
docs/temes/territori/clima-i-muntanya/les-dates-i-lescala-del-butlleti-dallaus.md,temes/territori/clima-i-muntanya,Les dates i l'escala del butlletí d'allaus,article,compilada,contemporania,false,pending,,
docs/temes/territori/clima-i-muntanya/quan-un-bosc-protegeix-un-edifici.md,temes/territori/clima-i-muntanya,Quan un bosc protegeix un edifici,article,compilada,contemporania,false,pending,,
docs/temes/territori/clima-i-muntanya/que-classifica-el-mapa-ates-dandorra.md,temes/territori/clima-i-muntanya,Què classifica el mapa ATES d'Andorra,article,compilada,contemporania,false,pending,,
docs/temes/territori/clima-i-muntanya/que-es-va-mesurar-a-lallau-darinsal.md,temes/territori/clima-i-muntanya,Què es va mesurar a l'allau d'Arinsal,article,compilada,contemporania,false,pending,,
docs/temes/territori/fauna-i-flora/cacar-i-pescar.md,temes/territori/fauna-i-flora,Caçar i pescar,article,compilada,contemporania,false,pending,,
docs/temes/territori/fauna-i-flora/els-seguiments-del-cenma.md,temes/territori/fauna-i-flora,Els seguiments del CENMA,article,compilada,contemporania,false,pending,,
docs/temes/territori/fauna-i-flora/fauna-i-flora-index-de-fitxes.md,territori/fauna-i-flora,Fauna i flora — índex de fitxes,index,,,false,pending,,
docs/temes/territori/fauna-i-flora/fauna-i-flora.md,temes/territori/fauna-i-flora,Fauna i flora,article,compilada,contemporania,false,pending,,
docs/temes/territori/fauna-i-flora/la-tinenca-danimals.md,temes/territori/fauna-i-flora,La tinença d'animals,article,compilada,contemporania,false,pending,,
docs/temes/territori/fauna-i-flora/qui-caca-i-qui-pesca.md,temes/territori/fauna-i-flora,Qui caça i qui pesca,article,compilada,contemporania,false,pending,,
docs/temes/territori/geografia-fisica/aquesta-opinio-del-poble-era-util-de-notar.md,temes/territori/geografia-fisica,Aquesta opinió del poble era útil de notar,article,compilada,historica,false,pending,,
docs/temes/territori/geografia-fisica/de-que-esta-fet-el-pais.md,temes/territori/geografia-fisica,De què està fet el país,article,compilada,contemporania,false,pending,,
docs/temes/territori/geografia-fisica/el-sol-comunal.md,temes/territori/geografia-fisica,El sòl comunal,article,compilada,contemporania,false,pending,,
docs/temes/territori/geografia-fisica/en-la-ubaga-tot-hom-hi-pot-anar.md,temes/territori/geografia-fisica,En la ubaga tot hom hi pot anar,article,compilada,historica,false,pending,,
docs/temes/territori/geografia-fisica/geografia-fisica-index-de-fitxes.md,territori/geografia-fisica,Geografia física — índex de fitxes,index,,,false,pending,,
docs/temes/territori/geografia-fisica/geografia-fisica.md,temes/territori/geografia-fisica,Geografia física,article,compilada,contemporania,false,pending,,
docs/temes/territori/geografia-fisica/la-logica-pastoral-dels-limits.md,temes/territori/geografia-fisica,La lògica pastoral dels límits,article,compilada,contemporania,false,pending,,
docs/temes/territori/geografia-fisica/la-ratlla-passa-a-laltra-banda-de-laigua.md,temes/territori/geografia-fisica,La ratlla passa a l'altra banda de l'aigua,article,compilada,contemporania,false,pending,,
docs/temes/territori/geografia-fisica/la-sessio-de-les-perdius.md,temes/territori/geografia-fisica,La sessió de les perdius,article,compilada,contemporania,false,pending,,
docs/temes/territori/geografia-fisica/un-camp-es-comunal-perque-hi-passen-els-ramats.md,temes/territori/geografia-fisica,Un camp és comunal perquè hi passen els ramats,article,compilada,historica,false,pending,,
docs/temes/territori/paisatge-construit/dos-pianos-i-una-carretera.md,temes/territori/paisatge-construit,Dos pianos i una carretera,article,compilada,contemporania,false,pending,,
docs/temes/territori/paisatge-construit/els-camins-dels-ports-com-mes-bruscos-millor.md,temes/territori/paisatge-construit,"Els camins dels ports, com més bruscos millor",article,compilada,contemporania,false,pending,,
docs/temes/territori/paisatge-construit/els-castells-que-no-hi-ha.md,temes/territori/paisatge-construit,Els castells que no hi ha,article,compilada,contemporania,false,pending,,
docs/temes/territori/paisatge-construit/la-llei-afavoreix-la-finca-que-presta-la-servitud.md,temes/territori/paisatge-construit,La llei afavoreix la finca que presta la servitud,article,compilada,historica,false,pending,,
docs/temes/territori/paisatge-construit/paisatge-construit-index-de-fitxes.md,territori/paisatge-construit,Paisatge construït — índex de fitxes,index,,,false,pending,,
docs/temes/territori/paisatge-construit/paisatge-construit.md,temes/territori/paisatge-construit,Paisatge construït,article,compilada,contemporania,false,pending,,
docs/temes/territori/parroquies/andorra-la-vella/andorra-la-vella-index-de-fitxes.md,territori/parroquies/andorra-la-vella,Andorra la Vella — índex de fitxes,index,,,false,pending,,
docs/temes/territori/parroquies/andorra-la-vella/andorra-la-vella.md,temes/territori/parroquies/andorra-la-vella,Andorra la Vella,article,compilada,contemporania,false,pending,,
docs/temes/territori/parroquies/canillo/canillo-index-de-fitxes.md,territori/parroquies/canillo,Canillo — índex de fitxes,index,,,false,pending,,
docs/temes/territori/parroquies/canillo/canillo.md,temes/territori/parroquies/canillo,Canillo,article,compilada,contemporania,false,pending,,
docs/temes/territori/parroquies/encamp/encamp-index-de-fitxes.md,territori/parroquies/encamp,Encamp — índex de fitxes,index,,,false,pending,,
docs/temes/territori/parroquies/encamp/encamp.md,temes/territori/parroquies/encamp,Encamp,article,compilada,contemporania,false,pending,,
docs/temes/territori/parroquies/escaldes-engordany/escaldes-engordany-index-de-fitxes.md,territori/parroquies/escaldes-engordany,Escaldes-Engordany — índex de fitxes,index,,,false,pending,,
docs/temes/territori/parroquies/escaldes-engordany/escaldes-engordany.md,temes/territori/parroquies/escaldes-engordany,Escaldes-Engordany,article,compilada,contemporania,false,pending,,
docs/temes/territori/parroquies/la-massana/la-massana-index-de-fitxes.md,territori/parroquies/la-massana,La Massana — índex de fitxes,index,,,false,pending,,
docs/temes/territori/parroquies/la-massana/la-massana.md,temes/territori/parroquies/la-massana,La Massana,article,compilada,contemporania,false,pending,,
docs/temes/territori/parroquies/les-set-parroquies-index-de-fitxes.md,territori/parroquies,Les set parròquies — índex de fitxes,index,,,false,pending,,
docs/temes/territori/parroquies/ordino/ordino-index-de-fitxes.md,territori/parroquies/ordino,Ordino — índex de fitxes,index,,,false,pending,,
docs/temes/territori/parroquies/ordino/ordino.md,temes/territori/parroquies/ordino,Ordino,article,compilada,contemporania,false,pending,,
docs/temes/territori/parroquies/sant-julia-de-loria/sant-julia-de-loria-index-de-fitxes.md,territori/parroquies/sant-julia-de-loria,Sant Julià de Lòria — índex de fitxes,index,,,false,pending,,
docs/temes/territori/parroquies/sant-julia-de-loria/sant-julia-de-loria.md,temes/territori/parroquies/sant-julia-de-loria,Sant Julià de Lòria,article,compilada,contemporania,false,pending,,
docs/temes/territori/patrimoni-natural/el-que-no-es-llenca.md,temes/territori/patrimoni-natural,El que no es llença,article,compilada,contemporania,false,pending,,
docs/temes/territori/patrimoni-natural/madriu-perafita-claror.md,temes/territori/patrimoni-natural,La vall del Madriu-Perafita-Claror,article,compilada,contemporania,false,pending,,
docs/temes/territori/patrimoni-natural/patrimoni-natural-index-de-fitxes.md,territori/patrimoni-natural,Patrimoni natural — índex de fitxes,index,,,false,pending,,
docs/temes/territori/territori-d-andorra-index-de-fitxes.md,territori,Territori d'Andorra — índex de fitxes,index,,,false,pending,,
docs/temes/territori/toponimia/el-substrat-als-noms-de-lloc.md,temes/territori/toponimia,El substrat als noms de lloc,article,compilada,contemporania,false,pending,,
docs/temes/territori/toponimia/els-annexos-dels-toponims.md,temes/territori/toponimia,Els annexos dels topònims,article,compilada,contemporania,false,pending,,
docs/temes/territori/toponimia/les-tautologies.md,temes/territori/toponimia,Les tautologies toponímiques,article,compilada,contemporania,false,pending,,
docs/temes/territori/toponimia/lhorto-no-es-cap-hort.md,temes/territori/toponimia,L'Hortó no és cap hort,article,compilada,contemporania,false,pending,,
docs/temes/territori/toponimia/toponimia-andorrana.md,temes/territori/toponimia,La toponímia andorrana,article,compilada,contemporania,false,pending,,
docs/temes/territori/toponimia/toponimia-index-de-fitxes.md,territori/toponimia,Toponímia — índex de fitxes,index,,,false,pending,,
docs/temes/territori/urbanisme/qui-mana-al-territori.md,temes/territori/urbanisme,Qui mana al territori,article,compilada,contemporania,false,pending,,
docs/temes/territori/urbanisme/urbanisme-index-de-fitxes.md,territori/urbanisme,Urbanisme — índex de fitxes,index,,,false,pending,,
docs/temes/territori/urbanisme/urbanisme.md,temes/territori/urbanisme,L'urbanisme,article,compilada,contemporania,false,pending,,
docs/temes/vida-quotidiana/com-funciona-tot/com-funciona-tot-index-de-fitxes.md,vida-quotidiana/com-funciona-tot,Com funciona tot — índex de fitxes,index,,,false,pending,,
docs/temes/vida-quotidiana/com-funciona-tot/com-funciona-tot.md,temes/vida-quotidiana/com-funciona-tot,Com funciona tot,article,compilada,contemporania,false,pending,,
docs/temes/vida-quotidiana/com-funciona-tot/comprar-i-reclamar.md,temes/vida-quotidiana/com-funciona-tot,Comprar i reclamar,article,compilada,contemporania,false,pending,,
docs/temes/vida-quotidiana/com-funciona-tot/conduir-a-andorra.md,temes/vida-quotidiana/com-funciona-tot,Conduir a Andorra,article,compilada,contemporania,false,pending,,
docs/temes/vida-quotidiana/com-funciona-tot/que-costa-una-multa.md,temes/vida-quotidiana/com-funciona-tot,Què costa una multa,article,compilada,contemporania,false,pending,,
docs/temes/vida-quotidiana/convencions-socials/convencions-socials-index-de-fitxes.md,vida-quotidiana/convencions-socials,Convencions socials — índex de fitxes,index,,,false,pending,,
docs/temes/vida-quotidiana/convencions-socials/convencions-socials.md,temes/vida-quotidiana/convencions-socials,Convencions socials,article,compilada,contemporania,false,pending,,
docs/temes/vida-quotidiana/convencions-socials/la-tria-de-llengua.md,temes/vida-quotidiana/convencions-socials,La tria de llengua,article,compilada,contemporania,false,pending,,
docs/temes/vida-quotidiana/convencions-socials/landorra-dels-anys-cinquanta.md,temes/vida-quotidiana/convencions-socials,L'Andorra dels anys cinquanta vista per un foraster,article,compilada,contemporania,false,pending,,
docs/temes/vida-quotidiana/creences/creences-index-de-fitxes.md,vida-quotidiana/creences,Creences — índex de fitxes,index,,,false,pending,,
docs/temes/vida-quotidiana/creences/les-creences-sobre-el-cos.md,temes/vida-quotidiana/creences,Les creences sobre el cos,article,compilada,contemporania,false,pending,,
docs/temes/vida-quotidiana/geografia-mental/geografia-mental-index-de-fitxes.md,vida-quotidiana/geografia-mental,Geografia mental — índex de fitxes,index,,,false,pending,,
docs/temes/vida-quotidiana/geografia-mental/geografia-mental.md,temes/vida-quotidiana/geografia-mental,La geografia mental,article,compilada,contemporania,false,pending,,
docs/temes/vida-quotidiana/humor/humor-index-de-fitxes.md,vida-quotidiana/humor,Humor — índex de fitxes,index,,,false,pending,,
docs/temes/vida-quotidiana/humor/lhumor.md,temes/vida-quotidiana/humor,L'humor,article,compilada,contemporania,false,pending,,
docs/temes/vida-quotidiana/referents-compartits/referents-compartits-index-de-fitxes.md,vida-quotidiana/referents-compartits,Referents compartits — índex de fitxes,index,,,false,pending,,
docs/temes/vida-quotidiana/referents-compartits/referents-compartits.md,temes/vida-quotidiana/referents-compartits,Referents compartits,article,compilada,contemporania,false,pending,,
docs/temes/vida-quotidiana/vida-quotidiana-a-andorra-index-de-fitxes.md,vida-quotidiana,Vida quotidiana a Andorra — índex de fitxes,index,,,false,pending,,
