categoria	forma	id_persona	ocurrencia	snippet	font	estat
discurs	a nivell	pa-001	1	és el mateix estar sobre la parada dels coprínciers, que d'un que tampoc sabem què xerar, i a nivell de representació internacional no ens hem d'enganyar al ves de França, és molt important. No	transcripcions/pa-001.txt	ASR; pendent d'audicio
discurs	a nivell	pa-001	2	es consellers o els quatre consellers designaven que havia de ser el substitut. I aleshores, a nivell de la maçana, a part que ho fes als consellers, jo vaig demanar que fes una reunió, no diré	transcripcions/pa-001.txt	ASR; pendent d'audicio
discurs	a nivell	pa-001	3	eshores em torno a trobar sentat a la cadira com a conseller i com a membre del constituent. A nivell de la maçana, pràcticament, diré que fèiem una reunió després de cada comissió tripartida, p	transcripcions/pa-001.txt	ASR; pendent d'audicio
discurs	a veure	pa-001	1	ls interessats va ser... a qui es va preocupar de filtrar-ho per fer una mica més depressió. A veure, jo penso que és un moment molt delicat, molt important, i a vegades, amb aquests pactes polí	transcripcions/pa-001.txt	ASR; pendent d'audicio
discurs	a veure	pa-001	2	.. Aleshores, cap d'endorra hi feu la Constitució, i, aleshores, aquella gent... de frente. A veure, tampoc l'hi sé de dimarts de citó, probablement tenen aquells checks del judici aquell, que	transcripcions/pa-001.txt	ASR; pendent d'audicio
discurs	a veure	pa-001	3	autonomia, i ens podem equivocar, evidentment, però no reben cap classe de pregió política. A veure, quan has viscut el procés constituïent des del primer dia, hi ha certs moments que, quan el	transcripcions/pa-001.txt	ASR; pendent d'audicio
discurs	aleshores	pa-001	1	marxes forçades, i el que eren institucions vàlides en aquell moment ja eren qüestionades. Aleshores, el que es tractava d'adaptar-ho a les circumstàncies el millor possible, no? I això ja come	transcripcions/pa-001.txt	ASR; pendent d'audicio
discurs	aleshores	pa-001	2	s recursos en queixó, que ho podia fer tombar tot i modificar tot, no era massa benvinguda. Aleshores, el que es tractava de anar allimant tota una sèrie de coses. Perquè, per exemple, al moment	transcripcions/pa-001.txt	ASR; pendent d'audicio
discurs	aleshores	pa-001	3	, és molt important. No és que el de la mitja no ho sigui, però és que l'altre ho és més. I, aleshores, tot això, amb la intenció de mantenir els coprínciers, que això ja està, jo penso que d'aquí	transcripcions/pa-001.txt	ASR; pendent d'audicio
discurs	bueno	pa-001	1	"quemado los barcos de retorno"". ""Esto no tiene marcha atrás"". I aleshores, a partir d'aquí, bueno, van anar sortint els problemes del dia a dia, van anar sortint tota una sèrie de temes, però"	transcripcions/pa-001.txt	ASR; pendent d'audicio
discurs	bueno	pa-001	2	enllestit, i aquell esborrany un dia van pujar a Barcelona, i la demà sortia de la premsa. Bueno, a mi que es publiquen, com així, tampoc... A mi em va sàpiga greu amb el sentit que les rep	transcripcions/pa-001.txt	ASR; pendent d'audicio
discurs	bé	pa-001	1	egar així. Canvis, sí, però continuïtat, són d'aquestes frases que tampoc entens massa, no? Bé, o sigui, això va anar evolucionant el que era la memòria i la reforma de les institucions j	transcripcions/pa-001.txt	ASR; pendent d'audicio
discurs	bé	pa-001	2	edat... Finalment, tot això es va anar fent evolucionar i crec que finalment va acabar força bé. Però el part del servei del coprínciers frances de manera molt discreta, no com d'altres ha	transcripcions/pa-001.txt	ASR; pendent d'audicio
discurs	bé	pa-001	3	"a lligar i no és fàcil. I aleshores, després d'emorrar tot el telèfon, la meva resposta és ""bé, deixa'm eu consultar amb el coixí i em tornes a trucar de mà i em parlarem"". Sí, sí, però é"	transcripcions/pa-001.txt	ASR; pendent d'audicio
discurs	clar	pa-001	1	eu càrrec de coprínciers. Això, naturalment, amb alguns, encendre totes les alarmes. Perquè, clar, no és el mateix estar sobre la parada dels coprínciers, que d'un que tampoc sabem què xerar,	transcripcions/pa-001.txt	ASR; pendent d'audicio
discurs	clar	pa-001	2	c, que no havia passat mal i ens agafa a tots a contrapeu, totalment, i a mi el primer, però clar, el consell estava disolts, era dir-ho que el consell es subirà, hi havia la decisió presa,	transcripcions/pa-001.txt	ASR; pendent d'audicio
discurs	clar	pa-001	3	"Emà li va dir al mi terran, ""Vos, molt demòcrata, però andorra a fer-ho de senyor feudal"". I clar, això, amb aquell moment, no li va agradar massa, no? Però és igual, ell tenia les idees clar"	transcripcions/pa-001.txt	ASR; pendent d'audicio
discurs	de fet	pa-001	1	ntatge de la població d'Andorrana és que els coprínciers tinguessin tots els poders, perquè, de fet, els tenia tots. I la famosa figura dels recursos en queixó, que ho podia fer tombar tot i m	transcripcions/pa-001.txt	ASR; pendent d'audicio
discurs	evidentment	pa-001	1	eshores, això ens permet als magistrats treballar en plena autonomia, i ens podem equivocar, evidentment, però no reben cap classe de pregió política. A veure, quan has viscut el procés constituïen	transcripcions/pa-001.txt	ASR; pendent d'audicio
discurs	llavors	pa-001	1	sàpiga. Hi havia tot un procediment que suposa amb algun lloc d'ofigurar, de la manera que, llavors, aconseguirien les reunions de fer el procediment de premsa. I amb el tema aquestes van baix	transcripcions/pa-001.txt	ASR; pendent d'audicio
discurs	no?	pa-001	1	ionades. Aleshores, el que es tractava d'adaptar-ho a les circumstàncies el millor possible, no? I això ja comença molt aviat, i acaba amb la proposta del 78 de reforma de les institucions.	transcripcions/pa-001.txt	ASR; pendent d'audicio
discurs	no?	pa-001	2	van gegar així. Canvis, sí, però continuïtat, són d'aquestes frases que tampoc entens massa, no? Bé, o sigui, això va anar evolucionant el que era la memòria i la reforma de les institucion	transcripcions/pa-001.txt	ASR; pendent d'audicio
discurs	no?	pa-001	3	"andorra a fer-ho de senyor feudal"". I clar, això, amb aquell moment, no li va agradar massa, no? Però és igual, ell tenia les idees clares, que els mitjans de comunicació estaven a les vesc"	transcripcions/pa-001.txt	ASR; pendent d'audicio
discurs	o sigui	pa-001	1	així. Canvis, sí, però continuïtat, són d'aquestes frases que tampoc entens massa, no? Bé, o sigui, això va anar evolucionant el que era la memòria i la reforma de les institucions ja havia q	transcripcions/pa-001.txt	ASR; pendent d'audicio
discurs	o sigui	pa-001	2	iba aquest. I, a partir d'aquí, jo penso que tothom va veure que això havia d'anar per aquí. O sigui que hi havia gent reàcia, segurament, i alguns potser no t'ho vols haurem manifestat, però é	transcripcions/pa-001.txt	ASR; pendent d'audicio
discurs	o sigui	pa-001	3	"ment, i coneguts i em fa la proposta. I la meva dillò és ""pa, que t'has tornat boig o què?"" O sigui, jo estic fora de la política, no hi vull saber res. Home, que tenim majoria que està pactat,"	transcripcions/pa-001.txt	ASR; pendent d'audicio
discurs	per tant	pa-001	1	"torne a trucar i em diu ""Albert, no cal que t'ho pensis, perquè l'economia està a la premsa, per tant, ja està... ja està, de nou per fet"". Suposo que algun mateix dels interessats va ser... a q"	transcripcions/pa-001.txt	ASR; pendent d'audicio
discurs	per tant	pa-001	2	el consell estava disolts, era dir-ho que el consell es subirà, hi havia la decisió presa, per tant, només queda una solució, anar a noves eleccions. Participa un conseller, malgrat les eleccio	transcripcions/pa-001.txt	ASR; pendent d'audicio
discurs	per tant	pa-001	3	t des del primer dia, ningú d'ells que som aquí en sap més que tu, saps com estan les coses, per tant, has d'acabar la feina que ha començat. I aleshores em torno a trobar sentat a la cadira com	transcripcions/pa-001.txt	ASR; pendent d'audicio
discurs	perquè	pa-001	1	la memòria i la reforma de les institucions ja havia quedat en certa manera també desfasada, perquè el que no es veia en bons ulls a un alt percentatge de la població d'Andorrana és que els co	transcripcions/pa-001.txt	ASR; pendent d'audicio
discurs	perquè	pa-001	2	lt percentatge de la població d'Andorrana és que els coprínciers tinguessin tots els poders, perquè, de fet, els tenia tots. I la famosa figura dels recursos en queixó, que ho podia fer tombar	transcripcions/pa-001.txt	ASR; pendent d'audicio
discurs	perquè	pa-001	3	a massa benvinguda. Aleshores, el que es tractava de anar allimant tota una sèrie de coses. Perquè, per exemple, al moment donat hi havia una teoria de que darrere un país molt petit i que la	transcripcions/pa-001.txt	ASR; pendent d'audicio
discurs	vull dir	pa-001	1	om que és de la vostra competència, neufent i es van fer aquestes reunions, els consells, jo vull dir, van col·laborar també, però tampoc se'ls va tocar absolutament res, perquè, al contrari, jo	transcripcions/pa-001.txt	ASR; pendent d'audicio
discurs	vull dir	pa-001	2	supriments coprins i supriments ho poden fer. Anem amb un extrem que no és el meu cas, però vull dir que ho vam deixar tot a mans de la soberania popular. I després la Constitució ha donat un ex	transcripcions/pa-001.txt	ASR; pendent d'audicio
discurs	és a dir	pa-001	1	sortir el públic tothom va tancar files. Quan a les hores es diu ara, quan està tot tancat, és a dir, l'ingrés a la ONU, ja em va quedar una mica així, no vaig dir que no, ni que sí. És sèptic,	transcripcions/pa-001.txt	ASR; pendent d'audicio
territorial	andorrana	pa-001	1	també desfasada, perquè el que no es veia en bons ulls a un alt percentatge de la població d'Andorrana és que els coprínciers tinguessin tots els poders, perquè, de fet, els tenia tots. I la fam	transcripcions/pa-001.txt	ASR; pendent d'audicio
territorial	comuns	pa-001	1	vèncer que allò era el bo i, finalment, va acabar bé. I després, el tema de competències dels comuns. El tema de competències... Bé, això, més o menys, se'n va parlar amb unes quantes reunions,	transcripcions/pa-001.txt	ASR; pendent d'audicio
territorial	comuns	pa-001	2	rlar amb unes quantes reunions, i hi va haver unes reunions bilaterals, sobretot amb el tema comuns i amb el tema mitre, perquè els francesos, la delegació del consell de França, tenen això, é	transcripcions/pa-001.txt	ASR; pendent d'audicio
territorial	comuns	pa-001	3	uè, al contrari, jo penso que es va reforçar bastant el posicionament i les competències dels comuns, que hi ha algunes que potser eren una mica dubtoses. L'altre punt que és interessant és la	transcripcions/pa-001.txt	ASR; pendent d'audicio
territorial	copríncep	pa-001	1	aviat, i acaba amb la proposta del 78 de reforma de les institucions. Recorda la visita del copríncep Giscard d'Estenc, i aquí, a la plaça del poble, quan tant es parlava de canvis i dillò, ens	transcripcions/pa-001.txt	ASR; pendent d'audicio
territorial	veguer	pa-001	1	e de temes, però la Constitució va anavençant. Hi havia una part que a mi em va manifestar el veguer francès en aquell moment de preocupació quan es va disolver el consell, però aquesta preocup	transcripcions/pa-001.txt	ASR; pendent d'audicio
discurs	a nivell	pa-003	1	ent dona l'impuls a passar d'escola maternal-andorrana a escola andorrana. Aviam, pel que fa a nivell polític, la primera vegada quan es crea la maternal, com he dit, es crea com un projecte peda	transcripcions/pa-003.txt	ASR; pendent d'audicio
discurs	aleshores	pa-003	1	tenim moltes inquietuds socials, polítiques, institucionals, culturals i educatives, també. Aleshores, dins d'aquest context, l'escola en d'orrana es crea com un projecte pedagògic, en el qual l	transcripcions/pa-003.txt	ASR; pendent d'audicio
discurs	aleshores	pa-003	2	ersal, jo penso, i es fa amb una demanda i amb una manifestació del Consell Executiu, perquè aleshores no era govern, era Consell Executiu, el 7 d'abril del 1982, anar a la sessió tradicional de	transcripcions/pa-003.txt	ASR; pendent d'audicio
discurs	aviam	pa-003	1	de volta que realment dona l'impuls a passar d'escola maternal-andorrana a escola andorrana. Aviam, pel que fa a nivell polític, la primera vegada quan es crea la maternal, com he dit, es crea	transcripcions/pa-003.txt	ASR; pendent d'audicio
discurs	bueno	pa-003	1	pares, evidentment no hi ha un acord totalitari, perquè hi havia pares en el sentit de dir, bueno, hi existeix un sistema educatiu ric amb diferents opcions, perquè ara la necessitat d'un sis	transcripcions/pa-003.txt	ASR; pendent d'audicio
discurs	bé	pa-003	1	Bé, jo crec que, de fet, ens hem de situar en el context dels anys 80, on en d'orra està vivint	transcripcions/pa-003.txt	ASR; pendent d'audicio
discurs	bé	pa-003	2	ra la necessitat d'un sistema propi. En canvi, hi havia també certs polítics que sí que veien bé la continuïtat. Pel que fa al cas, el resultat és el que compta, i l'escola maternal endorra	transcripcions/pa-003.txt	ASR; pendent d'audicio
discurs	bé	pa-003	3	nuïtat. Pel que fa al cas, el resultat és el que compta, i l'escola maternal endorrana és de bé l'escola endorrana del 1985, des del final dels 3 anys de maternal. Molt, molt. Jo crec que	transcripcions/pa-003.txt	ASR; pendent d'audicio
discurs	clar	pa-003	1	forma part d'aquestes persones que hem cregut amb l'escola i continuem creient. Sí, perquè és clar, l'educació són persones. A partir del moment que dins d'un projecte afecta a persones i a in	transcripcions/pa-003.txt	ASR; pendent d'audicio
discurs	de fet	pa-003	1	Bé, jo crec que, de fet, ens hem de situar en el context dels anys 80, on en d'orra està vivint una gran expansió, e	transcripcions/pa-003.txt	ASR; pendent d'audicio
discurs	diguem	pa-003	1	a la sessió tradicional de Sant Consell, en el Consell General. Aquesta és la primera acció, diguem, d'ordre polític. I la continuïtat, a partir del moment que hi ha que hi ha demanda dels pare	transcripcions/pa-003.txt	ASR; pendent d'audicio
discurs	evidentment	pa-003	1	ó, no, però sí un moviment bàsicament per part dels pares, amb també el suport dels mestres, evidentment, i també de les persones que havíem estat treballant amb el projecte. I en aquells moments, a	transcripcions/pa-003.txt	ASR; pendent d'audicio
discurs	evidentment	pa-003	2	ordre polític. I la continuïtat, a partir del moment que hi ha que hi ha demanda dels pares, evidentment no hi ha un acord totalitari, perquè hi havia pares en el sentit de dir, bueno, hi existeix u	transcripcions/pa-003.txt	ASR; pendent d'audicio
discurs	evidentment	pa-003	3	nes. A partir del moment que dins d'un projecte afecta a persones i a infants i adolescents, evidentment que l'emplicació encara és més forta, perquè és molt important el que tens entre mans i vols	transcripcions/pa-003.txt	ASR; pendent d'audicio
discurs	perquè	pa-003	1	i universal, jo penso, i es fa amb una demanda i amb una manifestació del Consell Executiu, perquè aleshores no era govern, era Consell Executiu, el 7 d'abril del 1982, anar a la sessió tradi	transcripcions/pa-003.txt	ASR; pendent d'audicio
discurs	perquè	pa-003	2	del moment que hi ha que hi ha demanda dels pares, evidentment no hi ha un acord totalitari, perquè hi havia pares en el sentit de dir, bueno, hi existeix un sistema educatiu ric amb diferents	transcripcions/pa-003.txt	ASR; pendent d'audicio
discurs	perquè	pa-003	3	pares en el sentit de dir, bueno, hi existeix un sistema educatiu ric amb diferents opcions, perquè ara la necessitat d'un sistema propi. En canvi, hi havia també certs polítics que sí que veie	transcripcions/pa-003.txt	ASR; pendent d'audicio
discurs	és a dir	pa-003	1	rrana. Sí, i fins i tot integrador amb un inici en els sistemes educatius existents al país. És a dir, crec que això és important, no es crea com anem tirant davant un sistema educatiu propi en t	transcripcions/pa-003.txt	ASR; pendent d'audicio
discurs	és a dir	pa-003	2	el qual es volien unes aules pilot al cinc de les opcions educatives existents al país. No, és a dir, en el moment que es crea unes comissionistes hispano-andorranes i franco-andorranes partiran	transcripcions/pa-003.txt	ASR; pendent d'audicio
discurs	és a dir	pa-003	3	els sistemes educatius. Quan realment hi ha la clau del canvi és anar a acabar la maternal. És a dir, després dels 3 anys de creació d'aquelles 3 aules de català, català castellà i català francè	transcripcions/pa-003.txt	ASR; pendent d'audicio
territorial	andorrana	pa-003	1	à, català castellà i català francès, és quan es planteja la continuïtat de l'escola maternal-andorrana amb l'escola andorrana i quan realment aquí sí que hi ha una... no voldria dir mobilització,	transcripcions/pa-003.txt	ASR; pendent d'audicio
territorial	andorrana	pa-003	2	atalà francès, és quan es planteja la continuïtat de l'escola maternal-andorrana amb l'escola andorrana i quan realment aquí sí que hi ha una... no voldria dir mobilització, no, però sí un movimen	transcripcions/pa-003.txt	ASR; pendent d'audicio
territorial	andorrana	pa-003	3	al Consell General és la clau de volta que realment dona l'impuls a passar d'escola maternal-andorrana a escola andorrana. Aviam, pel que fa a nivell polític, la primera vegada quan es crea la mat	transcripcions/pa-003.txt	ASR; pendent d'audicio
discurs	a nivell	pa-002	1	. Per què va passar això? Perquè l'opció de la minoria que va passar, la majoria, diguéssim, a nivell consell, però no era a nivell governament, com que el govern era nostre, l'acció d'ells era	transcripcions/pa-002.txt	ASR; pendent d'audicio
discurs	a nivell	pa-002	2	què l'opció de la minoria que va passar, la majoria, diguéssim, a nivell consell, però no era a nivell governament, com que el govern era nostre, l'acció d'ells era desenclocar el govern fos com f	transcripcions/pa-002.txt	ASR; pendent d'audicio
discurs	a veure	pa-002	1	d'endorre pels ordinaris paraules, i era el seu opositor. És una paradoxa, no? Un opositor, a veure, no era fàcil, i ell era una persona on t'arrenar no m'havia de dialogar, era autoritari, pe	transcripcions/pa-002.txt	ASR; pendent d'audicio
discurs	a veure	pa-002	2	fuga, jo no sé d'on va vindre, però pot ser que està orchestrada fora de les nostres àmbits. A veure, per part d'Andorra i Escaldes no teníem massa dubte, per part, és a dir, hi va haver una gen	transcripcions/pa-002.txt	ASR; pendent d'audicio
discurs	a veure	pa-002	3	part, és a dir, hi va haver una generació, potser en camp, ordí, d'uns polítics que van dir, a veure, el mateix Calvota Mecanillo, i d'altres que van dir, és un moment històric, que va dir que	transcripcions/pa-002.txt	ASR; pendent d'audicio
discurs	bueno	pa-002	1	per part endorrana al consell constituent, perquè la pretensió del govern era d'incloure's. Bueno, aquí es va decidir, en aquell moment, no hi havia com a millor constituent, permanent que a	transcripcions/pa-002.txt	ASR; pendent d'audicio
discurs	bueno	pa-002	2	a fase del síndic Bartoló, que era un home més aviat de terreny i ple de bona voluntat, però bueno, llavors hi va haver les maniobres, no dic majoria minoria, perquè eren pràcticament 14-14,	transcripcions/pa-002.txt	ASR; pendent d'audicio
discurs	bueno	pa-002	3	posar-se d'acord, aquí vini el problema. I, clar, el que es va fer és fer l'elenc, es va dir, bueno, la Constitució, perquè hi ha els grans principis, que primer que ho conformàvem a la soberan	transcripcions/pa-002.txt	ASR; pendent d'audicio
discurs	bé	pa-002	1	Però hi havia gent jove també, i també veien la necessitat del canvi. Ara el que ens dividia bé, òbviament, era el control de govern. Per exemple, hi ha una cosa que es va plantejar a la p	transcripcions/pa-002.txt	ASR; pendent d'audicio
discurs	bé	pa-002	2	institucional formaré part de les mesures, una de les importants, òbviament, però també anar bé amb un programa de govern, anar bé associat amb un programa de govern. I amb aquella legisla	transcripcions/pa-002.txt	ASR; pendent d'audicio
discurs	bé	pa-002	3	sures, una de les importants, òbviament, però també anar bé amb un programa de govern, anar bé associat amb un programa de govern. I amb aquella legislatura es va posar els primers, digué	transcripcions/pa-002.txt	ASR; pendent d'audicio
discurs	clar	pa-002	1	ritària. Un conseller jove a l'època tenia uns 35 o 36 anys, i ell era un patriarca, i que, clar, hi havia una diferència d'edat considerable. A més, hi havia molts lligams. Hi havia lligam	transcripcions/pa-002.txt	ASR; pendent d'audicio
discurs	clar	pa-002	2	principis de Montesquillo, de la separació de poders, d'això ho teníem inclocat i ho teníem clar, però que això es tenia de configurar amb una Constitució, a dir, un tot. Ja ja ho van anar	transcripcions/pa-002.txt	ASR; pendent d'audicio
discurs	clar	pa-002	3	ció. Jo ho tenia claríssim, que era el consell que tenia de portar-ho, el govern no ho tenia clar, el govern volia participar. Jo veia molt clar una cosa, és el que deia abans, dos galls d'u	transcripcions/pa-002.txt	ASR; pendent d'audicio
discurs	de fet	pa-002	1	ermitia un govern realment eficient i responsable de les coses del país. Va servir per això, de fet, per evidenciar amb les seves mangances, les seves contradiccions i els seus problemes no re	transcripcions/pa-002.txt	ASR; pendent d'audicio
discurs	de fet	pa-002	2	posàvem la paraula Constitució, però el contingut hi era. I van ser aquestes dos parroques, de fet, amb aquelles eleccions que van guanyar, que van promoure el canvi amb l'ajuda de les altres	transcripcions/pa-002.txt	ASR; pendent d'audicio
discurs	de fet	pa-002	3	4 a 16-12, per dir-ho, o 15-13, no recordo exactament, però llavors van obtindre la majoria. De fet, evidentment, anar a relantir el treball constitucional, perquè una cosa és fixar el que em d	transcripcions/pa-002.txt	ASR; pendent d'audicio
discurs	evidentment	pa-002	1	is. És a dir, hi havia un intrínculis entre mig. A mi se'm va fer difícil no votar-lo, però evidentment no hi havia d'altra fórmula. Amb tot el que fa referència al tema institucional, òbviament,	transcripcions/pa-002.txt	ASR; pendent d'audicio
discurs	evidentment	pa-002	2	r molt genèriques i molt generals, hi havia l'entrevanc de la malaltia del síndic veal, que evidentment va durar 6-7 mesos i al final va renunciar, però aquells 6-7 mesos ja es va fer un treball im	transcripcions/pa-002.txt	ASR; pendent d'audicio
discurs	evidentment	pa-002	3	2, per dir-ho, o 15-13, no recordo exactament, però llavors van obtindre la majoria. De fet, evidentment, anar a relantir el treball constitucional, perquè una cosa és fixar el que em deia en una pa	transcripcions/pa-002.txt	ASR; pendent d'audicio
discurs	llavors	pa-002	1	del síndic Bartoló, que era un home més aviat de terreny i ple de bona voluntat, però bueno, llavors hi va haver les maniobres, no dic majoria minoria, perquè eren pràcticament 14-14, i llavors	transcripcions/pa-002.txt	ASR; pendent d'audicio
discurs	llavors	pa-002	2	llavors hi va haver les maniobres, no dic majoria minoria, perquè eren pràcticament 14-14, i llavors la situació del síndic casal dit Bartoló era insostenible, perquè era un subsíndic que no hi	transcripcions/pa-002.txt	ASR; pendent d'audicio
discurs	llavors	pa-002	3	e, perquè era un subsíndic que no hi havia una majoria clara, i amb un tema molt delicat. I llavors la nostra oposició va maniobrar amb un sentit que la parroca que feia la balança era la maçan	transcripcions/pa-002.txt	ASR; pendent d'audicio
discurs	no?	pa-002	1	ap, que he hagut d'endorre pels ordinaris paraules, i era el seu opositor. És una paradoxa, no? Un opositor, a veure, no era fàcil, i ell era una persona on t'arrenar no m'havia de dialoga	transcripcions/pa-002.txt	ASR; pendent d'audicio
discurs	no?	pa-002	2	o ens va entrar mai el detall a la primera fase. I allà és on hi havia l'equip de la qüestió, no? La pregunta que em poses concretament, la política, diguéssim, interna i del dia a dia, va s	transcripcions/pa-002.txt	ASR; pendent d'audicio
discurs	no?	pa-002	3	ava el Marçal. Sincerament, diria, Marçal, però ja tinc un de mestre, vaig dir que una mica, no?, però hi havia molt bona relació amb el Torra, i em va dir, agafa el que no té en perill, dir	transcripcions/pa-002.txt	ASR; pendent d'audicio
discurs	per tant	pa-002	1	ta inversió a la figura del delgat permanent, i, amb un segon ordre, a la figura del veguer. Per tant, que la Constitució permetés de liquidar, per al públic que així ens he clar, de liquidar aqu	transcripcions/pa-002.txt	ASR; pendent d'audicio
discurs	per tant	pa-002	2	ha acabat. S'ha acabat el que d'or ser, les teories del que d'or ser aquí. Això és un estat, per tant la representació internacional és de l'estat d'Andorra, és dels Andorra. El que d'or ser ten	transcripcions/pa-002.txt	ASR; pendent d'audicio
discurs	per tant	pa-002	3	era el cap d'estat francès, perquè l'altre el senyor Bisbe tenia els poders més limitats. I per tant, que la representació internacional d'Andorra de facto la tenia a França. Això era la teoria	transcripcions/pa-002.txt	ASR; pendent d'audicio
discurs	perquè	pa-002	1	És a dir, per molt que s'hagués fet el que se'n va dir reformeta, era un executiu amputat, perquè no deixava de haver-hi el servei dels copríncipes, que totalaven la justícia, l'ordre públic.	transcripcions/pa-002.txt	ASR; pendent d'audicio
discurs	perquè	pa-002	2	jament de base. Sí que era l'opositor del senyor Pintat, que val la pena que ho digués ara, perquè no ho he dit, considero que ha sigut el millor cap, que he hagut d'endorre pels ordinaris par	transcripcions/pa-002.txt	ASR; pendent d'audicio
discurs	perquè	pa-002	3	d'inferda. És a dir, amb les qüestions d'estat, d'acord, sobre el fons, no sobre la forma, perquè té una forma una mica dictatorial. No és un dictatorial tan poc, autoritària, vull dir. Pate	transcripcions/pa-002.txt	ASR; pendent d'audicio
discurs	vull dir	pa-002	1	forma, perquè té una forma una mica dictatorial. No és un dictatorial tan poc, autoritària, vull dir. Paternalista autoritària. Un conseller jove a l'època tenia uns 35 o 36 anys, i ell era un	transcripcions/pa-002.txt	ASR; pendent d'audicio
discurs	vull dir	pa-002	2	ipar, i únicament el consell, el procés constituent, home, això te m'ho van valorar. Perquè vull dir, jo ja estava, que continuéssiu amb el mateix govern, no estava amb la línia d'ells de canvi	transcripcions/pa-002.txt	ASR; pendent d'audicio
discurs	vull dir	pa-002	3	de pedra, perquè evidentment no es va parlar ni de Constitució, se'n va parlar al començar. Vull dir, les quatre manaritats, perquè evidentment tots ja havíem girat el full, està adoptada i la	transcripcions/pa-002.txt	ASR; pendent d'audicio
discurs	és a dir	pa-002	1	(mòbil) Va ser multifactorial, diria. Es va veure que el sistema era allà per tots costats. És a dir, per molt que s'hagués fet el que se'n va dir reformeta, era un executiu amputat, perquè no	transcripcions/pa-002.txt	ASR; pendent d'audicio
discurs	és a dir	pa-002	2	recurs en queixa podia posar en suspens o anular una disposició legislativa o governamental. És a dir, un poder absolut. I això està per sobre dels organismes elegits. El fracàs de la reformeta	transcripcions/pa-002.txt	ASR; pendent d'audicio
discurs	és a dir	pa-002	3	radiccions i els seus problemes no resolts de que es tenia d'anar amb una fórmula diferent. És a dir, no es podia continuar amb el camí de la reformeta. Es va fer el codi de l'administració. En	transcripcions/pa-002.txt	ASR; pendent d'audicio
territorial	Canillo	pa-002	1	, Sant Julià, que vam sortir guanyadors, i amb gent amb una ferma convicció, en aquest cas. Canillo, ordino, perquè el company pujava, que no salveu per enlloc, era un ferm defensor de la Const	transcripcions/pa-002.txt	ASR; pendent d'audicio
territorial	Escaldes	pa-002	1	realment el país necessita un canvi més ursencial. I la prova va ser que aquelles eleccions, escaldes es va dir obertament per part de la candidatura d'escaldes, nosaltres vam presentar un projec	transcripcions/pa-002.txt	ASR; pendent d'audicio
territorial	Escaldes	pa-002	2	ova va ser que aquelles eleccions, escaldes es va dir obertament per part de la candidatura d'escaldes, nosaltres vam presentar un projecte de Constitució que no hi posàvem la paraula Constitució	transcripcions/pa-002.txt	ASR; pendent d'audicio
territorial	Escaldes	pa-002	3	però pot ser que està orchestrada fora de les nostres àmbits. A veure, per part d'Andorra i Escaldes no teníem massa dubte, per part, és a dir, hi va haver una generació, potser en camp, ordí,	transcripcions/pa-002.txt	ASR; pendent d'audicio
territorial	Massana	pa-002	1	m defensor de la Constitució, i totes les parròquies van seguir, no hi va haver problema. La Massana potser era la parròquia més vinculada al Cindi, però després també vam fer pinya amb el Várgi	transcripcions/pa-002.txt	ASR; pendent d'audicio
territorial	Massana	pa-002	2	sca urgente, a dues termes, és la Constitució, això ho tenim claríssim, i els companys de la Massana van seguir com els que més, perquè el que encapsula el moviment de la Massana que va sortir l	transcripcions/pa-002.txt	ASR; pendent d'audicio
territorial	Massana	pa-002	3	companys de la Massana van seguir com els que més, perquè el que encapsula el moviment de la Massana que va sortir l'Higítia era el Várgil Aver, que era el Cíndic Sortint, i no hi va haver cap	transcripcions/pa-002.txt	ASR; pendent d'audicio
territorial	Ordino	pa-002	1	ulià, que vam sortir guanyadors, i amb gent amb una ferma convicció, en aquest cas. Canillo, ordino, perquè el company pujava, que no salveu per enlloc, era un ferm defensor de la Constitució,	transcripcions/pa-002.txt	ASR; pendent d'audicio
territorial	Ordino	pa-002	2	na representació del consell, el cíndic, el subsíndic, i dos consellers majors, que eren el d'Ordino i el de la Massana, els dos l'Albert, l'Albert Pujol i l'Albert Angelabert. I ens va fer un	transcripcions/pa-002.txt	ASR; pendent d'audicio
territorial	Sant Julià	pa-002	1	cas intermitges, perquè en Dorre i Escaldes hi havia la cosa, en aquest cas diria, en camp, Sant Julià, que vam sortir guanyadors, i amb gent amb una ferma convicció, en aquest cas. Canillo, ordi	transcripcions/pa-002.txt	ASR; pendent d'audicio
territorial	Sant Julià	pa-002	2	realment ho va dir, i ho va manifestar públicament, perquè recorda que la reunió que van fer Sant Julià, va vindre i ho va dir. Va dir, sí, la Constitució, tot el que vulgueu, aquests articles de	transcripcions/pa-002.txt	ASR; pendent d'audicio
territorial	comú	pa-002	1	ue els dos punts importants que va promoure ell els vagi votar, sigui l'acord, amb el mercat comú, l'acord comercial, i el segon, la compra de fassa, que es va passar d'inferda. És a dir, am	transcripcions/pa-002.txt	ASR; pendent d'audicio
territorial	copríncep	pa-002	1	cas, un dels que va fer que el Carlos també n'escapgui, i obertament i públicament va ser el copríncep Joan Martí de l'Anís. I amb conste, i això ho dic entre cometes, de que el copríncep Mitter	transcripcions/pa-002.txt	ASR; pendent d'audicio
territorial	copríncep	pa-002	2	ser el copríncep Joan Martí de l'Anís. I amb conste, i això ho dic entre cometes, de que el copríncep Mitterrand també ho hauria dit altes autoritats, però no van entendre el missatge. Amb el te	transcripcions/pa-002.txt	ASR; pendent d'audicio
territorial	copríncep	pa-002	3	t i una proximitat amb la religió molt important. Allí ho vaig poder constatar. Per part del copríncep episcopal, jo crec que ell deciditament volia anar a la Constitució. No dic que els seus ser	transcripcions/pa-002.txt	ASR; pendent d'audicio
territorial	parròquia	pa-002	1	itució, i totes les parròquies van seguir, no hi va haver problema. La Massana potser era la parròquia més vinculada al Cindi, però després també vam fer pinya amb el Várgil Aver, i va haver cap.	transcripcions/pa-002.txt	ASR; pendent d'audicio
territorial	parròquia	pa-002	2	árgil Aver, que era el Cíndic Sortint, i no hi va haver cap mena de distorsió per part de cap parròquia. Bé, a mi no necessari companys bàsicament de la parròquia i d'algun altre, a dir-me, ens ag	transcripcions/pa-002.txt	ASR; pendent d'audicio
territorial	parròquia	pa-002	3	mena de distorsió per part de cap parròquia. Bé, a mi no necessari companys bàsicament de la parròquia i d'algun altre, a dir-me, ens agradaria proposar-te com a cític. A mi, evidentment, em va..	transcripcions/pa-002.txt	ASR; pendent d'audicio
territorial	veguer	pa-002	1	n una certa inversió a la figura del delgat permanent, i, amb un segon ordre, a la figura del veguer. Per tant, que la Constitució permetés de liquidar, per al públic que així ens he clar, de l	transcripcions/pa-002.txt	ASR; pendent d'audicio
discurs	bé	pa-004	1	al mig de la plana, aproximadament on avui hi ha l'encreuament de Tobira, més o menys, està bé allà. I després tenim també el molí comunal de Sant Julià de Lòria, que estava situat on avu	transcripcions/pa-004.txt	ASR; pendent d'audicio
discurs	bé	pa-004	2	punyera de gra que representava uns 3 quilos de gra. Després, en alguns llocs, ja es cobrava bé amb diners. La punyera era una estri de fusta, una mena de caixó, que tenia dos costats. Un	transcripcions/pa-004.txt	ASR; pendent d'audicio
discurs	bé	pa-004	3	l d'aigua molt important, que la segla de Tobira era molt, molt, molt gran, i tenia a portar bé molta aigua. Quan arribava el Moli, tenia una base, allà quedava l'aigua embassada, i, doncs	transcripcions/pa-004.txt	ASR; pendent d'audicio
discurs	de fet	pa-004	1	complicat del que es pot explicar en pocs minuts, perquè era molt complicat i comportàvem, de fet, comportàvem molta complexitat i precisió. El rodet, a la part subterranya de la mola, girav	transcripcions/pa-004.txt	ASR; pendent d'audicio
discurs	de fet	pa-004	2	quests continuaven treballant, i els que continuaven com a petites indústries familiars, que de fet són els últims que van desaparèixer, perquè van anar donant cervell al poble durant molt temp	transcripcions/pa-004.txt	ASR; pendent d'audicio
discurs	doncs	pa-004	1	saca de 60 quilos, més o menys, 60, 70 quilos, feia una saca de gra que es portava a Maldre, doncs costava una punyera de gra que representava uns 3 quilos de gra. Després, en alguns llocs, ja	transcripcions/pa-004.txt	ASR; pendent d'audicio
discurs	doncs	pa-004	2	rs. La punyera era una estri de fusta, una mena de caixó, que tenia dos costats. Un costat, doncs, ja havia el que era la punyera, i l'altre costat era la part de sota o de sobre, era més pe	transcripcions/pa-004.txt	ASR; pendent d'audicio
discurs	doncs	pa-004	3	era. Ara també us parlarem de la situació dels Mollins, on estaven situats aquests Mollins. Doncs la gran majoria d'aquestes petites molles estaven situades a tocar del riu. Amb una segla, o	transcripcions/pa-004.txt	ASR; pendent d'audicio
discurs	evidentment	pa-004	1	el Moli, tenia una base, allà quedava l'aigua embassada, i, doncs, prohibia aigua suficient, evidentment, i el desnivell, la canal que anava fins al rodet, tenia uns tres metres de desnivell que s	transcripcions/pa-004.txt	ASR; pendent d'audicio
discurs	no?	pa-004	1	molt difícil accés. Jo no entenc com pot ser que hi hagués tantes molles per a tot en Dorre, no? I això s'entén des de l'economia de subsistència, de les cases que imperava a l'època, que	transcripcions/pa-004.txt	ASR; pendent d'audicio
discurs	no?	pa-004	2	alment forn per poder obtenir el preuatpa. Això era el que era interessant en aquell moment, no? La casa que podia tenir aquestes tres coses era una casa molt important. El conreu del cerea	transcripcions/pa-004.txt	ASR; pendent d'audicio
discurs	no?	pa-004	3	ia per tot arreu, fins i tot, fins a la cota 2.600, arribava el cereal blat, que es conreava, no? Arribant a la part de Rincal o a l'altre costat, sol deu i les bordes d'en Valira. Vull dir	transcripcions/pa-004.txt	ASR; pendent d'audicio
discurs	per tant	pa-004	1	pinzellades d'història d'en Dorre, en aquests moments de confinament que tots estem patint. Per tant, us parlaré d'una mica de les últimes molles de farina que van existir en Dorre fins a finals	transcripcions/pa-004.txt	ASR; pendent d'audicio
discurs	per tant	pa-004	2	roveï de pa a la casa, i el pa era l'aliment fonamental per a la manutenció de la família, i per tant calia... era molt important. M'ho explicava un vell molt liner, que la principal riquesa d'u	transcripcions/pa-004.txt	ASR; pendent d'audicio
discurs	per tant	pa-004	3	a virtuda de les carreteres, i el seu desús, perquè ja es podia importar farina panificable. Per tant, ja no era tan necessari cultivar el cereal i es podia dedicar als camps a altres cultius, e	transcripcions/pa-004.txt	ASR; pendent d'audicio
discurs	perquè	pa-004	1	iu, a l'està més desprotegits, eren sovint presa dels aigüats, i calia estar-hi molt a sobre perquè per no quedar-se sense Moli, encara que algunes vegades, com ja hem dit el 37, doncs va ser	transcripcions/pa-004.txt	ASR; pendent d'audicio
discurs	perquè	pa-004	2	manera la molta. Era un sistema molt més complicat del que es pot explicar en pocs minuts, perquè era molt complicat i comportàvem, de fet, comportàvem molta complexitat i precisió. El rodet	transcripcions/pa-004.txt	ASR; pendent d'audicio
discurs	perquè	pa-004	3	er assegurar un bon funcionament. També les pedres de la mola calia repicar-les molt sovint, perquè d'aquesta manera assegura una bona mòtura. Totes aquestes moles van anar desapareixent. Algu	transcripcions/pa-004.txt	ASR; pendent d'audicio
discurs	vull dir	pa-004	1	ava, no? Arribant a la part de Rincal o a l'altre costat, sol deu i les bordes d'en Valira. Vull dir que eren llocs molt elevats i es podia conrear. Aquests informants també m'explicaven amb nos	transcripcions/pa-004.txt	ASR; pendent d'audicio
territorial	Escaldes	pa-004	1	tres parròquies. Després, també consta l'existència d'una farinera, la farinera de muntanya, Escaldes en Gordany, que va ser portada en d'or a cap a l'any 1919, i que va estar en funcionament fi	transcripcions/pa-004.txt	ASR; pendent d'audicio
territorial	Ordino	pa-004	1	i com a negoci familiar que els donava ingressos. Un bon exponent és el molí de Cal Nicolau d'Ordino, que consta que va ser dels de res a deixar de funcionar tot en d'hora. També tenia serrador	transcripcions/pa-004.txt	ASR; pendent d'audicio
territorial	Sant Julià	pa-004	1	l'encreuament de Tobira, més o menys, està bé allà. I després tenim també el molí comunal de Sant Julià de Lòria, que estava situat on avui hi ha l'edifici del molí, que el Berguer el comú, i altr	transcripcions/pa-004.txt	ASR; pendent d'audicio
territorial	aiguats	pa-004	1	ser portada en d'or a cap a l'any 1919, i que va estar en funcionament fins al 1937, que els Aiguats, que ja hem dit els forts Aiguats que van haver-hi, la van malmetre i ja no va poder continua	transcripcions/pa-004.txt	ASR; pendent d'audicio
territorial	aiguats	pa-004	2	1919, i que va estar en funcionament fins al 1937, que els Aiguats, que ja hem dit els forts Aiguats que van haver-hi, la van malmetre i ja no va poder continuar a funcionar, com a farinera. E	transcripcions/pa-004.txt	ASR; pendent d'audicio
territorial	comunal	pa-004	1	avui hi ha l'encreuament de Tobira, més o menys, està bé allà. I després tenim també el molí comunal de Sant Julià de Lòria, que estava situat on avui hi ha l'edifici del molí, que el Berguer e	transcripcions/pa-004.txt	ASR; pendent d'audicio
territorial	comunal	pa-004	2	gués donar servei al poble. I els pagesos de la parròquia estaven obligats a Maldre. El molí comunal o del quart. I no podien anar a un altre lloc amb el dret. Si ho feien, havien de pagar una	transcripcions/pa-004.txt	ASR; pendent d'audicio
territorial	comú	pa-004	1	tres d'aquests molins que estem parlant. Després teníem els molins propietats del quart o del comú. En aquest cas, hi havia el molí de Tobira, en d'or de la vella, que estava situat al mig de	transcripcions/pa-004.txt	ASR; pendent d'audicio
territorial	comú	pa-004	2	e Sant Julià de Lòria, que estava situat on avui hi ha l'edifici del molí, que el Berguer el comú, i altres estaments oficials. Quart i comú llogaven moliner per tal de que pogués donar serve	transcripcions/pa-004.txt	ASR; pendent d'audicio
territorial	comú	pa-004	3	avui hi ha l'edifici del molí, que el Berguer el comú, i altres estaments oficials. Quart i comú llogaven moliner per tal de que pogués donar servei al poble. I els pagesos de la parròquia e	transcripcions/pa-004.txt	ASR; pendent d'audicio
territorial	parròquia	pa-004	1	uart i comú llogaven moliner per tal de que pogués donar servei al poble. I els pagesos de la parròquia estaven obligats a Maldre. El molí comunal o del quart. I no podien anar a un altre lloc amb	transcripcions/pa-004.txt	ASR; pendent d'audicio
territorial	parròquia	pa-004	2	amb aquests molins de tot en d'or, si podien anar. Però teníem preferència als pagesos de la parròquia. Primer hi havia de Maldre i Berells, i després els altres pagesos que vinguessin d'altres p	transcripcions/pa-004.txt	ASR; pendent d'audicio
discurs	bé	pa-005	1	va portar a fer recerca sobre aquest pilar tan important de la nostra economia. Si us sembla bé, farem un viatge en el temps, més precisament l'any 1556, any en el qual vaig trobar la prim	transcripcions/pa-005.txt	ASR; pendent d'audicio
discurs	bé	pa-005	2	'arrendament. Per exemple, al 1795, a la parroquia de Sant Julià de l'Òria, l'arrendatari va bé de donar al comú una cara de vi i pagar les despeses de pa i vi, més dos formatges pel que e	transcripcions/pa-005.txt	ASR; pendent d'audicio
discurs	bé	pa-005	3	us parlaré de la història de l'hoteleria i d'aquesta pujança que ha tingut el nostre país. I bé, ja arribem al final, espero que us hagi estat interessant, i, si teniu qualsevol dubte, em p	transcripcions/pa-005.txt	ASR; pendent d'audicio
discurs	clar	pa-005	1	de setembre, tret de canillo que en els primers temps ho feia l'odeigene. L'hostal·lè estava clar, no podia arrendar el comerç a ningú sense l'acord del comú, i s'havia de fer el càrrec de l	transcripcions/pa-005.txt	ASR; pendent d'audicio
discurs	clar	pa-005	2	o pagava l'estipulat. El comú s'havia arribat a no acceptar unes farmances si no ho veia prou clar, i si les considerava poc segures. Pel que fa el vi, el vi de l'hostal havia de ser bo i rev	transcripcions/pa-005.txt	ASR; pendent d'audicio
discurs	clar	pa-005	3	poc segures. Pel que fa el vi, el vi de l'hostal havia de ser bo i revedor, no podia ser més clar, i si l'hostalés quedava sense vi, ho podien acercar a la taverna, en cas de ser rendada sep	transcripcions/pa-005.txt	ASR; pendent d'audicio
discurs	doncs	pa-005	1	ue ja existien en els anys anteriors, però aquest va ser el primer document que vaig trobar. Doncs veu demanar què és això dels hostals comunals. Possiblement aquests van aparèixer a cada parr	transcripcions/pa-005.txt	ASR; pendent d'audicio
discurs	doncs	pa-005	2	relació de deures i reglaments que havien d'observar els llogaters. I com funcionava això? Doncs el comun han concedit manàtica amb pan a tocada, procedia a mitjançar en sovasta a l'arrendam	transcripcions/pa-005.txt	ASR; pendent d'audicio
discurs	doncs	pa-005	3	alés quedava sense vi, ho podien acercar a la taverna, en cas de ser rendada separadament. I doncs no podia fer cap profit i havia d'avisar als consellers. Havia de vendre vi pels batejos, pel	transcripcions/pa-005.txt	ASR; pendent d'audicio
discurs	llavors	pa-005	1	tat era pel comú. En canvi, si era el comú qui trobava una persona que estava cometent frau, llavors es quedava amb tot l'import de la denúncia. En temes de caritat, també la caritat tenia acabu	transcripcions/pa-005.txt	ASR; pendent d'audicio
discurs	o sigui	pa-005	1	ns, a de bon se li imposava una multa d'una canada de vi, un formatge i dues fogasses de pa, o sigui que poques bromes. També ens trobem el cas de l'hostaler, que denunciava el frau. En aquest	transcripcions/pa-005.txt	ASR; pendent d'audicio
discurs	per tant	pa-005	1	els hostals i taverns, s'interriven en gran part els delictes que es cometien a les baixes. Per tant, es manava als consols i autoritats que fessin complir les lleis i vans sobre el bon ordre de	transcripcions/pa-005.txt	ASR; pendent d'audicio
territorial	Canillo	pa-005	1	hostal s'arrendava cada any, a partir de la Diada de Sant Miquel, el 29 de setembre, tret de canillo que en els primers temps ho feia l'odeigene. L'hostal·lè estava clar, no podia arrendar el c	transcripcions/pa-005.txt	ASR; pendent d'audicio
territorial	Escaldes	pa-005	1	1664, es donava una càrrega de vi per qui anava a complir un vot a la Vèrgia de Canòlic. A Escaldes, escaldes era el Quart, doncs el 1806 teníem els arrendataris de l'hostal comunal d'Andorra,	transcripcions/pa-005.txt	ASR; pendent d'audicio
territorial	Escaldes	pa-005	2	donava una càrrega de vi per qui anava a complir un vot a la Vèrgia de Canòlic. A Escaldes, escaldes era el Quart, doncs el 1806 teníem els arrendataris de l'hostal comunal d'Andorra, que donav	transcripcions/pa-005.txt	ASR; pendent d'audicio
territorial	Escaldes	pa-005	3	al comunal d'Andorra, que donaven dues lliures de cera a l'església de Santa Coloma, i els d'escaldes ho feien per l'església de Sant Pere Màrder. Com he dit al principi, també hi havia la possib	transcripcions/pa-005.txt	ASR; pendent d'audicio
territorial	Ordino	pa-005	1	nt, per exemple, i més en aquests temps de confinament que estan vivint, a l'1.721, el comú d'ordino va madar que ningú acollís cap forester que sigués francès o qualsevol persona que vingués de	transcripcions/pa-005.txt	ASR; pendent d'audicio
territorial	Ordino	pa-005	2	ectés el pes i que entréssim vestir-se sempre sota el control del mostafà. Amb la paròquia d'Ordino, el 1709, l'arrendatari estava obligat a tenir que el diumenge, els diums i els dimarts, i	transcripcions/pa-005.txt	ASR; pendent d'audicio
territorial	Sant Julià	pa-005	1	r el càrrec de les despeses del dia de l'arrendament. Per exemple, al 1795, a la parroquia de Sant Julià de l'Òria, l'arrendatari va bé de donar al comú una cara de vi i pagar les despeses de pa i	transcripcions/pa-005.txt	ASR; pendent d'audicio
territorial	Sant Julià	pa-005	2	a de l'habitant que venia a vi, o estava fent frau amb alguna altra provició. El 1145 tenim a Sant Julià de l'Òrea l'hostaler, que va amb el Mostafa a casa d'un habitant, i en entrar trobant una sè	transcripcions/pa-005.txt	ASR; pendent d'audicio
territorial	Sant Julià	pa-005	3	rt de l'arrendament per les obres del retaulat de Sant Esteves. El 1657, els arrendatades de Sant Julià, donaven un vot de vi per als pobres, això per carnes d'oltes, i ja més endavant, si no m'eq	transcripcions/pa-005.txt	ASR; pendent d'audicio
territorial	comunal	pa-005	1	ps, més precisament l'any 1556, any en el qual vaig trobar la primera referència a un hostal comunal. Deben segur que ja existien en els anys anteriors, però aquest va ser el primer document qu	transcripcions/pa-005.txt	ASR; pendent d'audicio
territorial	comunal	pa-005	2	anòlic. A Escaldes, escaldes era el Quart, doncs el 1806 teníem els arrendataris de l'hostal comunal d'Andorra, que donaven dues lliures de cera a l'església de Santa Coloma, i els d'escaldes h	transcripcions/pa-005.txt	ASR; pendent d'audicio
territorial	comunals	pa-005	1	aquest va ser el primer document que vaig trobar. Doncs veu demanar què és això dels hostals comunals. Possiblement aquests van aparèixer a cada parròquia davant la manca d'una infraestructura o	transcripcions/pa-005.txt	ASR; pendent d'audicio
territorial	comunals	pa-005	2	ona meitat del segle XIX, principis del XX, que anem observant ja la desaparició dels hostals comunals. Al principi del segle XX ja es fa força difícil trobar rentataris en alguns hostals, i el c	transcripcions/pa-005.txt	ASR; pendent d'audicio
territorial	comuns	pa-005	1	era un país muntanyós i allat, i forçosament l'hoteleria no estava gaire desenvolupada. Els comuns concedien el dret de fer d'hostal, algunes persones interessades a exercir la professió, i s	transcripcions/pa-005.txt	ASR; pendent d'audicio
territorial	comuns	pa-005	2	els divins oficis. La veritat té és que és força interessant mirar els llibres d'actes dels comuns per la informació que podem extraure, primer de tot, sobre el pagament d'aquests arrendaments	transcripcions/pa-005.txt	ASR; pendent d'audicio
territorial	comuns	pa-005	3	, sovint, eren les dòries qui portaven el nom. Tot i que el nom que figurava els llibres dels comuns eren dels homes. I és curiós ja amb el segle XVI, el segle XVII, que trobem el nom d'aquest	transcripcions/pa-005.txt	ASR; pendent d'audicio
territorial	comú	pa-005	1	a l'odeigene. L'hostal·lè estava clar, no podia arrendar el comerç a ningú sense l'acord del comú, i s'havia de fer el càrrec de les despeses del dia de l'arrendament. Per exemple, al 1795,	transcripcions/pa-005.txt	ASR; pendent d'audicio
territorial	comú	pa-005	2	"Per exemple, al 1795, a la parroquia de Sant Julià de l'Òria, l'arrendatari va bé de donar al comú una cara de vi i pagar les despeses de pa i vi, més dos formatges pel que ells anomenaven ""a"	transcripcions/pa-005.txt	ASR; pendent d'audicio
territorial	comú	pa-005	3	. Tenint, per exemple, i més en aquests temps de confinament que estan vivint, a l'1.721, el comú d'ordino va madar que ningú acollís cap forester que sigués francès o qualsevol persona que v	transcripcions/pa-005.txt	ASR; pendent d'audicio
territorial	parròquia	pa-005	1	oncs veu demanar què és això dels hostals comunals. Possiblement aquests van aparèixer a cada parròquia davant la manca d'una infraestructura o tel·leda adequada. Andorra, us sabeu, era un país mu	transcripcions/pa-005.txt	ASR; pendent d'audicio
discurs	aleshores	pa-006	1	iu amb bastant desnivell i una certa quantitat de cabal d'aigua que passa pel mig del poble. Aleshores era molt fàcil agafar-la i aprofitar la força de l'aigua baixant per l'entrada per a parar al	transcripcions/pa-006.txt	ASR; pendent d'audicio
discurs	bé	pa-006	1	medieval, rius com la riu d'Ordonia, a França, on feien o instal·lacions al costat del riu, o bé ponts o mitjos ponts que entraven dintre del curs d'Aigua amb una, dues, tres rodes, i anirem	transcripcions/pa-006.txt	ASR; pendent d'audicio
discurs	bé	pa-006	2	ell, però en contrapartida tenen poca quantitat d'aigua i aquest tipus d'installació aprofita bé la poca quantitat que hi hagi. I finalment, el tercer tipus de roda idòlic, que podem tenir e	transcripcions/pa-006.txt	ASR; pendent d'audicio
discurs	bé	pa-006	3	posar una roda d'aquestes, perquè el valir és un mica massa plat. Un riu que té poc ni si ni bé implica que es necessitaven uns canals d'aducció de l'aigua que fossin bastant llargs per arr	transcripcions/pa-006.txt	ASR; pendent d'audicio
discurs	clar	pa-006	1	tudiadors per controlar el foc d'aigua, si hi hagués molt d'aigua o molt poc d'aigua, perquè, clar, aquí, als rius de muntanya, tenia molta variació del cavall, a la primavera, molt d'aigua,	transcripcions/pa-006.txt	ASR; pendent d'audicio
discurs	de fet	pa-006	1	lí perfectament normal. L'aventatge d'aquest sistema, per el que és un molí de plat, és que, de fet, només hi ha una sola peça al moviment. Hi ha una sola peça, un soleix vertical, que agafa di	transcripcions/pa-006.txt	ASR; pendent d'audicio
discurs	de fet	pa-006	2	m endorra, també van aprofitar un sistema molt semblant a aquest al rodó de molí horizontal. De fet, era com si fos una adaptació moderna, fent servir noves tecnologies, fent servir ferro i ace	transcripcions/pa-006.txt	ASR; pendent d'audicio
discurs	diguem	pa-006	1	davant, en temps ja pràcticament moderns, les primeres instal·lacions de producció elèctrica, diguem endorra, també van aprofitar un sistema molt semblant a aquest al rodó de molí horizontal. D	transcripcions/pa-006.txt	ASR; pendent d'audicio
discurs	doncs	pa-006	1	lins d'aquests instal·lats a sobre de barcasses ancorats al mig del curs d'aigua. I la roda, doncs, passava per sobreborda i era accionat per l'aigua que circulava. Un son tipus de roda d'aigu	transcripcions/pa-006.txt	ASR; pendent d'audicio
discurs	doncs	pa-006	2	à girar. Això seria la planta baixa de l'efici de molí. I a la planta superior, el que tenim doncs, és l'aplicació, que en aquest cas pot ser una roda de molí perfectament normal. L'aventatge	transcripcions/pa-006.txt	ASR; pendent d'audicio
discurs	doncs	pa-006	3	de FEDA, un petit aparell amb unes aletes, que simplement amb la força de l'aigua girava, i doncs feia girar al alternador, o sigui, al generador elèctric. També, amb una escala del tot difer	transcripcions/pa-006.txt	ASR; pendent d'audicio
discurs	evidentment	pa-006	1	ua i fa girar després el mecanisme que vulguem. Aquest tipus d'orota d'aigua es feia servir, evidentment, amb rius amb una gran quantitat d'aigua. Hi havia rius al últim en plans, en poc desnivell,	transcripcions/pa-006.txt	ASR; pendent d'audicio
discurs	evidentment	pa-006	2	o. Això seria per aplicacions més o menys pseudoindustrials. Pel que fa a la moto del Blatt, evidentment, durant gran part de l'edat mitjana, no es hi havia errors verticals i s'havia de fer servir	transcripcions/pa-006.txt	ASR; pendent d'audicio
discurs	llavors	pa-006	1	r i recollir l'aigua amb una presa, uns metres més amunt del edifici del Moli prop vendit, i llavors amb una canalització la portarem i deixarem caure per damunt l'aigua, i llavors per l'efecte	transcripcions/pa-006.txt	ASR; pendent d'audicio
discurs	llavors	pa-006	2	op vendit, i llavors amb una canalització la portarem i deixarem caure per damunt l'aigua, i llavors per l'efecte de la gravetat sobre la roda, sobre el diàmetre de la roda, la farà girar. Aques	transcripcions/pa-006.txt	ASR; pendent d'audicio
discurs	llavors	pa-006	3	martell, del mall, si volem. La roda d'aigua apreta a la cua del mall i fa aixecar el cap, i llavors, quan aquesta viala torna a marxar, el cap de la mà, simplement per gravatat, cau i pica sobr	transcripcions/pa-006.txt	ASR; pendent d'audicio
discurs	o sigui	pa-006	1	Hi havia rius al últim en plans, en poc desnivell, però sí amb una certa quantitat d'aigua. O sigui, rius de la plana. No els rius que tenim per aquí nosaltres. Surtig i gata. Per exemple, teni	transcripcions/pa-006.txt	ASR; pendent d'audicio
discurs	o sigui	pa-006	2	n s'instal·laven i què es feia? S'instal·laven sobretot amb rius que tenia a un cert nivell. O sigui, aquí a les paraules baixes, a Sant Julià, en d'or la vella, a Escaldes, en realitat era un m	transcripcions/pa-006.txt	ASR; pendent d'audicio
discurs	o sigui	pa-006	3	unes aletes, que simplement amb la força de l'aigua girava, i doncs feia girar al alternador, o sigui, al generador elèctric. També, amb una escala del tot diferent, és el mateix sistema que es	transcripcions/pa-006.txt	ASR; pendent d'audicio
discurs	perquè	pa-006	1	rtical que està situat just per sobre del curs d'Aigua. I us aprofita la velocitat de l'Aigua perquè les aletes que té tota la voltant de la rota, que no ho veuen aquí a l'imatge, aquestes alete	transcripcions/pa-006.txt	ASR; pendent d'audicio
discurs	perquè	pa-006	2	que necessita bastant menys quantitat de caval, però sí que necessita una mica de desnivell, perquè ara el que farem és agafar i recollir l'aigua amb una presa, uns metres més amunt del edifici	transcripcions/pa-006.txt	ASR; pendent d'audicio
discurs	perquè	pa-006	3	roda, la farà girar. Aquest tipus de Moli sí que és molt més típic de les zones de muntanya, perquè els rius sí que tenen desnivell, però en contrapartida tenen poca quantitat d'aigua i aquest	transcripcions/pa-006.txt	ASR; pendent d'audicio
territorial	Escaldes	pa-006	1	ci de la Mola, Sant Julià, que tenim una baixada del Molí endurre, que tenim penada de moles, escaldes, tota una sèrie de topònims que ja ens informen sobre la existència de Molins. I també els c	transcripcions/pa-006.txt	ASR; pendent d'audicio
territorial	Escaldes	pa-006	2	enia a un cert nivell. O sigui, aquí a les paraules baixes, a Sant Julià, en d'or la vella, a Escaldes, en realitat era un mica compromès de posar una roda d'aquestes, perquè el valir és un mica	transcripcions/pa-006.txt	ASR; pendent d'audicio
territorial	Ordino	pa-006	1	aprofitar per fer la instal·lació. Amb broques més altes, a la maçana, tot el llarg del riu d'ordino, a Canirio, fins i tot més amunt, arran sol, i el riu ja, per si mateix, ja té molt més desn	transcripcions/pa-006.txt	ASR; pendent d'audicio
territorial	Sant Julià	pa-006	1	es que tenim un edifici de l'Institut de Textures Endurants, que es diu l'edifici de la Mola, Sant Julià, que tenim una baixada del Molí endurre, que tenim penada de moles, escaldes, tota una sèrie	transcripcions/pa-006.txt	ASR; pendent d'audicio
territorial	Sant Julià	pa-006	2	al·laven sobretot amb rius que tenia a un cert nivell. O sigui, aquí a les paraules baixes, a Sant Julià, en d'or la vella, a Escaldes, en realitat era un mica compromès de posar una roda d'aquestes	transcripcions/pa-006.txt	ASR; pendent d'audicio
territorial	Sant Julià	pa-006	3	hi havia un camí de baile, on, per exemple, es passava de la baile d'en d'hora a la baile de Sant Julià a la baile de la maçana, a la baile d'en d'hora. Llocs on sí que hi havia una mica de desniv	transcripcions/pa-006.txt	ASR; pendent d'audicio
discurs	a veure	pa-007	1	a pas una microconferència, sinó d'aquells que porten el nom d'algun personatge que he tingut a veure amb la història del nostre país i que vaig publicar a un dels meus llibres que tinc per aquí	transcripcions/pa-007.txt	ASR; pendent d'audicio
discurs	bueno	pa-007	1	ada de la Berge de Canòlic. Tant, tant, tant, tant, debots els l'Euredians d'aquesta manera. Bueno, i la resta dels andorrans. Precisament d'aquest mossèn, de mossèn francès Palau Moliner, és	transcripcions/pa-007.txt	ASR; pendent d'audicio
discurs	bé	pa-007	1	uria de ser un deure. Avui us parlaré d'odonimia. Què serà això, no? Què serà això? Doncs si bé no és una paraula que estigui o apareixi molt a la nostra llengua nacional, prové del grec o	transcripcions/pa-007.txt	ASR; pendent d'audicio
discurs	clar	pa-007	1	ats a fer un reconeixement d'alguna manera més oficial des de les institucions públiques. És clar que els polítics, pel nombre de carrers dedicats, no ha estat mai la primera opció a l'hora d	transcripcions/pa-007.txt	ASR; pendent d'audicio
discurs	diguem	pa-007	1	quan va tornar a associar-se la qüestió d'Andorra per a la base del vestirà per la frontera, diguem que es va generar un debat força encès a les Corses Espanyoles. I aquí, Carbajal Hue, va defe	transcripcions/pa-007.txt	ASR; pendent d'audicio
discurs	doncs	pa-007	1	anera, hauria de ser un deure. Avui us parlaré d'odonimia. Què serà això, no? Què serà això? Doncs si bé no és una paraula que estigui o apareixi molt a la nostra llengua nacional, prové del g	transcripcions/pa-007.txt	ASR; pendent d'audicio
discurs	doncs	pa-007	2	tra llengua nacional, prové del grec o dos, que vol dir camí, i o nom, que vol dir nom. Així doncs ho podríem traduir com a nom de camí o nom de via pública. Però no us parlaré de totes les vi	transcripcions/pa-007.txt	ASR; pendent d'audicio
discurs	doncs	pa-007	3	església catòlica i que donen nom, atenció, a més d'una 6 antena de carrers del nostre país. Doncs com us he dit abans, molts es repeteixen a uns diferents parròquies. I més del 50% del nostre	transcripcions/pa-007.txt	ASR; pendent d'audicio
discurs	evidentment	pa-007	1	ent, és que avinguda Miquel Mateu, l'any 2010, van passar a anomenar-se per motius polítics, evidentment, però potser també, per una mica de pixada fora de test, ha vinguda Pont de la Tosca. Esper	transcripcions/pa-007.txt	ASR; pendent d'audicio
discurs	llavors	pa-007	1	ar-nos, per la seva amistat en Franco, d'un bombardeig a la central hidroelèctrica de Fassa. Llavors això, lògicament, li va mereixer un nom al carrer Nacional. I Escalde és la que és avui, a vi	transcripcions/pa-007.txt	ASR; pendent d'audicio
discurs	no?	pa-007	1	rò també, en certa manera, hauria de ser un deure. Avui us parlaré d'odonimia. Què serà això, no? Què serà això? Doncs si bé no és una paraula que estigui o apareixi molt a la nostra llengua	transcripcions/pa-007.txt	ASR; pendent d'audicio
discurs	no?	pa-007	2	r Molines, francès Xavier Maestre de Llerès, amb una altra carrera a la capital, ja diu molt, no? Atenció, recordem-nos, doctor Nequi no, doctor Nequi, que era l'Esteve Nequi i Marquilló, l'	transcripcions/pa-007.txt	ASR; pendent d'audicio
discurs	no?	pa-007	3	rimer alcaldé franquista de Barcelona, Miquel Mateu. Els Mateus dels Ferros, com es coneixia, no? S'explica que tingués un carrer, un primer alcaldé franquista, perquè fa un conseller delega	transcripcions/pa-007.txt	ASR; pendent d'audicio
discurs	perquè	pa-007	1	per aquí i ara us ensenyo. Aquest llibre. Qui és qui? Els carrers d'endorra. No sé si es veu perquè em penso que surt com si fos un mirall, però aquest és el llibre que parla d'això. Aquell lli	transcripcions/pa-007.txt	ASR; pendent d'audicio
discurs	perquè	pa-007	2	Com tant consuls, majors i menors, consellers generals, síndics i molts d'ells batejant noms, perquè també van sedir terrenys i es van veure obligats a fer un reconeixement d'alguna manera més	transcripcions/pa-007.txt	ASR; pendent d'audicio
discurs	perquè	pa-007	3	uriositats, que us podria dir, doncs que el carrer del doctor Nequi, que és Nequi i no Nequi, perquè fa referència a Esteve Nequi i Marquilló, l'Areu de Casa Mochilla, i cunyat del doctor Moline	transcripcions/pa-007.txt	ASR; pendent d'audicio
discurs	és a dir	pa-007	1	"e encara diuen Miquel Mateu. I és d'ajustos ser reconegut. D'això se'n diu ""redenominació"". És a dir, canviar el nom de carrer, que de frontera del riu no hi ha avall, és la cosa més natural i"	transcripcions/pa-007.txt	ASR; pendent d'audicio
discurs	és a dir	pa-007	2	el nostre país, la de tota la història, hem tingut en tota la història tres redenominacions. És a dir, dos noms de carrer que eren un lloc, i van passar a ser una persona, i van passar a ser un	transcripcions/pa-007.txt	ASR; pendent d'audicio
territorial	Canillo	pa-007	1	amb 7 carrers dedicats. Seguida de la Massana, en Camp, Escaldes, en Gordany, endora la vella Canillo i la darrera Sant Julià, que només s'entindria un. No sé jo si són els menys sants del país,	transcripcions/pa-007.txt	ASR; pendent d'audicio
territorial	Canillo	pa-007	2	r nacional. Els sants més estimats del país serien Sant Antoni, que té carrers a l'Aldosa de Canillo, a la Massana i Escaldes, en Gordany. Un sant del segle III, que, com coneixeu, diuen les mal	transcripcions/pa-007.txt	ASR; pendent d'audicio
territorial	Canillo	pa-007	3	rancès, un ministre espanyol, i com no, un emperador, el nostre pare Carlemany, amb una plaça canillo i una vinguda a Escalde Saint-Gordon. Sí, sí, que per molt que es digui ara vivant, sempre se	transcripcions/pa-007.txt	ASR; pendent d'audicio
territorial	Escaldes	pa-007	1	nts, si ho podem dir així, és ordino, amb 7 carrers dedicats. Seguida de la Massana, en Camp, Escaldes, en Gordany, endora la vella Canillo i la darrera Sant Julià, que només s'entindria un. No s	transcripcions/pa-007.txt	ASR; pendent d'audicio
territorial	Escaldes	pa-007	2	és estimats del país serien Sant Antoni, que té carrers a l'Aldosa de Canillo, a la Massana i Escaldes, en Gordany. Un sant del segle III, que, com coneixeu, diuen les males llengües, que va mori	transcripcions/pa-007.txt	ASR; pendent d'audicio
territorial	Escaldes	pa-007	3	ça de vida no era pas aquesta. L'altra és Sant Romà, amb carrers dedicats a les bons, herds i Escaldes en Gordany. Sant Pere, Sant Joan, Sant Jordi i Sant Roc també apareixen amb més d'un carrer	transcripcions/pa-007.txt	ASR; pendent d'audicio
territorial	Massana	pa-007	1	amb més carrers sants, si ho podem dir així, és ordino, amb 7 carrers dedicats. Seguida de la Massana, en Camp, Escaldes, en Gordany, endora la vella Canillo i la darrera Sant Julià, que només s'	transcripcions/pa-007.txt	ASR; pendent d'audicio
territorial	Massana	pa-007	2	ls sants més estimats del país serien Sant Antoni, que té carrers a l'Aldosa de Canillo, a la Massana i Escaldes, en Gordany. Un sant del segle III, que, com coneixeu, diuen les males llengües,	transcripcions/pa-007.txt	ASR; pendent d'audicio
territorial	Ordino	pa-007	1	carrer està dedicat a l'església. La paròpia amb més carrers sants, si ho podem dir així, és ordino, amb 7 carrers dedicats. Seguida de la Massana, en Camp, Escaldes, en Gordany, endora la vell	transcripcions/pa-007.txt	ASR; pendent d'audicio
territorial	Sant Julià	pa-007	1	. Seguida de la Massana, en Camp, Escaldes, en Gordany, endora la vella Canillo i la darrera Sant Julià, que només s'entindria un. No sé jo si són els menys sants del país, els laurelians. Li preg	transcripcions/pa-007.txt	ASR; pendent d'audicio
territorial	Sant Julià	pa-007	2	e la capital, i que, a més a més, eren cunyats. Quan parlem del doctor Palau, per exemple, de Sant Julià, no és un doctor amb medicina, sinó en teologia, perquè era un capellà nascut a l'Euredia, m	transcripcions/pa-007.txt	ASR; pendent d'audicio
territorial	Sant Julià	pa-007	3	ra un capellà nascut a l'Euredia, mossèn francès Palau Moliner, que, com a fill predilecte de Sant Julià de l'Àrea, el comú l'Euredia li va dedicar un carrer l'any 1923, precisament l'any que es co	transcripcions/pa-007.txt	ASR; pendent d'audicio
territorial	andorrana	pa-007	1	et, que no era l'autor de l'Ibna Andorra, sinó de la marxa del consell i l'Ibna a la bandera Andorrana, amb lletra de Joan Doró. El que era autor del nostre Ibna, fa un mossèn Enric Marfany Bons,	transcripcions/pa-007.txt	ASR; pendent d'audicio
territorial	comú	pa-007	1	uredia, mossèn francès Palau Moliner, que, com a fill predilecte de Sant Julià de l'Àrea, el comú l'Euredia li va dedicar un carrer l'any 1923, precisament l'any que es commemorava el 700 ani	transcripcions/pa-007.txt	ASR; pendent d'audicio
territorial	copríncep	pa-007	1	a la vinguda de la creu blanca d'escaldes, que va passar a anomenar-se l'any 1967, a vinguda copríncep de gol, un anomenatge al nostre copríncep francès. I també, la que hem parlat darrerament,	transcripcions/pa-007.txt	ASR; pendent d'audicio
territorial	copríncep	pa-007	2	que va passar a anomenar-se l'any 1967, a vinguda copríncep de gol, un anomenatge al nostre copríncep francès. I també, la que hem parlat darrerament, és que avinguda Miquel Mateu, l'any 2010,	transcripcions/pa-007.txt	ASR; pendent d'audicio
discurs	a veure	pa-008	1	pal i que després, quan arriba a la nit, se'n senen i es gira a voltant. Tot això no té res a veure amb el que tres anys abans, Rafael Miranda havia introduït la nit de Sant Joan en la festivit	transcripcions/pa-008.txt	ASR; pendent d'audicio
discurs	a veure	pa-008	2	unt on feien el ball, que es diu encara, ara és d'ara, Fallares d'Andorra. Això no tenia res a veure amb la tradició del país de les falles. Fidel Solsona quedava absolutament captivat de la con	transcripcions/pa-008.txt	ASR; pendent d'audicio
discurs	aleshores	pa-008	1	de fer escaldes, ni escaldes s'havia de fer Sant Julià ni Sant Julià s'havia de fer en camp. Aleshores va propiciar aquest retrobament, es va constituir el que en diem, una taula nacional, falles	transcripcions/pa-008.txt	ASR; pendent d'audicio
discurs	bueno	pa-008	1	rquè recordem que els Fallaires en aquells anys, estem parlant dels anys 90, anys 80, doncs, bueno, eren considerats com uns aixelabrats, que l'únic que els agradava era el foc i fer festa. L	transcripcions/pa-008.txt	ASR; pendent d'audicio
discurs	bé	pa-008	1	e fem als fallaires és la seva escorsa, pelar-la, enfilar-la en un pal, i a seguir de boix o bé amb una branca del mateix ves, i elaborar el que endiem, la falla tradicional. És aquest. A	transcripcions/pa-008.txt	ASR; pendent d'audicio
discurs	bé	pa-008	2	stes, també les Falles d'Andorre. I com ho descrivia Armet? Doncs d'aquesta manera. Escolteu bé. En les valls d'Andorra, en les seves places i en els costants dels seus poblets, davant de	transcripcions/pa-008.txt	ASR; pendent d'audicio
discurs	bé	pa-008	3	anual que es fan al llarg de punta a punta del Pirineu. I, òbviament, passa per Andorra. Ara bé, Biolani Simorra no ens aporta cap novetat respecte al que ja ens deia el Comte de Carlet. D	transcripcions/pa-008.txt	ASR; pendent d'audicio
discurs	clar	pa-008	1	passar a la falla de pepe. Una altra evolució que es va produir va ser per exemple la capa. Clar, hem de pensar que els Fallares que 87 van començar a tornar a cremar en l'espai públic no co	transcripcions/pa-008.txt	ASR; pendent d'audicio
discurs	de fet	pa-008	1	orsa, portava reina, podia cremar algun vianant, una persona del públic, embrotava el terra, de fet va haver-hi algun incident cremant algun tendal, i les autoritats els van dir amb els Fallare	transcripcions/pa-008.txt	ASR; pendent d'audicio
discurs	diguem	pa-008	1	é, Biolani Simorra no ens aporta cap novetat respecte al que ja ens deia el Comte de Carlet. Diguem que pràcticament la definició de les Falles d'Andorra és absolutament calcada a la de Salvado	transcripcions/pa-008.txt	ASR; pendent d'audicio
discurs	doncs	pa-008	1	"tinc un abre. Aquest abre es diu ""bes"", i és l'abra fallaire per excel·lència. I per què? Doncs perquè el que fem als fallaires és la seva escorsa, pelar-la, enfilar-la en un pal, i a segu"	transcripcions/pa-008.txt	ASR; pendent d'audicio
discurs	doncs	pa-008	2	, mentre tant, però mireu com encara cremem la falla tradicional i que la feia està pujada. Doncs veia i som, en el meu despatx, enlloc quan m'hi passo unes quantes hores al dia, i aquests d	transcripcions/pa-008.txt	ASR; pendent d'audicio
discurs	doncs	pa-008	3	s o primer document que trobem en què parlen de la Cremada de Falles i dels Valls en Dorre? Doncs mireu, va ser un folclorista català, que es deia Salvador Armet, més conegut com a compte de	transcripcions/pa-008.txt	ASR; pendent d'audicio
discurs	no?	pa-008	1	res. És així com sorgeix també la recerca de l'argolla de Fontargent, basada en la llegenda, no? I qui troba aquell clau en l'argolla, que és aquest clau d'aquí, doncs és investit a Fallair	transcripcions/pa-008.txt	ASR; pendent d'audicio
discurs	no?	pa-008	2	ón una altra cosa que els nens, com que no se'ls deixa cremar, quina cosa més inversamblant, no?, a principis del segle XX, i abans, qui cremava falles era la mainada, i ara no podien crem	transcripcions/pa-008.txt	ASR; pendent d'audicio
discurs	no?	pa-008	3	important perquè, d'aquesta manera, el que aconseguia era preservar la festa, o fer planter, no?, és a dir, quan els més grans ens empleguen, que anessin empanyent per sota. Què més passa a	transcripcions/pa-008.txt	ASR; pendent d'audicio
discurs	per tant	pa-008	1	é altra significat que aquest del desig que va naturalesa ja ens doni els seus fruits, i que per tant en puguem disfrutar després de l'època de l'hivern i l'època de la primavera. Amades i ens i	transcripcions/pa-008.txt	ASR; pendent d'audicio
discurs	per tant	pa-008	2	dueix aquesta nova societat més avocada al servei i al turisme, es deixa al sector terciari, per tant hi ha un nou ordre socioeconòmic en el país. Aquest nou ordre socioeconòmic, que també va rel	transcripcions/pa-008.txt	ASR; pendent d'audicio
discurs	per tant	pa-008	3	"es que consoliden, precisament, la cremada de falles. És molt complicat explicar-les totes, per tant, envasarem alguns punts i alguns anys molt concrets. El 2005, el 2005 es crea el que es diu """	transcripcions/pa-008.txt	ASR; pendent d'audicio
discurs	perquè	pa-008	1	"un abre. Aquest abre es diu ""bes"", i és l'abra fallaire per excel·lència. I per què? Doncs perquè el que fem als fallaires és la seva escorsa, pelar-la, enfilar-la en un pal, i a seguir de b"	transcripcions/pa-008.txt	ASR; pendent d'audicio
discurs	perquè	pa-008	2	lta amb molta normalitat. Aquesta és la falla tradicional, que anem amb comptades ocasions, perquè avui en dia la nostra falla, l'element essencial de la festa, s'ha fet que ha de paper, emb	transcripcions/pa-008.txt	ASR; pendent d'audicio
discurs	perquè	pa-008	3	, s'ha fet que ha de paper, embolicada en una malla de galliner, i enfilada en una cadena. Perquè aquest canvi de falla tradicional, a una falla de paper de pastatapí, us ho explicaré despré	transcripcions/pa-008.txt	ASR; pendent d'audicio
discurs	és a dir	pa-008	1	tant perquè, d'aquesta manera, el que aconseguia era preservar la festa, o fer planter, no?, és a dir, quan els més grans ens empleguen, que anessin empanyent per sota. Què més passa al 2010? E	transcripcions/pa-008.txt	ASR; pendent d'audicio
discurs	és a dir	pa-008	2	ixen els fallaïres dels Pallars, de l'Aran, de la Riva Borsa, de l'Aragonesa, dels Occitans. És a dir, que es coneix la tradició més enllà de les nostres fronteres, es coneix com creen en falles	transcripcions/pa-008.txt	ASR; pendent d'audicio
territorial	Escaldes	pa-008	1	a cremant hores d'ara, malgrat que hagi tingut alguns els i baixos. I el 2000, s'incorpora a Escaldes en Gordon. La gent d'Escaldes cremava dins del col·lectiu d'Andorra Vella, fins que van cons	transcripcions/pa-008.txt	ASR; pendent d'audicio
territorial	Escaldes	pa-008	2	que hagi tingut alguns els i baixos. I el 2000, s'incorpora a Escaldes en Gordon. La gent d'Escaldes cremava dins del col·lectiu d'Andorra Vella, fins que van considerar que eren un grup prou mo	transcripcions/pa-008.txt	ASR; pendent d'audicio
territorial	Escaldes	pa-008	3	, cadascunava la seva, cadascú es muntava a la festa. I en d'Orra la vella no s'havia de fer escaldes, ni escaldes s'havia de fer Sant Julià ni Sant Julià s'havia de fer en camp. Aleshores va pr	transcripcions/pa-008.txt	ASR; pendent d'audicio
territorial	Ordino	pa-008	1	s d'aquells anys, fins ara fa ben poc, fins al 2018, en què sorgeix el col·lectiu Fallaire d'ordino, doncs eren quatre, i fins que s'incorpora ordino, que són cinc, i són cinc els col·lectius	transcripcions/pa-008.txt	ASR; pendent d'audicio
territorial	Ordino	pa-008	2	8, en què sorgeix el col·lectiu Fallaire d'ordino, doncs eren quatre, i fins que s'incorpora ordino, que són cinc, i són cinc els col·lectius que cremen en aquests moments a les valls d'Andorr	transcripcions/pa-008.txt	ASR; pendent d'audicio
territorial	Ordino	pa-008	3	ts de forma conjunta, també va propiciar que surgís aquest nou col·lectiu que us deia abans d'Ordino. Ja ho veieu doncs, una història realment, com us deia, de supervivència i reivindicació en	transcripcions/pa-008.txt	ASR; pendent d'audicio
territorial	Sant Julià	pa-008	1	però no acaben de callar. Quan realment collen en les parròquies és a partir del 97. El 97, Sant Julià de l'Òrea, té per primera vegada el seu col·lectiu Fallaire, i encara crema ara. El 98 és e	transcripcions/pa-008.txt	ASR; pendent d'audicio
territorial	Sant Julià	pa-008	2	tava a la festa. I en d'Orra la vella no s'havia de fer escaldes, ni escaldes s'havia de fer Sant Julià ni Sant Julià s'havia de fer en camp. Aleshores va propiciar aquest retrobament, es va const	transcripcions/pa-008.txt	ASR; pendent d'audicio
territorial	Sant Julià	pa-008	3	a. I en d'Orra la vella no s'havia de fer escaldes, ni escaldes s'havia de fer Sant Julià ni Sant Julià s'havia de fer en camp. Aleshores va propiciar aquest retrobament, es va constituir el que e	transcripcions/pa-008.txt	ASR; pendent d'audicio
territorial	comú	pa-008	1	ell any hi ha un fet molt significatiu. En Pere Cantorri Montany era conseller de Cultura del Comú d'Andorra la Vella, en una conversa informal amb Fidel Solsona, que portava el col·lectiu d'	transcripcions/pa-008.txt	ASR; pendent d'audicio
territorial	comú	pa-008	2	ella, en una conversa informal amb Fidel Solsona, que portava el col·lectiu d'activitats del Comú d'Andorra la Vella, que estava situat a l'antiga plaça del poble, a sota, la plaça del poble	transcripcions/pa-008.txt	ASR; pendent d'audicio
territorial	parròquia	pa-008	1	ns que van considerar que eren un grup prou mongros, per fer la seva pròpia cremada a la seva parròquia. I així va ser com, des d'aquells anys, fins ara fa ben poc, fins al 2018, en què sorgeix e	transcripcions/pa-008.txt	ASR; pendent d'audicio
discurs	bé	pa-009	1	"delicioses, són les campanes que estan profundament decorades, i són campanes que sonen molt bé. El mestre marcellers ""Joan Boyer"" tindria que estar a la Champions dels mestres fonadors de"	transcripcions/pa-009.txt	ASR; pendent d'audicio
discurs	bé	pa-009	2	dalt de la torre en el perill que això comportava, i el mossèn, des de peu de la torre, anava bé neint i anava pregant, anava pregant adeu que la tempesta cal més. Per què? Perquè vivien de	transcripcions/pa-009.txt	ASR; pendent d'audicio
discurs	clar	pa-009	1	rveis i ràpidament escorria la veu entre tots els habitants del poble i de pobles veïns, està clar, que hi havia el mestre campanè, el poble. Si era necessari tenir una campana nova, s'ajuntav	transcripcions/pa-009.txt	ASR; pendent d'audicio
discurs	diguem	pa-009	1	normalment, són una aliació del 78% de coure i un 22% d'estall. Que seria l'aliació perfecta, diguem-ne, per tenir una bona sonoritat. Les campanes, si agafem qualsevol diccionari, ens diran que	transcripcions/pa-009.txt	ASR; pendent d'audicio
discurs	doncs	pa-009	1	ima que els hi donen, la fusta, la terra, l'aigua, el fem inclús del lloc on són preparades. Doncs com podeu veure amb aquest esquema que tenim aquí al costat, tenim les parts de la campana. L	transcripcions/pa-009.txt	ASR; pendent d'audicio
discurs	doncs	pa-009	2	nta la campana i el jou és la que aguanta la campana a la seva estructura del campana també. Doncs, pensant, hi ha la campana, a la part de dalt de tot, del cap de la campana, serien, diu, la	transcripcions/pa-009.txt	ASR; pendent d'audicio
discurs	doncs	pa-009	3	tre que les campanes religioses són les que es fan servir per usos exclusivament religiosos. Doncs aquí en Dorre, les campanes religioses compleixen amb aquests dos usos, l'ús civil, que seria	transcripcions/pa-009.txt	ASR; pendent d'audicio
discurs	evidentment	pa-009	1	Ús, que són les tres batallades correspondents, i a la nit, al tercer fosc, l'hora depenia, evidentment, si era l'estiu o era l'hivern, tant cabell dia amb les tres batallades, és que indicàvem qu	transcripcions/pa-009.txt	ASR; pendent d'audicio
discurs	llavors	pa-009	1	amb una sala de consell de comú i les de casa de la baix, les de la seu del consell General. Llavors, la campana de la seu del consell General és de 1856 i és per acudida, avui en dia encara, el	transcripcions/pa-009.txt	ASR; pendent d'audicio
discurs	o sigui	pa-009	1	panes religioses, hi ha una estructura exterior anècsa, però dintre la mateixa campana també, o sigui, a la vora, la estructura normalment esmetàlica, hi haurien les campanes civils, que les cam	transcripcions/pa-009.txt	ASR; pendent d'audicio
discurs	o sigui	pa-009	2	el moment de la consagració. Quan el mossèn consagra i converteix el cos i la sang de Crist, o sigui el pa i el vi, el cos i la sang de Crist, feien sonar aquella campana per tant anuncia tot el	transcripcions/pa-009.txt	ASR; pendent d'audicio
discurs	per tant	pa-009	1	sang de Crist, o sigui el pa i el vi, el cos i la sang de Crist, feien sonar aquella campana per tant anuncia tot el poble que en aquell mateix moment estava consagrant el mossèn. Per tant, tots	transcripcions/pa-009.txt	ASR; pendent d'audicio
discurs	per tant	pa-009	2	mpana per tant anuncia tot el poble que en aquell mateix moment estava consagrant el mossèn. Per tant, tots els habitants que estiguéssim a casa o estiguéssim al camp, paraven i recollien i feien	transcripcions/pa-009.txt	ASR; pendent d'audicio
discurs	per tant	pa-009	3	concedides. Recordem que la campana es l'aveu de 10, i l'església les considera com a tal. Per tant, si era per 10, havia de ser bo. Doncs les campanes de 1860 cap aquí serien ja campanes de fu	transcripcions/pa-009.txt	ASR; pendent d'audicio
discurs	perquè	pa-009	1	ca que van fer a l'any 1300. És una petita joia que hem de conservar i que hem de preservar, perquè no hi ha exemplars com aquest i més, també ens conservats, com el que us parlo ara. Doncs, co	transcripcions/pa-009.txt	ASR; pendent d'audicio
discurs	perquè	pa-009	2	és amb aquesta diapositiva que esteu veient ara mateix. Malauradament no hem pogut descriure, perquè pel desgast no hem pogut descriure qui la va fondre. Aquesta campana que esteu veient ara és	transcripcions/pa-009.txt	ASR; pendent d'audicio
discurs	perquè	pa-009	3	torre, anava bé neint i anava pregant, anava pregant adeu que la tempesta cal més. Per què? Perquè vivien de la collita. I melauradament sigui una calamarça, una pegregada, la collita molt des	transcripcions/pa-009.txt	ASR; pendent d'audicio
territorial	Canillo	pa-009	1	és de 1856 i és per acudida, avui en dia encara, el conseller de més edat de la parròquia de Canillo, cada vegada que es vol iniciar una sessió de consell de comú. Les altres campanes que tenim	transcripcions/pa-009.txt	ASR; pendent d'audicio
territorial	Canillo	pa-009	2	"nt ara és la campana més antiga datada de tot Andorra. És a la parròquia del de Sant Cerni de Canillo i data de 1486. La va fondre un fonedor que es deia ""Gascoy"", que diu ""Gascoy methecit"", i l"	transcripcions/pa-009.txt	ASR; pendent d'audicio
territorial	Ordino	pa-009	1	"anes boniques, campanes profundament decorades, i aquesta que us presento ara és la campana d'Ordino, una d'elles, i està dedicada a Sant Cornel i a Sant Ciprià. Diu ""Santi Cornel i a Ciprià ni"	transcripcions/pa-009.txt	ASR; pendent d'audicio
territorial	Ordino	pa-009	2	"sglésia perroquial també estava la campana nominada ""Bárbara"", tal com podem veure, aquesta d'ordino, que és del segle XVII, també, és del 1620, que la campana barbara era la que s'utilitzava p"	transcripcions/pa-009.txt	ASR; pendent d'audicio
territorial	Sant Julià	pa-009	1	al segle XX i XXI. Les campanes d'aquesta època, com per exemple aquesta que estem veient de Sant Julià de l'Òrea, de la parroquial de Sant Julià i Sant Germà, són campanes que són funcionals. Són	transcripcions/pa-009.txt	ASR; pendent d'audicio
territorial	Sant Julià	pa-009	2	època, com per exemple aquesta que estem veient de Sant Julià de l'Òrea, de la parroquial de Sant Julià i Sant Germà, són campanes que són funcionals. Són campanes que no estan tan decorades, tan	transcripcions/pa-009.txt	ASR; pendent d'audicio
territorial	Sant Julià	pa-009	3	rra. Però avui en dia en tenim d'altres. Tenim, per exemple, a Gordino, Andorra la vella, a Sant Julià de l'Orià, a Arimsal, tenim el toc a la Valenciana. El toc a la Valenciana consisteix a infer	transcripcions/pa-009.txt	ASR; pendent d'audicio
territorial	comú	pa-009	1	(música) Bon dia! Em dic Robert Lizarte i soc el coordinador de museus i tradicions del Comú d'Encamp. També ben cuidat del Museu Casa Cristo i també soc campanè. Avui us voldria parlar	transcripcions/pa-009.txt	ASR; pendent d'audicio
territorial	comú	pa-009	2	tipus civils. De tipus civils a casa nostra, només en tenim alguna amb una sala de consell de comú i les de casa de la baix, les de la seu del consell General. Llavors, la campana de la seu d	transcripcions/pa-009.txt	ASR; pendent d'audicio
territorial	comú	pa-009	3	més edat de la parròquia de Canillo, cada vegada que es vol iniciar una sessió de consell de comú. Les altres campanes que tenim són du religiós. A diferència de la d'Espanya, de França i d'	transcripcions/pa-009.txt	ASR; pendent d'audicio
territorial	padrí	pa-009	1	les va pagar, qui era el mossèn, qui era el sagristà, qui era el desvegat d'esquena, el seu padrí, perquè les campanes es matejaven amb una cerimònia molt bonica, les matejaven el mateix, i	transcripcions/pa-009.txt	ASR; pendent d'audicio
territorial	parròquia	pa-009	1	nsell General és de 1856 i és per acudida, avui en dia encara, el conseller de més edat de la parròquia de Canillo, cada vegada que es vol iniciar una sessió de consell de comú. Les altres campane	transcripcions/pa-009.txt	ASR; pendent d'audicio
territorial	parròquia	pa-009	2	es campanes del segle XIV, com aquesta que us presento del campana de Sant Romà de Vila, a la parròquia d'Encant. És una campana que ja no té tanta forma sinuosa, és una forma que recorda més a le	transcripcions/pa-009.txt	ASR; pendent d'audicio
territorial	parròquia	pa-009	3	"Aquesta campana que esteu veient ara és la campana més antiga datada de tot Andorra. És a la parròquia del de Sant Cerni de Canillo i data de 1486. La va fondre un fonedor que es deia ""Gascoy"", qu"	transcripcions/pa-009.txt	ASR; pendent d'audicio
territorial	santuari	pa-009	1	ics exemplars del segle XIII i XIV. Sent aquests, els més antics, les dues campanes del antic santuari de Melitxei, una de les campanes de Prats i la joia de la corona la tindríem a l'església de	transcripcions/pa-009.txt	ASR; pendent d'audicio
discurs	bé	pa-010	1	Universitat en Dorre amb un tema de recerca que relaciona tucomímia a risc geològics. I doncs bé, avui, com a col·laboració dins d'aquest cicle de caps a les històries en temps de confinamen	transcripcions/pa-010.txt	ASR; pendent d'audicio
discurs	bé	pa-010	2	orra romànica, d'endorra rascònica, de l'any 2015, o de la Solana d'endorra de l'any 2011. O bé, treballs, també, com l'Albert Cujal, de l'any 2014, història dels noms de casa endorrans, en	transcripcions/pa-010.txt	ASR; pendent d'audicio
discurs	bé	pa-010	3	i de l'abuna característica perquè és una balla de dinenca glacial. En canvi, si ens hi fixem bé, en aquesta balla central on lo col·lidem amb Andorra, sí que hi ha un element del medi físic	transcripcions/pa-010.txt	ASR; pendent d'audicio
discurs	clar	pa-010	1	"ms que semblen transparents no ho són tant. Us en posaré un parell d'exemples i ho veureu més clar. ""Pictles lax"", a l'altavall de Satúria. No hi busqueu, estanx el ""pictles lax"". Per què?"	transcripcions/pa-010.txt	ASR; pendent d'audicio
discurs	clar	pa-010	2	amb els topònims opacs, que són sovint els més intrigants. Com he dit abans, sembla bastant clar que noms com Dora es van formant i està d'històric en què les vaig agorragues i no es parlave	transcripcions/pa-010.txt	ASR; pendent d'audicio
discurs	clar	pa-010	3	noms com Dora es van formant i està d'històric en què les vaig agorragues i no es parlaven de clar. Llavors, per intentar interpretar què de dia voler dir a Nolígem aquest topònim o aquesta s	transcripcions/pa-010.txt	ASR; pendent d'audicio
discurs	de fet	pa-010	1	"é ens va posar al costat d'Andorra el topònic ""anorra"", que se situa a Sant Boi de Llocenès. De fet, en concret, hauria de ser, fixeu-vos també en el detall, amb les fonts de ""anorra"", que hi h"	transcripcions/pa-010.txt	ASR; pendent d'audicio
discurs	de fet	pa-010	2	"iva avui dia, i un territori més propera a ""endorra"". En aquest cas seria la llengua basca. De fet, en basca actual, ""fón"" és ""iturri"" i ""aigua"" és ""ur"". I no sé, iguals que els nostres propòn"	transcripcions/pa-010.txt	ASR; pendent d'audicio
discurs	de fet	pa-010	3	otser una d'una denominació més fàcil és fer servir la fórmula llengua o llengües vascoides. De fet, una expressió que ja va fer servir que es va utilitzar el mateix Joao Gromínez i que crec q	transcripcions/pa-010.txt	ASR; pendent d'audicio
discurs	doncs	pa-010	1	nt la Universitat en Dorre amb un tema de recerca que relaciona tucomímia a risc geològics. I doncs bé, avui, com a col·laboració dins d'aquest cicle de caps a les històries en temps de confina	transcripcions/pa-010.txt	ASR; pendent d'audicio
discurs	doncs	pa-010	2	"os mètodes diferents. Un posa ""emfasi"" en l'estudi del nom. Fixeu-vos que són noms de lloc. Doncs un d'aquests mètodes posa ""emfasi"" en l'estudi del nom. Aquest és el mètode lingüístic. I un"	transcripcions/pa-010.txt	ASR; pendent d'audicio
discurs	doncs	pa-010	3	'estudi del lloc. Sobretot, quan tenim sospites que el topònim que s'ho ha dit per estudiar, doncs pot presentar-ho una relació causal amb algun element del paisatge. En aquest cas, Andorra, a	transcripcions/pa-010.txt	ASR; pendent d'audicio
discurs	llavors	pa-010	1	m Dora es van formant i està d'històric en què les vaig agorragues i no es parlaven de clar. Llavors, per intentar interpretar què de dia voler dir a Nolígem aquest topònim o aquesta sèrie de to	transcripcions/pa-010.txt	ASR; pendent d'audicio
discurs	llavors	pa-010	2	ria ser un element que podria donar nom a l'indret, el paratge, com haurem de ser arregulat. Llavors, si prenem com per semblar en aquesta possibilitat, és a dir, que Andorra pugui tenir alguna	transcripcions/pa-010.txt	ASR; pendent d'audicio
discurs	llavors	pa-010	3	no correspon o, més ben dit, correspon a una llengua prelletina. No és ni català ni lletí. I llavors, per l'àvia geogràfica on ens fobem, el TNU, una de les primeres coses que se sol fer quan es	transcripcions/pa-010.txt	ASR; pendent d'audicio
discurs	per tant	pa-010	1	acional. Com tantes altes, ja ho veieu. La Vall d'Àneu, la Vall d'Arrera, la Vall de Cardós. Per tant, no hi ha res d'excepcional amb això. És difícil que el nom d'Andorra pingui de l'abuna carac	transcripcions/pa-010.txt	ASR; pendent d'audicio
discurs	perquè	pa-010	1	o de llengües parlades del territori. Lògicament, en alguns casos, tampoc són tan antigues, perquè també poden ser el reflex de noms fixats a la llengua que encara es parla actualment en aques	transcripcions/pa-010.txt	ASR; pendent d'audicio
discurs	perquè	pa-010	2	cipi, són topònims, en principi ho pacs el nostre català. Cal també anar alerta així mateix, perquè molt sovint alguns d'aquests topònims ens enganyen. Aquests topònims, és a dir, topònims que	transcripcions/pa-010.txt	ASR; pendent d'audicio
discurs	perquè	pa-010	3	". ""Pictles lax"", a l'altavall de Satúria. No hi busqueu, estanx el ""pictles lax"". Per què? Perquè aquí el terme ""lax"" no fa referència a masses d'aigua, sinó a llacades, és a dir, a una sèrie"	transcripcions/pa-010.txt	ASR; pendent d'audicio
discurs	és a dir	pa-010	1	vés del reglament. Uns són noms del tipus el tarter, el pas a la casa, el serrat, escaldes, és a dir, interpretables o entre nous dos mitjans en la nostra llengua actual. És a dir, transparents	transcripcions/pa-010.txt	ASR; pendent d'audicio
discurs	és a dir	pa-010	2	at, escaldes, és a dir, interpretables o entre nous dos mitjans en la nostra llengua actual. És a dir, transparents al català. I que, cas per cas, ens aporten la seva dosi d'informació. El tarte	transcripcions/pa-010.txt	ASR; pendent d'audicio
discurs	és a dir	pa-010	3	ue, cas per cas, ens aporten la seva dosi d'informació. El tarter, el tarter és el tarteres. És a dir, s'està informant d'això. Ens està recordant aquesta evidència que et feia i certament a l'o	transcripcions/pa-010.txt	ASR; pendent d'audicio
territorial	Escaldes	pa-010	1	inal, al revés del reglament. Uns són noms del tipus el tarter, el pas a la casa, el serrat, escaldes, és a dir, interpretables o entre nous dos mitjans en la nostra llengua actual. És a dir, tr	transcripcions/pa-010.txt	ASR; pendent d'audicio
territorial	Ordino	pa-010	1	r exemple toponimia d'en Cam, de Josep Moran i Joan Anton Ravella, de l'any 2018, toponimia d'Ordino, de Lúdia Ravassa, de tres volumes que publica els llibres d'aquesta barroquia, dels anys 200	transcripcions/pa-010.txt	ASR; pendent d'audicio
territorial	comuns	pa-010	1	ublicat a l'any 2017. Més recentment també són destacables alguns treballs convocuts des dels comuns, com per exemple toponimia d'en Cam, de Josep Moran i Joan Anton Ravella, de l'any 2018, top	transcripcions/pa-010.txt	ASR; pendent d'audicio
discurs	a veure	pa-011	1	A més, també és un espai que vol donar acabuda a exposicions i activitats que tinguin sempre a veure amb el patrimoni i l'identitat. De fet, quan es va inaugurar Calpal, com a tal, als 16 d'oc	transcripcions/pa-011.txt	ASR; pendent d'audicio
discurs	aleshores	pa-011	1	la propietat. En aquest cas, Bernat Escote, en ser vicar-hi de la maçana, no donaria Ereus. Aleshores, amb la seva mare, la llum d'Escotera, la mestresa de la casa, van decidir ser-hi tota la pro	transcripcions/pa-011.txt	ASR; pendent d'audicio
discurs	aleshores	pa-011	2	"idir ser-hi tota la propietat a un parell. I l'escollit va ser Joan Pal, un parell d'ordino. Aleshores, a partir d'aquella data, 1465, aquesta casa va començar a nominar-se ""Calpal"". A llar dels"	transcripcions/pa-011.txt	ASR; pendent d'audicio
discurs	aleshores	pa-011	3	ra una casa rica, va poder construir un estable apart, i allà tenia estabilats els animals. Aleshores, la part de baix es va reservar com a Seller, per guardar el vi, les patates, les eines... S	transcripcions/pa-011.txt	ASR; pendent d'audicio
discurs	bé	pa-011	1	té més necessitats, a moment dels membres de la família, a l'exterior de la casa es veu molt bé aquesta junta, aquesta manera com va creixent la casa. A la planta de baix, doncs normalment	transcripcions/pa-011.txt	ASR; pendent d'audicio
discurs	bé	pa-011	2	cament, per menjar, però quan es podria reunir tota la família, ja que el dia a dia es menja bé el camp. A més, també, la cambra més utilitzada de la casa és la cuina, perquè és l'únic pun	transcripcions/pa-011.txt	ASR; pendent d'audicio
discurs	de fet	pa-011	1	abuda a exposicions i activitats que tinguin sempre a veure amb el patrimoni i l'identitat. De fet, quan es va inaugurar Calpal, com a tal, als 16 d'octubre del 2018, es va fer amb una exposi	transcripcions/pa-011.txt	ASR; pendent d'audicio
discurs	doncs	pa-011	1	n la família propietària, la primera en aquest imòble, era la família Escote. Què va passar? Doncs que al 1435 l'Ereu de la Casa es va fer vicar-hi de la maçana. Per tant, no podia donar Ereus	transcripcions/pa-011.txt	ASR; pendent d'audicio
discurs	doncs	pa-011	2	humil. Però l'estructura ve ser la mateixa, són tres plantes. A la primera planta que hi ha, doncs hi ha el Seyes. Segurament, en origen, la casa Val, o el que veiem l'Albert Quixote, era mol	transcripcions/pa-011.txt	ASR; pendent d'audicio
discurs	doncs	pa-011	3	a es veu molt bé aquesta junta, aquesta manera com va creixent la casa. A la planta de baix, doncs normalment, hi ha el Seller i també els animals, a les cases més senzilles, guarden allà els	transcripcions/pa-011.txt	ASR; pendent d'audicio
discurs	evidentment	pa-011	1	i les habilitats del mestre constructor. Tot es sereixen més o menys la mateixa estructura. Evidentment, Calpal és una casa molt més gran que qualsevol casa més humil. Però l'estructura ve ser la m	transcripcions/pa-011.txt	ASR; pendent d'audicio
discurs	no?	pa-011	1	s veritat que cap als últims anys que la cançava evitada, ja tenia un ús més com avui en dia, no?, en la seva taula per poder sortir a aprendre la fresca amb la família. Però en origen, aque	transcripcions/pa-011.txt	ASR; pendent d'audicio
discurs	per tant	pa-011	1	Escote. Què va passar? Doncs que al 1435 l'Ereu de la Casa es va fer vicar-hi de la maçana. Per tant, no podia donar Ereus. La figura de l'Ereu i de la Pobilla és bàsica, ja que hi ha les cases,	transcripcions/pa-011.txt	ASR; pendent d'audicio
discurs	perquè	pa-011	1	"ocumentada des del 1347. No obstant, en aquesta època, no era ""Calpal"", era l'Albert Escote, perquè era de la família Escote. Què vol dir Albert? Que Albert és un sinonim de casa. I quan parle"	transcripcions/pa-011.txt	ASR; pendent d'audicio
discurs	perquè	pa-011	2	sica, ja que hi ha les cases, tota la propietat ha d'anar de mares i pares a fills i filles, perquè així no es discreia, i sempre és un fill o una filla que es queda tota la propietat. En aque	transcripcions/pa-011.txt	ASR; pendent d'audicio
discurs	perquè	pa-011	3	ler i també els animals, a les cases més senzilles, guarden allà els pocs animals que tenen, perquè també els hi donem calfo a la resta de la casa. Calpal, com que era una casa rica, va poder	transcripcions/pa-011.txt	ASR; pendent d'audicio
discurs	és a dir	pa-011	1	"es, els animals. Aquesta casa, ""Calpal"", també va tenir la mola i la cerradora al segle XVI. És a dir, una casa és tota la família i tot és les seves propietats. Com deien la família propietària,"	transcripcions/pa-011.txt	ASR; pendent d'audicio
territorial	Ordino	pa-011	1	"van decidir ser-hi tota la propietat a un parell. I l'escollit va ser Joan Pal, un parell d'ordino. Aleshores, a partir d'aquella data, 1465, aquesta casa va començar a nominar-se ""Calpal""."	transcripcions/pa-011.txt	ASR; pendent d'audicio
discurs	aleshores	pa-012	1	fet unes parets amb pedra seca i havien col·locat la terra al darrere d'aquestes parets i aleshores això formava un camp que era molt més plan i molt més fàcil de cultivar. Eren unes terrasses	transcripcions/pa-012.txt	ASR; pendent d'audicio
discurs	aleshores	pa-012	2	ona que està conduint el carro està molt orgullosa del treball que està fet i del resultat. Aleshores veu com satisfeca. Després us vull ensenyar també una última foto que és una nòria a dalt	transcripcions/pa-012.txt	ASR; pendent d'audicio
discurs	aleshores	pa-012	3	sempre es trobava algunes tronfes que aquells que les havien collit se les havien deixat. Aleshores es podien coure al mateix temps i ens els menjàvem allà i menjar-les allà eren molt bones i	transcripcions/pa-012.txt	ASR; pendent d'audicio
discurs	bé	pa-012	1	. També estava en un ambient silenciós només he sentit algunes esquelles d'alguns remats o bé algunes campanes d'un campanar d'un poble. D'endora en aquell moment era gairebé autosufici	transcripcions/pa-012.txt	ASR; pendent d'audicio
discurs	bé	pa-012	2	roductes que consumien a les hores provenien del cultiu dels camps del vestillà que feien bé. Aquest, a la nostra geografia física, el nostre paisatge era bastant difícil de cultivar.	transcripcions/pa-012.txt	ASR; pendent d'audicio
discurs	bé	pa-012	3	o doncs una altra foto, que és una persona que porta un feix. Un feix té. Aquest feix està bé fet amb un d'herba enrotllat amb cornes. I la vida està molt ben feta. També fer un feix aix	transcripcions/pa-012.txt	ASR; pendent d'audicio
discurs	doncs	pa-012	1	una utilització d'una eina, que és la dalla, utilització per els d'allarguers. Aquí veiem doncs un equip de d'allarguers que estan treballant de manera molt regular. Sembla que una competi	transcripcions/pa-012.txt	ASR; pendent d'audicio
discurs	doncs	pa-012	2	lar, i també saber-la picar. I això era bastant difícil. He d'agrair una altra. Us ensenyo doncs una altra foto, que és una persona que porta un feix. Un feix té. Aquest feix està bé fet	transcripcions/pa-012.txt	ASR; pendent d'audicio
discurs	per tant	pa-012	1	'endora eren molt escassos i també eren molt simples. Les carreteres tenien molt dolentes i per tant d'endora es trobava en una posició molt tancada. La persona que arribava en dora per visit	transcripcions/pa-012.txt	ASR; pendent d'audicio
discurs	perquè	pa-012	1	ecessari per homenatjar la gent molt treballadora que hi treballaven i també era necessari perquè la gent es recordi d'aquestes eines. I aquí us vull ensenyar algunes fotos. Fotos primer de	transcripcions/pa-012.txt	ASR; pendent d'audicio
discurs	perquè	pa-012	2	stà carregat en ram. I aquí veiem el resultat de carregar el carro. Està molt ben carregat, perquè era difícil de carregar un carro i que l'herba s'aguantés bé i no caigués de cara costat. S	transcripcions/pa-012.txt	ASR; pendent d'audicio
discurs	bé	pa-013	1	e 68 i 71 graus. La fan calenta, és una aigua molt soforosa, sòdita, rica amb sofre i que va bé per la pell, pel sistema digestiu i també té altres propietats. Propietats que se'n beneficia	transcripcions/pa-013.txt	ASR; pendent d'audicio
discurs	doncs	pa-013	1	eix com l'edifici que acolla al centre d'art d'Escaldes en Gordany. I més recentment, també, doncs, s'hi pot accedir, hi ha la biblioteca d'Escaldes en Gordany. Aquest edifici històric es tro	transcripcions/pa-013.txt	ASR; pendent d'audicio
discurs	doncs	pa-013	2	p del pont d'en Gordany. Aquest pont marca el límit entre Escaldes i en Gordany. Actualment, doncs, és una sola aglomeració, però són dues poblacions de la Setena Perroquia ubicades a la Vall	transcripcions/pa-013.txt	ASR; pendent d'audicio
discurs	doncs	pa-013	3	ada a la Solana, i tradicionalment està més vinculada a les activitats agropecuàries. També, doncs, fa uns quants anys va ser la cenari del passegre Liment, i actualment és sobretot una zona r	transcripcions/pa-013.txt	ASR; pendent d'audicio
discurs	evidentment	pa-013	1	tura de granit és més o menys entre 1930 i 1960, i algunes de les seves característiques són, evidentment, l'ús del granit, un material difícil de treballar, però amb molt bons resultats, que es pres	transcripcions/pa-013.txt	ASR; pendent d'audicio
discurs	per tant	pa-013	1	la d'acollir la maquinaria del cinema. I la maquinaria del cinema no necessitava ni un solar, per tant només es van obrir tres finestres. S'assab que aquestes obres de transformació de l'edifici,	transcripcions/pa-013.txt	ASR; pendent d'audicio
discurs	perquè	pa-013	1	perfectament com es van subseir aquests canvis i aquestes transformacions. Per què us sabem? Perquè es conserven múltiples testimonis fotogràfics gràcies a Josep Alzina. Alzina es va dedicar a	transcripcions/pa-013.txt	ASR; pendent d'audicio
discurs	perquè	pa-013	2	1940 i 1990. I l'edifici del CAE és el protagonista habitual del seu llegat. Per què? Doncs perquè Alzina finalment vivia en front del centre d'art i moltes de les seves fotografies part del fo	transcripcions/pa-013.txt	ASR; pendent d'audicio
discurs	perquè	pa-013	3	III que va quedar destruït a causa d'una inundació. També la plaça ens desperta la nostàlgia, perquè si conserva, s'exposa una fotografia on es veu l'antic hotel Pla, que ja hem citat com un dels	transcripcions/pa-013.txt	ASR; pendent d'audicio
discurs	és a dir	pa-013	1	e l'arquitectura de granit és producte del context de transformació de la societat endurrana. És a dir, l'arquitectura de granit es dona en un moment de reconversió gradual del nostre país, que pa	transcripcions/pa-013.txt	ASR; pendent d'audicio
discurs	és a dir	pa-013	2	trificació del país, de la construcció de les xarxes viàries, de l'increment de la imigració, és a dir, és el producte d'un moment de canvi. I un dels exemples més destacats a l'arquitectura de gr	transcripcions/pa-013.txt	ASR; pendent d'audicio
territorial	Escaldes	pa-013	1	a Valira. També molta gent el coneix com l'antic cinema a Valira, o l'antiga seu d'en banc a Escaldes. Recentment, des del 2005, la gent el coneix com l'edifici que acolla al centre d'art d'Esca	transcripcions/pa-013.txt	ASR; pendent d'audicio
territorial	Escaldes	pa-013	2	ldes. Recentment, des del 2005, la gent el coneix com l'edifici que acolla al centre d'art d'Escaldes en Gordany. I més recentment, també, doncs, s'hi pot accedir, hi ha la biblioteca d'Escaldes	transcripcions/pa-013.txt	ASR; pendent d'audicio
territorial	Escaldes	pa-013	3	Escaldes en Gordany. I més recentment, també, doncs, s'hi pot accedir, hi ha la biblioteca d'Escaldes en Gordany. Aquest edifici històric es troba a Escaldes, molt a prop de l'Església Perroquia	transcripcions/pa-013.txt	ASR; pendent d'audicio
discurs	a veure	pa-014	1	e fa en Barcelona, una sèrie d'autoritats i una sèrie davant d'enceites del contrapàs, que van a veure com actuaven els esbarts a baix a Barcelona. Van veure un espectacle, que hi havia un esbarc,	transcripcions/pa-014.txt	ASR; pendent d'audicio
discurs	aleshores	pa-014	1	", vaig començar a buscar documentació i coses i no hi havia res, que per res el contrapàs. I aleshores va ser quan em van trencar a més aquell neguit de dir ""cray"", no pot ser un ball que està arre"	transcripcions/pa-014.txt	ASR; pendent d'audicio
discurs	aleshores	pa-014	2	anaven incorporant d'altres tipus d'allò. A principis del segle XX ja s'incorpora la Copla i, aleshores, ja es comença que tots els valls tradicionals, doncs ja tenen una harmonia musical, ja tenen	transcripcions/pa-014.txt	ASR; pendent d'audicio
discurs	aviam	pa-014	1	ta, va dir-hi que més que protestar els hi vam anar a fer veure una cosa, i vam dir, escuteu, aviam, imagineu-vos que l'esbat desapareix, què passa amb el contrapàs? Es deixarà de ballar? No po	transcripcions/pa-014.txt	ASR; pendent d'audicio
discurs	bé	pa-014	1	it, que segurament el comod també li fa aquest obsequi i encantat de la vida d'haver-ho fet. Bé, el resultat d'això va ser molt bonic, perquè és a dir, he conviscut amb gent, m'han explicat	transcripcions/pa-014.txt	ASR; pendent d'audicio
discurs	bé	pa-014	2	son, un diferent d'allò i la Copla ja queda integrada dins el que són els valls tradicionals. Bé, aquí de l'Andorra es havia ballat, ball pla, ball roller. Sé que es havia ballat, està inclús	transcripcions/pa-014.txt	ASR; pendent d'audicio
discurs	bé	pa-014	3	a la segona... a la segona meitat del segle XX, ja dels anys 70, 80, cap en aquí, es creen... Bé, menys Escaldes, que hi havia les bars Santana, que ja estava creat, es creen els restos de ba	transcripcions/pa-014.txt	ASR; pendent d'audicio
discurs	clar	pa-014	1	Mireu, hi ha una cosa molt bonica, i espero que aquest any també ho poguem dir-ho, perquè és clar que tot el que ens ha passat no ho sabem segur. Però si una cosa és que tots els que hem ball	transcripcions/pa-014.txt	ASR; pendent d'audicio
discurs	doncs	pa-014	1	olt bonic, perquè és a dir, he conviscut amb gent, m'han explicat coses, m'han entrat, i això doncs és el més bonic que hi ha i m'ha apassionat més, vull dir, ensenyar, quan m'ho demanen per an	transcripcions/pa-014.txt	ASR; pendent d'audicio
discurs	doncs	pa-014	2	és a dir, la gent d'aquí, no sé que fossis una reu, o que fossis una pobilla, o que realment, doncs, hi hagués feina per a tots, en una casa no n'hi havia de feina per a tots, llavors es tenien	transcripcions/pa-014.txt	ASR; pendent d'audicio
discurs	doncs	pa-014	3	trimoni familiar. La gent emigrava i se n'anava, sobretot de França o Espanya, en aquest cas, doncs, sobretot a Catalunya. Evidentment, com que eren tots molt joves, la gent s'integrava, vull d	transcripcions/pa-014.txt	ASR; pendent d'audicio
discurs	evidentment	pa-014	1	l dir, com a voluntari divulgador del patrimoni que tenim el nostre país, patrimoni cultural, evidentment, quan em demanen per anar amb alguna escola per explicar quines són les tradicions i quines s	transcripcions/pa-014.txt	ASR; pendent d'audicio
discurs	evidentment	pa-014	2	aquí, a Andorra. A les zones d'alta muntanya, vull dir, sobretot, o Pirineu, entre els quals, evidentment, no cal dir-ho que som a Andorra, és a dir, la gent d'aquí, no sé que fossis una reu, o que f	transcripcions/pa-014.txt	ASR; pendent d'audicio
discurs	evidentment	pa-014	3	grava i se n'anava, sobretot de França o Espanya, en aquest cas, doncs, sobretot a Catalunya. Evidentment, com que eren tots molt joves, la gent s'integrava, vull dir, i els llocs on tenaven, sobretot	transcripcions/pa-014.txt	ASR; pendent d'audicio
discurs	llavors	pa-014	1	e realment, doncs, hi hagués feina per a tots, en una casa no n'hi havia de feina per a tots, llavors es tenien que espavilar i buscar-se la vida, per ajudar a casa, a anar a altres llocs i, d'aq	transcripcions/pa-014.txt	ASR; pendent d'audicio
discurs	llavors	pa-014	2	els treballs de la família. Ells aprofitaven i, evidentment, doncs, més tenien que divertir, llavors, com ho feien? Doncs, a més, el que hi ha, es ballava aquí, que, més que ballava, es practica	transcripcions/pa-014.txt	ASR; pendent d'audicio
discurs	llavors	pa-014	3	es llogava el que se n'hi deia l'omorquesta, o un parell, es vol dir, de músics, que hi havien llavors. En aquells moments, els instruments que es tocaven eren la Buna, la Buna es tocava, ja ho bu	transcripcions/pa-014.txt	ASR; pendent d'audicio
discurs	o sigui	pa-014	1	uell moment ja es balla vestits amb vestiment de catalana. És a dir, els homes amb barretina, o sigui, amb pantalons de ballut, negres, faixa i barretina vermella, camisa blanca, mitjons blancs i	transcripcions/pa-014.txt	ASR; pendent d'audicio
discurs	perquè	pa-014	1	'he fet una miqueta, com diríem, una miqueta estudiós del ball del contrapàs. Per quin motiu? Perquè en el seu moment es va tenir una sèrie de dubtes, més que dubtes, vaig començar a buscar docu	transcripcions/pa-014.txt	ASR; pendent d'audicio
discurs	perquè	pa-014	2	quest obsequi i encantat de la vida d'haver-ho fet. Bé, el resultat d'això va ser molt bonic, perquè és a dir, he conviscut amb gent, m'han explicat coses, m'han entrat, i això doncs és el més b	transcripcions/pa-014.txt	ASR; pendent d'audicio
discurs	perquè	pa-014	3	yar, quan m'ho demanen per anar a les escoles, ensenyar-ho, vull dir, per poder-ho divulgar i perquè la gent se m'entén. Perdó, mireu, començaré explicant el per què es balla, per què hi ha aque	transcripcions/pa-014.txt	ASR; pendent d'audicio
discurs	vull dir	pa-014	1	les seves tradicions i mantenir una tradició és estimar el passat. Així es començo jo sempre, vull dir, com a voluntari divulgador del patrimoni que tenim el nostre país, patrimoni cultural, evide	transcripcions/pa-014.txt	ASR; pendent d'audicio
discurs	vull dir	pa-014	2	n explicat coses, m'han entrat, i això doncs és el més bonic que hi ha i m'ha apassionat més, vull dir, ensenyar, quan m'ho demanen per anar a les escoles, ensenyar-ho, vull dir, per poder-ho divu	transcripcions/pa-014.txt	ASR; pendent d'audicio
discurs	vull dir	pa-014	3	ha apassionat més, vull dir, ensenyar, quan m'ho demanen per anar a les escoles, ensenyar-ho, vull dir, per poder-ho divulgar i perquè la gent se m'entén. Perdó, mireu, començaré explicant el per	transcripcions/pa-014.txt	ASR; pendent d'audicio
discurs	és a dir	pa-014	1	el que més conec, no només conec, sinó que ho he viscut. Me n'he assabentat de moltes coses, és a dir, m'he fet una miqueta, com diríem, una miqueta estudiós del ball del contrapàs. Per quin moti	transcripcions/pa-014.txt	ASR; pendent d'audicio
discurs	és a dir	pa-014	2	bsequi i encantat de la vida d'haver-ho fet. Bé, el resultat d'això va ser molt bonic, perquè és a dir, he conviscut amb gent, m'han explicat coses, m'han entrat, i això doncs és el més bonic que	transcripcions/pa-014.txt	ASR; pendent d'audicio
discurs	és a dir	pa-014	3	vull dir, sobretot, o Pirineu, entre els quals, evidentment, no cal dir-ho que som a Andorra, és a dir, la gent d'aquí, no sé que fossis una reu, o que fossis una pobilla, o que realment, doncs, hi	transcripcions/pa-014.txt	ASR; pendent d'audicio
territorial	Escaldes	pa-014	1	rnar a recuperar el ball del contrapàs i el tornar a ballar fins a l'actualitat. Sant Julià i Escaldes es creen el seu propi ball, Sant Julià la marratxa i Escaldes el ball de Santana. I així es q	transcripcions/pa-014.txt	ASR; pendent d'audicio
territorial	Escaldes	pa-014	2	ns a l'actualitat. Sant Julià i Escaldes es creen el seu propi ball, Sant Julià la marratxa i Escaldes el ball de Santana. I així es queda fins a l'actualitat, com ara, fins que a la segona... a l	transcripcions/pa-014.txt	ASR; pendent d'audicio
territorial	Escaldes	pa-014	3	a... a la segona meitat del segle XX, ja dels anys 70, 80, cap en aquí, es creen... Bé, menys Escaldes, que hi havia les bars Santana, que ja estava creat, es creen els restos de bars, com els que	transcripcions/pa-014.txt	ASR; pendent d'audicio
territorial	Ordino	pa-014	1	a de ballar-lo i només es manté en dor a la vella. Desapareix fins a mitjans del segle XX que ordino tornar a recuperar el ball del contrapàs i el tornar a ballar fins a l'actualitat. Sant Julià	transcripcions/pa-014.txt	ASR; pendent d'audicio
territorial	Sant Julià	pa-014	1	que ordino tornar a recuperar el ball del contrapàs i el tornar a ballar fins a l'actualitat. Sant Julià i Escaldes es creen el seu propi ball, Sant Julià la marratxa i Escaldes el ball de Santana.	transcripcions/pa-014.txt	ASR; pendent d'audicio
territorial	Sant Julià	pa-014	2	s i el tornar a ballar fins a l'actualitat. Sant Julià i Escaldes es creen el seu propi ball, Sant Julià la marratxa i Escaldes el ball de Santana. I així es queda fins a l'actualitat, com ara, fins	transcripcions/pa-014.txt	ASR; pendent d'audicio
territorial	Sant Julià	pa-014	3	s restos de bars, com els que tenen l'actualitat, que són les bars d'en Serra d'Andorra, el de Sant Julià, el de la Vall Nord i el d'Encap. Bé, avui parlarem del contrapàs que, com he dit abans, voli	transcripcions/pa-014.txt	ASR; pendent d'audicio
territorial	comú	pa-014	1	explicar el sentiment que hi havia per fer-ho. Dit això, us diré que a partir del 1982 ja el comú va crear el seu propi esbat, és a dir, el esbat d'Anseire, d'Andorra de Vella, i va dir que a	transcripcions/pa-014.txt	ASR; pendent d'audicio
territorial	padrí	pa-014	1	un orgull poder el ballar. Detalls que voldria dir, el Cap d'Anseire, per la Festa Major, el Padrí Major li entregava la vara del consell, perquè amb aquella vara marqués la rovillana de com e	transcripcions/pa-014.txt	ASR; pendent d'audicio
discurs	bé	pa-015	1	rah Barbaraguer, i avui us parlaré de la Nissada dels Matis de les Bons, al segle XIV i XV. Bé, hem de pensar que és una família prou rellevant, en aquesta època, a les valls, i sobretot	transcripcions/pa-015.txt	ASR; pendent d'audicio
discurs	bé	pa-015	2	Doncs és important per una senzilla raó. Perquè és el poder econòmic de la parròquia d'enca. Bé, aquesta família, el seu objectiu, com veiem abans, és recullir-se tot el seu patrimoni i, a	transcripcions/pa-015.txt	ASR; pendent d'audicio
discurs	bé	pa-015	3	per arribar a sobreviure al llarg del temps. És per això que parlem de la Misaga des Martí. Bé, m'agrada agrair l'Institut d'Estudis en Dorans, per haver-me donat l'oportunitat de fer aqu	transcripcions/pa-015.txt	ASR; pendent d'audicio
discurs	doncs	pa-015	1	es bons, un quart o veïnat de la parròquia d'enca. I aquesta família, per què és important? Doncs és important per una senzilla raó. Perquè és el poder econòmic de la parròquia d'enca. Bé, a	transcripcions/pa-015.txt	ASR; pendent d'audicio
discurs	doncs	pa-015	2	e la parròquia d'enca, que és concentrar el poder polític, econòmic i social. I com ho farà? Doncs ara us explicaré. Ens posem al 1319 la família Martí de les Bons, de com a cap de casa, el	transcripcions/pa-015.txt	ASR; pendent d'audicio
discurs	doncs	pa-015	3	un cost econòmic program, que és la dot. Com ho fa per poder pagar la dot o qualsevol cosa? Doncs és el que deiem. Desenvolupar estratègies econòmiques. I tornem al tema. Què passa al 1319?	transcripcions/pa-015.txt	ASR; pendent d'audicio
discurs	llavors	pa-015	1	època medieval, fins a ben entrat al segle XX, per subsistir, per mantenir aquest lletat. I llavors, a part de tindre aquests fills, te filles, quan el te filles li suposa un cost econòmic prog	transcripcions/pa-015.txt	ASR; pendent d'audicio
discurs	o sigui	pa-015	1	bjectiu, com veiem abans, és recullir-se tot el seu patrimoni i, a més, anar-lo a aumentar. O sigui que ha de desenvolupar unes estratègies que li suposen l'augment d'aquest patrimoni i no perd	transcripcions/pa-015.txt	ASR; pendent d'audicio
discurs	perquè	pa-015	1	a d'enca. I aquesta família, per què és important? Doncs és important per una senzilla raó. Perquè és el poder econòmic de la parròquia d'enca. Bé, aquesta família, el seu objectiu, com veiem	transcripcions/pa-015.txt	ASR; pendent d'audicio
discurs	perquè	pa-015	2	membres més influents de la societat, gent que decidia el destí de la comunitat, bàsicament perquè eren part del, com dèiem, del poder polític i del poder econòmic. Tota aquesta unió, com clo	transcripcions/pa-015.txt	ASR; pendent d'audicio
territorial	parròquia	pa-015	1	nsar que és una família prou rellevant, en aquesta època, a les valls, i sobretot dins de la parròquia d'enca. Aquesta família, t'hi perd l'objectiu, no perdre el seu patrimoni. I és un objectiu	transcripcions/pa-015.txt	ASR; pendent d'audicio
territorial	parròquia	pa-015	2	en època medieval. Concretament, aquesta família ha situat les bons, un quart o veïnat de la parròquia d'enca. I aquesta família, per què és important? Doncs és important per una senzilla raó. P	transcripcions/pa-015.txt	ASR; pendent d'audicio
territorial	parròquia	pa-015	3	què és important? Doncs és important per una senzilla raó. Perquè és el poder econòmic de la parròquia d'enca. Bé, aquesta família, el seu objectiu, com veiem abans, és recullir-se tot el seu pat	transcripcions/pa-015.txt	ASR; pendent d'audicio
discurs	a nivell	pa-016	1	em van passar cap, però de feina se'n va fer molta, inclús recordo fer sessions maratonianes a nivell de comissions, sobretot quan feien pressupost, que igual estàvem aquí a l'1 a l'2 del matí,	transcripcions/pa-016.txt	ASR; pendent d'audicio
discurs	a nivell	pa-016	2	cosa, ho dius a les sessions que tens intern. És a dir, que s'ha agradat tenir els consellers a nivell nacional, i que per població hi hagués més consellers, no? Però, clar, això, d'alguna manera	transcripcions/pa-016.txt	ASR; pendent d'audicio
discurs	a nivell	pa-016	3	nt entenia que calia evolucionar, i que calia, doncs, a veure, canviar moltes coses en Dorre, a nivell institucional, però també calia tenir en compte que moltes coses del passat eren bones, i de	transcripcions/pa-016.txt	ASR; pendent d'audicio
discurs	a veure	pa-016	1	ar que teníem poc temps, però en aquell poc temps s'havia de treballar moltíssim. I llavors, a veure, tu quan saps que tens un termini per fer les coses, doncs, t'hi poses, i és el que van fer t	transcripcions/pa-016.txt	ASR; pendent d'audicio
discurs	a veure	pa-016	2	si quan vulguis, tampoc és que es fes, però, bueno, sí. En canvi, els altres consells, doncs, a veure, hi ha un procediment, hi ha un grup parlamentari. Doncs tu, d'alguna manera, quan vens aquí	transcripcions/pa-016.txt	ASR; pendent d'audicio
discurs	a veure	pa-016	3	ia tingut un accident. Jo en aquell moment entenia que calia evolucionar, i que calia, doncs, a veure, canviar moltes coses en Dorre, a nivell institucional, però també calia tenir en compte que	transcripcions/pa-016.txt	ASR; pendent d'audicio
discurs	aviam	pa-016	1	assat, i no s'havia de trencar amb el passat, sinó que simplement s'havia d'evolucionar això, aviam des de venir un estat democràtic, modern, un estat de dret, i calia fer una Constitució, per m	transcripcions/pa-016.txt	ASR; pendent d'audicio
discurs	bueno	pa-016	1	cs el fet d'estar amb un escó, el consell General, i la responsabilitat que tens per a mi és, bueno, imposa, crec que sí. Jo no tinc res que dir, al contrari, de tots els consells generals que	transcripcions/pa-016.txt	ASR; pendent d'audicio
discurs	bueno	pa-016	2	es, que també s'havien treballat abans d'aquesta disolució del consell llei de nacionalitat, bueno, sembla que amb més de 20 lleis es van arribar a fer, sí. Recordo especialment rellevant sobr	transcripcions/pa-016.txt	ASR; pendent d'audicio
discurs	bueno	pa-016	3	més la paraula i podies parlar pràcticament, quasi quan vulguis, tampoc és que es fes, però, bueno, sí. En canvi, els altres consells, doncs, a veure, hi ha un procediment, hi ha un grup parl	transcripcions/pa-016.txt	ASR; pendent d'audicio
discurs	bé	pa-016	1	"a disolució, entres encara amb molta més responsabilitat de dir ""ostres, és que ho hem de fer bé"", tenim un objectiu molt clar i l'hem de solit, el fet que justament el consell constituïent"	transcripcions/pa-016.txt	ASR; pendent d'audicio
discurs	bé	pa-016	2	i que per població hi hagués més consellers, no? Però, clar, això, d'alguna manera, ens deixà bé, doncs, el que són parròquies, com ordino, com canillo, i que el territori és molt important	transcripcions/pa-016.txt	ASR; pendent d'audicio
discurs	bé	pa-016	3	que són parròquies, com ordino, com canillo, i que el territori és molt important, ens deixà bé fora. I ens deixà bé fora, sobretot, per la mentalitat de les persones, perquè si tots hagué	transcripcions/pa-016.txt	ASR; pendent d'audicio
discurs	clar	pa-016	1	"mb molta més responsabilitat de dir ""ostres, és que ho hem de fer bé"", tenim un objectiu molt clar i l'hem de solit, el fet que justament el consell constituïent que hi havia una disolució del"	transcripcions/pa-016.txt	ASR; pendent d'audicio
discurs	clar	pa-016	2	a, aspectes que de vegades encara... o sigui, s'han regulat, però molts anys després, no? I, clar, nosaltres sí que ens pensàvem que aquestes lleis passarien, perquè, de fet, a l'altra comiss	transcripcions/pa-016.txt	ASR; pendent d'audicio
discurs	clar	pa-016	3	ències, la llei de competències, va ser... és això, estàvem... jo penso que tots teníem molt clar que teníem poc temps, però en aquell poc temps s'havia de treballar moltíssim. I llavors, a	transcripcions/pa-016.txt	ASR; pendent d'audicio
discurs	de fet	pa-016	1	ys després, no? I, clar, nosaltres sí que ens pensàvem que aquestes lleis passarien, perquè, de fet, a l'altra comissió que estava, que era la comissió de finances, algunes de les que van fer l	transcripcions/pa-016.txt	ASR; pendent d'audicio
discurs	de fet	pa-016	2	ell institucional, però també calia tenir en compte que moltes coses del passat eren bones, i de fet per mi la Constitució tampoc no és una revolució, sinó que és una evolució del país. I llavor	transcripcions/pa-016.txt	ASR; pendent d'audicio
discurs	doncs	pa-016	1	"a meva mare, que no tenia cap, com es diu, filignaixis polític, i em diu ""tus dic que sí, no? Doncs has donat la teva paraula"". Dic ""sí, sí"". Dic ""pues toca anar-hi"". La meva mare era molt vale"	transcripcions/pa-016.txt	ASR; pendent d'audicio
discurs	doncs	pa-016	2	mi m'han posat sempre. És a dir, després he tingut altres càrrecs i encara que no ho sembli, doncs el fet d'estar amb un escó, el consell General, i la responsabilitat que tens per a mi és, bu	transcripcions/pa-016.txt	ASR; pendent d'audicio
discurs	doncs	pa-016	3	sanitat, i érem les quatre dones, i no sé per què vam coincidir tot des de aquella comissió, doncs hi vam fer coincidir, tot pot ser, no ho sé, però sí. I llavors la nostra presidenta era la M	transcripcions/pa-016.txt	ASR; pendent d'audicio
discurs	evidentment	pa-016	1	ixò no vol dir que estiguis d'acord amb tot, sinó que formes part d'un grup i d'un equip, i, evidentment, si has de dir alguna cosa, ho dius a les sessions que tens intern. És a dir, que s'ha agrada	transcripcions/pa-016.txt	ASR; pendent d'audicio
discurs	evidentment	pa-016	2	enso que va ser un bon sistema, perquè pogués conviure el que d'on venia i cap on anava, que, evidentment, si fóssim capaços de pensar endorra en general, tots, però és que aquest tema del parròquial	transcripcions/pa-016.txt	ASR; pendent d'audicio
discurs	evidentment	pa-016	3	dia, jo sempre el recordaré a part de per això, perquè el meu pare va morir d'un accident, i evidentment és una data que m'ha marcat moltíssim a tots nivells, però la vida és així. Jo vaig pujar amb	transcripcions/pa-016.txt	ASR; pendent d'audicio
discurs	llavors	pa-016	1	"nió i em diu que podria ser reverdo de contes i jo dic ""no, no vull ser reverdo de contes"" i llavors li toca al meu marit ser reverdo de contes, i és així. I jo no esperava pas que hi hagués una"	transcripcions/pa-016.txt	ASR; pendent d'audicio
discurs	llavors	pa-016	2	"he dit que sí, em diu ""no, que et va anar a cremar, que ets molt jove, no sé què"" i jo dic i llavors et quedes així una mica preocupada i me'n recordo que hi havia la meva mare, que no tenia cap"	transcripcions/pa-016.txt	ASR; pendent d'audicio
discurs	llavors	pa-016	3	creïble, i que no podia ser que hagués passat això, però ho va passar, i per això et dic que llavors quan entres en un lloc així, després d'una disolució, entres encara amb molta més responsabil	transcripcions/pa-016.txt	ASR; pendent d'audicio
discurs	no?	pa-016	1	"ia la meva mare, que no tenia cap, com es diu, filignaixis polític, i em diu ""tus dic que sí, no? Doncs has donat la teva paraula"". Dic ""sí, sí"". Dic ""pues toca anar-hi"". La meva mare era mol"	transcripcions/pa-016.txt	ASR; pendent d'audicio
discurs	no?	pa-016	2	farmàcia, aspectes que de vegades encara... o sigui, s'han regulat, però molts anys després, no? I, clar, nosaltres sí que ens pensàvem que aquestes lleis passarien, perquè, de fet, a l'alt	transcripcions/pa-016.txt	ASR; pendent d'audicio
discurs	no?	pa-016	3	una manera, quan vens aquí i t'assentes, estàs fent un discurs amb nom del grup parlamentari, no? I això no vol dir que estiguis d'acord amb tot, sinó que formes part d'un grup i d'un equip,	transcripcions/pa-016.txt	ASR; pendent d'audicio
discurs	o sigui	pa-016	1	ssar cap, que si la llei de migració, la llei de farmàcia, aspectes que de vegades encara... o sigui, s'han regulat, però molts anys després, no? I, clar, nosaltres sí que ens pensàvem que aques	transcripcions/pa-016.txt	ASR; pendent d'audicio
discurs	o sigui	pa-016	2	no volien la Constitució es propagaven el vot en blanc, i llavors, clar, això era important, o sigui, saber que no passés, i no va passar, però sí, sí que hi era. Igual que havíem tingut el vot	transcripcions/pa-016.txt	ASR; pendent d'audicio
discurs	per tant	pa-016	1	ta almenys a la nostra època, jo no ho havia vist mai, penso que els del meu entorn tampoc, i per tant era una cosa que em semblava increïble, i que no podia ser que hagués passat això, però ho va	transcripcions/pa-016.txt	ASR; pendent d'audicio
discurs	per tant	pa-016	2	bsolut es va pensar que seria un consell general de 4 anys, sinó que veníem d'una disolució i per tant teníem un termini per fer la feina, i aquesta feina es va fer de l'abril del 92 fins al desem	transcripcions/pa-016.txt	ASR; pendent d'audicio
discurs	perquè	pa-016	1	s'ha de dir. I així és com entro al primer campanya i fem la llista. A mi em posa moltíssim, perquè a més era al principi i pensar que a mi m'han posat sempre. És a dir, després he tingut altr	transcripcions/pa-016.txt	ASR; pendent d'audicio
discurs	perquè	pa-016	2	vint i al contrari, jo vaig treballar molt a gust amb aquestes persones i vaig a prendre molt perquè per l'edat, per els càrrecs que havien tingut, tenien experiència, molta més que jo. Això n'	transcripcions/pa-016.txt	ASR; pendent d'audicio
discurs	perquè	pa-016	3	ncia, molta més que jo. Això n'era molt conscient, realment preocupats, tots estem preocupats perquè estem vist que en una situació insòlita almenys a la nostra època, jo no ho havia vist mai,	transcripcions/pa-016.txt	ASR; pendent d'audicio
discurs	vull dir	pa-016	1	issió que estava, que era la comissió de finances, algunes de les que van fer les van passar, vull dir, que va ser així, però la nostra resulta que no em van passar cap, però de feina se'n va fer	transcripcions/pa-016.txt	ASR; pendent d'audicio
discurs	vull dir	pa-016	2	podíem permetre, perquè, si no, ens haguessin... No ho sé, segurament ens haguessin... Jo no vull dir deixar-te reconat, però haguessin pesat molt poc, i, llavors, el sistema que es va escollir d	transcripcions/pa-016.txt	ASR; pendent d'audicio
discurs	és a dir	pa-016	1	A mi em posa moltíssim, perquè a més era al principi i pensar que a mi m'han posat sempre. És a dir, després he tingut altres càrrecs i encara que no ho sembli, doncs el fet d'estar amb un escó	transcripcions/pa-016.txt	ASR; pendent d'audicio
discurs	és a dir	pa-016	2	un equip, i, evidentment, si has de dir alguna cosa, ho dius a les sessions que tens intern. És a dir, que s'ha agradat tenir els consellers a nivell nacional, i que per població hi hagués més co	transcripcions/pa-016.txt	ASR; pendent d'audicio
territorial	Canillo	pa-016	1	erò, clar, això, d'alguna manera, ens deixà bé, doncs, el que són parròquies, com ordino, com canillo, i que el territori és molt important, ens deixà bé fora. I ens deixà bé fora, sobretot, per	transcripcions/pa-016.txt	ASR; pendent d'audicio
territorial	Ordino	pa-016	1	sí. Jo no tinc res que dir, al contrari, de tots els consells generals que vam ser elegits a Ordino, l'Albert Pujall, l'Enric Dolce, l'Andreu Gaspar, és que en reuníem molt sovint, a més ho fei	transcripcions/pa-016.txt	ASR; pendent d'audicio
territorial	Ordino	pa-016	2	lers, no? Però, clar, això, d'alguna manera, ens deixà bé, doncs, el que són parròquies, com ordino, com canillo, i que el territori és molt important, ens deixà bé fora. I ens deixà bé fora,	transcripcions/pa-016.txt	ASR; pendent d'audicio
territorial	Ordino	pa-016	3	però en aquell moment ja fer l'esport publicitari ja era una novetat, i recordo que pensa que ordino, en aquell moment no et sabria dir quants vots hi havia, però és que eren molt pocs, i era an	transcripcions/pa-016.txt	ASR; pendent d'audicio
territorial	comunals	pa-016	1	(música) Recordo que hi havia unes eleccions comunals, me'n recordo que estàvem amb una reunió i em diu que podria ser reverdo de contes i jo dic	transcripcions/pa-016.txt	ASR; pendent d'audicio
territorial	parròquia	pa-016	1	clar, també no havia estat amb altres consells. I aquell és l'últim, on tenim 4 consells per parròquia, no hi ha grups parlamentaris, no hi ha partits polítics, som persones, les que som conselle	transcripcions/pa-016.txt	ASR; pendent d'audicio
territorial	parròquia	pa-016	2	guéssim pogut evolucionar i intentar defensar endorra com l'intre general, com un tot, com la parròquia aquesta és més petita, i llavors els interessos han d'anar cap allà. M'agradaria que per ter	transcripcions/pa-016.txt	ASR; pendent d'audicio
discurs	a nivell	pa-017	1	t política bastant important, aquesta autoliquidació. Jo penso que totes les parts implicades a nivell de totes les parròquies, jo penso que la gent sabia el per què ja anàvem a fer. Evidentment,	transcripcions/pa-017.txt	ASR; pendent d'audicio
discurs	a nivell	pa-017	2	ínceptingués un dret de veto ni absolutament res, i això va tenir que afluixar a tot arreu, i a nivell del consell també es va tenir que afluixar. A aquell moment es funcionava per parròquies, la	transcripcions/pa-017.txt	ASR; pendent d'audicio
discurs	a nivell	pa-017	3	Nosaltres érem conscients que en d'hora la vella i escaldes és els quins teníem més potencial a nivell electoral, i moltes vegades trobaries per al·litzar-hi per d'altres interessos, i nosaltres,	transcripcions/pa-017.txt	ASR; pendent d'audicio
discurs	bueno	pa-017	1	"poguéssim anar endavant. No. I en aquell moment vaig trobar que potser els dones ens deien, ""Bueno, mira, les han ficat aquí, les hem aparcat una mica, que facin el que hagin de fer, però que"	transcripcions/pa-017.txt	ASR; pendent d'audicio
discurs	bueno	pa-017	2	"o per qualsevol de les coses. Doncs aquí es va fer una estira i arronsa. Nosaltres vam dir, ""Bueno, d'acord, fem això, ficarem aquest article, però d'un altre costat no tindrem el dret de veto"""	transcripcions/pa-017.txt	ASR; pendent d'audicio
discurs	bé	pa-017	1	"va dir ""de qui no sortireu fins que no us hauria fotut d'acord"". A partir d'aquí va començar bé la paraula d'emissió, d'emissió, d'emissió, i tot va anar, es va encarregar, amb una mateixa"	transcripcions/pa-017.txt	ASR; pendent d'audicio
discurs	bé	pa-017	2	mica del que és parlament i senat tot el mateix temps, i penso que això ho vam lograr bastant bé, perquè tampoc es pot trencar les coses. Penseu que era important la nostra unanimitat vis-a-	transcripcions/pa-017.txt	ASR; pendent d'audicio
discurs	bé	pa-017	3	i fills d'aquesta gent han sigut cap de governs i el que vulgui, però vull dir, entenc molt bé que la gent, de la mateixa manera que nosaltres teníem clar que volíem una constitució, enten	transcripcions/pa-017.txt	ASR; pendent d'audicio
discurs	clar	pa-017	1	des caldes va sortir molt l'impuls per a la Constitució. Teníem claríssim. Nosaltres teníem clar que havíem de fer el pas. Havíem de fer el pas, havíem de ser políticament major d'edat per p	transcripcions/pa-017.txt	ASR; pendent d'audicio
discurs	clar	pa-017	2	sions, com per poder tirar endavant amb tot el que era la justícia, l'immigració. Teníem ben clar que no volíem que ens continuessin dictant coses tan importants, com era l'immigració i la ju	transcripcions/pa-017.txt	ASR; pendent d'audicio
discurs	clar	pa-017	3	vulgui, però vull dir, entenc molt bé que la gent, de la mateixa manera que nosaltres teníem clar que volíem una constitució, entenc que d'altra gent dubti amb la constitució. Això està pass	transcripcions/pa-017.txt	ASR; pendent d'audicio
discurs	doncs	pa-017	1	r, però també hi havia gent que d'una manera molt democràtica ja està en contra, i perfecte. Doncs a partir d'aquí, sempre hi ha aquest dubte de sapiguer, és que el que nosaltres hem pogut sen	transcripcions/pa-017.txt	ASR; pendent d'audicio
discurs	doncs	pa-017	2	s a nivell parroquial. I ja us ho dic, i es tenia poc en compte la població o el que vulgui. Doncs jo entenc que tot canvi molesta. De la mateixa manera que jo entenc que avui per avui pugui m	transcripcions/pa-017.txt	ASR; pendent d'audicio
discurs	doncs	pa-017	3	"laríssims que no volíem que cap copríncep tingués un dret de veto per qualsevol de les coses. Doncs aquí es va fer una estira i arronsa. Nosaltres vam dir, ""Bueno, d'acord, fem això, ficarem aq"	transcripcions/pa-017.txt	ASR; pendent d'audicio
discurs	evidentment	pa-017	1	des a nivell de totes les parròquies, jo penso que la gent sabia el per què ja anàvem a fer. Evidentment, amb coses diferents, perquè penso que el que era la part endorra la veia i escaldes, eren po	transcripcions/pa-017.txt	ASR; pendent d'audicio
discurs	evidentment	pa-017	2	rtit on hi ha ple de gent, és el que hi perd. És a dir, que sempre hi ha aquesta incognita, i evidentment que teníem nosaltres sí que ho havíem, però el que n'havia decidit era el poble, i hi havia a	transcripcions/pa-017.txt	ASR; pendent d'audicio
discurs	evidentment	pa-017	3	unió de poble va ser una reunió on les reunions de pobles escaldes van ser molt fortes. Clar, evidentment. I nosaltres no estallem aquí per matar els coprínceps. Vull dir, teníem clar que un cop prin	transcripcions/pa-017.txt	ASR; pendent d'audicio
discurs	llavors	pa-017	1	que afluixar. A aquell moment es funcionava per parròquies, la política era molt parroquial. Llavors, algunes parròquies bloquejaven completament el comú. Nosaltres érem conscients que en d'hora	transcripcions/pa-017.txt	ASR; pendent d'audicio
discurs	llavors	pa-017	2	o va dir, companys meus del Parlament, que mentre nosaltres treballàvem ells feien política. Llavors els homes feien política, feien les coses importants, i nosaltres feien el treball. I a mi ai	transcripcions/pa-017.txt	ASR; pendent d'audicio
discurs	per tant	pa-017	1	oble, i hi havia aquest dubte. Sempre hi havia aquesta possibilitat, jo diria més que dubte. Per tant, nosaltres sabíem que tot una part, no vull dir més dels tradicionalistes, però hi havia tota	transcripcions/pa-017.txt	ASR; pendent d'audicio
discurs	perquè	pa-017	1	La Constitució Però hi vam anar molta il·lusió perquè la Constitució nosaltres realment és una cosa que ens interessa. I a més, a l'UCPA era unió d	transcripcions/pa-017.txt	ASR; pendent d'audicio
discurs	perquè	pa-017	2	neral era una Constitució per a Andorra. És així, el que passa és que això ho havíem amagat, perquè des caldes va sortir molt l'impuls per a la Constitució. Teníem claríssim. Nosaltres teníem	transcripcions/pa-017.txt	ASR; pendent d'audicio
discurs	perquè	pa-017	3	es, jo penso que la gent sabia el per què ja anàvem a fer. Evidentment, amb coses diferents, perquè penso que el que era la part endorra la veia i escaldes, eren potser els més progressistes, p	transcripcions/pa-017.txt	ASR; pendent d'audicio
discurs	vull dir	pa-017	1	a, perquè si no no haguéssim pogut fer el que es va fer, penso jo. La cosa no va ser fàcil. Vull dir, nosaltres entraiem amb una proporció nacional. D'aquí la proporció nacional va afluixar per	transcripcions/pa-017.txt	ASR; pendent d'audicio
discurs	vull dir	pa-017	2	amb el copríncepte viscoval, sí que hi va haver moments tensos, i es va arribar amb acords. Vull dir, ara fiquem discussions algunes coses per què vau fer això, i és una negociació que, a vegade	transcripcions/pa-017.txt	ASR; pendent d'audicio
discurs	vull dir	pa-017	3	aquesta possibilitat, jo diria més que dubte. Per tant, nosaltres sabíem que tot una part, no vull dir més dels tradicionalistes, però hi havia tota una sèrie de gent que tenia molta por, després	transcripcions/pa-017.txt	ASR; pendent d'audicio
discurs	és a dir	pa-017	1	a molta gent, i el dia de la votació, aquest partit on hi ha ple de gent, és el que hi perd. És a dir, que sempre hi ha aquesta incognita, i evidentment que teníem nosaltres sí que ho havíem, per	transcripcions/pa-017.txt	ASR; pendent d'audicio
territorial	Escaldes	pa-017	1	fer. Evidentment, amb coses diferents, perquè penso que el que era la part endorra la veia i escaldes, eren potser els més progressistes, perquè tothom ens deia que anàvem cap a una proporcional	transcripcions/pa-017.txt	ASR; pendent d'audicio
territorial	Escaldes	pa-017	2	rròquies bloquejaven completament el comú. Nosaltres érem conscients que en d'hora la vella i escaldes és els quins teníem més potencial a nivell electoral, i moltes vegades trobaries per al·litza	transcripcions/pa-017.txt	ASR; pendent d'audicio
territorial	Escaldes	pa-017	3	altra gent dubti amb la constitució. Això està passant exactament la mateixa, ara. I avontes, escaldes potser hi havia un debat més visceral, perquè les coses potser escaldes sempre s'ha parlat, s	transcripcions/pa-017.txt	ASR; pendent d'audicio
territorial	Sant Julià	pa-017	1	Mari, i era jo. I després quedava el Daniel Armingol, hi havia el Robert Casany, i el Joan de Sant Julià. I nosaltres amb aquella comissió vam treballar molt, molt, molt, molt. I tenim que fer fein	transcripcions/pa-017.txt	ASR; pendent d'audicio
territorial	comú	pa-017	1	ies, la política era molt parroquial. Llavors, algunes parròquies bloquejaven completament el comú. Nosaltres érem conscients que en d'hora la vella i escaldes és els quins teníem més potencia	transcripcions/pa-017.txt	ASR; pendent d'audicio
territorial	copríncep	pa-017	1	n altre costat ens deien un dret de veto. I nosaltres teníem claríssims que no volíem que cap copríncep tingués un dret de veto per qualsevol de les coses. Doncs aquí es va fer una estira i arronsa	transcripcions/pa-017.txt	ASR; pendent d'audicio
territorial	coprínceps	pa-017	1	s escaldes van ser molt fortes. Clar, evidentment. I nosaltres no estallem aquí per matar els coprínceps. Vull dir, teníem clar que un cop principat és el que volíem, els coprínceps no els volíem ap	transcripcions/pa-017.txt	ASR; pendent d'audicio
territorial	coprínceps	pa-017	2	uí per matar els coprínceps. Vull dir, teníem clar que un cop principat és el que volíem, els coprínceps no els volíem apertar. L'únic que nosaltres volíem és tenir més drets i més possibilitats d'a	transcripcions/pa-017.txt	ASR; pendent d'audicio
discurs	a nivell	pa-018	1	anàvem a eleccions, després, encara que algú volgués plantejar una modificació quan se vol, a nivell de programa polític, sabia que el seu recurs era mínim, perquè a algú li feia un recurs allò	transcripcions/pa-018.txt	ASR; pendent d'audicio
discurs	a nivell	pa-018	2	per haver estat aquí formats a l'escola francesa, altres que havien estat formats a Espanya a nivell d'ensenyament superior, i que havien anat aquí a l'escola espanyola, i hi havia diversitat.	transcripcions/pa-018.txt	ASR; pendent d'audicio
discurs	a nivell	pa-018	3	hi havia diversitat. L'únic que sí que ens unia a tots, més o menys, era un criteri de que, a nivell d'Andorra, tots volíem que el nostre país, el que comentava anteriorment, tingués un recone	transcripcions/pa-018.txt	ASR; pendent d'audicio
discurs	a veure	pa-018	1	lers no ho diuen obertament però ho feien per darrere, van intentar, de totes maneres, forçar a veure si, fins a l'última hora, algú, i des de fora alguns els encorxaven a fer-ho, a veure si nos	transcripcions/pa-018.txt	ASR; pendent d'audicio
discurs	a veure	pa-018	2	forçar a veure si, fins a l'última hora, algú, i des de fora alguns els encorxaven a fer-ho, a veure si nosaltres ens carregàvem la pròpia negociació de la Constitució i va haver-hi dies previs	transcripcions/pa-018.txt	ASR; pendent d'audicio
discurs	a veure	pa-018	3	"que el plantejament va ser molt més amb un objectiu de ser pragmàtics i de dir, ""Bueno, anem a veure si ens hem sortit"", perquè no gaire és oportunitats més que aquesta tindrem. I en aquell mom"	transcripcions/pa-018.txt	ASR; pendent d'audicio
discurs	bueno	pa-018	1	nçut que ens calgui una reforma del nivell i de l'importància d'una Constitució. I a Montès, bueno, es busca allà a fer sis propostes, es posen a referèndum, algunes d'elles tenien algunes co	transcripcions/pa-018.txt	ASR; pendent d'audicio
discurs	bueno	pa-018	2	algú li feia un recurs allò que ell havia... es havia compromès davant dels electors, doncs, bueno, quedaria en paper mullat, perquè no podria estar ni efectiu ni res, perquè quedaria allà en	transcripcions/pa-018.txt	ASR; pendent d'audicio
discurs	bueno	pa-018	3	quedaria allà en un propi calaix. Bé, dintre de l'UCPA, quan es va formar, hi havia, doncs, bueno, una joventut que, ideològicament, no veníem tots del mateix punt, perquè veníem alguns que	transcripcions/pa-018.txt	ASR; pendent d'audicio
discurs	bé	pa-018	1	mullat, perquè no podria estar ni efectiu ni res, perquè quedaria allà en un propi calaix. Bé, dintre de l'UCPA, quan es va formar, hi havia, doncs, bueno, una joventut que, ideològicame	transcripcions/pa-018.txt	ASR; pendent d'audicio
discurs	bé	pa-018	2	"s i enriquidors i moltes idees. I, bueno, al final, alguns van dir... ""Escolta, aquí... molt bé discutir, però..."" I avançar, però, per el que necessitem, és que es creï una candidatura i"	transcripcions/pa-018.txt	ASR; pendent d'audicio
discurs	bé	pa-018	3	que ell encessin aquesta idea, ni els altres la bloquejaen, doncs, bueno, ja que dèiem ells bé, sense gastar-se un duro. Per dir-ho d'una manera, i jo crec que la Iglesia és molt interess	transcripcions/pa-018.txt	ASR; pendent d'audicio
discurs	clar	pa-018	1	an se vol acció d'aquestes, i aquests recursos en queixa els tenien els delegats permanents. Clar, què passava, de que els delegats permanents, ells tenien aquest poder que era el poder legis	transcripcions/pa-018.txt	ASR; pendent d'audicio
discurs	clar	pa-018	2	ia dit coses molt grosses, si li dius, escolta, home, perquè tu ho regona, mira, que tal. I, clar, el fet és que hi ha el polític, que és polític per ideals, i aquest és el polític que va a b	transcripcions/pa-018.txt	ASR; pendent d'audicio
discurs	clar	pa-018	3	eno, que al final vam negociar un text que jo crec que és un bon text constitucional. Bueno, clar, aquí segur que si preguntes... cadascú deu tenir la seva pròpia opinió. Bueno, jo, sense fa	transcripcions/pa-018.txt	ASR; pendent d'audicio
discurs	diguem	pa-018	1	fer tacadoli. Hi havia gent que no era molt pròxima a nosaltres, que se'ns va anar apropant, diguem, però vosaltres realment voleu fer això, és que vosaltres, i després, al propi ambient del ca	transcripcions/pa-018.txt	ASR; pendent d'audicio
discurs	diguem	pa-018	2	van acabar sent responsables polítics treballant amb la Constitució, fent-la servir, i tots, diguem, personalment m'ho han dit a mi tots, que gràcies a Déu que avui dia la tenim. Ens havíem se	transcripcions/pa-018.txt	ASR; pendent d'audicio
discurs	doncs	pa-018	1	r sis propostes, es posen a referèndum, algunes d'elles tenien algunes coses bones, altres, doncs eren menys evolutives i molt més conservadores, però tot aquell procés és un procés que està	transcripcions/pa-018.txt	ASR; pendent d'audicio
discurs	doncs	pa-018	2	rquè a algú li feia un recurs allò que ell havia... es havia compromès davant dels electors, doncs, bueno, quedaria en paper mullat, perquè no podria estar ni efectiu ni res, perquè quedaria	transcripcions/pa-018.txt	ASR; pendent d'audicio
discurs	doncs	pa-018	3	perquè quedaria allà en un propi calaix. Bé, dintre de l'UCPA, quan es va formar, hi havia, doncs, bueno, una joventut que, ideològicament, no veníem tots del mateix punt, perquè veníem alg	transcripcions/pa-018.txt	ASR; pendent d'audicio
discurs	llavors	pa-018	1	, i, bueno, el que no vol és trencar gaire ous perquè, si no, li segueixen molt els rastre. Llavors, com més desapercebut passa, millor, quan va passar el problema de que... a través de que hi	transcripcions/pa-018.txt	ASR; pendent d'audicio
discurs	llavors	pa-018	2	"això, la millor després l'Estat tindrà aquesta responsabilitat que no la podríem assumir"". I llavors havíem de buscar que la paraula quedés una miqueta més diluïda dintre del plantejament perqu"	transcripcions/pa-018.txt	ASR; pendent d'audicio
discurs	perquè	pa-018	1	emocràcia que ens poguessin autogestionar internament, però això era una il·lusió irrisòria, perquè no podíem acabar mai de decidir que una cosa que nosaltres al poble endorrà havia decidit, s	transcripcions/pa-018.txt	ASR; pendent d'audicio
discurs	perquè	pa-018	2	abar mai de decidir que una cosa que nosaltres al poble endorrà havia decidit, sobiranament, perquè la seva majoria del Consell General volia que això es fes d'aquesta manera, un recurs en que	transcripcions/pa-018.txt	ASR; pendent d'audicio
discurs	perquè	pa-018	3	ir en el món polític, i no sols en el món polític, sinó també en la ciutadania, en general, perquè tothom era conscient que era com si n'essin acabant els objectius de les nostres institucion	transcripcions/pa-018.txt	ASR; pendent d'audicio
discurs	és a dir	pa-018	1	estar subjectes a recursos i podien estar en un calar els anys sense que entressin en vigor. És a dir, que nosaltres podíem dins que volíem ser com un Parlament a través del Consell General amb	transcripcions/pa-018.txt	ASR; pendent d'audicio
discurs	és a dir	pa-018	2	"ap de casa de la Casa de la Vall. Aquell moment és un... Aquell moment és un inici com tot. És a dir, tu tens els objectius a la teva vida de dir ""Jo voldria fer realitat això"". I un dia, per c"	transcripcions/pa-018.txt	ASR; pendent d'audicio
discurs	és a dir	pa-018	3	antejament de que Andorra pogués tenir un estatus internacional reconegut com un estat més. És a dir, que hi havia diverses lectures i diversos criteris, i la mitra tenia el plantejament de tot	transcripcions/pa-018.txt	ASR; pendent d'audicio
territorial	Canillo	pa-018	1	el canvi institucional. I en la primera, doncs, bueno, vam tenir la sort de tenir persones de Canillo, que van creure amb nosaltres amb el nostre objectiu, i que, bueno, a través de la sindicatu	transcripcions/pa-018.txt	ASR; pendent d'audicio
territorial	Escaldes	pa-018	1	que havien d'evolucionar cap a una altra modernitat. I això va fer una sèrie de persones i Escaldes era un poble molt actiu i molt viu, a nivell de política, a nivell de comerç, a nivell d'host	transcripcions/pa-018.txt	ASR; pendent d'audicio
territorial	Escaldes	pa-018	2	ntejaments i, bueno, d'aquí van sortir a l'època aquella, doncs, bueno, quan estàvem en algun escaldes, caldea, el festival de jazz... Molts de les coses que després algunes d'elles es reprenen	transcripcions/pa-018.txt	ASR; pendent d'audicio
territorial	Escaldes	pa-018	3	eníem la mateixa voluntat de canvi, alguns vista d'una manera molt més forta, diria jo, des d'escaldes, altres d'una manera una miqueta molt més pragmàtica des d'Andorra la vella, però, bueno, ta	transcripcions/pa-018.txt	ASR; pendent d'audicio
territorial	Sant Julià	pa-018	1	n anar a buscar. Jo vaig assumir d'anar de candidat a síndic, sapiguent que perdia, i els de Sant Julià de l'Òrea, molts dels quals ja no hi són per poder-ho explicar, doncs em van dir a mi, mira,	transcripcions/pa-018.txt	ASR; pendent d'audicio
territorial	andorrana	pa-018	1	molt restringits, perquè va haver-hi una època que també hi havia el tema de la nacionalitat andorrana, que s'havia estat molt tancat, hi havia el tema, doncs, bueno, de que estava privat a fer-	transcripcions/pa-018.txt	ASR; pendent d'audicio
territorial	comuns	pa-018	1	e l'època. Dic, jo no portaré, en cap cas, la dimissió del Jaume, que anem amb uns objectius comuns, perquè vosaltres, amb el seu amic síndic, vosaltres fer-ho doncs serà síndic a l'Albert Gel	transcripcions/pa-018.txt	ASR; pendent d'audicio
territorial	comú	pa-018	1	etapes polítiques que he fet, i he trobat aquí companys extraordinaris, en el consell, en el comú, i, bueno, quan t'il·lusiones per projectes, cada projecte té la seva importància. Però, si	transcripcions/pa-018.txt	ASR; pendent d'audicio
territorial	copríncep	pa-018	1	"uny. Pres arriba un moment que cadascú força per les seves part, per exemple, de la part del copríncep Episcopal, van forçar a diverses vegades de dir ""escolta, miri, siguin valents, no hi ha pro"	transcripcions/pa-018.txt	ASR; pendent d'audicio
territorial	copríncep	pa-018	2	"siguin valents, no hi ha problema, facin una república"". No es preocupin, nosaltres, miri, el copríncep ja ho ha dit, ell no li sap creu marxar i tal i qual. I jo recordo que vaig tenir a dir, amb"	transcripcions/pa-018.txt	ASR; pendent d'audicio
territorial	copríncep	pa-018	3	"e fer nosaltres en aquest moment donat és dir-li ""miri, nosaltres guardem el posto del pròxim copríncep, perquè aquest copríncept no serà etern, darrere d'allem vindrà un altre i el pròxim que vin"	transcripcions/pa-018.txt	ASR; pendent d'audicio
territorial	parròquia	pa-018	1	ent d'uns joves que teníem, doncs, una idea de fer evolucionar primer el poble, amb tant que parròquia i després, bueno, canviar també el concepte de país amb tant que millorar les institucions d	transcripcions/pa-018.txt	ASR; pendent d'audicio
territorial	parròquia	pa-018	2	re del plantejament de la segona fase, que van ser uns altres els que van venir a menjar a la parròquia d'en Camp, que estaven molt més oberts per al tema del canvi institucional. I en la primera,	transcripcions/pa-018.txt	ASR; pendent d'audicio
territorial	parròquia	pa-018	3	allí sobre un plantejament que segur que s'havien fet ells sols. Després, Escaldes va ser la parròquia on es va votar el major percentatge de sis del referèndum, i era per què? Perquè la gent s'	transcripcions/pa-018.txt	ASR; pendent d'audicio
discurs	a nivell	pa-019	1	inàmica d'avançar. No sols haver anat amb la Constitució, sinó amb qualsevol tema que entres a nivell de comissions. I això va provocar una dinàmica molt intensiva, la veritat és que es va treba	transcripcions/pa-019.txt	ASR; pendent d'audicio
discurs	a nivell	pa-019	2	ió es tanca el 14 de març. Com a eina, com a instrument i com a presentació d'un gran canvi. A nivell... a partir d'aquí, aquestes eines o aquesta eina es comença a desenvolupar. I es comença a	transcripcions/pa-019.txt	ASR; pendent d'audicio
discurs	a nivell	pa-019	3	'un model que comença obrint els comptes de les empreses, comença amb una certa transparència a nivell intern, després amb un intercambi d'informació, després amb tot un model fiscal que es desen	transcripcions/pa-019.txt	ASR; pendent d'audicio
discurs	bueno	pa-019	1	necessitat de deixar segons quins temes més detallats a la Constitució, més aclarits. Però, bueno, la corrent aquesta jo crec que ja era imperable. Però aquí hi havia gent que era detractora	transcripcions/pa-019.txt	ASR; pendent d'audicio
discurs	bueno	pa-019	2	fórmula d'aquesta amicta que vam muntar. Semblava que perdia part de pes al territori. Però, bueno, el referent va demostrar que la gent va entendre el que estàvem proposant i que es tractava	transcripcions/pa-019.txt	ASR; pendent d'audicio
discurs	bueno	pa-019	3	mportant que tota la gent d'aquí hagués votat favorablement. Quan es planteja aquest tema... Bueno, jo arribo al convenciment que sí, que pot ser que la Constitució no s'aprovi per unanimitat,	transcripcions/pa-019.txt	ASR; pendent d'audicio
discurs	bé	pa-019	1	els quadraconsellers discutíem, parlàvem, i buscàvem qui era la fórmula que ens aqueixava més bé. Realment era tot un tema de consens. El consens començava ja perquè els consellers del ter	transcripcions/pa-019.txt	ASR; pendent d'audicio
discurs	bé	pa-019	2	ema de consens. El consens començava ja perquè els consellers del territori ens entenguessin bé, i estiguéssim d'acord amb les propostes. Aquí a l'ADS feia una feina de transmissió d'infor	transcripcions/pa-019.txt	ASR; pendent d'audicio
discurs	bé	pa-019	3	ostes. Aquí a l'ADS feia una feina de transmissió d'informació perfecta i per treballar molt bé. Totes les comissions teníem... tots els consellers jo crec que teníem en el conscient, en	transcripcions/pa-019.txt	ASR; pendent d'audicio
discurs	clar	pa-019	1	gestionem. Què passa amb el món econòmic? Què passa amb l'activitat econòmica del país? I, clar, trasladals i que la constitució no seria un miracle pel tema econòmic, per què? Que podíem	transcripcions/pa-019.txt	ASR; pendent d'audicio
discurs	diguem	pa-019	1	Jo crec que es va generar una certa complicitat entre els consellers. I va haver una certa, diguem-ne, un bon feeling, no? Trenes globals, eh? Trenes detalls. Que va provocar que s'entres amb	transcripcions/pa-019.txt	ASR; pendent d'audicio
discurs	diguem	pa-019	2	nça a desenvolupar en molts sentits. Crec que on es donen les opcions de poder desenvolupar, diguem-ne, projectes de país, depenent només dels endurrants, petits matisos, no? Ens permet consol	transcripcions/pa-019.txt	ASR; pendent d'audicio
discurs	diguem	pa-019	3	vament, dels endurrants. La constitució s'acaba el 14, però el seu desplegament i les seves, diguem-ne, implementacions a l'ullar de l'història, jo crec. El gran canvi està en que avui en dia	transcripcions/pa-019.txt	ASR; pendent d'audicio
discurs	doncs	pa-019	1	El context d'aquella època era... tots els nostres països de l'entorn havien fet el canvi, doncs venien inclús de dictadura. I nosaltres, en aquell moment, ens havíem quedat posant una mica	transcripcions/pa-019.txt	ASR; pendent d'audicio
discurs	evidentment	pa-019	1	í, que això ha de treballar. I la disolusió del consell anterior va ser un factor que també, evidentment, posava una certa presió dels que estàvem aquí, sense dubte. Si algunes vades ho he pensat,	transcripcions/pa-019.txt	ASR; pendent d'audicio
discurs	evidentment	pa-019	2	ers jo crec que teníem en el conscient, en el subconscient, el fet que la part important era, evidentment, avançar amb el tema constitucional. La comissió de finança es va trobar amb algunes situaci	transcripcions/pa-019.txt	ASR; pendent d'audicio
discurs	evidentment	pa-019	3	l'època. Era una llei que a més allà hi havia el compromís, abans que acabés la legislatura, evidentment, desbloquejar aquesta situació i normalitzar el tema del ordenament financer. Va ser una ll	transcripcions/pa-019.txt	ASR; pendent d'audicio
discurs	llavors	pa-019	1	què? Que podíem ajudar perquè ens donava eines per poder fer més coses que podíem fer fins a llavors. Aquest era el missatge que nosaltres passava, però és normal que hi hagués una certa reticè	transcripcions/pa-019.txt	ASR; pendent d'audicio
discurs	no?	pa-019	1	una certa complicitat entre els consellers. I va haver una certa, diguem-ne, un bon feeling, no? Trenes globals, eh? Trenes detalls. Que va provocar que s'entres amb una dinàmica d'avançar.	transcripcions/pa-019.txt	ASR; pendent d'audicio
discurs	no?	pa-019	2	a la reunió que es va fer aquí. Va anar tot molt de pressa, eh? Potser pecant d'ingenuitat, no? Tenia un convenciment que això estava totalment tancat. Veiem portar una sorpresa. Sabia qu	transcripcions/pa-019.txt	ASR; pendent d'audicio
discurs	no?	pa-019	3	desenvolupar, diguem-ne, projectes de país, depenent només dels endurrants, petits matisos, no? Ens permet consolidar la independència. Erem un país independent, però comencem, aconseguim	transcripcions/pa-019.txt	ASR; pendent d'audicio
discurs	per tant	pa-019	1	its, menys populació. En aquells moments devia ser la tercera paròquia amb més electors. I, per tant, segurament era més fàcil de gestionar-ho que amb quin altre tipus de territori. Jo recordo	transcripcions/pa-019.txt	ASR; pendent d'audicio
discurs	per tant	pa-019	2	obert, hi havia campanyes... Hi havia gent que va fer campanya amb contra de la Constitució, per tant, tampoc era... Però en general, la notaves, la percepció et feia veure que anava molt ben en	transcripcions/pa-019.txt	ASR; pendent d'audicio
discurs	perquè	pa-019	1	posava una certa presió dels que estàvem aquí, sense dubte. Si algunes vades ho he pensat, perquè realment va ser un consell molt intens, es va treballar moltíssim. Jo crec que es va generar	transcripcions/pa-019.txt	ASR; pendent d'audicio
discurs	perquè	pa-019	2	a l'ADS ens informava, a les albarons informava, puntualment de tot el que anava succeint, perquè això era una carrera d'obstacles, constantment anaven a preixer temes que s'havien d'anar res	transcripcions/pa-019.txt	ASR; pendent d'audicio
discurs	perquè	pa-019	3	rmula que ens aqueixava més bé. Realment era tot un tema de consens. El consens començava ja perquè els consellers del territori ens entenguessin bé, i estiguéssim d'acord amb les propostes.	transcripcions/pa-019.txt	ASR; pendent d'audicio
discurs	és a dir	pa-019	1	ment, ens havíem quedat posant una mica enrederits amb això. Bàsicament aquesta és la idea. És a dir, una de les coses que ens va deixar a Marencia, el consell que es va disoldre, va ser això.	transcripcions/pa-019.txt	ASR; pendent d'audicio
discurs	és a dir	pa-019	2	Aquí no podem ni generar exces de conflictes, però tampoc podem deixar els deures sense fer. És a dir, anem a endreçar-ho, simplement. Globalment jo crec que per França el tema estava llançat, e	transcripcions/pa-019.txt	ASR; pendent d'audicio
discurs	és a dir	pa-019	3	ar que la gent va entendre el que estàvem proposant i que es tractava d'un tema d'equilibri. És a dir, no pot ser que la nostra posició sigui la bona. Té que buscar-se una posició que sigui bona	transcripcions/pa-019.txt	ASR; pendent d'audicio
territorial	comuns	pa-019	1	s pel país. Es va treballar, també, amb la llei de competències i les transferències amb els comuns, sempre des d'una òptica que passava, jo crec, més per dir... anem a resoldre provisionalmen	transcripcions/pa-019.txt	ASR; pendent d'audicio
territorial	comuns	pa-019	2	rribarien? El sistema electoral, un altre tema difícil de resoldre. Com seria la relació amb comuns? Jo crec que no hi havia un tema estrella, però hi havia uns quants que eren evidentment mol	transcripcions/pa-019.txt	ASR; pendent d'audicio
discurs	a nivell	pa-020	1	que penso que va ser una fórmula que ha funcionat molt bé. I que precisament també porta que, a nivell comunal, porta que les majories simples, aquestes són majories que finalment arriben a porta	transcripcions/pa-020.txt	ASR; pendent d'audicio
discurs	a nivell	pa-020	2	jories, que aquestes majories sempre són majories simples i acaben amb dimissions. Vull dir, a nivell de comuns, jo penso que es va encertar. És veritat que hi ha gent que troben a faltar la quin	transcripcions/pa-020.txt	ASR; pendent d'audicio
discurs	aviam	pa-020	1	bé, que s'anàveu a perpinyar, feien recursos a la seu. I això resulta que clar, això era..., aviam, potser va funcionar molt bé fins a primers de segle, però després se'ls va fer fèixoc. Se'	transcripcions/pa-020.txt	ASR; pendent d'audicio
discurs	aviam	pa-020	2	"quella quiniela que hi havia, que tu podies agafar amb una llista i fer creus, i dir, ""Mira, aviam, a mi m'agrada aquest, però a aquell no m'agrada"". Bueno, la quiniela... clar, la quiniela la"	transcripcions/pa-020.txt	ASR; pendent d'audicio
discurs	bueno	pa-020	1	"muntar això, perquè he vingut aquella dimissió recent, i tot allò anava tot molt ràpid."" I, bueno, vam anar a la reunió, vam començar a parlar, vam veure la manera de muntar-ho, en aquell mo"	transcripcions/pa-020.txt	ASR; pendent d'audicio
discurs	bueno	pa-020	2	uil·lició amb un altre grup de la Massana, que, històricament, havíem sigut contrari, però, bueno, finalment, el que es buscave és fer una candidatura i de tirar endavant i de... I me'n reco	transcripcions/pa-020.txt	ASR; pendent d'audicio
discurs	bueno	pa-020	3	"bar i m'espequeu, tu, escolta, i jo et dic que ho m'he aterrisar, no?"" Me'n van posar a dir, bueno. Primer els hi vaig dir que no, però els hi vaig dir que no, me'n vaig anar cap a casa, els h"	transcripcions/pa-020.txt	ASR; pendent d'audicio
discurs	bé	pa-020	1	govern que hi havia, hi havia els consuls, els consuls. En aquell moment, potser no eren ben bé del mateix equip, però finalment vam dir, escolta, deixem estar de punyetes, i anem aquí a t	transcripcions/pa-020.txt	ASR; pendent d'audicio
discurs	bé	pa-020	2	it durava dies, eh? Potser anys, bueno, amb aquest 45 anys, perquè, doncs, quan no li anàveu bé, que s'anàveu a perpinyar, feien recursos a la seu. I això resulta que clar, això era..., av	transcripcions/pa-020.txt	ASR; pendent d'audicio
discurs	bé	pa-020	3	ien recursos a la seu. I això resulta que clar, això era..., aviam, potser va funcionar molt bé fins a primers de segle, però després se'ls va fer fèixoc. Se'ls hi feia fèixoc, se'ls hi ve	transcripcions/pa-020.txt	ASR; pendent d'audicio
discurs	clar	pa-020	1	no, finalment em van convèncer i van acabar anar-hi. I quan vam entrar, el que sí que teníem, clar, que sabia fer la Constitució. Nosaltres vam deixar de part totes les rencunis, tot el que	transcripcions/pa-020.txt	ASR; pendent d'audicio
discurs	clar	pa-020	2	ució. I això sí que ho hem tingut, des del primer moment, tots quatre. Tots quatre ho teníem clar. Evidentment, teníem electorat d'una manera i electorat d'una altra, i a vegades l'electorat	transcripcions/pa-020.txt	ASR; pendent d'audicio
discurs	clar	pa-020	3	centrar en el seu moment, nosaltres vam anar per fer la Constitució, i aquí sí que ho teníem clar. Ens vam posar d'acord amb govern, hi havia govern, hi havia el govern que hi havia, hi hav	transcripcions/pa-020.txt	ASR; pendent d'audicio
discurs	diguem	pa-020	1	"Els quarts diuen, ""Escolta, això ha passat"". I d'altres fem la nostra constància de magta. Diguem el que pensem, després de les votacions, o qui guanyarà, guanyarà, o qui perdia. Però el que"	transcripcions/pa-020.txt	ASR; pendent d'audicio
discurs	doncs	pa-020	1	u tenies un pleit, el pleit durava dies, eh? Potser anys, bueno, amb aquest 45 anys, perquè, doncs, quan no li anàveu bé, que s'anàveu a perpinyar, feien recursos a la seu. I això resulta que	transcripcions/pa-020.txt	ASR; pendent d'audicio
discurs	doncs	pa-020	2	indrem més. Era el més jove, era el més cadell, era el que no m'havia posat mai en política, doncs veïtindré la majoria de vots. I clar, després ja no va ser així. Després del 93 ja va ser am	transcripcions/pa-020.txt	ASR; pendent d'audicio
discurs	doncs	pa-020	3	No era evidentment i, finalment, també van acabar votant igualment. Però sí que me'n recordo, doncs, molts nervis, molts nervis. Jo, de Sant Julià, tenia companys que, bueno, que em diuen... E	transcripcions/pa-020.txt	ASR; pendent d'audicio
discurs	evidentment	pa-020	1	I això sí que ho hem tingut, des del primer moment, tots quatre. Tots quatre ho teníem clar. Evidentment, teníem electorat d'una manera i electorat d'una altra, i a vegades l'electorat influeix molt	transcripcions/pa-020.txt	ASR; pendent d'audicio
discurs	evidentment	pa-020	2	es i competències els comuns, jo estava a la llei de... jo estava a la Comissió de Finances, evidentment, vam tindre moltes terres. I sempre vam demanar què voleu, què és el que voleu, no ho volem	transcripcions/pa-020.txt	ASR; pendent d'audicio
discurs	evidentment	pa-020	3	acceptable, no ho hagués entès ningú, no ho hagués entès, de poder posar aquest tema. No era evidentment i, finalment, també van acabar votant igualment. Però sí que me'n recordo, doncs, molts nervi	transcripcions/pa-020.txt	ASR; pendent d'audicio
discurs	no?	pa-020	1	"Escolta, jo he acabat d'arribar i m'espequeu, tu, escolta, i jo et dic que ho m'he aterrisar, no?"" Me'n van posar a dir, bueno. Primer els hi vaig dir que no, però els hi vaig dir que no, me"	transcripcions/pa-020.txt	ASR; pendent d'audicio
discurs	no?	pa-020	2	"a nit sé que em va agafar allà, ""Só para tal"", i els he dit que no, però jo m'expliquen a mi, no? ""Escolta, tu, que és el favor a la política i a esdenar-hi quan et criden."" A vegades, no qu"	transcripcions/pa-020.txt	ASR; pendent d'audicio
discurs	no?	pa-020	3	s copal. I la Masana sempre havia sigut més propis copal que pro-françès, pro-copixafrancès, no? Però a mi no els em generava tot els votants, eh? I clar, diuen els que el vius bé, perquè	transcripcions/pa-020.txt	ASR; pendent d'audicio
discurs	perquè	pa-020	1	"despatx meu i em van trucar i em van dir, ""Escolta, vine, que hem de començar a muntar això, perquè he vingut aquella dimissió recent, i tot allò anava tot molt ràpid."" I, bueno, vam anar a la"	transcripcions/pa-020.txt	ASR; pendent d'audicio
discurs	perquè	pa-020	2	ò quan tu tenies un pleit, el pleit durava dies, eh? Potser anys, bueno, amb aquest 45 anys, perquè, doncs, quan no li anàveu bé, que s'anàveu a perpinyar, feien recursos a la seu. I això resu	transcripcions/pa-020.txt	ASR; pendent d'audicio
discurs	perquè	pa-020	3	e va caure com una gota freda. Me'n recordo que a la Masana, la gent que eren propis copal, perquè també tinguien votants, que eren propis copal. I la Masana sempre havia sigut més propis copa	transcripcions/pa-020.txt	ASR; pendent d'audicio
discurs	vull dir	pa-020	1	que ens venia del Combo de l'Amaçana, nosaltres intentàvem tirar-ho endavant i posar-ho a... Vull dir, després, companys que el consul, els seus consuls, sobretot això vigileu, això sobretot, qu	transcripcions/pa-020.txt	ASR; pendent d'audicio
discurs	vull dir	pa-020	2	, segur. Però fent-ho com es va fer va passar molt bé. I, a més, ja estàvem d'acord, perquè vull dir, sabíem, tots, que finalment, aquesta proporcional nacional hi havia de ser-hi. Finalment, a	transcripcions/pa-020.txt	ASR; pendent d'audicio
discurs	vull dir	pa-020	3	proporcional. Això vol dir que tens entre el Senat i el Congrés, que ho tens tot junts, no? Vull dir que penso que va ser una fórmula que ha funcionat molt bé. I que precisament també porta que,	transcripcions/pa-020.txt	ASR; pendent d'audicio
territorial	Massana	pa-020	1	nera de muntar-ho, en aquell moment es va fer una mica d'equil·lició amb un altre grup de la Massana, que, històricament, havíem sigut contrari, però, bueno, finalment, el que es buscave és fer	transcripcions/pa-020.txt	ASR; pendent d'audicio
territorial	Massana	pa-020	2	s potser la quina més que vam encertar. La llei electoral, la llei electoral... Finalment, a Massana, tots sabíem que hi havia aquesta part de la... Diguéssim, de la part... la proporcional naci	transcripcions/pa-020.txt	ASR; pendent d'audicio
territorial	Massana	pa-020	3	explota quan el president, en aquest cas, el director de la cas, era un company nostre de la Massana, encara que fos a l'oposició... Era un candidat que s'havia presentat i era... Bueno, era u	transcripcions/pa-020.txt	ASR; pendent d'audicio
territorial	Ordino	pa-020	1	els drets de les persones, sobre el tema dels quarts, em recorda en aquell moment la Masana, Ordino i una altra para... Defensa ben els quarts, clar, els quarts. Les altres para qui són, tenie	transcripcions/pa-020.txt	ASR; pendent d'audicio
territorial	Sant Julià	pa-020	1	i electorat d'una altra, i a vegades l'electorat influeix molt. Ens vam trobar amb el cas de Sant Julià, que l'electorat perill va ser molt potent, que després, si volem, ho parlarem, eh? Però a	transcripcions/pa-020.txt	ASR; pendent d'audicio
territorial	Sant Julià	pa-020	2	tornar. Bueno, no ho sé, passat el temps jo penso que... Bueno, primerament els companys de Sant Julià, que van ser els que ens portaven la batuta en aquest tema, i no tots, però jo penso que aix	transcripcions/pa-020.txt	ASR; pendent d'audicio
territorial	Sant Julià	pa-020	3	acabar votant igualment. Però sí que me'n recordo, doncs, molts nervis, molts nervis. Jo, de Sant Julià, tenia companys que, bueno, que em diuen... Escolta, jo no ho havíem gens de clar, el que en	transcripcions/pa-020.txt	ASR; pendent d'audicio
territorial	comunal	pa-020	1	que va ser una fórmula que ha funcionat molt bé. I que precisament també porta que, a nivell comunal, porta que les majories simples, aquestes són majories que finalment arriben a portar un com	transcripcions/pa-020.txt	ASR; pendent d'audicio
territorial	comunals	pa-020	1	a faltar. Encara ni ara gent que em diuen que encara sí hauria de tornar. Però almenys a les comunals, i inclús a les nacionales em diuen, sí hauria de tornar. Bueno, no ho sé, passat el temps j	transcripcions/pa-020.txt	ASR; pendent d'audicio
territorial	comuns	pa-020	1	etot això vigileu, això sobretot, quan es va fer la llei de transferències i competències els comuns, jo estava a la llei de... jo estava a la Comissió de Finances, evidentment, vam tindre molt	transcripcions/pa-020.txt	ASR; pendent d'audicio
territorial	comuns	pa-020	2	"a portar un comú endavant, perquè, amb una majoria simple com la quina s'està governant, els comuns, durant quatre anys, fan la seva feina. ""T'agradarà o no t'agradarà o l'has perdut o l'has gu"	transcripcions/pa-020.txt	ASR; pendent d'audicio
territorial	comuns	pa-020	3	aquestes majories sempre són majories simples i acaben amb dimissions. Vull dir, a nivell de comuns, jo penso que es va encertar. És veritat que hi ha gent que troben a faltar la quiniela, aqu	transcripcions/pa-020.txt	ASR; pendent d'audicio
territorial	comú	pa-020	1	nal, porta que les majories simples, aquestes són majories que finalment arriben a portar un comú endavant, perquè, amb una majoria simple com la quina s'està governant, els comuns, durant q	transcripcions/pa-020.txt	ASR; pendent d'audicio
territorial	comú	pa-020	2	va fer una feinava. Finances, es va fer l'INAF, es va fer el tracte... entre el consell, el comú i govern pel tema de la financia acerció dels comuns, que encara l'ho hauré ara. Es va fer..	transcripcions/pa-020.txt	ASR; pendent d'audicio
territorial	copríncep	pa-020	1	uent, eh, imagina't tu si hi havia l'ambient enrerellit, hi havia l'ambient modernellit. El copríncep Martí Alanís va ser un home d'estat, ell va esposar el que li va esposar, i em van recordar	transcripcions/pa-020.txt	ASR; pendent d'audicio
territorial	copríncep	pa-020	2	ei, i amb la seva manera de fer, va ser un excel·lentíssim senyor, va ser un excel·lentíssim copríncep. Evidentment, no està bé d'acord, però és com es feia, no? Vam viure a èpoques, per exemple	transcripcions/pa-020.txt	ASR; pendent d'audicio
territorial	copríncep	pa-020	3	s, per exemple, i me'n recordo que el setembre anterior, el setembre d'1992, és la carta del copríncep Metarran, que va fer a la sindicatura i que va fer aquí el Consell, que, per exemple, me'n r	transcripcions/pa-020.txt	ASR; pendent d'audicio
discurs	a veure	pa-021	1	r respectuosos amb nosaltres mateixos, teníem que ser respectuosos amb els usos i costums, i a veure, anàvem a fer aquesta Constitució que no era fàcil. Jo crec que el fet que amb el consell ant	transcripcions/pa-021.txt	ASR; pendent d'audicio
discurs	a veure	pa-021	2	panya, durant uns dies la dedicàvem uns dies a França i uns dies a Espanya. Nosaltres anàvem a veure a casa seva. També és veritat que els electors ens tractaven molt bé, i sempre ens convidàve	transcripcions/pa-021.txt	ASR; pendent d'audicio
discurs	a veure	pa-021	3	res hi ha els 28 consellers restants, no? Els 28 consellers asseguts amb aquestes banquetes, a veure, eren molt prudents, eren molt prudents, i ens escoltàvem molt, i ens escoltàvem tant perquè	transcripcions/pa-021.txt	ASR; pendent d'audicio
discurs	aleshores	pa-021	1	aig presentar després d'aquest consell que va tenir que em querimetir, que plegar. I, bueno, aleshores, doncs... em van convèncer, doncs, perquè fos candidat, i la veritat és que això va ser l'an	transcripcions/pa-021.txt	ASR; pendent d'audicio
discurs	aleshores	pa-021	2	Has de sapiguer el que vols fer, però pensant molt el que fas, almenys, a la meva època, no? Aleshores, clar, vam entrar, doncs, a aquest consell, amb un càrrec de responsabilitat terrible. És pe	transcripcions/pa-021.txt	ASR; pendent d'audicio
discurs	bueno	pa-021	1	ue em vaig presentar després d'aquest consell que va tenir que em querimetir, que plegar. I, bueno, aleshores, doncs... em van convèncer, doncs, perquè fos candidat, i la veritat és que això	transcripcions/pa-021.txt	ASR; pendent d'audicio
discurs	bueno	pa-021	2	omençat a treballar-ho, i va passar el que va passar i va haver el dalt de baix aquest, que, bueno, doncs, el consell va demitir en pes. I, bueno, les eleccions de l'any 91, del 5 d'abril de	transcripcions/pa-021.txt	ASR; pendent d'audicio
discurs	bueno	pa-021	3	assar i va haver el dalt de baix aquest, que, bueno, doncs, el consell va demitir en pes. I, bueno, les eleccions de l'any 91, del 5 d'abril de l'any 91, doncs, el poble ens va elegir per aix	transcripcions/pa-021.txt	ASR; pendent d'audicio
discurs	bé	pa-021	1	conomia, sobretot, que tenim les perroquies baixes, com podien ser endorra i escales. És ben bé veritat que, com es diu, les roques baixen sempre cap a les tarteres, i la tartera és endorr	transcripcions/pa-021.txt	ASR; pendent d'audicio
discurs	bé	pa-021	2	e anar parlant amb el poble, aquesta és la veritat. La gent de la perroquia no tothom ho viu bé però ho ve. No tothom, clar, això de perdre dos consellers, era un daltameix per la perroqui	transcripcions/pa-021.txt	ASR; pendent d'audicio
discurs	bé	pa-021	3	. Nosaltres anàvem a veure a casa seva. També és veritat que els electors ens tractaven molt bé, i sempre ens convidàvem a casa, i era com una festa de família, anar bé tot molt bé. Però,	transcripcions/pa-021.txt	ASR; pendent d'audicio
discurs	clar	pa-021	1	e va passar, és a dir, a mi no és massa corrent que un consell tingui que dimitir en pes, i, clar, això, els quins vam entrar, amb aquest consell constituent, l'any 91, l'abril del 91, ens v	transcripcions/pa-021.txt	ASR; pendent d'audicio
discurs	clar	pa-021	2	"er les cases i que feien el porta a porta, doncs, les famílies ens diuen, ""Escolta, perquè, clar, no és massa normal que un consell dimitessin en pes, i això va ser un dalt avall al país,"	transcripcions/pa-021.txt	ASR; pendent d'audicio
discurs	clar	pa-021	3	guer el que vols fer, però pensant molt el que fas, almenys, a la meva època, no? Aleshores, clar, vam entrar, doncs, a aquest consell, amb un càrrec de responsabilitat terrible. És per això	transcripcions/pa-021.txt	ASR; pendent d'audicio
discurs	doncs	pa-021	1	ar després d'aquest consell que va tenir que em querimetir, que plegar. I, bueno, aleshores, doncs... em van convèncer, doncs, perquè fos candidat, i la veritat és que això va ser l'any 91.	transcripcions/pa-021.txt	ASR; pendent d'audicio
discurs	doncs	pa-021	2	que va tenir que em querimetir, que plegar. I, bueno, aleshores, doncs... em van convèncer, doncs, perquè fos candidat, i la veritat és que això va ser l'any 91. La veritat és que tots sabíe	transcripcions/pa-021.txt	ASR; pendent d'audicio
discurs	doncs	pa-021	3	andidat, i la veritat és que això va ser l'any 91. La veritat és que tots sabíem que anàvem, doncs, a crear la nova i primera Constitució endurrana. És a dir, que el poble, doncs, ens va eleg	transcripcions/pa-021.txt	ASR; pendent d'audicio
discurs	evidentment	pa-021	1	ovint, molt sovint, que jo els hi explicava, doncs, el contingut de les negociacions, i ells evidentment em donaven el seu pare. És a dir, que les reunions polítiques, en aquella època, jo recordo	transcripcions/pa-021.txt	ASR; pendent d'audicio
discurs	evidentment	pa-021	2	I nosaltres, malgrat que no vull dir de que no volguéssim de cap manera, el que passa és que, evidentment, el poble ens havia mandatat per negociar la Constitució, i ho teníem que fer, i teníem que	transcripcions/pa-021.txt	ASR; pendent d'audicio
discurs	evidentment	pa-021	3	r una feina molt important del porta-a-porta, perquè a Canilló encara es fa el porta-a-porta, evidentment, potser una mica menys, perquè la perroquia ha criscut molt, però en aquell moment no es dei	transcripcions/pa-021.txt	ASR; pendent d'audicio
discurs	no?	pa-021	1	de l'any 91, doncs, el poble ens va elegir per això, perquè els tràmits ja estaven iniciats, no? Doncs eren prou conscients que anàvem, doncs, a crear, a fabricar, a fer la Constitució, la	transcripcions/pa-021.txt	ASR; pendent d'audicio
discurs	no?	pa-021	2	sponsabilitat, ser autoritat és un càrrec de responsabilitat, s'ha de tenir responsabilitat, no? Has de sapiguer el que vols fer, però pensant molt el que fas, almenys, a la meva època, no?	transcripcions/pa-021.txt	ASR; pendent d'audicio
discurs	no?	pa-021	3	no? Has de sapiguer el que vols fer, però pensant molt el que fas, almenys, a la meva època, no? Aleshores, clar, vam entrar, doncs, a aquest consell, amb un càrrec de responsabilitat terri	transcripcions/pa-021.txt	ASR; pendent d'audicio
discurs	perquè	pa-021	1	tenir que em querimetir, que plegar. I, bueno, aleshores, doncs... em van convèncer, doncs, perquè fos candidat, i la veritat és que això va ser l'any 91. La veritat és que tots sabíem que an	transcripcions/pa-021.txt	ASR; pendent d'audicio
discurs	perquè	pa-021	2	nova i primera Constitució endurrana. És a dir, que el poble, doncs, ens va elegir per això, perquè tothom ho sabia, estàvem convençuts, perquè el consell anterior ja havia iniciat els tràmits,	transcripcions/pa-021.txt	ASR; pendent d'audicio
discurs	perquè	pa-021	3	ir, que el poble, doncs, ens va elegir per això, perquè tothom ho sabia, estàvem convençuts, perquè el consell anterior ja havia iniciat els tràmits, ja havien començat a treballar-ho, i va pa	transcripcions/pa-021.txt	ASR; pendent d'audicio
discurs	vull dir	pa-021	1	fic, és veritat, però en aquell moment no es veia tan clar això. I nosaltres, malgrat que no vull dir de que no volguéssim de cap manera, el que passa és que, evidentment, el poble ens havia man	transcripcions/pa-021.txt	ASR; pendent d'audicio
discurs	vull dir	pa-021	2	ampanya molt forta, molt forta, molt forta, molt forta. I, a més a més, això ho tinc que dir, vull dir, eren els quatre consellers i hi havia famílies, que l'Enric Casadevall, que és el qui n'est	transcripcions/pa-021.txt	ASR; pendent d'audicio
discurs	és a dir	pa-021	1	ritat és que tots sabíem que anàvem, doncs, a crear la nova i primera Constitució endurrana. És a dir, que el poble, doncs, ens va elegir per això, perquè tothom ho sabia, estàvem convençuts, pe	transcripcions/pa-021.txt	ASR; pendent d'audicio
discurs	és a dir	pa-021	2	ió que no era fàcil. Jo crec que el fet que amb el consell anterior passés el que va passar, és a dir, a mi no és massa corrent que un consell tingui que dimitir en pes, i, clar, això, els quins	transcripcions/pa-021.txt	ASR; pendent d'audicio
discurs	és a dir	pa-021	3	tuent, l'any 91, l'abril del 91, ens va posar un pes ademunt d'una responsabilitat terrible. És a dir, jo recordo que, bueno... Escolta, quan anàvem, doncs, a demanar el vot per les cases i que	transcripcions/pa-021.txt	ASR; pendent d'audicio
territorial	Canillo	pa-021	1	vem molt el que teníem que fer. Jo, per exemple, recordo que nosaltres, el meu grup política Canillo, feia un reunió molt sovint, molt sovint, que jo els hi explicava, doncs, el contingut de le	transcripcions/pa-021.txt	ASR; pendent d'audicio
territorial	Canillo	pa-021	2	e vam... el dia de la votació, el dia 2 de febrer, amb aquesta mateixa sala, i el resultat a Canillo, la neva paròquia o la quina... realment, doncs, en tenia la responsabilitat, vam tenir un 7	transcripcions/pa-021.txt	ASR; pendent d'audicio
territorial	Canillo	pa-021	3	vençut, doncs va ser una gran alegria, doncs, de poder, doncs, tenir un 70% dels electors de Canillo que ens fessin confiança. A nosaltres hi ha els 28 consellers restants, no? Els 28 conseller	transcripcions/pa-021.txt	ASR; pendent d'audicio
territorial	parròquia	pa-021	1	manal i d'una manera molt seguida endreçaven moltes coses. Però és que després, al cas de la parròquia de Canillo, nosaltres, amb aquestes reunions que feu amb el comitè parroquial i amb el grup	transcripcions/pa-021.txt	ASR; pendent d'audicio
territorial	parròquia	pa-021	2	nosaltres, amb aquestes reunions que feu amb el comitè parroquial i amb el grup polític de la parròquia, doncs, home, s'explica bé tot. I al cas de Valle, que està bé allà, els hi explicava a tots	transcripcions/pa-021.txt	ASR; pendent d'audicio
territorial	parròquia	pa-021	3	tució. Em sabria molt greu, avui no estaria tan satisfet de la meva Constitució, si la meva parròquia no l'hagués votat, perquè el responsable, el conseller, era jo. Jo era el conseller més jo.	transcripcions/pa-021.txt	ASR; pendent d'audicio
discurs	a veure	pa-022	1	ixí. I a sobre van dir, va m'obligar que fixés data d'eleccions, perquè teníem la por d'anar a veure si ara això duré inextremis. Jo crec que un factor important és el canvi generacional, també.	transcripcions/pa-022.txt	ASR; pendent d'audicio
discurs	a veure	pa-022	2	bar una generació, una gent més jove, no per res, perquè dins de la política, com a molt, té a veure l'equilibri de la gent amb experiència i de la gent que té més impuls. Des impuls, perquè po	transcripcions/pa-022.txt	ASR; pendent d'audicio
discurs	bueno	pa-022	1	ual de país indefinit, a qui ens hi estàvem jugant molt. I suposo que això va ser... Doncs, bueno, hem arribat a aquest punt, ara toque. Portàvem àngels darrere de la reformeta, de no sé què,	transcripcions/pa-022.txt	ASR; pendent d'audicio
discurs	bueno	pa-022	2	"manifestació, aquí, el Consell. Jo hi era, per cert, la primera vegada que hi era. I, però, bueno, i aquell dia va ser, també, històric, i allò va ser l'última vota, que va dir ""tots fora"","	transcripcions/pa-022.txt	ASR; pendent d'audicio
discurs	bueno	pa-022	3	dels promotors era ell, o el promotor, el Lluís Bavi, i que ara hi tinc relació i amistat. Bueno, se m'he tingut amistat, però ho veig més. I és el que va fomentar aquesta queixa, que tal i	transcripcions/pa-022.txt	ASR; pendent d'audicio
discurs	bé	pa-022	1	perquè no té l'experiència. I això va ser, jo crec, bastant determinant. A part que ja feia bé anys que es venia empenyent amb el canvi, i també potser hi havia el sector més clàssic, més	transcripcions/pa-022.txt	ASR; pendent d'audicio
discurs	bé	pa-022	2	gust. I després va fer la llei que jo recordi a la Horta, de la Ràdio de Televisió, que està bé tot altament definit, per dir una forma, fer aquesta llei, i no me'n recordo, i d'altres rel	transcripcions/pa-022.txt	ASR; pendent d'audicio
discurs	bé	pa-022	3	a part els que... Els que, malauradament, ja no hi són, però tothom vius, va vinint, i està bé, perquè és una trobada d'on es fa molta broma, on es fa el dinar i tal... Bé, fas broma, po	transcripcions/pa-022.txt	ASR; pendent d'audicio
discurs	clar	pa-022	1	, podia durar un any o podia durar els quatre anys. I aquest va ser l'objectiu. Teníem molt clar que ens hi jugàvem molt, perquè si no s'arriba a fer la Constitució i continuem amb el siste	transcripcions/pa-022.txt	ASR; pendent d'audicio
discurs	clar	pa-022	2	s, no sé si dos, tres o quatre, al cap de casa, no? I es va dir que eren... es va deixar ben clar que eren reunions secretes, i que allà al Parlament no podies sortir d'aquella sala. I, si	transcripcions/pa-022.txt	ASR; pendent d'audicio
discurs	de fet	pa-022	1	sitàvem d'or, les va tindre jo crec també bons assessors, i va ser una constitució moderna. De fet, no s'ha tocat amb aquests 31 anys, que s'ha de modificar alguna cosa o no, no ho sé. Vull d	transcripcions/pa-022.txt	ASR; pendent d'audicio
discurs	diguem	pa-022	1	algo que no toquis. Es va buscar fer un país modern reconegut i guardar el mateix temps als, diguem, els usos certs i costums. Certa personalitat. A Andorra estem en una situació que potser,	transcripcions/pa-022.txt	ASR; pendent d'audicio
discurs	doncs	pa-022	1	ema actual de país indefinit, a qui ens hi estàvem jugant molt. I suposo que això va ser... Doncs, bueno, hem arribat a aquest punt, ara toque. Portàvem àngels darrere de la reformeta, de no	transcripcions/pa-022.txt	ASR; pendent d'audicio
discurs	doncs	pa-022	2	ia un més o menys, no? Però, per als motius d'estudis, que havien estat uns i altres a fora, doncs em sembla que va ser el segon any, l'any 94, o així, que, quan va passar pel cap, li va dir,	transcripcions/pa-022.txt	ASR; pendent d'audicio
discurs	doncs	pa-022	3	primera part de la Constitució, els del 91, el 92, i així ho van fer. I ara, des de llavons, doncs som els de tots. I, normalment, que estiguin mateixos, ens reuníem 31. Algú, perquè després	transcripcions/pa-022.txt	ASR; pendent d'audicio
discurs	evidentment	pa-022	1	Però com que ningú tenia aquest esperit, vam fer la llista de tot el que es tenia que fer, evidentment van treballar... ho vam separar per comissions, no? També, vull dir, ja que van treballar les	transcripcions/pa-022.txt	ASR; pendent d'audicio
discurs	evidentment	pa-022	2	que van estar negociant la Constitució directament, diran que hi va haver moments difícils, evidentment, però crec que no va ser tan difícil. Jo sí que me'n recordo, també, que aquí a casa de bal	transcripcions/pa-022.txt	ASR; pendent d'audicio
discurs	llavors	pa-022	1	cament i un executiu tal com està. Un país modern. I una cosa amb un gran record que tinc de llavors, i encara duré ara, és que el consens era ple. No mai havíem pensat ni en aquestes de tendèn	transcripcions/pa-022.txt	ASR; pendent d'audicio
discurs	llavors	pa-022	2	veritat no sabia, almenys per part meva i els que hi ha els més propers, mai s'havia tingut, llavors, n'és per feina. Llavors, al entrar dins del procés constituent, sabíem que el missatge era	transcripcions/pa-022.txt	ASR; pendent d'audicio
discurs	llavors	pa-022	3	per part meva i els que hi ha els més propers, mai s'havia tingut, llavors, n'és per feina. Llavors, al entrar dins del procés constituent, sabíem que el missatge era arribar a aconseguir que	transcripcions/pa-022.txt	ASR; pendent d'audicio
discurs	no?	pa-022	1	rencar. Aquí va haver-hi, l'any no me'n recordo qui més va ser, va haver-hi principis de 92, no? Va haver-hi tota aquella manifestació, aquí, el Consell. Jo hi era, per cert, la primera veg	transcripcions/pa-022.txt	ASR; pendent d'audicio
discurs	no?	pa-022	2	qual, i tot el que va aconseguir que la gent... m'entens que vullis una mica més la cassola, no? Jo no havia anat mai al Consell, però aquell dia potser perquè hi ha... portava d'anys a din	transcripcions/pa-022.txt	ASR; pendent d'audicio
discurs	no?	pa-022	3	"t mai al Consell, però aquell dia potser perquè hi ha... portava d'anys a dins, amb d'altres, no? Aquesta inquietud va dir ""posa, avui aniré"", no? Estàvem aquí amb un altre company meu, que"	transcripcions/pa-022.txt	ASR; pendent d'audicio
discurs	o sigui	pa-022	1	ig, no podies fer. Segons, tot el que era representació internacional, no teníem res a fer. O sigui, al fons, el que es buscava era tenir una independència com a país. I el que és el que hi ha	transcripcions/pa-022.txt	ASR; pendent d'audicio
discurs	perquè	pa-022	1	urar els quatre anys. I aquest va ser l'objectiu. Teníem molt clar que ens hi jugàvem molt, perquè si no s'arriba a fer la Constitució i continuem amb el sistema actual de país indefinit, a q	transcripcions/pa-022.txt	ASR; pendent d'audicio
discurs	perquè	pa-022	2	"i allò va ser l'última vota, que va dir ""tots fora"", i, a més, fixeu el dia de les eleccions perquè no ens enfiàvem, perquè hi havia un per aquí. Jo no sé quan va ser venta exactament, sé que"	transcripcions/pa-022.txt	ASR; pendent d'audicio
discurs	perquè	pa-022	3	"ota, que va dir ""tots fora"", i, a més, fixeu el dia de les eleccions perquè no ens enfiàvem, perquè hi havia un per aquí. Jo no sé quan va ser venta exactament, sé que hi havia un dels promoto"	transcripcions/pa-022.txt	ASR; pendent d'audicio
discurs	vull dir	pa-022	1	que es tenia que fer, evidentment van treballar... ho vam separar per comissions, no? També, vull dir, ja que van treballar les lleis que estan vinculades directament amb la Constitució, i anirà	transcripcions/pa-022.txt	ASR; pendent d'audicio
discurs	vull dir	pa-022	2	De fet, no s'ha tocat amb aquests 31 anys, que s'ha de modificar alguna cosa o no, no ho sé. Vull dir, amb el temps hi ha coses que perduren més, però, bueno, sempre s'ha d'anar posant les coses	transcripcions/pa-022.txt	ASR; pendent d'audicio
discurs	vull dir	pa-022	3	hi ha algunes, potser, anècdotes, que es van viure alguns més que altres, però, en general, vull dir, ja et dic que la Constitució està un segur que tira endavant. Quan fèiem la campanya de la	transcripcions/pa-022.txt	ASR; pendent d'audicio
discurs	és a dir	pa-022	1	arlau, si vos tu, de tenir la independència de poder decidir el que volíem perdre en d'orra. És a dir, que no haguéssim demanat mai d'una certa manera autorització o el suport dels coprínceptes,	transcripcions/pa-022.txt	ASR; pendent d'audicio
discurs	a nivell	pa-023	1	el riu hauria d'anar agafant els metros, a més, haurà d'anar bé creixent. I després, també, a nivell d'agricultura, vam disfrutar molt, perquè vull dir, vam lluitar molt per el que era la dalla	transcripcions/pa-023.txt	ASR; pendent d'audicio
discurs	a nivell	pa-023	2	se l'havia d'ajudar amb tots els aspectes, que també hi van participar molt, i després això a nivell d'agricultura. I després, a serveis públics, a la comissió de serveis públics, vam col·labo	transcripcions/pa-023.txt	ASR; pendent d'audicio
discurs	a nivell	pa-023	3	la comissió de serveis públics, vam col·laborar molt amb totes les obres que s'havien de fer a nivell de cas a l'abai, o del consell. I eren les dues comissions que més m'agradaven. Jo crec que	transcripcions/pa-023.txt	ASR; pendent d'audicio
discurs	a veure	pa-023	1	erroca de Sant Julià van... Em sembla que és la que va ser més castigada, en aquest aspecte. A veure, les eleccions del 92, us diré que potser van ser més fàcils que les primeres, perquè les pr	transcripcions/pa-023.txt	ASR; pendent d'audicio
discurs	a veure	pa-023	2	algun punt que no estaves d'acord. Vull dir que es va aportar de com ho acorren, entre tots. A veure, jo estava a la comissió de serveis públics i a la comissió d'agricultura, i després també f	transcripcions/pa-023.txt	ASR; pendent d'audicio
discurs	a veure	pa-023	3	La dalla dels Prats, per mi, era importantíssim. Vull dir, el que no podia veure, passar per a veure els que... Vull dir, sempre he tingut el cap sovissa, i en d'hora havíem de ser la sovissa d	transcripcions/pa-023.txt	ASR; pendent d'audicio
discurs	bueno	pa-023	1	Llavors, va entrar el seu lloc, el subcíndic, el Josep Casal, que és el Bartoló de Canillo. Bueno, de l'aldosa de Canillo. Després hi va haver un manifest que es va firmar aquí dins del conse	transcripcions/pa-023.txt	ASR; pendent d'audicio
discurs	bueno	pa-023	2	us dic, a fora del consell, només a les comissions, hi havia uns debats extraordinaris, però, bueno, tot escalme, la vida. I amb tots els companys, tant de la primera legislatura com de la se	transcripcions/pa-023.txt	ASR; pendent d'audicio
discurs	bueno	pa-023	3	rquè la veritat preges que els hi arrenquessin un cuixal, perquè perdien dos consellers, però bueno, perdien dos consellers a la territoria, però a la nacional no podem guanyar 4 o 5. Va cost	transcripcions/pa-023.txt	ASR; pendent d'audicio
discurs	bé	pa-023	1	hauria de passar la comissió dels B2 d'aigua, acompanyats d'uns tècnics de govern i un bon bé que prenia les mides, i, a més, el riu hauria d'anar agafant els metros, a més, haurà d'anar	transcripcions/pa-023.txt	ASR; pendent d'audicio
discurs	bé	pa-023	2	que prenia les mides, i, a més, el riu hauria d'anar agafant els metros, a més, haurà d'anar bé creixent. I després, també, a nivell d'agricultura, vam disfrutar molt, perquè vull dir, va	transcripcions/pa-023.txt	ASR; pendent d'audicio
discurs	de fet	pa-023	1	importants. Effectivament, va ser dos legislatures, dos legislatures que van ocupar 4 anys, de fet, i amb 4 anys van viure 4 síndics. Van viure el síndic Bial, que per qüestions de salut, el	transcripcions/pa-023.txt	ASR; pendent d'audicio
discurs	de fet	pa-023	2	com estaven sentats a l'èpoor per parròquies, després es va acabar. Amb la Constitució del 2 de fet, quan al final del 93 la gent estaven sentats per grups. Però era molt maco, jo considero q	transcripcions/pa-023.txt	ASR; pendent d'audicio
discurs	diguem	pa-023	1	van crear, crec que l'hem 84, 82%, i, llavors, vull dir, no hi havia ministra de l'interior. Diguem, el Quim Anàve i la policia eren els veguers. Amb el procés constituent i tot això, i amb la	transcripcions/pa-023.txt	ASR; pendent d'audicio
discurs	llavors	pa-023	1	depenia dels veguers. Com que no depenia del govern el van crear, crec que l'hem 84, 82%, i, llavors, vull dir, no hi havia ministra de l'interior. Diguem, el Quim Anàve i la policia eren els ve	transcripcions/pa-023.txt	ASR; pendent d'audicio
discurs	llavors	pa-023	2	dics. Van viure el síndic Bial, que per qüestions de salut, el pobre va tenir de renunciar. Llavors, va entrar el seu lloc, el subcíndic, el Josep Casal, que és el Bartoló de Canillo. Bueno, d	transcripcions/pa-023.txt	ASR; pendent d'audicio
discurs	llavors	pa-023	3	ment. Aquest document encara hi deu suposo que en algun lloc el trobareu, eh? Per continuar, llavors, va disoldre, vam canviar, vam posar desíndic al senyor Llerge a l'abert, i, llavors, és qu	transcripcions/pa-023.txt	ASR; pendent d'audicio
discurs	perquè	pa-023	1	que feien part de la Junta Constitucional, van tenir molta feina lluitar en aquells moments, perquè els co-príncepts i sobretot els representants perdien coses a detriment del poble d'endorra.	transcripcions/pa-023.txt	ASR; pendent d'audicio
discurs	perquè	pa-023	2	a, que ara van firmar pràcticament tots els que ens la van fer caure. Menos ho haig d'hi dir perquè... Vull dir, com que no s'enfia ben gaire, els van fer firmar tots. Menos un gran company de	transcripcions/pa-023.txt	ASR; pendent d'audicio
discurs	perquè	pa-023	3	cte. A veure, les eleccions del 92, us diré que potser van ser més fàcils que les primeres, perquè les primeres va costar molt entrar. I a les del 92, el poble el va ser un ple visit electora	transcripcions/pa-023.txt	ASR; pendent d'audicio
discurs	vull dir	pa-023	1	ions amb els co-príncepts, amb els representants dels co-príncepts, el consell Constitut... Vull dir, els que feien part de la Junta Constitucional, van tenir molta feina lluitar en aquells mome	transcripcions/pa-023.txt	ASR; pendent d'audicio
discurs	vull dir	pa-023	2	els veguers. Com que no depenia del govern el van crear, crec que l'hem 84, 82%, i, llavors, vull dir, no hi havia ministra de l'interior. Diguem, el Quim Anàve i la policia eren els veguers. Am	transcripcions/pa-023.txt	ASR; pendent d'audicio
discurs	vull dir	pa-023	3	van firmar pràcticament tots els que ens la van fer caure. Menos ho haig d'hi dir perquè... Vull dir, com que no s'enfia ben gaire, els van fer firmar tots. Menos un gran company de Canillo, qu	transcripcions/pa-023.txt	ASR; pendent d'audicio
discurs	és a dir	pa-023	1	er complicades sempre, hi havia un ambient molt tens al nivell del consell per no disfrutar. És a dir, el que vam disfrutar molt va ser que hi va haver un ambient molt tens, però, gràcies al fet	transcripcions/pa-023.txt	ASR; pendent d'audicio
discurs	és a dir	pa-023	2	ar. I a les del 92, el poble el va ser un ple visit electoral, tant a totes les perroques, és a dir, que quan vam arribar aquí, els 28 consellers, s'havíem exactament, però no havíem d'anar, i	transcripcions/pa-023.txt	ASR; pendent d'audicio
discurs	és a dir	pa-023	3	e és els B2 d'aigua, vull dir si volia recordar-ho, perquè per la gent que no van conèixer, és a dir, que quan algú volia construir el riu, hauria de passar la comissió dels B2 d'aigua, acompan	transcripcions/pa-023.txt	ASR; pendent d'audicio
territorial	Canillo	pa-023	1	enunciar. Llavors, va entrar el seu lloc, el subcíndic, el Josep Casal, que és el Bartoló de Canillo. Bueno, de l'aldosa de Canillo. Després hi va haver un manifest que es va firmar aquí dins d	transcripcions/pa-023.txt	ASR; pendent d'audicio
territorial	Canillo	pa-023	2	seu lloc, el subcíndic, el Josep Casal, que és el Bartoló de Canillo. Bueno, de l'aldosa de Canillo. Després hi va haver un manifest que es va firmar aquí dins del consell, de tots els consell	transcripcions/pa-023.txt	ASR; pendent d'audicio
territorial	Canillo	pa-023	3	.. Vull dir, com que no s'enfia ben gaire, els van fer firmar tots. Menos un gran company de Canillo, que els va dir que els votarí, però que ell, vull dir, la paraula, per ell, era sagrada, i	transcripcions/pa-023.txt	ASR; pendent d'audicio
territorial	Sant Julià	pa-023	1	es va crear dins aquesta casa, el poble després els va castigar. Jo, sobretot, la perroca de Sant Julià van... Em sembla que és la que va ser més castigada, en aquest aspecte. A veure, les eleccio	transcripcions/pa-023.txt	ASR; pendent d'audicio
territorial	parròquia	pa-023	1	el sistema aquest, de cara a la Constitució, el sistema de 14 en llista nacional i de dos per parròquia, jo crec que és un sistema fantàstic, perquè a mi el que estaria completament en contra era	transcripcions/pa-023.txt	ASR; pendent d'audicio
discurs	a nivell	pa-024	1	l govern és més gran. No per què el consell l'hi deixi, sinó per convicció, no? Llavors, clar, a nivell ja ho habert a mi o a govern també, i que els contactes internacionals fan o paris, i això van	transcripcions/pa-024.txt	ASR; pendent d'audicio
discurs	a veure	pa-024	1	i va ser amb aquest context que va tenir lloc a aquesta conversa, però jo crec que també anar a veure una mica més enllà de aquella cosuntura complicada a la legislatura. n'ha de quedar a la preci	transcripcions/pa-024.txt	ASR; pendent d'audicio
discurs	a veure	pa-024	2	més joves, i era amb els que potser teníem un posicionament més clar. En recordó que vam anar a veure a los carribes, abans de anar amb aquesta reunió, i vam exposar el nostre neguit. No hi ens va	transcripcions/pa-024.txt	ASR; pendent d'audicio
discurs	a veure	pa-024	3	podia la cosa... Modificació, el primer que vaig fer és parlar amb el Pere Elty Miri i digna'm a veure el Oscar. Si no som bo curres més, el Pere sabia que... Podria comptar-me ell en aquest moment	transcripcions/pa-024.txt	ASR; pendent d'audicio
discurs	bueno	pa-024	1	el dia de les nostres institucions i de la nostra manera de la manera d'organitzar el país. I, bueno, això tots els anys 80 van produir aquest procés de maduració nostra i de maduració del país i	transcripcions/pa-024.txt	ASR; pendent d'audicio
discurs	bueno	pa-024	2	a ser una explotació molt interessant, amb repeti diverses vegades, ja viuen pats, ja viuen... Bueno, la veritat seria apassionant des del punt de vista de la policia, i això sí que ho seguia. Pe	transcripcions/pa-024.txt	ASR; pendent d'audicio
discurs	bueno	pa-024	3	a de l'estat espanyola. Després, el fer més gran, potser vaig entendre que una configuració... Bueno, una mica a Federalitzant, no és dolenta, però en d'orra. Però llavors sí que veiem molt que c	transcripcions/pa-024.txt	ASR; pendent d'audicio
discurs	bé	pa-024	1	s del 89, del desembre del 89, encara era un partit, perdó un partit, un sistema de partits, i bé, símptomes de l'anti-regim. És molt exagerat d'això, però particulat porament amb les parròqui	transcripcions/pa-024.txt	ASR; pendent d'audicio
discurs	bé	pa-024	2	... de avançar amb temes socials, de avançar amb reconeixement de drets humans, com això topar bé amb una part de conservadurisme endorrà, ens va explicar una mica el seu punt de vista i va re	transcripcions/pa-024.txt	ASR; pendent d'audicio
discurs	bé	pa-024	3	o és tan solitari. I llavors, bueno, la part sincera que tenia, aquests plantejament, ja li va bé, però la part més estratègica se li va a una mica contrariada, no? És la que fa una mica contr	transcripcions/pa-024.txt	ASR; pendent d'audicio
discurs	clar	pa-024	1	-ne al país i recullir una protecció dels drets humans, dels delfornamentals. Per tant, teníem clar el cap la idea de una constitució i la volia, Sintre d'Amen. de la qualitat de la qualitat de	transcripcions/pa-024.txt	ASR; pendent d'audicio
discurs	clar	pa-024	2	birania, que ting del tot sobren d'orra, no? Llavors es va regever una cosa amb l'altra. Però, clar, a principi, la seva posició era, com, durant el procés de reforma molt confortable, perquè el	transcripcions/pa-024.txt	ASR; pendent d'audicio
discurs	clar	pa-024	3	erò ja veieu. No calen posar-se d'acord, no calen de voler, a reforma els mateixos no la veuen clar, doncs posició confortable. El sondorrant ja paraven, i ell era l'home progressista. França fe	transcripcions/pa-024.txt	ASR; pendent d'audicio
discurs	de fet	pa-024	1	em d'orra i això. I vam estar parlant. no pot ser això, de com ell veia el procés constituent. De fet, ens va dibuixar una mica la seva teoria, que és una mica la teoria de la Mitra, amb tot el pr	transcripcions/pa-024.txt	ASR; pendent d'audicio
discurs	de fet	pa-024	2	les nacions unides. I això el recitué amb un paper cap de l'altre del procés. I a més, aquest de fet, a més, també és a més tricteria de separació de poder. El Parlament Lígor es ponia a fer la c	transcripcions/pa-024.txt	ASR; pendent d'audicio
discurs	doncs	pa-024	1	ens acabava de agradar. És a dir, consideràvem que caliés democratitzar més el país, No ho sé, doncs, no ho sé, no ho sé, no ho sé, no ho sé, no ho sé, no ho sé, no ho sé, no ho sé, no ho sé, no	transcripcions/pa-024.txt	ASR; pendent d'audicio
discurs	doncs	pa-024	2	a procés, m'en recordo que estava aquí, quan es va formar la sindicatura del Josep Maria V.L., doncs vaig dir, perquè va ser una explotació molt interessant, amb repeti diverses vegades, ja viuen	transcripcions/pa-024.txt	ASR; pendent d'audicio
discurs	doncs	pa-024	3	ns quants, va organitzar el marc, una trobada amb el Comprinció de Viscopà, amb el Joan Martí, doncs amb un lloc de platxa per allà al Vai Gébre. I, bueno, pues, era amb uns quants aquests dels r	transcripcions/pa-024.txt	ASR; pendent d'audicio
discurs	evidentment	pa-024	1	, les seves prevencions amb relació a la oligarquia, el que ell té a la oligarquia, el déi, o, evidentment, o les classes dominants endorranes o... Bueno, les classes que em van refletant a avions esta	transcripcions/pa-024.txt	ASR; pendent d'audicio
discurs	evidentment	pa-024	2	'estat de l'estat de l'estat de l'est Els candidats que podia... que em sembla amb l'Ista, no? Evidentment, a dos que havíem estat consellers de govern, llavors teníem, bueno, poso rellevant-se a polít	transcripcions/pa-024.txt	ASR; pendent d'audicio
discurs	llavors	pa-024	1	e que una configuració... Bueno, una mica a Federalitzant, no és dolenta, però en d'orra. Però llavors sí que veiem molt que calia superar, perquè era el debat que havia en aquell moment superar el	transcripcions/pa-024.txt	ASR; pendent d'audicio
discurs	llavors	pa-024	2	ap una mica de greu perdre el poder que ting la sobirania, que ting del tot sobren d'orra, no? Llavors es va regever una cosa amb l'altra. Però, clar, a principi, la seva posició era, com, durant e	transcripcions/pa-024.txt	ASR; pendent d'audicio
discurs	llavors	pa-024	3	ficat. No hi ha problema, però a la que sigui un estat dret, tampoc no ho veiem clar. És clar, llavors, el Comprín serà viscopal, que era com el campió de la voluntat modernitzadora, no? I aquí, aq	transcripcions/pa-024.txt	ASR; pendent d'audicio
discurs	no?	pa-024	1	egim. És molt exagerat d'això, però particulat porament amb les parròquies, preconstitucional, no? I sí que és veritat que per part de alguns que estaven molt integrats amb aquell sistema de pa	transcripcions/pa-024.txt	ASR; pendent d'audicio
discurs	no?	pa-024	2	è... Per què... Home, sempre... Jo me'n recordo que deia, m'ho ja debé... de partits nacional, no? Tenen la nació com alguna cosa que hauria d'estar per sobre de la parròquia. No era el que t'h	transcripcions/pa-024.txt	ASR; pendent d'audicio
discurs	no?	pa-024	3	dir, aquí va haver-hi una jugada generacional que ja la ve veureé bastant de seguida, aquesta, no? Després, després, també penses amb un clau del procés constituent. Jo depós entrava el govern	transcripcions/pa-024.txt	ASR; pendent d'audicio
discurs	o sigui	pa-024	1	adurisme endorrà, ens va explicar una mica el seu punt de vista i va recollir també el nostre. O sigui, i tots coincidinem la necessitat de fer un sal des del procés de reforma cap a procés constit	transcripcions/pa-024.txt	ASR; pendent d'audicio
discurs	o sigui	pa-024	2	que el Sant Maria d'enver, no ho sé si s'havien estat el dina, el Pere no havia estat el dina, o sigui, era una mica com dos subgrups aquella nit, però, bueno, en tot cas, allà hi era amb els quatr	transcripcions/pa-024.txt	ASR; pendent d'audicio
discurs	per tant	pa-024	1	va caure malal, i va anar tot plegat, va acabar un canvi de sindic, i amb un canvi de majoria, per tant, era moments complicats pel procés constituent, i va ser amb aquest context que va tenir lloc	transcripcions/pa-024.txt	ASR; pendent d'audicio
discurs	per tant	pa-024	2	, i democratitzar-ne al país i recullir una protecció dels drets humans, dels delfornamentals. Per tant, teníem clar el cap la idea de una constitució i la volia, Sintre d'Amen. de la qualitat de la	transcripcions/pa-024.txt	ASR; pendent d'audicio
discurs	per tant	pa-024	3	molts enfàcils que jo aquí he de poder garantir la independència de la soberania d'Andorra, i per tant necessito uns poder residuals. I no ho sé, no ho sé. Com han de ser aquests poders? Una vegada	transcripcions/pa-024.txt	ASR; pendent d'audicio
discurs	perquè	pa-024	1	ecordo que estava aquí, quan es va formar la sindicatura del Josep Maria V.L., doncs vaig dir, perquè va ser una explotació molt interessant, amb repeti diverses vegades, ja viuen pats, ja viuen..	transcripcions/pa-024.txt	ASR; pendent d'audicio
discurs	perquè	pa-024	2	ederalitzant, no és dolenta, però en d'orra. Però llavors sí que veiem molt que calia superar, perquè era el debat que havia en aquell moment superar el mar que estic també... per roquial. I és ve	transcripcions/pa-024.txt	ASR; pendent d'audicio
discurs	perquè	pa-024	3	es del procés de reforma cap a procés constituent. I els perils que, en aquell moment hi havia perquè això segur era la legislatura 90-901, que era l'aquest menó. Els rescurissin diuen molta incer	transcripcions/pa-024.txt	ASR; pendent d'audicio
discurs	és a dir	pa-024	1	ica entre consell i govern, per anar mantenint l'estat Husqüa. Això no ens acabava de agradar. És a dir, consideràvem que caliés democratitzar més el país, No ho sé, doncs, no ho sé, no ho sé, no ho	transcripcions/pa-024.txt	ASR; pendent d'audicio
discurs	és a dir	pa-024	2	e hauria d'estar per sobre de la parròquia. No era el que t'he avançat a la representativitat. És a dir, per un costat, consideràvem que s'havien introduït alguna manera a proporcionalitat en el sis	transcripcions/pa-024.txt	ASR; pendent d'audicio
discurs	és a dir	pa-024	3	e pas, hi ha obro una mica cap a una generació més jove, Vicent Mateu, a la disbaró, etcètera. És a dir, aquí va haver-hi una jugada generacional que ja la ve veureé bastant de seguida, aquesta, no?	transcripcions/pa-024.txt	ASR; pendent d'audicio
territorial	Escaldes	pa-024	1	de polític, no només amb gent de Sant Julià, sinó amb gent de... que vinguin guanyant d'orra i escaldes, van anar a buscar a los carribes que era una mica més granquells per abandonar. El canvi inst	transcripcions/pa-024.txt	ASR; pendent d'audicio
territorial	Escaldes	pa-024	2	genda constitucionalista. I tot el concil sí apunté, però no tan convençuts com els d'endorrer escaldes i los que. Llavors, jo crec que amb aquesta primera fase, el paper del govern és més gran. No	transcripcions/pa-024.txt	ASR; pendent d'audicio
territorial	Sant Julià	pa-024	1	t de alguns que estaven molt integrats amb aquell sistema de partits parroquial, en concret de Sant Julià, m'avien insinuat possibilitat d'incorporar-me a la política. Però ara el plantejament, com di	transcripcions/pa-024.txt	ASR; pendent d'audicio
territorial	Sant Julià	pa-024	2	mar que estic també... per roquial. I és veritat, per la molt de polític, no només amb gent de Sant Julià, sinó amb gent de... que vinguin guanyant d'orra i escaldes, van anar a buscar a los carribes	transcripcions/pa-024.txt	ASR; pendent d'audicio
territorial	Sant Julià	pa-024	3	Sant Averí hi ha a mi, que era a ministres de Bors, i ja tenia un cert cartutxos electorals a Sant Julià per jugar una batalla electoral, i va buscar més pesa a daltes parròquies. no hi ha cap a l'es	transcripcions/pa-024.txt	ASR; pendent d'audicio
territorial	parròquia	pa-024	1	té a l'altre pol, però que és pres en realitat coprínseps, paper dels coprínseps i paper de la parròquia, són els dos temes medolars per mi del procés constituent i del que defineix la constitució. P	transcripcions/pa-024.txt	ASR; pendent d'audicio
territorial	parròquia	pa-024	2	... de partits nacional, no? Tenen la nació com alguna cosa que hauria d'estar per sobre de la parròquia. No era el que t'he avançat a la representativitat. És a dir, per un costat, consideràvem que	transcripcions/pa-024.txt	ASR; pendent d'audicio
territorial	parròquia	pa-024	3	de fer compatible la lògica de dos grups. De més no, però de dos bàsics. Un era el grup de la parròquia, de la qual estaves escrit, cada una amb les ces particularitats, és el grup de la Comissió Co	transcripcions/pa-024.txt	ASR; pendent d'audicio
discurs	a veure	pa-025	1	agués donat instruccions al seu equip, doncs no estaríem parlant d'això ara, que segurament. A veure, el copríncep Martí nosaltres no el criticarem, per respecte, no perquè no hi és, sinó per r	transcripcions/pa-025.txt	ASR; pendent d'audicio
discurs	a veure	pa-025	2	alguns vam començar a anar a l'Elisè, a l'Elisè, com aquell qui diu, no en sabien gran cosa. A veure, les licències eren un escàndol que el meu pare i els que arribes es van cuidar de anar-lo m	transcripcions/pa-025.txt	ASR; pendent d'audicio
discurs	a veure	pa-025	3	i amb el govern aclarir que ha de ser un govern responsable davant del consell i una mica. A veure, la qüestió dels quarts es queda la Constitució per una qüestió política, el contingut jurídi	transcripcions/pa-025.txt	ASR; pendent d'audicio
discurs	aleshores	pa-025	1	hi ha un terra bastall a 20 quilòmetres d'aquí, perquè s'han de readaptar les estratègies i aleshores ens tornem més prim mirats i comencen a dir que no volen la monaquització d'Andorra, però la	transcripcions/pa-025.txt	ASR; pendent d'audicio
discurs	aleshores	pa-025	2	molt ràpidament, però ja es fa la primera declaració i s'arranca la Comissió Constituent. I aleshores es fan les primeres tripartides i allà qui porta la veu cantant és el Consell General. I la	transcripcions/pa-025.txt	ASR; pendent d'audicio
discurs	aleshores	pa-025	3	? Hi va haver alguna tensió, perquè a les carrives també tenia passió per la Constitució, i aleshores volia tenir iniciatives, i el Consell no acabava d'agradar-li que el govern d'alguna manera	transcripcions/pa-025.txt	ASR; pendent d'audicio
discurs	bueno	pa-025	1	Però sí, és a dir, les licències haurien estat un bon exemple, si no seguessin empotats... Bueno, de fet, és el mateix moment, l'any 90. El que ens molesta perquè no correspon a la realitat	transcripcions/pa-025.txt	ASR; pendent d'audicio
discurs	bueno	pa-025	2	uè allà el príncep d'Andret de Beto sobirà, i tots qui ets i escoltar el que diu el príncep, bueno, sí, és una Constitució dels anys 30, però no del 1990, no? I evidentment no vam estar d'aco	transcripcions/pa-025.txt	ASR; pendent d'audicio
discurs	bueno	pa-025	3	el 1990, i després l'aplicació al primer de juliol del 1991 de l'entrada a Múnieu-Duanero. -Bueno, hi va haver moltes reunions que no surten al llibre, i aquí el paper de l'Òscar Ribes és imp	transcripcions/pa-025.txt	ASR; pendent d'audicio
discurs	bé	pa-025	1	lligams amb el copríncer francès per poder explicar-li allò amb línia directa el que s'està bé fent i com ho estàvem fent, perquè baixaven per les tripartides, no han d'oblidar el paper i	transcripcions/pa-025.txt	ASR; pendent d'audicio
discurs	bé	pa-025	2	orra amb el discurs del Bisbell. Van estar a punt de fer trontollar el procés, perquè anirà bé uns quants, que tinc els noms, que evidentment no us els donaré, que van començar a flujar.	transcripcions/pa-025.txt	ASR; pendent d'audicio
discurs	bé	pa-025	3	reunions que no surten al llibre, i aquí el paper de l'Òscar Ribes és important, que no està bé el Consell, però l'Òscar va ajudar molt a Andorra, va ajudar a tots, i va tenir diverses con	transcripcions/pa-025.txt	ASR; pendent d'audicio
discurs	clar	pa-025	1	onal, no cap a els senyors ungits de, no sé sap, quina sabidoria jurídica o política. Però, clar, és que el govern també estava capititisminuit per la intervenció dels senyors veguers, que	transcripcions/pa-025.txt	ASR; pendent d'audicio
discurs	clar	pa-025	2	és el seu entorn. Mira, jo li faig un preàmbul perquè el que li diré arrederevo i que quedi clar que no ve des de cap animat versió a ningú. Jo tinc una excel·lent relació personal, jo sóc a	transcripcions/pa-025.txt	ASR; pendent d'audicio
discurs	clar	pa-025	3	n una ambició d'exercir el poder terrenal aquí amb aquestes valls. Si ens traslladem al sud, clar, l'emputació de competències que representa la Constitució representa un trasvalls per als s	transcripcions/pa-025.txt	ASR; pendent d'audicio
discurs	de fet	pa-025	1	xelles. Aquest règim d'intercanvi bilateral amb Espanya i en França, que eren les licències, de fet, o en part important les licències, això s'ha acabat. Ara hem d'anar a un règim que afecti	transcripcions/pa-025.txt	ASR; pendent d'audicio
discurs	de fet	pa-025	2	sí, és a dir, les licències haurien estat un bon exemple, si no seguessin empotats... Bueno, de fet, és el mateix moment, l'any 90. El que ens molesta perquè no correspon a la realitat és que	transcripcions/pa-025.txt	ASR; pendent d'audicio
discurs	diguem	pa-025	1	e els copríncepts queden amputats de moltes competències i de competències que en Francesc en diguem regalient, és a dir, el camp de mando en plaça amb castellà. Però el mando en plaça, l'Elisé	transcripcions/pa-025.txt	ASR; pendent d'audicio
discurs	diguem	pa-025	2	stà llegint la cartilla, amb un discurs que ha preparat el Neymès i Marquers, duríssimament, diguem que estan abandonant les essències i la teoria de la monequització, i la cara que fan els do	transcripcions/pa-025.txt	ASR; pendent d'audicio
discurs	diguem	pa-025	3	"do, era una mica el mateix que no havíem acceptat a la mitra amb el tema de votar-ho, com us diguem el text de la Constitució, i ho canviarem, no? Era ""home, no siguem tan revolucionaris, ja"	transcripcions/pa-025.txt	ASR; pendent d'audicio
discurs	doncs	pa-025	1	en queixa als delegats permanents dels coprínceps i als delegats permanents dels coprínceps, doncs tombaven la llei, la paralitzaven, les menaven. És a dir, que aquí no teníem veritablement un	transcripcions/pa-025.txt	ASR; pendent d'audicio
discurs	doncs	pa-025	2	drets de la defensa, i, d'alguna manera, a mi m'ho va explicar el Robert Pontilló en primer, doncs és quan va donar instruccions al Girover Menage, que era el que primer va portar la negociaci	transcripcions/pa-025.txt	ASR; pendent d'audicio
discurs	doncs	pa-025	3	la primera fase, que el que volguessin els elegits endorrans i endavant cap a la Constitució, doncs va canviar això. És a dir, indirectament aquelles persones condemnades pel Tribunal d'Ecords,	transcripcions/pa-025.txt	ASR; pendent d'audicio
discurs	evidentment	pa-025	1	estar a punt de fer trontollar el procés, perquè anirà bé uns quants, que tinc els noms, que evidentment no us els donaré, que van començar a flujar. I sí que us diré els que no vam flujar de cap m	transcripcions/pa-025.txt	ASR; pendent d'audicio
discurs	evidentment	pa-025	2	el que diu el príncep, bueno, sí, és una Constitució dels anys 30, però no del 1990, no? I evidentment no vam estar d'acord. El fet que fóssim vàrius que t'amestàvem a la permanent facilitava mol	transcripcions/pa-025.txt	ASR; pendent d'audicio
discurs	evidentment	pa-025	3	nys. Fracassar-te aquest intent és quan li vam demanar a l'Òscar que mirés de parlar, perquè evidentment ni tenia més accés, per exemple jo, i parlava i us he dit les relacions personals que hi ten	transcripcions/pa-025.txt	ASR; pendent d'audicio
discurs	no?	pa-025	1	", doncs nosaltres estriparem les cartes, perquè de comèdia no hem vingut aquí a fer comèdia, no? I la tàctica sempre el mateixa, ""Doné mi dos voltes, deixem-nos reflexionar, marxen i tornen"	transcripcions/pa-025.txt	ASR; pendent d'audicio
discurs	no?	pa-025	2	scoltar el que diu el príncep, bueno, sí, és una Constitució dels anys 30, però no del 1990, no? I evidentment no vam estar d'acord. El fet que fóssim vàrius que t'amestàvem a la permanent	transcripcions/pa-025.txt	ASR; pendent d'audicio
discurs	no?	pa-025	3	s importants a les tres parroques que he anomenat, anaven amb sintonia perquè parlaven molt, no? Hi va haver alguna tensió, perquè a les carrives també tenia passió per la Constitució, i a	transcripcions/pa-025.txt	ASR; pendent d'audicio
discurs	o sigui	pa-025	1	onals que hi tenia i que hi tinc, però clar, jo era ressentit i rebut com la meva de França, o sigui, aleshores era una mica perillós, amb aquest sentit. L'Òscar no era sospitós ni de ser l'home	transcripcions/pa-025.txt	ASR; pendent d'audicio
discurs	per tant	pa-025	1	t l'expressió que el com d'humana, no com d'humana, sinó com els canons del Montesquí human. Per tant, teníem un govern, abans li he dit que una de les màves motivacions polítiques era poder ten	transcripcions/pa-025.txt	ASR; pendent d'audicio
discurs	per tant	pa-025	2	no es podia acabar des del govern, s'havia de fer canviant la norma institucional global i, per tant, buscant una Constitució, que a França hi ha un president de la República Ecoprèncep de Endor	transcripcions/pa-025.txt	ASR; pendent d'audicio
discurs	per tant	pa-025	3	veïlla i d'escaldes en Gordany, i el Miquel a la Gió, que eren els que eren les comissions. Per tant, i això... França no va fer cap cop de força, ni per si ni per no. L'imitava, això ho van mi	transcripcions/pa-025.txt	ASR; pendent d'audicio
discurs	perquè	pa-025	1	ts. Mira, he parlat de les consellers generals que van arribar aquí, el consell molt grans, perquè abans no els deixaven votar, que eren les que arribessin i el meu pare. El que era insoporta	transcripcions/pa-025.txt	ASR; pendent d'audicio
discurs	perquè	pa-025	2	ir la condemna a França, com que tenien doble nacionalitat, tenien la nacionalitat alemanya, perquè a Txecoslovà, que en aquell moment no estava al Consell d'Europa, els van demanar ajuda al Co	transcripcions/pa-025.txt	ASR; pendent d'audicio
discurs	perquè	pa-025	3	emany de París, i els van donar assistència jurídica i van acabar portant Endorra i França, perquè era Espanya i França eren membres i Endorra no eren el Tribunal. El copríncer, en aquest cas	transcripcions/pa-025.txt	ASR; pendent d'audicio
discurs	vull dir	pa-025	1	cs és la demostració d'una voluntat de construir un relat que no es correspon a la realitat, vull dir a mi, i a mi se'n pot discutir si vam fer una cosa o una altra, però tenim les actes, però cl	transcripcions/pa-025.txt	ASR; pendent d'audicio
discurs	és a dir	pa-025	1	s delegats permanents dels coprínceps, doncs tombaven la llei, la paralitzaven, les menaven. És a dir, que aquí no teníem veritablement un Parlament, eligeíem consellers generals, però era un Pa	transcripcions/pa-025.txt	ASR; pendent d'audicio
discurs	és a dir	pa-025	2	que volguessin els elegits endorrans i endavant cap a la Constitució, doncs va canviar això. És a dir, indirectament aquelles persones condemnades pel Tribunal d'Ecords, portant l'efer Estrasburg	transcripcions/pa-025.txt	ASR; pendent d'audicio
discurs	és a dir	pa-025	3	ueden amputats de moltes competències i de competències que en Francesc en diguem regalient, és a dir, el camp de mando en plaça amb castellà. Però el mando en plaça, l'Elisé, no perquè jo sigui	transcripcions/pa-025.txt	ASR; pendent d'audicio
territorial	Escaldes	pa-025	1	us diré els que no vam flujar de cap manera, que vam ser els consellers d'endorra veïlla i d'escaldes en Gordany, i el Miquel a la Gió, que eren els que eren les comissions. Per tant, i això...	transcripcions/pa-025.txt	ASR; pendent d'audicio
territorial	Escaldes	pa-025	2	"compartim"" i després ""convencem"". Són el cònsul de Caníliu que es posarà síndic i el cònsul d'escaldes, el Gín Casal, per govern vini el Josep d'Alleres, i allà vam tenir tres sessions que jo rec"	transcripcions/pa-025.txt	ASR; pendent d'audicio
territorial	Escaldes	pa-025	3	a l'hotel rotllant a la Massana, que a poc a poc hi van acabar en tots menys els d'endorra i escaldes, que no ens van convidar més o més. És a dir, no és que decidissim nonari, no vam tenir l'o	transcripcions/pa-025.txt	ASR; pendent d'audicio
territorial	Massana	pa-025	1	cament no és desenvolupable, però els consellers de la Comissió Constituent d'Ordino i de la Massana ens van demanar amb insistència que es mantingués una referència als quarts perquè, si no, h	transcripcions/pa-025.txt	ASR; pendent d'audicio
territorial	Massana	pa-025	2	lguns van començar a recordar la vella política, i van fer una reunió a l'hotel rotllant a la Massana, que a poc a poc hi van acabar en tots menys els d'endorra i escaldes, que no ens van convid	transcripcions/pa-025.txt	ASR; pendent d'audicio
territorial	Ordino	pa-025	1	diria que tècnicament no és desenvolupable, però els consellers de la Comissió Constituent d'Ordino i de la Massana ens van demanar amb insistència que es mantingués una referència als quarts	transcripcions/pa-025.txt	ASR; pendent d'audicio
territorial	Sant Julià	pa-025	1	Calvó estava totalment en línia i no era a la Constituent, és a dir, i el Joan Santa Maria, Sant Julià, estava totalment en línia, és a dir, clar, i aquests que eren tres pesos polítics important	transcripcions/pa-025.txt	ASR; pendent d'audicio
territorial	comunals	pa-025	1	gués volgut desenvolupar un lliçat de competències dels quarts al costat de les competències comunals, això, evidentment, no ho hauríem pogut acceptar. Però això va ser una de les decisions polí	transcripcions/pa-025.txt	ASR; pendent d'audicio
territorial	comuns	pa-025	1	l'home de França, ni de no ser un demòcrata cristià convençut. La tripartida govern-consell comuns és clau perquè la Constitució tira endavant, perquè allà és on convencem els representants d	transcripcions/pa-025.txt	ASR; pendent d'audicio
territorial	comuns	pa-025	2	m tenir tres sessions que jo recordi, però van ser importants perquè hi havia reticències els comuns. He d'explicar els títols de la Constitució, la representació territorial, els poders dels c	transcripcions/pa-025.txt	ASR; pendent d'audicio
territorial	comuns	pa-025	3	s. He d'explicar els títols de la Constitució, la representació territorial, els poders dels comuns, el que serà després la llei de competències i de transferències, i amb el govern aclarir qu	transcripcions/pa-025.txt	ASR; pendent d'audicio
territorial	copríncep	pa-025	1	instruccions al seu equip, doncs no estaríem parlant d'això ara, que segurament. A veure, el copríncep Martí nosaltres no el criticarem, per respecte, no perquè no hi és, sinó per respecte perquè	transcripcions/pa-025.txt	ASR; pendent d'audicio
territorial	copríncep	pa-025	2	reforçament de la personalitat d'Andorra i del camí cap a la Constitució, però una cosa és el copríncep i l'altra és el seu entorn. Mira, jo li faig un preàmbul perquè el que li diré arrederevo i	transcripcions/pa-025.txt	ASR; pendent d'audicio
territorial	copríncep	pa-025	3	manera hi volgués ficar acollerada, i a mi em tocava una mica arbitrar i moderar. No era un copríncep, que això després ho vam dir que ho farien els coprínceps, d'arbitrar i moderar, però es trac	transcripcions/pa-025.txt	ASR; pendent d'audicio
territorial	coprínceps	pa-025	1	nia i encara defeneixo ara, referint-me a aquella època, com el paternalisme autoritari dels coprínceps. I això era una cosa que ens era bastant insoportable a tots. Mira, he parlat de les consell	transcripcions/pa-025.txt	ASR; pendent d'audicio
territorial	coprínceps	pa-025	2	sprés d'eterminats grups d'interessos, fèiem un recurs en queixa als delegats permanents dels coprínceps i als delegats permanents dels coprínceps, doncs tombaven la llei, la paralitzaven, les mena	transcripcions/pa-025.txt	ASR; pendent d'audicio
territorial	coprínceps	pa-025	3	em un recurs en queixa als delegats permanents dels coprínceps i als delegats permanents dels coprínceps, doncs tombaven la llei, la paralitzaven, les menaven. És a dir, que aquí no teníem veritabl	transcripcions/pa-025.txt	ASR; pendent d'audicio
territorial	parròquia	pa-025	1	onàvem voltes perquè. Però també els que estaven més violents, i n'hi havia amb alguna altra parròquia, jo crec que són els que quan nosaltres vam marxar i ens van veure tan clarament decidits a	transcripcions/pa-025.txt	ASR; pendent d'audicio
territorial	veguer	pa-025	1	partides, no han d'oblidar el paper importantíssim que va tenir, i no li agraït prou l'últim veguer, el messier Courtois, no Courtois, no, no em veig d'agrair. L'últim veguer fa un paper impor	transcripcions/pa-025.txt	ASR; pendent d'audicio
territorial	veguer	pa-025	2	raït prou l'últim veguer, el messier Courtois, no Courtois, no, no em veig d'agrair. L'últim veguer fa un paper important i el fa, sobretot, perquè ell ja ve aquí, com a veguer, nomenat per l'	transcripcions/pa-025.txt	ASR; pendent d'audicio
territorial	veguer	pa-025	3	agrair. L'últim veguer fa un paper important i el fa, sobretot, perquè ell ja ve aquí, com a veguer, nomenat per l'Elisé, perquè és company amic del gil·levenatge, i el gil·levenatge l'envia a	transcripcions/pa-025.txt	ASR; pendent d'audicio
discurs	a nivell	pa-026	1	"a, per les comunals, ""Unió de Ciutadans, Pau Progrés i l'Administració"", que era UCPA. Però a nivell nacional, volia dir, pels 89, una Constitució per l'endorra. Era imprescindible, no hi havia"	transcripcions/pa-026.txt	ASR; pendent d'audicio
discurs	a nivell	pa-026	2	re també molts bons assessors. I d'allà ja va sorgir tots els contactes que teníem de tindre a nivell d'Europa. Va fins i tot el seu secretari. A veure, que no, t'apunta. Mira, a Inglaterra, el	transcripcions/pa-026.txt	ASR; pendent d'audicio
discurs	a nivell	pa-026	3	"va ser una cosa que va anar bé per tothom."" ""I hi havia un malentès."" ""Hi havia un malentès a nivell de la representació de les paròquies."" ""El consell és una bicàmera, això."" ""N'hi ha 12 que r"	transcripcions/pa-026.txt	ASR; pendent d'audicio
discurs	a veure	pa-026	1	t de fer un país amb paraules afegits, no hi havia reconeixement. És tan evident. És a dir, a veure... Erem una generació, la majoria, educats a França, la majoria, no tots, eh? Però teníem l	transcripcions/pa-026.txt	ASR; pendent d'audicio
discurs	a veure	pa-026	2	tots els contactes que teníem de tindre a nivell d'Europa. Va fins i tot el seu secretari. A veure, que no, t'apunta. Mira, a Inglaterra, el braç de dretxo de la... el braç dret de la Tàxer é	transcripcions/pa-026.txt	ASR; pendent d'audicio
discurs	a veure	pa-026	3	"uè en ""Gaterra"" no en tenia de Constitució. Bueno, dic, ja ho sé, ja ho sabem, home, però... A veure, per aquests lleis fonamentals, i per a tindre tot el que triu, ho tindré a tallar el coll d"	transcripcions/pa-026.txt	ASR; pendent d'audicio
discurs	bueno	pa-026	1	ndicat. Ell feia part del grup del Dijous. Es va incorporar a l'UCPA, va ser Consola 84. I, bueno, vam proposar, vam guanyar les eleccions del 89, amb el projecte aquest, d'una Constitució op	transcripcions/pa-026.txt	ASR; pendent d'audicio
discurs	bueno	pa-026	2	, que tenia la Judit, amb l'aigua, i... Dic, dono el telèfon. I em va donar el telèfon. I, bueno, el feu bé el cíndic, doncs, clar, tindré de parlar d'aquí, d'aquí de cap de govern, no? El	transcripcions/pa-026.txt	ASR; pendent d'audicio
discurs	bueno	pa-026	3	"g dir, ""Mira, Òscar, i això?"" Diu ""Estic d'acord"". ""Si estàs d'acord, quan agafes l'avió?"" ""Bueno, ja et trucaré"". I dic ""No, no, ja m'espero"". ""Ja m'espero, que no"". I, bueno, me'n quedo ai"	transcripcions/pa-026.txt	ASR; pendent d'audicio
discurs	bé	pa-026	1	sa de lloguer, no? I vols fer, no sé què tal, no pots, si no tens el permís de l'amor... Va bé, doncs aquí és el mateix. Vull que s'entengui que és el mateix. Llavors, la casa és dels end	transcripcions/pa-026.txt	ASR; pendent d'audicio
discurs	bé	pa-026	2	m ex-índics i ex-e, però avui dins va votar massivament. I el primer dia ja vam plantejar-ho bé al desíndic, el Germària bé al desíndic, aquí. I vam fer 14-14. La primera sessió de Consti	transcripcions/pa-026.txt	ASR; pendent d'audicio
discurs	bé	pa-026	3	i dins va votar massivament. I el primer dia ja vam plantejar-ho bé al desíndic, el Germària bé al desíndic, aquí. I vam fer 14-14. La primera sessió de Constitució del Consell General. I	transcripcions/pa-026.txt	ASR; pendent d'audicio
discurs	clar	pa-026	1	# Una vegada feta la feina òcumú, doncs, clar, amb quatre anys, vam començar a consolidar el projecte de la Constitució Democràtica i Soci	transcripcions/pa-026.txt	ASR; pendent d'audicio
discurs	clar	pa-026	2	i... Dic, dono el telèfon. I em va donar el telèfon. I, bueno, el feu bé el cíndic, doncs, clar, tindré de parlar d'aquí, d'aquí de cap de govern, no? El senyor l'he pintat, em va trucar i	transcripcions/pa-026.txt	ASR; pendent d'audicio
discurs	clar	pa-026	3	ident d'un Parlament Europeu, i el Miguel Ángel Martínez, president d'un Consell d'Europa. I clar, jo vaig parlar amb l'Òscar, i l'Òscar es diu amb denari de seguida. Vam demanar ara a l'Enr	transcripcions/pa-026.txt	ASR; pendent d'audicio
discurs	doncs	pa-026	1	# Una vegada feta la feina òcumú, doncs, clar, amb quatre anys, vam començar a consolidar el projecte de la Constitució Democràtica	transcripcions/pa-026.txt	ASR; pendent d'audicio
discurs	doncs	pa-026	2	e lloguer, no? I vols fer, no sé què tal, no pots, si no tens el permís de l'amor... Va bé, doncs aquí és el mateix. Vull que s'entengui que és el mateix. Llavors, la casa és dels endorrans.	transcripcions/pa-026.txt	ASR; pendent d'audicio
discurs	doncs	pa-026	3	aigua, i... Dic, dono el telèfon. I em va donar el telèfon. I, bueno, el feu bé el cíndic, doncs, clar, tindré de parlar d'aquí, d'aquí de cap de govern, no? El senyor l'he pintat, em va tru	transcripcions/pa-026.txt	ASR; pendent d'audicio
discurs	evidentment	pa-026	1	per als dos estats veïns només, no per a tothom. Que dintre d'això hi havia punts essencials evidentment, de les llibertats, dels drets i llibertats que hi ha a la Constitució, ho teníem clar. Però	transcripcions/pa-026.txt	ASR; pendent d'audicio
discurs	llavors	pa-026	1	ança, la majoria, no tots, eh? Però teníem l'estat de separació de poders aquí, el CAP, no? Llavors, eh... Això és com si tu... Perdó, aquest digue de tu, però això és com si tu tens una casa	transcripcions/pa-026.txt	ASR; pendent d'audicio
discurs	llavors	pa-026	2	l permís de l'amor... Va bé, doncs aquí és el mateix. Vull que s'entengui que és el mateix. Llavors, la casa és dels endorrans. El país és dels endorrans. És del poble endorrà, el país. Ja es	transcripcions/pa-026.txt	ASR; pendent d'audicio
discurs	llavors	pa-026	3	b tot el respecte ho dic, perquè és una bona persona, i el projecte volia més que tot, no? I llavors vam convèncer els companys de la Maçana, avui vam votar 14-14, i allà els companys de la Maç	transcripcions/pa-026.txt	ASR; pendent d'audicio
discurs	no?	pa-026	1	"pels països. El nostre grup ens va costar trobar-li un nom, però, al final, ho vam trobar, no? Es deia, per les comunals, ""Unió de Ciutadans, Pau Progrés i l'Administració"", que era UCPA"	transcripcions/pa-026.txt	ASR; pendent d'audicio
discurs	no?	pa-026	2	a França, la majoria, no tots, eh? Però teníem l'estat de separació de poders aquí, el CAP, no? Llavors, eh... Això és com si tu... Perdó, aquest digue de tu, però això és com si tu tens	transcripcions/pa-026.txt	ASR; pendent d'audicio
discurs	no?	pa-026	3	és com si tu... Perdó, aquest digue de tu, però això és com si tu tens una casa de lloguer, no? I vols fer, no sé què tal, no pots, si no tens el permís de l'amor... Va bé, doncs aquí és	transcripcions/pa-026.txt	ASR; pendent d'audicio
discurs	o sigui	pa-026	1	a llavors, per arreglar tot, perquè ja estàvem malalt, per arreglar tot, vol fer casa meva. O sigui, que teníem una amistat important. Però jo no he anat mai contra ningú, si m'he anat a favor	transcripcions/pa-026.txt	ASR; pendent d'audicio
discurs	o sigui	pa-026	2	cràcia cristiana i italiana és l'Estè Gariri. De França i d'Espanya me n'ocupo jo, vol dir. O sigui que teníem França, Espanya, Alemanya, Itàlia, Inglaterra. T'hem parlat de l'any 90, eh? Acl	transcripcions/pa-026.txt	ASR; pendent d'audicio
discurs	o sigui	pa-026	3	"nceptes, i ens hauria d'atendre, sisplau, perquè... ho reformarem tot, la justícia també"". O sigui, que... Es va parar aquí tota la comissió d'investigació al Pontillon de Puig, es va parar d"	transcripcions/pa-026.txt	ASR; pendent d'audicio
discurs	per tant	pa-026	1	0. Era irreversible. Vam aconseguir, en quatre mesos, la irreversibilitat del projecte. I, per tant, a partir d'allà, es va començar a engegar tot. Es va començar a engegar la taula tripartita,	transcripcions/pa-026.txt	ASR; pendent d'audicio
discurs	perquè	pa-026	1	e la reformeta tractava amb assaig, i la Constitució tracta amb ciutadans. Ja t'ho dic tot. Perquè no em vull estendre amb les coses de palàcia que hi van mull d'espació, no? No vull parlar d	transcripcions/pa-026.txt	ASR; pendent d'audicio
discurs	perquè	pa-026	2	eneral. I aquella nit vam aconseguir que els companys de la Maçana vinguessin amb nosaltres, perquè votaven la candidatura, l'altra candidatura, que era el del Raül Croçell del CET, amb tot el	transcripcions/pa-026.txt	ASR; pendent d'audicio
discurs	perquè	pa-026	3	atura, l'altra candidatura, que era el del Raül Croçell del CET, amb tot el respecte ho dic, perquè és una bona persona, i el projecte volia més que tot, no? I llavors vam convèncer els compan	transcripcions/pa-026.txt	ASR; pendent d'audicio
discurs	vull dir	pa-026	1	molt importants, va fer el centre hospitalari, va comprar fer de... va fer el tractat d'UNE, vull dir que va ser un bon cap de govern, però amb la Constitució patinàvem, no? I la prova que ho pi	transcripcions/pa-026.txt	ASR; pendent d'audicio
discurs	vull dir	pa-026	2	"an va començar a sentar-se la taula tripartita, l'Albert, a mi, em va donar plena confiança. Vull dir, no em feia patir. ""Oh, projecte, molt sentit, que era, clar que era."" Una Constitució que c"	transcripcions/pa-026.txt	ASR; pendent d'audicio
discurs	és a dir	pa-026	1	ossibilitat de fer un país amb paraules afegits, no hi havia reconeixement. És tan evident. És a dir, a veure... Erem una generació, la majoria, educats a França, la majoria, no tots, eh? Però	transcripcions/pa-026.txt	ASR; pendent d'audicio
territorial	Canillo	pa-026	1	çana es van adherir amb aquest projecte. Vam fer el Sindic i el senyor Casal, el Bortoló, de Canillo, del Sub-Syndic, i amb la proposta de l'Oscar Ribes de cap de govern. Perquè... per què? Pe	transcripcions/pa-026.txt	ASR; pendent d'audicio
territorial	Escaldes	pa-026	1	I llavors jo me'n recordo que a les eleccions 89 pujava... jo parlo així, eh? Pujaven cap a Escaldes, des de casa, i l'Oscar baixava del banc, a l'encarreig que la tenia allà al garage a Palira	transcripcions/pa-026.txt	ASR; pendent d'audicio
territorial	Escaldes	pa-026	2	. I el dia 1, a la tarda, es van reunir 5 parròquies, a l'Amaçana, que no van convidar ni a Escaldes ni a Andorra. I ens hem ben enterat. Jo vaig trucar al Josep Arell, de soleu, que sou amics	transcripcions/pa-026.txt	ASR; pendent d'audicio
territorial	Escaldes	pa-026	3	"a tranquil·la."" ""No, no, no, el cíndic és no."" ""Bueno, és igual."" ""La fem, la fem, va."" ""D'Escaldes hi va anar jo, l'Andorra o el Jaume Bartomeu, que li vaig trucar, perquè no ens havien convi"	transcripcions/pa-026.txt	ASR; pendent d'audicio
territorial	Massana	pa-026	1	, l'Òscar va ser hipermòl, el Consell ens va delegar a mi i al francès Grau Esplendiu, de la Massana, que també és mort, pobret, em vau descansar i molt bona persona, per anar a fer que ets con	transcripcions/pa-026.txt	ASR; pendent d'audicio
territorial	Ordino	pa-026	1	"ho farem."" ""Però la Constitució no té res a veure amb l'intervenció..."" ""de la Obert Pujol d'Ordino, brillantíssima..."" ""Ens vam comptar, i quan vam passar de 15..."" ""pujàvem ser 28."" ""Sempre"	transcripcions/pa-026.txt	ASR; pendent d'audicio
territorial	Sant Julià	pa-026	1	cap de govern, però amb la Constitució patinàvem, no? I la prova que ho pintades van posar a Sant Julià es van posar a l'oposició. I llavors jo me'n recordo que a les eleccions 89 pujava... jo pa	transcripcions/pa-026.txt	ASR; pendent d'audicio
territorial	comunals	pa-026	1	"tre grup ens va costar trobar-li un nom, però, al final, ho vam trobar, no? Es deia, per les comunals, ""Unió de Ciutadans, Pau Progrés i l'Administració"", que era UCPA. Però a nivell nacional,"	transcripcions/pa-026.txt	ASR; pendent d'audicio
territorial	copríncep	pa-026	1	ia jutjat aquí, i els havia jutjat, no sé si... al Tribunal de la Vallia, o al Tribunal del Copríncep Francesc. No ho sé. I els van recórrer a Strasbourg, dient que en Dorra era una justícia ar	transcripcions/pa-026.txt	ASR; pendent d'audicio
discurs	bueno	pa-027	1	la amb els consellers, està parlant molt públic, hi havia molt públic, i va bé, bullissi, i, bueno, clar, jo vaig per allò, per tothom, va ser un cop, però jo crec que va ser un cop, volem dir	transcripcions/pa-027.txt	ASR; pendent d'audicio
discurs	bueno	pa-027	2	lar, jo vaig per allò, per tothom, va ser un cop, però jo crec que va ser un cop, volem dir, bueno, ara podrem anar per feina, això s'ha trencat, d'alguna manera, i la gent té ganes d'un canvi	transcripcions/pa-027.txt	ASR; pendent d'audicio
discurs	bueno	pa-027	3	cada parròquia. Els francesos, sí, d'acord, que el Veguer posportava dos o tres anys, però, bueno, aparèixer-se a lluny. Llavors, jo crec que l'incidència o la mitra, volia baixar amb més de	transcripcions/pa-027.txt	ASR; pendent d'audicio
discurs	bé	pa-027	1	è el sindic no parla amb els consellers, està parlant molt públic, hi havia molt públic, i va bé, bullissi, i, bueno, clar, jo vaig per allò, per tothom, va ser un cop, però jo crec que va	transcripcions/pa-027.txt	ASR; pendent d'audicio
discurs	bé	pa-027	2	acords. Després, quan acabem la Constitució i arribem al 94, tothom torra, supòs tu, i torna bé les batalles igualment, eh? Si jo formo part de la Comissió Constituent, que de fet ens vam	transcripcions/pa-027.txt	ASR; pendent d'audicio
discurs	bé	pa-027	3	ant, jo crec que no, les reunions de la comissió van ser fables. Vam treballar, jo vam passar bé entre cometes, no? Però vull dir, treballàvem, després feien broma, les de... l'estil latera	transcripcions/pa-027.txt	ASR; pendent d'audicio
discurs	clar	pa-027	1	els consellers, està parlant molt públic, hi havia molt públic, i va bé, bullissi, i, bueno, clar, jo vaig per allò, per tothom, va ser un cop, però jo crec que va ser un cop, volem dir, bue	transcripcions/pa-027.txt	ASR; pendent d'audicio
discurs	clar	pa-027	2	llàstima que no haguéssim allargat en lloc d'acabar un cop aprovat de la Constitució, perquè clar, era Constituent. El lloc deia que no poguéssim fer alguna cosa més, no? Però ho dic perquè,	transcripcions/pa-027.txt	ASR; pendent d'audicio
discurs	clar	pa-027	3	s fases. Sembla que deia, i ja ha acabat, en totes les diferents fases. Vull dir, que quedés clar que era des de l'inici. Això ens va costar bastant. I el paper dels coprínceps també ens va	transcripcions/pa-027.txt	ASR; pendent d'audicio
discurs	de fet	pa-027	1	tu, i torna bé les batalles igualment, eh? Si jo formo part de la Comissió Constituent, que de fet ens vam reunir, vam fer seminaris al Tarte, vam fer seminaris a diferents llocs, ens reuníem	transcripcions/pa-027.txt	ASR; pendent d'audicio
discurs	de fet	pa-027	2	omissió, crec que també de la de finances i de la de sanitat. Estàvem tres comissions, però, de fet, la Constituent és la que ens donava més feina. Les altres comissions anaven targuent els as	transcripcions/pa-027.txt	ASR; pendent d'audicio
discurs	de fet	pa-027	3	que ens donava més feina. Les altres comissions anaven targuent els assuntos puntuals, però, de fet, anàvem a fer la Constitució, per tant, la de finances, evidentment, pel pressupost, però le	transcripcions/pa-027.txt	ASR; pendent d'audicio
discurs	diguem	pa-027	1	un canvi amb visió de futur. Quan fem aquests sopars de la Comissió Constituent i permanent, diguem sovint que és llàstima que no haguéssim allargat en lloc d'acabar un cop aprovat de la Consti	transcripcions/pa-027.txt	ASR; pendent d'audicio
discurs	doncs	pa-027	1	aquell, on hi havia l'autodidolució, però és veritat, jo ho estava escoltant, i inicialment, doncs, el sindic parlava amb els consellers, hi havia el debat, i si ho escolteu un dia, on anireu	transcripcions/pa-027.txt	ASR; pendent d'audicio
discurs	doncs	pa-027	2	ra quasi sempre, i el seu síndic, quasi també, i hi havia dos consellers en funció del tema, doncs ens anàvem canviant. No, amb aquelles reunions... I va haver, en algun moment, per exemple,	transcripcions/pa-027.txt	ASR; pendent d'audicio
discurs	doncs	pa-027	3	u a punt, en poc temps, perquè això era el novembre, i havíem de tancar l'acord el desembre. Doncs vam fer dels dos o tres bilaterals, una mica tenses, però al final les va trobar. I llavors	transcripcions/pa-027.txt	ASR; pendent d'audicio
discurs	evidentment	pa-027	1	els assuntos puntuals, però, de fet, anàvem a fer la Constitució, per tant, la de finances, evidentment, pel pressupost, però les altres comissions van anar força al relatiu. Veiem, perquè, diríem	transcripcions/pa-027.txt	ASR; pendent d'audicio
discurs	llavors	pa-027	1	via avançat una mica, hi havia dues assessors, em vam agafar dos mesos i feien les reunions. Llavors, de tant en tant, cada mes o cada mes i mig, vam fer una reunió a la Comissió Constituent amb	transcripcions/pa-027.txt	ASR; pendent d'audicio
discurs	llavors	pa-027	2	ers per explicar qui era la posició de la Comissió i què defensaríem a la taula trilateral. Llavors, jo formava part d'aquesta comissió, crec que també de la de finances i de la de sanitat. Es	transcripcions/pa-027.txt	ASR; pendent d'audicio
discurs	llavors	pa-027	3	"ent el temps, aquí anem per feina, que una altra, hem de venir de París, jo sé què vull dir. Llavors, alguna vegada, inclús, de la mitjana li dic, ""Escolti, una altra, no venim de París, però ta"	transcripcions/pa-027.txt	ASR; pendent d'audicio
discurs	no?	pa-027	1	onstitució, perquè clar, era Constituent. El lloc deia que no poguéssim fer alguna cosa més, no? Però ho dic perquè, d'aquell moment, hi havia el consell excoficient per fer alguna cosa més	transcripcions/pa-027.txt	ASR; pendent d'audicio
discurs	no?	pa-027	2	ssin pogut fer una llei dels rendament, no el sé. Perquè estem parlant de 33 anys d'arredera, no? Però hi havia ganes d'arribar a acords. Després, quan acabem la Constitució i arribem al 94,	transcripcions/pa-027.txt	ASR; pendent d'audicio
discurs	no?	pa-027	3	feien reunió de grup, però aquests moments deien unitat i renovació, és a dir, un altre nom, no? Per tant, feien reunions de tant en tant per posar-nos el corrent, hi havia temes importants	transcripcions/pa-027.txt	ASR; pendent d'audicio
discurs	o sigui	pa-027	1	epresentant. En canvi, el col·ler era més diplomàtic. No va aixecar mai la veu, era molt... O sigui, hem de fer quatre reunions més, fem les, si ho deus fer vosaltres, feu-les. Era important,	transcripcions/pa-027.txt	ASR; pendent d'audicio
discurs	per tant	pa-027	1	comissions anaven targuent els assuntos puntuals, però, de fet, anàvem a fer la Constitució, per tant, la de finances, evidentment, pel pressupost, però les altres comissions van anar força al re	transcripcions/pa-027.txt	ASR; pendent d'audicio
discurs	per tant	pa-027	2	n reunió de grup, però aquests moments deien unitat i renovació, és a dir, un altre nom, no? Per tant, feien reunions de tant en tant per posar-nos el corrent, hi havia temes importants, hi havia	transcripcions/pa-027.txt	ASR; pendent d'audicio
discurs	per tant	pa-027	3	r matrimoni o per haver nascut endurre, i es parlava de fer el canvi de passar als 30 anys. Per tant, hi havia temes sobre la taula de força importants. Nosaltres informàvem primer el nostre gru	transcripcions/pa-027.txt	ASR; pendent d'audicio
discurs	perquè	pa-027	1	# La veritat és que es veia força complicada, jo recordo, perquè no crec que era la ràdio, no necessitava televisió en aquest moment, en el consell aquell, on	transcripcions/pa-027.txt	ASR; pendent d'audicio
discurs	perquè	pa-027	2	que és llàstima que no haguéssim allargat en lloc d'acabar un cop aprovat de la Constitució, perquè clar, era Constituent. El lloc deia que no poguéssim fer alguna cosa més, no? Però ho dic pe	transcripcions/pa-027.txt	ASR; pendent d'audicio
discurs	perquè	pa-027	3	uè clar, era Constituent. El lloc deia que no poguéssim fer alguna cosa més, no? Però ho dic perquè, d'aquell moment, hi havia el consell excoficient per fer alguna cosa més, que si puguessin f	transcripcions/pa-027.txt	ASR; pendent d'audicio
discurs	vull dir	pa-027	1	perquè ell defensava que havien de ser dos consellers, ell volia un consell més ampli, però vull dir, jo crec que el mèrit d'aquella comissió és que tots vam saber afluixar nosaltres per anar a	transcripcions/pa-027.txt	ASR; pendent d'audicio
discurs	vull dir	pa-027	2	nions de la comissió van ser fables. Vam treballar, jo vam passar bé entre cometes, no? Però vull dir, treballàvem, després feien broma, les de... l'estil lateral i ara diferent, perquè ja tothom	transcripcions/pa-027.txt	ASR; pendent d'audicio
discurs	vull dir	pa-027	3	"estem perdent el temps, aquí anem per feina, que una altra, hem de venir de París, jo sé què vull dir. Llavors, alguna vegada, inclús, de la mitjana li dic, ""Escolti, una altra, no venim de Parí"	transcripcions/pa-027.txt	ASR; pendent d'audicio
discurs	és a dir	pa-027	1	ons van anar força al relatiu. Veiem, perquè, diríem, continuàvem fent les reunions de grup, és a dir, jo amb els que l'havíem portat a l'elecció, feien reunió de grup, però aquests moments deien	transcripcions/pa-027.txt	ASR; pendent d'audicio
discurs	és a dir	pa-027	2	íem portat a l'elecció, feien reunió de grup, però aquests moments deien unitat i renovació, és a dir, un altre nom, no? Per tant, feien reunions de tant en tant per posar-nos el corrent, hi hav	transcripcions/pa-027.txt	ASR; pendent d'audicio
discurs	és a dir	pa-027	3	lgunes fotos que es veu, és pràcticament... sempre tenien la mateixa composició de la taula, és a dir, el representant del coprince que va canviar, hi havia el Beguer, francès, i algun assessor.	transcripcions/pa-027.txt	ASR; pendent d'audicio
territorial	Canillo	pa-027	1	n les parròquies, i els dos comuns, els uns i dos comuns que no tenen deute, que es caldes i canillo, se'ls donen uns diners. Jo crec que en aquell moment eren uns 400 milions de passetes, que,	transcripcions/pa-027.txt	ASR; pendent d'audicio
territorial	Canillo	pa-027	2	nt eren uns 400 milions de passetes, que, afortunadament, aquests 400 milions de passetes, a canillo li serveixen per comparar l'estació, perquè estava en una situació molt delicada. I llavors,	transcripcions/pa-027.txt	ASR; pendent d'audicio
territorial	Canillo	pa-027	3	ó molt delicada. I llavors, l'argument que després farem servir per fer la campanya, clar, a canillo arribarem ara. Quan fem la campanya per la Constitució, doncs la veritat és que la gent no h	transcripcions/pa-027.txt	ASR; pendent d'audicio
territorial	Ordino	pa-027	1	alvava, sortís 60, 40. Però jo crec que la por més important de les parroquies petites, i si ordino també si fixes el quadre, també és més justet, era el fet de perdre el pes, i va haver tota	transcripcions/pa-027.txt	ASR; pendent d'audicio
territorial	comuns	pa-027	1	stació d'esquí d'Arcalís. Llavors, el govern, abans de la Constitució, havia fet crèdits als comuns a tipus 0, que s'havien d'anar tornant a unes condicions força interessants. Doncs quan arri	transcripcions/pa-027.txt	ASR; pendent d'audicio
territorial	comuns	pa-027	2	passa? Que en aquell moment es condonen tots els deutes que tenen les parròquies, i els dos comuns, els uns i dos comuns que no tenen deute, que es caldes i canillo, se'ls donen uns diners. J	transcripcions/pa-027.txt	ASR; pendent d'audicio
territorial	comuns	pa-027	3	moment es condonen tots els deutes que tenen les parròquies, i els dos comuns, els uns i dos comuns que no tenen deute, que es caldes i canillo, se'ls donen uns diners. Jo crec que en aquell m	transcripcions/pa-027.txt	ASR; pendent d'audicio
territorial	coprínceps	pa-027	1	ull dir, que quedés clar que era des de l'inici. Això ens va costar bastant. I el paper dels coprínceps també ens va costar. Que són els dos temes que vam deixar per Franksos, no hi havia problema.	transcripcions/pa-027.txt	ASR; pendent d'audicio
territorial	parròquia	pa-027	1	x més els problemes als gròfols i als petits, conèix més a la gent, sap del que pensa en cada parròquia. Els francesos, sí, d'acord, que el Veguer posportava dos o tres anys, però, bueno, aparèixe	transcripcions/pa-027.txt	ASR; pendent d'audicio
territorial	parròquia	pa-027	2	ment tindrà quatre consellers, i estar a la majoria era important per tindre inversions de la parròquia. És a dir, clar, volia dir que el Palau de Jal, la piscina, no sé què, a l'estació d'esquí d	transcripcions/pa-027.txt	ASR; pendent d'audicio
territorial	parròquia	pa-027	3	amb certa por, jo crec que ens feia por el canillo, ens feia por ordinó, i a qualsevol altra parròquia. I a poc a poc, a poc a poc, van entrar en bé. Jo, a la veritat, hi va haver una mica de por	transcripcions/pa-027.txt	ASR; pendent d'audicio
territorial	veguer	pa-027	1	conèix més a la gent, sap del que pensa en cada parròquia. Els francesos, sí, d'acord, que el Veguer posportava dos o tres anys, però, bueno, aparèixer-se a lluny. Llavors, jo crec que l'incidè	transcripcions/pa-027.txt	ASR; pendent d'audicio
discurs	bueno	pa-028	1	avia estat a Sant Marí, no? I parlant amb la gent d'allí, anàvem a tirar el plat i anàvem... Bueno, parlant amb la gent d'allí, vam donar entendre que Sant Marí no era a Itàlia, de fet. Allí	transcripcions/pa-028.txt	ASR; pendent d'audicio
discurs	bueno	pa-028	2	í, vam donar entendre que Sant Marí no era a Itàlia, de fet. Allí m'anava a Itàlia i que... Bueno, també en nunca havia etxat bastant, també a Monaco, a Monaco també vaig veure que Monaco, e	transcripcions/pa-028.txt	ASR; pendent d'audicio
discurs	bueno	pa-028	3	a través d'Espanya o directament, a través del Vaticà, també podien absorbir en Dorre. Dic, bueno, on d'aquí? Les institucions que tenim, que en aquell moment hi havia una miqueta de pique	transcripcions/pa-028.txt	ASR; pendent d'audicio
discurs	bé	pa-028	1	, bueno, el mateix que passi ara en l'Unió Europea, continuem com estàvem, que hem estat molt bé fins ara, o fem aquest pas endavant per demostrar que és... Llavors hi havia aquesta oposici	transcripcions/pa-028.txt	ASR; pendent d'audicio
discurs	bé	pa-028	2	"otundament. El fet d'haver-hi una dissolució penso que va fer pensar tothom, de dir, ""Bueno, Bé, hem jugat una mica amb el foc, i potser el país no es mereix que hi hagi aquestes dissension"	transcripcions/pa-028.txt	ASR; pendent d'audicio
discurs	bé	pa-028	3	"ixò que hem fet no és gaire maco."" I potser entre tots van pensar que era un moment de dir, ""Bé, ara aplenim les coses, anem per la Constitució i anem pel país i deixem una miqueta de les c"	transcripcions/pa-028.txt	ASR; pendent d'audicio
discurs	clar	pa-028	1	""" Això ho desfa tot. L'hi vaig haver d'explicar moltes vegades tal com ho veia, perquè ell, clar, l'edat que tenia, i tant d'època de la meva edat tenia, quasi 90 anys, també això dels canv"	transcripcions/pa-028.txt	ASR; pendent d'audicio
discurs	clar	pa-028	2	"ue..."" I el voleu dir què? Dius ""Bueno, què vol dir això? Que ens votaran o no votaran?"" I, clar, hi havia una incògnita molt gran fins a l'última hora. # (música)"	transcripcions/pa-028.txt	ASR; pendent d'audicio
discurs	de fet	pa-028	1	àvem... Bueno, parlant amb la gent d'allí, vam donar entendre que Sant Marí no era a Itàlia, de fet. Allí m'anava a Itàlia i que... Bueno, també en nunca havia etxat bastant, també a Monaco,	transcripcions/pa-028.txt	ASR; pendent d'audicio
discurs	diguem	pa-028	1	ibuir, que d'una... Bueno, és una cosa que s'ha fet sempre hi ha algun que té l'ideia més... Diguem, més forta o més d'allò, però va ser una cosa una mica generalitzada. Hi havia els que jo es	transcripcions/pa-028.txt	ASR; pendent d'audicio
discurs	doncs	pa-028	1	bueno, ja veiem ara què passa a Espanya, només s'espera de la Constitució, i a França igual, doncs conyes que realment té un valor a la Constitució. Jo ho trobava pràcticament normal. Aqueste	transcripcions/pa-028.txt	ASR; pendent d'audicio
discurs	doncs	pa-028	2	volíem perdre poder. Bueno, penso que el que hem fet és pujar la mitjana. El de més intern, doncs, tant sempre et pots arreglar. Ara, quan parles amb un superior, és molt diferent. Entre nos	transcripcions/pa-028.txt	ASR; pendent d'audicio
discurs	llavors	pa-028	1	país, perquè demostra-li realment que existim d'una manera moderna i d'una manera fefènd. I llavors, quan vam decidir tots, que havíem d'anar cap aquí, que a ta Constitució molt se l'atribuixe	transcripcions/pa-028.txt	ASR; pendent d'audicio
discurs	llavors	pa-028	2	m estàvem, que hem estat molt bé fins ara, o fem aquest pas endavant per demostrar que és... Llavors hi havia aquesta oposició entre uns i altres, però l'oposició tampoc era tan ferma, no? Eren	transcripcions/pa-028.txt	ASR; pendent d'audicio
discurs	llavors	pa-028	3	atre que eren més d'allò que els altres, però la majoria em dic que era necessari de fer-ho. Llavors es va crear la comissió constituyent, i, bueno, els que hi van participar més directament, v	transcripcions/pa-028.txt	ASR; pendent d'audicio
discurs	no?	pa-028	1	m començar a parlar de la Constitució. I jo hi havia dos coses que m'havia estat a Sant Marí, no? I parlant amb la gent d'allí, anàvem a tirar el plat i anàvem... Bueno, parlant amb la gent	transcripcions/pa-028.txt	ASR; pendent d'audicio
discurs	no?	pa-028	2	Llavors hi havia aquesta oposició entre uns i altres, però l'oposició tampoc era tan ferma, no? Eren quatre que eren més d'allò que els altres, però la majoria em dic que era necessari de	transcripcions/pa-028.txt	ASR; pendent d'audicio
discurs	no?	pa-028	3	"nfluenciar canvis de gran, quan volia que era més conservador, cosa que penso que és normal, no? Però al final va reconèixer que... Bueno, si França la tenia a Espanya, la tenia. Diu ""perq"	transcripcions/pa-028.txt	ASR; pendent d'audicio
discurs	perquè	pa-028	1	ora s'ha de pensar i discutir entre nosaltres, i vam dir, això pot ser una solució pel país, perquè demostra-li realment que existim d'una manera moderna i d'una manera fefènd. I llavors, quan	transcripcions/pa-028.txt	ASR; pendent d'audicio
discurs	perquè	pa-028	2	s d'allò, però va ser una cosa una mica generalitzada. Hi havia els que jo estaven oposats, perquè, bueno, el mateix que passi ara en l'Unió Europea, continuem com estàvem, que hem estat molt	transcripcions/pa-028.txt	ASR; pendent d'audicio
discurs	perquè	pa-028	3	"coses, anem per la Constitució i anem pel país i deixem una miqueta de les coses personals, perquè també hi ha molt el d'allò personal, d'entre els grups polítics i les personalitats."" Això h"	transcripcions/pa-028.txt	ASR; pendent d'audicio
discurs	a nivell	pa-029	1	ir. Segur que alguns ho havien pogut deixar a quatre, segur que els altres volien els quatre a nivell nacional, i la coincidia sigui de mitat a mitat, va ser un compromís que tothom sabia una mi	transcripcions/pa-029.txt	ASR; pendent d'audicio
discurs	a nivell	pa-029	2	nt Càmig, en aquest aspecte teníem una informació privilegial, perquè estàvem ben connectats a nivell de sindicatura, a nivell de comissions, i a nivell de govern. També, de la mateixa manera,	transcripcions/pa-029.txt	ASR; pendent d'audicio
discurs	a nivell	pa-029	3	te teníem una informació privilegial, perquè estàvem ben connectats a nivell de sindicatura, a nivell de comissions, i a nivell de govern. També, de la mateixa manera, teníem una informació de l	transcripcions/pa-029.txt	ASR; pendent d'audicio
discurs	a veure	pa-029	1	s el mateix, que no arribéssim a bloquejar-nos tots plegats i que no poguéssim avançar, està a veure la majoria molt preocupada pel fet aquest. És a dir, aquest fet era un fet que va marcar tot	transcripcions/pa-029.txt	ASR; pendent d'audicio
discurs	a veure	pa-029	2	a trobant un consens que permetia avançar. Hi ha passat moltes vegades que creiem que se'n va a veure el mar. Una bola aquesta, aquesta, aquesta, aquesta... I l'últim moment, brum, aquesta també	transcripcions/pa-029.txt	ASR; pendent d'audicio
discurs	bueno	pa-029	1	neixien el que podia ser i el que no podia ser, i algun altre assessor, ja més menors, però, bueno, aquests dos en d'una manera important, ens van... a més, en dos persones molt diferents. El	transcripcions/pa-029.txt	ASR; pendent d'audicio
discurs	bueno	pa-029	2	d'esfora, difícilment n'és bé es pot fer. Si no només és un tema d'americ dels 28 o dels... Bueno, tots els 15 escoten a la foto del consell d'aquell moment, el govern va participar menys, pe	transcripcions/pa-029.txt	ASR; pendent d'audicio
discurs	bé	pa-029	1	ons que em portàvem a un altre, i amb un cert canvi de color, etcètera. I llavors això plena bé molt sobre... Sense que es digués molt, però tothom tenia por de que no passés el mateix, qu	transcripcions/pa-029.txt	ASR; pendent d'audicio
discurs	bé	pa-029	2	i que véssim d'autodisoldre per la incapacitat de poder tirar endavant. Això és el que plena bé una mica sobre el que pensàveu tothom, i això va fer qui va generar un clima, especialment q	transcripcions/pa-029.txt	ASR; pendent d'audicio
discurs	bé	pa-029	3	em el sentiment i el convenciment, i, com més en parlàvem, més ho veiem, que el sistema està bé una mica amb l'incapacitat d'una solució. Els problemes que n'havia generat la pròpia societa	transcripcions/pa-029.txt	ASR; pendent d'audicio
discurs	clar	pa-029	1	sors tècnics pel tema del sistema electoral, que ara se'n parla, que si és poc proporcional, clar, aquell moment hi va haver un compromís. Era 100% territorial. De passar a ser 50, el compro	transcripcions/pa-029.txt	ASR; pendent d'audicio
discurs	diguem	pa-029	1	gatòria. No... es volia fer que no fos una filiació obligatòria, però que no sigués un club, diguem-ho així. La llei, el gran repte que teníem, era que no sigués un club, que sigués representa	transcripcions/pa-029.txt	ASR; pendent d'audicio
discurs	doncs	pa-029	1	un tema important. Els que ens treballaven més directament el tema purament constitucional, doncs eren la permanent i la constituent. Els demés feien les altres tasques que també eren importa	transcripcions/pa-029.txt	ASR; pendent d'audicio
discurs	doncs	pa-029	2	otes necessàries, per poder fer el canvi. Jo he dit aquestes, però encara s'hi ha d'afegir, doncs la llei d'immigració, la llei de rentaments, la llei de la justícia, la llei del tribunal con	transcripcions/pa-029.txt	ASR; pendent d'audicio
discurs	doncs	pa-029	3	ist el sistema que segurament una possible evolució és que puguem s'hi posar més consellers, doncs sí que set mes i podíem dir que siguin nationals, el que canviaria una mica la proporció naci	transcripcions/pa-029.txt	ASR; pendent d'audicio
discurs	llavors	pa-029	1	a pas a unes eleccions que em portàvem a un altre, i amb un cert canvi de color, etcètera. I llavors això plena bé molt sobre... Sense que es digués molt, però tothom tenia por de que no passés	transcripcions/pa-029.txt	ASR; pendent d'audicio
discurs	llavors	pa-029	2	ue ens vam poder disposar de judicis directes, de gent molt compromesa que ens va ajudar. I, llavors, cadascú va participar una mica amb els temes que per tocarven la seva emoció, o els que ens	transcripcions/pa-029.txt	ASR; pendent d'audicio
discurs	llavors	pa-029	3	al tenia dificultats en resoldre. En resoldre mitjanament adequadament, de manera adequada. Llavors, aquestes lleis van ser totes necessàries, per poder fer el canvi. Jo he dit aquestes, però	transcripcions/pa-029.txt	ASR; pendent d'audicio
discurs	no?	pa-029	1	l mar. Una bola aquesta, aquesta, aquesta, aquesta... I l'últim moment, brum, aquesta també, no? I així anaven passant i anaven passant els consensos per a les regles fonamentals que es van	transcripcions/pa-029.txt	ASR; pendent d'audicio
discurs	no?	pa-029	2	asca, que després el temps ha acabat demostrant que està relativament ben teta i necessària, no? Perquè, quan ho fas, tothom té dubtes, eh? Quan es feia tot això, ningú tenia la garantia 1	transcripcions/pa-029.txt	ASR; pendent d'audicio
discurs	no?	pa-029	3	avanci. I per això es canvia una mica el tabú de les coses. Jo vinc de mano i et portes bé, no? O res, vostè, per fer aquesta activitat en d'orres necessita i complica els requisits. I aq	transcripcions/pa-029.txt	ASR; pendent d'audicio
discurs	o sigui	pa-029	1	lta isolació necessària per poder, al moment que s'apliqués el canvi, que no hi veus un cau, o sigui, que no hi veus un desgovern. Van ser moltes normes amb molt poc temps, perquè tot això es v	transcripcions/pa-029.txt	ASR; pendent d'audicio
discurs	o sigui	pa-029	2	ern. Van ser moltes normes amb molt poc temps, perquè tot això es va fer el tom de 18 mesos, o sigui. Llavors, la gran sort que hi va haver és això, hi va haver uns nivells de confiança grans e	transcripcions/pa-029.txt	ASR; pendent d'audicio
discurs	perquè	pa-029	1	veus un cau, o sigui, que no hi veus un desgovern. Van ser moltes normes amb molt poc temps, perquè tot això es va fer el tom de 18 mesos, o sigui. Llavors, la gran sort que hi va haver és això	transcripcions/pa-029.txt	ASR; pendent d'audicio
discurs	perquè	pa-029	2	que després el temps ha acabat demostrant que està relativament ben teta i necessària, no? Perquè, quan ho fas, tothom té dubtes, eh? Quan es feia tot això, ningú tenia la garantia 100% de q	transcripcions/pa-029.txt	ASR; pendent d'audicio
discurs	perquè	pa-029	3	ien la proporcional, i amb això es va donar, en vista de la situació, un compromís important perquè tothom trobés la possibilitat de poder-hi coincidir. Segur que alguns ho havien pogut deixar	transcripcions/pa-029.txt	ASR; pendent d'audicio
discurs	és a dir	pa-029	1	plegats i que no poguéssim avançar, està a veure la majoria molt preocupada pel fet aquest. És a dir, aquest fet era un fet que va marcar tot el procés constituent, el fet de que l'interiola iso	transcripcions/pa-029.txt	ASR; pendent d'audicio
discurs	és a dir	pa-029	2	ue era la primera que va sortir, que era la quina fiança, bé, doncs, l'estat, aquell moment. És a dir, no és que venim més a menjar ell, és que per fer el banquem d'orres necessita i complica els	transcripcions/pa-029.txt	ASR; pendent d'audicio
discurs	és a dir	pa-029	3	icipava d'una manera obligatòria amb el creixement econòmic del país, d'una manera directa. És a dir, vam aportar un finançament que el concedia arbitràriament, però no obligatòriament. Aquí, e	transcripcions/pa-029.txt	ASR; pendent d'audicio
territorial	Ordino	pa-029	1	resentació proporcional s'hi dona molt més representació, a la vella d'escons, que sí que fem ordino o canilla d'aquella època. Llavors, aquí, els dos extrems eren difícils, els quins tenia qua	transcripcions/pa-029.txt	ASR; pendent d'audicio
territorial	comuns	pa-029	1	a Constitució, i l'anterior, jo penso que va ser una cosa de molta més gent, els consos, els comuns, totes les institucions. Andora, si no hagués sigut una cosa que molta gent n'entenia que es	transcripcions/pa-029.txt	ASR; pendent d'audicio
discurs	a veure	pa-030	1	quí es pot agafar l'acte del dia 2 de febrer, que és el 93, ja es pot llegir de dalt a baix. A veure, aquí cal dir una cosa. Jo, aquí, jo em vaig abstindre a la primera votació a la Constitució.	transcripcions/pa-030.txt	ASR; pendent d'audicio
discurs	aleshores	pa-030	1	"erquè això és lectura. Has dit ""preparen"", no sé qui, ""preparen"" i tu el que vas desejar. I, aleshores, això està tan quadriculat que difícilment en el mateix assessió del consell tu pots variar"	transcripcions/pa-030.txt	ASR; pendent d'audicio
discurs	aleshores	pa-030	2	evidentment, amb ells no els va costar massa convencer-me, perquè jo era dos convençuts. I aleshores, el que sí vam quedar és que l'endemà ja faríem la gent que està ben allà, excepte algú, que	transcripcions/pa-030.txt	ASR; pendent d'audicio
discurs	bueno	pa-030	1	ris, entenc l'estructura aquesta. Però un 28 consellers és que no l'entenc massa, no? Però, bueno, no seré jo qui va canviar, no? Moltes coses que es van arreglar a aquella casa... El procés	transcripcions/pa-030.txt	ASR; pendent d'audicio
discurs	bueno	pa-030	2	bé anàvem avançant, sí que veiem que això ja era pràcticament una realitat. Llavors vam dir, bueno, hi havia gent de Sant Julià, gent significativa de Canillo, de la Massana i tal, que vam di	transcripcions/pa-030.txt	ASR; pendent d'audicio
discurs	bueno	pa-030	3	i havia gent de Sant Julià, gent significativa de Canillo, de la Massana i tal, que vam dir, bueno, ara és el moment, perquè el senyor arribarem al moment i no hi serem. I vam tardar tant, q	transcripcions/pa-030.txt	ASR; pendent d'audicio
discurs	bé	pa-030	1	ri, X, la llegia... Estàvem d'acord? I el que s'havia presentat amb la modificació, passava bé o per el sentiment, o per unanimitat. Aquest esperit del Parlament del consell general, sobr	transcripcions/pa-030.txt	ASR; pendent d'audicio
discurs	bé	pa-030	2	fem, com ho reglem, i tal, inclús a fora d'aquí. Perquè pensàvem que el venat senal passarà bé per aquí, no per un altre, no per un alego, no, això no vegi. Això vegi. El dinar va ser un	transcripcions/pa-030.txt	ASR; pendent d'audicio
discurs	bé	pa-030	3	r és que l'endemà ja faríem la gent que està ben allà, excepte algú, que recordo que no està bé que allò ho tenia que va de decidir i tal, però ho diria que amb el 90% dels 15 érem, teníem	transcripcions/pa-030.txt	ASR; pendent d'audicio
discurs	clar	pa-030	1	imatge pública una mica més que tots els altres, però els altres estàvem allà. Jo tenia molt clar que s'havia de canviar la manera de fer. No podia ser d'anar portant els 7 formatges i els 7	transcripcions/pa-030.txt	ASR; pendent d'audicio
discurs	clar	pa-030	2	ò no era el meu, i no, seu, no, compartits. I en canvi, el senyor Vial, això sí que ho tenia clar, tenia una manera de fer que arreglava tots aquests mini-problemes que hi havia, no? Malaura	transcripcions/pa-030.txt	ASR; pendent d'audicio
discurs	clar	pa-030	3	ens vam ficar al cap és que aquell tenia que ser el mandat de la Constitució, i això ho tenia clar, jo diria, que per a menys el 90% de la gent, algun segur que no, perquè no direm noms, però	transcripcions/pa-030.txt	ASR; pendent d'audicio
discurs	doncs	pa-030	1	b el que s'està fent fins en aquell moment, i que les institucions continuessin com estaven, doncs evidentment no era el nostre taranà, per almenys el meu. A partir d'aquí, sí que és cert, que	transcripcions/pa-030.txt	ASR; pendent d'audicio
discurs	doncs	pa-030	2	almenys el meu. A partir d'aquí, sí que és cert, que hi va haver dues persones, que van dir, doncs, va som-hi i tal, potser van abandonar de cara a la imatge pública una mica més que tots els	transcripcions/pa-030.txt	ASR; pendent d'audicio
discurs	doncs	pa-030	3	tres institucionals no us hi venia de gust, però com que tota la majoria ja estàvem d'acord, doncs vam tirar endavant, es va fer la comissió constituent, i endavant, i així es va anar. És a d	transcripcions/pa-030.txt	ASR; pendent d'audicio
discurs	evidentment	pa-030	1	ue s'està fent fins en aquell moment, i que les institucions continuessin com estaven, doncs evidentment no era el nostre taranà, per almenys el meu. A partir d'aquí, sí que és cert, que hi va haver	transcripcions/pa-030.txt	ASR; pendent d'audicio
discurs	evidentment	pa-030	2	ra gent, i a mi em van cridar i jo vaig anar. I com que sabien jo perfectament com pensava, evidentment, amb ells no els va costar massa convencer-me, perquè jo era dos convençuts. I aleshores, el	transcripcions/pa-030.txt	ASR; pendent d'audicio
discurs	evidentment	pa-030	3	no és igual, no passava. Em vaig perdre un capítol. El capítol final, em vaig perdre perquè, evidentment, si no m'hagués perdut el capítol final, jo n'hagués actuat com vaig actuar, però jo em vai	transcripcions/pa-030.txt	ASR; pendent d'audicio
discurs	llavors	pa-030	1	ó que tothom coneix, em sembla que era l'any 92, sembla. I a partir d'aquí vam tornar-hi, i llavors ja va vindre el cíndic Farlas i companyia, i el que sí ens vam ficar al cap és que aquell ten	transcripcions/pa-030.txt	ASR; pendent d'audicio
discurs	llavors	pa-030	2	ls coprínceps també anàvem avançant, sí que veiem que això ja era pràcticament una realitat. Llavors vam dir, bueno, hi havia gent de Sant Julià, gent significativa de Canillo, de la Massana i t	transcripcions/pa-030.txt	ASR; pendent d'audicio
discurs	no?	pa-030	1	í i cap allà, això no podia ser. L'havia passat massa temps i per tant això calia canviar-ho, no? Amb això vam estar totalment d'acord, ens vam ficar d'acord també amb el figura del cap de g	transcripcions/pa-030.txt	ASR; pendent d'audicio
discurs	no?	pa-030	2	de totes les parts d'aquella majoria que érem, que era una majoria bastant complicada d'egos, no? I segurament també hi fico el meu, però no era el meu, i no, seu, no, compartits. I en canv	transcripcions/pa-030.txt	ASR; pendent d'audicio
discurs	no?	pa-030	3	o tenia clar, tenia una manera de fer que arreglava tots aquests mini-problemes que hi havia, no? Malauradament el senyor Vial va passar el que va passar, s'ho va substituir, primer amb una	transcripcions/pa-030.txt	ASR; pendent d'audicio
discurs	o sigui	pa-030	1	99% dels 15 vam estar, el nostre objectiu no era carregant-se la Constitució, ni molt menys. O sigui, algú vol vendre gent, s'etivoca, s'etivoca. Nosaltres, l'únic objectiu era mantindre el sist	transcripcions/pa-030.txt	ASR; pendent d'audicio
discurs	per tant	pa-030	1	i els 7 capons, i els 7 cap aquí i cap allà, això no podia ser. L'havia passat massa temps i per tant això calia canviar-ho, no? Amb això vam estar totalment d'acord, ens vam ficar d'acord també	transcripcions/pa-030.txt	ASR; pendent d'audicio
discurs	per tant	pa-030	2	es que pensàvem que perquè aquí va ser el programa, que pensàvem que no tenia que continuar. Per tant, lògicament, la gent, els consellers, que aquell dia van estar a favor de l'autodissolució,	transcripcions/pa-030.txt	ASR; pendent d'audicio
discurs	per tant	pa-030	3	ció, els va ser molt més fàcil en tener-se pel segon mandat, amb el Ferrar, Estartal i etc. Per tant, la resta que veníem, que no feien part d'això, no és que ens consideréssim oposició, però,	transcripcions/pa-030.txt	ASR; pendent d'audicio
discurs	perquè	pa-030	1	s que hi havia aquí després, i es comença a parlar de què és el que pensàvem fer els 4 anys. Perquè, lògicament, pensàvem vindre aquí a continuar amb el que s'està fent fins en aquell moment,	transcripcions/pa-030.txt	ASR; pendent d'audicio
discurs	perquè	pa-030	2	ució, i això ho tenia clar, jo diria, que per a menys el 90% de la gent, algun segur que no, perquè no direm noms, però això no ha de canviar segons quins paràmetres institucionals no us hi ve	transcripcions/pa-030.txt	ASR; pendent d'audicio
discurs	perquè	pa-030	3	ares, uns i els altres, els quins anaven prou els que arribes, i els altres que pensàvem que perquè aquí va ser el programa, que pensàvem que no tenia que continuar. Per tant, lògicament, la g	transcripcions/pa-030.txt	ASR; pendent d'audicio
discurs	vull dir	pa-030	1	altra vegada a votació, i el va rectificar el vot, no sé què sí, va ser per una unitat. Bé, vull dir també, perquè cal recordar-ho, perquè ara es fa una muntanya de tot això, i sobretot que em	transcripcions/pa-030.txt	ASR; pendent d'audicio
discurs	és a dir	pa-030	1	doncs vam tirar endavant, es va fer la comissió constituent, i endavant, i així es va anar. És a dir, aquí poc temps abans hi havia hagut una autodissolució, l'autodissolució hi havia dos parts	transcripcions/pa-030.txt	ASR; pendent d'audicio
discurs	és a dir	pa-030	2	ò, no és que ens consideréssim oposició, però, lògicament, no feien part d'aquella majoria. És a dir, moltes coses que es van decidir, amb els primers mesos, doncs, lògicament, es decidien entre	transcripcions/pa-030.txt	ASR; pendent d'audicio
discurs	és a dir	pa-030	3	, de tot. El bon terenar que hi havia entre la gent. Mira, jo us diré el que veig avui, eh? És a dir, jo l'ambient, que jo vaig viure els dos vegades i mig, que jo vaig vindre a aquesta sala, s	transcripcions/pa-030.txt	ASR; pendent d'audicio
territorial	Canillo	pa-030	1	ent una realitat. Llavors vam dir, bueno, hi havia gent de Sant Julià, gent significativa de Canillo, de la Massana i tal, que vam dir, bueno, ara és el moment, perquè el senyor arribarem al mo	transcripcions/pa-030.txt	ASR; pendent d'audicio
territorial	Canillo	pa-030	2	van vindre, i van parlar... Només hi havia un dubte o algo que no ens agradava. La gent de Canillo, Sant Julià, Ordino, Massana i segurament en Camp, sobretot a aquestes quatre paròtries, el	transcripcions/pa-030.txt	ASR; pendent d'audicio
territorial	Massana	pa-030	1	t. Llavors vam dir, bueno, hi havia gent de Sant Julià, gent significativa de Canillo, de la Massana i tal, que vam dir, bueno, ara és el moment, perquè el senyor arribarem al moment i no hi se	transcripcions/pa-030.txt	ASR; pendent d'audicio
territorial	Massana	pa-030	2	Només hi havia un dubte o algo que no ens agradava. La gent de Canillo, Sant Julià, Ordino, Massana i segurament en Camp, sobretot a aquestes quatre paròtries, el que era el sistema electoral,	transcripcions/pa-030.txt	ASR; pendent d'audicio
territorial	Ordino	pa-030	1	m vaig actuar, però jo em vaig sent aquí, me'n recordo que vam arribar als quatre companys d'ordino, el típic que treus la tard, penses la xaqueta, vens cap aquí i tal, i en mi, en cap moment,	transcripcions/pa-030.txt	ASR; pendent d'audicio
territorial	Ordino	pa-030	2	arlar... Només hi havia un dubte o algo que no ens agradava. La gent de Canillo, Sant Julià, Ordino, Massana i segurament en Camp, sobretot a aquestes quatre paròtries, el que era el sistema e	transcripcions/pa-030.txt	ASR; pendent d'audicio
territorial	Ordino	pa-030	3	que no, vam quedar que ens abstindríem. I així vam quedar. Jo me'n vaig anar a casa, que a Ordino vaig arribar l'endemà, que a l'hora que em van convocar, a la votació, jo em vaig abstindre,	transcripcions/pa-030.txt	ASR; pendent d'audicio
territorial	Sant Julià	pa-030	1	que veiem que això ja era pràcticament una realitat. Llavors vam dir, bueno, hi havia gent de Sant Julià, gent significativa de Canillo, de la Massana i tal, que vam dir, bueno, ara és el moment,	transcripcions/pa-030.txt	ASR; pendent d'audicio
territorial	Sant Julià	pa-030	2	re, i van parlar... Només hi havia un dubte o algo que no ens agradava. La gent de Canillo, Sant Julià, Ordino, Massana i segurament en Camp, sobretot a aquestes quatre paròtries, el que era el s	transcripcions/pa-030.txt	ASR; pendent d'audicio
territorial	coprínceps	pa-030	1	, però el que sí hi havia ja és el rum-rum, des que veiem que anàvem avançant, i de que els coprínceps també anàvem avançant, sí que veiem que això ja era pràcticament una realitat. Llavors vam d	transcripcions/pa-030.txt	ASR; pendent d'audicio
territorial	parròquia	pa-030	1	dir una cosa, si mireu els resultats del dia 14 de febrer, veureu que ordino és el lloc, la parròquia, on passa la Constitució per menys percentatge. Si els quatre que estàvem aquí en aquell mom	transcripcions/pa-030.txt	ASR; pendent d'audicio
discurs	a veure	pa-031	1	# Es va decidir que a veure quin sindic podien portar. I tothom podia portar un nom. I, de fet, no em va portar ningú.	transcripcions/pa-031.txt	ASR; pendent d'audicio
discurs	a veure	pa-031	2	x. Almenys la porroquia de la maçana, segur. Vam donar a compte que hi havia gent que anàvem a veure els altres perquè votessin que no a la Constitució. Aleshores vam decidir que havíem de fer	transcripcions/pa-031.txt	ASR; pendent d'audicio
discurs	aleshores	pa-031	1	era coneixedor, un home que seguia molt la política, i nosaltres estàvem al mateix partit, i aleshores em va semblar que era la meva ideal. Jo penso que el moment que es va començar la Constitució	transcripcions/pa-031.txt	ASR; pendent d'audicio
discurs	aleshores	pa-031	2	hagués hagut Constitució, potser no, el que sí que volíem que hi hagués una Constitució. I, aleshores, vam dir-me, a la llarga, si no va bé, hi ha mala sort, però el sistema també havíem de pens	transcripcions/pa-031.txt	ASR; pendent d'audicio
discurs	aleshores	pa-031	3	itució, si nosaltres votem que no, no hi haurà constitució. Al més una cosa que una altra, i aleshores aquí pot passar de tot, de carles coprínseps, els nostres... No sé com ha dit això, vam dir.	transcripcions/pa-031.txt	ASR; pendent d'audicio
discurs	bueno	pa-031	1	oblema que, dels recants, que teníem de fer una Constitució, perquè a tothom ens pensàvem... Bueno, almenys jo pensava, i els consellers, els companys de la Massana, igual, i de les perroques	transcripcions/pa-031.txt	ASR; pendent d'audicio
discurs	bueno	pa-031	2	perdrien molt poder. I això era el que realment mos feia estar una mica a la guai, per dir, bueno, que va veure què passava. I realment tenia un rebu, perquè els fets després van costar arri	transcripcions/pa-031.txt	ASR; pendent d'audicio
discurs	bueno	pa-031	3	íem arribar a fer, i les vam dir... Ho vam declarar tot, i l'única manera és la Constitució. Bueno, això no es va decidir que votaríem que sí, fins a la nit la van has de provar la Constitució	transcripcions/pa-031.txt	ASR; pendent d'audicio
discurs	bé	pa-031	1	sí que volíem que hi hagués una Constitució. I, aleshores, vam dir-me, a la llarga, si no va bé, hi ha mala sort, però el sistema també havíem de pensar que les parroques baixes, que tenim	transcripcions/pa-031.txt	ASR; pendent d'audicio
discurs	bé	pa-031	2	sistema electoral i els quarts. Que els quarts, jo, a la veritat, personalment, ja m'estava bé que gassin desapareguts. Però la gent de la maçana no ho volia. I això va ser molt important	transcripcions/pa-031.txt	ASR; pendent d'audicio
discurs	clar	pa-031	1	e fer a la Constitució, perquè tenia molts problemes amb els coprínceptes, tampoc no sé com, clar, veure el que sí, el que podíem fer, no podíem arribar a fer, i les vam dir... Ho vam declar	transcripcions/pa-031.txt	ASR; pendent d'audicio
discurs	clar	pa-031	2	s va decidir que votaríem que sí, fins a la nit la van has de provar la Constitució. Perquè, clar, nosaltres defensàvem també la teoria dels nostres electors. Els nostres electors ens diuen,	transcripcions/pa-031.txt	ASR; pendent d'audicio
discurs	clar	pa-031	3	"çana hem de continuar tenint quatre consellers, i això no us ho hauria de deixar perdre."" I, clar, nosaltres defensàvem, m'amor, això. I la veritat que va costar fer-nos decidir a nosaltres,"	transcripcions/pa-031.txt	ASR; pendent d'audicio
discurs	de fet	pa-031	1	# Es va decidir que a veure quin sindic podien portar. I tothom podia portar un nom. I, de fet, no em va portar ningú. Em vaig portar el gel d'aver, jo vaig a mirar, a la mà sana. Em pode	transcripcions/pa-031.txt	ASR; pendent d'audicio
discurs	doncs	pa-031	1	"de van i estar, tenim molts arguments, ho hem defensat fins a l'últim moment, no hem pogut, doncs ja ho defensarem i es va decidir que sí. I vam decidir, ""Bueno, hem de tenir constitució sí"	transcripcions/pa-031.txt	ASR; pendent d'audicio
discurs	perquè	pa-031	1	", va meravellar el seu nou gel d'aver, va meravellar, al principi va dir ""reacti, accepta"", perquè tampoc ho havia de massaclar i com podia anar. Es va convence i els va presentar, i va ser l"	transcripcions/pa-031.txt	ASR; pendent d'audicio
discurs	perquè	pa-031	2	irar-la i realment fer-la. El problema que, dels recants, que teníem de fer una Constitució, perquè a tothom ens pensàvem... Bueno, almenys jo pensava, i els consellers, els companys de la Mas	transcripcions/pa-031.txt	ASR; pendent d'audicio
discurs	perquè	pa-031	3	tar una mica a la guai, per dir, bueno, que va veure què passava. I realment tenia un rebu, perquè els fets després van costar arribar a l'acord que es va arribar al final. I, a la veritat, qu	transcripcions/pa-031.txt	ASR; pendent d'audicio
discurs	vull dir	pa-031	1	mpoc es perdien a la pràctica, perquè ara potser hi ha hagut vegades que n'hi ha hagut cinc. Vull dir que no era això, i això sí que em vam donar en compte, però defensar-ho més no la nostra conv	transcripcions/pa-031.txt	ASR; pendent d'audicio
discurs	vull dir	pa-031	2	ho volia. I això va ser molt important de poder-ho. Em sembla que, al final, el article 84, vull dir que parla que els quarts siguin amb els usuricostums, i allà es va salvar tot. Aleshores, am	transcripcions/pa-031.txt	ASR; pendent d'audicio
territorial	Canillo	pa-031	1	del nostre electorat. Bueno, n'hi ha hagut tovans de dinars, també, n'hi ha hagut d'altres a Canillo i d'això, però allà aquell dinar que es va fer, bueno, tots estaven a favor dels quatre cons	transcripcions/pa-031.txt	ASR; pendent d'audicio
territorial	Massana	pa-031	1	què a tothom ens pensàvem... Bueno, almenys jo pensava, i els consellers, els companys de la Massana, igual, i de les perroques altes, que les perroques perdrien molt poder. I això era el que r	transcripcions/pa-031.txt	ASR; pendent d'audicio
discurs	a veure	pa-032	1	ndre jo sol, pensava, i llavors els cridava, el reunia, a dalt, el babot. I ara passa això. A veure, l'una de la més grossa va ser perdre dels consellers. Aquesta, pues, clar, jo no volia segui	transcripcions/pa-032.txt	ASR; pendent d'audicio
discurs	a veure	pa-032	2	e no ho volia votar. Encara no ens ho havia dit, eh. I sí, era bastant tossut, eh. Pensàvem a veure si ara aquest ho podrà tot arrolar. Però tampoc, tampoc, ni desconfiava-m'ho, eh. Allò de de	transcripcions/pa-032.txt	ASR; pendent d'audicio
discurs	aleshores	pa-032	1	quatre de la mateixa idea. I arriba el moment de que no es van dir que no hi havia llista, i aleshores, els dos oponents es van posar d'acord al moment, al moment. Doncs doncs vinga, vés-hi, li di	transcripcions/pa-032.txt	ASR; pendent d'audicio
discurs	aleshores	pa-032	2	"anacea sobre"". No, no, no, no, no, no, perquè no ho sé, eh, no ho visquiu malament, tampoc. Aleshores era el bunt, també, eh, era el bunt d'endorra, i... I, de vegades, quan va bé, dius ""ahora en"	transcripcions/pa-032.txt	ASR; pendent d'audicio
discurs	bueno	pa-032	1	via gent que em va menar a tocar molts i molts i molts, i tots que no, i que no, i que no. I bueno, a l'últim vam ser a quatre, que ens ho vam apuntar i vam dir que era que passi, i aquí vam e	transcripcions/pa-032.txt	ASR; pendent d'audicio
discurs	bueno	pa-032	2	ser-hi, aquí era llavors, ja veníven els anys abans, eh, però llavors, també, era i 5, i sí. Bueno, és l'opter dels consellers es va canviar el sistema. Jo no l'havia viscut mai, aquest sistem	transcripcions/pa-032.txt	ASR; pendent d'audicio
discurs	bueno	pa-032	3	saps què vull dir, no és allò que n'he tingut un de dir, ara aquest, no, no, no, no. Però, bueno, sempre hi havia idees que no agradava en tant, però llavors es van disfodir. I el dia de vo	transcripcions/pa-032.txt	ASR; pendent d'audicio
discurs	bé	pa-032	1	res, no. El dia que ens vam reunir aquí, aquí, aquí, els pasos perduts, el cas d'aquí aniva bé un, aquí feu el que vulgueu, que les majories tiraran davant. No hi ha majories, ni més nori	transcripcions/pa-032.txt	ASR; pendent d'audicio
discurs	bé	pa-032	2	"tampoc. Aleshores era el bunt, també, eh, era el bunt d'endorra, i... I, de vegades, quan va bé, dius ""ahora ens hem de posar"", no? I aquest, el... el problema més gros. Llavors es visquia"	transcripcions/pa-032.txt	ASR; pendent d'audicio
discurs	bé	pa-032	3	"dius ""ahora ens hem de posar"", no? I aquest, el... el problema més gros. Llavors es visquia bé, perquè llavors... Quan s'ho vol, eh, quan s'ho vol, que ell, on s'havia de ser 5, 7, s'hi r"	transcripcions/pa-032.txt	ASR; pendent d'audicio
discurs	clar	pa-032	1	olíem ser més independents, ens volíem ja governar, que ja començàvem a ser majors d'edat, i clar, això ja li teníem posat al cap, això ja ho teníem. I per això es va escrivent aquestes reuni	transcripcions/pa-032.txt	ASR; pendent d'audicio
discurs	clar	pa-032	2	... Tenia molt seguidors a dalt, a l'Ordino, que encara els tinc avui, amics, eh, i tot. I, clar, hi havia coses que tampoc les volia aprendre jo sol, pensava, i llavors els cridava, el reun	transcripcions/pa-032.txt	ASR; pendent d'audicio
discurs	clar	pa-032	3	ra passa això. A veure, l'una de la més grossa va ser perdre dels consellers. Aquesta, pues, clar, jo no volia seguir el causant de perdre dels consellers. Que jo tampoc ho havia d'haver, ta	transcripcions/pa-032.txt	ASR; pendent d'audicio
discurs	doncs	pa-032	1	a les set de la tarda i a les set menys quart no hi havia candidatura. I en aquell moment, doncs van firmar un paper allà per presentar una candidatura, per veure què passava allà i no s'hi	transcripcions/pa-032.txt	ASR; pendent d'audicio
discurs	doncs	pa-032	2	no hi havia llista, i aleshores, els dos oponents es van posar d'acord al moment, al moment. Doncs doncs vinga, vés-hi, li diu, l'altre oponent, i ell li diu, i ja em votaràs, diu jo i tots e	transcripcions/pa-032.txt	ASR; pendent d'audicio
discurs	doncs	pa-032	3	havia llista, i aleshores, els dos oponents es van posar d'acord al moment, al moment. Doncs doncs vinga, vés-hi, li diu, l'altre oponent, i ell li diu, i ja em votaràs, diu jo i tots els meu	transcripcions/pa-032.txt	ASR; pendent d'audicio
discurs	llavors	pa-032	1	unions per anar perfilant coses, i vam posar-hi l'Albert d'anar a discutir la Constitució. I llavors, de tant en tant, no sé quantes... No s'ho hauria de dir les reunions que vam tenir aquí sobr	transcripcions/pa-032.txt	ASR; pendent d'audicio
discurs	llavors	pa-032	2	, amics, eh, i tot. I, clar, hi havia coses que tampoc les volia aprendre jo sol, pensava, i llavors els cridava, el reunia, a dalt, el babot. I ara passa això. A veure, l'una de la més grossa	transcripcions/pa-032.txt	ASR; pendent d'audicio
discurs	llavors	pa-032	3	un resultat que és bo. No han perdut dos, que a vegades en tenim més i tot dels que... Però llavors, en aquell moment, perdre dels consellers era important. I, clar, això va seguir, també, la	transcripcions/pa-032.txt	ASR; pendent d'audicio
discurs	no?	pa-032	1	"bé, eh, era el bunt d'endorra, i... I, de vegades, quan va bé, dius ""ahora ens hem de posar"", no? I aquest, el... el problema més gros. Llavors es visquia bé, perquè llavors... Quan s'ho vo"	transcripcions/pa-032.txt	ASR; pendent d'audicio
discurs	no?	pa-032	2	, tampoc, ni desconfiava-m'ho, eh. Allò de desconfiar, potser va voler fer un punt dels seus, no? I aquí hi havia l'Ofarras decidint que i enric, enric, enric, i enric, i enric, i l'últim va	transcripcions/pa-032.txt	ASR; pendent d'audicio
discurs	perquè	pa-032	1	# Aquelles eleccions van ser les eleccions una mica rares, a dalt per l'Àquia d'Ordino, perquè es tancava la porta a les set de la tarda i a les set menys quart no hi havia candidatura. I	transcripcions/pa-032.txt	ASR; pendent d'audicio
discurs	perquè	pa-032	2	"stitució, no es pensi que fos... ""Oh, ara tindrem la panacea sobre"". No, no, no, no, no, no, perquè no ho sé, eh, no ho visquiu malament, tampoc. Aleshores era el bunt, també, eh, era el bunt"	transcripcions/pa-032.txt	ASR; pendent d'audicio
discurs	perquè	pa-032	3	"s ""ahora ens hem de posar"", no? I aquest, el... el problema més gros. Llavors es visquia bé, perquè llavors... Quan s'ho vol, eh, quan s'ho vol, que ell, on s'havia de ser 5, 7, s'hi replalega"	transcripcions/pa-032.txt	ASR; pendent d'audicio
discurs	vull dir	pa-032	1	ric, tota la Santa Vida, m'hi he parlat, i amb la Olga, amb l'Eigual i amb l'Altre, saps què vull dir, no és allò que n'he tingut un de dir, ara aquest, no, no, no, no. Però, bueno, sempre hi ha	transcripcions/pa-032.txt	ASR; pendent d'audicio
territorial	Ordino	pa-032	1	# Aquelles eleccions van ser les eleccions una mica rares, a dalt per l'Àquia d'Ordino, perquè es tancava la porta a les set de la tarda i a les set menys quart no hi havia candid	transcripcions/pa-032.txt	ASR; pendent d'audicio
territorial	Ordino	pa-032	2	ens explicaven tal com anava la Constitució. I jo tenia... Tenia molt seguidors a dalt, a l'Ordino, que encara els tinc avui, amics, eh, i tot. I, clar, hi havia coses que tampoc les volia ap	transcripcions/pa-032.txt	ASR; pendent d'audicio
discurs	a nivell	pa-033	1	ixò recorda, ja l'hi dic, des dels temes de tribuna que portàvem aquesta idea al cap, i doncs a nivell nacional, nosaltres consideràvem que necessitàvem aquesta constitució i que necessitàvem don	transcripcions/pa-033.txt	ASR; pendent d'audicio
discurs	bé	pa-033	1	i també hi ha un cert rebutx. En aquell moment hi havia un rebutx bastant gros, que ja estem bé com estem i no ho toquem, que tot es fa malbé, i també hi va ser, com diu el senyor Marçal,	transcripcions/pa-033.txt	ASR; pendent d'audicio
discurs	bé	pa-033	2	es va oposar a caldea de debat, es va dir realment quan no tenia massa sentit, perquè era un bé pel poble i, bé, no es podia discutir si es gastava massa, si es gastava massa poc, però el	transcripcions/pa-033.txt	ASR; pendent d'audicio
discurs	bé	pa-033	3	aldea de debat, es va dir realment quan no tenia massa sentit, perquè era un bé pel poble i, bé, no es podia discutir si es gastava massa, si es gastava massa poc, però el que no podia fer	transcripcions/pa-033.txt	ASR; pendent d'audicio
discurs	clar	pa-033	1	a i ulls. Doncs normalment es revia amb... amb interès, diguem. Es revia amb interès perquè, clar, vull dir, tothom veia les exigències que tenien els veguers i els balles i sabia de regula	transcripcions/pa-033.txt	ASR; pendent d'audicio
discurs	de fet	pa-033	1	ll dir que realment aquest és un dels moments àlgits de l'història del país. Ho capgira tot, de fet. # (música)	transcripcions/pa-033.txt	ASR; pendent d'audicio
discurs	diguem	pa-033	1	emand per fer una constitució amb cara i ulls. Doncs normalment es revia amb... amb interès, diguem. Es revia amb interès perquè, clar, vull dir, tothom veia les exigències que tenien els veg	transcripcions/pa-033.txt	ASR; pendent d'audicio
discurs	diguem	pa-033	2	social, també, hi va haver mig país que estava en contra, doncs és una cosa que és normal. Diguem que nosaltres teníem el Josep Maria Vell, que passava a sentir, però tenia aquest problema de	transcripcions/pa-033.txt	ASR; pendent d'audicio
discurs	diguem	pa-033	3	endorre dintre de la seva història. És a dir, comprar els pareatges és una mica gross, però, diguem que a part de la nova reforma i poca més, i el dret de vot el sofrers universal i de més, no	transcripcions/pa-033.txt	ASR; pendent d'audicio
discurs	doncs	pa-033	1	il) Això recorda, ja l'hi dic, des dels temes de tribuna que portàvem aquesta idea al cap, i doncs a nivell nacional, nosaltres consideràvem que necessitàvem aquesta constitució i que necessi	transcripcions/pa-033.txt	ASR; pendent d'audicio
discurs	doncs	pa-033	2	ell nacional, nosaltres consideràvem que necessitàvem aquesta constitució i que necessitàvem doncs definir els nostres... les nostres relacions amb els copríncepts, perquè recordeu que en aqu	transcripcions/pa-033.txt	ASR; pendent d'audicio
discurs	doncs	pa-033	3	enorme i els veguers tenien una força enorme sobre la política d'Andorra. I els copríncepts doncs per a els seus delegats tenien una força inimaginable a la política d'Andorra. I això van pr	transcripcions/pa-033.txt	ASR; pendent d'audicio
discurs	llavors	pa-033	1	es i sabia de regular i la falta de poder-te sisòria del paper d'Andorra per dir-ho així. I llavors, normalment, jo, la gent que més o menys va hi tractar, ho veia d'una certa manera tal. Incl	transcripcions/pa-033.txt	ASR; pendent d'audicio
discurs	perquè	pa-033	1	i que necessitàvem doncs definir els nostres... les nostres relacions amb els copríncepts, perquè recordeu que en aquella època encara els balles tenien una força enorme i els veguers tenien	transcripcions/pa-033.txt	ASR; pendent d'audicio
discurs	perquè	pa-033	2	amb cara i ulls. Doncs normalment es revia amb... amb interès, diguem. Es revia amb interès perquè, clar, vull dir, tothom veia les exigències que tenien els veguers i els balles i sabia de	transcripcions/pa-033.txt	ASR; pendent d'audicio
discurs	perquè	pa-033	3	ió, ja teníem tota aquesta idea de la Constitució, el Devant i el FPD, és que ho treballaven perquè el Josep Maria Vell ja havia vingut aquí a tirar endavant tot aquest projecte. Allà va ser m	transcripcions/pa-033.txt	ASR; pendent d'audicio
discurs	vull dir	pa-033	1	s. Doncs normalment es revia amb... amb interès, diguem. Es revia amb interès perquè, clar, vull dir, tothom veia les exigències que tenien els veguers i els balles i sabia de regular i la falt	transcripcions/pa-033.txt	ASR; pendent d'audicio
discurs	vull dir	pa-033	2	és, i el dret de vot el sofrers universal i de més, no hi ha moments tan àlgits com aquest. Vull dir que realment aquest és un dels moments àlgits de l'història del país. Ho capgira tot, de fet	transcripcions/pa-033.txt	ASR; pendent d'audicio
discurs	és a dir	pa-033	1	I això van provar de revertir-ho. Es va crear el que en aquell moment es va dir al governet, és a dir, un govern sense massa funcions, per dir, per les que arribes, i després nosaltres ja tiràve	transcripcions/pa-033.txt	ASR; pendent d'audicio
discurs	és a dir	pa-033	2	osició realment a Escaldes va arribar un moment que hi havia dos grups totalment enfrontats. És a dir, aquesta mateixa oposició es va oposar a caldea de debat, es va dir realment quan no tenia ma	transcripcions/pa-033.txt	ASR; pendent d'audicio
discurs	és a dir	pa-033	3	ontra. Aquesta posició frontal amb contra, el moment de la Constitució també s'hi va posar. És a dir, que era més per a enfrontament polític, que no pas pel que hi havia d'interès i el benefici	transcripcions/pa-033.txt	ASR; pendent d'audicio
territorial	Escaldes	pa-033	1	és convençuts, i que tiràvem endavant una Constitució amb cara i ulls. L'oposició realment a Escaldes va arribar un moment que hi havia dos grups totalment enfrontats. És a dir, aquesta mateixa	transcripcions/pa-033.txt	ASR; pendent d'audicio
territorial	parròquia	pa-033	1	a més per a enfrontament polític, que no pas pel que hi havia d'interès i el benefici per la parròquia i pel país. El procés constituent jo considero que és un dels passos més grossos que he fet	transcripcions/pa-033.txt	ASR; pendent d'audicio
discurs	a nivell	pa-034	1	ar el nom d'un partit de Canillo, vull dir, i així vam començar. Per tant, vull dir, més que a nivell familiar, va ser a nivell, vull dir, d'amistat, vull dir, a nivell d'amistat. Sí que el meu	transcripcions/pa-034.txt	ASR; pendent d'audicio
discurs	a nivell	pa-034	2	nillo, vull dir, i així vam començar. Per tant, vull dir, més que a nivell familiar, va ser a nivell, vull dir, d'amistat, vull dir, a nivell d'amistat. Sí que el meu pare, vull dir, va estar en	transcripcions/pa-034.txt	ASR; pendent d'audicio
discurs	a nivell	pa-034	3	er tant, vull dir, més que a nivell familiar, va ser a nivell, vull dir, d'amistat, vull dir, a nivell d'amistat. Sí que el meu pare, vull dir, va estar en un moment al comú, com a conseller, per	transcripcions/pa-034.txt	ASR; pendent d'audicio
discurs	a veure	pa-034	1	o menys, una mica la cosa aquí, fins que el senyor Josep Casal, de Casa Gavachó, em va venir a veure, perquè, clar, ja s'havia de començar a preparar, vull dir, les candidatures, i em va venir	transcripcions/pa-034.txt	ASR; pendent d'audicio
discurs	a veure	pa-034	2	", perquè, clar, ja s'havia de començar a preparar, vull dir, les candidatures, i em va venir a veure i em va dir, ""Bueno, hi ha un projecte de país i t'has de presentar."" I jo, d'entrada, li va"	transcripcions/pa-034.txt	ASR; pendent d'audicio
discurs	a veure	pa-034	3	ir, això sí que era plenament confiança, vull dir, a les persones, vull dir, de la comissió. A veure, a la comissió constituent de la Parloca de Canillo, hi havia el senyor Josep Casadevall. Cl	transcripcions/pa-034.txt	ASR; pendent d'audicio
discurs	bueno	pa-034	1	"vaig veure, però esclar, que hi havia molta gent a fora, d'ell estava passant, i vaig dir, ""Bueno, vaig continuar, vaig pujar les escales, mentre pujava, deixava-hi un senyor gran, de qui d'"	transcripcions/pa-034.txt	ASR; pendent d'audicio
discurs	bueno	pa-034	2	"icar una mica, i em vaig quedar. I en aquell moment vaig tenir la sensació, potser, de dir, ""Bueno, això és com una manifestació, jo vaig viure, vull dir, el maig del 68 a França, que dic, co"	transcripcions/pa-034.txt	ASR; pendent d'audicio
discurs	bueno	pa-034	3	"assa alguna cosa."" ""Vull dir, hi hem de ser-hi."" I bé, va passar la dissolució, tot, no? I, bueno, es va quedar, més o menys, una mica la cosa aquí, fins que el senyor Josep Casal, de Casa Ga"	transcripcions/pa-034.txt	ASR; pendent d'audicio
discurs	bé	pa-034	1	t vaig mirar per la finestra i vaig veure que aquí, al pati de casa de l'abany, podia passar bé alguna cosa, unes plancartes, uns llançors blancs, però des de baix no podia llegir. Vaig pe	transcripcions/pa-034.txt	ASR; pendent d'audicio
discurs	bé	pa-034	2	", no sé, vaig dir, ""Mira, vull dir, aquí passa alguna cosa."" ""Vull dir, hi hem de ser-hi."" I bé, va passar la dissolució, tot, no? I, bueno, es va quedar, més o menys, una mica la cosa aquí"	transcripcions/pa-034.txt	ASR; pendent d'audicio
discurs	bé	pa-034	3	enia a la meva vida professional, la meva família, per tant, la part política, vull dir, està bé, una mica lluny, no? Però sí que el Pepito, per mi és el Pepito, serà sempre, vull dir, el P	transcripcions/pa-034.txt	ASR; pendent d'audicio
discurs	clar	pa-034	1	"quedar a pensar, ""Què faig?"" Continuo pujant o marxo, perquè aquí alguna cosa deu passar. I, clar, quan vaig arribar aquí a la sala dels passos perdurs, estava, vull dir, de goma a goma, i e"	transcripcions/pa-034.txt	ASR; pendent d'audicio
discurs	clar	pa-034	2	"la dels passos perdurs, estava, vull dir, de goma a goma, i em diuen, ""Què passa?"" Llavors, clar, em van explicar una mica, i em vaig quedar. I en aquell moment vaig tenir la sensació, potse"	transcripcions/pa-034.txt	ASR; pendent d'audicio
discurs	clar	pa-034	3	la cosa aquí, fins que el senyor Josep Casal, de Casa Gavachó, em va venir a veure, perquè, clar, ja s'havia de començar a preparar, vull dir, les candidatures, i em va venir a veure i em v	transcripcions/pa-034.txt	ASR; pendent d'audicio
discurs	diguem	pa-034	1	vull dir, aquí ens vam trobar, doncs, això, que vull dir, moltes persones de la quarantena, diguem, no?, i penso que potser això és el que va... va influir, no?, primer, vull dir, que cada un	transcripcions/pa-034.txt	ASR; pendent d'audicio
discurs	doncs	pa-034	1	"o, perquè jo, la política, no m'agradava, d'alguna manera, la política que es feia, que era, doncs això, casa tal, casa tal."" I que no hi havia, doncs, una manera de compartir o de diàleg, qu"	transcripcions/pa-034.txt	ASR; pendent d'audicio
discurs	doncs	pa-034	2	"anera, la política que es feia, que era, doncs això, casa tal, casa tal."" I que no hi havia, doncs, una manera de compartir o de diàleg, que clar, que era molt, vull dir, la cosa molt tancada,"	transcripcions/pa-034.txt	ASR; pendent d'audicio
discurs	doncs	pa-034	3	"ues vale, pues sí"". Vull dir, anem, vull dir, realment, a fer alguna cosa pel país. El país, doncs clar, vull dir, ho necessita, perquè és el que m'està ben explicant d'allò. Potser, vull dir"	transcripcions/pa-034.txt	ASR; pendent d'audicio
discurs	llavors	pa-034	1	"podia llegir. Vaig pensar, ""Què passa a casa de l'abany?"" I vaig pensar, ""Va, no hi vaig."" Llavors vaig pujar, vaig veure, però esclar, que hi havia molta gent a fora, d'ell estava passant, i"	transcripcions/pa-034.txt	ASR; pendent d'audicio
discurs	llavors	pa-034	2	"í a la sala dels passos perdurs, estava, vull dir, de goma a goma, i em diuen, ""Què passa?"" Llavors, clar, em van explicar una mica, i em vaig quedar. I en aquell moment vaig tenir la sensació,"	transcripcions/pa-034.txt	ASR; pendent d'audicio
discurs	llavors	pa-034	3	"manera de compartir o de diàleg, que clar, que era molt, vull dir, la cosa molt tancada, no? Llavors vam començar a parlar i vaig veure dir, ""Bueno, potser aquí anem amb un canvi."" ""Anem amb un"	transcripcions/pa-034.txt	ASR; pendent d'audicio
discurs	no?	pa-034	1	", aquí passa alguna cosa."" ""Vull dir, hi hem de ser-hi."" I bé, va passar la dissolució, tot, no? I, bueno, es va quedar, més o menys, una mica la cosa aquí, fins que el senyor Josep Casal,"	transcripcions/pa-034.txt	ASR; pendent d'audicio
discurs	no?	pa-034	2	"una manera de compartir o de diàleg, que clar, que era molt, vull dir, la cosa molt tancada, no? Llavors vam començar a parlar i vaig veure dir, ""Bueno, potser aquí anem amb un canvi."" ""An"	transcripcions/pa-034.txt	ASR; pendent d'audicio
discurs	no?	pa-034	3	professional, la meva família, per tant, la part política, vull dir, està bé, una mica lluny, no? Però sí que el Pepito, per mi és el Pepito, serà sempre, vull dir, el Pepito, no? Vam estar	transcripcions/pa-034.txt	ASR; pendent d'audicio
discurs	o sigui	pa-034	1	nt, aquesta, vull dir, l'haurim de treure, la passarem, vull dir, al pròxim consell, perquè, o sigui, acabarem molt tard, oi, oi, oi, oi... I ens ho vam creure, eh? I ens ho vam creure, eh? I	transcripcions/pa-034.txt	ASR; pendent d'audicio
discurs	per tant	pa-034	1	"b un canvi."" ""Anem amb un canvi, vull dir, d'obertura, anem amb un canvi de mentalitat."" I, per tant, bueno, ja comencem a parlar, vull dir, de grups, ens hem d'adonir, vull dir, hem de buscar e"	transcripcions/pa-034.txt	ASR; pendent d'audicio
discurs	per tant	pa-034	2	donir, vull dir, hem de buscar el nom d'un partit de Canillo, vull dir, i així vam començar. Per tant, vull dir, més que a nivell familiar, va ser a nivell, vull dir, d'amistat, vull dir, a nivel	transcripcions/pa-034.txt	ASR; pendent d'audicio
discurs	per tant	pa-034	3	cosa que no tenia gaire interès, que la tenia a la meva vida professional, la meva família, per tant, la part política, vull dir, està bé, una mica lluny, no? Però sí que el Pepito, per mi és el	transcripcions/pa-034.txt	ASR; pendent d'audicio
discurs	perquè	pa-034	1	"post, d'aquí no surt ningú."" I em vaig quedar a pensar, ""Què faig?"" Continuo pujant o marxo, perquè aquí alguna cosa deu passar. I, clar, quan vaig arribar aquí a la sala dels passos perdurs,"	transcripcions/pa-034.txt	ASR; pendent d'audicio
discurs	perquè	pa-034	2	una mica la cosa aquí, fins que el senyor Josep Casal, de Casa Gavachó, em va venir a veure, perquè, clar, ja s'havia de començar a preparar, vull dir, les candidatures, i em va venir a veure	transcripcions/pa-034.txt	ASR; pendent d'audicio
discurs	perquè	pa-034	3	"""Bueno, hi ha un projecte de país i t'has de presentar."" I jo, d'entrada, li vaig dir, ""No, perquè jo, la política, no m'agradava, d'alguna manera, la política que es feia, que era, doncs aix"	transcripcions/pa-034.txt	ASR; pendent d'audicio
discurs	vull dir	pa-034	1	"guna cosa deu passar. I, clar, quan vaig arribar aquí a la sala dels passos perdurs, estava, vull dir, de goma a goma, i em diuen, ""Què passa?"" Llavors, clar, em van explicar una mica, i em vaig"	transcripcions/pa-034.txt	ASR; pendent d'audicio
discurs	vull dir	pa-034	2	"vaig tenir la sensació, potser, de dir, ""Bueno, això és com una manifestació, jo vaig viure, vull dir, el maig del 68 a França, que dic, com estudiant, i en aquell moment, no sé, vaig dir, ""Mira"	transcripcions/pa-034.txt	ASR; pendent d'audicio
discurs	vull dir	pa-034	3	"el maig del 68 a França, que dic, com estudiant, i en aquell moment, no sé, vaig dir, ""Mira, vull dir, aquí passa alguna cosa."" ""Vull dir, hi hem de ser-hi."" I bé, va passar la dissolució, tot,"	transcripcions/pa-034.txt	ASR; pendent d'audicio
discurs	és a dir	pa-034	1	", d'alguna manera, el que ells ens deien, de dir, ""Bé, doncs hem d'anar cap aquí, cap aquí"". És a dir, jo no tenia cap dubte, no? De dir, al contrari, del que ells ja pensaven fer, o pensaven qu"	transcripcions/pa-034.txt	ASR; pendent d'audicio
discurs	és a dir	pa-034	2	r, la informació potser m'arribava per d'altres llocs, i no directament potser de parròquia. És a dir, clar, jo no feia reunions, vull dir, dels quatre consellers que estàvem aquí fora d'aquí. V	transcripcions/pa-034.txt	ASR; pendent d'audicio
discurs	és a dir	pa-034	3	ssava, clar. Llavors, això sí que em va donar molt, molt, molt, molt, perquè no van complir, és a dir, em vaig sentir, en aquell moment, utilitzada. A més, era una comissió i hi havia les quatre	transcripcions/pa-034.txt	ASR; pendent d'audicio
territorial	Canillo	pa-034	1	a parlar, vull dir, de grups, ens hem d'adonir, vull dir, hem de buscar el nom d'un partit de Canillo, vull dir, i així vam començar. Per tant, vull dir, més que a nivell familiar, va ser a niv	transcripcions/pa-034.txt	ASR; pendent d'audicio
territorial	Canillo	pa-034	2	"etot perquè ja era això, de dir, ""Va, ja hem format el grup de Progrés Unió Senyor Progrés de Canillo"". Ja no és, vull dir, fulano de tal, de casa tal, no? Això ho vaig trobar, vull dir, molt im"	transcripcions/pa-034.txt	ASR; pendent d'audicio
territorial	Canillo	pa-034	3	a les persones, vull dir, de la comissió. A veure, a la comissió constituent de la Parloca de Canillo, hi havia el senyor Josep Casadevall. Clar, d'alguna manera, no era del meu partit, no era	transcripcions/pa-034.txt	ASR; pendent d'audicio
territorial	Massana	pa-034	1	"ue aquests quatre, ho deia, es despenyen, no?, que, clar, que primer va haver una reunió a la Massana, després, vull dir, telèfon, no?, i que dius, ""Però què, què passa, què passa, no?"" I clar,"	transcripcions/pa-034.txt	ASR; pendent d'audicio
territorial	comú	pa-034	1	amistat, vull dir, a nivell d'amistat. Sí que el meu pare, vull dir, va estar en un moment al comú, com a conseller, però a nivell de casa, a nivell familiar sí, vull dir, altres persones, v	transcripcions/pa-034.txt	ASR; pendent d'audicio
territorial	parròquia	pa-034	1	Bé, vull dir, la informació potser m'arribava per d'altres llocs, i no directament potser de parròquia. És a dir, clar, jo no feia reunions, vull dir, dels quatre consellers que estàvem aquí fora	transcripcions/pa-034.txt	ASR; pendent d'audicio
territorial	parròquia	pa-034	2	r, potser després, pensant, no?, que els que potser fèiem més pinya, vull dir, a nivell de la parròquia, i que tenien un membre a l'altre partida, potser la informació els hi arribà bé o més aviat	transcripcions/pa-034.txt	ASR; pendent d'audicio
discurs	a veure	pa-035	1	redacció d'una primera Constitució. Se'n va fer sis. Nosaltres em van fer una, però anirem a veure sis més de grups polítics comuns, que van preparar aquestes sis Constituccions, que es van p	transcripcions/pa-035.txt	ASR; pendent d'audicio
discurs	a veure	pa-035	2	ta setmana van acusar el president de la República Francesa de no respectar l'estat de dret. A veure, de la decisió contra l'opinió del PRC, que era el que dominava la política exterior francesa	transcripcions/pa-035.txt	ASR; pendent d'audicio
discurs	bueno	pa-035	1	endurrants, reticents, davant de la supressió d'aquests representants, dels cobrinsams. I, bueno, vaig participar, doncs, una mica, una mica, a la redacció d'una primera Constitució. Se'n v	transcripcions/pa-035.txt	ASR; pendent d'audicio
discurs	bé	pa-035	1	r indiscutibles. A mesura que delentaven les discussions, vam anar convençent que s'acabaria bé. Perquè tenim aquests contactes permanents amb els coprínseps, amb l'únic i amb l'altre, ana	transcripcions/pa-035.txt	ASR; pendent d'audicio
discurs	bé	pa-035	2	respecte vis-à-vis d'aquestes institucions. Jo crec que ara, per ara, considero que funcioni bé. Quan es va tractar de crear la Constitució periodista de la justícia, el síndic Ferraz m'ho	transcripcions/pa-035.txt	ASR; pendent d'audicio
discurs	bé	pa-035	3	r i com s'ha d'anar. Ens vam... vam tenir un equip important, molt... que ens en teníem molt bé, i vam disfrutar.	transcripcions/pa-035.txt	ASR; pendent d'audicio
discurs	clar	pa-035	1	lítics comuns, que van preparar aquestes sis Constituccions, que es van posar a referèndum. Clar, no podia sortir res d'important davant de sis Constituccions. I va quedar una mica mort, va	transcripcions/pa-035.txt	ASR; pendent d'audicio
discurs	clar	pa-035	2	de l'altre. Ja m'havia llegit molt escur, això de la separació de poders. Això ho tenia ben clar, també, des del començament. Quan vam entendre que els coprínseps acceptaven la supressió de	transcripcions/pa-035.txt	ASR; pendent d'audicio
discurs	doncs	pa-035	1	davant de la supressió d'aquests representants, dels cobrinsams. I, bueno, vaig participar, doncs, una mica, una mica, a la redacció d'una primera Constitució. Se'n va fer sis. Nosaltres em	transcripcions/pa-035.txt	ASR; pendent d'audicio
discurs	doncs	pa-035	2	els casos, però sempre ha funcionat. El consell no ha sigut de tornar autodissoldre mai més. Doncs ha funcionat. Aquest sent cos que s'ha de canviar, jo no crec que s'ha de canviar massa sovi	transcripcions/pa-035.txt	ASR; pendent d'audicio
discurs	evidentment	pa-035	1	nir unes parroques amb massa poder. Això són els obstacles inters. Hi havia també externes. Evidentment hi havia tots els que tenien el poder dels cobríncepts, els serveis dels cobríncepts, els be	transcripcions/pa-035.txt	ASR; pendent d'audicio
discurs	perquè	pa-035	1	Hi havia... Per exemple, es conservaven els baguers, es conservaven els delegats permanents, perquè hi havia molts endurrants, reticents, davant de la supressió d'aquests representants, dels c	transcripcions/pa-035.txt	ASR; pendent d'audicio
discurs	perquè	pa-035	2	dern ens va inspirar amb els països veïns. La meva activitat com a subscític va ser modesta, perquè la funció del subscític és substituir el síndic en cas d'absència, en cas d'absència de mala	transcripcions/pa-035.txt	ASR; pendent d'audicio
discurs	perquè	pa-035	3	n debat molt interna i molt important durant molt temps en el sí de la Comissió Constituent, perquè ens convencessin tots que hi havia unes institucions que correspondessin a un estat modern.	transcripcions/pa-035.txt	ASR; pendent d'audicio
discurs	és a dir	pa-035	1	ríem. Nosaltres vam agafar la proposició que ells fèiem i vam anar fins al final, al màxim. És a dir, fer un estat de dret modern amb la separació de poders. La comissió constituent es va formar	transcripcions/pa-035.txt	ASR; pendent d'audicio
territorial	Escaldes	pa-035	1	un estat modern. I hi havia també la por. La por de que, en aquest sistema, la parroquia d'escaldes i d'endorra agafessin un poder molt important en detriment del poder de les altres parroques.	transcripcions/pa-035.txt	ASR; pendent d'audicio
territorial	comuns	pa-035	1	ó. Se'n va fer sis. Nosaltres em van fer una, però anirem a veure sis més de grups polítics comuns, que van preparar aquestes sis Constituccions, que es van posar a referèndum. Clar, no podi	transcripcions/pa-035.txt	ASR; pendent d'audicio
territorial	comú	pa-035	1	ar, va quedar formada per consellers que venien de parroques diferents, sense una preparació comú. La primera funció d'aquesta Constitució, d'aquesta comissió, va ser crear l'animitat de pe	transcripcions/pa-035.txt	ASR; pendent d'audicio
territorial	parròquia	pa-035	1	spondessin a un estat modern. I hi havia també la por. La por de que, en aquest sistema, la parroquia d'escaldes i d'endorra agafessin un poder molt important en detriment del poder de les altres	transcripcions/pa-035.txt	ASR; pendent d'audicio
discurs	a nivell	pa-036	1	en aquell moment. Tot i que les relacions entre en camp i els altres parroquis no eren bones a nivell electoral, no s'havia perdut unes eleccions perquè el company de en camp es presentava descín	transcripcions/pa-036.txt	ASR; pendent d'audicio
discurs	a veure	pa-036	1	s, perquè en aquell moment, realment, sortir-ho, m'he intentat on sortir els consellers, anar a veure companys diputats de l'Assemblea Nacional a França, o a Bèdia i Madrid, i allà va ser el mome	transcripcions/pa-036.txt	ASR; pendent d'audicio
discurs	bueno	pa-036	1	pensàvem que aquest havia de continuar, i així ens ha sigut, que és la gran avantatge. Però, bueno, com sentiu, és parlar d'aquesta gent que està ben directament implicats a la vida política de	transcripcions/pa-036.txt	ASR; pendent d'audicio
discurs	bueno	pa-036	2	nt de les reformes institucions, i no volíem anar més enllà d'això, no volien anar més enllà. Bueno, ens va costar fer aquest pas important, després, evidentment, entre la legislatura crítica,	transcripcions/pa-036.txt	ASR; pendent d'audicio
discurs	bueno	pa-036	3	"r, les eleccions descíndic les van guanyar, l'escaldes va guanyar, el Josep Maria Béal. Dic ""bueno, hi havia aquesta situació però no va prejudicar amb res al contrari"". Tot s'hi van apostar p"	transcripcions/pa-036.txt	ASR; pendent d'audicio
discurs	bé	pa-036	1	s el que no volíem era moure l'institució del copríncipat. El copríncipat ens havia anat molt bé i pensàvem que aquest havia de continuar, i així ens ha sigut, que és la gran avantatge. Per	transcripcions/pa-036.txt	ASR; pendent d'audicio
discurs	bé	pa-036	2	slatura era amb l'antic règim, perquè realment encara estàvem amb el sistema antic, i s'està bé continuant parlant de la reforma de les institucions, que es va parlar tants anys i encara est	transcripcions/pa-036.txt	ASR; pendent d'audicio
discurs	bé	pa-036	3	Constitució econòmica perquè realment el país ho necessitau, i en aquell moment hauria estat bé. Però, evidentment, el que va fer que al 93 estiguessin tots junts, al 94 ja no estàvem tots	transcripcions/pa-036.txt	ASR; pendent d'audicio
discurs	clar	pa-036	1	que va provocar les pròpies eleccions, que fossin una mena d'eleccions ja amb un objectiu més clar que anar més enllà de les reformes que s'estàvem fent, sinó d'anar de cara a una constitució.	transcripcions/pa-036.txt	ASR; pendent d'audicio
discurs	clar	pa-036	2	a idea que va sortir a fer un grup d'amistat entre parlamentaris, que avui és continuï, però, clar, nosaltres sortíem, i el síndic sempre és revivible la trucada del Begué. Correspondent, l'ep	transcripcions/pa-036.txt	ASR; pendent d'audicio
discurs	clar	pa-036	3	ltima majoria, perquè ni va haver dos, i aquesta vam poder repetir, però amb un objectiu molt clar que era fer la constitució, i tots vam treballar per a la mateixa, i gràcies a això es va pode	transcripcions/pa-036.txt	ASR; pendent d'audicio
discurs	doncs	pa-036	1	"lat ni en el programa"" i dic ""op, i volta ens trobem, ens parlem d'això i ens proposen això"", doncs nosaltres ja hem d'anar, hem de fer la Constitució, i tots els companys en aquell moment van"	transcripcions/pa-036.txt	ASR; pendent d'audicio
discurs	evidentment	pa-036	1	llà d'això, no volien anar més enllà. Bueno, ens va costar fer aquest pas important, després, evidentment, entre la legislatura crítica, o la més forta, que és la del 90-92, i allà sí que ja anàvem d	transcripcions/pa-036.txt	ASR; pendent d'audicio
discurs	evidentment	pa-036	2	ó econòmica perquè realment el país ho necessitau, i en aquell moment hauria estat bé. Però, evidentment, el que va fer que al 93 estiguessin tots junts, al 94 ja no estàvem tots junts. Llavors jo j	transcripcions/pa-036.txt	ASR; pendent d'audicio
discurs	evidentment	pa-036	3	seguiu, tot el que avançava el país en una Constitució, que el que deixàvem pel camí, perquè evidentment no estàvem tots al 100% d'acord amb tots els punts de la Constitució. Però, clar, s'havia de	transcripcions/pa-036.txt	ASR; pendent d'audicio
discurs	llavors	pa-036	1	evidentment, el que va fer que al 93 estiguessin tots junts, al 94 ja no estàvem tots junts. Llavors jo ja havia canviat totalment. La gent en camp, de totes maneres, tenia un criteri bastant cl	transcripcions/pa-036.txt	ASR; pendent d'audicio
discurs	per tant	pa-036	1	de fer la Constitució, i tots els companys en aquell moment van pensar exactament el mateix i per tant hi havia generacions diferents, però tots van pensar el mateix i ja la voluntat ja va ser fer	transcripcions/pa-036.txt	ASR; pendent d'audicio
discurs	per tant	pa-036	2	s amb altres perroques i que heu trobades amb gent que ho viu un mes fins a nosaltres, d'aquí per tant anàvem a portar la nostra situació. Nosaltres, en camp, amb Sant Julià volia moltes llistes o	transcripcions/pa-036.txt	ASR; pendent d'audicio
discurs	perquè	pa-036	1	de les xaves funcions, i que tal com ho he trobat ho disserir. Ens vam quedar una mica parats perquè nosaltres encara volíem anar més lluny i volíem justament que ens ajudés. Ens vam entrevista	transcripcions/pa-036.txt	ASR; pendent d'audicio
discurs	perquè	pa-036	2	, això ens costarà molt d'arribar. Sempre dic que aquella legislatura era amb l'antic règim, perquè realment encara estàvem amb el sistema antic, i s'està bé continuant parlant de la reforma de	transcripcions/pa-036.txt	ASR; pendent d'audicio
discurs	perquè	pa-036	3	, i ja estàvem al 86. 86-89 va ser una legislatura molt de tràmit, per dir-ho d'una manera, perquè del procés de reforma, pràcticament no em vam veure gran cosa, vam seguir aquells anys, però m	transcripcions/pa-036.txt	ASR; pendent d'audicio
discurs	vull dir	pa-036	1	r un salt qualitatiu amb aquella Constitució i després ho va poder viure al Consell el 2001. Vull dir que era el nou reglament, el nou sistema, vivia les dues coses. Pensa que la Constitució va s	transcripcions/pa-036.txt	ASR; pendent d'audicio
territorial	Canillo	pa-036	1	es de moltes coses que no n'hi caïvem amb aquest sentit comú que tenien, i jo, la persona de Canillo d'Ordino, et deia una reflexió, que dius que ara en té raó, ens estem mirant uns textos dife	transcripcions/pa-036.txt	ASR; pendent d'audicio
territorial	Escaldes	pa-036	1	"en camp es presentava descíndic i no van guanyar, les eleccions descíndic les van guanyar, l'escaldes va guanyar, el Josep Maria Béal. Dic ""bueno, hi havia aquesta situació però no va prejudicar"	transcripcions/pa-036.txt	ASR; pendent d'audicio
territorial	Ordino	pa-036	1	es coses que no n'hi caïvem amb aquest sentit comú que tenien, i jo, la persona de Canillo d'Ordino, et deia una reflexió, que dius que ara en té raó, ens estem mirant uns textos diferents de	transcripcions/pa-036.txt	ASR; pendent d'audicio
territorial	Sant Julià	pa-036	1	ins a nosaltres, d'aquí per tant anàvem a portar la nostra situació. Nosaltres, en camp, amb Sant Julià volia moltes llistes obertes, finalment ho vam perdre, perquè vam anar a la comissió que tot	transcripcions/pa-036.txt	ASR; pendent d'audicio
territorial	comú	pa-036	1	començar bastant jove. Començant, a més a més, diferent del que havia fet tothom, sense en el comú, i que va viure els dos sistemes, i el canvi de sistema. La primera part de la legislatura 8	transcripcions/pa-036.txt	ASR; pendent d'audicio
territorial	comú	pa-036	2	nèixer el sistema antic, que era un sistema de les persones d'abans, que anava més el sentit comú, que no pas la realitat dels textos escrets, que és el que ara estem mirant més. I aquella g	transcripcions/pa-036.txt	ASR; pendent d'audicio
territorial	comú	pa-036	3	ció que avui tenen, avui tothom té una formació més preparada de lloc, però tenien un sentit comú que a mi m'havia engrescat moltíssim perquè a vegades parlaves de moltes coses que no n'hi c	transcripcions/pa-036.txt	ASR; pendent d'audicio
territorial	copríncep	pa-036	1	liar, per exemple, amb la delegació francesa Perpinyà, i al aquell primer any ens deia que el copríncep Mitterrand havia trobat en Dorre, a dintre de les xaves funcions, i que tal com ho he trobat	transcripcions/pa-036.txt	ASR; pendent d'audicio
discurs	bueno	pa-037	1	gairebé existim tothom, jo personalment, he passat dos o tres anys que no he pogut anar, però bueno, aquest any mateix he anat i torne bé, molt bon ambient, molt bon ambient, torne a comentar co	transcripcions/pa-037.txt	ASR; pendent d'audicio
discurs	bueno	pa-037	2	"ue el tabac anava de cap al ball. Ja se'n parlava i jo sé que una vegada vam fer una reunió i, bueno, tothom vam dir ""si, sí, s'ha de reduir la producció del tabac"". I els quatre dies hi veieu u"	transcripcions/pa-037.txt	ASR; pendent d'audicio
discurs	bueno	pa-037	3	"è a dir ""bé, més abans no el redueixin, dius que jo la pugi"", perquè ja em quedava un nivell. Bueno, considero que vam fer bona feina, almenys, m'ho penso, i vaig marxar allà dins d'aquesta conv"	transcripcions/pa-037.txt	ASR; pendent d'audicio
discurs	bé	pa-037	1	he passat dos o tres anys que no he pogut anar, però bueno, aquest any mateix he anat i torne bé, molt bon ambient, molt bon ambient, torne a comentar coses del que s'havia passat, però sobr	transcripcions/pa-037.txt	ASR; pendent d'audicio
discurs	bé	pa-037	2	"s anar de ministre d'Hiricultura i llavors el teu lloc en tenia... mira ho sé, no me'n recordo bé com anava"". I no, no vaig molt acceptar, vaig quedar al dintre del consell, president de la C"	transcripcions/pa-037.txt	ASR; pendent d'audicio
discurs	bé	pa-037	3	"abac"". I els quatre dies hi veieu un propietari que va arrencar tots els camps, perquè a dir ""bé, més abans no el redueixin, dius que jo la pugi"", perquè ja em quedava un nivell. Bueno, cons"	transcripcions/pa-037.txt	ASR; pendent d'audicio
discurs	clar	pa-037	1	"fons de la qüestió. Estàvem informats i diuen ""però mira, ho veieu així, pues feu"". Després, clar, quan va arribar cap al final de tot, ens van informar més, perquè a final havíem de votar que"	transcripcions/pa-037.txt	ASR; pendent d'audicio
discurs	clar	pa-037	2	ue tenim els coprínseps, i pel meu vot, que segueixin, no, per mi, estan ben vinguts són, però clar, amb el car tal com està ara, però amb el que està ahí abans, la justícia depenia dels coprín	transcripcions/pa-037.txt	ASR; pendent d'audicio
discurs	clar	pa-037	3	que vam fer, penso que se'n va fer de públics, i vam defensar al màxim. Qui ho defensarà més? Clar, els quins van ser a la comissió constituent, però els altres els apollaven, i converses així,	transcripcions/pa-037.txt	ASR; pendent d'audicio
discurs	diguem	pa-037	1	dia que ja vam marxar. Una cosa que em va satisfir molt, molt, va ser que vaig fer de cíndic, diguem-ho així, durant una hora o més. Vaig prendre de jurament el cíndic Ferraz, aquí en aquestes c	transcripcions/pa-037.txt	ASR; pendent d'audicio
discurs	doncs	pa-037	1	'un tiràve cap al seu costat i va arribar a moments que a punt de trencar les negociacions. I doncs, quan va arribar el consell constituent, ha vint arribat també amb bastant tensos, i l'Enriqu	transcripcions/pa-037.txt	ASR; pendent d'audicio
discurs	doncs	pa-037	2	"els apollaven, i converses així, de carrera, trobant-te amb gent, ""Escolta, tu què et sembla? Doncs mira, i a mi em sembla això, i sí, i sí, i sí, i clar, no anava a dir-ho a la gent, no, la vot"	transcripcions/pa-037.txt	ASR; pendent d'audicio
discurs	doncs	pa-037	3	via tensions entre els copríncepts, de fa molts anys en darrere, i abans d'aquestes tensions, doncs hem de mirar que s'acabin, i s'han acabat, jo crec que s'han acabat. Sí, bueno, del tot potse	transcripcions/pa-037.txt	ASR; pendent d'audicio
discurs	llavors	pa-037	1	inc minuts abans, però quan sorties allà, s'havia acabat, o a menys jo ho veia així. I des de llavors, encara cada any es fa el dia 2 de febrer, fem un dinar o un sopar de trobar de tot el consell	transcripcions/pa-037.txt	ASR; pendent d'audicio
discurs	llavors	pa-037	2	tà tenint el tema del tema de futur, ja veurem com acabarà. Jo vaig entrar aquí al consell, i llavors em va agafar el càrrec de president de la Comissió d'Hiricultura. Esclar, la constituent feie	transcripcions/pa-037.txt	ASR; pendent d'audicio
discurs	llavors	pa-037	3	"alament. No sé per quin motiu, em van dir ""cuenta, tu podries anar de ministre d'Hiricultura i llavors el teu lloc en tenia... mira ho sé, no me'n recordo bé com anava"". I no, no vaig molt accepta"	transcripcions/pa-037.txt	ASR; pendent d'audicio
discurs	perquè	pa-037	1	"eu així, pues feu"". Després, clar, quan va arribar cap al final de tot, ens van informar més, perquè a final havíem de votar que sí, sinó si el consell ja no aprovava, malament. No sé per quin m"	transcripcions/pa-037.txt	ASR; pendent d'audicio
discurs	perquè	pa-037	2	"roducció del tabac"". I els quatre dies hi veieu un propietari que va arrencar tots els camps, perquè a dir ""bé, més abans no el redueixin, dius que jo la pugi"", perquè ja em quedava un nivell. B"	transcripcions/pa-037.txt	ASR; pendent d'audicio
discurs	perquè	pa-037	3	"a arrencar tots els camps, perquè a dir ""bé, més abans no el redueixin, dius que jo la pugi"", perquè ja em quedava un nivell. Bueno, considero que vam fer bona feina, almenys, m'ho penso, i vaig"	transcripcions/pa-037.txt	ASR; pendent d'audicio
discurs	vull dir	pa-037	1	ectament, però indirectament sí, el dia de votar el vaig votar aquí, i després el referèndum. Vull dir que una setè de fressó personal, sí, sí, aquí mateix, com he dit abans, perquè sabia que hi ha	transcripcions/pa-037.txt	ASR; pendent d'audicio
territorial	Canillo	pa-037	1	al final, quan analitges una miqueta la situació d'endorra, el que és les altres parròquies. Canillo, sí, és la més gran amb superfície, però tampoc també hi ha menys populació. S'ha de ser una m	transcripcions/pa-037.txt	ASR; pendent d'audicio
territorial	comú	pa-037	1	de tant en tant. Amb un consell sigui el consell d'aquí, el consell general, o el consell de comú. Quan estàs assentat a la cadira, et pots dir Michel Naudí o Jordi Ferras, ets un conseller.	transcripcions/pa-037.txt	ASR; pendent d'audicio
territorial	parròquia	pa-037	1	perdre dos consellers. D'alguna manera, els que hi han, almenys ara, sempre que defensen bé la parròquia, i els que han hagut, també, i esperem que els que vinguin, també s'havia parlat en aquell mo	transcripcions/pa-037.txt	ASR; pendent d'audicio
discurs	a nivell	pa-038	1	ue les lleis es fan per a mi de teva, perquè no hi hagi concorrència econòmica per dir algo, a nivell de negocis o el que sigui, clar, això va molt bé. I aquesta gent estava molt en contra, molt	transcripcions/pa-038.txt	ASR; pendent d'audicio
discurs	a nivell	pa-038	2	riure. Si us carregueu els coprins, si no els els carreguem, els entronisem, els entronegem a nivell internacional, que ara és una cosa folclòrica local. Ah, és que les perroques, però si no en	transcripcions/pa-038.txt	ASR; pendent d'audicio
discurs	a veure	pa-038	1	"votants, perdre de representants. Però allí ens van fer explicar com estava, on posicionats. A veure, en camp, quan sou, que voteu a blanc o negre, vam dir ""quatre, punt"". A mi em sembla que va"	transcripcions/pa-038.txt	ASR; pendent d'audicio
discurs	bueno	pa-038	1	xí, políticament, ho veig així. I que anaven per passos, primera part, la sèptima perroquia. Bueno, vale, no? Fem la gran d'alla, ja no és gran d'alla, ja tenim d'afegir una sèptima fulla, no?	transcripcions/pa-038.txt	ASR; pendent d'audicio
discurs	bé	pa-038	1	rra, malgrat ser un dels parlaments, o tindre un dels parlaments més antics del món, no està bé considerada com un estat real. Quan parlaves d'Andorra, fins i tot ens havia passat, ni les	transcripcions/pa-038.txt	ASR; pendent d'audicio
discurs	bé	pa-038	2	tot ens havia passat, ni les fronteres coneixien el nostre passaport, ni la gent sabia molt bé el que volia dels coprínceps, qui manava aquí en d'Orra i tot, els Andorrans i que ho sabien,	transcripcions/pa-038.txt	ASR; pendent d'audicio
discurs	bé	pa-038	3	copríncep, els veguers tenien i participaven sobretot un veguer, i participaven activament. Bé, això, com els he dit abans, la meva família vivia de forma molt directa i intensa, i els co	transcripcions/pa-038.txt	ASR; pendent d'audicio
discurs	clar	pa-038	1	coprínceps. No sé si això els meus companys no han parlat, però la meva motivació, us ho dic clar, va ser acabar amb el vi reïnat i els abusos tan grans que hi havia. O sigui, els veguers i	transcripcions/pa-038.txt	ASR; pendent d'audicio
discurs	clar	pa-038	2	, perquè no hi hagi concorrència econòmica per dir algo, a nivell de negocis o el que sigui, clar, això va molt bé. I aquesta gent estava molt en contra, molt en contra. Penso que també et d	transcripcions/pa-038.txt	ASR; pendent d'audicio
discurs	clar	pa-038	3	nts que ha fet el endarrer o s'endormol, ha sigut el Consell General, que les ha pilotat. I, clar, ara és diferent, però el pilotatge dels grans canvis d'endorrers ha sigut el Consell General	transcripcions/pa-038.txt	ASR; pendent d'audicio
discurs	diguem	pa-038	1	per una minitat, els coprínsecs la rectificaven, el seu gust, però, generalment, inspirats o, diguem, teledirigits per algun grup econòmic Andorra. Bé, llavors, això va ser la meva motivació pr	transcripcions/pa-038.txt	ASR; pendent d'audicio
discurs	diguem	pa-038	2	"rari, beneficiant d'orra, aquestes pors passes i et converteixes en un ""N"" de la trituradora, diguem-ne. Tot el que tocava aquestes persones i sobretot de la constituent i la permanent. Però t"	transcripcions/pa-038.txt	ASR; pendent d'audicio
discurs	diguem	pa-038	3	reformeta, que hi havia diferents interessos aquí, però per no ser maquiavèlica, és igual, diguem què són, els que no ho entenien tant. I després, els que van consolidar, es van trobar que l	transcripcions/pa-038.txt	ASR; pendent d'audicio
discurs	doncs	pa-038	1	ven per aquí, van votar la Constitució, i van adherir la Constitució. Estaven encantats, no? Doncs era per això, perquè no eren de la corda, i tenien pressa, i això va ser un error. El no ha	transcripcions/pa-038.txt	ASR; pendent d'audicio
discurs	doncs	pa-038	2	t llibres sobre la Constitució, també ficant-se a les medalles, i no hi van, ni participant. Doncs sí que ens escou, això.	transcripcions/pa-038.txt	ASR; pendent d'audicio
discurs	llavors	pa-038	1	t, però, generalment, inspirats o, diguem, teledirigits per algun grup econòmic Andorra. Bé, llavors, això va ser la meva motivació principal, va ser acabar amb aquestes pràctiques, liberar o a	transcripcions/pa-038.txt	ASR; pendent d'audicio
discurs	llavors	pa-038	2	sa folclòrica local. Ah, és que les perroques, però si no ens les carreguem, les reforcem. I llavors eren les seves intervencions molt folclòriques, molt ancien regime, però ancien regime, poc	transcripcions/pa-038.txt	ASR; pendent d'audicio
discurs	llavors	pa-038	3	Però triturar coses de tots els obstacles que no el portessin als seus objectius finals. I llavors tot, ja et dic, els agents exteriors sigui, ja no vull dir quins, però expolítics, el que si	transcripcions/pa-038.txt	ASR; pendent d'audicio
discurs	no?	pa-038	1	constitució, el punt més fort de la constitució d'endarrer és coprínceps, sí, coprínceps no, no? Que això és una anomalia que tens de dir si vols o no vols, i el segon punt és, perdona, lle	transcripcions/pa-038.txt	ASR; pendent d'audicio
discurs	no?	pa-038	2	ent, ho veig així. I que anaven per passos, primera part, la sèptima perroquia. Bueno, vale, no? Fem la gran d'alla, ja no és gran d'alla, ja tenim d'afegir una sèptima fulla, no? I després	transcripcions/pa-038.txt	ASR; pendent d'audicio
discurs	no?	pa-038	3	eno, vale, no? Fem la gran d'alla, ja no és gran d'alla, ja tenim d'afegir una sèptima fulla, no? I després, a la Constitució hi havia això, hi havia el que es plantejava, per exemple, no s	transcripcions/pa-038.txt	ASR; pendent d'audicio
discurs	o sigui	pa-038	1	van ser múltiples. Un, tindrà consciència de què significaria donar-nos a una Constitució. O sigui, en d'Orra, malgrat ser un dels parlaments, o tindre un dels parlaments més antics del món,	transcripcions/pa-038.txt	ASR; pendent d'audicio
discurs	o sigui	pa-038	2	tivació, us ho dic clar, va ser acabar amb el vi reïnat i els abusos tan grans que hi havia. O sigui, els veguers i els delegats permanents, suposo que, quan Andorra era pobra, no hi tenien gair	transcripcions/pa-038.txt	ASR; pendent d'audicio
discurs	o sigui	pa-038	3	baralles, que s'assemblen una mica amb això que passa ara a Espanya, no estàvem acostumats. O sigui, la política endarrana es cogia... O sigui, es feia la cuina... Perrader, el moment que es v	transcripcions/pa-038.txt	ASR; pendent d'audicio
discurs	perquè	pa-038	1	pal, va ser acabar amb aquestes pràctiques, liberar o acabar amb aquests veguers, sobretot, perquè els delegats permanents han continuat, però els veguers s'han eliminat, sortosament, i gràcie	transcripcions/pa-038.txt	ASR; pendent d'audicio
discurs	perquè	pa-038	2	trobar pel carrer i botir-li el cap, es fa molt difícil poder ser independent completament, perquè, si et fan una espècie d'atac, tu ho veus molt directe, tu ho veus d'una manera massa directa	transcripcions/pa-038.txt	ASR; pendent d'audicio
discurs	perquè	pa-038	3	a, a aquesta sala. I no sempre van ser compresos. Molts d'aquesta gent va deixar la política perquè està bé com esgotada, i jo m'agradaria aprofitar per fer-los aquest petit homenatge i donar-	transcripcions/pa-038.txt	ASR; pendent d'audicio
discurs	vull dir	pa-038	1	essin als seus objectius finals. I llavors tot, ja et dic, els agents exteriors sigui, ja no vull dir quins, però expolítics, el que sigui, minaven molta gent a mi, ni per exemple per telèfon o	transcripcions/pa-038.txt	ASR; pendent d'audicio
territorial	Canillo	pa-038	1	.000 persones, o en aquest moment devia tindre 30.000, i alergia els mateixos consellers que Canillo, que tenia 600, o en Camp, que devia tindre 1.200. Bé, i això és una batalla entre la poblac	transcripcions/pa-038.txt	ASR; pendent d'audicio
territorial	Escaldes	pa-038	1	"'hi poso per acabar amb aquest espectacle"". Però pensa que hi havia, com han dit, endarreres escaldes que portaven la batuta, i que eren com un bulldozer, i eren com especialistes, estaven molt"	transcripcions/pa-038.txt	ASR; pendent d'audicio
territorial	Escaldes	pa-038	2	en aquella època, els he d'haver ficat el dit a l'ull. Senta-me'l, no ho he superat. Amb les escaldes, amb la Constitució buscàvem, com que són els dos perroques que tenen més població, buscàvem	transcripcions/pa-038.txt	ASR; pendent d'audicio
territorial	Escaldes	pa-038	3	sa que el tema de la sèptima perroquia ja és un pas prèvi, tot això. En darrere la vella, les escaldes, no sé, 60.000 persones, o en aquest moment devia tindre 30.000, i alergia els mateixos cons	transcripcions/pa-038.txt	ASR; pendent d'audicio
territorial	comuns	pa-038	1	llista nacional i llista perroquial. I jo penso que això, més, la llei de transferències als comuns, va suavisar moltíssim, tant la preponderància de la població sobre el territori com la pre	transcripcions/pa-038.txt	ASR; pendent d'audicio
territorial	comuns	pa-038	2	al, no es parla de subvencions per persones o per habitants o el que sigui, sinó que són els comuns que tenen aquesta facultat i que tenen aquests pressubostos. Algunes vegades parlen de la ni	transcripcions/pa-038.txt	ASR; pendent d'audicio
territorial	copríncep	pa-038	1	n s'atorgaven passaports que el consell no en tenia constància, i se les atorgava sobretot un copríncep, els veguers tenien i participaven sobretot un veguer, i participaven activament. Bé, això,	transcripcions/pa-038.txt	ASR; pendent d'audicio
territorial	coprínceps	pa-038	1	, ni les fronteres coneixien el nostre passaport, ni la gent sabia molt bé el que volia dels coprínceps, qui manava aquí en d'Orra i tot, els Andorrans i que ho sabien, però els estrangers no. I	transcripcions/pa-038.txt	ASR; pendent d'audicio
territorial	coprínceps	pa-038	2	es pràctiques abusives que hi havia en aquell moment dels veguers i delegats permanents dels coprínceps. No sé si això els meus companys no han parlat, però la meva motivació, us ho dic clar, va	transcripcions/pa-038.txt	ASR; pendent d'audicio
territorial	coprínceps	pa-038	3	una cosa tan important com una constitució, el punt més fort de la constitució d'endarrer és coprínceps, sí, coprínceps no, no? Que això és una anomalia que tens de dir si vols o no vols, i el se	transcripcions/pa-038.txt	ASR; pendent d'audicio
territorial	parròquia	pa-038	1	"atre, quins són quatre"". D'Arnavella, quatre, a l'escaldes, quatre, quatre, es va quedar una parròquia, que es va reservar el dret. I ja està. Potser em puc atribuir l'article 31 de la Constitució"	transcripcions/pa-038.txt	ASR; pendent d'audicio
territorial	veguer	pa-038	1	ncia, i se les atorgava sobretot un copríncep, els veguers tenien i participaven sobretot un veguer, i participaven activament. Bé, això, com els he dit abans, la meva família vivia de forma	transcripcions/pa-038.txt	ASR; pendent d'audicio
discurs	bueno	pa-039	1	proximadament, uns 8.000 habitants i uns 3.000 electors, una cosa així, això canvia bastant. Bueno, aquesta gent m'han reaccionat de la mateixa manera que els altres. Per tant, la importància	transcripcions/pa-039.txt	ASR; pendent d'audicio
discurs	bé	pa-039	1	"em equivocar. Però el nostre destí està a les nostres mans. Fins a la Constitució no ja està bé. El que el Consell votava no era obligatoriamente llei, perquè si els coprínceptes deien ""no"	transcripcions/pa-039.txt	ASR; pendent d'audicio
discurs	bé	pa-039	2	ots. Jo crec que tenien el mandat ben clar de el que havien de fer, i la cosa va acabar anar bé, de lo qual ens anàvem d'el·legre a tots, ja està. El funcionament del consell, en aquest c	transcripcions/pa-039.txt	ASR; pendent d'audicio
discurs	bé	pa-039	3	ja diria que ens va fer confiança i, per tant, no va pensar res. Va dir, en fet, el que està bé previst que farien. I la part d'oposició, vistes les circumstàncies, una part important, tam	transcripcions/pa-039.txt	ASR; pendent d'audicio
discurs	clar	pa-039	1	"a. Si no els agrada els coprínceptes, això que deien fa femoll. Això ha canviat bastant. I, clar, molta gent deia ""oh, pobres de nosaltres, què farem sense els coprínceptes?"" Jo sàpigui que"	transcripcions/pa-039.txt	ASR; pendent d'audicio
discurs	clar	pa-039	2	l nivell i que ja també els hem conegut personalment a tots. Jo crec que tenien el mandat ben clar de el que havien de fer, i la cosa va acabar anar bé, de lo qual ens anàvem d'el·legre a tot	transcripcions/pa-039.txt	ASR; pendent d'audicio
discurs	clar	pa-039	3	en certa manera, era això, em sembla a mi. Era com el nuclidú per fer el dia a dia, perquè, clar, el consell no reuneix cada dia, el reuneix quan toca, no? La permanent es veia cada dia, 5 d	transcripcions/pa-039.txt	ASR; pendent d'audicio
discurs	diguem	pa-039	1	neral, hi havia gent amb preparació jurídica, i d'altres amb certa representativitat de país, diguem-ho així, no? I la constituent va ser una barreja de les dues coses. La permanent, en certa m	transcripcions/pa-039.txt	ASR; pendent d'audicio
discurs	diguem	pa-039	2	el final feliç, però abans d'arribar al final feliç, hi va haver diferents moments delicats, diguem-ho així. Tots eren prou constitucions, això era el més important. Perquè, clar, si que se'n	transcripcions/pa-039.txt	ASR; pendent d'audicio
discurs	doncs	pa-039	1	ixò per en d'hora era important. És que ho era molt, eh? Els que no coneixen la història... Doncs dels veguers i dels coprínceptes feudals, perquè això era xins, i, doncs, nosaltres ens pode	transcripcions/pa-039.txt	ASR; pendent d'audicio
discurs	doncs	pa-039	2	xen la història... Doncs dels veguers i dels coprínceptes feudals, perquè això era xins, i, doncs, nosaltres ens podem equivocar. Però el nostre destí està a les nostres mans. Fins a la Cons	transcripcions/pa-039.txt	ASR; pendent d'audicio
discurs	doncs	pa-039	3	nes quantes vegades, igual que algun altre col·lega, que ja en el seu moment ja s'explicarà, doncs jo crec que aquest home va voler marcar... una cosa històrica per a Andorra. I això agradi o	transcripcions/pa-039.txt	ASR; pendent d'audicio
discurs	evidentment	pa-039	1	I si voleu veure una mica el nuclidú del consell general, era la permanent i la constituent. Evidentment, la sindicatura, claro. Aquesta gent, això els que estàvem, que ens veiem cada dia, cada dia,	transcripcions/pa-039.txt	ASR; pendent d'audicio
discurs	no?	pa-039	1	gent amb preparació jurídica, i d'altres amb certa representativitat de país, diguem-ho així, no? I la constituent va ser una barreja de les dues coses. La permanent, en certa manera, era...	transcripcions/pa-039.txt	ASR; pendent d'audicio
discurs	no?	pa-039	2	idú per fer el dia a dia, perquè, clar, el consell no reuneix cada dia, el reuneix quan toca, no? La permanent es veia cada dia, 5 dies a la setmana, i de vegades 6. I la constituent de més.	transcripcions/pa-039.txt	ASR; pendent d'audicio
discurs	no?	pa-039	3	or és que tots eren constitucionalistes amb gran pare amics de l'Oscar Ribes, que té o teme, no? I que l'Oscar Ribes era una mica la sombra allargada des de fora, però el que ens havia insp	transcripcions/pa-039.txt	ASR; pendent d'audicio
discurs	per tant	pa-039	1	En el lectorat de Sant Julià, amb el cas que ens ocupa, ja diria que ens va fer confiança i, per tant, no va pensar res. Va dir, en fet, el que està bé previst que farien. I la part d'oposició,	transcripcions/pa-039.txt	ASR; pendent d'audicio
discurs	per tant	pa-039	2	i van saber defensar els interessos d'endorra com amb aquells temps que li explicava abans. Per tant, jo n'estic molt content d'això. I quan es va acabar el reconteguat, va quedar molt satisfet	transcripcions/pa-039.txt	ASR; pendent d'audicio
discurs	per tant	pa-039	3	xò canvia bastant. Bueno, aquesta gent m'han reaccionat de la mateixa manera que els altres. Per tant, la importància del tema els va tocar de prop i van fer el que calia. És molt bé, jo no esti	transcripcions/pa-039.txt	ASR; pendent d'audicio
discurs	perquè	pa-039	1	olt, eh? Els que no coneixen la història... Doncs dels veguers i dels coprínceptes feudals, perquè això era xins, i, doncs, nosaltres ens podem equivocar. Però el nostre destí està a les nost	transcripcions/pa-039.txt	ASR; pendent d'audicio
discurs	perquè	pa-039	2	"Fins a la Constitució no ja està bé. El que el Consell votava no era obligatoriamente llei, perquè si els coprínceptes deien ""no"", això no ens agrada. Si no els agrada els coprínceptes, això q"	transcripcions/pa-039.txt	ASR; pendent d'audicio
discurs	perquè	pa-039	3	va tenir una intervenció molt... molt determinant va ser el copríncepte Mitterrand. Que serà perquè feia un segon mandat. Serà per el que sigui, aquest home ho va entendre i va... Suposo jo, p	transcripcions/pa-039.txt	ASR; pendent d'audicio
discurs	és a dir	pa-039	1	rés, s'informaven els de més companys, i cadascú amb les seves comissions era autònomos, que és a dir, una reunió de la comissió de no sé què, d'economia, i després aquests informaven la sindicat	transcripcions/pa-039.txt	ASR; pendent d'audicio
territorial	Canillo	pa-039	1	dorre la vella, hi ha actualment no sé quants mils de votants hi ha, no? Però si vostè agafa canillo, ordinó, fa el 93, miri quants votants hi havia. Això no vol dir que no faci uns representat	transcripcions/pa-039.txt	ASR; pendent d'audicio
territorial	Ordino	pa-039	1	vella, hi ha actualment no sé quants mils de votants hi ha, no? Però si vostè agafa canillo, ordinó, fa el 93, miri quants votants hi havia. Això no vol dir que no faci uns representatius de l	transcripcions/pa-039.txt	ASR; pendent d'audicio
territorial	Sant Julià	pa-039	1	que ens havia inspirat amb moltes coses, també. I això, cert, que és així. En el lectorat de Sant Julià, amb el cas que ens ocupa, ja diria que ens va fer confiança i, per tant, no va pensar res.	transcripcions/pa-039.txt	ASR; pendent d'audicio
territorial	Sant Julià	pa-039	2	el qual demostre que, al final, una vegada que la batalla electoral s'ha acabat, i això, a Sant Julià, tenim per costum de fer-ho, quan s'ha acabat s'ha acabat, i després hem de continuar el nos	transcripcions/pa-039.txt	ASR; pendent d'audicio
territorial	Sant Julià	pa-039	3	eus companys de les paròquies altes, segurament ho podrán explicar millor que jo, perquè jo, Sant Julià, tenia clar que es votaria i bé, i bé, cap problema. No em faig ni recordar com va quedar, p	transcripcions/pa-039.txt	ASR; pendent d'audicio
territorial	comú	pa-039	1	è, clar, si que se'n fa tothom, que era anti, hauria sigut un contrassentit. No, la principal comú denominador és que tots eren constitucionalistes amb gran pare amics de l'Oscar Ribes, que t	transcripcions/pa-039.txt	ASR; pendent d'audicio
discurs	bé	pa-040	1	ut com la Constitució. I aquest va ser, jo penso que va ser el seu interès. Jo recordo molt bé fins i tot les eleccions, les eleccions aquelles, les vam celebrar a l'hotel Monte Carlo d'En	transcripcions/pa-040.txt	ASR; pendent d'audicio
discurs	bé	pa-040	2	stitució que el trobava, i de fet el meu pare el portava sempre sobre, ell sempre el portava bé, sempre el portava bé posat, perquè hi creia fermament que era un moment molt important per	transcripcions/pa-040.txt	ASR; pendent d'audicio
discurs	bé	pa-040	3	a, i de fet el meu pare el portava sempre sobre, ell sempre el portava bé, sempre el portava bé posat, perquè hi creia fermament que era un moment molt important per les institucions endor	transcripcions/pa-040.txt	ASR; pendent d'audicio
discurs	de fet	pa-040	1	ble, no sé si el recordeu, el del 93, amb la mà llibret de la Constitució que el trobava, i de fet el meu pare el portava sempre sobre, ell sempre el portava bé, sempre el portava bé posat, p	transcripcions/pa-040.txt	ASR; pendent d'audicio
discurs	doncs	pa-040	1	però sempre acabaven amb les anècdotes de l'època de... o de l'atenció prèvia a l'aprovació. Doncs l'atenció prèvia que hi va haver es van tindre a fer molts passígios. I l'època de la Constit	transcripcions/pa-040.txt	ASR; pendent d'audicio
discurs	evidentment	pa-040	1	era de mena optimista, era de mena optimista, i sempre intentava mirar les coses en positiu. Evidentment hauria sigut un daltabaix, si no s'hagués aprovat la Constitució. Però sí que patia, però jo	transcripcions/pa-040.txt	ASR; pendent d'audicio
discurs	o sigui	pa-040	1	erò sí que patia, però jo penso que tenia el convenciment, i, a més, quan va demanar el vot, o sigui, el demanava convençut amb molts arguments, i un record, i recordo, de més, també, una anècdo	transcripcions/pa-040.txt	ASR; pendent d'audicio
discurs	perquè	pa-040	1	motivar, de dir que em presento en una territorial i vaig a defensar el que realment penso, perquè considero que en d'hora necessités un nou estatut com la Constitució. I aquest va ser, jo pe	transcripcions/pa-040.txt	ASR; pendent d'audicio
discurs	perquè	pa-040	2	t el meu pare el portava sempre sobre, ell sempre el portava bé, sempre el portava bé posat, perquè hi creia fermament que era un moment molt important per les institucions endorranes, fer aque	transcripcions/pa-040.txt	ASR; pendent d'audicio
discurs	perquè	pa-040	3	'n recordo, el meu pare diu, vull fer aquest quadre, vull que el firmin tots els consellers, perquè algun dia això, quan no hi serem tots, serà molt important. I si tots els consellers de tote	transcripcions/pa-040.txt	ASR; pendent d'audicio
territorial	parròquia	pa-040	1	ien passat moments de molta tensió, un acte en el qual sempre organitzava un conseller d'una parròquia diferent i feia un obsequi a tots els altres consellers, un obsequi. Jo recordo que li va fe	transcripcions/pa-040.txt	ASR; pendent d'audicio
discurs	a veure	pa-041	1	at. Jo diria la part econòmica, perquè, clar, amb la part econòmica material pedagògic no... a veure, era molt limitat. I, per tant, fer treball de més embargadura suposava més despesa. I, per	transcripcions/pa-041.txt	ASR; pendent d'audicio
discurs	a veure	pa-041	2	ssió, però que potser no s'acaba d'entendre bé. Molt pocs endurrans, era, bàsicament, potser, a veure, jo ara ho dic amb sense dades, perquè clar, fa molts anys, però majoritàriament jo crec que	transcripcions/pa-041.txt	ASR; pendent d'audicio
discurs	a veure	pa-041	3	tament, per la més aviat, doncs, amb el tema de material pedagògic i de pla d'estudis, crec, a veure, recordo aquella sensació, doncs, de gran responsabilitat, amb les persones que hi treballàve	transcripcions/pa-041.txt	ASR; pendent d'audicio
discurs	bueno	pa-041	1	entat amb la llengua catalana, la llengua del país, i, a més a més, l'Aika, que no... i que, bueno, que tingués més en compte les peculiaritats endurranes. Aquesta és la part econòmica, perquè	transcripcions/pa-041.txt	ASR; pendent d'audicio
discurs	bueno	pa-041	2	ncs, si tenia continuïtat, les estaven edificis, els edificis valen diners. Per tant, esclar, bueno, que això era important. Potser afegiria, jo aquí, afegiria que era d'una banda. Aquesta par	transcripcions/pa-041.txt	ASR; pendent d'audicio
discurs	bueno	pa-041	3	de resolir-hi. Però esclar, a vegades un petit problema havia de ser important, entens? Però bueno, o l'indrevés, qualsevol dia podia ser motiu per anar a visitar l'escola o la maternal endura	transcripcions/pa-041.txt	ASR; pendent d'audicio
discurs	bé	pa-041	1	nal implicat més directament o indirectament en l'escola, tothom anava amb una per l'escola. Bé, jo crec que hi havia d'haver persones més receptives i d'altres que ho qüestionaven, perquè	transcripcions/pa-041.txt	ASR; pendent d'audicio
discurs	bé	pa-041	2	r també, un element, no vull dir, potser, de discussió, però que potser no s'acaba d'entendre bé. Molt pocs endurrans, era, bàsicament, potser, a veure, jo ara ho dic amb sense dades, perqu	transcripcions/pa-041.txt	ASR; pendent d'audicio
discurs	bé	pa-041	3	oltíssim. No podíem anar improvisant, els mestres no podien anar amb una classe i improvisar bé amb què farem avui, o parlem de la tardor i de la primera vegada les estacions. A veure, algo	transcripcions/pa-041.txt	ASR; pendent d'audicio
discurs	clar	pa-041	1	El principi es va començar amb 38 alumnes i, clar, amb els 5 o 6 anys que jo vaig col·laborar amb l'escola endurrana, va anar creixent, però no	transcripcions/pa-041.txt	ASR; pendent d'audicio
discurs	clar	pa-041	2	que tingués més en compte les peculiaritats endurranes. Aquesta és la part econòmica, perquè, clar, els mitjans eren molt limitats la conselleria d'educació i el govern mateix, tot el govern t	transcripcions/pa-041.txt	ASR; pendent d'audicio
discurs	clar	pa-041	3	diners a l'educació era complicat, també, molt complicat. Jo diria la part econòmica, perquè, clar, amb la part econòmica material pedagògic no... a veure, era molt limitat. I, per tant, fer	transcripcions/pa-041.txt	ASR; pendent d'audicio
discurs	doncs	pa-041	1	mitat. I, per tant, fer treball de més embargadura suposava més despesa. I, per altra banda, doncs, si aquesta maternal endurrana, que estava ubicada en unes aules, no gaire grans, doncs, si t	transcripcions/pa-041.txt	ASR; pendent d'audicio
discurs	doncs	pa-041	2	anda, doncs, si aquesta maternal endurrana, que estava ubicada en unes aules, no gaire grans, doncs, si tenia continuïtat, les estaven edificis, els edificis valen diners. Per tant, esclar, bue	transcripcions/pa-041.txt	ASR; pendent d'audicio
discurs	doncs	pa-041	3	aquells cinc primers anys, en els que jo vaig participar molt directament, per la més aviat, doncs, amb el tema de material pedagògic i de pla d'estudis, crec, a veure, recordo aquella sensaci	transcripcions/pa-041.txt	ASR; pendent d'audicio
discurs	evidentment	pa-041	1	ecordo aquella sensació, doncs, de gran responsabilitat, amb les persones que hi treballàvem, evidentment, per dir, és que això no és una cosa per ara, és una cosa que ha de tenir la seva continuada,	transcripcions/pa-041.txt	ASR; pendent d'audicio
discurs	llavors	pa-041	1	per tirar endavant l'escola, un ensenyament propi del país. I, a més a més, era una pinya. Llavors abans ho parlàvem amb una persona implicada en la cuina de l'escola, els pares, la conselleri	transcripcions/pa-041.txt	ASR; pendent d'audicio
discurs	llavors	pa-041	2	pedagògic, que és el tema que a mi m'ha preocupat, diríem, amb tota la meva vida en general. Llavors, treballant amb el pla d'estudis, a veure, veies que havíem el que t'he dit abans, aquesta re	transcripcions/pa-041.txt	ASR; pendent d'audicio
discurs	per tant	pa-041	1	diria que al principi, poc a poc, tot i que, si d'any amb any, es anava progressant bastant. Per tant, d'any amb any feien falta locals més importants d'escolars. I aquest va ser un dels probleme	transcripcions/pa-041.txt	ASR; pendent d'audicio
discurs	per tant	pa-041	2	o crec que es deuen els pares la divulgació i la necessitat de tenir un ensenyament propi, i, per tant, parlaven amb altres pares perquè portessin els fills a l'escola endurrana. I això va anar in	transcripcions/pa-041.txt	ASR; pendent d'audicio
discurs	per tant	pa-041	3	de qualitat, un ensenyament espanyol de qualitat, unes escoles congregacionals de qualitat, per tant, potser s'entenia que no era necessari. Però aquesta pinya de persones sí que pensàvem que en	transcripcions/pa-041.txt	ASR; pendent d'audicio
discurs	perquè	pa-041	1	ulgació i la necessitat de tenir un ensenyament propi, i, per tant, parlaven amb altres pares perquè portessin els fills a l'escola endurrana. I això va anar incrementant. Els primers anys de l	transcripcions/pa-041.txt	ASR; pendent d'audicio
discurs	perquè	pa-041	2	a des de la creació de l'escola endurrana, els pares, jo crec que va ser l'element fonamental perquè aquesta escola, perquè realment fos realitat l'escola endurrana i per fer pressió prop dels p	transcripcions/pa-041.txt	ASR; pendent d'audicio
discurs	perquè	pa-041	3	'escola endurrana, els pares, jo crec que va ser l'element fonamental perquè aquesta escola, perquè realment fos realitat l'escola endurrana i per fer pressió prop dels polítics, per tirar enda	transcripcions/pa-041.txt	ASR; pendent d'audicio
discurs	vull dir	pa-041	1	"ancesa"", saps? És a dir, que el plantejament lingüístic va ser, potser també, un element, no vull dir, potser, de discussió, però que potser no s'acaba d'entendre bé. Molt pocs endurrans, era, bà"	transcripcions/pa-041.txt	ASR; pendent d'audicio
discurs	és a dir	pa-041	1	"tradictòria, de dir ""però si ja tenim l'escola espanyola o ja tenim l'escola francesa"", saps? És a dir, que el plantejament lingüístic va ser, potser també, un element, no vull dir, potser, de dis"	transcripcions/pa-041.txt	ASR; pendent d'audicio
discurs	és a dir	pa-041	2	n uns plans d'estudi, es necessiten una llei que el protegeixi, per tant, tot això no hi era. És a dir, que hi havia aquesta incertesa, també, que aquesta incertesa estava, jo diria que la corregi	transcripcions/pa-041.txt	ASR; pendent d'audicio
discurs	clar	pa-042	1	oses, venia, feia un cafè... Era una cosa molt familiar a l'escola. Després va crescent, i clar, ja no pots fer el mateix que feies abans, ja hi ha més distanciament, ha entrat molta gent n	transcripcions/pa-042.txt	ASR; pendent d'audicio
discurs	clar	pa-042	2	ets, i les vam partir per tota la cuina. I quan havíem arribat, dius, què ha passat aquí? I clar, hi ha moltes coses, no? Sí, com li he dit abans, jo tinc nens, que ara ja estan començant a	transcripcions/pa-042.txt	ASR; pendent d'audicio
discurs	clar	pa-042	3	he trobat dos al Parc Indelíper, uns ja no el coneixia, i dius, oh, sí, el que fas per aquí? Clar, dius, després me vas recordar, i sí, sí. Sí, sí, sempre veim pel carrer els primers nens, e	transcripcions/pa-042.txt	ASR; pendent d'audicio
discurs	no?	pa-042	1	mateix ja tinc fills dels primers nens que he tingut al col·legi. Tinc fills, fills i filles, no? I quan veig que venen a apuntar els nens i venen a saludar-me, fa una abraçada, molt, molt b	transcripcions/pa-042.txt	ASR; pendent d'audicio
discurs	no?	pa-042	2	tota la cuina. I quan havíem arribat, dius, què ha passat aquí? I clar, hi ha moltes coses, no? Sí, com li he dit abans, jo tinc nens, que ara ja estan començant a apuntar els seus nens,	transcripcions/pa-042.txt	ASR; pendent d'audicio
discurs	no?	pa-042	3	parlant amb el govern espanyol i el francès, i això, al dia d'endemà, serà una cosa efectiva, no? I clar, sí, ha sigut que hem treballat molt, hem fet el que hem pogut, part de direcions, m	transcripcions/pa-042.txt	ASR; pendent d'audicio
discurs	perquè	pa-042	1	un equip que m'ha donat carinyo i tot això, i he estat molt a gust a l'escola. Més que res, perquè tenia els nens petits, crec que és el problema de tothom que entra a l'escola o que demana u	transcripcions/pa-042.txt	ASR; pendent d'audicio
discurs	perquè	pa-042	2	. I abans sí, teníem molt contacte amb els nens. Nens anaven a esquiar, tornaven per dinar, perquè abans els petits no dinaven a les pistes, venien a menjar a la cuina, al menjador. I clar, n	transcripcions/pa-042.txt	ASR; pendent d'audicio
discurs	perquè	pa-042	3	igut que hem treballat molt, hem fet el que hem pogut, part de direcions, mestres, cuineres, perquè les cuineres a l'escola és una part molt important de la vida del nen, perquè el nen hi ha m	transcripcions/pa-042.txt	ASR; pendent d'audicio
territorial	Sant Julià	pa-042	1	em com unes 8, 10 persones a la cuina. Ara som menjar, ara al centre que estic i jo, que és a Sant Julià, al matí som 3, amb hores diferents. Jo començo a les 8, la meva companya comença a les 8 i	transcripcions/pa-042.txt	ASR; pendent d'audicio
discurs	bueno	pa-043	1	-Bueno, el 15 més 15 és una idea que venia de noda. És una manera de dir 30, però que ve d'una maner	transcripcions/pa-043.txt	ASR; pendent d'audicio
discurs	doncs	pa-043	1	era més pedagògica de dir-ho, una mica més imaginativa o no és dir 30 directament. I a part, doncs era això de fa 15 anys que tinc 15 anys, que és els alumnes que han fet tota la escolaritat q	transcripcions/pa-043.txt	ASR; pendent d'audicio
discurs	doncs	pa-043	2	que venen de petita, coses que ens representen a tots i que sentim supernostres per alumnes, doncs piscicó, els gomets, construccions així de fusta que fèiem servir de petits, una mica que fèi	transcripcions/pa-043.txt	ASR; pendent d'audicio
discurs	és a dir	pa-043	1	tar, una mica aquesta idea. Per mi l'escola endarrana és gairebé una identitat, no, jo crec. És a dir, tots els alumnes que hem sigut de petits, hem estat junts a l'escola endarrana, crec que ten	transcripcions/pa-043.txt	ASR; pendent d'audicio
discurs	a nivell	pa-044	1	hi havia d'haques, cavalls, mules... Home, mira, de vestial, no crec que s'hagi reduït molt, a nivell d'haques cavallis, amb soma, que cavalls ha aumentat, el que s'han disminuït, són les hoves.	transcripcions/pa-044.txt	ASR; pendent d'audicio
discurs	a veure	pa-044	1	Sobrevivien? Sí. Sí, sí, sí. que al final cap posar les mans al llit de una vaca, per mirar a veure què passa. Doncs ja, quan vaig arribar aquí, en el moment pràctica, de cap no en tenia. Vai	transcripcions/pa-044.txt	ASR; pendent d'audicio
discurs	a veure	pa-044	2	a bussa, no ho sé. I a la història també que diuen que va ser una casa de canilla, I a això, a veure un vaig prou encara un per sort. No l'han tingut que utilitzar, perquè es pensaven que era u	transcripcions/pa-044.txt	ASR; pendent d'audicio
discurs	bueno	pa-044	1	a vostra, jo diria filosofia de la vida, A més, de d'alguna manera, acabeu de detenir a mi. Bueno, la meva primera intenció que em vaig escavar el vaigillerat era de ser bogat. Però em sembl	transcripcions/pa-044.txt	ASR; pendent d'audicio
discurs	bueno	pa-044	2	era de ser bogat. Però em sembla que no ho veus un bon bogat. No? No. I un bon veterinari? Bueno, això ho va dir les clientes. Això ho va dir els clientes i els clientes no parlen. Però, bu	transcripcions/pa-044.txt	ASR; pendent d'audicio
discurs	bueno	pa-044	3	no, això ho va dir les clientes. Això ho va dir els clientes i els clientes no parlen. Però, bueno, m'imagino que vaig fer bé. Però des de totes les maneres sou pioners. Vaig col·laborar molt	transcripcions/pa-044.txt	ASR; pendent d'audicio
discurs	bé	pa-044	1	s. Això ho va dir els clientes i els clientes no parlen. Però, bueno, m'imagino que vaig fer bé. Però des de totes les maneres sou pioners. Vaig col·laborar molt temps, jo també. A la car	transcripcions/pa-044.txt	ASR; pendent d'audicio
discurs	bé	pa-044	2	haver-ho d'haver-ho d'haver-ho d'haver-ho d'haver-ho d'haver-ho d'haver-ho d'haver-ho d'haver Bé, no em van ser un sim. Em van ser un regalo d'un lliguit dels sergimars, un quadres. De múne	transcripcions/pa-044.txt	ASR; pendent d'audicio
discurs	bé	pa-044	3	cre d'això d'os. És un llarg d'experiència i ho he passat moments de l'entra. I recordo molt bé l'última faceta de la meva vida d'internet de la cosa. En quin sentit, que perdeu l'última fa	transcripcions/pa-044.txt	ASR; pendent d'audicio
discurs	clar	pa-044	1	venia de famílies. El que passa és que amb el cas vostre, ja un tema molt curiós, i és que, clar, amb la vostra, jo diria filosofia de la vida, A més, de d'alguna manera, acabeu de detenir	transcripcions/pa-044.txt	ASR; pendent d'audicio
discurs	clar	pa-044	2	e va fer un altre llibre, que es deia l'endor de CVI, o sigui que l'endor se'l guria alguna. Clar, nosaltres, aquí hem tingut sempre l'espai de moques de los endorranes a l'època i era el man	transcripcions/pa-044.txt	ASR; pendent d'audicio
discurs	doncs	pa-044	1	, sí, sí. que al final cap posar les mans al llit de una vaca, per mirar a veure què passa. Doncs ja, quan vaig arribar aquí, en el moment pràctica, de cap no en tenia. Vaig tenir la sort de	transcripcions/pa-044.txt	ASR; pendent d'audicio
discurs	doncs	pa-044	2	pus treu sang a les marques per la bruça lòssi, si se'ls posa una lò de la tuberculina. Sí. Doncs això ho fa a la maçana es fa a l'execitúria, que em digui a què sentiu el sanizament, i ella	transcripcions/pa-044.txt	ASR; pendent d'audicio
discurs	doncs	pa-044	3	l'hospitaletmols. Però de l'hospitalet aquí vinc a venir a cavall o a peu. I des d'Espanya? Doncs mira, hi ha un llibre d'un ingles d'una america. que ve des de llibre al tar endor a peu, amb	transcripcions/pa-044.txt	ASR; pendent d'audicio
discurs	llavors	pa-044	1	s anys 70, els sindices que ho escodeixen, un dia em van dir que comenci a sopolar tot sols. Llavors ja el quedàvem amb ell i quan no hi podien a ell, em quedàvem amb ell, i així ens vam anar a	transcripcions/pa-044.txt	ASR; pendent d'audicio
discurs	llavors	pa-044	2	, perquè no hi havia... No, espais. Sí que hi havia la muntanya, però no hi havia corrals. Llavors, les ovelles aquestes se n'aven a transumar. Sí, aquí. El estiu venint en aquí, pasturaven p	transcripcions/pa-044.txt	ASR; pendent d'audicio
discurs	llavors	pa-044	3	sitives i les altres són bones. Aquelles 30 no podien marxar, no els hi feien el certificat. Llavors, naven a passar els departaments de l'Avientals, l'aria és l'ol, del gar. Tot senyor n'hi ha	transcripcions/pa-044.txt	ASR; pendent d'audicio
discurs	no?	pa-044	1	m vaig escavar el vaigillerat era de ser bogat. Però em sembla que no ho veus un bon bogat. No? No. I un bon veterinari? Bueno, això ho va dir les clientes. Això ho va dir els clientes i	transcripcions/pa-044.txt	ASR; pendent d'audicio
discurs	no?	pa-044	2	e entorra durant molts anys, encara que no m'és fos per la illament, era una mica la raresa, no? Això és una mica com passa. Molts venien aquí, precisament, per això. A l'època que baixàve	transcripcions/pa-044.txt	ASR; pendent d'audicio
discurs	no?	pa-044	3	Aquella és sospedàvia que el calones. I quan temps va trigar? No tenia tot el temps al món, no? Tens 3 anys de bé que vaig al viatge es va morir, però va tenir tot el temps al món. L'esti	transcripcions/pa-044.txt	ASR; pendent d'audicio
discurs	o sigui	pa-044	1	I es va dir que ha fet el transport de persones en l'hora de ser-ho, en l'hora d'exostermer, o sigui que era un oficiu pràcticament que venia de famílies. El que passa és que amb el cas vostre,	transcripcions/pa-044.txt	ASR; pendent d'audicio
discurs	o sigui	pa-044	2	a, per la dos anys 50, 50, 60, no hi ha comaros laboratòries i que tenen grànger els junts. O sigui, al octubre es no gabeu una mula d'una vaca i un caball, i el juny si sobrevivien a les pràct	transcripcions/pa-044.txt	ASR; pendent d'audicio
discurs	o sigui	pa-044	3	En Dorro, en la l'època que jo vaig començar, hi havia 32.000 ovelles, amb ramats diferents. O sigui, hi havia ramats per aquí, que m'hi hauret totes les paraules. i a ver la màs d'1.500 ovelles	transcripcions/pa-044.txt	ASR; pendent d'audicio
discurs	perquè	pa-044	1	res anaven a calcisco. I més on davant, però és el meu pare. Va acabar la feina de la gina, perquè és en aquella època, ja hi havia... No hi hagi un telèfon i m'ha dit que hi hagi un lloc que	transcripcions/pa-044.txt	ASR; pendent d'audicio
discurs	perquè	pa-044	2	execitúria, que em digui a què sentiu el sanizament, i ella guansi van barrios veterinaris, perquè es necessitem la cooperació de tots. Aquells jo s'envia amb el laboratori, És a dir, és a da	transcripcions/pa-044.txt	ASR; pendent d'audicio
discurs	perquè	pa-044	3	que m'hi hauret totes les paraules. i a ver la màs d'1.500 ovelles, que ja eren... És molt. Perquè aquestes ovelles a quindorren no tenien capuda, perquè no hi havia... No, espais. Sí que hi	transcripcions/pa-044.txt	ASR; pendent d'audicio
discurs	vull dir	pa-044	1	va bé. No hi va fer-ho d'endorra?Era realment una espiga de... Bé, no, però... Bueno, però, vull dir, no era un novelista, com hi pot haver aquí endorven venir novelistes inglesos, que parlés m	transcripcions/pa-044.txt	ASR; pendent d'audicio
discurs	vull dir	pa-044	2	de les vegues de Madrid. Van anar en Madrid, en principi, perquè està donat en Madrid, però vull dir que aquí jo crec que quan el tren les deia que fa quan passem. i aquí, el trin, hi ha passat,	transcripcions/pa-044.txt	ASR; pendent d'audicio
discurs	és a dir	pa-044	1	erinaris, perquè es necessitem la cooperació de tots. Aquells jo s'envia amb el laboratori, És a dir, és a darrere. Però és també un principi, hi havia molt vestial, hi havia d'haques, cavalls,	transcripcions/pa-044.txt	ASR; pendent d'audicio
territorial	veguer	pa-044	1	ort de persones. I era, pràcticament, el moleteu, el chauffer, el macho del visbidurgell, el veguer francès, que venien els nàbils buscant a la seva, o els nàbils a França, es portava aquí i te	transcripcions/pa-044.txt	ASR; pendent d'audicio
discurs	a nivell	pa-045	1	onstruir. Destruim per construir, o sigui, a la Iglesia de... O sigui, no té cap importància a nivell... O sigui, no hi ha una concepció d'un valor artístic per part... No hi ha sigut, o potser	transcripcions/pa-045.txt	ASR; pendent d'audicio
discurs	a veure	pa-045	1	acord, però nosaltres ho veiem per anar a fer feina, no ho veiem perquè per un luxe d'anar-ho a veure i per conservar-ho. La nostra feina és conservar-ho. Suposo que moltes, des de les... Un ro	transcripcions/pa-045.txt	ASR; pendent d'audicio
discurs	aleshores	pa-045	1	ure tanta riquesa, tanta riquesa pública, que és patrimoni, com deia abans, de la humanitat, aleshores se fa la pregunta obligada. Per què no tenim un museu? Bueno, aquesta és la pregunta que dic	transcripcions/pa-045.txt	ASR; pendent d'audicio
discurs	bueno	pa-045	1	na? Hi ha gent que no pensa massa en conservar, més aviat en vendre o destruir, fins i tot. Bueno, sí, és evident, és un bon... Perquè, per exemple, en l'arropextre, s'ha d'amagar o s'ha d'en	transcripcions/pa-045.txt	ASR; pendent d'audicio
discurs	bueno	pa-045	2	ió, que un metro quadrat de terreny val molts calés, i amb això m'ha anat, jo dic que no... Bueno, però quan tampoc hi havia tants calés, veníem el que teníem per tindre calés. Parlo d'Igles	transcripcions/pa-045.txt	ASR; pendent d'audicio
discurs	bueno	pa-045	3	stres sencers, per cert, d'aquest d'Espanya, el fet de Palamós és per mi que és un pufó, però bueno... Sí, per mi que és fals. Però en canvi, el ciudadà, en aquell, va comprar el claustre de l	transcripcions/pa-045.txt	ASR; pendent d'audicio
discurs	bé	pa-045	1	Quines són les coses que ens importen? Allò que és prescindible, però resulta necessari. O bé el que considerem imprescindible i no deixa de ser innecessari. A través de la pedra, l'art i	transcripcions/pa-045.txt	ASR; pendent d'audicio
discurs	bé	pa-045	2	s'ha d'ensenyar, s'ha d'ensenyar amb condicions. O sigui, a les barres... A mi no tanco això bé, perquè la presència humana dintre de la cova protege alteracions, doncs és millor tan caro,	transcripcions/pa-045.txt	ASR; pendent d'audicio
discurs	bé	pa-045	3	una implicació molt més hi ha, si tu vols mítica, cap als cultes de profunditat de la cova. Bé, el món ple de testimonis artístics, el nostre país ple també de monuments, ple d'art. Diuen	transcripcions/pa-045.txt	ASR; pendent d'audicio
discurs	clar	pa-045	1	leolític que menjaven cavalls i renos, amb el qual estava... Res, amb el qual estava bastant clar, semblava bastant clar. Fins que es troba a Arsí, on es troben ossos, tigres. I, evidentment	transcripcions/pa-045.txt	ASR; pendent d'audicio
discurs	clar	pa-045	2	cavalls i renos, amb el qual estava... Res, amb el qual estava bastant clar, semblava bastant clar. Fins que es troba a Arsí, on es troben ossos, tigres. I, evidentment, els mamuts ja es cone	transcripcions/pa-045.txt	ASR; pendent d'audicio
discurs	clar	pa-045	3	crear, que és molt curiós, perquè es comencen a crear els grans mercats de falsificacions. Clar. Clar. Vull dir, que els comencen a sortir peces greques. Pensa que els couros que té l'Ageti	transcripcions/pa-045.txt	ASR; pendent d'audicio
discurs	doncs	pa-045	1	... A mi no tanco això bé, perquè la presència humana dintre de la cova protege alteracions, doncs és millor tan caro, està claríssim. Però jo crec que en llocs on les condicions permeten ense	transcripcions/pa-045.txt	ASR; pendent d'audicio
discurs	doncs	pa-045	2	"nostra resposta va ser ""no, passeu-nos a la mesa i completarem les nostres dues peces"". Bé, doncs interpretem un altre, que encara és, jo diria que és la joia, no? Sobretot per tu, no? És un"	transcripcions/pa-045.txt	ASR; pendent d'audicio
discurs	evidentment	pa-045	1	tan caro, està claríssim. Però jo crec que en llocs on les condicions permeten ensenyar, o, evidentment, amb una sèrie de condicions molt clares, amb el nombre de persones, horaris de visita... Pe	transcripcions/pa-045.txt	ASR; pendent d'audicio
discurs	evidentment	pa-045	2	ondicions molt clares, amb el nombre de persones, horaris de visita... Però tot depèn, això, evidentment, de les condicions del lloc. O sigui, si permet o no permet que es pugui fer la visita. O si	transcripcions/pa-045.txt	ASR; pendent d'audicio
discurs	evidentment	pa-045	3	d'aquí hi havia animals que no eren, diguéssim, comestibles. O sigui, primer es pensava... Evidentment anem una mica enrere, eh? Però primer es pensava que pintaven per propiciar la casa. Una cas	transcripcions/pa-045.txt	ASR; pendent d'audicio
discurs	llavors	pa-045	1	eballo en un paleolític, pensi en el caçador recollector. Si no, què li va fer pintar allò? Llavors el caçador recollector, que està en un lloc fos, que és la cova, en canvi, aporta un element	transcripcions/pa-045.txt	ASR; pendent d'audicio
discurs	llavors	pa-045	2	s descobreix l'origen del color, que és l'explicació de la vida. Pràcticament, pràcticament. Llavors estudiant colors, estudiant coves, amagant-te i sortint a l'exterior, al gran exterior, tens	transcripcions/pa-045.txt	ASR; pendent d'audicio
discurs	llavors	pa-045	3	ple, està claríssim, que no s'obrirà mai, perquè és un santuari que es va descobrir intacte. Llavors, quan se vol modificació que hi hagi dintre, produirà un desastre com una modificació directa	transcripcions/pa-045.txt	ASR; pendent d'audicio
discurs	no?	pa-045	1	nt quan se vol manifestació artística, fins a finals del 1920. No deixa de ser curiós, això, no?, de que, a un moment d'anat, hi hagi un flor i l'egi, de monuments de pedra, i que de cop hi	transcripcions/pa-045.txt	ASR; pendent d'audicio
discurs	no?	pa-045	2	i, no podem desenganxar en Dorre del Pirineu. No podem dir que hi ha un art romànic en Dorre, no?, perquè és el mateix que tenim a la Vall del Costat, o que tenim a la Vall d'Avoí, allà és m	transcripcions/pa-045.txt	ASR; pendent d'audicio
discurs	no?	pa-045	3	cs amb una ball meravellosa, blocs arreglarats una al costat de l'altra, a peu de carretera, no? La Cortinada, llorts... Això terrem, eh? No, hi ha hagut una especulació, que un metro qua	transcripcions/pa-045.txt	ASR; pendent d'audicio
discurs	o sigui	pa-045	1	oves, amagant-te i sortint a l'exterior, al gran exterior, tens una vida intensa i extensa. O sigui, què et motiva de la teva professió? Suposo que és la curiositat, una gran curiositat, per s	transcripcions/pa-045.txt	ASR; pendent d'audicio
discurs	o sigui	pa-045	2	tat, una gran curiositat, per saber què passa, què ha passat i què passarà amb l'obre d'art. O sigui, ha sigut, bàsicament, jo crec que això, una gran curiositat. El per què ho van fer, com ho	transcripcions/pa-045.txt	ASR; pendent d'audicio
discurs	o sigui	pa-045	3	curiositat. El per què ho van fer, com ho van fer, com es conserva. I per què es conserva? O sigui, per què es conserva aquesta rona? Hi ha gent que no pensa massa en conservar, més aviat en	transcripcions/pa-045.txt	ASR; pendent d'audicio
discurs	perquè	pa-045	1	pre et poses, no en el lloc del personatge, sinó intentes entendre per què algú va fer això, perquè què va induir a fer aquest obre. Et poses una mica en el lloc d'aquesta gent. Si no vols dir	transcripcions/pa-045.txt	ASR; pendent d'audicio
discurs	perquè	pa-045	2	conservar, més aviat en vendre o destruir, fins i tot. Bueno, sí, és evident, és un bon... Perquè, per exemple, en l'arropextre, s'ha d'amagar o s'ha d'ensenyar? No, s'ha d'ensenyar, s'ha d'e	transcripcions/pa-045.txt	ASR; pendent d'audicio
discurs	perquè	pa-045	3	d'ensenyar, s'ha d'ensenyar amb condicions. O sigui, a les barres... A mi no tanco això bé, perquè la presència humana dintre de la cova protege alteracions, doncs és millor tan caro, està cla	transcripcions/pa-045.txt	ASR; pendent d'audicio
discurs	vull dir	pa-045	1	és molt curiós, perquè es comencen a crear els grans mercats de falsificacions. Clar. Clar. Vull dir, que els comencen a sortir peces greques. Pensa que els couros que té l'Ageti són dubtosos de	transcripcions/pa-045.txt	ASR; pendent d'audicio
discurs	vull dir	pa-045	2	a a l'Orient, mitjà. I totes aquestes coses van engrandeixen els museus, els museus nostres. Vull dir que no el que es pot... El partenon, que va ser un regalo del Xec o de l'Emir, perquè estava	transcripcions/pa-045.txt	ASR; pendent d'audicio
discurs	vull dir	pa-045	3	l pesatge del terreny, per aconseguir-ne una monitorització, no? Sense cap mena d'escrúpol. Vull dir, aquí, un metro-quadrat, serà considerat un metro-quadrat de terra edificable. Tant si a une	transcripcions/pa-045.txt	ASR; pendent d'audicio
territorial	Escaldes	pa-045	1	rò molt rudimentària, fins al 20, fins al 20 on fem hi ha Meritxell, i fem l'església nova d'escaldes i... Sí, i tot això... Emplem les parroquials i fem totes aquestes coses. Destruim o destru	transcripcions/pa-045.txt	ASR; pendent d'audicio
territorial	comunal	pa-045	1	lt difícil de mantenir. Clar, que ja ha passat. Hi ha poc sol privat. La majoria de sols és comunal. I, evidentment, els propietaris privats han volgut rentabilitzar aquest sol al màxim. Què	transcripcions/pa-045.txt	ASR; pendent d'audicio
territorial	santuari	pa-045	1	ar-te amb ells. Això ho veig, per exemple, està claríssim, que no s'obrirà mai, perquè és un santuari que es va descobrir intacte. Llavors, quan se vol modificació que hi hagi dintre, produirà u	transcripcions/pa-045.txt	ASR; pendent d'audicio
discurs	aleshores	pa-046	1	no, si té una cabuda superior a la quina pot tenir, la veritat és que es degrada el servei i, aleshores, ho perdem tot. Crec que hem d'apostar per aquí. Bé, però no tothom està disposat a apostar	transcripcions/pa-046.txt	ASR; pendent d'audicio
discurs	aleshores	pa-046	2	, dient-ne, de la vocació telelera. Exacte. Però que es va incrementant en el temps. Bueno, aleshores, doncs és veritat que es visquiva, bàsicament, de la ramaderia i de l'agricultura, però, bue	transcripcions/pa-046.txt	ASR; pendent d'audicio
discurs	aleshores	pa-046	3	", ja seria hora de que comences a nevar."" Perquè, evidentment, les coses havien canviat, i, aleshores, ja teníem que viure d'una altra cosa. Doncs ja, vagés. Els tele, i a la vegada ja el servei"	transcripcions/pa-046.txt	ASR; pendent d'audicio
discurs	bueno	pa-046	1	aduïda amb aquesta segona part de la vostra activitat, la part totalega realment important. Bueno, mira, si hi ha èxit es pot dir, la veritat és que hem cregut amb el país, hem cregut amb un	transcripcions/pa-046.txt	ASR; pendent d'audicio
discurs	bueno	pa-046	2	gust? Jo m'imagino que la gent, quan arriba, s'hi troba amb el que haguessis de trobar-se. Bueno, saps el que passa? Que nosaltres hem volgut crear un producte on el nostre visitant es trob	transcripcions/pa-046.txt	ASR; pendent d'audicio
discurs	bueno	pa-046	3	gressant, i ara esteu culminant un altre projecte. M'imagino que no serà l'últim, perquè... Bueno, ja saps que els projectes... Ara es continuen enrere, no? Nosaltres de projectes en tenim m	transcripcions/pa-046.txt	ASR; pendent d'audicio
discurs	bé	pa-046	1	m volgut ser a l'Odeceu, tenim vocació de ser a l'Odeceu, i volem avançar dins del camp, molt bé. Suposo que l'Odeceu ha d'escoltar molt més que parlar. Bueno, l'Odeceu, primer de tot, ha d	transcripcions/pa-046.txt	ASR; pendent d'audicio
discurs	bé	pa-046	2	"stes, no? Uns consultors ""likes"", per exemple. Nosaltres hem de fer que el client s'hi senti bé, s'hi senti a gust, i per això hem d'estar al servei del client. Però, llavors, necessites u"	transcripcions/pa-046.txt	ASR; pendent d'audicio
discurs	bé	pa-046	3	at és que es degrada el servei i, aleshores, ho perdem tot. Crec que hem d'apostar per aquí. Bé, però no tothom està disposat a apostar per aquí. Bé, però això és... jo crec que fa partida	transcripcions/pa-046.txt	ASR; pendent d'audicio
discurs	clar	pa-046	1	Nosaltres només volem ser una cosa més de lo que pot oferir el nostre estimat país. Perquè, clar, el país, a vosaltres concretament, s'ha donat molt, m'heu començat d'una manera, m'heu cont	transcripcions/pa-046.txt	ASR; pendent d'audicio
discurs	clar	pa-046	2	fet de voler avançar amb un producte de molt país, i crec que això té la seva part positiva. Clar, perquè a la vegada no busqueu només l'interès, sinó que busqueu la eficàcia, però la eficàc	transcripcions/pa-046.txt	ASR; pendent d'audicio
discurs	clar	pa-046	3	mpàtics i cal donar-li tot el necessari perquè, de la seva estància, sigui a la més... Però, clar, això demana també no solsament que el ser simpàtic, sinó exercir professionalment aquesta si	transcripcions/pa-046.txt	ASR; pendent d'audicio
discurs	diguem	pa-046	1	que les terres els prats, no? El que no fem és semblar a res. Les patates o les tronfes, que diguem a Canillo, no? Però encara mantenim el vestia. Això ens permet mantenir la propietat cuidada	transcripcions/pa-046.txt	ASR; pendent d'audicio
discurs	diguem	pa-046	2	rra últimament ha fet servir la O i l'hauríem de canviar per la I. Això vol dir que fins ara diguem, o ell, o tu, o jo. I ara ha arribat el moment que hem dit tu i jo. Vol dir que hem d'unifor	transcripcions/pa-046.txt	ASR; pendent d'audicio
discurs	doncs	pa-046	1	pot dir, la veritat és que hem cregut amb el país, hem cregut amb un producte i són fidels, doncs, és a dir, amb el dia a dia, i hem espanyat realment aquest producte, perquè és un valor afe	transcripcions/pa-046.txt	ASR; pendent d'audicio
discurs	doncs	pa-046	2	es amb més facilitat. Nosaltres hem volgut fer això perquè és una vocació, que és la nostra, doncs, sempre hem volgut servir a la gent que ens visiten des d'anys. Des de famosa. Exacte. I he	transcripcions/pa-046.txt	ASR; pendent d'audicio
discurs	doncs	pa-046	3	rar un quartal, el que en diuen un quartal, que es va establir d'una manera definitiva aquí, doncs... I una vegada establert? Bueno, una vegada establert d'aquí, doncs clar, es van dedicar a	transcripcions/pa-046.txt	ASR; pendent d'audicio
discurs	evidentment	pa-046	1	tot els contrebendistes a la seu època, tenien que passar pel port dret, tenien que passar, evidentment, per al costat o davant de casa Calvó. És casa Calvó, sí que feia de peges, però també feia d	transcripcions/pa-046.txt	ASR; pendent d'audicio
discurs	evidentment	pa-046	2	"oi, aquesta any encara no ens ha caigut neu, ja seria hora de que comences a nevar."" Perquè, evidentment, les coses havien canviat, i, aleshores, ja teníem que viure d'una altra cosa. Doncs ja, vag"	transcripcions/pa-046.txt	ASR; pendent d'audicio
discurs	evidentment	pa-046	3	saltres... Nosaltres, mira, pensa bé. Soldeu és un poble, com ve he dit, ara hi ha més gent, evidentment. Ha vingut moltes famílies de fora, ha vingut famílies de fora, que s'han integrat molt bé,	transcripcions/pa-046.txt	ASR; pendent d'audicio
discurs	llavors	pa-046	1	client s'hi senti bé, s'hi senti a gust, i per això hem d'estar al servei del client. Però, llavors, necessites una bona tapisseria. Uns relleus que són preciosos, que són preciosos. El calor	transcripcions/pa-046.txt	ASR; pendent d'audicio
discurs	llavors	pa-046	2	ostal. Feia d'ostal, on els passatgers o els viatgers, doncs podien dormir i podien menjar. Llavors, l'inici també hi ha, dient-ne, de la vocació telelera. Exacte. Però que es va incrementant	transcripcions/pa-046.txt	ASR; pendent d'audicio
discurs	llavors	pa-046	3	m s'ha pogut buscar l'encaix necessari amb negocis per poder-se guanyar la vida sobradament. Llavors, ja, les estacions d'hivern, perquè, clar, a tot això, s'adaptar-se al ritme del temps i a l	transcripcions/pa-046.txt	ASR; pendent d'audicio
discurs	no?	pa-046	1	que no serà l'últim, perquè... Bueno, ja saps que els projectes... Ara es continuen enrere, no? Nosaltres de projectes en tenim molts. La veritat és que tenim molta il·lusió a fer molts pr	transcripcions/pa-046.txt	ASR; pendent d'audicio
discurs	no?	pa-046	2	ue busqueu la eficàcia, però la eficàcia fins i tot moral. O sigui, està contents moralment, no? És molt important. La feina ben feta dona una satisfacció que l'altre no dona. Mira, no dub	transcripcions/pa-046.txt	ASR; pendent d'audicio
discurs	no?	pa-046	3	r... Però amb una exigència. És una cosa que normalment moltes vegades no es produeix massa, no? Això és veritat. És a dir, nosaltres hem sigut exigents per una raó, perquè els nostres par	transcripcions/pa-046.txt	ASR; pendent d'audicio
discurs	o sigui	pa-046	1	o busqueu només l'interès, sinó que busqueu la eficàcia, però la eficàcia fins i tot moral. O sigui, està contents moralment, no? És molt important. La feina ben feta dona una satisfacció que	transcripcions/pa-046.txt	ASR; pendent d'audicio
discurs	o sigui	pa-046	2	apisseria. Uns relleus que són preciosos, que són preciosos. El calor de la fusta del país. O sigui, materialitzar o poetitzar el que és el mateix país, dins del contacte íntim amb la persona,	transcripcions/pa-046.txt	ASR; pendent d'audicio
discurs	perquè	pa-046	1	e i són fidels, doncs, és a dir, amb el dia a dia, i hem espanyat realment aquest producte, perquè és un valor afegit del país i de tothom. I, a més, què et trobes a gust? Jo m'imagino que la	transcripcions/pa-046.txt	ASR; pendent d'audicio
discurs	perquè	pa-046	2	ndorra. Nosaltres només volem ser una cosa més de lo que pot oferir el nostre estimat país. Perquè, clar, el país, a vosaltres concretament, s'ha donat molt, m'heu començat d'una manera, m'he	transcripcions/pa-046.txt	ASR; pendent d'audicio
discurs	perquè	pa-046	3	seguiu progressant, i ara esteu culminant un altre projecte. M'imagino que no serà l'últim, perquè... Bueno, ja saps que els projectes... Ara es continuen enrere, no? Nosaltres de projectes	transcripcions/pa-046.txt	ASR; pendent d'audicio
discurs	és a dir	pa-046	1	, la veritat és que hem cregut amb el país, hem cregut amb un producte i són fidels, doncs, és a dir, amb el dia a dia, i hem espanyat realment aquest producte, perquè és un valor afegit del pa	transcripcions/pa-046.txt	ASR; pendent d'audicio
discurs	és a dir	pa-046	2	nt que ens visiten des d'anys. Des de famosa. Exacte. I hem volgut fer un telès d'evolucció, és a dir... Però amb una exigència. És una cosa que normalment moltes vegades no es produeix massa, n	transcripcions/pa-046.txt	ASR; pendent d'audicio
discurs	és a dir	pa-046	3	ència. És una cosa que normalment moltes vegades no es produeix massa, no? Això és veritat. És a dir, nosaltres hem sigut exigents per una raó, perquè els nostres pares ens van ensenyar a estima	transcripcions/pa-046.txt	ASR; pendent d'audicio
territorial	Canillo	pa-046	1	ra, podria ser una petita història de què se me presenta. Mira, casa que el Bo va passar per Canillo, cap al Tarté, i es va establir a Sol 10 l'any 1402. Va venir la família aquí i va comprar	transcripcions/pa-046.txt	ASR; pendent d'audicio
territorial	Canillo	pa-046	2	erres els prats, no? El que no fem és semblar a res. Les patates o les tronfes, que diguem a Canillo, no? Però encara mantenim el vestia. Això ens permet mantenir la propietat cuidada i de man	transcripcions/pa-046.txt	ASR; pendent d'audicio
discurs	a nivell	pa-047	1	parens. ¿Potet s'estil·lo que podríem denominar corporativisme empresarial? Jo crec que no. A nivell de corporativisme empresarial, jo he viscut una mica després d'una mica des de la barrera, P	transcripcions/pa-047.txt	ASR; pendent d'audicio
discurs	a veure	pa-047	1	rd d'un passat, però hi ha un present. Què fem amb aquest present? S'olucions? Ja. Jo crec, a veure, si la idea és fer-ho un museu, dedicar-los en personal museu... Si has convertit un magatge	transcripcions/pa-047.txt	ASR; pendent d'audicio
discurs	aleshores	pa-047	1	ros actualment dels foros. El diari cobretge una partia important. I el periodic d'Andorra, Aleshores, a la vista de tota aquesta panorària. El problema de aquí de Andorra primer és una comunitat	transcripcions/pa-047.txt	ASR; pendent d'audicio
discurs	bueno	pa-047	1	a descobrir un món no. Te tinc que dir que la veritat és que va venir per una temporada. Sí, bueno, això no s'ha passat tot. És una primera etapa, va ser curta, va ser aquesta... i el cap d'u	transcripcions/pa-047.txt	ASR; pendent d'audicio
discurs	bueno	pa-047	2	la lídicatiu va fer una locutora de Badalona, ara no en surten, no ho recordo ben bé, però, bueno, el popular era de lídia merino, però el primer que es va fer, aquella locutora era un momen	transcripcions/pa-047.txt	ASR; pendent d'audicio
discurs	bueno	pa-047	3	ncipiant d'Andorre, t'he de dir, aquí erro d'Andorre, mira, alguna cosa que coneix la ràdio. Bueno, però fixa, això és el que va ser i ara el que s'està fent. De el que s'està fent del futur,	transcripcions/pa-047.txt	ASR; pendent d'audicio
discurs	bé	pa-047	1	xí. El nostre convidat ha viscut en les seves cants, la evolució de la comunicació al país. Bé, la veritat és que parlar amb el Gorderto Sòrio és exercitar la memòria i, sobretot, el recor	transcripcions/pa-047.txt	ASR; pendent d'audicio
discurs	bé	pa-047	2	l'avaisa, no n'hi ha pastís per totes, i tenia que per molt poques. Tindem qui m'he d'anar. Bé, estem davant, jo diria que del símbol... per entendormàcia d'endorra. O sigui, perquè duran	transcripcions/pa-047.txt	ASR; pendent d'audicio
discurs	bé	pa-047	3	s que aquella lídicatiu va fer una locutora de Badalona, ara no en surten, no ho recordo ben bé, però, bueno, el popular era de lídia merino, però el primer que es va fer, aquella locutor	transcripcions/pa-047.txt	ASR; pendent d'audicio
discurs	doncs	pa-047	1	iscos tingués la paciència necessària per esperar hores a escoltar el seu nom. Jo ho sapat, doncs ho sabés que la radio sempre segur... I màgica. I màgica. Hi ha en aquella època les televis	transcripcions/pa-047.txt	ASR; pendent d'audicio
discurs	llavors	pa-047	1	espanyol. Si ve la explotació, la feia una empresari frances que es deia ja que t'emoleix. Llavors van decidir picar en marcha a servir informatius, van posar en marcha a servir informatius d'	transcripcions/pa-047.txt	ASR; pendent d'audicio
discurs	no?	pa-047	1	lliure per comprar el diari que vol. Bueno, és la dèctrica que es feia a l'epoca franquista, no? Jo m'agrada, perquè no hi ha el llibertat de prensa. Comprarà la vanguardia o els lleros. N	transcripcions/pa-047.txt	ASR; pendent d'audicio
discurs	o sigui	pa-047	1	qui m'he d'anar. Bé, estem davant, jo diria que del símbol... per entendormàcia d'endorra. O sigui, perquè durant molts anys parla d'endorra era parlar... de radiador i de radiador. Jo crec q	transcripcions/pa-047.txt	ASR; pendent d'audicio
discurs	o sigui	pa-047	2	spital. A la mà, a la llibertat de prensa, ara ja depèn de cada director, de cada redactor, o sigui, això és una mica... Depèn de la responsabilitat. Si pot ser oi un dia, però cada dia costa.	transcripcions/pa-047.txt	ASR; pendent d'audicio
discurs	per tant	pa-047	1	lmoltes. Vull dir que en negoci i de la relació tampoc ja no és tan negoci. Sí, hi ha pastís per tant, i s'agradarà. No, ademas tenien en compte que, en aquesta moment, en la situació del mercat	transcripcions/pa-047.txt	ASR; pendent d'audicio
discurs	per tant	pa-047	2	a veu molt aguda. Molt aguda, oi, oi, oi, oi? Va sortir malament, però que en aquella època Per tant, és una cosa que la gent s'ha de donar. La història de Radio Endorra hi ha una part essencial	transcripcions/pa-047.txt	ASR; pendent d'audicio
discurs	perquè	pa-047	1	uan estava endrediant Dorra que primer tenia que posar el marxa tot un sistema d'informatiu, perquè Radio Andorra, fins a aquella època, s'havia distingut sempre en ser una emissora de radio q	transcripcions/pa-047.txt	ASR; pendent d'audicio
discurs	perquè	pa-047	2	lla època, s'havia distingut sempre en ser una emissora de radio que parlava amb la música. Perquè Radio Andorra va tocar viure per desgraciar el tema de la segona guerra mundial. I després,	transcripcions/pa-047.txt	ASR; pendent d'audicio
discurs	perquè	pa-047	3	és hi ha un largot fètera. El que passa és que en aquella època, informar, era molt difícil, perquè d'entrada no deixaven d'entrar els llocs. D'entrada, té dir que, per exemple, los periodiste	transcripcions/pa-047.txt	ASR; pendent d'audicio
discurs	vull dir	pa-047	1	cubències ocupades. I en aquest moment les relacions d'edicades també han d'orrar solmoltes. Vull dir que en negoci i de la relació tampoc ja no és tan negoci. Sí, hi ha pastís per tant, i s'agra	transcripcions/pa-047.txt	ASR; pendent d'audicio
discurs	és a dir	pa-047	1	l moment, tu canes i on i canes. Però és que en aquell moment, encara tenien melent al vent. És a dir, ha passat molt temps. Aquí estem, per exemple, en un jo que ja no existia. que era un perio	transcripcions/pa-047.txt	ASR; pendent d'audicio
discurs	a nivell	pa-048	1	pressionant. Jo feia 30 anys que no havia vingut aquí. No, perquè normalment, quan t'inviten a nivell oficial, t'inviten a tal, però això no els agrada, perquè som fills d'això. Però no els agra	transcripcions/pa-048.txt	ASR; pendent d'audicio
discurs	a nivell	pa-048	2	la llengua catalana d'oficial. Quina força tenim interior? Molt poca, eh? El Manuel Díges, a nivell cultural. No tenim el llull, no tenim... Va, ara... Vostè... Sí, sí, m'agafa, m'agafa, m'ex	transcripcions/pa-048.txt	ASR; pendent d'audicio
discurs	a veure	pa-048	1	b això que estem aquí ara. Ah, clar. El lloc a quan diuen ciutadà del món. Quanti, perdoni, a veure. Vostè, com es diu? Jo em dic Antonio Morell, vostès, Josep Anton Rossell, aquest senyor. S	transcripcions/pa-048.txt	ASR; pendent d'audicio
discurs	a veure	pa-048	2	fora i ho s'hi ha explicat els de dintre. Ho han entès? No, ni jo ho he entès. Home, no. A veure, és un repte. Miri, el meu pare i la meva mare, tot just, signaven la seva firma. Jo vaig a	transcripcions/pa-048.txt	ASR; pendent d'audicio
discurs	a veure	pa-048	3	diria que es pot vendre amb un cert èxit, sí o no? No. No. Perquè no tenim el poal cultural. A veure, nosaltres hem estat... hem sigut un miracle històric. Perdona, que potser m'allargo. Durant	transcripcions/pa-048.txt	ASR; pendent d'audicio
discurs	aleshores	pa-048	1	que hem perdut la dignitat. I ara es nota més, quan hi ha crisis, quan hi ha pobresa física, aleshores, els temes de la paraula donada, el bon dia, l'educació, l'urbanitat, el respecte per a les	transcripcions/pa-048.txt	ASR; pendent d'audicio
discurs	aleshores	pa-048	2	tenim el llull, no tenim... Va, ara... Vostè... Sí, sí, m'agafa, m'agafa, m'explico... Va, aleshores, hem hagut de reinventar. No. De reexplicitat. Qui eren contrabandistes, xoriços, al fons de	transcripcions/pa-048.txt	ASR; pendent d'audicio
discurs	bueno	pa-048	1	edico a polemismes electoralistes. Però sóc tremendo, és l'aigua, i d'aquí neixem nosaltres. Bueno, però junts a l'aigua la pedra, la pedra feta pedra. A més, aquí no hi ha cap més variació, u	transcripcions/pa-048.txt	ASR; pendent d'audicio
discurs	bueno	pa-048	2	a margineda, com aquest, els ponts romànics es van mantenir. Els ponts dels supermercats... Bueno, no ho sé, no, no, no, tornem a l'origen. Jo em sento d'aquestes pedres, d'aquesta aigua, ah	transcripcions/pa-048.txt	ASR; pendent d'audicio
discurs	bueno	pa-048	3	r. Sí, ho dic jo, ho han volgut amagar, perquè per guanyar diners has d'amagar els orígens. Bueno, doncs no amaguem els orígens. La pedra fa fer la casa, i la casa és l'element fonamental. J	transcripcions/pa-048.txt	ASR; pendent d'audicio
discurs	bé	pa-048	1	testes que són necessàries. Però el Toni Morell, aquest lloc, aquest espai, és la teva vida. Bé, no aquest espai físicament, però aquest espai emblemàtic. Perquè tu has dit una cosa importa	transcripcions/pa-048.txt	ASR; pendent d'audicio
discurs	bé	pa-048	2	l'estudi, la filosofia, la escolàstica, però al costat d'això també és existencialisme? Molt bé, jo no tinc records, tu saps que n'hem parlat moltes vegades. Jo tinc memòria, que és diferen	transcripcions/pa-048.txt	ASR; pendent d'audicio
discurs	clar	pa-048	1	i pot haver identitat. Una persona de totes maneres lligada amb això que estem aquí ara. Ah, clar. El lloc a quan diuen ciutadà del món. Quanti, perdoni, a veure. Vostè, com es diu? Jo em	transcripcions/pa-048.txt	ASR; pendent d'audicio
discurs	doncs	pa-048	1	ho dic jo, ho han volgut amagar, perquè per guanyar diners has d'amagar els orígens. Bueno, doncs no amaguem els orígens. La pedra fa fer la casa, i la casa és l'element fonamental. Jo diria	transcripcions/pa-048.txt	ASR; pendent d'audicio
discurs	llavors	pa-048	1	? De l'endorra, eh? No. Ja sap que vostè... ja sé que vostè sap que jo... va. La síntesis. Llavors, els catalans han volgut... Els catalans, de català... de la generalitat, de la xample. No a	transcripcions/pa-048.txt	ASR; pendent d'audicio
discurs	llavors	pa-048	2	l poble cultural, la llengua catalana, és la única llengua oficial de tot el món, d'aquí. I, llavors, jo no diré mai dels països catalans. Això és països de llengua... No, un estat amb la lleng	transcripcions/pa-048.txt	ASR; pendent d'audicio
discurs	no?	pa-048	1	que l'home fa la casa i la casa fa l'home. En aquest cas, això d'Andorra suposo que és total, no? Jo creuria que sí. Tu acabes d'iniciar un tema que és la simbiosi i l'osmosi. Jo tinc molta	transcripcions/pa-048.txt	ASR; pendent d'audicio
discurs	no?	pa-048	2	a, perquè és l'únic que, en aquest moment, jo diria que es pot vendre amb un cert èxit, sí o no? No. No. Perquè no tenim el poal cultural. A veure, nosaltres hem estat... hem sigut un mirac	transcripcions/pa-048.txt	ASR; pendent d'audicio
discurs	no?	pa-048	3	sóc pessimista, senyor Rossell. Però sí que estic dolgut. Amb mi mateix, i amb el meu país, no? Fora, no? Jo tinc tristesa i vergonya. Perquè... i ara, que hi ha moments de... on són els	transcripcions/pa-048.txt	ASR; pendent d'audicio
discurs	o sigui	pa-048	1	hi ha persona humana, no hi ha identitat possible i persona humana oberta. No és setnòfaga. O sigui que les identitats, com les cultures, se poden arribar a oxidar si no es fan treballar. El t	transcripcions/pa-048.txt	ASR; pendent d'audicio
discurs	perquè	pa-048	1	"orra, i aquest és l'origen d'Andorra per mi. L'origen és aigua, una aigua de totes maneres, perquè el riu sempre sembla igual, però no ho és. Perdó, l'aràclic... L'aràclic deia ""per mènides"","	transcripcions/pa-048.txt	ASR; pendent d'audicio
discurs	perquè	pa-048	2	una pedra negra, una pedra fosca, una pedra feta pels anys i pants que s'ha anat creant. Sí, perquè hi havia un tema importantíssim. Per creuar els rius havies de fer ponts. I aquí tenim un po	transcripcions/pa-048.txt	ASR; pendent d'audicio
discurs	perquè	pa-048	3	an fet ponts, han fet tal, i això ho han volgut amagar. Sí, ho dic jo, ho han volgut amagar, perquè per guanyar diners has d'amagar els orígens. Bueno, doncs no amaguem els orígens. La pedra f	transcripcions/pa-048.txt	ASR; pendent d'audicio
discurs	vull dir	pa-048	1	er vomitar tot allò que ho n'aprèn i que té que fructificar perquè altres s'aprenguin igual. Vull dir, amb això, vull dir que vostè, a través de tots els llibres, ha tingut totes les influències	transcripcions/pa-048.txt	ASR; pendent d'audicio
discurs	vull dir	pa-048	2	que ho n'aprèn i que té que fructificar perquè altres s'aprenguin igual. Vull dir, amb això, vull dir que vostè, a través de tots els llibres, ha tingut totes les influències, però ha explicat	transcripcions/pa-048.txt	ASR; pendent d'audicio
discurs	és a dir	pa-048	1	, eh? I li dic sota zeros. La identitat andorrana, explicitada, harmonitzada, dialogada... És a dir, ja no hi ha el diàleg, ja no hi ha la blanqueçada de mans, els valors morals. Ara tota Eur	transcripcions/pa-048.txt	ASR; pendent d'audicio
territorial	andorrana	pa-048	1	la identitat que jo crec que està sota... sota zeros, eh? I li dic sota zeros. La identitat andorrana, explicitada, harmonitzada, dialogada... És a dir, ja no hi ha el diàleg, ja no hi ha la bl	transcripcions/pa-048.txt	ASR; pendent d'audicio
territorial	santuari	pa-048	1	er, a través d'ells, expressar el que un pensa. Jo diria, Josep Anton, que no és catedral ni santuari, és un lloc que aquest dematí parlaven d'identitats. I la identitat ha de partir de noms, co	transcripcions/pa-048.txt	ASR; pendent d'audicio
discurs	a nivell	pa-049	1	ués les veure abans de morir-me. Vull dir que per... Per exemple? Per exemple, moltes coses a nivell polític. Vull dir que hi ha lleis que s'han fet i que no caben de realitzar-se, com la llei	transcripcions/pa-049.txt	ASR; pendent d'audicio
discurs	a veure	pa-049	1	. Això ja no ens ho pot dir. Però van entrar una amistat amb el meu pare. El meu pare els van a veure després a Washington i va haver-hi una correspondència durant molts anys. Potser aquí primer	transcripcions/pa-049.txt	ASR; pendent d'audicio
discurs	aleshores	pa-049	1	nts de la vida. I cada vestit és diferent segons la persona, com cada vida també és diferent. Aleshores, voldríem arrancar el moment primer, el primer fil del teu contacte amb la vida, que evidentm	transcripcions/pa-049.txt	ASR; pendent d'audicio
discurs	aleshores	pa-049	2	com vosaltres els vam iniciar, totes les circumstàncies, fins i tot històriques del moment. Aleshores, la dona empresària, en primer lloc, realment a Andorra hi ha molta dona. Moltes dona empres	transcripcions/pa-049.txt	ASR; pendent d'audicio
discurs	aviam	pa-049	1	? Jo no... jo no ho he viscut mai així. Bueno, o sigui, això ho tindré per demà. No, té bé, aviam, segurament, que hi ha algun home masculista, que a la presència de la dona li sembla sobrada	transcripcions/pa-049.txt	ASR; pendent d'audicio
discurs	aviam	pa-049	2	ona endorrana era l'últim enfeu, ja ho havien fet a tot Europa. Com va néixer aquesta idea? Aviam, aquesta idea no ens preocupava. Mirar el vot era una cosa que acompanyava la nostra reivindi	transcripcions/pa-049.txt	ASR; pendent d'audicio
discurs	aviam	pa-049	3	ra, que el fill tingués els mateixos drets, no tingués de passar. I després, sobretot, miri, aviam, nosaltres per poder fer tot allò, vam demanar una autorització marital, que és una cosa qu	transcripcions/pa-049.txt	ASR; pendent d'audicio
discurs	bueno	pa-049	1	0, potser? 4.000. El vostre àvia, de més, feia de... de mestres. Qui feia de mestre d'escola? Bueno, de mestres d'escola, de totes les escoles, perquè el dematí... No, aquí hi havia les monges	transcripcions/pa-049.txt	ASR; pendent d'audicio
discurs	bueno	pa-049	2	ncada el 36 amb els aigüats. Amb els aigüats. Llavors ja va tenir de dedicar-se amb algo més. Bueno, però tras dels aigüats reconstruiu... Bé, quan va poder fer-se una situació, la seva il·lusió	transcripcions/pa-049.txt	ASR; pendent d'audicio
discurs	bueno	pa-049	3	guida no va poder ser. Però l'Angelina va ser la que va estar al front de tot. Una temporada. Bueno, una temporada necessària. D'entrem, pues, i vivim del record. Bé, i d'entrem amb una part de	transcripcions/pa-049.txt	ASR; pendent d'audicio
discurs	bé	pa-049	1	uè la llarga i sobretot en petits països s'ha de partir de la base d'entre tots fer-ho tot. O bé que la dona arribi a tot arreu i es converteixi en el més bo que pot tenir un home. En allò	transcripcions/pa-049.txt	ASR; pendent d'audicio
discurs	bé	pa-049	2	rs ell aquí el dematí impartia ensenyament francès i a la tarda es feia ensenyament espanyol. Bé, llavors neix l'hotel l'Oros. Bé, els meus avis quan s'acasen fan l'hotel l'Oros. Fan l'hotel	transcripcions/pa-049.txt	ASR; pendent d'audicio
discurs	bé	pa-049	3	senyament francès i a la tarda es feia ensenyament espanyol. Bé, llavors neix l'hotel l'Oros. Bé, els meus avis quan s'acasen fan l'hotel l'Oros. Fan l'hotel l'Oros. I ja és el començament d	transcripcions/pa-049.txt	ASR; pendent d'audicio
discurs	clar	pa-049	1	ament tot devia ser necessari per la falta, precisament, de tot el que hi havia aquí al país. Clar, però feia falta aquesta visió, adelantar-se els aconteixements, vull dir. Sí, també, també.	transcripcions/pa-049.txt	ASR; pendent d'audicio
discurs	clar	pa-049	2	ut la sort ell, primera dels aigüats, que ell ho va viure com una sort, amb el temps. Sí, sí, clar. Perquè el primer moment, quan es va quedar sense l'oteu amb la mare i quatre germanes solter	transcripcions/pa-049.txt	ASR; pendent d'audicio
discurs	clar	pa-049	3	eria, o sigui que vosaltres, precisament, com a persones de confiança... Jo penso en el pare, clar, vull dir, ell va fer l'escola d'hotelera a França. És clar. I amb 20 anys, quan va sortir d	transcripcions/pa-049.txt	ASR; pendent d'audicio
discurs	diguem	pa-049	1	vull dir, a Calarenya, hi havia el síndic general, per fer una mica de publicitat d'endorra. Diguem que endorra era un petit país però que tenia la llibertat dels Estats Units i... i al farter	transcripcions/pa-049.txt	ASR; pendent d'audicio
discurs	doncs	pa-049	1	a la seva població, i entendre que, clar, vull dir, que si no venen 12 milions de turistes, doncs que en vinguin 10 milions, que els tinguem amb bona qualitat, bé, que hauran de tancar molte	transcripcions/pa-049.txt	ASR; pendent d'audicio
discurs	evidentment	pa-049	1	leshores, voldríem arrancar el moment primer, el primer fil del teu contacte amb la vida, que evidentment és el lloc on neix, on crea la seva primera raó. Aquest lloc que precisament estem ara. Aquí	transcripcions/pa-049.txt	ASR; pendent d'audicio
discurs	evidentment	pa-049	2	dena productiva, jo diria, amb els carburants, o sigui... Sí, va començar amb els cotxes i, evidentment, després amb el carburant. I el carburant, vull dir, va ser durant molts anys, la... l'essen	transcripcions/pa-049.txt	ASR; pendent d'audicio
discurs	llavors	pa-049	1	, vull dir, hagués prestat per excursionistes que poguéssim vindre. I aquí endorra va vindre, llavors, el delegat de premsa de la Casa Blanca. No sé si va ser realment d'aquesta carta o perquè pe	transcripcions/pa-049.txt	ASR; pendent d'audicio
discurs	llavors	pa-049	2	acció diplomàtica per a l'exterior que es fa des del país. Per què? Quants habitants hi havia llavors? Endorra que visquessin aquí, no ho sé si devien ser 4.000, potser? 4.000. El vostre àvia, de	transcripcions/pa-049.txt	ASR; pendent d'audicio
discurs	llavors	pa-049	3	de mestres d'escola, de totes les escoles, perquè el dematí... No, aquí hi havia les monges i llavors ell aquí el dematí impartia ensenyament francès i a la tarda es feia ensenyament espanyol. Bé	transcripcions/pa-049.txt	ASR; pendent d'audicio
discurs	no?	pa-049	1	ment comencen ja els nous negocis. Negocis autènticament diversificats i fins i tot disparts, no? Centrals i lleterre, bueno, operatives. El meu pare va començar, llavors, amb venta de cotxe	transcripcions/pa-049.txt	ASR; pendent d'audicio
discurs	no?	pa-049	2	"es... i sobretot d'Espanya en el seu moment, i veies un cotxe flamant, deies ""un d'andorra"", no? O sigui, això és un sentit de l'anticipació. Sí, perquè tu pensa que quan jo era petit anave"	transcripcions/pa-049.txt	ASR; pendent d'audicio
discurs	no?	pa-049	3	"Clar, també s'ha de dir que aprofiten molt els moments. O sigui, el ""carpe diem"", que diuen, no? Sí, sí, sí. El ""carpe diem"", aquesta coyuntura, perquè a la millor ja no tornen a passar. E"	transcripcions/pa-049.txt	ASR; pendent d'audicio
discurs	o sigui	pa-049	1	sa perquè, a més, totes les coses que heu fet la família, les heu fet amb una idea de servei, o sigui, tot té creació de nou serveis i, a més, dels serveis que eren necessaris en aquell moment. L	transcripcions/pa-049.txt	ASR; pendent d'audicio
discurs	o sigui	pa-049	2	mb la gent i això que deia abans d'adelantar-se els aconteixements. Perquè crea l'hoteleria, o sigui que vosaltres, precisament, com a persones de confiança... Jo penso en el pare, clar, vull di	transcripcions/pa-049.txt	ASR; pendent d'audicio
discurs	o sigui	pa-049	3	le, comencen amb cotxes usats. Després venen els cotxes nous, després venen les concessions. O sigui, ja estem parlant dels pioners, alguns dels pioners, de totes les implantacions, d'una cosa t	transcripcions/pa-049.txt	ASR; pendent d'audicio
discurs	perquè	pa-049	1	issenya. L'home ha cuidat els affers exteriors i de la guerra. Però aquesta és una frase feta perquè la llarga i sobretot en petits països s'ha de partir de la base d'entre tots fer-ho tot. O bé	transcripcions/pa-049.txt	ASR; pendent d'audicio
discurs	perquè	pa-049	2	'esposo que la dona feia portava la fonda. I després és quan...? I després, no sé què va ser, perquè els meus avis van edificar l'otel Oroz i va ser posteriorment dels Aiguats, que el meu pare n	transcripcions/pa-049.txt	ASR; pendent d'audicio
discurs	perquè	pa-049	3	, llavors, el delegat de premsa de la Casa Blanca. No sé si va ser realment d'aquesta carta o perquè per a aficions personals ell devia tindre ganes de vindre. Això ja no ens ho pot dir. Però va	transcripcions/pa-049.txt	ASR; pendent d'audicio
discurs	vull dir	pa-049	1	què. Va fer una carta al president dels Estats Units, aprofitant que la família de la Moàbia, vull dir, a Calarenya, hi havia el síndic general, per fer una mica de publicitat d'endorra. Diguem q	transcripcions/pa-049.txt	ASR; pendent d'audicio
discurs	vull dir	pa-049	2	que endorra era un petit país però que tenia la llibertat dels Estats Units i... i al farter, vull dir, hagués prestat per excursionistes que poguéssim vindre. I aquí endorra va vindre, llavors, e	transcripcions/pa-049.txt	ASR; pendent d'audicio
discurs	vull dir	pa-049	3	hi havia aquí al país. Clar, però feia falta aquesta visió, adelantar-se els aconteixements, vull dir. Sí, també, també. El meu pare sempre deia que havia tingut la sort ell, primera dels aigüats	transcripcions/pa-049.txt	ASR; pendent d'audicio
discurs	és a dir	pa-049	1	brada, el que li sembla que la dona no en sap brou, però això és un problema de mentalitat. És a dir, la persona que és intel·ligent i que sap valorar les coses, les dones són com els homes. Hi	transcripcions/pa-049.txt	ASR; pendent d'audicio
territorial	Escaldes	pa-049	1	"r-hi quatre cotxes. Clar. Que la gent deien ""si baixes en dorra"", perquè la gent baixava en escaldes i en dorra, ""peu"". Ja, clar, clar, clar. Ni per la gent del país no hi havia cotxes, vull di"	transcripcions/pa-049.txt	ASR; pendent d'audicio
territorial	aiguats	pa-049	1	, no sé què va ser, perquè els meus avis van edificar l'otel Oroz i va ser posteriorment dels Aiguats, que el meu pare no tenia res més, em va tornar aquí a la casa. L'otel Oroz, que és creuà, si	transcripcions/pa-049.txt	ASR; pendent d'audicio
territorial	andorrana	pa-049	1	c. Perquè ell, suposem, tenia l'idea de la creació de Katz. Però Katz ja ho diu, cooperativa andorrana de tabacs. Una cooperativa, ser creador d'una cooperativa, una persona que no produeix tabac	transcripcions/pa-049.txt	ASR; pendent d'audicio
territorial	comú	pa-049	1	mers càrrecs, no van fer de floreros, però els va costar molt imposar-se. Perquè entraves al comú, la primera cosa, les dones, l'envelliment de la parròquia, vull dir, càrrecs d'aquestos, qu	transcripcions/pa-049.txt	ASR; pendent d'audicio
territorial	parròquia	pa-049	1	els, continuar construint apartments, i arribar amb unes parròquies a 200.000 habitants cada parròquia. En d'hora no té potencial per això. En d'hora és un país que limita la seva població, i en	transcripcions/pa-049.txt	ASR; pendent d'audicio
territorial	parròquia	pa-049	2	ar molt imposar-se. Perquè entraves al comú, la primera cosa, les dones, l'envelliment de la parròquia, vull dir, càrrecs d'aquestos, que eren segundaris quan hi havia dones, que eren perfectamen	transcripcions/pa-049.txt	ASR; pendent d'audicio
territorial	parròquia	pa-049	3	No, no, se les posava a les coses accessòries, l'envelliment del cementiri, les flors de la parròquia... Vull dir, ni que t'ho haguessin de la casa. Ni que t'ho haguessin de la càrrec, no t'aca	transcripcions/pa-049.txt	ASR; pendent d'audicio
discurs	a veure	pa-050	1	t la biologia i la química, vaig triar aquestes i, finalment, em vaig a cantar per farmàcia. A veure, el que passa és que després de tots aquests estudis, després de vèncer, no sé, bibliotecària	transcripcions/pa-050.txt	ASR; pendent d'audicio
discurs	aleshores	pa-050	1	vaig néixer amb una clínica a Barcelona al costat del mar. Sí, sí, amb aides marins. Exacte. Aleshores, la teva vida esparraguea no deixa de ser intensa i extensa, per la edat que tingués. Intens	transcripcions/pa-050.txt	ASR; pendent d'audicio
discurs	aleshores	pa-050	2	ratuïtament, no? Després hi ha una cosa que és el pas al batxillerat superior a Barcelona, i aleshores la dicotomia, com tota la vida, havia llegit llibres, no sabia si fer bibliotecària o fer far	transcripcions/pa-050.txt	ASR; pendent d'audicio
discurs	bé	pa-050	1	perquè feies moltes coses de molt petita. He deigir una mica una nena adelantada al temps, o bé és que t'agradava lligir d'entrada, t'agradava... Sí, de fet, és que jo soc fill únic, de fe	transcripcions/pa-050.txt	ASR; pendent d'audicio
discurs	bé	pa-050	2	e és la època de la cultura de l'any. En aquell moment a les escoles ensenyava amb castellà. Bé, a llavors aquestes són les dos aficions més fortes, teues, dins les paragueres. Sí, de fet,	transcripcions/pa-050.txt	ASR; pendent d'audicio
discurs	clar	pa-050	1	piano, i ell havia intentat ensenyar-me'n. Tot i que a mi també m'agradava molt estudiar, i clar, el temps no donava per tant. No donava per tant. Això, la teva padrina, el teu padri, tenia	transcripcions/pa-050.txt	ASR; pendent d'audicio
discurs	clar	pa-050	2	ent, i que en aquella època la biblioteca era formada majoritàriament per llibres en català. Clar, que és la època de la cultura de l'any. En aquell moment a les escoles ensenyava amb castell	transcripcions/pa-050.txt	ASR; pendent d'audicio
discurs	de fet	pa-050	1	ia en blanc i negre, que és la fotografia del Neixement. Tu vas Neixa no aquí, precisament. De fet, els primers 14 anys de la meva vida els vaig passar a Esquerra, tot i que vaig néixer amb un	transcripcions/pa-050.txt	ASR; pendent d'audicio
discurs	de fet	pa-050	2	ica una nena adelantada al temps, o bé és que t'agradava lligir d'entrada, t'agradava... Sí, de fet, és que jo soc fill únic, de fet, m'agrada molt lligir, i com que no em podia estar barallan	transcripcions/pa-050.txt	ASR; pendent d'audicio
discurs	de fet	pa-050	3	o bé és que t'agradava lligir d'entrada, t'agradava... Sí, de fet, és que jo soc fill únic, de fet, m'agrada molt lligir, i com que no em podia estar barallant amb els germans, lligia, perquè	transcripcions/pa-050.txt	ASR; pendent d'audicio
discurs	llavors	pa-050	1	a època de la cultura de l'any. En aquell moment a les escoles ensenyava amb castellà. Bé, a llavors aquestes són les dos aficions més fortes, teues, dins les paragueres. Sí, de fet, són les me	transcripcions/pa-050.txt	ASR; pendent d'audicio
discurs	llavors	pa-050	2	l'escola de bibliotecària. Andà. Aquesta sí que és bona. El que passa és que en el cou, que llavors es feia, hi havia unes signatures a triar optatives. I jo, quan m'agradava molt la biologia	transcripcions/pa-050.txt	ASR; pendent d'audicio
discurs	no?	pa-050	1	ruisme, perquè tot això es fa...Sí, sí, gratis. S'ha atjos i actuacions es fan gratuïtament, no? Després hi ha una cosa que és el pas al batxillerat superior a Barcelona, i aleshores la dic	transcripcions/pa-050.txt	ASR; pendent d'audicio
discurs	o sigui	pa-050	1	una vida diferent que són les diferents persones que componen aquest poble. Des paraguera, o sigui del teu, què vas treure? Quina experiència vas treure de la teva vida, la primera època fins	transcripcions/pa-050.txt	ASR; pendent d'audicio
discurs	per tant	pa-050	1	tat ensenyar-me'n. Tot i que a mi també m'agradava molt estudiar, i clar, el temps no donava per tant. No donava per tant. Això, la teva padrina, el teu padri, tenia una biblioteca tinguantesa e	transcripcions/pa-050.txt	ASR; pendent d'audicio
discurs	per tant	pa-050	2	ot i que a mi també m'agradava molt estudiar, i clar, el temps no donava per tant. No donava per tant. Això, la teva padrina, el teu padri, tenia una biblioteca tinguantesa extraordinària. Tu et	transcripcions/pa-050.txt	ASR; pendent d'audicio
discurs	per tant	pa-050	3	ra l'apuntador. La meva família era sencera. Sí, encara ara s'ha ocupat de l'aluminotècnia. Per tant, sempre hi havia hagut molta tradició a l'altruisme, perquè tot això es fa...Sí, sí, gratis.	transcripcions/pa-050.txt	ASR; pendent d'audicio
discurs	perquè	pa-050	1	gent que vulgui propiciar els projectes, i a la vegada instaurar una relació de tots en tots perquè aquests projectes siguin realitats. Ella és avui la nostra protagonista. La persona ha de se	transcripcions/pa-050.txt	ASR; pendent d'audicio
discurs	perquè	pa-050	2	a teva vida esparraguea no deixa de ser intensa i extensa, per la edat que tingués. Intensa, perquè feies moltes coses de molt petita. He deigir una mica una nena adelantada al temps, o bé és	transcripcions/pa-050.txt	ASR; pendent d'audicio
discurs	perquè	pa-050	3	de fet, m'agrada molt lligir, i com que no em podia estar barallant amb els germans, lligia, perquè era el que m'agradava fer. També m'agradava molt la música, la meva padrina. Era professora	transcripcions/pa-050.txt	ASR; pendent d'audicio
territorial	padrí	pa-050	1	iar, i clar, el temps no donava per tant. No donava per tant. Això, la teva padrina, el teu padri, tenia una biblioteca tinguantesa extraordinària. Tu ets de les menes privilegiades que en a	transcripcions/pa-050.txt	ASR; pendent d'audicio
discurs	bueno	pa-051	1	# (mòbil) # Sempre, sempre he vingut a treballar d'aquí. Sempre, l'estiu, bueno, fins que van mòbil el càmping, que ja tenia uns 13 anys, llavors l'estiu estava al càmping,	transcripcions/pa-051.txt	ASR; pendent d'audicio
discurs	bueno	pa-051	2	ques potser n'hi ha... una trentena, trenta, si n'hi ha oques amb tot el parroquí de canlló. Bueno, perquè les explotacions no s'ha fet quadres modernes. Continuar tenint quadres belles, perq	transcripcions/pa-051.txt	ASR; pendent d'audicio
discurs	clar	pa-051	1	nia remats, que hi havia les bases, la Vall del Riu, la Coma, en Tor, que van a sorda, i, jo clar, això l'he rendat dels remats. Els remats, i ara, com que no hi ha remats, es renden les bas	transcripcions/pa-051.txt	ASR; pendent d'audicio
discurs	clar	pa-051	2	i fem anar a Vigelles, després que van a sorda, en Tor, i... i que van a sorda, en Tor, i jo clar, i la Coma, o que la Coma la renda el Pirot, que és a Pirot de Rensol, i el rest ho renda el	transcripcions/pa-051.txt	ASR; pendent d'audicio
discurs	de fet	pa-051	1	, tot aquestes muntanyes eren arrendades pels remats. Ara, com que no hi ha remats, ho veiem de fet al Vistia Gros, com poden. Però queda molta pastuda a cada muntanya. No crec que arribi amb	transcripcions/pa-051.txt	ASR; pendent d'audicio
discurs	llavors	pa-051	1	ar d'aquí. Sempre, l'estiu, bueno, fins que van mòbil el càmping, que ja tenia uns 13 anys, llavors l'estiu estava al càmping, i quan no tenia feina al càmping, ja va ajudar el meu pare, tiran	transcripcions/pa-051.txt	ASR; pendent d'audicio
discurs	perquè	pa-051	1	amb un camió. Jo, del meu record, baixarien amb un camió del Benet Marquet. Els baixarien. Perquè els guardaven, els pollins els guardaven fins l'any que ve, que eren sobre anys. Però m'esqu	transcripcions/pa-051.txt	ASR; pendent d'audicio
discurs	perquè	pa-051	2	que ve, que eren sobre anys. Però m'esquerrer de molatir, molers, molers imatges, i dir-hi. Perquè els quins valien més calés. Es va plegar quan jo tenia potser 17, 18 anys, les filles, aques	transcripcions/pa-051.txt	ASR; pendent d'audicio
discurs	perquè	pa-051	3	que és a Pirot de Rensol, i el rest ho renda el Martí, que ho renda per les alques del Raj. Perquè, abans, tot aquestes muntanyes eren arrendades pels remats. Ara, com que no hi ha remats, ho	transcripcions/pa-051.txt	ASR; pendent d'audicio
territorial	comunals	pa-051	1	18 anys, les filles, aquestes van plegar. Les muntanyes... L'oposta que van les vaques són comunals. Allí no es lloguen res, jo és del comú. Però aquí, abans, el que ens veiem, el que volia, e	transcripcions/pa-051.txt	ASR; pendent d'audicio
territorial	comú	pa-051	1	Les muntanyes... L'oposta que van les vaques són comunals. Allí no es lloguen res, jo és del comú. Però aquí, abans, el que ens veiem, el que volia, el que tenia remats, que hi havia les bas	transcripcions/pa-051.txt	ASR; pendent d'audicio
discurs	bueno	pa-052	1	# (xiulet) Ah! Sí! # Jo veia un aixillador... i... i, bueno, tinc 7 germans, jo faig una de les més pitíties. # Quan vaig tenir 7 anys, vaig dir que a	transcripcions/pa-052.txt	ASR; pendent d'audicio
discurs	clar	pa-052	1	anar cap a ballar l'altre poble i vaig tenir més en l'estudi. I hi ha de bona ajuda, que és, clar, amb els meus padrins i un tio i he estat a l'hivern de ball, al col·legi. I a l'estiu, llav	transcripcions/pa-052.txt	ASR; pendent d'audicio
discurs	llavors	pa-052	1	clar, amb els meus padrins i un tio i he estat a l'hivern de ball, al col·legi. I a l'estiu, llavors, que hi ha cap a torni. I després ja vaig anar... primer vaig anar a inet, a l'estudi, despr	transcripcions/pa-052.txt	ASR; pendent d'audicio
discurs	perquè	pa-052	1	bar una quadra, i després ja baixàvem més baixes i baixàvem a la meva mare, ja no hi havíem, perquè a l'hivern, en un moment ja marxàvem tots i tot, ja no quedàvem, perquè nevavem molt, i des	transcripcions/pa-052.txt	ASR; pendent d'audicio
discurs	perquè	pa-052	2	e, ja no hi havíem, perquè a l'hivern, en un moment ja marxàvem tots i tot, ja no quedàvem, perquè nevavem molt, i després va ser molt difícil per viure. # (música) # # # (música) #	transcripcions/pa-052.txt	ASR; pendent d'audicio
discurs	bé	pa-053	1	ix, a la que et pos que hi ha, i feu un poder de 670 feixos d'herba, i el meu germà el feia bé, amb una corda, i jo els pujava de baix. I amb 15 dies que va fer una temporada de bo, vaig	transcripcions/pa-053.txt	ASR; pendent d'audicio
discurs	llavors	pa-053	1	ica de grandet, em vaig començar a treballar a l'agricultura, que era... que no és com ara. Llavors, com vam tenir, que vaig tenir, però de 15 o 16 anys, que em van començar a fer picar una dal	transcripcions/pa-053.txt	ASR; pendent d'audicio
discurs	llavors	pa-053	2	uí començàvem d'ajudar quan teníem 10 anys o 15, i era una mica de força de 16 anys en un. I llavors, mira, d'allà vam fer una seca l'herba, i tot aquests prats d'aquí l'aportàvem al coll. No h	transcripcions/pa-053.txt	ASR; pendent d'audicio
discurs	llavors	pa-053	3	ot aquests prats d'aquí l'aportàvem al coll. No hi havia cap camí de carro, ni hi havia res. Llavors, tot, feixos. I aquí tenim un prat, que és d'allà on d'una puntalada fins baix, a la que et	transcripcions/pa-053.txt	ASR; pendent d'audicio
discurs	perquè	pa-053	1	ors eren a treballar. A l'estiu no he viscut vingar-hi d'aquí, anàvem a guanyar alguna pela, perquè volíem desfrutar la gent, havíem d'anar a guanyar. I jo no em donava res, però mira, visquiv	transcripcions/pa-053.txt	ASR; pendent d'audicio
discurs	perquè	pa-053	2	ldes, que avallà el riu Madri i cap a dalt, que jo ben cert no ho sé on és, aquests d'això, perquè no hi ha anat. I llavors, que passaven a dalt amb un pont, aquella planca que hi havia, que	transcripcions/pa-053.txt	ASR; pendent d'audicio
territorial	Escaldes	pa-053	1	oll, quan carregàvem un animal amb un eco, que era bon llibert. I passaven per la muntanya d'escaldes, que avallà el riu Madri i cap a dalt, que jo ben cert no ho sé on és, aquests d'això, perq	transcripcions/pa-053.txt	ASR; pendent d'audicio
discurs	a veure	pa-054	1	are ha vingut a acompanyar a vistiar a Barcelona 8 dies per aquesta muntanya amb esclops. I, a veure, que hi va anar a Barcelona, es perdengui, portant mai a la vida sabates, perquè ho veig. Pe	transcripcions/pa-054.txt	ASR; pendent d'audicio
discurs	bueno	pa-054	1	r amb 18 anys amb el meu pare, que en tenia 32. I fins als 22 anys no van tenir cap fill. I, bueno, és el primer fesó. I la meva mare no ha vingut mai a estudiar. I va trobar a casa tota empe	transcripcions/pa-054.txt	ASR; pendent d'audicio
discurs	bueno	pa-054	2	a Piera, a la Comca, a l'hivern. I la meva mare es cuidava del que canalla i del vistia. I, bueno, d'aquesta manera, no havíem passat gana, això. Ara, com prou, el que vulgui, no és coses que	transcripcions/pa-054.txt	ASR; pendent d'audicio
discurs	bé	pa-054	1	s mascaraven la gent. I al dimarts, feven la osa. I la osa era el sisquet de puir, es vestia bé d'osa. I s'anava a amagar, a baix, amb un error, que és que hi ha el camp del sintet, a toca	transcripcions/pa-054.txt	ASR; pendent d'audicio
discurs	bé	pa-054	2	da i la lligaven i cap a passejar a les cases. I llavors els donaven coca. I... i veuré. I bé, feven tota la dèl·la replagada per totes les cases, i jo em feia ben a punt, perquè era jove	transcripcions/pa-054.txt	ASR; pendent d'audicio
discurs	bé	pa-054	3	Venien los diners, venien los de la maçana, pujaven una colla de les escaldes, que eren... Bé, no, el xirro, el ousé, el decaltita, la colla. I el decalsintet, que li diuen la joia, l'ope	transcripcions/pa-054.txt	ASR; pendent d'audicio
discurs	llavors	pa-054	1	"""au, anirem a agafar la osa"". I així, sí, anaven cap a baix, començaven a disparar tiros, i llavors sortien la osa i s'envoludaven per allà, l'agafaven amb una corda i la lligaven i cap a pass"	transcripcions/pa-054.txt	ASR; pendent d'audicio
discurs	llavors	pa-054	2	nvoludaven per allà, l'agafaven amb una corda i la lligaven i cap a passejar a les cases. I llavors els donaven coca. I... i veuré. I bé, feven tota la dèl·la replagada per totes les cases, i	transcripcions/pa-054.txt	ASR; pendent d'audicio
discurs	llavors	pa-054	3	l decalsintet, que li diuen la joia, l'opepita. I un any, aquells, venien sempre tot tard. I llavors agafaven, un any, agafaven tallaven les corbates, els homes, les pinjaven amb un vestu, i m	transcripcions/pa-054.txt	ASR; pendent d'audicio
discurs	perquè	pa-054	1	sclops. I, a veure, que hi va anar a Barcelona, es perdengui, portant mai a la vida sabates, perquè ho veig. Però mira, com que eren tan treballadors, i se n'anava a Piera, a la Comca, a l'hiv	transcripcions/pa-054.txt	ASR; pendent d'audicio
discurs	perquè	pa-054	2	i veuré. I bé, feven tota la dèl·la replagada per totes les cases, i jo em feia ben a punt, perquè era joveneta, i m'amagava allà molt el pare. Per la festa major també ho feu, també feu una	transcripcions/pa-054.txt	ASR; pendent d'audicio
discurs	perquè	pa-054	3	vulgueu sapiguer el bé que més ho passàvem. Llavors, el jovent. Treballar tant que vulguis. Perquè mira, per Sant Jaume els hi explico sentes vegades. Anàvem a festa major a la tarda a una est	transcripcions/pa-054.txt	ASR; pendent d'audicio
territorial	Escaldes	pa-054	1	festa major molt maca. Venien los diners, venien los de la maçana, pujaven una colla de les escaldes, que eren... Bé, no, el xirro, el ousé, el decaltita, la colla. I el decalsintet, que li diu	transcripcions/pa-054.txt	ASR; pendent d'audicio
territorial	Escaldes	pa-054	2	I el punt de dia que va a Tabaco. Per poder anar, tres o dos hores a Sant Julià, ah, a les escaldes a Sant Jaume. I arribàvem a casa, m'ho rentàvem una mica alt amb una palancana i un trap, i	transcripcions/pa-054.txt	ASR; pendent d'audicio
territorial	Escaldes	pa-054	3	pardenyes als peus, i les sabates amb un bocadar de farta. I arribant al peu, arribant a les escaldes, en Gordany, encara hi ha una soca, allà que el Vidal, que em diuen que és una casa molt bell	transcripcions/pa-054.txt	ASR; pendent d'audicio
territorial	Sant Julià	pa-054	1	na estona a Sant Jaume. I el punt de dia que va a Tabaco. Per poder anar, tres o dos hores a Sant Julià, ah, a les escaldes a Sant Jaume. I arribàvem a casa, m'ho rentàvem una mica alt amb una pal	transcripcions/pa-054.txt	ASR; pendent d'audicio
discurs	a nivell	pa-055	1	"a, per les comunals, ""Unió de Ciutadans, Pau Progrés i l'Administració"", que era UCPA. Però a nivell nacional volia dir, per 89, una Constitució per l'endorra. Era imprescindible, no hi havia s"	transcripcions/pa-055.txt	ASR; pendent d'audicio
discurs	a nivell	pa-055	2	re també molts bons assessors, i d'allà ja va sorgir tots els contactes que teníem de tindre a nivell d'Europa. Va fins i tot el seu secretari. A veure, que no, t'apunta. Mira, a Inglaterra, el	transcripcions/pa-055.txt	ASR; pendent d'audicio
discurs	a nivell	pa-055	3	va ser una cosa que va anar bé per tothom, i que hi havia un malentès. Hi havia un malentès a nivell de la representació de les paròquies, saps? El consell és una bicàmera, això. N'hi ha 12 que	transcripcions/pa-055.txt	ASR; pendent d'audicio
discurs	a veure	pa-055	1	al, no hi havia possibilitat de fer un país amb paraules afegits, És tan evident. És a dir, a veure, érem una generació, la majoria, educats a França. La majoria, no tots, eh? Però teníem l'e	transcripcions/pa-055.txt	ASR; pendent d'audicio
discurs	a veure	pa-055	2	i l'endemà els companys de la Maçana es van adherir en aquest projecte. Vam fer el Josep Maí a veure el cíndic i el senyor Casal, el Bortoló, el Carillo, el subcíndic, i amb la proposta de l'Os	transcripcions/pa-055.txt	ASR; pendent d'audicio
discurs	a veure	pa-055	3	tots els contactes que teníem de tindre a nivell d'Europa. Va fins i tot el seu secretari. A veure, que no, t'apunta. Mira, a Inglaterra, el braç de dretge del... El braç dret de la Tàtxer és	transcripcions/pa-055.txt	ASR; pendent d'audicio
discurs	bueno	pa-055	1	"t, ell feia part del grup del dijous, que es va incorporar a l'UCPA, va ser ""Cónsulo 84"". I, bueno, vam proposar, vam guanyar les eleccions del 89, amb el projecte aquest d'una Constitució ope"	transcripcions/pa-055.txt	ASR; pendent d'audicio
discurs	bueno	pa-055	2	enia la Judit, amb l'aigua, i em va dir que donava el telèfon. I em va donar el telèfon. I, bueno, me'l feu bé el cíndic, doncs, clar, que em tingués de parlar d'aquí, d'aquí de cap de govern	transcripcions/pa-055.txt	ASR; pendent d'audicio
discurs	bueno	pa-055	3	torn de recepció de l'hotel, a trucar, a trucar, a trucar, a trucar, amb en aigua, fins que, bueno, vam tenir la sort que va contestar quan jo s'avallar. I... i vaig dir, mira, l'Òscar, i aix	transcripcions/pa-055.txt	ASR; pendent d'audicio
discurs	bé	pa-055	1	ma, diu, perdreu, Ramon. Dic, no, jo penso que no, jo penso que banyarem, perquè la gent... Bé, no? Si s'explica, la gent ho entén, no? I em va dir... Com vas tu? Em va dir que era a l'a	transcripcions/pa-055.txt	ASR; pendent d'audicio
discurs	bé	pa-055	2	mb l'aigua, i em va dir que donava el telèfon. I em va donar el telèfon. I, bueno, me'l feu bé el cíndic, doncs, clar, que em tingués de parlar d'aquí, d'aquí de cap de govern, no? O el s	transcripcions/pa-055.txt	ASR; pendent d'audicio
discurs	bé	pa-055	3	m'espero. Ja m'espero, que no. Que no hi ha línia. I, bueno, me'n quedo així, l'endemà està bé en Madrid i l'endemà passat està bé aquí. Vam fer la reunió a casa meva, ho vam rebre. I...	transcripcions/pa-055.txt	ASR; pendent d'audicio
discurs	clar	pa-055	1	# Una vegada feta la feina òcumú, doncs, clar, amb quatre anys, vam començar a consolidar el projecte de la Constitució Democràtica i Soci	transcripcions/pa-055.txt	ASR; pendent d'audicio
discurs	clar	pa-055	2	ir que donava el telèfon. I em va donar el telèfon. I, bueno, me'l feu bé el cíndic, doncs, clar, que em tingués de parlar d'aquí, d'aquí de cap de govern, no? O el senyor ho he pintat, em v	transcripcions/pa-055.txt	ASR; pendent d'audicio
discurs	clar	pa-055	3	sident del Parlament Europeu i el Miguel Ángel Martínez, president d'un Consell d'Europa. i, clar, jo vaig parlar amb l'Òscar. I l'Òscar diu que hem d'anar-hi de seguida. Vam demanar a l'Àri	transcripcions/pa-055.txt	ASR; pendent d'audicio
discurs	doncs	pa-055	1	# Una vegada feta la feina òcumú, doncs, clar, amb quatre anys, vam començar a consolidar el projecte de la Constitució Democràtica	transcripcions/pa-055.txt	ASR; pendent d'audicio
discurs	doncs	pa-055	2	casa de lloguer, no? I vols fer, no sé què tal, no pots, si no tens el permís de l'amor... Doncs aquí és el mateix. Vull que s'entengui que és el mateix. Llavors, la casa és dels Andorrans.	transcripcions/pa-055.txt	ASR; pendent d'audicio
discurs	doncs	pa-055	3	ndics, però avui dins va votar massívolment. I el primer dia ja vam plantejar OBL de Cíndic. Doncs ja en Maria Vell de Cíndic aquí. I vam fer 14-14, la primera sessió de Constitució del Consel	transcripcions/pa-055.txt	ASR; pendent d'audicio
discurs	evidentment	pa-055	1	stats veïns només, no per a tothom. d'aquest dret, que dins d'això hi havia punts essencials, evidentment, de les llibertats, dels drets i llibertats que hi ha a la Constitució. Clar, ho teníem clar	transcripcions/pa-055.txt	ASR; pendent d'audicio
discurs	llavors	pa-055	1	tens el permís de l'amor... Doncs aquí és el mateix. Vull que s'entengui que és el mateix. Llavors, la casa és dels Andorrans. El país és dels Andorrans. És del poble Andorra, el país. Ja es	transcripcions/pa-055.txt	ASR; pendent d'audicio
discurs	llavors	pa-055	2	b tot el respecte ho dic, perquè és una bona persona, i el projecte volia més que tot, no? I llavors vam convèncer els companys de la Maçana, avui vam votar 14 i 14 i l'endemà els companys de la	transcripcions/pa-055.txt	ASR; pendent d'audicio
discurs	llavors	pa-055	3	nàvem, no? I la prova, que ho pintades van posar a Sant Julià, es van posar a l'oposició. I llavors jo me'n recordo que a les eleccions del 89 Pujava... jo parlo així, eh? Pujava cap a Escalde	transcripcions/pa-055.txt	ASR; pendent d'audicio
discurs	no?	pa-055	1	"cial del país. El nostre grup ens va costar trobar-li un nom, però, al final, ho vam trobar, no? es deia, per les comunals, ""Unió de Ciutadans, Pau Progrés i l'Administració"", que era UCPA"	transcripcions/pa-055.txt	ASR; pendent d'audicio
discurs	no?	pa-055	2	. La majoria, no tots, eh? Però teníem l'estat de la separació de poderes aquí dins del cap, no? Això és com si tu, perdó, aquest digue de tu, però això és com si tu tens una casa de llogue	transcripcions/pa-055.txt	ASR; pendent d'audicio
discurs	no?	pa-055	3	ixò és com si tu, perdó, aquest digue de tu, però això és com si tu tens una casa de lloguer, no? I vols fer, no sé què tal, no pots, si no tens el permís de l'amor... Doncs aquí és el mate	transcripcions/pa-055.txt	ASR; pendent d'audicio
discurs	o sigui	pa-055	1	a llavors, per arreglar tot, perquè ja estàvem malalt, per arreglar tot, vol fer casa meva. O sigui, que teníem una amistat important. Però jo no hi anirem mai contra ningú. Si m'he anat a fav	transcripcions/pa-055.txt	ASR; pendent d'audicio
discurs	o sigui	pa-055	2	emocràcia cristiana i italiana és l'Este Galí. De França i d'Espanya me n'ocupa jo, vol dir. O sigui, que teníem França, Espanya, Alemanya, Itàlia i Inglaterra. T'hem parlat de l'any 90, eh? A	transcripcions/pa-055.txt	ASR; pendent d'audicio
discurs	o sigui	pa-055	3	s cobrinsets. I ens hauria d'atendre, sisplau, perquè ho reformarem tot, la justícia també. O sigui que es va parar aquí tota la Comissió d'Investigació, el pont i on de Puig, es va parar desp	transcripcions/pa-055.txt	ASR; pendent d'audicio
discurs	per tant	pa-055	1	aig del 90, era irreversible. Vam aconseguir en 4 mesos la irreversibilitat del projecte. I, per tant, a partir d'allà es va començar a engegar tot. Es va començar a engegar la taula tripartita,	transcripcions/pa-055.txt	ASR; pendent d'audicio
discurs	perquè	pa-055	1	la reformeta tractava amb missatges, i la Constitució tracta amb ciutadans. Ja t'ho dic tot, perquè no em vull estendre amb les coses de palàcia que hi van molt d'espació, no? No vull parlar d	transcripcions/pa-055.txt	ASR; pendent d'audicio
discurs	perquè	pa-055	2	General. i aquella nit vam aconseguir que els companys de la Maçana vinguessin amb nosaltres perquè votaven la candidatura, l'altra candidatura, que era el del Raül Croçell dolçet, amb tot el	transcripcions/pa-055.txt	ASR; pendent d'audicio
discurs	perquè	pa-055	3	datura, l'altra candidatura, que era el del Raül Croçell dolçet, amb tot el respecte ho dic, perquè és una bona persona, i el projecte volia més que tot, no? I llavors vam convèncer els compan	transcripcions/pa-055.txt	ASR; pendent d'audicio
discurs	vull dir	pa-055	1	ses molt importants, va fer el centre hospitalari, va comprar fede, va fer el tractat d'UNE. Vull dir que va ser un bon cap de govern. Però amb la Constitució patinàvem, no? I la prova, que ho p	transcripcions/pa-055.txt	ASR; pendent d'audicio
discurs	vull dir	pa-055	2	"omençar a sentar-se la taula tripartita, l'Oberge Labert, a mi, em va donar plena confiança. Vull dir, no em feia patir. ""Oh, projecte, molt sentit, que era, clar, que era."" una Constitució que"	transcripcions/pa-055.txt	ASR; pendent d'audicio
discurs	és a dir	pa-055	1	nternacional, no hi havia possibilitat de fer un país amb paraules afegits, És tan evident. És a dir, a veure, érem una generació, la majoria, educats a França. La majoria, no tots, eh? Però t	transcripcions/pa-055.txt	ASR; pendent d'audicio
territorial	Escaldes	pa-055	1	llavors jo me'n recordo que a les eleccions del 89 Pujava... jo parlo així, eh? Pujava cap a Escaldes, des de casa, i l'Òscar baixava del banc, l'encarreig, que la tenia allà al barat xavalira.	transcripcions/pa-055.txt	ASR; pendent d'audicio
territorial	Escaldes	pa-055	2	"ció. I el dia 1 a la tarda es van reunir 5 parròquies a l'Amassàna, que no van convidar ni a Escaldes ni a Andorra. I ens en vam enterar. Jo vaig trucar al Josep Arell de Soldeu, som amics, ""Es"	transcripcions/pa-055.txt	ASR; pendent d'audicio
territorial	Escaldes	pa-055	3	"al Consell d'una forma tranquil·la."" ""No, síndics no."" ""Bueno, és igual, la fem, la fem."" D'escaldes hi va anar jo, l'Andorra, el Jaume Bartomeu, li va trucar, perquè no ens havien convidat, i"	transcripcions/pa-055.txt	ASR; pendent d'audicio
territorial	Massana	pa-055	1	l'Òscar va ser hipermòl, El consell ens va delegar a mi i al Francesc Grau Esplendiu, de la Massana, que també és mort, pobret, amb el Gascansi, molt bona persona, per anar a fer que ets conta	transcripcions/pa-055.txt	ASR; pendent d'audicio
territorial	Ordino	pa-055	1	, ho farem, però la Constitució d'Otre és que veurem... amb l'intervenció de l'Obert Pujol d'Ordino, brillantíssima. Ens vam comptar, i quan vam passar de 15, que ja vam ser 28. Sempre passa,	transcripcions/pa-055.txt	ASR; pendent d'audicio
territorial	Sant Julià	pa-055	1	ap de govern. Però amb la Constitució patinàvem, no? I la prova, que ho pintades van posar a Sant Julià, es van posar a l'oposició. I llavors jo me'n recordo que a les eleccions del 89 Pujava...	transcripcions/pa-055.txt	ASR; pendent d'audicio
territorial	comunals	pa-055	1	"tre grup ens va costar trobar-li un nom, però, al final, ho vam trobar, no? es deia, per les comunals, ""Unió de Ciutadans, Pau Progrés i l'Administració"", que era UCPA. Però a nivell nacional v"	transcripcions/pa-055.txt	ASR; pendent d'audicio
territorial	copríncep	pa-055	1	a jutjat aquí... i els havia jutjat, no sé si... el Tribunal de la Valldia o el Tribunal del Copríncep Francesc, no ho sé. En tot cas van recórrer a Estrasbur dient que Andorra era una justícia ar	transcripcions/pa-055.txt	ASR; pendent d'audicio
discurs	a veure	pa-056	1	nstitució. Aquí es pot agafar l'acte del dia 2 de febrer del 93, que es pot llegir de dalt. A veure, aquí cal dir una cosa. Jo, aquí, jo em vaig abstindre a la primera votació, a la Constitució	transcripcions/pa-056.txt	ASR; pendent d'audicio
discurs	a veure	pa-056	2	Per tant, tots aquests que ara se'n plenen la boca de constitucionalistes i que l'enric... A veure, si aquesta gent van votar que no, i van fer campanya desorbitadament per un no. i a mi em f	transcripcions/pa-056.txt	ASR; pendent d'audicio
discurs	a veure	pa-056	3	està, però potser acabarem més fàcil. Però el consell, el consell no és que jo digui... No, a veure, el conseller és una experiència fantàstica, i l'època constitucional, encara més, i tindre	transcripcions/pa-056.txt	ASR; pendent d'audicio
discurs	aleshores	pa-056	1	parat, perquè això és lectura. Preparen, no sé qui, prepara-hi tu, el que vas, desgeixes. I, aleshores, això està tan quadriculat que difícilment en el mateix assessor del Consell, tu pots variar	transcripcions/pa-056.txt	ASR; pendent d'audicio
discurs	aleshores	pa-056	2	coprínceptes també anàvem avançant, sí que veiem que això ja era pràcticament una realitat. Aleshores van dir, bueno, hi havia gent de Sant Julià, gent significativa de Canillo, de la Masana i ta	transcripcions/pa-056.txt	ASR; pendent d'audicio
discurs	aleshores	pa-056	3	evidentment, amb ells no els va costar massa convencer-me, perquè jo era dos convençuts. I aleshores el que sí vam quedar és que l'endemà Ja ho faríem la gent que estàvem allà, excepte algú que	transcripcions/pa-056.txt	ASR; pendent d'audicio
discurs	bueno	pa-056	1	aris, entenc l'estructura aquesta. Però un 28 consellers és que no l'entenc massa, no? Però bueno, no seré jo qui va canviar, no? Moltes coses que es van arreglar a l'aigua cas, El procés co	transcripcions/pa-056.txt	ASR; pendent d'audicio
discurs	bueno	pa-056	2	anàvem avançant, sí que veiem que això ja era pràcticament una realitat. Aleshores van dir, bueno, hi havia gent de Sant Julià, gent significativa de Canillo, de la Masana i tal, que van dir	transcripcions/pa-056.txt	ASR; pendent d'audicio
discurs	bueno	pa-056	3	hi havia gent de Sant Julià, gent significativa de Canillo, de la Masana i tal, que van dir, bueno, ara és el moment, perquè el senyor arribarem al moment i no hi serem. I vam tardar tant, qu	transcripcions/pa-056.txt	ASR; pendent d'audicio
discurs	bé	pa-056	1	cretari, X, la llegia, estàvem d'acord, i el que s'havia presentat amb la modificació, Passa bé o per el sentiment o per unanimitat. Aquest esprit del Parlament, del Consell General, sobre	transcripcions/pa-056.txt	ASR; pendent d'audicio
discurs	bé	pa-056	2	reglem, i tal, inclús a fora d'aquí. Per què? Perquè pensàvem que... al venacional passarà bé per aquí, no per un altre, no per un altre olégo. Això no es veu, això no vagis. Això no va	transcripcions/pa-056.txt	ASR; pendent d'audicio
discurs	bé	pa-056	3	r és que l'endemà Ja ho faríem la gent que estàvem allà, excepte algú que recordo que no està bé que allò ho tenia acabat de decidir i tal, però ho diria que amb el 90% dels quinzi herem ten	transcripcions/pa-056.txt	ASR; pendent d'audicio
discurs	clar	pa-056	1	matge pública una mica més que tots els altres, però els altres estàvem allà. Jo tenia molt clar que s'havia de canviar la manera de fer. No podia ser d'anar portant els 7 formatges i els 7	transcripcions/pa-056.txt	ASR; pendent d'audicio
discurs	clar	pa-056	2	era el meu. I no, el seu, no, compartits. I, en canvi, el senyor Vial, això sí que ho tenia clar, tenia una manera de fer que arreglava tots aquests mini-problemes que hi havia, no? Malaur	transcripcions/pa-056.txt	ASR; pendent d'audicio
discurs	clar	pa-056	3	ens vam posar al cap és que aquell tenia que ser el mandat de la Constitució. I això ho tenia clar, jo diria que per almenys el 90% de la gent, alguns segur que no, perquè no direm noms, però	transcripcions/pa-056.txt	ASR; pendent d'audicio
discurs	doncs	pa-056	1	b el que s'està fent fins en aquell moment, i que les institucions continuessin com estaven, doncs evidentment no era el nostre taranà, per almenys el meu. A partir d'aquí, sí que és cert, que	transcripcions/pa-056.txt	ASR; pendent d'audicio
discurs	doncs	pa-056	2	etres institucionals no els hi venia de gust, però com que tota la majoria ja estem d'acord, doncs vam tirar endavant, es va fer la comissió constituent i endavant. I així es va anar. És a d	transcripcions/pa-056.txt	ASR; pendent d'audicio
discurs	doncs	pa-056	3	ien part d'aquella majoria. és a dir, moltes coses que es van decidir amb els primers mesos, doncs, bàsicament, es decidien entre tot aquest grup, no? I els altres ens anaven a inventar, perq	transcripcions/pa-056.txt	ASR; pendent d'audicio
discurs	evidentment	pa-056	1	ue s'està fent fins en aquell moment, i que les institucions continuessin com estaven, doncs evidentment no era el nostre taranà, per almenys el meu. A partir d'aquí, sí que és cert, que hi va haver	transcripcions/pa-056.txt	ASR; pendent d'audicio
discurs	evidentment	pa-056	2	tra gent, i a mi em van cridar i jo vaig anar. I com que sabien jo perfectament com pensava, evidentment, amb ells no els va costar massa convencer-me, perquè jo era dos convençuts. I aleshores el	transcripcions/pa-056.txt	ASR; pendent d'audicio
discurs	evidentment	pa-056	3	és igual, no passava. Em vaig perdre algun capítol. El capítol final, m'ho vaig perdre perquè evidentment, Si no m'hagués perdut el capítol final, jo n'hagués actuat com vaig actuar, però jo me'n v	transcripcions/pa-056.txt	ASR; pendent d'audicio
discurs	llavors	pa-056	1	solusió que tothom coneix. Sembla que era el 92, sembla. I a partir d'aquí vam tornar-hi, i llavors ja va vindre el sindic Farlas i companyia, i el que sí ens vam posar al cap és que aquell ten	transcripcions/pa-056.txt	ASR; pendent d'audicio
discurs	no?	pa-056	1	cap allà. Això no podia ser. Jo havia passat massa temps i, per tant, això calia canviar-ho, no? Amb això vam estar totalmente d'acord, ens van ficar d'acord també amb la figura del cap del	transcripcions/pa-056.txt	ASR; pendent d'audicio
discurs	no?	pa-056	2	tenia clar, tenia una manera de fer que arreglava tots aquests mini-problemes que hi havia, no? Malauradament el senyor Vial va passar el que va passar, s'ho va substituir primer amb una p	transcripcions/pa-056.txt	ASR; pendent d'audicio
discurs	no?	pa-056	3	hagut una autodissolusió. L'autodissolusió hi havia dos parts molt clares, uns i els altres, no? Els quins anaven prou, els que arribaven i els altres que pensàvem que perquè aquí va ser e	transcripcions/pa-056.txt	ASR; pendent d'audicio
discurs	o sigui	pa-056	1	dels quins vam estar, el nostre objectiu no era carregant-se la Constitució, ni molt menys. O sigui, algú vol vendre gent, s'etivoca, s'etivoca. A nosaltres l'únic objectiu era mantindre el sis	transcripcions/pa-056.txt	ASR; pendent d'audicio
discurs	per tant	pa-056	1	ls 7 capons, i els 7 cap aquí i cap allà. Això no podia ser. Jo havia passat massa temps i, per tant, això calia canviar-ho, no? Amb això vam estar totalmente d'acord, ens van ficar d'acord tam	transcripcions/pa-056.txt	ASR; pendent d'audicio
discurs	per tant	pa-056	2	s que pensàvem que perquè aquí va ser el programa, que pensàvem que no tenia que continuar. Per tant, lògicament, la gent, els consellers, que aquell dia van estar a favor de l'autodius d'orosió	transcripcions/pa-056.txt	ASR; pendent d'audicio
discurs	per tant	pa-056	3	sió, els va ser molt més fàcil en tener-se pel segon mandat, amb el Ferrar, Estartal i etc. Per tant, la resta que veníem, que no feien part d'això, no és que ens consideressin oposició, però l	transcripcions/pa-056.txt	ASR; pendent d'audicio
discurs	perquè	pa-056	1	s que hi havia aquí després, i es comença a parlar de què és el que pensàvem fer els 4 anys, perquè, lògicament, sí. Pensàvem vindre aquí a continuar amb el que s'està fent fins en aquell momen	transcripcions/pa-056.txt	ASR; pendent d'audicio
discurs	perquè	pa-056	2	ució. I això ho tenia clar, jo diria que per almenys el 90% de la gent, alguns segur que no, perquè no direm noms, però això no ha de canviar segons quins paràmetres institucionals no els hi ve	transcripcions/pa-056.txt	ASR; pendent d'audicio
discurs	perquè	pa-056	3	ns i els altres, no? Els quins anaven prou, els que arribaven i els altres que pensàvem que perquè aquí va ser el programa, que pensàvem que no tenia que continuar. Per tant, lògicament, la g	transcripcions/pa-056.txt	ASR; pendent d'audicio
discurs	vull dir	pa-056	1	altra vegada a votació, i el va rectificar el vot, no sé què sí, va ser per unanimitat. Bé, vull dir també, perquè cal recordar-ho, perquè ara es fa una muntanya de tot això, i sobretot que em	transcripcions/pa-056.txt	ASR; pendent d'audicio
discurs	és a dir	pa-056	1	# Quan jo arribo l'any... el desembre del 1989, és a dir, el partit del 90, quan es comença a negociar una sindicatura i cap de govern, per començar	transcripcions/pa-056.txt	ASR; pendent d'audicio
discurs	és a dir	pa-056	2	doncs vam tirar endavant, es va fer la comissió constituent i endavant. I així es va anar. És a dir, aquí poc temps abans hi havia hagut una autodissolusió. L'autodissolusió hi havia dos parts	transcripcions/pa-056.txt	ASR; pendent d'audicio
discurs	és a dir	pa-056	3	ixò, no és que ens consideressin oposició, però lògicament no feien part d'aquella majoria. és a dir, moltes coses que es van decidir amb els primers mesos, doncs, bàsicament, es decidien entre	transcripcions/pa-056.txt	ASR; pendent d'audicio
territorial	Canillo	pa-056	1	t una realitat. Aleshores van dir, bueno, hi havia gent de Sant Julià, gent significativa de Canillo, de la Masana i tal, que van dir, bueno, ara és el moment, perquè el senyor arribarem al mom	transcripcions/pa-056.txt	ASR; pendent d'audicio
territorial	Canillo	pa-056	2	an vindre i van parlar... Només hi havia un dubte o una cosa que no ens agradava. La gent de Canillo, Sant Julià, Ordino, Massana i sobretot en Cam, sobretot aquestes quatre peròpies, el sistem	transcripcions/pa-056.txt	ASR; pendent d'audicio
territorial	Escaldes	pa-056	1	rs que ocupen els escons a casa avall, estic convençut i segur que la gran majoria és endora escaldes. Per tant, clar, aquest equilibri que es tenia en el seu moment, Doncs això s'ha perdut, no?	transcripcions/pa-056.txt	ASR; pendent d'audicio
territorial	Massana	pa-056	1	més hi havia un dubte o una cosa que no ens agradava. La gent de Canillo, Sant Julià, Ordino, Massana i sobretot en Cam, sobretot aquestes quatre peròpies, el sistema electoral no ens agradava.	transcripcions/pa-056.txt	ASR; pendent d'audicio
territorial	Ordino	pa-056	1	vaig actuar, però jo me'n vaig sent aquí, me'n recordo que vam arribar als quatre companys d'ordino, però el típic que treus a la tard, penges la xaqueta, venc cap aquí i tal, i a mi, en cap	transcripcions/pa-056.txt	ASR; pendent d'audicio
territorial	Ordino	pa-056	2	r... Només hi havia un dubte o una cosa que no ens agradava. La gent de Canillo, Sant Julià, Ordino, Massana i sobretot en Cam, sobretot aquestes quatre peròpies, el sistema electoral no ens a	transcripcions/pa-056.txt	ASR; pendent d'audicio
territorial	Ordino	pa-056	3	t, que jo no em creia facultat per poder canviar aquest sistema electoral sense que la gent d'ordino, que és el que em va posar aquí, hi estés d'acord. Per tant, era l'única cosa que jo m'ho po	transcripcions/pa-056.txt	ASR; pendent d'audicio
territorial	Sant Julià	pa-056	1	e veiem que això ja era pràcticament una realitat. Aleshores van dir, bueno, hi havia gent de Sant Julià, gent significativa de Canillo, de la Masana i tal, que van dir, bueno, ara és el moment, p	transcripcions/pa-056.txt	ASR; pendent d'audicio
territorial	Sant Julià	pa-056	2	i van parlar... Només hi havia un dubte o una cosa que no ens agradava. La gent de Canillo, Sant Julià, Ordino, Massana i sobretot en Cam, sobretot aquestes quatre peròpies, el sistema electoral	transcripcions/pa-056.txt	ASR; pendent d'audicio
territorial	parròquia	pa-056	1	l dir una cosa, si mireu els resultats del dia 14 de febrer, veureu que ordino és el lloc, la parròquia, on passa la Constitució per menys percentatge. Si els quatre que estàvem aquí en aquell mom	transcripcions/pa-056.txt	ASR; pendent d'audicio
discurs	a nivell	pa-057	1	ir. Segur que alguns ho havien pogut deixar a quatre, segur que els altres volien els quatre a nivell nacional i la conciliació de mitat a mitat va ser un compromís que tothom seria una mica i t	transcripcions/pa-057.txt	ASR; pendent d'audicio
discurs	a nivell	pa-057	2	si fem endorra la vella, doncs la representació proporcional s'hi dona molt més representació a nivell d'escons que si fem ordino o canilla d'aquella època. Llavors aquí, els dos extrems eren difí	transcripcions/pa-057.txt	ASR; pendent d'audicio
discurs	a nivell	pa-057	3	erquè estàvem una mica ben connectats a la nivell de sindicatura, a la nivell de comissions i a nivell de govern. També, de la mateixa manera, a nivell de govern. Teníem una informació de primera	transcripcions/pa-057.txt	ASR; pendent d'audicio
discurs	a veure	pa-057	1	l mateix, de que no arribéssim a bloquejar-nos tots plegats i que no poguéssim avançar, està a veure la majoria molt preocupada pel fet aquest. És a dir, aquest fet era un fet que va marcar tot	transcripcions/pa-057.txt	ASR; pendent d'audicio
discurs	bueno	pa-057	1	t d'esorra, difícilment es ve es pot fer. Si no només és un tema d'amèrit dels 28 o dels... bueno, tots els 15 escons tenen la foto del consell d'aquell moment, el govern va participar menys,	transcripcions/pa-057.txt	ASR; pendent d'audicio
discurs	bé	pa-057	1	m el sentiment i el començament, i, com més en parlàvem, més ho veiem, d'aquell sistema està bé una mica amb la capacitat d'una solució. Els problemes que n'havia generat en la pròpia socie	transcripcions/pa-057.txt	ASR; pendent d'audicio
discurs	bé	pa-057	2	ixò va permetre de fer tota aquesta tasca, que després el temps ha acabat demostrant que està bé relativament ben teta i necessària, perquè quan ho fas tothom té dubtes. Quan es feia tot ai	transcripcions/pa-057.txt	ASR; pendent d'audicio
discurs	bé	pa-057	3	torial de passar a ser 50, el compromís va ser 50 i 50, i ha aguantat 30 anys, que està molt bé també està previst el sistema, que segurament una possible evolució és que Podem si ficar mé	transcripcions/pa-057.txt	ASR; pendent d'audicio
discurs	clar	pa-057	1	ssors tècnics pel tema del sistema electoral, que ara se'n parla, que si és poc proporcional clar aquell moment hi va haver un compromís, que era 100% territorial de passar a ser 50, el compr	transcripcions/pa-057.txt	ASR; pendent d'audicio
discurs	de fet	pa-057	1	"portant en relació a l'Oquiví, però no suficient. Llavors, els quins estaven una mica més... De fet, l'avançava una mica més, era en minoria, i van dir-hi ""en buscar una solució que no sigui la"	transcripcions/pa-057.txt	ASR; pendent d'audicio
discurs	diguem	pa-057	1	ó obligatòria. Es volia fer que no fos una filiació obligatòria, però que no sigués un club, diguem-ho així, La llei, el gran repte que teníem era que no sigui un club, que sigui representativa	transcripcions/pa-057.txt	ASR; pendent d'audicio
discurs	doncs	pa-057	1	un tema important, els que ens treballaven més directament, el tema purament constitucional, doncs eren la permanent i la constituent, els demés feien les altres tasques que també eren importa	transcripcions/pa-057.txt	ASR; pendent d'audicio
discurs	doncs	pa-057	2	revist el sistema, que segurament una possible evolució és que Podem si ficar més consellers, doncs sí que set mes i podríem dir que siguin nationals, el que canviaria una mica la proporció nac	transcripcions/pa-057.txt	ASR; pendent d'audicio
discurs	doncs	pa-057	3	a mateixa representació. Ara, quan agafava els extrems del sistema, si fem endorra la vella, doncs la representació proporcional s'hi dona molt més representació a nivell d'escons que si fem or	transcripcions/pa-057.txt	ASR; pendent d'audicio
discurs	llavors	pa-057	1	pas a unes eleccions que em portarien a un altre. I amb un cert canvi de color, etcètera. I llavors això planava molt sobre... sense que es digués molt, però tothom tenia por que no passés el m	transcripcions/pa-057.txt	ASR; pendent d'audicio
discurs	llavors	pa-057	2	no véssim a poder disposar de judicis directes, de gent molt compromesa que ens va ajudar. I, llavors, cadascú va participar una mica amb els temes que per tocarven la seva emoció, o els 15 tenia	transcripcions/pa-057.txt	ASR; pendent d'audicio
discurs	llavors	pa-057	3	l tenia dificultats amb resoldre. en resoltre mixarament, adequadament, de manera adequada. Llavors aquestes lleis van ser totes necessàries per poder fer el canvi. Jo he dit aquestes però enca	transcripcions/pa-057.txt	ASR; pendent d'audicio
discurs	no?	pa-057	1	d'anar al mar una vola aquesta, aquesta no, aquesta no, i l'últim moment d'un, aquesta també, no? I així anaven passant, anaven passant els consensos per a les regis fonamentals que es van a	transcripcions/pa-057.txt	ASR; pendent d'audicio
discurs	no?	pa-057	2	tothom seria una mica i tothom hi guanyava una mica, depèn d'aquí en què tots volgués mirar, no? En camp estàvem en un poder poc afectat perquè confiem simulacions de números Però aquí és q	transcripcions/pa-057.txt	ASR; pendent d'audicio
discurs	no?	pa-057	3	"nci. I això és que em diuen una mica el tabú de les coses. ""Jo vinc de mano i et portes bé"", no? o res, per fer aquesta activitat en d'or necessita complicats requisits. Aquest requisits, u"	transcripcions/pa-057.txt	ASR; pendent d'audicio
discurs	o sigui	pa-057	1	vern. Va ser moltes normes amb molt poc temps, perquè tot això es va fer el tom de 18 mesos, o sigui. Llavors, la gran sort que hi va haver és això. Hi va haver uns nivells de confiança grans e	transcripcions/pa-057.txt	ASR; pendent d'audicio
discurs	perquè	pa-057	1	no hi veus un caos, i que no hi veus un desgovern. Va ser moltes normes amb molt poc temps, perquè tot això es va fer el tom de 18 mesos, o sigui. Llavors, la gran sort que hi va haver és això	transcripcions/pa-057.txt	ASR; pendent d'audicio
discurs	perquè	pa-057	2	a, que després el temps ha acabat demostrant que està bé relativament ben teta i necessària, perquè quan ho fas tothom té dubtes. Quan es feia tot això ningú tenia la garantia 100% que això est	transcripcions/pa-057.txt	ASR; pendent d'audicio
discurs	perquè	pa-057	3	ional, i amb això es va donar, en vista de la situació en què veníem, un compromís important perquè tothom hi trobés la possibilitat de poder-hi concidir. Segur que alguns ho havien pogut deixa	transcripcions/pa-057.txt	ASR; pendent d'audicio
discurs	és a dir	pa-057	1	plegats i que no poguéssim avançar, està a veure la majoria molt preocupada pel fet aquest. És a dir, aquest fet era un fet que va marcar tot el procés constituent, el fet de que l'entrarió a l'	transcripcions/pa-057.txt	ASR; pendent d'audicio
territorial	Ordino	pa-057	1	cs la representació proporcional s'hi dona molt més representació a nivell d'escons que si fem ordino o canilla d'aquella època. Llavors aquí, els dos extrems eren difícils, els quins tenia 4 i q	transcripcions/pa-057.txt	ASR; pendent d'audicio
territorial	andorrana	pa-057	1	ica amb la capacitat d'una solució. Els problemes que n'havia generat en la pròpia societat d'Andorrana, el creixement de la pròpia societat d'Andorrana, generaven situacions que el sistema instit	transcripcions/pa-057.txt	ASR; pendent d'audicio
territorial	andorrana	pa-057	2	que n'havia generat en la pròpia societat d'Andorrana, el creixement de la pròpia societat d'Andorrana, generaven situacions que el sistema institucional tenia dificultats amb resoldre. en resol	transcripcions/pa-057.txt	ASR; pendent d'audicio
territorial	comuns	pa-057	1	va a la Constitució, i l'anterior penso que va ser una cosa de molta més gent. Els cons, els comuns, totes les institucions d'Andorra, si no hagués sigut una cosa que molta gent n'entenia que e	transcripcions/pa-057.txt	ASR; pendent d'audicio
discurs	a nivell	pa-058	1	nàvem a eleccions, després, encara que algú volgués plantejar una modificació, quan se vol, a nivell de programa polític, sabia que el seu recurs era mínim, perquè a la que algú li fes un recur	transcripcions/pa-058.txt	ASR; pendent d'audicio
discurs	a nivell	pa-058	2	per haver estat aquí formats a l'escola francesa, altres que havien estat formats a Espanya a nivell d'ensenyament superior i que havien anat aquí a l'escola espanyola, i hi havia diversitat.	transcripcions/pa-058.txt	ASR; pendent d'audicio
discurs	a nivell	pa-058	3	la, i hi havia diversitat. L'únic que sí que ens unia a tots més o menys era un criteri que a nivell d'Andorra tots volíem que el nostre país, el que comentava anteriorment, tingués un reconei	transcripcions/pa-058.txt	ASR; pendent d'audicio
discurs	a veure	pa-058	1	ho diuen obertament, però ho feien per darrere, van intentar, de totes maneres, van oferçar a veure si, fins a l'última hora, Algú, i des de fora alguns els encorxaven a fer-ho, a veure si nosa	transcripcions/pa-058.txt	ASR; pendent d'audicio
discurs	a veure	pa-058	2	oferçar a veure si, fins a l'última hora, Algú, i des de fora alguns els encorxaven a fer-ho, a veure si nosaltres ens carregàvem la pròpia negociació de la Constitució, i va haver-hi dies previs	transcripcions/pa-058.txt	ASR; pendent d'audicio
discurs	a veure	pa-058	3	"que el plantejament va ser molt més amb un objectiu de ser pragmàtics i de dir, ""Bueno, anem a veure si ens hem sortit"", perquè no gaire és oportunitats més que aquesta tindre. I en aquell mome"	transcripcions/pa-058.txt	ASR; pendent d'audicio
discurs	bueno	pa-058	1	nçut que ens calgui una reforma del nivell i de l'importància d'una Constitució. I a Montes, bueno, es busquen allà a fer sis propostes, que es posen a referèndum, algunes d'elles tenien algu	transcripcions/pa-058.txt	ASR; pendent d'audicio
discurs	bueno	pa-058	2	e algú li fes un recurs, allò que ell havia, es havia compromès davant dels electors, doncs, bueno, quedaria en paper mullat, perquè no podria estar ni efectiu ni res, perquè quedaria ahir en	transcripcions/pa-058.txt	ASR; pendent d'audicio
discurs	bueno	pa-058	3	quedaria ahir en un propi calaix. Bé, dintre de l'UCPA, quan es va formar, hi havia, doncs, bueno, una joventut que ideològicament no veníem tots del mateix punt, perquè veníem alguns que ve	transcripcions/pa-058.txt	ASR; pendent d'audicio
discurs	bé	pa-058	1	mullat, perquè no podria estar ni efectiu ni res, perquè quedaria ahir en un propi calaix. Bé, dintre de l'UCPA, quan es va formar, hi havia, doncs, bueno, una joventut que ideològicamen	transcripcions/pa-058.txt	ASR; pendent d'audicio
discurs	bé	pa-058	2	tema de la nacionalitat endorrana, que havia estat molt tancat, hi havia el tema de que està bé privat fer-hi manifestacions, de que moltes vegades quan un és jove i pretén que teniu unes	transcripcions/pa-058.txt	ASR; pendent d'audicio
discurs	bé	pa-058	3	"s i enriquidors i moltes idees. I, bueno, al final, alguns van dir... ""Escolta, aquí... molt bé discutir, però..."" I avançar, però, per el que necessitem, és que es creï una candidatura i"	transcripcions/pa-058.txt	ASR; pendent d'audicio
discurs	clar	pa-058	1	o quan se vol acció d'aquestes, i aquests recursos en queixa tenien els delegats permanents. Clar, què passava, de que els delegats permanents tenien aquest poder, que era el poder legislatiu	transcripcions/pa-058.txt	ASR; pendent d'audicio
discurs	clar	pa-058	2	"via dit coses molt grosses, i li dius ""escolta, home, perquè tu ho regona, mira, què tal"". I clar, el fet és que hi ha el polític que és polític per ideals. I aquest és el polític que va a bu"	transcripcions/pa-058.txt	ASR; pendent d'audicio
discurs	clar	pa-058	3	i que, al final, vam negociar un text que jo crec que és un bon text constitucional. Bueno, clar, aquí, segur que si preguntes, cadascú deu tenir la seva pròpia opinió. Bueno, jo, sense fal	transcripcions/pa-058.txt	ASR; pendent d'audicio
discurs	diguem	pa-058	1	r tacadoli. I hi havia gent que no era molt pròxima a nosaltres, que se'ns va anar apropant, diguem, però vosaltres realment voleu fer això, és que vosaltres, i després, al propi ambient del	transcripcions/pa-058.txt	ASR; pendent d'audicio
discurs	diguem	pa-058	2	van acabar sent responsables polítics treballant amb la Constitució, fent la servir, i tots diguem, personalment m'ho han dit a mi tots, que gràcies a Déu que vull dir a la trinca. Ens havíem	transcripcions/pa-058.txt	ASR; pendent d'audicio
discurs	doncs	pa-058	1	a la que algú li fes un recurs, allò que ell havia, es havia compromès davant dels electors, doncs, bueno, quedaria en paper mullat, perquè no podria estar ni efectiu ni res, perquè quedaria	transcripcions/pa-058.txt	ASR; pendent d'audicio
discurs	doncs	pa-058	2	perquè quedaria ahir en un propi calaix. Bé, dintre de l'UCPA, quan es va formar, hi havia, doncs, bueno, una joventut que ideològicament no veníem tots del mateix punt, perquè veníem alguns	transcripcions/pa-058.txt	ASR; pendent d'audicio
discurs	doncs	pa-058	3	guéssim decidir nosaltres del propi futur que desitjarem pel nostre país. I quan un és jove, doncs, bueno, Tens sempre la il·lusió i l'intensió de que vos, un país model i que amb molts aspec	transcripcions/pa-058.txt	ASR; pendent d'audicio
discurs	llavors	pa-058	1	tra cosa, i el que no vol és trencar gaire ous perquè, si no, li segueixen molt els rastre. Llavors, com més desapercebut passa, millor, quan va passar el problema de que, a través de que hi v	transcripcions/pa-058.txt	ASR; pendent d'audicio
discurs	llavors	pa-058	2	"ixò, la millor després l'estat tindrà aquesta responsabilitat que no la podríem assumir"". I llavors havíem de buscar que la paraula quedés una miqueta més diluïda dintre del plantejament perqu"	transcripcions/pa-058.txt	ASR; pendent d'audicio
discurs	no?	pa-058	1	res. Doncs, clar, ja hem arribat fins aquí, hi ha tot. I si això no ho vol acceptar, per què no? Doncs, bueno, després ja s'hi ha quedat tothom. Jo crec que hem de ser, no hem de ser il·lus	transcripcions/pa-058.txt	ASR; pendent d'audicio
discurs	perquè	pa-058	1	emocràcia que ens poguéssim autogestionar internament, però això era una il·lusió irrisòria, perquè no podíem acabar mai de decidir que una cosa que nosaltres al poble endorrà havia decidit sob	transcripcions/pa-058.txt	ASR; pendent d'audicio
discurs	perquè	pa-058	2	cabar mai de decidir que una cosa que nosaltres al poble endorrà havia decidit sobiranament, perquè a la seva majoria del Consell General volia que això es fes d'aquesta manera, un recurs enqu	transcripcions/pa-058.txt	ASR; pendent d'audicio
discurs	perquè	pa-058	3	tir en el món polític, i no sols en el món polític, sinó també en la ciutadania en general, perquè tothom era conscient que era com si n'essin acabant els objectius de les nostres institucion	transcripcions/pa-058.txt	ASR; pendent d'audicio
discurs	vull dir	pa-058	1	ó, fent la servir, i tots diguem, personalment m'ho han dit a mi tots, que gràcies a Déu que vull dir a la trinca. Ens havíem sentit dir que nosaltres anàvem que érem uns revolucionaris, que no	transcripcions/pa-058.txt	ASR; pendent d'audicio
discurs	és a dir	pa-058	1	estar subjectes a recursos i podien estar en un calar ja anys sense que entressin en vigor. És a dir, que nosaltres podíem dins que volíem ser com un Parlament a través del Consell General amb	transcripcions/pa-058.txt	ASR; pendent d'audicio
discurs	és a dir	pa-058	2	"cap de casa de la Casa de la Vall. Aquell moment és un... Aquell moment és un inici com tot. És a dir, tu tens els objectius a la teva vida de dir ""Jo voldria fer realitat això"". I un dia, per c"	transcripcions/pa-058.txt	ASR; pendent d'audicio
discurs	és a dir	pa-058	3	plantejament que Andorra pogués tenir un estatus internacional reconegut com un estat més. És a dir, que hi havia diverses lectures i diversos criteris, i la mitra tenia el plantejament de tot	transcripcions/pa-058.txt	ASR; pendent d'audicio
territorial	Canillo	pa-058	1	l canvi institucional. I en la primera, doncs, bueno, vam tenir la sort de tenir persones de canillo, que van creure amb nosaltres, amb el nostre objectiu, i que, bueno, a través de la sindicat	transcripcions/pa-058.txt	ASR; pendent d'audicio
territorial	Escaldes	pa-058	1	que havien d'evolucionar cap a una altra modernitat. I això va fer una sèrie de persones i escaldes era un poble molt actiu i molt viu, a nivell de política, a nivell de comerç, a nivell d'host	transcripcions/pa-058.txt	ASR; pendent d'audicio
territorial	Escaldes	pa-058	2	amb idees, amb plantejaments... I d'aquí van sortir a l'època aquella, quan estàvem en algun escaldes, caldea, el festival de jazz... Moltes coses que després, algunes d'elles reprenen ara, d'a	transcripcions/pa-058.txt	ASR; pendent d'audicio
territorial	Escaldes	pa-058	3	eníem la mateixa voluntat de canvi, alguns vista d'una manera molt més forta, diria jo, des d'escaldes, altres d'una manera una miqueta molt més pragmàtica des d'endorra la veia, però, bueno, tam	transcripcions/pa-058.txt	ASR; pendent d'audicio
territorial	Sant Julià	pa-058	1	n anar a buscar. Jo vaig assumir d'anar de candidat a síndic, sapiguent que perdia, i els de Sant Julià de l'Òrea, molts dels quals ja no hi són per poder-ho explicar, Doncs, bueno, em van dir a m	transcripcions/pa-058.txt	ASR; pendent d'audicio
territorial	comuns	pa-058	1	e l'època. Dic, jo no portaré, en cap cas, la dimissió del Jaume, que anem amb uns objectius comuns, perquè vosaltres em feu a mi síndic, eh? vosaltres feu... doncs serà síndic a l'Albert de l	transcripcions/pa-058.txt	ASR; pendent d'audicio
territorial	comú	pa-058	1	les etapes polítiques que he fet, i trobat aquí companys extraordinaris, en el consell, en el comú. I, bueno, quan té il·lusions per projectes, cada projecte té la seva importància. Però, si	transcripcions/pa-058.txt	ASR; pendent d'audicio
territorial	copríncep	pa-058	1	uesta Constitució no pugui posar més en entre dit el que és la figura i la representació del copríncep francès com a tal, i a partir d'aquest moment, per el que fa referència al copríncep episcov	transcripcions/pa-058.txt	ASR; pendent d'audicio
territorial	copríncep	pa-058	2	ció del copríncep francès com a tal, i a partir d'aquest moment, per el que fa referència al copríncep episcoval, jo crec que va quedar embotit en la seva pròpia plantegem-ho d'aquesta manera. En	transcripcions/pa-058.txt	ASR; pendent d'audicio
territorial	copríncep	pa-058	3	negociació de cada una de les nostres de les parts. I aquí hi havia, doncs, la delegació del copríncep francès, del copríncep episcopal i la del Consell General. I per part dels coprínceptes es v	transcripcions/pa-058.txt	ASR; pendent d'audicio
territorial	coprínceps	pa-058	1	i vam demanar aquí de fer una demanda oficial d'obertura del procés constituïent als propis coprínceps a través d'un procés d'una taula tripartita amb una negociació de cada una de les nostres de	transcripcions/pa-058.txt	ASR; pendent d'audicio
territorial	coprínceps	pa-058	2	que ell la va assumir, com a tal, i veia, a través de les converses que podia tenir amb els coprínceps, amb els serveis dels coprínceps d'un costat i de l'altre, de que la cosa anàvem sèrio i de	transcripcions/pa-058.txt	ASR; pendent d'audicio
territorial	coprínceps	pa-058	3	, i veia, a través de les converses que podia tenir amb els coprínceps, amb els serveis dels coprínceps d'un costat i de l'altre, de que la cosa anàvem sèrio i de que molta part dels que li havien	transcripcions/pa-058.txt	ASR; pendent d'audicio
territorial	parròquia	pa-058	1	quell moment d'uns joves que teníem una idea de fer evolucionar primer el poble amb tant que parròquia i després canviar el concepte de país amb tant que millorar les institucions del país. Vam a	transcripcions/pa-058.txt	ASR; pendent d'audicio
territorial	parròquia	pa-058	2	tre del plantejament de la segona fase, que van ser uns altres els que van venir a manar a la parròquia d'en camp, que estaven molt més overts per al tema del canvi institucional. I en la primera,	transcripcions/pa-058.txt	ASR; pendent d'audicio
territorial	parròquia	pa-058	3	allí sobre un plantejament que segur que s'havien fet ells sols. Després, Escaldes va ser la parròquia on es va votar el major percentatge de sis del referèndum. I era per què? Perquè la gent s'	transcripcions/pa-058.txt	ASR; pendent d'audicio
discurs	a nivell	pa-059	1	at política bastant important aquesta autoliquidació. Jo penso que totes les parts implicades a nivell de totes les parròquies, jo penso que la gent sabia el per què ja anàvem a fer. Evidentment,	transcripcions/pa-059.txt	ASR; pendent d'audicio
discurs	a nivell	pa-059	2	ep tingués un dret de veto ni absolutament res. I això vam tenir que afluixar a tot arreu, i a nivell del consell també es va tenir que afluixar. Amb aquell moment es funcionava per parròquies.	transcripcions/pa-059.txt	ASR; pendent d'audicio
discurs	a nivell	pa-059	3	. Nosaltres érem conscients que endorre la veia i escaldes és els quins teníem més potencial a nivell electoral, i moltes vegades trobaries paralitzar-hi per d'altres interessos que nosaltres, e	transcripcions/pa-059.txt	ASR; pendent d'audicio
discurs	bueno	pa-059	1	e el que era la part endorra la veia i escaldes eren potser els més progressistes, perquè... bueno, tothom ens deia que anàiem cap a una proporcional nacional. Els altres, la gent era conscien	transcripcions/pa-059.txt	ASR; pendent d'audicio
discurs	bueno	pa-059	2	b acords. Vull dir, ara es fiquem discussions a algunes coses, per què vau fer això i no... Bueno, és una negociació, a vegades, el malament no és això. I després, amb el temps, ja pots arreg	transcripcions/pa-059.txt	ASR; pendent d'audicio
discurs	bueno	pa-059	3	t Julià, el de jo. I nosaltres amb aquella comissió vam treballar molt, molt, molt, molt. I, bueno, doncs, tenim que fer feina i la vam fer. El que passa és que després ens vam donar compte qu	transcripcions/pa-059.txt	ASR; pendent d'audicio
discurs	bé	pa-059	1	a dir de qui no sortireu fins que no us ho hagi infligat d'acord. A partir d'aquí va començar bé la paraula d'emissió, d'emissió, d'emissió. I tot va anar, es va encarregar, amb una mateixa	transcripcions/pa-059.txt	ASR; pendent d'audicio
discurs	bé	pa-059	2	mica del que és Parlament i Senat tot el mateix temps, i penso que això ho vam lograr bastant bé, perquè tampoc es pot trencar les coses. Jo penso que era important la nostra unanimitat, V	transcripcions/pa-059.txt	ASR; pendent d'audicio
discurs	bé	pa-059	3	i fills d'aquesta gent han sigut cap de governs i el que vulgui, però vull dir, entenc molt bé que la gent, de la mateixa manera que nosaltres teníem clar que volíem una constitució, ente	transcripcions/pa-059.txt	ASR; pendent d'audicio
discurs	clar	pa-059	1	ho teníem claríssim. Nosaltres el fet de ser els primers o no els primers, nosaltres teníem clar que havíem de fer el pas. Havíem de fer el pas, havíem de ser políticament majors d'edat per	transcripcions/pa-059.txt	ASR; pendent d'audicio
discurs	clar	pa-059	2	sions, com per poder tirar endavant amb tot el que era la justícia, l'immigració. Teníem ben clar que no volíem que ens continuessin dictant coses tan importants com era l'immigració i la jus	transcripcions/pa-059.txt	ASR; pendent d'audicio
discurs	clar	pa-059	3	vulgui, però vull dir, entenc molt bé que la gent, de la mateixa manera que nosaltres teníem clar que volíem una constitució, entenc que d'altra gent, dubtint amb la constitució, està passan	transcripcions/pa-059.txt	ASR; pendent d'audicio
discurs	doncs	pa-059	1	ient i realista de el que fèiem, conscient, i amb ganes de tirar endavant, sapiguent que... Doncs es arriba amb un compromís, i ja està. I nosaltres érem el consell i a costat hi havia la fam	transcripcions/pa-059.txt	ASR; pendent d'audicio
discurs	doncs	pa-059	2	compromís, i ja està. I nosaltres érem el consell i a costat hi havia la famosa tripartita, doncs dels dos costats, sigui de la Mitra, sigui del costat francès, ells sabien per on anaven. I	transcripcions/pa-059.txt	ASR; pendent d'audicio
discurs	doncs	pa-059	3	Però també hi havia gent que, d'una manera molt democràtica, ja està en contra i perfecte. Doncs a partir d'aquí, sempre hi ha aquest dubte de sapiguer, és que el que nosaltres hem pogut sen	transcripcions/pa-059.txt	ASR; pendent d'audicio
discurs	evidentment	pa-059	1	des a nivell de totes les parròquies, jo penso que la gent sabia el per què ja anàvem a fer. Evidentment, amb coses diferents, perquè penso que el que era la part endorra la veia i escaldes eren pot	transcripcions/pa-059.txt	ASR; pendent d'audicio
discurs	evidentment	pa-059	2	it on hi ha ple de gent, és el que hi perd. És a dir, que sempre hi ha aquesta incognita, i evidentment que teníem nosaltres sí que ho havíem, però el que n'havia de decidir era el poble. Hi havia	transcripcions/pa-059.txt	ASR; pendent d'audicio
discurs	evidentment	pa-059	3	e va ser una reunió on les reunions de poble escaldès van ser molt fortes. Molt fortes, clar, evidentment. I nosaltres no estallem aquí per matar els copríncepts, vull dir. Teníem clar que un coprín	transcripcions/pa-059.txt	ASR; pendent d'audicio
discurs	llavors	pa-059	1	afluixar. Amb aquell moment es funcionava per parròquies. la política era molt perroquial. Llavors, algunes perroquies bloquejarem completament el comú. Nosaltres érem conscients que endorre l	transcripcions/pa-059.txt	ASR; pendent d'audicio
discurs	llavors	pa-059	2	dir, els meus companys del Parlament, que mentre nosaltres treballàvem ells feien política. Llavors, els homes feien política, feien les coses importants i nosaltres feien el treball. I a mi ai	transcripcions/pa-059.txt	ASR; pendent d'audicio
discurs	o sigui	pa-059	1	s sabien per on anaven. I nosaltres no ens quedà hi ha altre remei que anar a l'una, perquè, o sigui, no haguéssim pogut fer el que es va fer, penso jo. La cosa no va ser fàcil. Vull dir, nosal	transcripcions/pa-059.txt	ASR; pendent d'audicio
discurs	per tant	pa-059	1	poble. Hi havia aquest dubte, sempre hi havia aquesta possibilitat, jo diria més que dubte. Per tant, nosaltres sabíem que tot una part... No vull dir més dels tradicionalistes, però hi havia t	transcripcions/pa-059.txt	ASR; pendent d'audicio
discurs	perquè	pa-059	1	La Constitució Però hi vam anar molta il·lusió, perquè la Constitució, nosaltres, realment, és el que ens interessa. I, a més, l'UCPA era unió dels	transcripcions/pa-059.txt	ASR; pendent d'audicio
discurs	perquè	pa-059	2	l, era una Constitució per en Dorre. que és així, el que passa és que això ho havíem amagat. Perquè d'escaldes va sortir molt aquest... l'impuls per la Constitució, ho teníem claríssim. Nosalt	transcripcions/pa-059.txt	ASR; pendent d'audicio
discurs	perquè	pa-059	3	es, jo penso que la gent sabia el per què ja anàvem a fer. Evidentment, amb coses diferents, perquè penso que el que era la part endorra la veia i escaldes eren potser els més progressistes, pe	transcripcions/pa-059.txt	ASR; pendent d'audicio
discurs	vull dir	pa-059	1	perquè, o sigui, no haguéssim pogut fer el que es va fer, penso jo. La cosa no va ser fàcil. Vull dir, nosaltres entraiem amb una proporcional nacional. D'aquí la proporcional nacional vam afluix	transcripcions/pa-059.txt	ASR; pendent d'audicio
discurs	vull dir	pa-059	2	ò amb el copríncepte biscoval sí que hi va haver moments tensos. I es va arribar amb acords. Vull dir, ara es fiquem discussions a algunes coses, per què vau fer això i no... Bueno, és una negoc	transcripcions/pa-059.txt	ASR; pendent d'audicio
discurs	vull dir	pa-059	3	sta possibilitat, jo diria més que dubte. Per tant, nosaltres sabíem que tot una part... No vull dir més dels tradicionalistes, però hi havia tota una sèrie de gent que tenia molta por. Després	transcripcions/pa-059.txt	ASR; pendent d'audicio
discurs	és a dir	pa-059	1	molta gent, i el dia de la votació, aquest partit on hi ha ple de gent, és el que hi perd. És a dir, que sempre hi ha aquesta incognita, i evidentment que teníem nosaltres sí que ho havíem, pe	transcripcions/pa-059.txt	ASR; pendent d'audicio
territorial	Escaldes	pa-059	1	a Constitució per en Dorre. que és així, el que passa és que això ho havíem amagat. Perquè d'escaldes va sortir molt aquest... l'impuls per la Constitució, ho teníem claríssim. Nosaltres el fet	transcripcions/pa-059.txt	ASR; pendent d'audicio
territorial	Escaldes	pa-059	2	fer. Evidentment, amb coses diferents, perquè penso que el que era la part endorra la veia i escaldes eren potser els més progressistes, perquè... bueno, tothom ens deia que anàiem cap a una pro	transcripcions/pa-059.txt	ASR; pendent d'audicio
territorial	Escaldes	pa-059	3	perroquies bloquejarem completament el comú. Nosaltres érem conscients que endorre la veia i escaldes és els quins teníem més potencial a nivell electoral, i moltes vegades trobaries paralitzar-	transcripcions/pa-059.txt	ASR; pendent d'audicio
territorial	Sant Julià	pa-059	1	Mari, i era jo. I després quedava el Daniel Armengol, hi havia el Robert Casany i el Joan de Sant Julià, el de jo. I nosaltres amb aquella comissió vam treballar molt, molt, molt, molt. I, bueno,	transcripcions/pa-059.txt	ASR; pendent d'audicio
territorial	comú	pa-059	1	es. la política era molt perroquial. Llavors, algunes perroquies bloquejarem completament el comú. Nosaltres érem conscients que endorre la veia i escaldes és els quins teníem més potencial	transcripcions/pa-059.txt	ASR; pendent d'audicio
territorial	copríncep	pa-059	1	altre costat, ens deiem un dret de veto. I nosaltres teníem claríssims que no volíem que cap copríncep tingués un dret de veto per qualsevol de les coses. Doncs aquí es va fer una estira i es ron	transcripcions/pa-059.txt	ASR; pendent d'audicio
discurs	a nivell	pa-060	1	l llei. I vull dir, les votacions van ser complicades sempre. Hi havia un ambient molt tens, a nivell de consell, per no disfrutar. És a dir, que el que vam disfrutar molt va ser que hi va haver	transcripcions/pa-060.txt	ASR; pendent d'audicio
discurs	a nivell	pa-060	2	i el riu hauria d'anar agafant els metros, a més haurà que anar bé creixent. I després també a nivell d'agricultura vam disfrutar molt, perquè, vull dir, van lluita molt per el que era la dalla d	transcripcions/pa-060.txt	ASR; pendent d'audicio
discurs	a nivell	pa-060	3	a se l'havia d'ajudar en tots els aspectes, que també hi van participar molt, i després això a nivell d'agricultura. I després a serveis públics, La comissió de serveis públics vam col·laborar m	transcripcions/pa-060.txt	ASR; pendent d'audicio
discurs	a veure	pa-060	1	t la paròquia de Sant Juliàven, sembla que és la que va ser més castigada en aquest aspecte. A veure, les eleccions del 92... us diré que potser van ser més fàcils que les primeres, perquè les	transcripcions/pa-060.txt	ASR; pendent d'audicio
discurs	a veure	pa-060	2	algun punt que no estaves d'acord. Vull dir que es va aportar de com ho acorren, entre tots. A veure, jo estava a la comissió de serveis públics i a la comissió d'agricultura. I després també h	transcripcions/pa-060.txt	ASR; pendent d'audicio
discurs	a veure	pa-060	3	a dalla dels parats, per mi, era importantíssim. Vull dir, el que no podia veure, passar per a veure els que... Vull dir, sempre he tingut el cap, sovissa, I en Dorre havíem de ser la Suïssa de	transcripcions/pa-060.txt	ASR; pendent d'audicio
discurs	aleshores	pa-060	1	firmar cap document. que et documenti encara i deu suposo que en algun lloc el trobareu, eh? Aleshores, perdó, per continuar, aleshores, bueno, es va disoldre, vam canviar, vam posar de síndic el	transcripcions/pa-060.txt	ASR; pendent d'audicio
discurs	aleshores	pa-060	2	enti encara i deu suposo que en algun lloc el trobareu, eh? Aleshores, perdó, per continuar, aleshores, bueno, es va disoldre, vam canviar, vam posar de síndic el senyor Llerge Levert, i aleshore	transcripcions/pa-060.txt	ASR; pendent d'audicio
discurs	aleshores	pa-060	3	leshores, bueno, es va disoldre, vam canviar, vam posar de síndic el senyor Llerge Levert, i aleshores, quan hi va haver tot el batibull i tot això, i és quan el consell va plegar. Si m'està mira	transcripcions/pa-060.txt	ASR; pendent d'audicio
discurs	bueno	pa-060	1	i deu suposo que en algun lloc el trobareu, eh? Aleshores, perdó, per continuar, aleshores, bueno, es va disoldre, vam canviar, vam posar de síndic el senyor Llerge Levert, i aleshores, quan	transcripcions/pa-060.txt	ASR; pendent d'audicio
discurs	bueno	pa-060	2	uen, a fora del consell, només a les comissions, ja hi havia uns debats extraordinaris, però, bueno... Tot escalme, la vida. I amb tots els companys, tant de la primera legislatura com de la	transcripcions/pa-060.txt	ASR; pendent d'audicio
discurs	bueno	pa-060	3	veritat, però éssers concils hi arrenquessin un cuixal, perquè perdien dos consellers, però bueno, perdien dos consellers a la Territoria, però a la Nacional no puguem guanyar 4 o 5. Va cos	transcripcions/pa-060.txt	ASR; pendent d'audicio
discurs	bé	pa-060	1	omber que prenien les mides, i el riu hauria d'anar agafant els metros, a més haurà que anar bé creixent. I després també a nivell d'agricultura vam disfrutar molt, perquè, vull dir, van l	transcripcions/pa-060.txt	ASR; pendent d'audicio
discurs	de fet	pa-060	1	lt importants. Efectivament va ser dos legislatures, dos legislatures que van ocupar 4 anys, de fet, i amb 4 anys van viure 4 síndics. van viure el cíndic Vial, que per qüestions de salut, el	transcripcions/pa-060.txt	ASR; pendent d'audicio
discurs	de fet	pa-060	2	s com estaven sentats a l'èpoc per parroques, després es va acabar. Amb la constitució del 2 de fet, bueno, quan al final del 93, doncs la gent estaven sentats per grups. Però era molt maco.	transcripcions/pa-060.txt	ASR; pendent d'audicio
discurs	diguem	pa-060	1	vam crear, crec que l'hem 84, 82%, i, llavors, vull dir, no hi havia ministra de l'interior. Diguem el qui m'anava a la policia i no els vegués. I amb el procés constituent i tot això, i amb l	transcripcions/pa-060.txt	ASR; pendent d'audicio
discurs	doncs	pa-060	1	stància macta que es va fer amb aquell consell va ser meva. Que si en aquell dia no plegàvem, doncs presentàvem, vull dir, que es disolgués el consell. Aquesta constància macta, vull dir, figu	transcripcions/pa-060.txt	ASR; pendent d'audicio
discurs	doncs	pa-060	2	roques, després es va acabar. Amb la constitució del 2 de fet, bueno, quan al final del 93, doncs la gent estaven sentats per grups. Però era molt maco. Jo considero que era molt maco anar s	transcripcions/pa-060.txt	ASR; pendent d'audicio
discurs	llavors	pa-060	1	depenia dels veguers. Com que no depenia del govern el vam crear, crec que l'hem 84, 82%, i, llavors, vull dir, no hi havia ministra de l'interior. Diguem el qui m'anava a la policia i no els ve	transcripcions/pa-060.txt	ASR; pendent d'audicio
discurs	perquè	pa-060	1	ue feien part de la Junta Constitucional, van tenir molta feina i lluita en aquells moments, perquè els coprínsecs i sobretot els representants perdien coses a detriment del poble en darrere.	transcripcions/pa-060.txt	ASR; pendent d'audicio
discurs	perquè	pa-060	2	a, que ara van filmar pràcticament tots els que ens la van fer caure. Menos ho haig d'hi dir perquè... Vull dir, com que no s'enfiaven gaire, els van fer firmar tots. Menos un gran company de.	transcripcions/pa-060.txt	ASR; pendent d'audicio
discurs	perquè	pa-060	3	e. A veure, les eleccions del 92... us diré que potser van ser més fàcils que les primeres, perquè les primeres va costar molt entrar. I a les del 92, el poble el va ser un ple visit electora	transcripcions/pa-060.txt	ASR; pendent d'audicio
discurs	vull dir	pa-060	1	mer, quan es feien les reunions amb els copríncepts, amb els representants dels copríncepts. Vull dir, els que feien part de la Junta Constitucional, van tenir molta feina i lluita en aquells mom	transcripcions/pa-060.txt	ASR; pendent d'audicio
discurs	vull dir	pa-060	2	els veguers. Com que no depenia del govern el vam crear, crec que l'hem 84, 82%, i, llavors, vull dir, no hi havia ministra de l'interior. Diguem el qui m'anava a la policia i no els vegués. I a	transcripcions/pa-060.txt	ASR; pendent d'audicio
discurs	vull dir	pa-060	3	van filmar pràcticament tots els que ens la van fer caure. Menos ho haig d'hi dir perquè... Vull dir, com que no s'enfiaven gaire, els van fer firmar tots. Menos un gran company de... de... de C	transcripcions/pa-060.txt	ASR; pendent d'audicio
discurs	és a dir	pa-060	1	er complicades sempre. Hi havia un ambient molt tens, a nivell de consell, per no disfrutar. És a dir, que el que vam disfrutar molt va ser que hi va haver un ambient molt tens, però gràcies al f	transcripcions/pa-060.txt	ASR; pendent d'audicio
discurs	és a dir	pa-060	2	rar. I a les del 92, el poble el va ser un ple visit electoral, Tant a totes les perroques, és a dir, que quan vam arribar aquí els 28 consellers s'havíem exactament, però no havíem d'anar i com	transcripcions/pa-060.txt	ASR; pendent d'audicio
discurs	és a dir	pa-060	3	en el que és els B2 d'aigua. Vull dir si volia recordar-hi, per la gent que no van conèixer. És a dir, que quan algú volia construir el riu, hauria de passar la comissió dels BI2 d'aigua, acompa	transcripcions/pa-060.txt	ASR; pendent d'audicio
territorial	Canillo	pa-060	1	re va tenir de renunciar, va entrar al seu lloc, el subcíndic, el Josep Casal, el Bartoló de Canillo, de l'aldosa de Canillo. Després hi va haver un manifest que es va firmar aquí dins del con	transcripcions/pa-060.txt	ASR; pendent d'audicio
territorial	Canillo	pa-060	2	va entrar al seu lloc, el subcíndic, el Josep Casal, el Bartoló de Canillo, de l'aldosa de Canillo. Després hi va haver un manifest que es va firmar aquí dins del consell de tots els conselle	transcripcions/pa-060.txt	ASR; pendent d'audicio
territorial	Canillo	pa-060	3	r, com que no s'enfiaven gaire, els van fer firmar tots. Menos un gran company de... de... de Canillo, que els va dir que els votarien, però que ell, vull dir, la paraula, per ell, era sagrada,	transcripcions/pa-060.txt	ASR; pendent d'audicio
territorial	parròquia	pa-060	1	sistema aquest que de cara a la Constitució, el sistema de 14 enllista nacional i de dos per parròquia, jo crec que és un sistema fantàstic, perquè, a mi el que estaria completament en contra er	transcripcions/pa-060.txt	ASR; pendent d'audicio
discurs	a nivell	pa-061	1	ents, una cobertura del 80%, i d'aquí poc tindrem una cobertura del 100%. Jo pel vol dir que a nivell laboral, la negociació amb la gent que treballa i que fa gran pirineu, perquè també és la ge	transcripcions/pa-061.txt	ASR; pendent d'audicio
discurs	a veure	pa-061	1	, que sigui el textil, que comporta la mola, els accessoris... Això és el que ara començarem a veure. La experiència francesa aporta una internacionalització amb un país que s'obre, precisament	transcripcions/pa-061.txt	ASR; pendent d'audicio
discurs	bueno	pa-061	1	els germans, dels Pioners, Pérez va ser l'hostaleria. Primer, amb una taverna, t'hi entenc. Bueno, un bal... Amb una cantina, al cas Cantíc, i després va ser l'hotel Piriners... La llamor.	transcripcions/pa-061.txt	ASR; pendent d'audicio
discurs	bueno	pa-061	2	uí, el que vulguis.Exacte. Ara, vau ser una mica reimides. Sí, o sigui, tot el que tocaveu, bueno, tot el que tocaven els teus sants és això, ho transformava. No hi havia res en d'hora, vull	transcripcions/pa-061.txt	ASR; pendent d'audicio
discurs	bueno	pa-061	3	an arriba la família Pérez-Andorra, i concretament el 30 de juny de 1930. I a partir d'aquí, bueno, però ells arriben, però altres marxaven d'Andorra. Sí, en aquell moment molts andorrans ten	transcripcions/pa-061.txt	ASR; pendent d'audicio
discurs	bé	pa-061	1	una altra manera. La gent vini a endorre, primer, perquè li agradava, segon, perquè li anava bé, però s'ha de ser perquè mudada. Sí, i tant, i tant, i tant. perquè podien aconseguir produc	transcripcions/pa-061.txt	ASR; pendent d'audicio
discurs	bé	pa-061	2	que estem aquí en Mercedes, representem la marca des de 1948. Sou pioners, amb això. V meu bé, des del 1952, que aquest any celebrem als 60 anys. Imagina't. Però, de debò, teniu altres.	transcripcions/pa-061.txt	ASR; pendent d'audicio
discurs	bé	pa-061	3	ra, no abandones el client. Continues mantenint des de la telefonada, dient que l'han servit bé, hasta la tensió continuada de recordar què ha de passar. Revisió, tallets permanents... To	transcripcions/pa-061.txt	ASR; pendent d'audicio
discurs	clar	pa-061	1	aquells moments no eren terratenents, i es van tindre a dedicar a l'hostaleria i al comerç. Clar, perquè era el seu, per exemple. Llavors comença tota una agradació que culmina amb la prime	transcripcions/pa-061.txt	ASR; pendent d'audicio
discurs	clar	pa-061	2	b el pare eren com els relacions públiques, polítics... de la família, exacte. I al resò, és clar, al resò és el que no feia un, feia un altre, però entre tots ho faré en tot, que es diu. Ex	transcripcions/pa-061.txt	ASR; pendent d'audicio
discurs	clar	pa-061	3	ra un moment d'unió, en aquella època. No parlo del grup, parlo de la petita botiga, perquè, clar, si vol, jo no es volgui, creeu una revolució comercial. Aporteu la idea del gran comerç, de	transcripcions/pa-061.txt	ASR; pendent d'audicio
discurs	doncs	pa-061	1	aconjuga amb molts anys d'activitat de tota mena. Per què aquesta activitat no és una altra? Doncs és una mica tornar a les rails de la creació del grup. I hem anat amb un tipus d'hosteleria m	transcripcions/pa-061.txt	ASR; pendent d'audicio
discurs	doncs	pa-061	2	culmina amb la primera gran imatge de la modernitat, Però de fa... quants anys fa, això, eh? Doncs Pirines es va inaugurar a l'any 47. -Imagina. -Aunit 947. I, a partir de les hores, Pirines	transcripcions/pa-061.txt	ASR; pendent d'audicio
discurs	doncs	pa-061	3	"a partir d'ara. Exacte. Aquest és aquest ""savuartfer"", eh? Un dels sàpigues de viatge i... Doncs sí. Durant molts anys, afiliats del grup prentant, que ens va anar a portar molta ajuda per"	transcripcions/pa-061.txt	ASR; pendent d'audicio
discurs	evidentment	pa-061	1	podien aconseguir productes que no tenien el seu país d'origen, i després hi havia el factor, evidentment, diferencial de preu. Perquè en Dorre no tenia una fiscalitat, cosa que avui està a l'ordre	transcripcions/pa-061.txt	ASR; pendent d'audicio
discurs	evidentment	pa-061	2	mir diàriament. Seguint a unes especialitzacions de l'alimentació, hi ha les singularitats. Evidentment, no parlarem de la carn Tandogra, que té DNI propi, però sí que hem de parlar dels peixos en	transcripcions/pa-061.txt	ASR; pendent d'audicio
discurs	llavors	pa-061	1	i es van tindre a dedicar a l'hostaleria i al comerç. Clar, perquè era el seu, per exemple. Llavors comença tota una agradació que culmina amb la primera gran imatge de la modernitat, Però de	transcripcions/pa-061.txt	ASR; pendent d'audicio
discurs	llavors	pa-061	2	l costat d'un ambient comercial diemne poble lli. Per dir-ho d'alguna manera. Com reacciona, llavors, la resta de gent? Bueno, en aquella època es comença a desenvolupar moltes botigues de souv	transcripcions/pa-061.txt	ASR; pendent d'audicio
discurs	llavors	pa-061	3	m del Mediterrani i de l'Atlàntic, que sigui tant Espanya com a França. El que passa és que, llavors, a part del peix, t'hi diu una altra singularitat, que és tampoc Andorra és un país excessiv	transcripcions/pa-061.txt	ASR; pendent d'audicio
discurs	no?	pa-061	1	iciem la ruta. És un retorn als inicis de la Fundació de Bucureu. Suposo que això dona plaer, no? Fins i tot emocional. Sí. amb aquest viatge al passat, situem-nos. 1930... Sí, que és qua	transcripcions/pa-061.txt	ASR; pendent d'audicio
discurs	no?	pa-061	2	o crec que és importantíssima, que és el binomi que es va formar entre els dos pioners Pérez, no? Sí, l'Antoine era molt més executor i amb el pare eren com els relacions públiques, polítics	transcripcions/pa-061.txt	ASR; pendent d'audicio
discurs	no?	pa-061	3	hi havia una diferència... Aquesta fiscalitat, per això s'està intentant almenys mantenir-la, no? Bueno, en Dorre, si el seu tixit està basat sobre el comè, Si els polítics són intel·ligents	transcripcions/pa-061.txt	ASR; pendent d'audicio
discurs	o sigui	pa-061	1	dien fer cultiu de tabac, es van tindre a dedicar primer a l'hosteleria i després al comerç. O sigui, la primera activitat dels germans, dels Pioners, Pérez va ser l'hostaleria. Primer, amb una	transcripcions/pa-061.txt	ASR; pendent d'audicio
discurs	o sigui	pa-061	2	llamor. Sí. I a partir d'aquí, el que vulguis.Exacte. Ara, vau ser una mica reimides. Sí, o sigui, tot el que tocaveu, bueno, tot el que tocaven els teus sants és això, ho transformava. No	transcripcions/pa-061.txt	ASR; pendent d'audicio
discurs	o sigui	pa-061	3	rò, clar, la tendència de moda amb una exigència en la selecció, que tenia totes les marges. O sigui que és que no ho trobaries, vés endorre o ho trobaràs. Hi ha hagut l'època dels Levi's, que e	transcripcions/pa-061.txt	ASR; pendent d'audicio
discurs	perquè	pa-061	1	es últimes realitzacions del grup. I volem començar des del final per arribar als principis, perquè la modernitat és un llarg procés de sapiència, de perfeccionament i sobretot de tesor i volun	transcripcions/pa-061.txt	ASR; pendent d'audicio
discurs	perquè	pa-061	2	erna que la que es practicava anteriorment. Aquí hi va haver un xoc quan vam obrir en Nora, perquè era totalment diferent que es tenia que demanar amb un mostredor, es tenia que cobrar abans,	transcripcions/pa-061.txt	ASR; pendent d'audicio
discurs	perquè	pa-061	3	que hem anat veient, però sobretot i perdemunt de tot el que veurem a partir d'ara. Exacte. Perquè la història se fa cada dia, i el futur se construeix ara mateix. Iniciem la ruta, si et semb	transcripcions/pa-061.txt	ASR; pendent d'audicio
discurs	vull dir	pa-061	1	ueno, tot el que tocaven els teus sants és això, ho transformava. No hi havia res en d'hora, vull dir, que tot era una gran novetat. O tal, hi havia molt pocs, no hi havia turistes. Poc a poc va	transcripcions/pa-061.txt	ASR; pendent d'audicio
discurs	vull dir	pa-061	2	Imagina. -Aunit 947. I, a partir de les hores, Pirines comença a ser un símbol. Sí? Sí, sí. Vull dir, quan se definia en d'hora, sortia sempre Pirines. D'entrem. Bueno, ara ja estem situats al	transcripcions/pa-061.txt	ASR; pendent d'audicio
discurs	bueno	pa-062	1	ir molt meticulós. La delicatessa és la cosa petita però deliciosa. Exacte. Diuen que és... bueno, hi ha una frase que diu el pot petit, hi ha la bona confitura. Doncs tu, quan pots petit, s	transcripcions/pa-062.txt	ASR; pendent d'audicio
discurs	bé	pa-062	1	dels vins, segur que tens joies, però d'una manera total, ens pots ensenyar algú? Sí, home, bé, aquesta catedral, com tu dius, que es força una mica la paraula, ja existeix des de l'any 7	transcripcions/pa-062.txt	ASR; pendent d'audicio
discurs	bé	pa-062	2	ies als empresaris? No, què aconselleries a la societat civil d'Andorra per mirar el futur? Bé, això... Jo em sembla que... Tallem el pernil.Sí. Tallar el pernil és un bon exemple, que a	transcripcions/pa-062.txt	ASR; pendent d'audicio
discurs	bé	pa-062	3	, només falta... El pernil és per menjar, eh? Que vol dir aprofitar les coses i aprofitar-les bé. Perquè no tot el pernil s'utilitza per menjar directament el com estàs fent, sinó que hi ha	transcripcions/pa-062.txt	ASR; pendent d'audicio
discurs	clar	pa-062	1	a brusa?La brusa muda R. Aquesta bata és el reflexe tant del Ramader com de l'agricultor. i, clar, això ho he pogut tramitre dins del meu petit negoci, que també ven productes que venen de l'	transcripcions/pa-062.txt	ASR; pendent d'audicio
discurs	clar	pa-062	2	a vegada que es va haver provat la llei de la Càmera de Comerç després de la Constitució. I, clar, la Càmera de Comerç va ser una continuació de l'anel que hi havia en aquell moment, de tota	transcripcions/pa-062.txt	ASR; pendent d'audicio
discurs	clar	pa-062	3	ha sido, i en aquest moment la vaig trobar, inaguantable, però l'olor de la meva joventa. I clar, no vull dir que tornem a aquesta situació d'abans, però anam de tini comte, perquè són tal	transcripcions/pa-062.txt	ASR; pendent d'audicio
discurs	diguem	pa-062	1	ls Pagesos, com la majoria dels Andorrans, Pagesos i Ramadés. I aquesta bata, que a Canillón diguem una brusa... La brusa?La brusa muda R. Aquesta bata és el reflexe tant del Ramader com de l'	transcripcions/pa-062.txt	ASR; pendent d'audicio
discurs	diguem	pa-062	2	els carrers no estaven empedrats com els d'avui, les carreteres no estaven asfaltades o, com diguem aquí dalt, enguadronades, i això volia dir que la gent ha vingut a fer el que podien, primer	transcripcions/pa-062.txt	ASR; pendent d'audicio
discurs	doncs	pa-062	1	acte. Diuen que és... bueno, hi ha una frase que diu el pot petit, hi ha la bona confitura. Doncs tu, quan pots petit, s'ha arribat a elaborar, trobant fent confitures i no confitures dins d'	transcripcions/pa-062.txt	ASR; pendent d'audicio
discurs	doncs	pa-062	2	fit que encara viu avui, i que tinc fotos recents d'ell, que un altre dia us les ensenyaré. Doncs se demostra que la història també es pot contar a través del vi. N'estic absolutament convenç	transcripcions/pa-062.txt	ASR; pendent d'audicio
discurs	doncs	pa-062	3	"t, ""L'important no és pretendre tenir una qualitat de vida, l'important és tenir qualitat."" Doncs hem d'anar cap a aquesta qualitat. I digue-n'hi això, no volia que ningú es molestés, pensan"	transcripcions/pa-062.txt	ASR; pendent d'audicio
discurs	evidentment	pa-062	1	t estàvem a quart amb les activitats que hi havia. Però també cultivar. Però també cultivar, evidentment. Comenceu per algo tan simple com és la vestiment. La vestimenta, sí. Com es serells de lo	transcripcions/pa-062.txt	ASR; pendent d'audicio
discurs	evidentment	pa-062	2	b unes motos, a davant de la botiga de la meu mare, i li va oferir, traduit per la meu mare, evidentment, la possibilitat de rebre una medalla amb el que he fet, i després de rebre a aquell moment	transcripcions/pa-062.txt	ASR; pendent d'audicio
discurs	evidentment	pa-062	3	'empresaris del país, que volien crear, tal com es fa arreu, una institució creada per llei, evidentment, i que representi l'interès general. Això és un matís que va la pena de fer, perquè la CUP	transcripcions/pa-062.txt	ASR; pendent d'audicio
discurs	no?	pa-062	1	"m una mena de ""crack"". Què et diuen? Escolta, què passa? Se t'obre la llum, de certa manera, no? És per veure el camí de la Mas de Sant Pau. Exactament, perquè... Tu no vas caure de cap cav"	transcripcions/pa-062.txt	ASR; pendent d'audicio
discurs	o sigui	pa-062	1	va esposa, la Frederic, i després són els meus fills que continuen la petita saga que tenim. O sigui que és tot una... tot una col·lecció... Això mateix, de vivències, exactament. Això és ficar	transcripcions/pa-062.txt	ASR; pendent d'audicio
discurs	o sigui	pa-062	2	"i el vi?"" I d'aquí va venir l'idea d'obrir una botiga, les botigues Molines, a l'any 1974. O sigui que de les petites coses poden sortir les grans idees o les grans empreses, però tu també va"	transcripcions/pa-062.txt	ASR; pendent d'audicio
discurs	o sigui	pa-062	3	l'any 94. Què passa és que, a poc a poc, això de Libre, podrem un excés de visió patronal. O sigui, la cambra de comerç deixa de ser la institució civil i passa a ser la patronal empresarial.	transcripcions/pa-062.txt	ASR; pendent d'audicio
discurs	per tant	pa-062	1	empre lligada a un interrogant. Serem intel·ligents com per procurar la felicitat del país i per tant els seus habitants? Jordi Marquet és un home que cada dia fa un brindis a la vida per intent	transcripcions/pa-062.txt	ASR; pendent d'audicio
discurs	perquè	pa-062	1	veritat la naturalesa que està sempre fora del temps i hem de descobrir. Avui és un bon dia perquè amb una copa de bon vi a la mà ens despertem amb l'idea que ja és hora de anar a buscar els n	transcripcions/pa-062.txt	ASR; pendent d'audicio
discurs	perquè	pa-062	2	s somnis. # Ei! # Jordi Marquette, sou un inconformista? Diuen que sou un inconformista, perquè és veritat que sempre he anat una mica a contracorret de tota l'evolució que he hagut aquest	transcripcions/pa-062.txt	ASR; pendent d'audicio
discurs	perquè	pa-062	3	"estimenta, sí. Com es serells de lo que és una botiga seleccionada, És una delicatessa. Sí, perquè...M'aconsegueixen els del camp, del vi. Exactament. Has dit la paraula ""el camp"", perquè no"	transcripcions/pa-062.txt	ASR; pendent d'audicio
discurs	vull dir	pa-062	1	s d'aquest... d'aquest... jo diria... aquest catedral del vi, catedral de les delicatesses. Vull dir-me que no és el que m'agrada. Vull dir-me que és el que m'agrada molt. Vull dir que no és el	transcripcions/pa-062.txt	ASR; pendent d'audicio
discurs	vull dir	pa-062	2	aquest catedral del vi, catedral de les delicatesses. Vull dir-me que no és el que m'agrada. Vull dir-me que és el que m'agrada molt. Vull dir que no és el que m'agrada molt. Vull dir que no és	transcripcions/pa-062.txt	ASR; pendent d'audicio
discurs	vull dir	pa-062	3	licatesses. Vull dir-me que no és el que m'agrada. Vull dir-me que és el que m'agrada molt. Vull dir que no és el que m'agrada molt. Vull dir que no és el que m'agrada molt. Vull dir que no és	transcripcions/pa-062.txt	ASR; pendent d'audicio
discurs	és a dir	pa-062	1	onar idees, també, als polítics, a proposar els idees o a seguir les idees que ells donaven. És a dir, que s'instaurés entre el món polític i el món empresarial un diàleg a través de la camara de	transcripcions/pa-062.txt	ASR; pendent d'audicio
discurs	és a dir	pa-062	2	després d'haver-la escollit, s'ha d'escollir sempre un bon gènere. Després s'ha de respectar, és a dir, tallar-lo ben fi, tallar-lo ben pla i que el mateix temps que es talla, que la peça que qued	transcripcions/pa-062.txt	ASR; pendent d'audicio
territorial	Canillo	pa-062	1	ha el present, sinó, sobretot, el futur d'Andorra. Aquestes són les meves arrels, veïneix i canillo. I he pogut veure que durant l'espai, que durant la mevo vida fins ara, que són més de 50 a	transcripcions/pa-062.txt	ASR; pendent d'audicio
territorial	padrí	pa-062	1	s que venen de l'agricultura. Authèntics. Authèntics. La vostra influència primer deslavi el padrí acostuma a ser. Sí, el padrí va ser el que va crear el primer negoci de 20 a l'any 1900. I d	transcripcions/pa-062.txt	ASR; pendent d'audicio
territorial	padrí	pa-062	2	Authèntics. Authèntics. La vostra influència primer deslavi el padrí acostuma a ser. Sí, el padrí va ser el que va crear el primer negoci de 20 a l'any 1900. I després va ser el meu pare i la	transcripcions/pa-062.txt	ASR; pendent d'audicio
territorial	padrí	pa-062	3	"e l'any 1873, que és aquesta. I quan va obrir el cofret que contenia aquesta botella, el meu padrí va dir, ""Home, jo em fan 10 anys més El cap d'un temps va rebre la botella de l'any 1883, qu"	transcripcions/pa-062.txt	ASR; pendent d'audicio
discurs	a nivell	pa-063	1	començar, gràcies a aquesta mica d'obertura que ara farem, que jo crec que ens ajudarà molt a nivell de finances. He intentat tenir una indústria que no poluï, però que ens permeti, naturalment	transcripcions/pa-063.txt	ASR; pendent d'audicio
discurs	a nivell	pa-063	2	nces. He intentat tenir una indústria que no poluï, però que ens permeti, naturalment, anar a nivell econòmic una mica millor i poder fer més coses. Però de coses de infraestructura turística ac	transcripcions/pa-063.txt	ASR; pendent d'audicio
discurs	a veure	pa-063	1	a tot el món. Amb aquest moment hi ha sectors que opinen que tot això sobra. Tu què opines? A veure, aquesta opinió de que sobren ha sigut molt recent. El que ha fet l'empatia és que la gent n	transcripcions/pa-063.txt	ASR; pendent d'audicio
discurs	a veure	pa-063	2	La neu, com un principi, podia ser com una mena de gràcia, però que es transforma en una... A veure, la neu, naturalment que sí, perquè ara potser ens en refiem massa de la neu. Però no va ser	transcripcions/pa-063.txt	ASR; pendent d'audicio
discurs	a veure	pa-063	3	a la vegada viatger, i que el viatger, que és el que trepitja el país, acabi sent turista. A veure, és que jo crec que aquesta clasificació tant, hem tingut tants turistes i hem tingut tants v	transcripcions/pa-063.txt	ASR; pendent d'audicio
discurs	aleshores	pa-063	1	uè vam començar l'any 65, quan es va començar a obrir Endorra fora de les nostres fronteres. Aleshores, què s'havia de fer? Tenir una oficina a la capital d'Europa que, aleshores, era París. I al	transcripcions/pa-063.txt	ASR; pendent d'audicio
discurs	aleshores	pa-063	2	stres fronteres. Aleshores, què s'havia de fer? Tenir una oficina a la capital d'Europa que, aleshores, era París. I allà hi vas tu? I allà vaig començar. I vam inaugurar la casa d'Endorra París	transcripcions/pa-063.txt	ASR; pendent d'audicio
discurs	aleshores	pa-063	3	nir molta vida a partir de les 8 del vespre, durant el dia el barri quedava una mica mort. I aleshores s'havia de fer coses... Jo vaig telefonar a les altres oficines per anunciar que endorra est	transcripcions/pa-063.txt	ASR; pendent d'audicio
discurs	bueno	pa-063	1	a on hi trobaves de tot, i ara, doncs, cada uloce, el que ve en perfumaria no ve en sabates. Bueno, i després buscar els temps, també, perquè els temps comporten, per exemple, l'electrònica,	transcripcions/pa-063.txt	ASR; pendent d'audicio
discurs	bé	pa-063	1	aquest capítol, hem d'incloure un dels elements més definitoris del principat, el turisme. Bé, treballar amb una cosa que amb una al·liogràdia que ja ha donat tota la seva vida deu ser u	transcripcions/pa-063.txt	ASR; pendent d'audicio
discurs	bé	pa-063	2	dorra, que són una mica europees, perquè hi ha altres països que han pogut fer les coses més bé. I no parlo només d'Andorra que han fet forces desbarats, parlo dels països veïns, que estan	transcripcions/pa-063.txt	ASR; pendent d'audicio
discurs	bé	pa-063	3	s d'escola amb mi. Sí, sí, sí. Perquè dels petits països europeos, que són els que jo conec bé, són els únics que hem donat tant. Són els únics. Clar, aquí s'ha donat tot i s'estan encar	transcripcions/pa-063.txt	ASR; pendent d'audicio
discurs	clar	pa-063	1	a ubicació concreta i que teníem aquells horaris. No podia treballar la nit, purament. Però clar, aquest és un primer basc i després se dona a tot el món. Amb aquest moment hi ha sectors que	transcripcions/pa-063.txt	ASR; pendent d'audicio
discurs	clar	pa-063	2	os europeos, que són els que jo conec bé, són els únics que hem donat tant. Són els únics. Clar, aquí s'ha donat tot i s'estan encara donant. Per tant, si ara les coses no van com haurien d	transcripcions/pa-063.txt	ASR; pendent d'audicio
discurs	clar	pa-063	3	càmpics i molt ben instal·lat. Això ja començaven a marxar. La campanya, amb això referia. Clar, el màrqueting ara s'ha de fer a través del comerç, una pota, a través del turisme, una altra	transcripcions/pa-063.txt	ASR; pendent d'audicio
discurs	doncs	pa-063	1	tant, si ara les coses no van com haurien d'anar i que hem de patir aquesta crisi com sigui, Doncs s'ho haurem de patir i s'ho haurà de fer, i si no, no en sortirem. Rosé, què va ser primer, l	transcripcions/pa-063.txt	ASR; pendent d'audicio
discurs	doncs	pa-063	2	mero 1. malgrat que alguns, fins i tot, dins del país, diguin que això ja no és el que era. Doncs jo no estic ben bé d'acord, perquè hem de mantenir la qualitat, perquè tenim un comerç molt	transcripcions/pa-063.txt	ASR; pendent d'audicio
discurs	doncs	pa-063	3	ificar, que ja s'ha fet, perquè jo recordo quan era el Besarra on hi trobaves de tot, i ara, doncs, cada uloce, el que ve en perfumaria no ve en sabates. Bueno, i després buscar els temps, ta	transcripcions/pa-063.txt	ASR; pendent d'audicio
discurs	llavors	pa-063	1	roses, més potents, i que ha donat més nom al principal. Ella és la que va crear els primers llavors. En un principi va ser la subsistència. Satisfetes per a les seves primeres necessitats, el	transcripcions/pa-063.txt	ASR; pendent d'audicio
discurs	llavors	pa-063	2	rra era a partir del 14 de juliol la festa francesa, quan ells, la festa nacional francesa. Llavors començàvem, i això s'acabava sobre finals d'agor, Mira, hi havia una bona tempesta i els camp	transcripcions/pa-063.txt	ASR; pendent d'audicio
discurs	llavors	pa-063	3	en tots els elements turístics que tenim. Procurar que no hi hagi diversitat d'idees, perquè llavors és quan les coses no funcionen. Hem de procurar que tot el que tenim funcione bé, conservar-	transcripcions/pa-063.txt	ASR; pendent d'audicio
discurs	no?	pa-063	1	re que tenim... moltíssima oferta. Ho dèiem de sapiguer, limitar una mica... I classificar, no? I classificar, que ja s'ha fet, perquè jo recordo quan era el Besarra on hi trobaves de tot,	transcripcions/pa-063.txt	ASR; pendent d'audicio
discurs	no?	pa-063	2	eixen això. I si no s'ho mereixen tant, és igual, els dones un alliçó de modos. És veritat o no? Doncs jo crec que hem de ser conscient que mentre no tinguem una altra indústria, que això	transcripcions/pa-063.txt	ASR; pendent d'audicio
discurs	o sigui	pa-063	1	tot això, aquí estem a la primera pas. Vull dir, estem a l'alçada de qualsevol país modern. O sigui que vam estar, estem a la primera paix amb comerç, i després ve un altre, ve el turisme, ve l	transcripcions/pa-063.txt	ASR; pendent d'audicio
discurs	o sigui	pa-063	2	aquest per noctarà. Encara que estem canviant molt el xip i no ho fem nosaltres aquí només, o sigui, només no ens reben nosaltres les conseqüències, una mica general, també. Abans, la gent ven	transcripcions/pa-063.txt	ASR; pendent d'audicio
discurs	o sigui	pa-063	3	s, a més a més, i la para econòmica que ens hauríem estalviat. Moltes i moltes. Pasta, eh? O sigui que tu creus que hi ha coses que hem desfet... que són més boniques que les coses que estem f	transcripcions/pa-063.txt	ASR; pendent d'audicio
discurs	per tant	pa-063	1	ín no se'n parlava gaire. I ara Berlín és una altra ciutat important. Però París era París. Per tant, per mi, el fet de que s'escollís París com a primera porta oberta el turisme que va ser una	transcripcions/pa-063.txt	ASR; pendent d'audicio
discurs	per tant	pa-063	2	, París, em va ensenyar la primera feina, el primer mostredor, perquè jo vaig estar sola. I, per tant, vaig haver de prendre tot, perquè jo venia carregada d'il·lusió i d'entrociasma per vendre,	transcripcions/pa-063.txt	ASR; pendent d'audicio
discurs	per tant	pa-063	3	únics que hem donat tant. Són els únics. Clar, aquí s'ha donat tot i s'estan encara donant. Per tant, si ara les coses no van com haurien d'anar i que hem de patir aquesta crisi com sigui, Donc	transcripcions/pa-063.txt	ASR; pendent d'audicio
discurs	perquè	pa-063	1	ngut la gran sort de veure-ho fet durant 44 anys. És la Pionera? Sí, d'una certa manera, sí. Perquè vam començar l'any 65, quan es va començar a obrir Endorra fora de les nostres fronteres. Al	transcripcions/pa-063.txt	ASR; pendent d'audicio
discurs	perquè	pa-063	2	lengua que s'ha d'acabar amb la riu de l'àgua sec. Una caseta que és una alegoria a l'aigua, perquè hi havia un pou que diu que Maria Antoinette, quan la portaven a l'abastí, va voler separar	transcripcions/pa-063.txt	ASR; pendent d'audicio
discurs	perquè	pa-063	3	'estat d'estat d'estat d'estat d'estat d'estat. L'Eu deia on s'havia d'estar, de tot Europa. Perquè tothom ha volgut anar a París. L'il·lusió de venir a Europa ara s'ha diversificat les tendènc	transcripcions/pa-063.txt	ASR; pendent d'audicio
discurs	vull dir	pa-063	1	en iPhones i iPads i no sé quantos. Aquí hi ha tots i tot això, aquí estem a la primera pas. Vull dir, estem a l'alçada de qualsevol país modern. O sigui que vam estar, estem a la primera paix am	transcripcions/pa-063.txt	ASR; pendent d'audicio
discurs	a veure	pa-064	1	na alemana, Pia Villamores, i els presentava aquí, perquè poguéssim parlamentar. S'ha tornat a veure amb els anys? Ja fa anys que m'havien vist alguns. Però ara no, ja no. -Però és que... -Tin	transcripcions/pa-064.txt	ASR; pendent d'audicio
discurs	a veure	pa-064	2	sé si són del pare o de la mare o de l'avi o del vesavi, però sí que són, perquè tothom el ve a veure. Diuen que quan hi ha un home gran, que ha viscut molt de la vida, potser ha de ser el fill	transcripcions/pa-064.txt	ASR; pendent d'audicio
discurs	a veure	pa-064	3	a dia, perquè vostè surt cada dia a passejar, ajuda la seva família al comerç, fa el que va a veure obres, Clar, i català, té ganes de morir-se. Tant ni un, eh? Això no hi penso. No hi penso,	transcripcions/pa-064.txt	ASR; pendent d'audicio
discurs	bé	pa-064	1	eriència ningú com ell i la seva experiència per explicar el passat, el present i el futur. Bé, ara ens exercitarem amb l'exercici de la memòria, valgui la redundància. Diuen que la memòr	transcripcions/pa-064.txt	ASR; pendent d'audicio
discurs	bé	pa-064	2	60 policies. I ara? Ara ja passa de 250. Erem més bones persones, en aquella època, ara, o bé les maleses han sigut sempre generals al llarg del tuit? Erem maleses molt generals, que són	transcripcions/pa-064.txt	ASR; pendent d'audicio
discurs	bé	pa-064	3	ns al pas de la casa. Al pas de la casa fèiem el que ens havíem comenat. i tot el va molt va bé. Evidentment, vostè deu tenir molts records dolents, però també molts records bons. Els dol	transcripcions/pa-064.txt	ASR; pendent d'audicio
discurs	clar	pa-064	1	ue la memòria és la suma dels records, i diuen que els records és la suma dels sentiments. I clar, vostè, amb 97 anys, té molts records, Molts sentiments, i moltes aventures que comptar. Ara	transcripcions/pa-064.txt	ASR; pendent d'audicio
discurs	clar	pa-064	2	ncretament de la seva vida diemna professional. Llarga, dilatada, intensa i extensa. Perquè, clar, vostè és un dels fundadors de la policia d'Andorra. Quan va ser això? Va ser el gener del 1	transcripcions/pa-064.txt	ASR; pendent d'audicio
discurs	clar	pa-064	3	ostè surt cada dia a passejar, ajuda la seva família al comerç, fa el que va a veure obres, Clar, i català, té ganes de morir-se. Tant ni un, eh? Això no hi penso. No hi penso, és una cosa	transcripcions/pa-064.txt	ASR; pendent d'audicio
discurs	doncs	pa-064	1	I sí que era una cosa que sabia de... d'una intervenció que s'havia de fer al cas, al pas. Doncs agafàvem el xip, seria l'estiu i ens portàvem fins al pas. I si a l'hi veuen que no podien t	transcripcions/pa-064.txt	ASR; pendent d'audicio
discurs	doncs	pa-064	2	iu i ens portàvem fins al pas. I si a l'hi veuen que no podien transitar a partir de canill, doncs ens pujàvem fins al canill, i al canill marxàvem a peu fins al pas de la casa. Al pas de la	transcripcions/pa-064.txt	ASR; pendent d'audicio
discurs	doncs	pa-064	3	d'amorar tres. Sobre els germans s'ha d'amorar tres i som cinc de vius. I jo vaig començar, doncs... Ja jove, a treballar, tenia 17 anys, a començar la carretera que es va començar a la vin	transcripcions/pa-064.txt	ASR; pendent d'audicio
discurs	evidentment	pa-064	1	pas de la casa. Al pas de la casa fèiem el que ens havíem comenat. i tot el va molt va bé. Evidentment, vostè deu tenir molts records dolents, però també molts records bons. Els dolents deixem-lo	transcripcions/pa-064.txt	ASR; pendent d'audicio
discurs	llavors	pa-064	1	a, d'Andorra, cap a l'Ambassana. D'allí vaig treballar el túnel, per mi el túnel, per mi el llavors, i després d'allí vaig estar amb els enginyers de fassa, ah, el canal, el canal que s'havia	transcripcions/pa-064.txt	ASR; pendent d'audicio
discurs	llavors	pa-064	2	eia sobre el Sismany, i es feia el central als túnels. I, de lli, hi vaig treballar un any, llavors vaig anar cap al Pallàs. Al Pallàs, que hi tenia un tio, Padrí, se li va morir l'ador i teni	transcripcions/pa-064.txt	ASR; pendent d'audicio
discurs	llavors	pa-064	3	nt, amb això, vostè va crear una família, també. En aquell moment, la seva família directa. Llavors va entrar a la policia, i l'any 42, el 42 va entrar a la policia. El 42 em vaig casar al mes	transcripcions/pa-064.txt	ASR; pendent d'audicio
discurs	no?	pa-064	1	ra, sense aquest concepte, no hagués sigut diferent? Perquè això li ha donat una força gran, no? Molt diferent, perquè és el mal de cap de moltes famílies. És la desunió, les separacions,	transcripcions/pa-064.txt	ASR; pendent d'audicio
discurs	o sigui	pa-064	1	cabem de marxar. Això vol dir que avui dedicarem el programa, el nostre programa, al record, o sigui, a la vida. La vida passada, la vida present, la vida futura. La que fa de les petites coses	transcripcions/pa-064.txt	ASR; pendent d'audicio
discurs	o sigui	pa-064	2	è és un dels fundadors de la policia d'Andorra. Quan va ser això? Va ser el gener del 1940. O sigui que han passat molts anys.Molts anys, sí. Recorda alguna cosa d'aquella feixa? que jo feia p	transcripcions/pa-064.txt	ASR; pendent d'audicio
discurs	o sigui	pa-064	3	habilitaven de ventilar faça, que feien els treballants de faça. Sí. I en aquells moments, O sigui, van ser els veguers, el veguer francès i el bisculpàol, que van fer uns articles, per exem	transcripcions/pa-064.txt	ASR; pendent d'audicio
discurs	per tant	pa-064	1	"d'això?"" És a dir, que preguntàvem de seguida si hi havia alguna cosa... què hagués passat i per tant. Vostès tindien veicles en aquella època? Una moto en tota la policia. Una moto en tota la"	transcripcions/pa-064.txt	ASR; pendent d'audicio
discurs	per tant	pa-064	2	a alguna cosa al pas de la casa, que per passar no passava res, no podien passar els cotxes, per tant, menys les motos, com s'ho feien vostès per arribar a llidal i fer la feina? Teníem... tení	transcripcions/pa-064.txt	ASR; pendent d'audicio
discurs	per tant	pa-064	3	ue em puc deixar-s'hi. Doncs em viuen 69 anys junts. És molt. Els 69 anys em va deixar. I, per tant, ella, i tenia potser més interès que jo encara, Hem apanyat tot el que passava a casa, és a	transcripcions/pa-064.txt	ASR; pendent d'audicio
discurs	perquè	pa-064	1	# Diuen que la vida és un retorn permanent. En realitat pot ser, no és així, perquè mai acabem de marxar. Això vol dir que avui dedicarem el programa, el nostre programa, al re	transcripcions/pa-064.txt	ASR; pendent d'audicio
discurs	perquè	pa-064	2	larem concretament de la seva vida diemna professional. Llarga, dilatada, intensa i extensa. Perquè, clar, vostè és un dels fundadors de la policia d'Andorra. Quan va ser això? Va ser el gener	transcripcions/pa-064.txt	ASR; pendent d'audicio
discurs	perquè	pa-064	3	s.Molts anys, sí. Recorda alguna cosa d'aquella feixa? que jo feia per ser molt emocionant, perquè, naturalment, d'ordre hi havia molt poca gent. I vam ser convocats per muntar la policia. Pe	transcripcions/pa-064.txt	ASR; pendent d'audicio
discurs	és a dir	pa-064	1	són sempre petits robos, petits de joventut, coses simples, perquè era un temps molt pagès. És a dir, que la dona era molt rural en cada d'aquests temps. I molt familiar, perquè hi havia la con	transcripcions/pa-064.txt	ASR; pendent d'audicio
discurs	és a dir	pa-064	2	comerços que hi havia, i els que es començaven a establir, hi havia una confiança absoluta. És a dir, que ells, quan hi havia alguna cosa... que... que era una cosa que havien de vener a ser, l	transcripcions/pa-064.txt	ASR; pendent d'audicio
discurs	és a dir	pa-064	3	", hola, ah, som aquí, què hi ha, de nou? Què ha passat a algú si ens veien una mica d'això?"" És a dir, que preguntàvem de seguida si hi havia alguna cosa... què hagués passat i per tant. Vostès"	transcripcions/pa-064.txt	ASR; pendent d'audicio
territorial	Massana	pa-064	1	pre fer una obra ben feta. I vostè volguis que no n'ha fet moltes. La família Armingol de la Massana té una llarga història, una molt llarga història. I el protagonista actual de la família Arm	transcripcions/pa-064.txt	ASR; pendent d'audicio
territorial	Massana	pa-064	2	. Quants anys concretament? 97. 97 anys. I té... Tots dos anys. La família Armingol de la Massana té una llarga història, una molt llarga història. I el protagonista actual de la família Arm	transcripcions/pa-064.txt	ASR; pendent d'audicio
territorial	padrí	pa-064	1	, hi vaig treballar un any, llavors vaig anar cap al Pallàs. Al Pallàs, que hi tenia un tio, Padrí, se li va morir l'ador i tenien comerç, que era el moment que tallava la furta de Torra. I	transcripcions/pa-064.txt	ASR; pendent d'audicio
territorial	veguer	pa-064	1	feien els treballants de faça. Sí. I en aquells moments, O sigui, van ser els veguers, el veguer francès i el bisculpàol, que van fer uns articles, per exemple, una policia d'Andorra. I en	transcripcions/pa-064.txt	ASR; pendent d'audicio
discurs	a nivell	pa-065	1	bareu la pau d'interior i després la podreu donar. De nosaltres venim als santuaris, trobades a nivell de Catalunya, a nivell d'Espanya, a l'última de l'Areseli, a Mèxic, sempre el tema del fons	transcripcions/pa-065.txt	ASR; pendent d'audicio
discurs	a nivell	pa-065	2	i després la podreu donar. De nosaltres venim als santuaris, trobades a nivell de Catalunya, a nivell d'Espanya, a l'última de l'Areseli, a Mèxic, sempre el tema del fons és la pau interior, que	transcripcions/pa-065.txt	ASR; pendent d'audicio
discurs	a veure	pa-065	1	ots els camins condueixen a Roma, però jo figiria que no tots van a Belém. Què diria vostè? A veure, un dia un polític em diu que a poc que fa que he tingut, li he acabat de perdre quan ha ana	transcripcions/pa-065.txt	ASR; pendent d'audicio
discurs	a veure	pa-065	2	o hi ha la persona, si no hi ha el poble de Jacop, que la gent aquí té una font, i la gent va a veure, i va a tot home, i Jesús donava a veure tot home, i la mà tot home, fos quizòs. Llavors, n	transcripcions/pa-065.txt	ASR; pendent d'audicio
discurs	a veure	pa-065	3	e Jacop, que la gent aquí té una font, i la gent va a veure, i va a tot home, i Jesús donava a veure tot home, i la mà tot home, fos quizòs. Llavors, no hi ha cristirisme. El don no és el cris	transcripcions/pa-065.txt	ASR; pendent d'audicio
discurs	aleshores	pa-065	1	é valor en la mesura que ens faci temples i ens fa estimar perquè sí que hem temps de Déu. I aleshores, doncs, com aquest caminar que fem... per aquí, als petjards d'Imerigell, el meu fill va dir.	transcripcions/pa-065.txt	ASR; pendent d'audicio
discurs	aleshores	pa-065	2	, a Meritxell, que l'ha fet un agnòstic. Per tant, què vol dir? Que està albert a tothom. I, aleshores, què he fet? Aquell clar que hi ha allà dels miralls. És un pensament a la llambra de Granada	transcripcions/pa-065.txt	ASR; pendent d'audicio
discurs	aleshores	pa-065	3	ona de Déu, en comptes de fer el que de human. Bé, és important per mi repositivar la vida. Aleshores, doncs, és important dir al matí què faré avui de bo, i al nit, dir què he fet de bo. I amb	transcripcions/pa-065.txt	ASR; pendent d'audicio
discurs	bueno	pa-065	1	Però la oposició em va obrir a reinventar i a buscar perquè em creix que més la gent és així. Bueno, diuen que els cansats fan de feina. Fa de feina, sí, és així. Fa de feina però aquesta fein	transcripcions/pa-065.txt	ASR; pendent d'audicio
discurs	bueno	pa-065	2	un dels nostres títols que tinc, cansat, sí, però quan estic cansat, escric o veig el tabor. Bueno, Mohsen Ramon, jo si tingués que fer una definició seu, quina seria? Un home de bona volunta	transcripcions/pa-065.txt	ASR; pendent d'audicio
discurs	bueno	pa-065	3	"a homes de bon cor, i jo no sé si arribarà a tenir bon cor, però almenys sí que ho intento. ""Bueno, jo diria que és un nen gran, que fa els nens grans."" El nostre protagonista d'avui és fidel"	transcripcions/pa-065.txt	ASR; pendent d'audicio
discurs	bé	pa-065	1	paradís no existeix. Fins i tot els àngels no estaven a favor d'ell. Què em diu, això? Molt bé, certament el paradís, vam marxar del paradís, però la vida és un camí que ens fa tornar cap	transcripcions/pa-065.txt	ASR; pendent d'audicio
discurs	bé	pa-065	2	La Iglesia és universal, té que ser universal, el qual vol dir oberta a tothom. Però fixis bé que fins i tot el nostre hymne parla de lluita entre religions. Com se menja això ara? El qu	transcripcions/pa-065.txt	ASR; pendent d'audicio
discurs	bé	pa-065	3	les persones, la gent, nosaltres, anem a la bona de Déu, en comptes de fer el que de human. Bé, és important per mi repositivar la vida. Aleshores, doncs, és important dir al matí què far	transcripcions/pa-065.txt	ASR; pendent d'audicio
discurs	clar	pa-065	1	"sia cristiana"". I ""església cristiana"" vol dir res més que ""evangeli pur"". És a dir, jo tinc clar que l'evangeli és on tinc el meu camí, marcar-ne les poses de la meva vida, i per tant doncs"	transcripcions/pa-065.txt	ASR; pendent d'audicio
discurs	clar	pa-065	2	el nostre hymne parla de lluita entre religions. Com se menja això ara? El que intento tenir clar és que per estimar a tot el món s'ha d'estimar els de casa meva. I li jo intento, com a educ	transcripcions/pa-065.txt	ASR; pendent d'audicio
discurs	clar	pa-065	3	agnòstic. Per tant, què vol dir? Que està albert a tothom. I, aleshores, què he fet? Aquell clar que hi ha allà dels miralls. És un pensament a la llambra de Granada, al món musulmà. L'allu	transcripcions/pa-065.txt	ASR; pendent d'audicio
discurs	de fet	pa-065	1	sones. Un capellà de poble és l'antecedent del psiquiatre? No, el capellà del poble, el que de fet és com Jesús encarnar-se amb el poble. Què va fer? Déu, es va encarnar amb la gent, amb el po	transcripcions/pa-065.txt	ASR; pendent d'audicio
discurs	doncs	pa-065	1	l santuari són pedres, però els pedres vives són nosaltres, va dir Jesús, i quan hi ha amor, doncs deu haver-te entret a les nostres cores. I no l'important és que nosaltres siguem temples viv	transcripcions/pa-065.txt	ASR; pendent d'audicio
discurs	doncs	pa-065	2	"la mesura que ens faci temples i ens fa estimar perquè sí que hem temps de Déu. I aleshores, doncs, com aquest caminar que fem... per aquí, als petjards d'Imerigell, el meu fill va dir... ""L'"	transcripcions/pa-065.txt	ASR; pendent d'audicio
discurs	doncs	pa-065	3	"a cristiana de cristianisme? Personalment, a mi els dits més sempre m'han fet por. Per tant, doncs, em quedo amb la paraula ""església cristiana"". I ""església cristiana"" vol dir res més que ""ev"	transcripcions/pa-065.txt	ASR; pendent d'audicio
discurs	llavors	pa-065	1	Ròquies, també és bonic que a la Catolicitat tingui un pal de Pallers que ens germana tots. Llavors la Roma, per mi també, és la Catolicitat. i que de veritat no vol dir res més que universalit	transcripcions/pa-065.txt	ASR; pendent d'audicio
discurs	llavors	pa-065	2	va a veure, i va a tot home, i Jesús donava a veure tot home, i la mà tot home, fos quizòs. Llavors, no hi ha cristirisme. El don no és el cristirisme, és la vida que viu el don. Que viu el do	transcripcions/pa-065.txt	ASR; pendent d'audicio
discurs	llavors	pa-065	3	erquè han viscut i d'aquestes vivències. Per tant, res més que està obert, portes obertes, I llavors, quan la gent... Si troba la porta oberta, com que la gent necessita ser escoltada, la gent	transcripcions/pa-065.txt	ASR; pendent d'audicio
discurs	o sigui	pa-065	1	anar cap al paradís. Des de dir aquí o des de dins de l'església, que també marca un camí. O sigui que al paradís som nosaltres. Som nosaltres, amb la misura que nosaltres estimem, perquè Déu	transcripcions/pa-065.txt	ASR; pendent d'audicio
discurs	o sigui	pa-065	2	oberta, com que la gent necessita ser escoltada, la gent ve. Però escoltar-hi i ajudar-hi. O sigui, aleshores, clar, on cap allà... Té que escoltar, però també té que ajudar. I si li veu un h	transcripcions/pa-065.txt	ASR; pendent d'audicio
discurs	o sigui	pa-065	3	títol, i això els joves camins a la vida. Són els tres grans projectes que tenim nosaltres. O sigui, dit d'una altra manera, seria no donar el seu peix perquè es subsisteixin, sinó ensenyar-lo	transcripcions/pa-065.txt	ASR; pendent d'audicio
discurs	per tant	pa-065	1	"l'església cristiana de cristianisme? Personalment, a mi els dits més sempre m'han fet por. Per tant, doncs, em quedo amb la paraula ""església cristiana"". I ""església cristiana"" vol dir res més"	transcripcions/pa-065.txt	ASR; pendent d'audicio
discurs	per tant	pa-065	2	, jo tinc clar que l'evangeli és on tinc el meu camí, marcar-ne les poses de la meva vida, i per tant doncs per mi és l'església i la fidelitat a l'església. I en quant és l'església i la comunit	transcripcions/pa-065.txt	ASR; pendent d'audicio
discurs	per tant	pa-065	3	, no és que s'ofreni. Segons, també estem aquí, aquí, a Meritxell, que l'ha fet un agnòstic. Per tant, què vol dir? Que està albert a tothom. I, aleshores, què he fet? Aquell clar que hi ha allà	transcripcions/pa-065.txt	ASR; pendent d'audicio
discurs	perquè	pa-065	1	na vida diferent. Per vostè, mossèn Ramon, suposo que Meritxell és el paradís, però un viu, perquè el paradís no existeix. Fins i tot els àngels no estaven a favor d'ell. Què em diu, això? M	transcripcions/pa-065.txt	ASR; pendent d'audicio
discurs	perquè	pa-065	2	l paradís, vam marxar del paradís, però la vida és un camí que ens fa tornar cap al paradís, perquè l'home està fet per ser feliç. A nosaltres, primer que tot, el santuari són pedres, però els	transcripcions/pa-065.txt	ASR; pendent d'audicio
discurs	perquè	pa-065	3	de l'església. I aquest santuari té valor en la mesura que ens faci temples i ens fa estimar perquè sí que hem temps de Déu. I aleshores, doncs, com aquest caminar que fem... per aquí, als pet	transcripcions/pa-065.txt	ASR; pendent d'audicio
discurs	vull dir	pa-065	1	ò aquesta feina, doncs sapiguem que va millorant, que va progressant gràcies a les crítiques. Vull dir, no són el cansament. I quan ja estàs cansat també és una cosa gran veritat. Busco el repòs,	transcripcions/pa-065.txt	ASR; pendent d'audicio
discurs	és a dir	pa-065	1	"la paraula ""església cristiana"". I ""església cristiana"" vol dir res més que ""evangeli pur"". És a dir, jo tinc clar que l'evangeli és on tinc el meu camí, marcar-ne les poses de la meva vida, i"	transcripcions/pa-065.txt	ASR; pendent d'audicio
discurs	és a dir	pa-065	2	pensament a la llambra de Granada, al món musulmà. L'allum és l'intudisme i és l'evangèl·li. És a dir, que a Santuari estem en aquest país, estem en aquest miritger i ens obre els ulls a totes le	transcripcions/pa-065.txt	ASR; pendent d'audicio
discurs	és a dir	pa-065	3	"glésies i anem als carrers."" Jo el que em miro més, un capellà que es diu Guígio Albert, que és a dir que anem als llocs, dels edificis, té una gran gent i tal, i ell diu a tu llibre que es diu"	transcripcions/pa-065.txt	ASR; pendent d'audicio
territorial	Canillo	pa-065	1	erquè aquí parlem, saludem, acollim... No hi ha anonimat. I què passaria si, mossèn Ramon de Canillo, tingués que deixar Canillo? Personalment, no deixaria mai Canillo perquè aporta el cor. És	transcripcions/pa-065.txt	ASR; pendent d'audicio
territorial	Canillo	pa-065	2	collim... No hi ha anonimat. I què passaria si, mossèn Ramon de Canillo, tingués que deixar Canillo? Personalment, no deixaria mai Canillo perquè aporta el cor. És a dir, que si mai amb un can	transcripcions/pa-065.txt	ASR; pendent d'audicio
territorial	Canillo	pa-065	3	saria si, mossèn Ramon de Canillo, tingués que deixar Canillo? Personalment, no deixaria mai Canillo perquè aporta el cor. És a dir, que si mai amb un canvi... De vegades, que parla, que s'ha d	transcripcions/pa-065.txt	ASR; pendent d'audicio
territorial	comú	pa-065	1	te, acollir els nens que estaven al carrer. En aquell moment no hi havia res, en Dorre. Cap comú ens agrada res. El segon projecte va ser l'any 2000, doncs d'acollir els nens d'inscapacitat	transcripcions/pa-065.txt	ASR; pendent d'audicio
territorial	santuari	pa-065	1	tornar cap al paradís, perquè l'home està fet per ser feliç. A nosaltres, primer que tot, el santuari són pedres, però els pedres vives són nosaltres, va dir Jesús, i quan hi ha amor, doncs deu	transcripcions/pa-065.txt	ASR; pendent d'audicio
territorial	santuari	pa-065	2	tres cores. I no l'important és que nosaltres siguem temples vivents de l'església. I aquest santuari té valor en la mesura que ens faci temples i ens fa estimar perquè sí que hem temps de Déu.	transcripcions/pa-065.txt	ASR; pendent d'audicio
territorial	santuari	pa-065	3	lambra de Granada, al món musulmà. L'allum és l'intudisme i és l'evangèl·li. És a dir, que a Santuari estem en aquest país, estem en aquest miritger i ens obre els ulls a totes les municions. Hi	transcripcions/pa-065.txt	ASR; pendent d'audicio
discurs	a nivell	pa-066	1	ant previsible perquè el dia anterior havia plogut molt, havia sigut un dia bastant complicat a nivell de trànsit, i recordo que havia sentit que no es podia sortir d'Andorra perquè hi havia peri	transcripcions/pa-066.txt	ASR; pendent d'audicio
discurs	bueno	pa-066	1	cines, van seguir obertes per poder donar servei als clients que venien de la perifèria. I, bueno, jo recordo que he passat, si no tot a la nit, fins altres hores de la matinada treballant,	transcripcions/pa-066.txt	ASR; pendent d'audicio
discurs	bé	pa-066	1	a, un dia en què en arribar a la feina estava tot paralitzat, el trànsit estava complicat, i bé, venint de casa meva, que jo vivia a principi enlloc, a l'arribar al pont del que llavors er	transcripcions/pa-066.txt	ASR; pendent d'audicio
discurs	bé	pa-066	2	olta informació, que poder 5 anys enrere no s'hagués pogut salvar de la mateixa manera. Però bé, amb els anys següents del 82, la informàtica va agafant molta rellevància, molta importància	transcripcions/pa-066.txt	ASR; pendent d'audicio
discurs	bé	pa-066	3	mpresa, sinó vista en general del país. El país va reaccionar molt ràpid, va reaccionar molt bé. Jo recordo que els pocs mesos d'aquell desastre, Podíem sortir cap a Espanya, cap a França,	transcripcions/pa-066.txt	ASR; pendent d'audicio
discurs	de fet	pa-066	1	essin algun perill. L'afectació dels aiguats del banc va ser especialment en aquest edifici, de fet va ser l'únic, va ser important, perquè el riu va trencar pel Peli per Andorra, que va ser l	transcripcions/pa-066.txt	ASR; pendent d'audicio
discurs	evidentment	pa-066	1	rdinadors que teníem en aquella època, els 82, es van dur papers, es van dur el mobiliari... Evidentment, tota la part del sota em va quedar absolutament inundat i la caixa forta, tot el tema de les	transcripcions/pa-066.txt	ASR; pendent d'audicio
discurs	evidentment	pa-066	2	clients i amb obertura d'una clau i de l'altra es va poder anar traient les coses de dins. Evidentment, els documents van quedar afectats, mullats, es van nascant i el que era altres coses com joi	transcripcions/pa-066.txt	ASR; pendent d'audicio
discurs	llavors	pa-066	1	icat, i bé, venint de casa meva, que jo vivia a principi enlloc, a l'arribar al pont del que llavors era el pris únic, em vaig quedar parat, no vaig poder passar. Era bastant previsible perquè	transcripcions/pa-066.txt	ASR; pendent d'audicio
discurs	llavors	pa-066	2	el Peli per Andorra, que va ser l'establiment més afectat, i va venir amb direcció cap aquí. Llavors aquest va ser un dels edificis més afectats de tota aquesta zona. Ser que també arredera a l'	transcripcions/pa-066.txt	ASR; pendent d'audicio
discurs	no?	pa-066	1	inundació, sinó que hi pot haver un terratrèmol, pot haver qualsevol altre desastre natural, no? I d'aquí, que s'han creat en els últims anys, uns centres de contingència, tant dels centre	transcripcions/pa-066.txt	ASR; pendent d'audicio
discurs	per tant	pa-066	1	mb els anys següents del 82, la informàtica va agafant molta rellevància, molta importància. Per tant, el que el banc va pensar el cap de 5, 7 anys va ser com podíem preservar tota aquesta inform	transcripcions/pa-066.txt	ASR; pendent d'audicio
discurs	per tant	pa-066	2	"s, dels empresaris, de tots els agents socials, que hi van contribuir una forma molt ràpida"". Per tant, si em demanes que recordo amb més carinyo posar això en la solidaritat de la gent. I el fet"	transcripcions/pa-066.txt	ASR; pendent d'audicio
discurs	perquè	pa-066	1	llavors era el pris únic, em vaig quedar parat, no vaig poder passar. Era bastant previsible perquè el dia anterior havia plogut molt, havia sigut un dia bastant complicat a nivell de trànsit,	transcripcions/pa-066.txt	ASR; pendent d'audicio
discurs	perquè	pa-066	2	t complicat a nivell de trànsit, i recordo que havia sentit que no es podia sortir d'Andorra perquè hi havia perill que les carreteres tinguessin algun perill. L'afectació dels aiguats del banc	transcripcions/pa-066.txt	ASR; pendent d'audicio
discurs	perquè	pa-066	3	uats del banc va ser especialment en aquest edifici, de fet va ser l'únic, va ser important, perquè el riu va trencar pel Peli per Andorra, que va ser l'establiment més afectat, i va venir amb	transcripcions/pa-066.txt	ASR; pendent d'audicio
territorial	Escaldes	pa-066	1	s, jo formava part d'un equip que es va desplaçar a les oficines perifèriques. Uns van anar a Escaldes, uns altres van anar a la plaça del Rocblanc, uns altres van anar a la vinguda de Maritxell 3	transcripcions/pa-066.txt	ASR; pendent d'audicio
territorial	Escaldes	pa-066	2	va donar a tots aquests comerços afectats, que era pràcticament tot en d'orra, perquè des d'escaldes fins a Sant Julià, molts establiments es van veure i empreses es van veure afectats. aquests	transcripcions/pa-066.txt	ASR; pendent d'audicio
territorial	Escaldes	pa-066	3	guir rotllant en cas que aquest edifici tingués que ser utilitzat. en aquest cas ho tenim a l'escaldes, al centre de l'escaldes. El millor és la solidaritat de la gent, sense dubte. En moments ai	transcripcions/pa-066.txt	ASR; pendent d'audicio
territorial	Sant Julià	pa-066	1	aquests comerços afectats, que era pràcticament tot en d'orra, perquè des d'escaldes fins a Sant Julià, molts establiments es van veure i empreses es van veure afectats. aquests crèdits o aquests	transcripcions/pa-066.txt	ASR; pendent d'audicio
territorial	aiguats	pa-066	1	'Andorra perquè hi havia perill que les carreteres tinguessin algun perill. L'afectació dels aiguats del banc va ser especialment en aquest edifici, de fet va ser l'únic, va ser important, perq	transcripcions/pa-066.txt	ASR; pendent d'audicio
