id_persona	forma	interval_escolta	clip	json_small	n_matches	token_match	token_matches
pa-001	bé	49.17-54.35	clips/pa-001__b__49.17.wav	qa-cua-small-json/pa-001__b__49_17.json	0	no	[]
pa-002	bé	348.25-355.75	clips/pa-002__b__348.25.wav	qa-cua-small-json/pa-002__b__348_25.json	1	sí	"[{""occurrence"":1,""local_start_s"":""3.800"",""local_end_s"":""3.950"",""absolute_start_s"":""352.050"",""absolute_end_s"":""352.200"",""prob_min"":""0.2970"",""text"":""bé""}]"
pa-003	bé	0.00-7.19	clips/pa-003__b__0.00.wav	qa-cua-small-json/pa-003__b__0_00.json	1	sí	"[{""occurrence"":1,""local_start_s"":""0.100"",""local_end_s"":""0.400"",""absolute_start_s"":""0.100"",""absolute_end_s"":""0.400"",""prob_min"":""0.3207"",""text"":""Bé""}]"
pa-004	bé	319.61-322.59	clips/pa-004__b__319.61.wav	qa-cua-small-json/pa-004__b__319_61.json	1	sí	"[{""occurrence"":1,""local_start_s"":""1.280"",""local_end_s"":""1.540"",""absolute_start_s"":""320.890"",""absolute_end_s"":""321.150"",""prob_min"":""0.9828"",""text"":""bé""}]"
pa-005	bé	51.09-56.07	clips/pa-005__b__51.09.wav	qa-cua-small-json/pa-005__b__51_09.json	1	sí	"[{""occurrence"":1,""local_start_s"":""1.520"",""local_end_s"":""2.000"",""absolute_start_s"":""52.610"",""absolute_end_s"":""53.090"",""prob_min"":""0.9921"",""text"":""bé""}]"
pa-006	bé	151.25-159.75	clips/pa-006__b__151.25.wav	qa-cua-small-json/pa-006__b__151_25.json	1	sí	"[{""occurrence"":1,""local_start_s"":""3.350"",""local_end_s"":""3.600"",""absolute_start_s"":""154.600"",""absolute_end_s"":""154.850"",""prob_min"":""0.8041"",""text"":""bé""}]"
pa-007	bé	59.25-66.75	clips/pa-007__b__59.25.wav	qa-cua-small-json/pa-007__b__59_25.json	1	sí	"[{""occurrence"":1,""local_start_s"":""0.670"",""local_end_s"":""0.930"",""absolute_start_s"":""59.920"",""absolute_end_s"":""60.180"",""prob_min"":""0.6477"",""text"":""bé""}]"
pa-008	bé	61.25-65.75	clips/pa-008__b__61.25.wav	qa-cua-small-json/pa-008__b__61_25.json	1	sí	"[{""occurrence"":1,""local_start_s"":""1.890"",""local_end_s"":""2.020"",""absolute_start_s"":""63.140"",""absolute_end_s"":""63.270"",""prob_min"":""0.4059"",""text"":""bé""}]"
pa-009	bé	557.25-561.75	clips/pa-009__b__557.25.wav	qa-cua-small-json/pa-009__b__557_25.json	1	sí	"[{""occurrence"":1,""local_start_s"":""3.060"",""local_end_s"":""3.430"",""absolute_start_s"":""560.310"",""absolute_end_s"":""560.680"",""prob_min"":""0.9969"",""text"":""bé""}]"
pa-010	bé	24.65-31.67	clips/pa-010__b__24.65.wav	qa-cua-small-json/pa-010__b__24_65.json	0	no	[]
pa-011	bé	185.57-189.31	clips/pa-011__b__185.57.wav	qa-cua-small-json/pa-011__b__185_57.json	1	sí	"[{""occurrence"":1,""local_start_s"":""2.920"",""local_end_s"":""2.940"",""absolute_start_s"":""188.490"",""absolute_end_s"":""188.510"",""prob_min"":""0.9983"",""text"":""bé""}]"
pa-012	bé	160.25-164.75	clips/pa-012__b__160.25.wav	qa-cua-small-json/pa-012__b__160_25.json	1	sí	"[{""occurrence"":1,""local_start_s"":""0.200"",""local_end_s"":""0.280"",""absolute_start_s"":""160.450"",""absolute_end_s"":""160.530"",""prob_min"":""0.5550"",""text"":""bé""}]"
pa-013	bé	196.65-203.47	clips/pa-013__b__196.65.wav	qa-cua-small-json/pa-013__b__196_65.json	1	sí	"[{""occurrence"":1,""local_start_s"":""1.120"",""local_end_s"":""1.310"",""absolute_start_s"":""197.770"",""absolute_end_s"":""197.960"",""prob_min"":""0.9863"",""text"":""bé""}]"
pa-014	bé	165.65-181.55	clips/pa-014__b__165.65.wav	qa-cua-small-json/pa-014__b__165_65.json	1	sí	"[{""occurrence"":1,""local_start_s"":""0.000"",""local_end_s"":""0.330"",""absolute_start_s"":""165.650"",""absolute_end_s"":""165.980"",""prob_min"":""0.5972"",""text"":""Bé""}]"
pa-015	bé	42.25-48.75	clips/pa-015__b__42.25.wav	qa-cua-small-json/pa-015__b__42_25.json	1	sí	"[{""occurrence"":1,""local_start_s"":""1.400"",""local_end_s"":""1.790"",""absolute_start_s"":""43.650"",""absolute_end_s"":""44.040"",""prob_min"":""0.5589"",""text"":""Bé""}]"
pa-016	bé	170.05-177.19	clips/pa-016__b__170.05.wav	qa-cua-small-json/pa-016__b__170_05.json	1	sí	"[{""occurrence"":1,""local_start_s"":""5.940"",""local_end_s"":""6.280"",""absolute_start_s"":""175.990"",""absolute_end_s"":""176.330"",""prob_min"":""0.9990"",""text"":""bé""}]"
pa-017	bé	112.25-118.15	clips/pa-017__b__112.25.wav	qa-cua-small-json/pa-017__b__112_25.json	0	no	[]
pa-018	bé	210.65-215.47	clips/pa-018__b__210.65.wav	qa-cua-small-json/pa-018__b__210_65.json	0	no	[]
pa-019	bé	195.25-201.75	clips/pa-019__b__195.25.wav	qa-cua-small-json/pa-019__b__195_25.json	1	sí	"[{""occurrence"":1,""local_start_s"":""5.410"",""local_end_s"":""5.600"",""absolute_start_s"":""200.660"",""absolute_end_s"":""200.850"",""prob_min"":""0.9932"",""text"":""bé""}]"
pa-020	bé	146.37-152.31	clips/pa-020__b__146.37.wav	qa-cua-small-json/pa-020__b__146_37.json	1	sí	"[{""occurrence"":1,""local_start_s"":""3.090"",""local_end_s"":""3.410"",""absolute_start_s"":""149.460"",""absolute_end_s"":""149.780"",""prob_min"":""0.9976"",""text"":""bé""}]"
pa-021	bé	257.61-263.59	clips/pa-021__b__257.61.wav	qa-cua-small-json/pa-021__b__257_61.json	0	no	[]
pa-022	bé	270.45-275.35	clips/pa-022__b__270.45.wav	qa-cua-small-json/pa-022__b__270_45.json	0	no	[]
pa-023	bé	409.37-413.47	clips/pa-023__b__409.37.wav	qa-cua-small-json/pa-023__b__409_37.json	0	no	[]
pa-024	bé	175.29-180.79	clips/pa-024__b__175.29.wav	qa-cua-small-json/pa-024__b__175_29.json	0	no	[]
pa-025	bé	1023.77-1027.67	clips/pa-025__b__1023.77.wav	qa-cua-small-json/pa-025__b__1023_77.json	0	no	[]
pa-026	bé	99.97-103.47	clips/pa-026__b__99.97.wav	qa-cua-small-json/pa-026__b__99_97.json	1	sí	"[{""occurrence"":1,""local_start_s"":""0.160"",""local_end_s"":""0.400"",""absolute_start_s"":""100.130"",""absolute_end_s"":""100.370"",""prob_min"":""0.9415"",""text"":""bé""}]"
pa-027	bé	30.97-36.55	clips/pa-027__b__30.97.wav	qa-cua-small-json/pa-027__b__30_97.json	0	no	[]
pa-028	bé	182.49-187.39	clips/pa-028__b__182.49.wav	qa-cua-small-json/pa-028__b__182_49.json	1	sí	"[{""occurrence"":1,""local_start_s"":""3.030"",""local_end_s"":""3.120"",""absolute_start_s"":""185.520"",""absolute_end_s"":""185.610"",""prob_min"":""0.9916"",""text"":""bé""}]"
pa-029	bé	42.97-46.79	clips/pa-029__b__42.97.wav	qa-cua-small-json/pa-029__b__42_97.json	0	no	[]
pa-030	bé	436.45-441.63	clips/pa-030__b__436.45.wav	qa-cua-small-json/pa-030__b__436_45.json	0	no	[]
pa-031	bé	329.13-333.07	clips/pa-031__b__329.13.wav	qa-cua-small-json/pa-031__b__329_13.json	0	no	[]
pa-032	bé	270.41-274.95	clips/pa-032__b__270.41.wav	qa-cua-small-json/pa-032__b__270_41.json	1	sí	"[{""occurrence"":1,""local_start_s"":""3.120"",""local_end_s"":""3.250"",""absolute_start_s"":""273.530"",""absolute_end_s"":""273.660"",""prob_min"":""0.7044"",""text"":""bé""}]"
pa-033	bé	103.09-107.43	clips/pa-033__b__103.09.wav	qa-cua-small-json/pa-033__b__103_09.json	2	sí	"[{""occurrence"":1,""local_start_s"":""0.970"",""local_end_s"":""1.210"",""absolute_start_s"":""104.060"",""absolute_end_s"":""104.300"",""prob_min"":""0.9744"",""text"":""bé""},{""occurrence"":2,""local_start_s"":""3.070"",""local_end_s"":""3.190"",""absolute_start_s"":""106.160"",""absolute_end_s"":""106.280"",""prob_min"":""0.9997"",""text"":""bé""}]"
pa-034	bé	18.85-23.15	clips/pa-034__b__18.85.wav	qa-cua-small-json/pa-034__b__18_85.json	1	sí	"[{""occurrence"":1,""local_start_s"":""1.200"",""local_end_s"":""1.430"",""absolute_start_s"":""20.050"",""absolute_end_s"":""20.280"",""prob_min"":""0.8242"",""text"":""bé""}]"
pa-035	bé	715.81-720.31	clips/pa-035__b__715.81.wav	qa-cua-small-json/pa-035__b__715_81.json	0	no	[]
pa-036	bé	69.45-75.15	clips/pa-036__b__69.45.wav	qa-cua-small-json/pa-036__b__69_45.json	1	sí	"[{""occurrence"":1,""local_start_s"":""2.510"",""local_end_s"":""2.720"",""absolute_start_s"":""71.960"",""absolute_end_s"":""72.170"",""prob_min"":""0.9995"",""text"":""bé""}]"
pa-037	bé	105.29-124.79	clips/pa-037__b__105.29.wav	qa-cua-small-json/pa-037__b__105_29.json	5	sí	"[{""occurrence"":1,""local_start_s"":""10.530"",""local_end_s"":""11.500"",""absolute_start_s"":""115.820"",""absolute_end_s"":""116.790"",""prob_min"":""0.9336"",""text"":""bé""},{""occurrence"":2,""local_start_s"":""13.190"",""local_end_s"":""13.860"",""absolute_start_s"":""118.480"",""absolute_end_s"":""119.150"",""prob_min"":""0.4035"",""text"":""bé""},{""occurrence"":3,""local_start_s"":""14.960"",""local_end_s"":""15.390"",""absolute_start_s"":""120.250"",""absolute_end_s"":""120.680"",""prob_min"":""0.9620"",""text"":""bé""},{""occurrence"":4,""local_start_s"":""15.890"",""local_end_s"":""16.210"",""absolute_start_s"":""121.180"",""absolute_end_s"":""121.500"",""prob_min"":""0.9723"",""text"":""bé""},{""occurrence"":5,""local_start_s"":""18.490"",""local_end_s"":""18.660"",""absolute_start_s"":""123.780"",""absolute_end_s"":""123.950"",""prob_min"":""0.3064"",""text"":""bé""}]"
pa-038	bé	26.77-31.71	clips/pa-038__b__26.77.wav	qa-cua-small-json/pa-038__b__26_77.json	1	sí	"[{""occurrence"":1,""local_start_s"":""0.810"",""local_end_s"":""1.000"",""absolute_start_s"":""27.580"",""absolute_end_s"":""27.770"",""prob_min"":""0.9083"",""text"":""bé""}]"
pa-039	bé	27.77-32.03	clips/pa-039__b__27.77.wav	qa-cua-small-json/pa-039__b__27_77.json	1	sí	"[{""occurrence"":1,""local_start_s"":""3.220"",""local_end_s"":""3.270"",""absolute_start_s"":""30.990"",""absolute_end_s"":""31.040"",""prob_min"":""0.9914"",""text"":""bé""}]"
pa-040	bé	32.81-38.63	clips/pa-040__b__32.81.wav	qa-cua-small-json/pa-040__b__32_81.json	0	no	[]
pa-041	bé	130.25-137.75	clips/pa-041__b__130.25.wav	qa-cua-small-json/pa-041__b__130_25.json	1	sí	"[{""occurrence"":1,""local_start_s"":""0.000"",""local_end_s"":""0.440"",""absolute_start_s"":""130.250"",""absolute_end_s"":""130.690"",""prob_min"":""0.2875"",""text"":""Bé""}]"
pa-045	bé	83.49-91.43	clips/pa-045__b__83.49.wav	qa-cua-small-json/pa-045__b__83_49.json	1	sí	"[{""occurrence"":1,""local_start_s"":""0.090"",""local_end_s"":""0.360"",""absolute_start_s"":""83.580"",""absolute_end_s"":""83.850"",""prob_min"":""0.6354"",""text"":""bé""}]"
pa-046	bé	348.81-352.55	clips/pa-046__b__348.81.wav	qa-cua-small-json/pa-046__b__348_81.json	1	sí	"[{""occurrence"":1,""local_start_s"":""2.320"",""local_end_s"":""2.560"",""absolute_start_s"":""351.130"",""absolute_end_s"":""351.370"",""prob_min"":""0.8391"",""text"":""bé""}]"
pa-048	bé	495.73-502.83	clips/pa-048__b__495.73.wav	qa-cua-small-json/pa-048__b__495_73.json	1	sí	"[{""occurrence"":1,""local_start_s"":""0.000"",""local_end_s"":""1.190"",""absolute_start_s"":""495.730"",""absolute_end_s"":""496.920"",""prob_min"":""0.6658"",""text"":""Bé""}]"
pa-049	bé	74.21-82.63	clips/pa-049__b__74.21.wav	qa-cua-small-json/pa-049__b__74_21.json	1	sí	"[{""occurrence"":1,""local_start_s"":""7.000"",""local_end_s"":""7.000"",""absolute_start_s"":""81.210"",""absolute_end_s"":""81.210"",""prob_min"":""0.8685"",""text"":""bé""}]"
pa-053	bé	90.81-95.91	clips/pa-053__b__90.81.wav	qa-cua-small-json/pa-053__b__90_81.json	0	no	[]
pa-054	bé	128.77-134.43	clips/pa-054__b__128.77.wav	qa-cua-small-json/pa-054__b__128_77.json	0	no	[]
pa-055	bé	358.57-362.07	clips/pa-055__b__358.57.wav	qa-cua-small-json/pa-055__b__358_57.json	0	no	[]
pa-056	bé	436.49-441.47	clips/pa-056__b__436.49.wav	qa-cua-small-json/pa-056__b__436_49.json	0	no	[]
pa-057	bé	203.57-209.03	clips/pa-057__b__203.57.wav	qa-cua-small-json/pa-057__b__203_57.json	1	sí	"[{""occurrence"":1,""local_start_s"":""1.690"",""local_end_s"":""2.000"",""absolute_start_s"":""205.260"",""absolute_end_s"":""205.570"",""prob_min"":""0.8791"",""text"":""bé""}]"
pa-058	bé	210.61-215.39	clips/pa-058__b__210.61.wav	qa-cua-small-json/pa-058__b__210_61.json	0	no	[]
pa-059	bé	112.41-118.27	clips/pa-059__b__112.41.wav	qa-cua-small-json/pa-059__b__112_41.json	0	no	[]
pa-060	bé	415.73-419.91	clips/pa-060__b__415.73.wav	qa-cua-small-json/pa-060__b__415_73.json	0	no	[]
pa-061	bé	662.89-667.43	clips/pa-061__b__662.89.wav	qa-cua-small-json/pa-061__b__662_89.json	1	sí	"[{""occurrence"":1,""local_start_s"":""1.920"",""local_end_s"":""2.000"",""absolute_start_s"":""664.810"",""absolute_end_s"":""664.890"",""prob_min"":""0.4650"",""text"":""bé""}]"
pa-062	bé	401.61-406.47	clips/pa-062__b__401.61.wav	qa-cua-small-json/pa-062__b__401_61.json	0	no	[]
pa-063	bé	105.97-110.35	clips/pa-063__b__105.97.wav	qa-cua-small-json/pa-063__b__105_97.json	1	sí	"[{""occurrence"":1,""local_start_s"":""0.000"",""local_end_s"":""0.330"",""absolute_start_s"":""105.970"",""absolute_end_s"":""106.300"",""prob_min"":""0.5648"",""text"":""Bé""}]"
pa-064	bé	97.93-104.11	clips/pa-064__b__97.93.wav	qa-cua-small-json/pa-064__b__97_93.json	1	sí	"[{""occurrence"":1,""local_start_s"":""0.000"",""local_end_s"":""0.430"",""absolute_start_s"":""97.930"",""absolute_end_s"":""98.360"",""prob_min"":""0.6509"",""text"":""Bé""}]"
pa-065	bé	138.57-144.67	clips/pa-065__b__138.57.wav	qa-cua-small-json/pa-065__b__138_57.json	1	sí	"[{""occurrence"":1,""local_start_s"":""1.470"",""local_end_s"":""1.770"",""absolute_start_s"":""140.040"",""absolute_end_s"":""140.340"",""prob_min"":""0.9995"",""text"":""bé""}]"
pa-066	bé	10.13-15.71	clips/pa-066__b__10.13.wav	qa-cua-small-json/pa-066__b__10_13.json	1	sí	"[{""occurrence"":1,""local_start_s"":""2.540"",""local_end_s"":""3.430"",""absolute_start_s"":""12.670"",""absolute_end_s"":""13.560"",""prob_min"":""0.4289"",""text"":""bé""}]"
pa-001	de fet	68.49-71.99	clips/pa-001__de-fet__68.49.wav	qa-cua-small-json/pa-001__de-fet__68_49.json	1	sí	"[{""occurrence"":1,""local_start_s"":""0.800"",""local_end_s"":""1.200"",""absolute_start_s"":""69.290"",""absolute_end_s"":""69.690"",""prob_min"":""0.5778"",""text"":""de fet""}]"
pa-002	de fet	72.25-76.75	clips/pa-002__de-fet__72.25.wav	qa-cua-small-json/pa-002__de-fet__72_25.json	1	sí	"[{""occurrence"":1,""local_start_s"":""3.030"",""local_end_s"":""3.110"",""absolute_start_s"":""75.280"",""absolute_end_s"":""75.360"",""prob_min"":""0.2739"",""text"":""de fet""}]"
pa-003	de fet	0.00-7.19	clips/pa-003__de-fet__0.00.wav	qa-cua-small-json/pa-003__de-fet__0_00.json	1	sí	"[{""occurrence"":1,""local_start_s"":""1.900"",""local_end_s"":""2.620"",""absolute_start_s"":""1.900"",""absolute_end_s"":""2.620"",""prob_min"":""0.6679"",""text"":""de fet""}]"
pa-004	de fet	601.17-607.35	clips/pa-004__de-fet__601.17.wav	qa-cua-small-json/pa-004__de-fet__601_17.json	1	sí	"[{""occurrence"":1,""local_start_s"":""2.750"",""local_end_s"":""3.000"",""absolute_start_s"":""603.920"",""absolute_end_s"":""604.170"",""prob_min"":""0.6882"",""text"":""de fet""}]"
pa-006	de fet	285.25-291.75	clips/pa-006__de-fet__285.25.wav	qa-cua-small-json/pa-006__de-fet__285_25.json	1	sí	"[{""occurrence"":1,""local_start_s"":""1.270"",""local_end_s"":""2.070"",""absolute_start_s"":""286.520"",""absolute_end_s"":""287.320"",""prob_min"":""0.8407"",""text"":""de fet""}]"
pa-008	de fet	799.25-804.75	clips/pa-008__de-fet__799.25.wav	qa-cua-small-json/pa-008__de-fet__799_25.json	1	sí	"[{""occurrence"":1,""local_start_s"":""2.440"",""local_end_s"":""2.690"",""absolute_start_s"":""801.690"",""absolute_end_s"":""801.940"",""prob_min"":""0.7983"",""text"":""de fet""}]"
pa-010	de fet	647.25-652.75	clips/pa-010__de-fet__647.25.wav	qa-cua-small-json/pa-010__de-fet__647_25.json	1	sí	"[{""occurrence"":1,""local_start_s"":""1.480"",""local_end_s"":""1.990"",""absolute_start_s"":""648.730"",""absolute_end_s"":""649.240"",""prob_min"":""0.6151"",""text"":""de fet""}]"
pa-011	de fet	557.25-561.31	clips/pa-011__de-fet__557.25.wav	qa-cua-small-json/pa-011__de-fet__557_25.json	1	sí	"[{""occurrence"":1,""local_start_s"":""0.000"",""local_end_s"":""0.690"",""absolute_start_s"":""557.250"",""absolute_end_s"":""557.940"",""prob_min"":""0.5130"",""text"":""de fet""}]"
pa-016	de fet	318.53-324.03	clips/pa-016__de-fet__318.53.wav	qa-cua-small-json/pa-016__de-fet__318_53.json	1	sí	"[{""occurrence"":1,""local_start_s"":""2.270"",""local_end_s"":""2.360"",""absolute_start_s"":""320.800"",""absolute_end_s"":""320.890"",""prob_min"":""0.5592"",""text"":""de fet""}]"
pa-022	de fet	420.21-424.71	clips/pa-022__de-fet__420.21.wav	qa-cua-small-json/pa-022__de-fet__420_21.json	0	no	[]
pa-023	de fet	72.49-78.31	clips/pa-023__de-fet__72.49.wav	qa-cua-small-json/pa-023__de-fet__72_49.json	1	sí	"[{""occurrence"":1,""local_start_s"":""4.670"",""local_end_s"":""4.870"",""absolute_start_s"":""77.160"",""absolute_end_s"":""77.360"",""prob_min"":""0.7118"",""text"":""de fet""}]"
pa-024	de fet	482.25-489.07	clips/pa-024__de-fet__482.25.wav	qa-cua-small-json/pa-024__de-fet__482_25.json	1	sí	"[{""occurrence"":1,""local_start_s"":""0.040"",""local_end_s"":""0.330"",""absolute_start_s"":""482.290"",""absolute_end_s"":""482.580"",""prob_min"":""0.2345"",""text"":""de fet""}]"
pa-025	de fet	890.85-894.31	clips/pa-025__de-fet__890.85.wav	qa-cua-small-json/pa-025__de-fet__890_85.json	1	sí	"[{""occurrence"":1,""local_start_s"":""1.590"",""local_end_s"":""2.000"",""absolute_start_s"":""892.440"",""absolute_end_s"":""892.850"",""prob_min"":""0.6469"",""text"":""de fet""}]"
pa-027	de fet	109.45-115.11	clips/pa-027__de-fet__109.45.wav	qa-cua-small-json/pa-027__de-fet__109_45.json	1	sí	"[{""occurrence"":1,""local_start_s"":""0.540"",""local_end_s"":""1.040"",""absolute_start_s"":""109.990"",""absolute_end_s"":""110.490"",""prob_min"":""0.3832"",""text"":""de fet""}]"
pa-028	de fet	31.17-37.07	clips/pa-028__de-fet__31.17.wav	qa-cua-small-json/pa-028__de-fet__31_17.json	1	sí	"[{""occurrence"":1,""local_start_s"":""4.600"",""local_end_s"":""4.870"",""absolute_start_s"":""35.770"",""absolute_end_s"":""36.040"",""prob_min"":""0.7839"",""text"":""de fet""}]"
pa-031	de fet	9.93-14.23	clips/pa-031__de-fet__9.93.wav	qa-cua-small-json/pa-031__de-fet__9_93.json	1	sí	"[{""occurrence"":1,""local_start_s"":""0.930"",""local_end_s"":""1.630"",""absolute_start_s"":""10.860"",""absolute_end_s"":""11.560"",""prob_min"":""0.8205"",""text"":""de fet""}]"
pa-033	de fet	249.69-252.55	clips/pa-033__de-fet__249.69.wav	qa-cua-small-json/pa-033__de-fet__249_69.json	1	sí	"[{""occurrence"":1,""local_start_s"":""1.180"",""local_end_s"":""1.460"",""absolute_start_s"":""250.870"",""absolute_end_s"":""251.150"",""prob_min"":""0.9628"",""text"":""de fet""}]"
pa-040	de fet	70.17-73.51	clips/pa-040__de-fet__70.17.wav	qa-cua-small-json/pa-040__de-fet__70_17.json	1	sí	"[{""occurrence"":1,""local_start_s"":""1.080"",""local_end_s"":""1.380"",""absolute_start_s"":""71.250"",""absolute_end_s"":""71.550"",""prob_min"":""0.9576"",""text"":""de fet""}]"
pa-051	de fet	200.81-205.31	clips/pa-051__de-fet__200.81.wav	qa-cua-small-json/pa-051__de-fet__200_81.json	0	no	[]
pa-057	de fet	561.25-569.07	clips/pa-057__de-fet__561.25.wav	qa-cua-small-json/pa-057__de-fet__561_25.json	0	no	[]
pa-060	de fet	72.57-78.35	clips/pa-060__de-fet__72.57.wav	qa-cua-small-json/pa-060__de-fet__72_57.json	1	sí	"[{""occurrence"":1,""local_start_s"":""4.700"",""local_end_s"":""4.840"",""absolute_start_s"":""77.270"",""absolute_end_s"":""77.410"",""prob_min"":""0.8385"",""text"":""de fet""}]"
pa-065	de fet	883.97-888.71	clips/pa-065__de-fet__883.97.wav	qa-cua-small-json/pa-065__de-fet__883_97.json	0	no	[]
pa-066	de fet	44.37-49.71	clips/pa-066__de-fet__44.37.wav	qa-cua-small-json/pa-066__de-fet__44_37.json	1	sí	"[{""occurrence"":1,""local_start_s"":""1.460"",""local_end_s"":""1.790"",""absolute_start_s"":""45.830"",""absolute_end_s"":""46.160"",""prob_min"":""0.7471"",""text"":""de fet""}]"
pa-001	és a dir	890.97-894.47	clips/pa-001__s-a-dir__890.97.wav	qa-cua-small-json/pa-001__s-a-dir__890_97.json	0	no	[]
pa-002	és a dir	12.25-17.75	clips/pa-002__s-a-dir__12.25.wav	qa-cua-small-json/pa-002__s-a-dir__12_25.json	0	no	[]
pa-003	és a dir	65.05-70.51	clips/pa-003__s-a-dir__65.05.wav	qa-cua-small-json/pa-003__s-a-dir__65_05.json	1	sí	"[{""occurrence"":1,""local_start_s"":""0.000"",""local_end_s"":""0.510"",""absolute_start_s"":""65.050"",""absolute_end_s"":""65.560"",""prob_min"":""0.4942"",""text"":""És a dir""}]"
pa-007	és a dir	684.25-687.75	clips/pa-007__s-a-dir__684.25.wav	qa-cua-small-json/pa-007__s-a-dir__684_25.json	1	sí	"[{""occurrence"":1,""local_start_s"":""0.000"",""local_end_s"":""1.170"",""absolute_start_s"":""684.250"",""absolute_end_s"":""685.420"",""prob_min"":""0.0916"",""text"":""és a dir""}]"
pa-008	és a dir	1110.25-1114.75	clips/pa-008__s-a-dir__1110.25.wav	qa-cua-small-json/pa-008__s-a-dir__1110_25.json	1	sí	"[{""occurrence"":1,""local_start_s"":""2.300"",""local_end_s"":""2.600"",""absolute_start_s"":""1112.550"",""absolute_end_s"":""1112.850"",""prob_min"":""0.4791"",""text"":""És a dir""}]"
pa-010	és a dir	243.25-249.55	clips/pa-010__s-a-dir__243.25.wav	qa-cua-small-json/pa-010__s-a-dir__243_25.json	1	sí	"[{""occurrence"":1,""local_start_s"":""0.000"",""local_end_s"":""0.380"",""absolute_start_s"":""243.250"",""absolute_end_s"":""243.630"",""prob_min"":""0.3904"",""text"":""és a dir""}]"
pa-011	és a dir	48.09-54.67	clips/pa-011__s-a-dir__48.09.wav	qa-cua-small-json/pa-011__s-a-dir__48_09.json	1	sí	"[{""occurrence"":1,""local_start_s"":""0.000"",""local_end_s"":""0.850"",""absolute_start_s"":""48.090"",""absolute_end_s"":""48.940"",""prob_min"":""0.0626"",""text"":""és a dir""}]"
pa-013	és a dir	579.17-586.75	clips/pa-013__s-a-dir__579.17.wav	qa-cua-small-json/pa-013__s-a-dir__579_17.json	1	sí	"[{""occurrence"":1,""local_start_s"":""1.200"",""local_end_s"":""1.540"",""absolute_start_s"":""580.370"",""absolute_end_s"":""580.710"",""prob_min"":""0.6284"",""text"":""És a dir""}]"
pa-014	és a dir	95.45-107.35	clips/pa-014__s-a-dir__95.45.wav	qa-cua-small-json/pa-014__s-a-dir__95_45.json	0	no	[]
pa-016	és a dir	85.97-90.59	clips/pa-016__s-a-dir__85.97.wav	qa-cua-small-json/pa-016__s-a-dir__85_97.json	1	sí	"[{""occurrence"":1,""local_start_s"":""1.000"",""local_end_s"":""1.170"",""absolute_start_s"":""86.970"",""absolute_end_s"":""87.140"",""prob_min"":""0.1726"",""text"":""És a dir""}]"
pa-017	és a dir	487.25-494.75	clips/pa-017__s-a-dir__487.25.wav	qa-cua-small-json/pa-017__s-a-dir__487_25.json	1	sí	"[{""occurrence"":1,""local_start_s"":""1.520"",""local_end_s"":""1.710"",""absolute_start_s"":""488.770"",""absolute_end_s"":""488.960"",""prob_min"":""0.4956"",""text"":""és a dir""}]"
pa-018	és a dir	74.49-79.83	clips/pa-018__s-a-dir__74.49.wav	qa-cua-small-json/pa-018__s-a-dir__74_49.json	0	no	[]
pa-019	és a dir	56.25-60.75	clips/pa-019__s-a-dir__56.25.wav	qa-cua-small-json/pa-019__s-a-dir__56_25.json	0	no	[]
pa-021	és a dir	32.29-38.55	clips/pa-021__s-a-dir__32.29.wav	qa-cua-small-json/pa-021__s-a-dir__32_29.json	1	sí	"[{""occurrence"":1,""local_start_s"":""1.130"",""local_end_s"":""2.120"",""absolute_start_s"":""33.420"",""absolute_end_s"":""34.410"",""prob_min"":""0.3647"",""text"":""És a dir""}]"
pa-022	és a dir	11.49-17.91	clips/pa-022__s-a-dir__11.49.wav	qa-cua-small-json/pa-022__s-a-dir__11_49.json	1	sí	"[{""occurrence"":1,""local_start_s"":""3.800"",""local_end_s"":""4.560"",""absolute_start_s"":""15.290"",""absolute_end_s"":""16.050"",""prob_min"":""0.1417"",""text"":""És a dir""}]"
pa-023	és a dir	207.17-213.55	clips/pa-023__s-a-dir__207.17.wav	qa-cua-small-json/pa-023__s-a-dir__207_17.json	1	sí	"[{""occurrence"":1,""local_start_s"":""0.000"",""local_end_s"":""0.550"",""absolute_start_s"":""207.170"",""absolute_end_s"":""207.720"",""prob_min"":""0.0165"",""text"":""És a dir""}]"
pa-024	és a dir	78.49-84.39	clips/pa-024__s-a-dir__78.49.wav	qa-cua-small-json/pa-024__s-a-dir__78_49.json	0	no	[]
pa-025	és a dir	64.61-70.95	clips/pa-025__s-a-dir__64.61.wav	qa-cua-small-json/pa-025__s-a-dir__64_61.json	0	no	[]
pa-026	és a dir	64.09-68.39	clips/pa-026__s-a-dir__64.09.wav	qa-cua-small-json/pa-026__s-a-dir__64_09.json	0	no	[]
pa-027	és a dir	185.61-192.87	clips/pa-027__s-a-dir__185.61.wav	qa-cua-small-json/pa-027__s-a-dir__185_61.json	1	sí	"[{""occurrence"":1,""local_start_s"":""1.000"",""local_end_s"":""1.770"",""absolute_start_s"":""186.610"",""absolute_end_s"":""187.380"",""prob_min"":""0.6623"",""text"":""és a dir""}]"
pa-029	és a dir	20.17-25.95	clips/pa-029__s-a-dir__20.17.wav	qa-cua-small-json/pa-029__s-a-dir__20_17.json	0	no	[]
pa-030	és a dir	193.13-199.43	clips/pa-030__s-a-dir__193.13.wav	qa-cua-small-json/pa-030__s-a-dir__193_13.json	1	sí	"[{""occurrence"":1,""local_start_s"":""1.080"",""local_end_s"":""1.470"",""absolute_start_s"":""194.210"",""absolute_end_s"":""194.600"",""prob_min"":""0.3545"",""text"":""És a dir""}]"
pa-033	és a dir	39.29-44.27	clips/pa-033__s-a-dir__39.29.wav	qa-cua-small-json/pa-033__s-a-dir__39_29.json	2	sí	"[{""occurrence"":1,""local_start_s"":""0.000"",""local_end_s"":""0.460"",""absolute_start_s"":""39.290"",""absolute_end_s"":""39.750"",""prob_min"":""0.2217"",""text"":""és a dir""},{""occurrence"":2,""local_start_s"":""1.550"",""local_end_s"":""1.890"",""absolute_start_s"":""40.840"",""absolute_end_s"":""41.180"",""prob_min"":""0.4670"",""text"":""és a dir""}]"
pa-034	és a dir	319.09-323.47	clips/pa-034__s-a-dir__319.09.wav	qa-cua-small-json/pa-034__s-a-dir__319_09.json	1	sí	"[{""occurrence"":1,""local_start_s"":""0.800"",""local_end_s"":""1.340"",""absolute_start_s"":""319.890"",""absolute_end_s"":""320.430"",""prob_min"":""0.6783"",""text"":""és a dir""}]"
pa-035	és a dir	582.29-589.75	clips/pa-035__s-a-dir__582.29.wav	qa-cua-small-json/pa-035__s-a-dir__582_29.json	1	sí	"[{""occurrence"":1,""local_start_s"":""0.000"",""local_end_s"":""0.750"",""absolute_start_s"":""582.290"",""absolute_end_s"":""583.040"",""prob_min"":""0.1928"",""text"":""És a dir""}]"
pa-039	és a dir	209.05-216.11	clips/pa-039__s-a-dir__209.05.wav	qa-cua-small-json/pa-039__s-a-dir__209_05.json	0	no	[]
pa-041	és a dir	259.25-265.75	clips/pa-041__s-a-dir__259.25.wav	qa-cua-small-json/pa-041__s-a-dir__259_25.json	0	no	[]
pa-043	és a dir	107.25-111.75	clips/pa-043__s-a-dir__107.25.wav	qa-cua-small-json/pa-043__s-a-dir__107_25.json	1	sí	"[{""occurrence"":1,""local_start_s"":""1.000"",""local_end_s"":""1.330"",""absolute_start_s"":""108.250"",""absolute_end_s"":""108.580"",""prob_min"":""0.3177"",""text"":""És a dir""}]"
pa-046	és a dir	135.61-140.07	clips/pa-046__s-a-dir__135.61.wav	qa-cua-small-json/pa-046__s-a-dir__135_61.json	1	sí	"[{""occurrence"":1,""local_start_s"":""2.000"",""local_end_s"":""2.320"",""absolute_start_s"":""137.610"",""absolute_end_s"":""137.930"",""prob_min"":""0.8034"",""text"":""és a dir""}]"
pa-048	és a dir	1130.61-1135.31	clips/pa-048__s-a-dir__1130.61.wav	qa-cua-small-json/pa-048__s-a-dir__1130_61.json	1	sí	"[{""occurrence"":1,""local_start_s"":""0.000"",""local_end_s"":""1.530"",""absolute_start_s"":""1130.610"",""absolute_end_s"":""1132.140"",""prob_min"":""0.0362"",""text"":""és a dir""}]"
pa-049	és a dir	907.25-911.75	clips/pa-049__s-a-dir__907.25.wav	qa-cua-small-json/pa-049__s-a-dir__907_25.json	0	no	[]
pa-055	és a dir	63.89-68.59	clips/pa-055__s-a-dir__63.89.wav	qa-cua-small-json/pa-055__s-a-dir__63_89.json	0	no	[]
pa-056	és a dir	7.45-10.87	clips/pa-056__s-a-dir__7.45.wav	qa-cua-small-json/pa-056__s-a-dir__7_45.json	0	no	[]
pa-057	és a dir	19.89-25.51	clips/pa-057__s-a-dir__19.89.wav	qa-cua-small-json/pa-057__s-a-dir__19_89.json	0	no	[]
pa-058	és a dir	74.41-79.87	clips/pa-058__s-a-dir__74.41.wav	qa-cua-small-json/pa-058__s-a-dir__74_41.json	1	sí	"[{""occurrence"":1,""local_start_s"":""1.090"",""local_end_s"":""1.660"",""absolute_start_s"":""75.500"",""absolute_end_s"":""76.070"",""prob_min"":""0.9532"",""text"":""És a dir""}]"
pa-059	és a dir	487.81-491.67	clips/pa-059__s-a-dir__487.81.wav	qa-cua-small-json/pa-059__s-a-dir__487_81.json	1	sí	"[{""occurrence"":1,""local_start_s"":""0.000"",""local_end_s"":""0.560"",""absolute_start_s"":""487.810"",""absolute_end_s"":""488.370"",""prob_min"":""0.3117"",""text"":""És a dir""}]"
pa-060	és a dir	207.33-213.63	clips/pa-060__s-a-dir__207.33.wav	qa-cua-small-json/pa-060__s-a-dir__207_33.json	1	sí	"[{""occurrence"":1,""local_start_s"":""0.030"",""local_end_s"":""0.530"",""absolute_start_s"":""207.360"",""absolute_end_s"":""207.860"",""prob_min"":""0.1095"",""text"":""És a dir""}]"
pa-062	és a dir	973.65-980.31	clips/pa-062__s-a-dir__973.65.wav	qa-cua-small-json/pa-062__s-a-dir__973_65.json	1	sí	"[{""occurrence"":1,""local_start_s"":""1.000"",""local_end_s"":""1.770"",""absolute_start_s"":""974.650"",""absolute_end_s"":""975.420"",""prob_min"":""0.7665"",""text"":""és a dir""}]"
pa-064	és a dir	258.61-265.03	clips/pa-064__s-a-dir__258.61.wav	qa-cua-small-json/pa-064__s-a-dir__258_61.json	1	sí	"[{""occurrence"":1,""local_start_s"":""0.080"",""local_end_s"":""0.670"",""absolute_start_s"":""258.690"",""absolute_end_s"":""259.280"",""prob_min"":""0.0375"",""text"":""És a dir""}]"
pa-065	és a dir	221.29-226.15	clips/pa-065__s-a-dir__221.29.wav	qa-cua-small-json/pa-065__s-a-dir__221_29.json	1	sí	"[{""occurrence"":1,""local_start_s"":""0.000"",""local_end_s"":""0.690"",""absolute_start_s"":""221.290"",""absolute_end_s"":""221.980"",""prob_min"":""0.1110"",""text"":""És a dir""}]"
pa-001	aleshores	10.13-13.63	clips/pa-001__aleshores__10.13.wav	qa-cua-small-json/pa-001__aleshores__10_13.json	0	no	[]
pa-003	aleshores	18.69-23.19	clips/pa-003__aleshores__18.69.wav	qa-cua-small-json/pa-003__aleshores__18_69.json	0	no	[]
pa-006	aleshores	513.25-518.75	clips/pa-006__aleshores__513.25.wav	qa-cua-small-json/pa-006__aleshores__513_25.json	1	sí	"[{""occurrence"":1,""local_start_s"":""0.030"",""local_end_s"":""0.740"",""absolute_start_s"":""513.280"",""absolute_end_s"":""513.990"",""prob_min"":""0.5916"",""text"":""Aleshores""}]"
pa-008	aleshores	1315.25-1319.75	clips/pa-008__aleshores__1315.25.wav	qa-cua-small-json/pa-008__aleshores__1315_25.json	1	sí	"[{""occurrence"":1,""local_start_s"":""1.160"",""local_end_s"":""1.630"",""absolute_start_s"":""1316.410"",""absolute_end_s"":""1316.880"",""prob_min"":""0.6411"",""text"":""Aleshores""}]"
pa-011	aleshores	89.33-95.07	clips/pa-011__aleshores__89.33.wav	qa-cua-small-json/pa-011__aleshores__89_33.json	0	no	[]
pa-012	aleshores	246.25-250.75	clips/pa-012__aleshores__246.25.wav	qa-cua-small-json/pa-012__aleshores__246_25.json	1	sí	"[{""occurrence"":1,""local_start_s"":""0.340"",""local_end_s"":""1.150"",""absolute_start_s"":""246.590"",""absolute_end_s"":""247.400"",""prob_min"":""0.2041"",""text"":""aleshores""}]"
pa-014	aleshores	119.85-128.75	clips/pa-014__aleshores__119.85.wav	qa-cua-small-json/pa-014__aleshores__119_85.json	0	no	[]
pa-021	aleshores	12.25-16.87	clips/pa-021__aleshores__12.25.wav	qa-cua-small-json/pa-021__aleshores__12_25.json	0	no	[]
pa-025	aleshores	361.93-368.19	clips/pa-025__aleshores__361.93.wav	qa-cua-small-json/pa-025__aleshores__361_93.json	1	sí	"[{""occurrence"":1,""local_start_s"":""0.410"",""local_end_s"":""1.640"",""absolute_start_s"":""362.340"",""absolute_end_s"":""363.570"",""prob_min"":""0.7026"",""text"":""aleshores""}]"
pa-030	aleshores	392.41-397.91	clips/pa-030__aleshores__392.41.wav	qa-cua-small-json/pa-030__aleshores__392_41.json	1	sí	"[{""occurrence"":1,""local_start_s"":""0.120"",""local_end_s"":""1.250"",""absolute_start_s"":""392.530"",""absolute_end_s"":""393.660"",""prob_min"":""0.3657"",""text"":""aleshores""}]"
pa-031	aleshores	54.09-57.91	clips/pa-031__aleshores__54.09.wav	qa-cua-small-json/pa-031__aleshores__54_09.json	1	sí	"[{""occurrence"":1,""local_start_s"":""0.770"",""local_end_s"":""1.230"",""absolute_start_s"":""54.860"",""absolute_end_s"":""55.320"",""prob_min"":""0.4175"",""text"":""aleshores""}]"
pa-032	aleshores	79.09-87.19	clips/pa-032__aleshores__79.09.wav	qa-cua-small-json/pa-032__aleshores__79_09.json	1	sí	"[{""occurrence"":1,""local_start_s"":""0.210"",""local_end_s"":""2.140"",""absolute_start_s"":""79.300"",""absolute_end_s"":""81.230"",""prob_min"":""0.2226"",""text"":""aleshores""}]"
pa-045	aleshores	1193.41-1197.91	clips/pa-045__aleshores__1193.41.wav	qa-cua-small-json/pa-045__aleshores__1193_41.json	0	no	[]
pa-046	aleshores	527.57-532.55	clips/pa-046__aleshores__527.57.wav	qa-cua-small-json/pa-046__aleshores__527_57.json	1	sí	"[{""occurrence"":1,""local_start_s"":""2.800"",""local_end_s"":""3.290"",""absolute_start_s"":""530.370"",""absolute_end_s"":""530.860"",""prob_min"":""0.5334"",""text"":""aleshores""}]"
pa-048	aleshores	701.05-707.67	clips/pa-048__aleshores__701.05.wav	qa-cua-small-json/pa-048__aleshores__701_05.json	0	no	[]
pa-049	aleshores	110.29-118.67	clips/pa-049__aleshores__110.29.wav	qa-cua-small-json/pa-049__aleshores__110_29.json	1	sí	"[{""occurrence"":1,""local_start_s"":""6.080"",""local_end_s"":""6.370"",""absolute_start_s"":""116.370"",""absolute_end_s"":""116.660"",""prob_min"":""0.8959"",""text"":""Aleshores""}]"
pa-056	aleshores	393.13-397.83	clips/pa-056__aleshores__393.13.wav	qa-cua-small-json/pa-056__aleshores__393_13.json	1	sí	"[{""occurrence"":1,""local_start_s"":""0.300"",""local_end_s"":""1.210"",""absolute_start_s"":""393.430"",""absolute_end_s"":""394.340"",""prob_min"":""0.5797"",""text"":""aleshores""}]"
pa-060	aleshores	147.17-151.47	clips/pa-060__aleshores__147.17.wav	qa-cua-small-json/pa-060__aleshores__147_17.json	0	no	[]
pa-063	aleshores	151.45-155.23	clips/pa-063__aleshores__151.45.wav	qa-cua-small-json/pa-063__aleshores__151_45.json	0	no	[]
pa-065	aleshores	170.69-174.71	clips/pa-065__aleshores__170.69.wav	qa-cua-small-json/pa-065__aleshores__170_69.json	1	sí	"[{""occurrence"":1,""local_start_s"":""0.090"",""local_end_s"":""0.940"",""absolute_start_s"":""170.780"",""absolute_end_s"":""171.630"",""prob_min"":""0.4565"",""text"":""aleshores""}]"
pa-001	evidentment	1067.69-1071.19	clips/pa-001__evidentment__1067.69.wav	qa-cua-small-json/pa-001__evidentment__1067_69.json	1	sí	"[{""occurrence"":1,""local_start_s"":""2.230"",""local_end_s"":""2.360"",""absolute_start_s"":""1069.920"",""absolute_end_s"":""1070.050"",""prob_min"":""0.8911"",""text"":""evidentment""}]"
pa-002	evidentment	205.25-209.75	clips/pa-002__evidentment__205.25.wav	qa-cua-small-json/pa-002__evidentment__205_25.json	1	sí	"[{""occurrence"":1,""local_start_s"":""0.610"",""local_end_s"":""1.580"",""absolute_start_s"":""205.860"",""absolute_end_s"":""206.830"",""prob_min"":""0.9889"",""text"":""evidentment""}]"
pa-003	evidentment	158.81-165.19	clips/pa-003__evidentment__158.81.wav	qa-cua-small-json/pa-003__evidentment__158_81.json	1	sí	"[{""occurrence"":1,""local_start_s"":""0.850"",""local_end_s"":""1.530"",""absolute_start_s"":""159.660"",""absolute_end_s"":""160.340"",""prob_min"":""0.3957"",""text"":""evidentment""}]"
pa-004	evidentment	522.93-528.15	clips/pa-004__evidentment__522.93.wav	qa-cua-small-json/pa-004__evidentment__522_93.json	1	sí	"[{""occurrence"":1,""local_start_s"":""3.920"",""local_end_s"":""3.970"",""absolute_start_s"":""526.850"",""absolute_end_s"":""526.900"",""prob_min"":""0.9676"",""text"":""evidentment""}]"
pa-006	evidentment	124.25-131.75	clips/pa-006__evidentment__124.25.wav	qa-cua-small-json/pa-006__evidentment__124_25.json	0	no	[]
pa-007	evidentment	778.25-783.75	clips/pa-007__evidentment__778.25.wav	qa-cua-small-json/pa-007__evidentment__778_25.json	1	sí	"[{""occurrence"":1,""local_start_s"":""4.080"",""local_end_s"":""4.880"",""absolute_start_s"":""782.330"",""absolute_end_s"":""783.130"",""prob_min"":""0.9315"",""text"":""evidentment""}]"
pa-009	evidentment	947.25-951.75	clips/pa-009__evidentment__947.25.wav	qa-cua-small-json/pa-009__evidentment__947_25.json	1	sí	"[{""occurrence"":1,""local_start_s"":""1.000"",""local_end_s"":""1.740"",""absolute_start_s"":""948.250"",""absolute_end_s"":""948.990"",""prob_min"":""0.9520"",""text"":""evidentment""}]"
pa-011	evidentment	157.65-163.71	clips/pa-011__evidentment__157.65.wav	qa-cua-small-json/pa-011__evidentment__157_65.json	1	sí	"[{""occurrence"":1,""local_start_s"":""0.000"",""local_end_s"":""0.860"",""absolute_start_s"":""157.650"",""absolute_end_s"":""158.510"",""prob_min"":""0.1852"",""text"":""evidentment""}]"
pa-013	evidentment	530.29-540.27	clips/pa-013__evidentment__530.29.wav	qa-cua-small-json/pa-013__evidentment__530_29.json	0	no	[]
pa-014	evidentment	28.65-37.55	clips/pa-014__evidentment__28.65.wav	qa-cua-small-json/pa-014__evidentment__28_65.json	1	sí	"[{""occurrence"":1,""local_start_s"":""3.180"",""local_end_s"":""3.330"",""absolute_start_s"":""31.830"",""absolute_end_s"":""31.980"",""prob_min"":""0.8709"",""text"":""evidentment""}]"
pa-016	evidentment	456.85-463.03	clips/pa-016__evidentment__456.85.wav	qa-cua-small-json/pa-016__evidentment__456_85.json	1	sí	"[{""occurrence"":1,""local_start_s"":""0.220"",""local_end_s"":""1.050"",""absolute_start_s"":""457.070"",""absolute_end_s"":""457.900"",""prob_min"":""0.7723"",""text"":""evidentment""}]"
pa-017	evidentment	152.25-161.75	clips/pa-017__evidentment__152.25.wav	qa-cua-small-json/pa-017__evidentment__152_25.json	1	sí	"[{""occurrence"":1,""local_start_s"":""0.000"",""local_end_s"":""2.050"",""absolute_start_s"":""152.250"",""absolute_end_s"":""154.300"",""prob_min"":""0.1209"",""text"":""Evidentment""}]"
pa-019	evidentment	93.25-97.75	clips/pa-019__evidentment__93.25.wav	qa-cua-small-json/pa-019__evidentment__93_25.json	1	sí	"[{""occurrence"":1,""local_start_s"":""2.080"",""local_end_s"":""2.940"",""absolute_start_s"":""95.330"",""absolute_end_s"":""96.190"",""prob_min"":""0.7612"",""text"":""evidentment""}]"
pa-020	evidentment	117.57-122.27	clips/pa-020__evidentment__117.57.wav	qa-cua-small-json/pa-020__evidentment__117_57.json	0	no	[]
pa-021	evidentment	211.41-215.75	clips/pa-021__evidentment__211.41.wav	qa-cua-small-json/pa-021__evidentment__211_41.json	1	sí	"[{""occurrence"":1,""local_start_s"":""0.510"",""local_end_s"":""1.640"",""absolute_start_s"":""211.920"",""absolute_end_s"":""213.050"",""prob_min"":""0.4338"",""text"":""evidentment""}]"
pa-022	evidentment	303.01-309.59	clips/pa-022__evidentment__303.01.wav	qa-cua-small-json/pa-022__evidentment__303_01.json	1	sí	"[{""occurrence"":1,""local_start_s"":""0.000"",""local_end_s"":""1.230"",""absolute_start_s"":""303.010"",""absolute_end_s"":""304.240"",""prob_min"":""0.2581"",""text"":""Evidentment""}]"
pa-024	evidentment	518.89-523.51	clips/pa-024__evidentment__518.89.wav	qa-cua-small-json/pa-024__evidentment__518_89.json	1	sí	"[{""occurrence"":1,""local_start_s"":""3.450"",""local_end_s"":""3.750"",""absolute_start_s"":""522.340"",""absolute_end_s"":""522.640"",""prob_min"":""0.6014"",""text"":""evidentment""}]"
pa-025	evidentment	1156.61-1160.31	clips/pa-025__evidentment__1156.61.wav	qa-cua-small-json/pa-025__evidentment__1156_61.json	1	sí	"[{""occurrence"":1,""local_start_s"":""0.800"",""local_end_s"":""1.360"",""absolute_start_s"":""1157.410"",""absolute_end_s"":""1157.970"",""prob_min"":""0.7289"",""text"":""evidentment""}]"
pa-026	evidentment	1648.81-1653.83	clips/pa-026__evidentment__1648.81.wav	qa-cua-small-json/pa-026__evidentment__1648_81.json	0	no	[]
pa-027	evidentment	174.09-178.23	clips/pa-027__evidentment__174.09.wav	qa-cua-small-json/pa-027__evidentment__174_09.json	1	sí	"[{""occurrence"":1,""local_start_s"":""1.220"",""local_end_s"":""1.830"",""absolute_start_s"":""175.310"",""absolute_end_s"":""175.920"",""prob_min"":""0.8805"",""text"":""evidentment""}]"
pa-030	evidentment	43.53-48.63	clips/pa-030__evidentment__43.53.wav	qa-cua-small-json/pa-030__evidentment__43_53.json	1	sí	"[{""occurrence"":1,""local_start_s"":""1.320"",""local_end_s"":""2.040"",""absolute_start_s"":""44.850"",""absolute_end_s"":""45.570"",""prob_min"":""0.8964"",""text"":""evidentment""}]"
pa-035	evidentment	472.93-481.79	clips/pa-035__evidentment__472.93.wav	qa-cua-small-json/pa-035__evidentment__472_93.json	0	no	[]
pa-036	evidentment	202.85-211.95	clips/pa-036__evidentment__202.85.wav	qa-cua-small-json/pa-036__evidentment__202_85.json	1	sí	"[{""occurrence"":1,""local_start_s"":""5.100"",""local_end_s"":""5.570"",""absolute_start_s"":""207.950"",""absolute_end_s"":""208.420"",""prob_min"":""0.9393"",""text"":""evidentment""}]"
pa-039	evidentment	184.17-188.67	clips/pa-039__evidentment__184.17.wav	qa-cua-small-json/pa-039__evidentment__184_17.json	1	sí	"[{""occurrence"":1,""local_start_s"":""0.000"",""local_end_s"":""0.910"",""absolute_start_s"":""184.170"",""absolute_end_s"":""185.080"",""prob_min"":""0.2293"",""text"":""Evidentment""}]"
pa-040	evidentment	103.93-106.95	clips/pa-040__evidentment__103.93.wav	qa-cua-small-json/pa-040__evidentment__103_93.json	1	sí	"[{""occurrence"":1,""local_start_s"":""1.880"",""local_end_s"":""2.190"",""absolute_start_s"":""105.810"",""absolute_end_s"":""106.120"",""prob_min"":""0.8726"",""text"":""Evidentment""}]"
pa-041	evidentment	353.25-360.75	clips/pa-041__evidentment__353.25.wav	qa-cua-small-json/pa-041__evidentment__353_25.json	1	sí	"[{""occurrence"":1,""local_start_s"":""4.070"",""local_end_s"":""4.500"",""absolute_start_s"":""357.320"",""absolute_end_s"":""357.750"",""prob_min"":""0.5787"",""text"":""evidentment""}]"
pa-045	evidentment	290.13-298.31	clips/pa-045__evidentment__290.13.wav	qa-cua-small-json/pa-045__evidentment__290_13.json	1	sí	"[{""occurrence"":1,""local_start_s"":""1.190"",""local_end_s"":""1.960"",""absolute_start_s"":""291.320"",""absolute_end_s"":""292.090"",""prob_min"":""0.9812"",""text"":""evidentment""}]"
pa-046	evidentment	705.69-711.03	clips/pa-046__evidentment__705.69.wav	qa-cua-small-json/pa-046__evidentment__705_69.json	0	no	[]
pa-049	evidentment	117.17-126.51	clips/pa-049__evidentment__117.17.wav	qa-cua-small-json/pa-049__evidentment__117_17.json	1	sí	"[{""occurrence"":1,""local_start_s"":""7.210"",""local_end_s"":""7.990"",""absolute_start_s"":""124.380"",""absolute_end_s"":""125.160"",""prob_min"":""0.7421"",""text"":""evidentment""}]"
pa-055	evidentment	1644.01-1651.31	clips/pa-055__evidentment__1644.01.wav	qa-cua-small-json/pa-055__evidentment__1644_01.json	1	sí	"[{""occurrence"":1,""local_start_s"":""4.940"",""local_end_s"":""5.150"",""absolute_start_s"":""1648.950"",""absolute_end_s"":""1649.160"",""prob_min"":""0.4660"",""text"":""evidentment""}]"
pa-056	evidentment	43.45-48.59	clips/pa-056__evidentment__43.45.wav	qa-cua-small-json/pa-056__evidentment__43_45.json	1	sí	"[{""occurrence"":1,""local_start_s"":""1.310"",""local_end_s"":""1.980"",""absolute_start_s"":""44.760"",""absolute_end_s"":""45.430"",""prob_min"":""0.8623"",""text"":""evidentment""}]"
pa-059	evidentment	152.13-162.03	clips/pa-059__evidentment__152.13.wav	qa-cua-small-json/pa-059__evidentment__152_13.json	1	sí	"[{""occurrence"":1,""local_start_s"":""0.000"",""local_end_s"":""1.420"",""absolute_start_s"":""152.130"",""absolute_end_s"":""153.550"",""prob_min"":""0.0478"",""text"":""Evidentment""}]"
pa-061	evidentment	672.69-677.43	clips/pa-061__evidentment__672.69.wav	qa-cua-small-json/pa-061__evidentment__672_69.json	1	sí	"[{""occurrence"":1,""local_start_s"":""2.040"",""local_end_s"":""2.670"",""absolute_start_s"":""674.730"",""absolute_end_s"":""675.360"",""prob_min"":""0.9005"",""text"":""evidentment""}]"
pa-062	evidentment	163.29-166.67	clips/pa-062__evidentment__163.29.wav	qa-cua-small-json/pa-062__evidentment__163_29.json	0	no	[]
pa-064	evidentment	485.89-491.71	clips/pa-064__evidentment__485.89.wav	qa-cua-small-json/pa-064__evidentment__485_89.json	0	no	[]
pa-066	evidentment	89.75-95.41	clips/pa-066__evidentment__89.75.wav	qa-cua-small-json/pa-066__evidentment__89_75.json	1	sí	"[{""occurrence"":1,""local_start_s"":""0.000"",""local_end_s"":""1.380"",""absolute_start_s"":""89.750"",""absolute_end_s"":""91.130"",""prob_min"":""0.0340"",""text"":""evidentment""}]"
pa-003	diguem	212.85-219.51	clips/pa-003__diguem__212.85.wav	qa-cua-small-json/pa-003__diguem__212_85.json	0	no	[]
pa-006	diguem	530.25-535.75	clips/pa-006__diguem__530.25.wav	qa-cua-small-json/pa-006__diguem__530_25.json	1	sí	"[{""occurrence"":1,""local_start_s"":""4.720"",""local_end_s"":""4.990"",""absolute_start_s"":""534.970"",""absolute_end_s"":""535.240"",""prob_min"":""0.4405"",""text"":""diguem""}]"
pa-007	diguem	585.25-591.75	clips/pa-007__diguem__585.25.wav	qa-cua-small-json/pa-007__diguem__585_25.json	1	sí	"[{""occurrence"":1,""local_start_s"":""1.210"",""local_end_s"":""1.420"",""absolute_start_s"":""586.460"",""absolute_end_s"":""586.670"",""prob_min"":""0.7294"",""text"":""diguem""}]"
pa-008	diguem	374.25-379.75	clips/pa-008__diguem__374.25.wav	qa-cua-small-json/pa-008__diguem__374_25.json	0	no	[]
pa-009	diguem	60.25-66.75	clips/pa-009__diguem__60.25.wav	qa-cua-small-json/pa-009__diguem__60_25.json	0	no	[]
pa-018	diguem	715.49-721.19	clips/pa-018__diguem__715.49.wav	qa-cua-small-json/pa-018__diguem__715_49.json	1	sí	"[{""occurrence"":1,""local_start_s"":""2.430"",""local_end_s"":""2.720"",""absolute_start_s"":""717.920"",""absolute_end_s"":""718.210"",""prob_min"":""0.4794"",""text"":""diguem""}]"
pa-019	diguem	109.25-113.75	clips/pa-019__diguem__109.25.wav	qa-cua-small-json/pa-019__diguem__109_25.json	0	no	[]
pa-020	diguem	1459.77-1463.95	clips/pa-020__diguem__1459.77.wav	qa-cua-small-json/pa-020__diguem__1459_77.json	1	sí	"[{""occurrence"":1,""local_start_s"":""0.120"",""local_end_s"":""0.520"",""absolute_start_s"":""1459.890"",""absolute_end_s"":""1460.290"",""prob_min"":""0.1053"",""text"":""Diguem""}]"
pa-022	diguem	447.57-453.55	clips/pa-022__diguem__447.57.wav	qa-cua-small-json/pa-022__diguem__447_57.json	0	no	[]
pa-023	diguem	55.05-60.95	clips/pa-023__diguem__55.05.wav	qa-cua-small-json/pa-023__diguem__55_05.json	0	no	[]
pa-025	diguem	500.89-506.43	clips/pa-025__diguem__500.89.wav	qa-cua-small-json/pa-025__diguem__500_89.json	1	sí	"[{""occurrence"":1,""local_start_s"":""3.030"",""local_end_s"":""3.470"",""absolute_start_s"":""503.920"",""absolute_end_s"":""504.360"",""prob_min"":""0.6352"",""text"":""diguem""}]"
pa-027	diguem	57.77-63.27	clips/pa-027__diguem__57.77.wav	qa-cua-small-json/pa-027__diguem__57_77.json	1	sí	"[{""occurrence"":1,""local_start_s"":""1.070"",""local_end_s"":""1.490"",""absolute_start_s"":""58.840"",""absolute_end_s"":""59.260"",""prob_min"":""0.3965"",""text"":""diguem""}]"
pa-028	diguem	168.89-174.15	clips/pa-028__diguem__168.89.wav	qa-cua-small-json/pa-028__diguem__168_89.json	0	no	[]
pa-029	diguem	929.69-935.51	clips/pa-029__diguem__929.69.wav	qa-cua-small-json/pa-029__diguem__929_69.json	0	no	[]
pa-033	diguem	49.01-55.91	clips/pa-033__diguem__49.01.wav	qa-cua-small-json/pa-033__diguem__49_01.json	1	sí	"[{""occurrence"":1,""local_start_s"":""5.130"",""local_end_s"":""5.530"",""absolute_start_s"":""54.140"",""absolute_end_s"":""54.540"",""prob_min"":""0.7151"",""text"":""diguem""}]"
pa-034	diguem	504.45-508.51	clips/pa-034__diguem__504.45.wav	qa-cua-small-json/pa-034__diguem__504_45.json	1	sí	"[{""occurrence"":1,""local_start_s"":""2.160"",""local_end_s"":""2.360"",""absolute_start_s"":""506.610"",""absolute_end_s"":""506.810"",""prob_min"":""0.7193"",""text"":""diguem""}]"
pa-037	diguem	469.77-482.03	clips/pa-037__diguem__469.77.wav	qa-cua-small-json/pa-037__diguem__469_77.json	0	no	[]
pa-038	diguem	251.25-260.55	clips/pa-038__diguem__251.25.wav	qa-cua-small-json/pa-038__diguem__251_25.json	0	no	[]
pa-039	diguem	144.37-152.95	clips/pa-039__diguem__144.37.wav	qa-cua-small-json/pa-039__diguem__144_37.json	0	no	[]
pa-046	diguem	626.01-630.19	clips/pa-046__diguem__626.01.wav	qa-cua-small-json/pa-046__diguem__626_01.json	1	sí	"[{""occurrence"":1,""local_start_s"":""2.250"",""local_end_s"":""2.490"",""absolute_start_s"":""628.260"",""absolute_end_s"":""628.500"",""prob_min"":""0.6911"",""text"":""diguem""}]"
pa-049	diguem	213.13-220.43	clips/pa-049__diguem__213.13.wav	qa-cua-small-json/pa-049__diguem__213_13.json	1	sí	"[{""occurrence"":1,""local_start_s"":""5.960"",""local_end_s"":""6.240"",""absolute_start_s"":""219.090"",""absolute_end_s"":""219.370"",""prob_min"":""0.6594"",""text"":""Diguem""}]"
pa-057	diguem	929.81-935.31	clips/pa-057__diguem__929.81.wav	qa-cua-small-json/pa-057__diguem__929_81.json	0	no	[]
pa-058	diguem	715.21-718.91	clips/pa-058__diguem__715.21.wav	qa-cua-small-json/pa-058__diguem__715_21.json	1	sí	"[{""occurrence"":1,""local_start_s"":""2.720"",""local_end_s"":""2.910"",""absolute_start_s"":""717.930"",""absolute_end_s"":""718.120"",""prob_min"":""0.7829"",""text"":""diguem""}]"
pa-060	diguem	55.05-60.91	clips/pa-060__diguem__55.05.wav	qa-cua-small-json/pa-060__diguem__55_05.json	0	no	[]
pa-062	diguem	191.37-197.03	clips/pa-062__diguem__191.37.wav	qa-cua-small-json/pa-062__diguem__191_37.json	1	sí	"[{""occurrence"":1,""local_start_s"":""3.720"",""local_end_s"":""4.080"",""absolute_start_s"":""195.090"",""absolute_end_s"":""195.450"",""prob_min"":""0.6091"",""text"":""diguem""}]"
pa-001	crec	97.33-100.95	clips/pa-001__crec__97.33.wav	qa-cua-small-json/pa-001__crec__97_33.json	1	sí	"[{""occurrence"":1,""local_start_s"":""0.070"",""local_end_s"":""0.340"",""absolute_start_s"":""97.400"",""absolute_end_s"":""97.670"",""prob_min"":""0.0886"",""text"":""crec""}]"
pa-002	crec	248.25-254.75	clips/pa-002__crec__248.25.wav	qa-cua-small-json/pa-002__crec__248_25.json	1	sí	"[{""occurrence"":1,""local_start_s"":""0.310"",""local_end_s"":""0.480"",""absolute_start_s"":""248.560"",""absolute_end_s"":""248.730"",""prob_min"":""0.9653"",""text"":""crec""}]"
pa-003	crec	0.00-7.19	clips/pa-003__crec__0.00.wav	qa-cua-small-json/pa-003__crec__0_00.json	1	sí	"[{""occurrence"":1,""local_start_s"":""1.390"",""local_end_s"":""1.490"",""absolute_start_s"":""1.390"",""absolute_end_s"":""1.490"",""prob_min"":""0.9968"",""text"":""crec""}]"
pa-010	crec	1033.25-1036.75	clips/pa-010__crec__1033.25.wav	qa-cua-small-json/pa-010__crec__1033_25.json	1	sí	"[{""occurrence"":1,""local_start_s"":""0.390"",""local_end_s"":""0.760"",""absolute_start_s"":""1033.640"",""absolute_end_s"":""1034.010"",""prob_min"":""0.8283"",""text"":""crec""}]"
pa-014	crec	153.25-160.55	clips/pa-014__crec__153.25.wav	qa-cua-small-json/pa-014__crec__153_25.json	1	sí	"[{""occurrence"":1,""local_start_s"":""0.310"",""local_end_s"":""0.720"",""absolute_start_s"":""153.560"",""absolute_end_s"":""153.970"",""prob_min"":""0.9940"",""text"":""crec""}]"
pa-016	crec	93.17-100.83	clips/pa-016__crec__93.17.wav	qa-cua-small-json/pa-016__crec__93_17.json	1	sí	"[{""occurrence"":1,""local_start_s"":""5.960"",""local_end_s"":""6.240"",""absolute_start_s"":""99.130"",""absolute_end_s"":""99.410"",""prob_min"":""0.2252"",""text"":""Crec""}]"
pa-018	crec	7.49-12.83	clips/pa-018__crec__7.49.wav	qa-cua-small-json/pa-018__crec__7_49.json	1	sí	"[{""occurrence"":1,""local_start_s"":""1.060"",""local_end_s"":""1.450"",""absolute_start_s"":""8.550"",""absolute_end_s"":""8.940"",""prob_min"":""0.9969"",""text"":""crec""}]"
pa-019	crec	27.25-31.75	clips/pa-019__crec__27.25.wav	qa-cua-small-json/pa-019__crec__27_25.json	1	sí	"[{""occurrence"":1,""local_start_s"":""1.270"",""local_end_s"":""1.570"",""absolute_start_s"":""28.520"",""absolute_end_s"":""28.820"",""prob_min"":""0.9925"",""text"":""crec""}]"
pa-021	crec	115.53-120.03	clips/pa-021__crec__115.53.wav	qa-cua-small-json/pa-021__crec__115_53.json	1	sí	"[{""occurrence"":1,""local_start_s"":""0.800"",""local_end_s"":""1.060"",""absolute_start_s"":""116.330"",""absolute_end_s"":""116.590"",""prob_min"":""0.9550"",""text"":""crec""}]"
pa-022	crec	243.73-249.43	clips/pa-022__crec__243.73.wav	qa-cua-small-json/pa-022__crec__243_73.json	1	sí	"[{""occurrence"":1,""local_start_s"":""0.210"",""local_end_s"":""0.360"",""absolute_start_s"":""243.940"",""absolute_end_s"":""244.090"",""prob_min"":""0.9941"",""text"":""crec""}]"
pa-023	crec	42.93-50.23	clips/pa-023__crec__42.93.wav	qa-cua-small-json/pa-023__crec__42_93.json	0	no	[]
pa-024	crec	368.01-372.63	clips/pa-024__crec__368.01.wav	qa-cua-small-json/pa-024__crec__368_01.json	1	sí	"[{""occurrence"":1,""local_start_s"":""2.710"",""local_end_s"":""2.740"",""absolute_start_s"":""370.720"",""absolute_end_s"":""370.750"",""prob_min"":""0.9944"",""text"":""crec""}]"
pa-025	crec	4.25-9.11	clips/pa-025__crec__4.25.wav	qa-cua-small-json/pa-025__crec__4_25.json	1	sí	"[{""occurrence"":1,""local_start_s"":""0.800"",""local_end_s"":""0.900"",""absolute_start_s"":""5.050"",""absolute_end_s"":""5.150"",""prob_min"":""0.9899"",""text"":""crec""}]"
pa-027	crec	8.81-14.39	clips/pa-027__crec__8.81.wav	qa-cua-small-json/pa-027__crec__8_81.json	1	sí	"[{""occurrence"":1,""local_start_s"":""1.900"",""local_end_s"":""2.020"",""absolute_start_s"":""10.710"",""absolute_end_s"":""10.830"",""prob_min"":""0.9514"",""text"":""crec""}]"
pa-030	crec	346.45-352.99	clips/pa-030__crec__346.45.wav	qa-cua-small-json/pa-030__crec__346_45.json	1	sí	"[{""occurrence"":1,""local_start_s"":""1.730"",""local_end_s"":""2.060"",""absolute_start_s"":""348.180"",""absolute_end_s"":""348.510"",""prob_min"":""0.9742"",""text"":""crec""}]"
pa-031	crec	87.01-92.63	clips/pa-031__crec__87.01.wav	qa-cua-small-json/pa-031__crec__87_01.json	1	sí	"[{""occurrence"":1,""local_start_s"":""2.720"",""local_end_s"":""3.570"",""absolute_start_s"":""89.730"",""absolute_end_s"":""90.580"",""prob_min"":""0.9956"",""text"":""crec""}]"
pa-034	crec	651.65-657.27	clips/pa-034__crec__651.65.wav	qa-cua-small-json/pa-034__crec__651_65.json	1	sí	"[{""occurrence"":1,""local_start_s"":""2.540"",""local_end_s"":""2.640"",""absolute_start_s"":""654.190"",""absolute_end_s"":""654.290"",""prob_min"":""0.6687"",""text"":""crec""}]"
pa-035	crec	872.77-879.91	clips/pa-035__crec__872.77.wav	qa-cua-small-json/pa-035__crec__872_77.json	1	sí	"[{""occurrence"":1,""local_start_s"":""0.660"",""local_end_s"":""0.730"",""absolute_start_s"":""873.430"",""absolute_end_s"":""873.500"",""prob_min"":""0.9666"",""text"":""crec""}]"
pa-037	crec	424.61-437.99	clips/pa-037__crec__424.61.wav	qa-cua-small-json/pa-037__crec__424_61.json	1	sí	"[{""occurrence"":1,""local_start_s"":""11.520"",""local_end_s"":""11.760"",""absolute_start_s"":""436.130"",""absolute_end_s"":""436.370"",""prob_min"":""0.3842"",""text"":""crec""}]"
pa-038	crec	220.69-226.79	clips/pa-038__crec__220.69.wav	qa-cua-small-json/pa-038__crec__220_69.json	1	sí	"[{""occurrence"":1,""local_start_s"":""1.010"",""local_end_s"":""1.590"",""absolute_start_s"":""221.700"",""absolute_end_s"":""222.280"",""prob_min"":""0.9981"",""text"":""crec""}]"
pa-039	crec	90.85-95.95	clips/pa-039__crec__90.85.wav	qa-cua-small-json/pa-039__crec__90_85.json	1	sí	"[{""occurrence"":1,""local_start_s"":""1.640"",""local_end_s"":""1.950"",""absolute_start_s"":""92.490"",""absolute_end_s"":""92.800"",""prob_min"":""0.9907"",""text"":""crec""}]"
pa-040	crec	4.37-7.79	clips/pa-040__crec__4.37.wav	qa-cua-small-json/pa-040__crec__4_37.json	1	sí	"[{""occurrence"":1,""local_start_s"":""0.180"",""local_end_s"":""0.530"",""absolute_start_s"":""4.550"",""absolute_end_s"":""4.900"",""prob_min"":""0.9886"",""text"":""crec""}]"
pa-041	crec	56.25-62.75	clips/pa-041__crec__56.25.wav	qa-cua-small-json/pa-041__crec__56_25.json	1	sí	"[{""occurrence"":1,""local_start_s"":""1.310"",""local_end_s"":""1.810"",""absolute_start_s"":""57.560"",""absolute_end_s"":""58.060"",""prob_min"":""0.9905"",""text"":""crec""}]"
pa-042	crec	32.01-37.35	clips/pa-042__crec__32.01.wav	qa-cua-small-json/pa-042__crec__32_01.json	0	no	[]
pa-043	crec	102.25-108.75	clips/pa-043__crec__102.25.wav	qa-cua-small-json/pa-043__crec__102_25.json	1	sí	"[{""occurrence"":1,""local_start_s"":""5.100"",""local_end_s"":""5.190"",""absolute_start_s"":""107.350"",""absolute_end_s"":""107.440"",""prob_min"":""0.9942"",""text"":""crec""}]"
pa-045	crec	240.61-245.63	clips/pa-045__crec__240.61.wav	qa-cua-small-json/pa-045__crec__240_61.json	0	no	[]
pa-046	crec	208.41-212.47	clips/pa-046__crec__208.41.wav	qa-cua-small-json/pa-046__crec__208_41.json	0	no	[]
pa-048	crec	110.97-117.27	clips/pa-048__crec__110.97.wav	qa-cua-small-json/pa-048__crec__110_97.json	1	sí	"[{""occurrence"":1,""local_start_s"":""2.580"",""local_end_s"":""3.120"",""absolute_start_s"":""113.550"",""absolute_end_s"":""114.090"",""prob_min"":""0.9866"",""text"":""crec""}]"
pa-049	crec	371.85-383.51	clips/pa-049__crec__371.85.wav	qa-cua-small-json/pa-049__crec__371_85.json	1	sí	"[{""occurrence"":1,""local_start_s"":""3.020"",""local_end_s"":""3.380"",""absolute_start_s"":""374.870"",""absolute_end_s"":""375.230"",""prob_min"":""0.9717"",""text"":""crec""}]"
pa-051	crec	208.57-213.39	clips/pa-051__crec__208.57.wav	qa-cua-small-json/pa-051__crec__208_57.json	1	sí	"[{""occurrence"":1,""local_start_s"":""0.140"",""local_end_s"":""0.420"",""absolute_start_s"":""208.710"",""absolute_end_s"":""208.990"",""prob_min"":""0.9924"",""text"":""crec""}]"
pa-056	crec	347.05-353.03	clips/pa-056__crec__347.05.wav	qa-cua-small-json/pa-056__crec__347_05.json	1	sí	"[{""occurrence"":1,""local_start_s"":""1.270"",""local_end_s"":""1.780"",""absolute_start_s"":""348.320"",""absolute_end_s"":""348.830"",""prob_min"":""0.9856"",""text"":""crec""}]"
pa-058	crec	6.69-12.71	clips/pa-058__crec__6.69.wav	qa-cua-small-json/pa-058__crec__6_69.json	0	no	[]
pa-060	crec	42.05-50.19	clips/pa-060__crec__42.05.wav	qa-cua-small-json/pa-060__crec__42_05.json	1	sí	"[{""occurrence"":1,""local_start_s"":""6.130"",""local_end_s"":""6.320"",""absolute_start_s"":""48.180"",""absolute_end_s"":""48.370"",""prob_min"":""0.6236"",""text"":""crec""}]"
pa-061	crec	428.85-435.63	clips/pa-061__crec__428.85.wav	qa-cua-small-json/pa-061__crec__428_85.json	1	sí	"[{""occurrence"":1,""local_start_s"":""1.940"",""local_end_s"":""2.000"",""absolute_start_s"":""430.790"",""absolute_end_s"":""430.850"",""prob_min"":""0.9809"",""text"":""crec""}]"
pa-062	crec	1037.89-1041.47	clips/pa-062__crec__1037.89.wav	qa-cua-small-json/pa-062__crec__1037_89.json	1	sí	"[{""occurrence"":1,""local_start_s"":""1.040"",""local_end_s"":""1.290"",""absolute_start_s"":""1038.930"",""absolute_end_s"":""1039.180"",""prob_min"":""0.9952"",""text"":""crec""}]"
pa-063	crec	758.81-763.23	clips/pa-063__crec__758.81.wav	qa-cua-small-json/pa-063__crec__758_81.json	1	sí	"[{""occurrence"":1,""local_start_s"":""2.740"",""local_end_s"":""3.000"",""absolute_start_s"":""761.550"",""absolute_end_s"":""761.810"",""prob_min"":""0.9939"",""text"":""crec""}]"
pa-064	crec	1335.77-1345.39	clips/pa-064__crec__1335.77.wav	qa-cua-small-json/pa-064__crec__1335_77.json	1	sí	"[{""occurrence"":1,""local_start_s"":""2.300"",""local_end_s"":""2.670"",""absolute_start_s"":""1338.070"",""absolute_end_s"":""1338.440"",""prob_min"":""0.9844"",""text"":""crec""}]"
pa-065	crec	1276.85-1281.67	clips/pa-065__crec__1276.85.wav	qa-cua-small-json/pa-065__crec__1276_85.json	1	sí	"[{""occurrence"":1,""local_start_s"":""0.830"",""local_end_s"":""0.940"",""absolute_start_s"":""1277.680"",""absolute_end_s"":""1277.790"",""prob_min"":""0.6866"",""text"":""crec""}]"
pa-066	crec	219.63-227.13	clips/pa-066__crec__219.63.wav	qa-cua-small-json/pa-066__crec__219_63.json	1	sí	"[{""occurrence"":1,""local_start_s"":""4.560"",""local_end_s"":""5.020"",""absolute_start_s"":""224.190"",""absolute_end_s"":""224.650"",""prob_min"":""0.4971"",""text"":""crec""}]"
pa-001	bueno	207.01-212.99	clips/pa-001__bueno__207.01.wav	qa-cua-small-json/pa-001__bueno__207_01.json	0	no	[]
pa-002	bueno	433.25-440.75	clips/pa-002__bueno__433.25.wav	qa-cua-small-json/pa-002__bueno__433_25.json	0	no	[]
pa-003	bueno	227.05-235.71	clips/pa-003__bueno__227.05.wav	qa-cua-small-json/pa-003__bueno__227_05.json	1	sí	"[{""occurrence"":1,""local_start_s"":""4.370"",""local_end_s"":""4.580"",""absolute_start_s"":""231.420"",""absolute_end_s"":""231.630"",""prob_min"":""0.0756"",""text"":""Bueno""}]"
pa-007	bueno	475.25-480.75	clips/pa-007__bueno__475.25.wav	qa-cua-small-json/pa-007__bueno__475_25.json	0	no	[]
pa-008	bueno	969.25-973.75	clips/pa-008__bueno__969.25.wav	qa-cua-small-json/pa-008__bueno__969_25.json	0	no	[]
pa-016	bueno	93.17-100.83	clips/pa-016__bueno__93.17.wav	qa-cua-small-json/pa-016__bueno__93_17.json	0	no	[]
pa-017	bueno	823.25-829.75	clips/pa-017__bueno__823.25.wav	qa-cua-small-json/pa-017__bueno__823_25.json	0	no	[]
pa-018	bueno	23.21-28.91	clips/pa-018__bueno__23.21.wav	qa-cua-small-json/pa-018__bueno__23_21.json	0	no	[]
pa-019	bueno	328.25-333.75	clips/pa-019__bueno__328.25.wav	qa-cua-small-json/pa-019__bueno__328_25.json	1	sí	"[{""occurrence"":1,""local_start_s"":""0.320"",""local_end_s"":""0.600"",""absolute_start_s"":""328.570"",""absolute_end_s"":""328.850"",""prob_min"":""0.1975"",""text"":""bueno""}]"
pa-020	bueno	13.57-19.47	clips/pa-020__bueno__13.57.wav	qa-cua-small-json/pa-020__bueno__13_57.json	0	no	[]
pa-021	bueno	12.25-16.87	clips/pa-021__bueno__12.25.wav	qa-cua-small-json/pa-021__bueno__12_25.json	1	sí	"[{""occurrence"":1,""local_start_s"":""1.950"",""local_end_s"":""2.400"",""absolute_start_s"":""14.200"",""absolute_end_s"":""14.650"",""prob_min"":""0.6500"",""text"":""bueno""}]"
pa-022	bueno	122.85-126.95	clips/pa-022__bueno__122.85.wav	qa-cua-small-json/pa-022__bueno__122_85.json	0	no	[]
pa-023	bueno	96.81-100.35	clips/pa-023__bueno__96.81.wav	qa-cua-small-json/pa-023__bueno__96_81.json	1	sí	"[{""occurrence"":1,""local_start_s"":""0.000"",""local_end_s"":""0.370"",""absolute_start_s"":""96.810"",""absolute_end_s"":""97.180"",""prob_min"":""0.2301"",""text"":""bueno""}]"
pa-024	bueno	147.29-152.07	clips/pa-024__bueno__147.29.wav	qa-cua-small-json/pa-024__bueno__147_29.json	0	no	[]
pa-025	bueno	909.25-914.07	clips/pa-025__bueno__909.25.wav	qa-cua-small-json/pa-025__bueno__909_25.json	0	no	[]
pa-026	bueno	194.89-200.75	clips/pa-026__bueno__194.89.wav	qa-cua-small-json/pa-026__bueno__194_89.json	0	no	[]
pa-027	bueno	35.13-40.47	clips/pa-027__bueno__35.13.wav	qa-cua-small-json/pa-027__bueno__35_13.json	0	no	[]
pa-028	bueno	28.37-32.59	clips/pa-028__bueno__28.37.wav	qa-cua-small-json/pa-028__bueno__28_37.json	0	no	[]
pa-029	bueno	720.69-724.19	clips/pa-029__bueno__720.69.wav	qa-cua-small-json/pa-029__bueno__720_69.json	0	no	[]
pa-030	bueno	459.05-463.07	clips/pa-030__bueno__459.05.wav	qa-cua-small-json/pa-030__bueno__459_05.json	1	sí	"[{""occurrence"":1,""local_start_s"":""1.100"",""local_end_s"":""1.380"",""absolute_start_s"":""460.150"",""absolute_end_s"":""460.430"",""prob_min"":""0.2181"",""text"":""bueno""}]"
pa-031	bueno	111.73-115.67	clips/pa-031__bueno__111.73.wav	qa-cua-small-json/pa-031__bueno__111_73.json	0	no	[]
pa-032	bueno	44.73-50.63	clips/pa-032__bueno__44.73.wav	qa-cua-small-json/pa-032__bueno__44_73.json	1	sí	"[{""occurrence"":1,""local_start_s"":""0.270"",""local_end_s"":""0.730"",""absolute_start_s"":""45.000"",""absolute_end_s"":""45.460"",""prob_min"":""0.8330"",""text"":""bueno""}]"
pa-034	bueno	33.81-39.07	clips/pa-034__bueno__33.81.wav	qa-cua-small-json/pa-034__bueno__33_81.json	0	no	[]
pa-035	bueno	195.49-202.11	clips/pa-035__bueno__195.49.wav	qa-cua-small-json/pa-035__bueno__195_49.json	0	no	[]
pa-036	bueno	76.25-84.15	clips/pa-036__bueno__76.25.wav	qa-cua-small-json/pa-036__bueno__76_25.json	0	no	[]
pa-037	bueno	105.29-124.79	clips/pa-037__bueno__105.29.wav	qa-cua-small-json/pa-037__bueno__105_29.json	1	sí	"[{""occurrence"":1,""local_start_s"":""6.650"",""local_end_s"":""6.950"",""absolute_start_s"":""111.940"",""absolute_end_s"":""112.240"",""prob_min"":""0.6636"",""text"":""bueno""}]"
pa-038	bueno	874.61-878.11	clips/pa-038__bueno__874.61.wav	qa-cua-small-json/pa-038__bueno__874_61.json	1	sí	"[{""occurrence"":1,""local_start_s"":""0.110"",""local_end_s"":""0.660"",""absolute_start_s"":""874.720"",""absolute_end_s"":""875.270"",""prob_min"":""0.5072"",""text"":""Bueno""}]"
pa-039	bueno	530.89-537.23	clips/pa-039__bueno__530.89.wav	qa-cua-small-json/pa-039__bueno__530_89.json	0	no	[]
pa-041	bueno	165.25-173.75	clips/pa-041__bueno__165.25.wav	qa-cua-small-json/pa-041__bueno__165_25.json	1	sí	"[{""occurrence"":1,""local_start_s"":""1.320"",""local_end_s"":""2.420"",""absolute_start_s"":""166.570"",""absolute_end_s"":""167.670"",""prob_min"":""0.2602"",""text"":""bueno""}]"
pa-043	bueno	0.00-3.75	clips/pa-043__bueno__0.00.wav	qa-cua-small-json/pa-043__bueno__0_00.json	1	sí	"[{""occurrence"":1,""local_start_s"":""0.110"",""local_end_s"":""0.270"",""absolute_start_s"":""0.110"",""absolute_end_s"":""0.270"",""prob_min"":""0.2337"",""text"":""Bueno""}]"
pa-045	bueno	261.05-270.91	clips/pa-045__bueno__261.05.wav	qa-cua-small-json/pa-045__bueno__261_05.json	0	no	[]
pa-046	bueno	128.01-131.51	clips/pa-046__bueno__128.01.wav	qa-cua-small-json/pa-046__bueno__128_01.json	0	no	[]
pa-048	bueno	227.17-233.03	clips/pa-048__bueno__227.17.wav	qa-cua-small-json/pa-048__bueno__227_17.json	0	no	[]
pa-049	bueno	269.05-275.83	clips/pa-049__bueno__269.05.wav	qa-cua-small-json/pa-049__bueno__269_05.json	1	sí	"[{""occurrence"":1,""local_start_s"":""5.560"",""local_end_s"":""5.790"",""absolute_start_s"":""274.610"",""absolute_end_s"":""274.840"",""prob_min"":""0.8754"",""text"":""Bueno""}]"
pa-051	bueno	41.97-47.43	clips/pa-051__bueno__41.97.wav	qa-cua-small-json/pa-051__bueno__41_97.json	0	no	[]
pa-052	bueno	41.97-47.23	clips/pa-052__bueno__41.97.wav	qa-cua-small-json/pa-052__bueno__41_97.json	1	sí	"[{""occurrence"":1,""local_start_s"":""1.710"",""local_end_s"":""2.230"",""absolute_start_s"":""43.680"",""absolute_end_s"":""44.200"",""prob_min"":""0.7880"",""text"":""bueno""}]"
pa-054	bueno	51.69-55.75	clips/pa-054__bueno__51.69.wav	qa-cua-small-json/pa-054__bueno__51_69.json	1	sí	"[{""occurrence"":1,""local_start_s"":""0.790"",""local_end_s"":""0.920"",""absolute_start_s"":""52.480"",""absolute_end_s"":""52.610"",""prob_min"":""0.8263"",""text"":""bueno""}]"
pa-055	bueno	194.93-200.67	clips/pa-055__bueno__194.93.wav	qa-cua-small-json/pa-055__bueno__194_93.json	0	no	[]
pa-056	bueno	458.97-462.83	clips/pa-056__bueno__458.97.wav	qa-cua-small-json/pa-056__bueno__458_97.json	0	no	[]
pa-057	bueno	1128.89-1136.35	clips/pa-057__bueno__1128.89.wav	qa-cua-small-json/pa-057__bueno__1128_89.json	0	no	[]
pa-058	bueno	23.17-28.91	clips/pa-058__bueno__23.17.wav	qa-cua-small-json/pa-058__bueno__23_17.json	0	no	[]
pa-059	bueno	166.17-173.63	clips/pa-059__bueno__166.17.wav	qa-cua-small-json/pa-059__bueno__166_17.json	1	sí	"[{""occurrence"":1,""local_start_s"":""0.330"",""local_end_s"":""0.430"",""absolute_start_s"":""166.500"",""absolute_end_s"":""166.600"",""prob_min"":""0.0580"",""text"":""Bueno""}]"
pa-060	bueno	150.05-157.07	clips/pa-060__bueno__150.05.wav	qa-cua-small-json/pa-060__bueno__150_05.json	0	no	[]
pa-061	bueno	171.05-174.55	clips/pa-061__bueno__171.05.wav	qa-cua-small-json/pa-061__bueno__171_05.json	2	sí	"[{""occurrence"":1,""local_start_s"":""0.000"",""local_end_s"":""0.260"",""absolute_start_s"":""171.050"",""absolute_end_s"":""171.310"",""prob_min"":""0.1212"",""text"":""Bueno""},{""occurrence"":2,""local_start_s"":""1.240"",""local_end_s"":""1.590"",""absolute_start_s"":""172.290"",""absolute_end_s"":""172.640"",""prob_min"":""0.5101"",""text"":""Bueno""}]"
pa-062	bueno	297.17-302.03	clips/pa-062__bueno__297.17.wav	qa-cua-small-json/pa-062__bueno__297_17.json	1	sí	"[{""occurrence"":1,""local_start_s"":""1.560"",""local_end_s"":""1.910"",""absolute_start_s"":""298.730"",""absolute_end_s"":""299.080"",""prob_min"":""0.6062"",""text"":""Bueno""}]"
pa-063	bueno	801.17-804.67	clips/pa-063__bueno__801.17.wav	qa-cua-small-json/pa-063__bueno__801_17.json	0	no	[]
pa-065	bueno	1389.05-1393.75	clips/pa-065__bueno__1389.05.wav	qa-cua-small-json/pa-065__bueno__1389_05.json	1	sí	"[{""occurrence"":1,""local_start_s"":""1.080"",""local_end_s"":""1.420"",""absolute_start_s"":""1390.130"",""absolute_end_s"":""1390.470"",""prob_min"":""0.4485"",""text"":""Bueno""}]"
pa-066	bueno	357.23-362.57	clips/pa-066__bueno__357.23.wav	qa-cua-small-json/pa-066__bueno__357_23.json	1	sí	"[{""occurrence"":1,""local_start_s"":""1.470"",""local_end_s"":""2.070"",""absolute_start_s"":""358.700"",""absolute_end_s"":""359.300"",""prob_min"":""0.8366"",""text"":""bueno""}]"
pa-001	clar	129.77-134.51	clips/pa-001__clar__129.77.wav	qa-cua-small-json/pa-001__clar__129_77.json	0	no	[]
pa-002	clar	186.25-190.75	clips/pa-002__clar__186.25.wav	qa-cua-small-json/pa-002__clar__186_25.json	1	sí	"[{""occurrence"":1,""local_start_s"":""1.050"",""local_end_s"":""1.650"",""absolute_start_s"":""187.300"",""absolute_end_s"":""187.900"",""prob_min"":""0.3371"",""text"":""clar""}]"
pa-003	clar	451.89-459.15	clips/pa-003__clar__451.89.wav	qa-cua-small-json/pa-003__clar__451_89.json	1	sí	"[{""occurrence"":1,""local_start_s"":""2.770"",""local_end_s"":""3.340"",""absolute_start_s"":""454.660"",""absolute_end_s"":""455.230"",""prob_min"":""0.9938"",""text"":""clar""}]"
pa-005	clar	155.93-159.99	clips/pa-005__clar__155.93.wav	qa-cua-small-json/pa-005__clar__155_93.json	0	no	[]
pa-006	clar	379.25-383.75	clips/pa-006__clar__379.25.wav	qa-cua-small-json/pa-006__clar__379_25.json	1	sí	"[{""occurrence"":1,""local_start_s"":""3.450"",""local_end_s"":""3.810"",""absolute_start_s"":""382.700"",""absolute_end_s"":""383.060"",""prob_min"":""0.3707"",""text"":""clar""}]"
pa-007	clar	344.25-349.75	clips/pa-007__clar__344.25.wav	qa-cua-small-json/pa-007__clar__344_25.json	1	sí	"[{""occurrence"":1,""local_start_s"":""0.260"",""local_end_s"":""0.610"",""absolute_start_s"":""344.510"",""absolute_end_s"":""344.860"",""prob_min"":""0.4951"",""text"":""clar""}]"
pa-008	clar	841.25-846.75	clips/pa-008__clar__841.25.wav	qa-cua-small-json/pa-008__clar__841_25.json	1	sí	"[{""occurrence"":1,""local_start_s"":""0.160"",""local_end_s"":""0.470"",""absolute_start_s"":""841.410"",""absolute_end_s"":""841.720"",""prob_min"":""0.3522"",""text"":""Clar""}]"
pa-009	clar	99.25-105.75	clips/pa-009__clar__99.25.wav	qa-cua-small-json/pa-009__clar__99_25.json	1	sí	"[{""occurrence"":1,""local_start_s"":""3.230"",""local_end_s"":""3.520"",""absolute_start_s"":""102.480"",""absolute_end_s"":""102.770"",""prob_min"":""0.9195"",""text"":""clar""}]"
pa-010	clar	334.85-339.35	clips/pa-010__clar__334.85.wav	qa-cua-small-json/pa-010__clar__334_85.json	1	sí	"[{""occurrence"":1,""local_start_s"":""3.280"",""local_end_s"":""3.500"",""absolute_start_s"":""338.130"",""absolute_end_s"":""338.350"",""prob_min"":""0.9866"",""text"":""clar""}]"
pa-014	clar	978.45-982.95	clips/pa-014__clar__978.45.wav	qa-cua-small-json/pa-014__clar__978_45.json	1	sí	"[{""occurrence"":1,""local_start_s"":""1.660"",""local_end_s"":""1.820"",""absolute_start_s"":""980.110"",""absolute_end_s"":""980.270"",""prob_min"":""0.2909"",""text"":""clar""}]"
pa-016	clar	175.69-180.35	clips/pa-016__clar__175.69.wav	qa-cua-small-json/pa-016__clar__175_69.json	1	sí	"[{""occurrence"":1,""local_start_s"":""1.640"",""local_end_s"":""1.990"",""absolute_start_s"":""177.330"",""absolute_end_s"":""177.680"",""prob_min"":""0.9439"",""text"":""clar""}]"
pa-017	clar	34.45-42.35	clips/pa-017__clar__34.45.wav	qa-cua-small-json/pa-017__clar__34_45.json	1	sí	"[{""occurrence"":1,""local_start_s"":""3.900"",""local_end_s"":""4.130"",""absolute_start_s"":""38.350"",""absolute_end_s"":""38.580"",""prob_min"":""0.9757"",""text"":""clar""}]"
pa-018	clar	112.73-117.35	clips/pa-018__clar__112.73.wav	qa-cua-small-json/pa-018__clar__112_73.json	0	no	[]
pa-019	clar	415.25-419.75	clips/pa-019__clar__415.25.wav	qa-cua-small-json/pa-019__clar__415_25.json	1	sí	"[{""occurrence"":1,""local_start_s"":""1.150"",""local_end_s"":""1.290"",""absolute_start_s"":""416.400"",""absolute_end_s"":""416.540"",""prob_min"":""0.8680"",""text"":""clar""}]"
pa-020	clar	89.81-94.31	clips/pa-020__clar__89.81.wav	qa-cua-small-json/pa-020__clar__89_81.json	1	sí	"[{""occurrence"":1,""local_start_s"":""3.480"",""local_end_s"":""3.620"",""absolute_start_s"":""93.290"",""absolute_end_s"":""93.430"",""prob_min"":""0.5345"",""text"":""clar""}]"
pa-021	clar	125.89-131.23	clips/pa-021__clar__125.89.wav	qa-cua-small-json/pa-021__clar__125_89.json	0	no	[]
pa-022	clar	107.73-113.11	clips/pa-022__clar__107.73.wav	qa-cua-small-json/pa-022__clar__107_73.json	1	sí	"[{""occurrence"":1,""local_start_s"":""1.380"",""local_end_s"":""1.580"",""absolute_start_s"":""109.110"",""absolute_end_s"":""109.310"",""prob_min"":""0.9951"",""text"":""clar""}]"
pa-024	clar	648.09-656.83	clips/pa-024__clar__648.09.wav	qa-cua-small-json/pa-024__clar__648_09.json	1	sí	"[{""occurrence"":1,""local_start_s"":""2.440"",""local_end_s"":""3.050"",""absolute_start_s"":""650.530"",""absolute_end_s"":""651.140"",""prob_min"":""0.7141"",""text"":""clar""}]"
pa-025	clar	116.09-119.95	clips/pa-025__clar__116.09.wav	qa-cua-small-json/pa-025__clar__116_09.json	1	sí	"[{""occurrence"":1,""local_start_s"":""1.530"",""local_end_s"":""1.830"",""absolute_start_s"":""117.620"",""absolute_end_s"":""117.920"",""prob_min"":""0.6852"",""text"":""clar""}]"
pa-026	clar	6.33-9.67	clips/pa-026__clar__6.33.wav	qa-cua-small-json/pa-026__clar__6_33.json	0	no	[]
pa-027	clar	35.13-40.47	clips/pa-027__clar__35.13.wav	qa-cua-small-json/pa-027__clar__35_13.json	1	sí	"[{""occurrence"":1,""local_start_s"":""1.310"",""local_end_s"":""1.650"",""absolute_start_s"":""36.440"",""absolute_end_s"":""36.780"",""prob_min"":""0.5283"",""text"":""clar""}]"
pa-028	clar	290.33-295.15	clips/pa-028__clar__290.33.wav	qa-cua-small-json/pa-028__clar__290_33.json	1	sí	"[{""occurrence"":1,""local_start_s"":""1.490"",""local_end_s"":""1.620"",""absolute_start_s"":""291.820"",""absolute_end_s"":""291.950"",""prob_min"":""0.6888"",""text"":""clar""}]"
pa-029	clar	358.61-362.11	clips/pa-029__clar__358.61.wav	qa-cua-small-json/pa-029__clar__358_61.json	0	no	[]
pa-030	clar	61.89-66.83	clips/pa-030__clar__61.89.wav	qa-cua-small-json/pa-030__clar__61_89.json	0	no	[]
pa-031	clar	154.57-158.95	clips/pa-031__clar__154.57.wav	qa-cua-small-json/pa-031__clar__154_57.json	1	sí	"[{""occurrence"":1,""local_start_s"":""2.000"",""local_end_s"":""2.000"",""absolute_start_s"":""156.570"",""absolute_end_s"":""156.570"",""prob_min"":""0.4557"",""text"":""clar""}]"
pa-032	clar	155.33-162.15	clips/pa-032__clar__155.33.wav	qa-cua-small-json/pa-032__clar__155_33.json	1	sí	"[{""occurrence"":1,""local_start_s"":""2.070"",""local_end_s"":""2.760"",""absolute_start_s"":""157.400"",""absolute_end_s"":""158.090"",""prob_min"":""0.5817"",""text"":""clar""}]"
pa-033	clar	54.49-57.67	clips/pa-033__clar__54.49.wav	qa-cua-small-json/pa-033__clar__54_49.json	1	sí	"[{""occurrence"":1,""local_start_s"":""2.000"",""local_end_s"":""2.340"",""absolute_start_s"":""56.490"",""absolute_end_s"":""56.830"",""prob_min"":""0.4406"",""text"":""clar""}]"
pa-034	clar	55.05-59.71	clips/pa-034__clar__55.05.wav	qa-cua-small-json/pa-034__clar__55_05.json	0	no	[]
pa-035	clar	223.61-233.59	clips/pa-035__clar__223.61.wav	qa-cua-small-json/pa-035__clar__223_61.json	0	no	[]
pa-036	clar	136.45-147.15	clips/pa-036__clar__136.45.wav	qa-cua-small-json/pa-036__clar__136_45.json	1	sí	"[{""occurrence"":1,""local_start_s"":""5.090"",""local_end_s"":""5.270"",""absolute_start_s"":""141.540"",""absolute_end_s"":""141.720"",""prob_min"":""0.8695"",""text"":""clar""}]"
pa-037	clar	186.29-198.91	clips/pa-037__clar__186.29.wav	qa-cua-small-json/pa-037__clar__186_29.json	1	sí	"[{""occurrence"":1,""local_start_s"":""1.310"",""local_end_s"":""1.840"",""absolute_start_s"":""187.600"",""absolute_end_s"":""188.130"",""prob_min"":""0.3643"",""text"":""clar""}]"
pa-038	clar	96.41-101.31	clips/pa-038__clar__96.41.wav	qa-cua-small-json/pa-038__clar__96_41.json	1	sí	"[{""occurrence"":1,""local_start_s"":""3.450"",""local_end_s"":""3.810"",""absolute_start_s"":""99.860"",""absolute_end_s"":""100.220"",""prob_min"":""0.6020"",""text"":""clar""}]"
pa-039	clar	45.29-49.71	clips/pa-039__clar__45.29.wav	qa-cua-small-json/pa-039__clar__45_29.json	0	no	[]
pa-041	clar	0.00-10.75	clips/pa-041__clar__0.00.wav	qa-cua-small-json/pa-041__clar__0_00.json	1	sí	"[{""occurrence"":1,""local_start_s"":""3.880"",""local_end_s"":""4.480"",""absolute_start_s"":""3.880"",""absolute_end_s"":""4.480"",""prob_min"":""0.3376"",""text"":""clar""}]"
pa-042	clar	101.97-106.63	clips/pa-042__clar__101.97.wav	qa-cua-small-json/pa-042__clar__101_97.json	0	no	[]
pa-045	clar	399.85-405.95	clips/pa-045__clar__399.85.wav	qa-cua-small-json/pa-045__clar__399_85.json	2	sí	"[{""occurrence"":1,""local_start_s"":""3.680"",""local_end_s"":""4.020"",""absolute_start_s"":""403.530"",""absolute_end_s"":""403.870"",""prob_min"":""0.9012"",""text"":""clar""},{""occurrence"":2,""local_start_s"":""5.020"",""local_end_s"":""5.200"",""absolute_start_s"":""404.870"",""absolute_end_s"":""405.050"",""prob_min"":""0.9997"",""text"":""clar""}]"
pa-046	clar	172.53-177.71	clips/pa-046__clar__172.53.wav	qa-cua-small-json/pa-046__clar__172_53.json	0	no	[]
pa-048	clar	389.65-392.15	clips/pa-048__clar__389.65.wav	qa-cua-small-json/pa-048__clar__389_65.json	0	no	[]
pa-049	clar	382.01-390.11	clips/pa-049__clar__382.01.wav	qa-cua-small-json/pa-049__clar__382_01.json	1	sí	"[{""occurrence"":1,""local_start_s"":""1.080"",""local_end_s"":""1.330"",""absolute_start_s"":""383.090"",""absolute_end_s"":""383.340"",""prob_min"":""0.6076"",""text"":""Clar""}]"
pa-051	clar	161.85-167.07	clips/pa-051__clar__161.85.wav	qa-cua-small-json/pa-051__clar__161_85.json	0	no	[]
pa-052	clar	59.97-64.67	clips/pa-052__clar__59.97.wav	qa-cua-small-json/pa-052__clar__59_97.json	1	sí	"[{""occurrence"":1,""local_start_s"":""2.370"",""local_end_s"":""2.530"",""absolute_start_s"":""62.340"",""absolute_end_s"":""62.500"",""prob_min"":""0.4297"",""text"":""clar""}]"
pa-055	clar	6.29-9.67	clips/pa-055__clar__6.29.wav	qa-cua-small-json/pa-055__clar__6_29.json	0	no	[]
pa-056	clar	62.45-66.87	clips/pa-056__clar__62.45.wav	qa-cua-small-json/pa-056__clar__62_45.json	1	sí	"[{""occurrence"":1,""local_start_s"":""1.270"",""local_end_s"":""1.740"",""absolute_start_s"":""63.720"",""absolute_end_s"":""64.190"",""prob_min"":""0.9842"",""text"":""clar""}]"
pa-057	clar	357.57-364.07	clips/pa-057__clar__357.57.wav	qa-cua-small-json/pa-057__clar__357_57.json	0	no	[]
pa-058	clar	112.81-117.27	clips/pa-058__clar__112.81.wav	qa-cua-small-json/pa-058__clar__112_81.json	0	no	[]
pa-059	clar	36.61-42.23	clips/pa-059__clar__36.61.wav	qa-cua-small-json/pa-059__clar__36_61.json	1	sí	"[{""occurrence"":1,""local_start_s"":""1.850"",""local_end_s"":""2.050"",""absolute_start_s"":""38.460"",""absolute_end_s"":""38.660"",""prob_min"":""0.9810"",""text"":""clar""}]"
pa-061	clar	376.69-382.19	clips/pa-061__clar__376.69.wav	qa-cua-small-json/pa-061__clar__376_69.json	0	no	[]
pa-062	clar	202.37-208.31	clips/pa-062__clar__202.37.wav	qa-cua-small-json/pa-062__clar__202_37.json	0	no	[]
pa-063	clar	392.49-397.11	clips/pa-063__clar__392.49.wav	qa-cua-small-json/pa-063__clar__392_49.json	1	sí	"[{""occurrence"":1,""local_start_s"":""0.360"",""local_end_s"":""0.630"",""absolute_start_s"":""392.850"",""absolute_end_s"":""393.120"",""prob_min"":""0.6773"",""text"":""clar""}]"
pa-064	clar	109.97-115.87	clips/pa-064__clar__109.97.wav	qa-cua-small-json/pa-064__clar__109_97.json	1	sí	"[{""occurrence"":1,""local_start_s"":""0.370"",""local_end_s"":""1.870"",""absolute_start_s"":""110.340"",""absolute_end_s"":""111.840"",""prob_min"":""0.0737"",""text"":""clar""}]"
pa-065	clar	221.29-226.15	clips/pa-065__clar__221.29.wav	qa-cua-small-json/pa-065__clar__221_29.json	1	sí	"[{""occurrence"":1,""local_start_s"":""1.590"",""local_end_s"":""2.000"",""absolute_start_s"":""222.880"",""absolute_end_s"":""223.290"",""prob_min"":""0.9627"",""text"":""clar""}]"
pa-001	vull dir	621.37-625.39	clips/pa-001__vull-dir__621.37.wav	qa-cua-small-json/pa-001__vull-dir__621_37.json	0	no	[]
pa-002	vull dir	172.25-176.75	clips/pa-002__vull-dir__172.25.wav	qa-cua-small-json/pa-002__vull-dir__172_25.json	0	no	[]
pa-004	vull dir	143.45-150.59	clips/pa-004__vull-dir__143.45.wav	qa-cua-small-json/pa-004__vull-dir__143_45.json	1	sí	"[{""occurrence"":1,""local_start_s"":""1.710"",""local_end_s"":""2.230"",""absolute_start_s"":""145.160"",""absolute_end_s"":""145.680"",""prob_min"":""0.5771"",""text"":""vull dir""}]"
pa-014	vull dir	19.65-30.15	clips/pa-014__vull-dir__19.65.wav	qa-cua-small-json/pa-014__vull-dir__19_65.json	1	sí	"[{""occurrence"":1,""local_start_s"":""4.160"",""local_end_s"":""4.610"",""absolute_start_s"":""23.810"",""absolute_end_s"":""24.260"",""prob_min"":""0.7609"",""text"":""vull dir""}]"
pa-016	vull dir	322.53-327.83	clips/pa-016__vull-dir__322.53.wav	qa-cua-small-json/pa-016__vull-dir__322_53.json	1	sí	"[{""occurrence"":1,""local_start_s"":""2.990"",""local_end_s"":""3.120"",""absolute_start_s"":""325.520"",""absolute_end_s"":""325.650"",""prob_min"":""0.4016"",""text"":""vull dir""}]"
pa-017	vull dir	272.25-279.75	clips/pa-017__vull-dir__272.25.wav	qa-cua-small-json/pa-017__vull-dir__272_25.json	1	sí	"[{""occurrence"":1,""local_start_s"":""0.000"",""local_end_s"":""0.750"",""absolute_start_s"":""272.250"",""absolute_end_s"":""273.000"",""prob_min"":""0.6073"",""text"":""Vull dir""}]"
pa-020	vull dir	165.45-170.99	clips/pa-020__vull-dir__165.45.wav	qa-cua-small-json/pa-020__vull-dir__165_45.json	0	no	[]
pa-021	vull dir	314.29-323.11	clips/pa-021__vull-dir__314.29.wav	qa-cua-small-json/pa-021__vull-dir__314_29.json	1	sí	"[{""occurrence"":1,""local_start_s"":""3.710"",""local_end_s"":""4.840"",""absolute_start_s"":""318.000"",""absolute_end_s"":""319.130"",""prob_min"":""0.7440"",""text"":""vull dir""}]"
pa-022	vull dir	308.17-312.27	clips/pa-022__vull-dir__308.17.wav	qa-cua-small-json/pa-022__vull-dir__308_17.json	1	sí	"[{""occurrence"":1,""local_start_s"":""0.990"",""local_end_s"":""2.000"",""absolute_start_s"":""309.160"",""absolute_end_s"":""310.170"",""prob_min"":""0.0749"",""text"":""vull dir""}]"
pa-023	vull dir	22.05-26.43	clips/pa-023__vull-dir__22.05.wav	qa-cua-small-json/pa-023__vull-dir__22_05.json	1	sí	"[{""occurrence"":1,""local_start_s"":""0.000"",""local_end_s"":""0.460"",""absolute_start_s"":""22.050"",""absolute_end_s"":""22.510"",""prob_min"":""0.1096"",""text"":""Vull dir""}]"
pa-025	vull dir	643.73-649.59	clips/pa-025__vull-dir__643.73.wav	qa-cua-small-json/pa-025__vull-dir__643_73.json	0	no	[]
pa-026	vull dir	311.77-316.07	clips/pa-026__vull-dir__311.77.wav	qa-cua-small-json/pa-026__vull-dir__311_77.json	1	sí	"[{""occurrence"":1,""local_start_s"":""2.000"",""local_end_s"":""2.070"",""absolute_start_s"":""313.770"",""absolute_end_s"":""313.840"",""prob_min"":""0.5121"",""text"":""vull dir""}]"
pa-027	vull dir	254.25-260.87	clips/pa-027__vull-dir__254.25.wav	qa-cua-small-json/pa-027__vull-dir__254_25.json	0	no	[]
pa-030	vull dir	842.69-848.23	clips/pa-030__vull-dir__842.69.wav	qa-cua-small-json/pa-030__vull-dir__842_69.json	1	sí	"[{""occurrence"":1,""local_start_s"":""0.680"",""local_end_s"":""1.660"",""absolute_start_s"":""843.370"",""absolute_end_s"":""844.350"",""prob_min"":""0.9049"",""text"":""vull dir""}]"
pa-031	vull dir	207.77-212.75	clips/pa-031__vull-dir__207.77.wav	qa-cua-small-json/pa-031__vull-dir__207_77.json	0	no	[]
pa-032	vull dir	389.29-393.79	clips/pa-032__vull-dir__389.29.wav	qa-cua-small-json/pa-032__vull-dir__389_29.json	1	sí	"[{""occurrence"":1,""local_start_s"":""1.510"",""local_end_s"":""1.880"",""absolute_start_s"":""390.800"",""absolute_end_s"":""391.170"",""prob_min"":""0.1701"",""text"":""vull dir""}]"
pa-033	vull dir	56.25-62.63	clips/pa-033__vull-dir__56.25.wav	qa-cua-small-json/pa-033__vull-dir__56_25.json	1	sí	"[{""occurrence"":1,""local_start_s"":""0.610"",""local_end_s"":""0.890"",""absolute_start_s"":""56.860"",""absolute_end_s"":""57.140"",""prob_min"":""0.8126"",""text"":""vull dir""}]"
pa-034	vull dir	58.29-61.51	clips/pa-034__vull-dir__58.29.wav	qa-cua-small-json/pa-034__vull-dir__58_29.json	0	no	[]
pa-036	vull dir	632.25-637.75	clips/pa-036__vull-dir__632.25.wav	qa-cua-small-json/pa-036__vull-dir__632_25.json	1	sí	"[{""occurrence"":1,""local_start_s"":""0.000"",""local_end_s"":""0.550"",""absolute_start_s"":""632.250"",""absolute_end_s"":""632.800"",""prob_min"":""0.0457"",""text"":""Vull dir""}]"
pa-037	vull dir	414.01-426.11	clips/pa-037__vull-dir__414.01.wav	qa-cua-small-json/pa-037__vull-dir__414_01.json	1	sí	"[{""occurrence"":1,""local_start_s"":""0.000"",""local_end_s"":""0.690"",""absolute_start_s"":""414.010"",""absolute_end_s"":""414.700"",""prob_min"":""0.2914"",""text"":""Vull dir""}]"
pa-038	vull dir	1576.57-1582.39	clips/pa-038__vull-dir__1576.57.wav	qa-cua-small-json/pa-038__vull-dir__1576_57.json	1	sí	"[{""occurrence"":1,""local_start_s"":""4.180"",""local_end_s"":""4.640"",""absolute_start_s"":""1580.750"",""absolute_end_s"":""1581.210"",""prob_min"":""0.9837"",""text"":""vull dir""}]"
pa-041	vull dir	264.25-271.75	clips/pa-041__vull-dir__264.25.wav	qa-cua-small-json/pa-041__vull-dir__264_25.json	1	sí	"[{""occurrence"":1,""local_start_s"":""1.210"",""local_end_s"":""2.000"",""absolute_start_s"":""265.460"",""absolute_end_s"":""266.250"",""prob_min"":""0.9947"",""text"":""vull dir""}]"
pa-045	vull dir	779.57-785.23	clips/pa-045__vull-dir__779.57.wav	qa-cua-small-json/pa-045__vull-dir__779_57.json	0	no	[]
pa-048	vull dir	993.69-999.19	clips/pa-048__vull-dir__993.69.wav	qa-cua-small-json/pa-048__vull-dir__993_69.json	2	sí	"[{""occurrence"":1,""local_start_s"":""0.000"",""local_end_s"":""0.730"",""absolute_start_s"":""993.690"",""absolute_end_s"":""994.420"",""prob_min"":""0.0263"",""text"":""Vull dir""},{""occurrence"":2,""local_start_s"":""3.150"",""local_end_s"":""4.160"",""absolute_start_s"":""996.840"",""absolute_end_s"":""997.850"",""prob_min"":""0.4736"",""text"":""vull dir""}]"
pa-049	vull dir	208.09-214.63	clips/pa-049__vull-dir__208.09.wav	qa-cua-small-json/pa-049__vull-dir__208_09.json	1	sí	"[{""occurrence"":1,""local_start_s"":""5.360"",""local_end_s"":""5.660"",""absolute_start_s"":""213.450"",""absolute_end_s"":""213.750"",""prob_min"":""0.3766"",""text"":""vull dir""}]"
pa-055	vull dir	311.73-315.91	clips/pa-055__vull-dir__311.73.wav	qa-cua-small-json/pa-055__vull-dir__311_73.json	1	sí	"[{""occurrence"":1,""local_start_s"":""2.010"",""local_end_s"":""2.080"",""absolute_start_s"":""313.740"",""absolute_end_s"":""313.810"",""prob_min"":""0.4485"",""text"":""vull dir""}]"
pa-056	vull dir	842.65-848.07	clips/pa-056__vull-dir__842.65.wav	qa-cua-small-json/pa-056__vull-dir__842_65.json	1	sí	"[{""occurrence"":1,""local_start_s"":""0.650"",""local_end_s"":""1.560"",""absolute_start_s"":""843.300"",""absolute_end_s"":""844.210"",""prob_min"":""0.9342"",""text"":""vull dir""}]"
pa-058	vull dir	975.13-979.55	clips/pa-058__vull-dir__975.13.wav	qa-cua-small-json/pa-058__vull-dir__975_13.json	1	sí	"[{""occurrence"":1,""local_start_s"":""2.240"",""local_end_s"":""2.800"",""absolute_start_s"":""977.370"",""absolute_end_s"":""977.930"",""prob_min"":""0.7520"",""text"":""vull dir""}]"
pa-059	vull dir	271.81-279.35	clips/pa-059__vull-dir__271.81.wav	qa-cua-small-json/pa-059__vull-dir__271_81.json	1	sí	"[{""occurrence"":1,""local_start_s"":""0.000"",""local_end_s"":""0.910"",""absolute_start_s"":""271.810"",""absolute_end_s"":""272.720"",""prob_min"":""0.6171"",""text"":""Vull dir""}]"
pa-060	vull dir	20.65-26.35	clips/pa-060__vull-dir__20.65.wav	qa-cua-small-json/pa-060__vull-dir__20_65.json	1	sí	"[{""occurrence"":1,""local_start_s"":""2.000"",""local_end_s"":""2.330"",""absolute_start_s"":""22.650"",""absolute_end_s"":""22.980"",""prob_min"":""0.6268"",""text"":""vull dir""}]"
pa-061	vull dir	193.57-200.03	clips/pa-061__vull-dir__193.57.wav	qa-cua-small-json/pa-061__vull-dir__193_57.json	1	sí	"[{""occurrence"":1,""local_start_s"":""1.990"",""local_end_s"":""2.800"",""absolute_start_s"":""195.560"",""absolute_end_s"":""196.370"",""prob_min"":""0.3112"",""text"":""vull dir""}]"
pa-062	vull dir	316.81-326.39	clips/pa-062__vull-dir__316.81.wav	qa-cua-small-json/pa-062__vull-dir__316_81.json	0	no	[]
pa-063	vull dir	822.45-827.51	clips/pa-063__vull-dir__822.45.wav	qa-cua-small-json/pa-063__vull-dir__822_45.json	1	sí	"[{""occurrence"":1,""local_start_s"":""0.000"",""local_end_s"":""1.540"",""absolute_start_s"":""822.450"",""absolute_end_s"":""823.990"",""prob_min"":""0.0089"",""text"":""Vull dir""}]"
pa-065	vull dir	1401.05-1404.55	clips/pa-065__vull-dir__1401.05.wav	qa-cua-small-json/pa-065__vull-dir__1401_05.json	0	no	[]
pa-001	o sigui	49.17-54.35	clips/pa-001__o-sigui__49.17.wav	qa-cua-small-json/pa-001__o-sigui__49_17.json	0	no	[]
pa-005	o sigui	373.33-379.95	clips/pa-005__o-sigui__373.33.wav	qa-cua-small-json/pa-005__o-sigui__373_33.json	1	sí	"[{""occurrence"":1,""local_start_s"":""3.600"",""local_end_s"":""4.060"",""absolute_start_s"":""376.930"",""absolute_end_s"":""377.390"",""prob_min"":""0.8872"",""text"":""O sigui""}]"
pa-006	o sigui	136.25-143.75	clips/pa-006__o-sigui__136.25.wav	qa-cua-small-json/pa-006__o-sigui__136_25.json	1	sí	"[{""occurrence"":1,""local_start_s"":""0.000"",""local_end_s"":""0.490"",""absolute_start_s"":""136.250"",""absolute_end_s"":""136.740"",""prob_min"":""0.0187"",""text"":""o sigui""}]"
pa-009	o sigui	234.25-238.75	clips/pa-009__o-sigui__234.25.wav	qa-cua-small-json/pa-009__o-sigui__234_25.json	1	sí	"[{""occurrence"":1,""local_start_s"":""2.110"",""local_end_s"":""2.460"",""absolute_start_s"":""236.360"",""absolute_end_s"":""236.710"",""prob_min"":""0.2229"",""text"":""o sigui""}]"
pa-014	o sigui	658.45-674.95	clips/pa-014__o-sigui__658.45.wav	qa-cua-small-json/pa-014__o-sigui__658_45.json	1	sí	"[{""occurrence"":1,""local_start_s"":""4.030"",""local_end_s"":""4.120"",""absolute_start_s"":""662.480"",""absolute_end_s"":""662.570"",""prob_min"":""0.6862"",""text"":""o sigui""}]"
pa-015	o sigui	104.25-109.75	clips/pa-015__o-sigui__104.25.wav	qa-cua-small-json/pa-015__o-sigui__104_25.json	0	no	[]
pa-016	o sigui	311.25-316.15	clips/pa-016__o-sigui__311.25.wav	qa-cua-small-json/pa-016__o-sigui__311_25.json	1	sí	"[{""occurrence"":1,""local_start_s"":""0.000"",""local_end_s"":""0.370"",""absolute_start_s"":""311.250"",""absolute_end_s"":""311.620"",""prob_min"":""0.0240"",""text"":""O sigui""}]"
pa-022	o sigui	42.93-48.95	clips/pa-022__o-sigui__42.93.wav	qa-cua-small-json/pa-022__o-sigui__42_93.json	1	sí	"[{""occurrence"":1,""local_start_s"":""0.000"",""local_end_s"":""0.540"",""absolute_start_s"":""42.930"",""absolute_end_s"":""43.470"",""prob_min"":""0.0430"",""text"":""O sigui""}]"
pa-024	o sigui	554.49-565.07	clips/pa-024__o-sigui__554.49.wav	qa-cua-small-json/pa-024__o-sigui__554_49.json	0	no	[]
pa-025	o sigui	1462.85-1472.59	clips/pa-025__o-sigui__1462.85.wav	qa-cua-small-json/pa-025__o-sigui__1462_85.json	1	sí	"[{""occurrence"":1,""local_start_s"":""1.880"",""local_end_s"":""2.990"",""absolute_start_s"":""1464.730"",""absolute_end_s"":""1465.840"",""prob_min"":""0.3767"",""text"":""O sigui""}]"
pa-026	o sigui	434.17-437.67	clips/pa-026__o-sigui__434.17.wav	qa-cua-small-json/pa-026__o-sigui__434_17.json	1	sí	"[{""occurrence"":1,""local_start_s"":""0.000"",""local_end_s"":""0.280"",""absolute_start_s"":""434.170"",""absolute_end_s"":""434.450"",""prob_min"":""0.0723"",""text"":""O sigui""}]"
pa-027	o sigui	361.61-366.71	clips/pa-027__o-sigui__361.61.wav	qa-cua-small-json/pa-027__o-sigui__361_61.json	0	no	[]
pa-029	o sigui	243.13-248.63	clips/pa-029__o-sigui__243.13.wav	qa-cua-small-json/pa-029__o-sigui__243_13.json	1	sí	"[{""occurrence"":1,""local_start_s"":""2.680"",""local_end_s"":""2.700"",""absolute_start_s"":""245.810"",""absolute_end_s"":""245.830"",""prob_min"":""0.2868"",""text"":""o sigui""}]"
pa-030	o sigui	1016.41-1021.47	clips/pa-030__o-sigui__1016.41.wav	qa-cua-small-json/pa-030__o-sigui__1016_41.json	1	sí	"[{""occurrence"":1,""local_start_s"":""0.000"",""local_end_s"":""0.410"",""absolute_start_s"":""1016.410"",""absolute_end_s"":""1016.820"",""prob_min"":""0.0381"",""text"":""O sigui""}]"
pa-034	o sigui	1106.09-1110.75	clips/pa-034__o-sigui__1106.09.wav	qa-cua-small-json/pa-034__o-sigui__1106_09.json	0	no	[]
pa-038	o sigui	16.65-22.87	clips/pa-038__o-sigui__16.65.wav	qa-cua-small-json/pa-038__o-sigui__16_65.json	1	sí	"[{""occurrence"":1,""local_start_s"":""0.000"",""local_end_s"":""0.850"",""absolute_start_s"":""16.650"",""absolute_end_s"":""17.500"",""prob_min"":""0.1004"",""text"":""O sigui""}]"
pa-040	o sigui	115.73-119.91	clips/pa-040__o-sigui__115.73.wav	qa-cua-small-json/pa-040__o-sigui__115_73.json	0	no	[]
pa-045	o sigui	226.17-233.31	clips/pa-045__o-sigui__226.17.wav	qa-cua-small-json/pa-045__o-sigui__226_17.json	1	sí	"[{""occurrence"":1,""local_start_s"":""0.000"",""local_end_s"":""1.490"",""absolute_start_s"":""226.170"",""absolute_end_s"":""227.660"",""prob_min"":""0.1907"",""text"":""o sigui""}]"
pa-046	o sigui	230.61-235.23	clips/pa-046__o-sigui__230.61.wav	qa-cua-small-json/pa-046__o-sigui__230_61.json	0	no	[]
pa-048	o sigui	581.65-585.99	clips/pa-048__o-sigui__581.65.wav	qa-cua-small-json/pa-048__o-sigui__581_65.json	1	sí	"[{""occurrence"":1,""local_start_s"":""0.000"",""local_end_s"":""0.500"",""absolute_start_s"":""581.650"",""absolute_end_s"":""582.150"",""prob_min"":""0.3651"",""text"":""O sigui""}]"
pa-049	o sigui	365.21-373.35	clips/pa-049__o-sigui__365.21.wav	qa-cua-small-json/pa-049__o-sigui__365_21.json	1	sí	"[{""occurrence"":1,""local_start_s"":""1.580"",""local_end_s"":""1.870"",""absolute_start_s"":""366.790"",""absolute_end_s"":""367.080"",""prob_min"":""0.0641"",""text"":""o sigui""}]"
pa-055	o sigui	434.17-437.67	clips/pa-055__o-sigui__434.17.wav	qa-cua-small-json/pa-055__o-sigui__434_17.json	1	sí	"[{""occurrence"":1,""local_start_s"":""0.000"",""local_end_s"":""0.310"",""absolute_start_s"":""434.170"",""absolute_end_s"":""434.480"",""prob_min"":""0.0180"",""text"":""O sigui""}]"
pa-056	o sigui	1016.49-1021.67	clips/pa-056__o-sigui__1016.49.wav	qa-cua-small-json/pa-056__o-sigui__1016_49.json	0	no	[]
pa-057	o sigui	249.45-254.11	clips/pa-057__o-sigui__249.45.wav	qa-cua-small-json/pa-057__o-sigui__249_45.json	1	sí	"[{""occurrence"":1,""local_start_s"":""3.600"",""local_end_s"":""3.970"",""absolute_start_s"":""253.050"",""absolute_end_s"":""253.420"",""prob_min"":""0.3063"",""text"":""o sigui""}]"
pa-059	o sigui	266.13-271.15	clips/pa-059__o-sigui__266.13.wav	qa-cua-small-json/pa-059__o-sigui__266_13.json	0	no	[]
pa-061	o sigui	161.05-167.39	clips/pa-061__o-sigui__161.05.wav	qa-cua-small-json/pa-061__o-sigui__161_05.json	1	sí	"[{""occurrence"":1,""local_start_s"":""1.200"",""local_end_s"":""1.550"",""absolute_start_s"":""162.250"",""absolute_end_s"":""162.600"",""prob_min"":""0.6361"",""text"":""O sigui""}]"
pa-062	o sigui	236.01-241.71	clips/pa-062__o-sigui__236.01.wav	qa-cua-small-json/pa-062__o-sigui__236_01.json	1	sí	"[{""occurrence"":1,""local_start_s"":""1.080"",""local_end_s"":""1.380"",""absolute_start_s"":""237.090"",""absolute_end_s"":""237.390"",""prob_min"":""0.6273"",""text"":""O sigui""}]"
pa-063	o sigui	826.09-830.95	clips/pa-063__o-sigui__826.09.wav	qa-cua-small-json/pa-063__o-sigui__826_09.json	1	sí	"[{""occurrence"":1,""local_start_s"":""1.080"",""local_end_s"":""1.270"",""absolute_start_s"":""827.170"",""absolute_end_s"":""827.360"",""prob_min"":""0.6737"",""text"":""O sigui""}]"
pa-064	o sigui	36.73-40.23	clips/pa-064__o-sigui__36.73.wav	qa-cua-small-json/pa-064__o-sigui__36_73.json	1	sí	"[{""occurrence"":1,""local_start_s"":""1.520"",""local_end_s"":""1.870"",""absolute_start_s"":""38.250"",""absolute_end_s"":""38.600"",""prob_min"":""0.7590"",""text"":""o sigui""}]"
pa-065	o sigui	191.65-195.15	clips/pa-065__o-sigui__191.65.wav	qa-cua-small-json/pa-065__o-sigui__191_65.json	1	sí	"[{""occurrence"":1,""local_start_s"":""0.000"",""local_end_s"":""0.460"",""absolute_start_s"":""191.650"",""absolute_end_s"":""192.110"",""prob_min"":""0.2516"",""text"":""O sigui""}]"
pa-001	llavors	837.17-841.11	clips/pa-001__llavors__837.17.wav	qa-cua-small-json/pa-001__llavors__837_17.json	1	sí	"[{""occurrence"":1,""local_start_s"":""2.010"",""local_end_s"":""3.060"",""absolute_start_s"":""839.180"",""absolute_end_s"":""840.230"",""prob_min"":""0.0495"",""text"":""llavors""}]"
pa-002	llavors	550.25-556.75	clips/pa-002__llavors__550.25.wav	qa-cua-small-json/pa-002__llavors__550_25.json	1	sí	"[{""occurrence"":1,""local_start_s"":""2.150"",""local_end_s"":""2.840"",""absolute_start_s"":""552.400"",""absolute_end_s"":""553.090"",""prob_min"":""0.5684"",""text"":""llavors""}]"
pa-005	llavors	433.29-439.27	clips/pa-005__llavors__433.29.wav	qa-cua-small-json/pa-005__llavors__433_29.json	1	sí	"[{""occurrence"":1,""local_start_s"":""1.060"",""local_end_s"":""1.520"",""absolute_start_s"":""434.350"",""absolute_end_s"":""434.810"",""prob_min"":""0.3601"",""text"":""llavors""}]"
pa-006	llavors	214.25-220.75	clips/pa-006__llavors__214.25.wav	qa-cua-small-json/pa-006__llavors__214_25.json	0	no	[]
pa-007	llavors	657.25-663.75	clips/pa-007__llavors__657.25.wav	qa-cua-small-json/pa-007__llavors__657_25.json	1	sí	"[{""occurrence"":1,""local_start_s"":""0.000"",""local_end_s"":""0.420"",""absolute_start_s"":""657.250"",""absolute_end_s"":""657.670"",""prob_min"":""0.0183"",""text"":""llavors""}]"
pa-009	llavors	201.25-207.75	clips/pa-009__llavors__201.25.wav	qa-cua-small-json/pa-009__llavors__201_25.json	0	no	[]
pa-010	llavors	386.25-391.75	clips/pa-010__llavors__386.25.wav	qa-cua-small-json/pa-010__llavors__386_25.json	1	sí	"[{""occurrence"":1,""local_start_s"":""0.850"",""local_end_s"":""1.720"",""absolute_start_s"":""387.100"",""absolute_end_s"":""387.970"",""prob_min"":""0.7955"",""text"":""llavors""}]"
pa-014	llavors	228.25-237.35	clips/pa-014__llavors__228.25.wav	qa-cua-small-json/pa-014__llavors__228_25.json	0	no	[]
pa-015	llavors	197.25-204.75	clips/pa-015__llavors__197.25.wav	qa-cua-small-json/pa-015__llavors__197_25.json	1	sí	"[{""occurrence"":1,""local_start_s"":""2.040"",""local_end_s"":""3.590"",""absolute_start_s"":""199.290"",""absolute_end_s"":""200.840"",""prob_min"":""0.8028"",""text"":""llavors""}]"
pa-016	llavors	15.05-20.91	clips/pa-016__llavors__15.05.wav	qa-cua-small-json/pa-016__llavors__15_05.json	1	sí	"[{""occurrence"":1,""local_start_s"":""0.080"",""local_end_s"":""0.530"",""absolute_start_s"":""15.130"",""absolute_end_s"":""15.580"",""prob_min"":""0.7574"",""text"":""llavors""}]"
pa-017	llavors	361.25-368.75	clips/pa-017__llavors__361.25.wav	qa-cua-small-json/pa-017__llavors__361_25.json	1	sí	"[{""occurrence"":1,""local_start_s"":""1.080"",""local_end_s"":""1.830"",""absolute_start_s"":""362.330"",""absolute_end_s"":""363.080"",""prob_min"":""0.7556"",""text"":""Llavors""}]"
pa-018	llavors	1055.09-1058.87	clips/pa-018__llavors__1055.09.wav	qa-cua-small-json/pa-018__llavors__1055_09.json	1	sí	"[{""occurrence"":1,""local_start_s"":""0.000"",""local_end_s"":""0.550"",""absolute_start_s"":""1055.090"",""absolute_end_s"":""1055.640"",""prob_min"":""0.1727"",""text"":""llavors""}]"
pa-019	llavors	422.25-427.75	clips/pa-019__llavors__422.25.wav	qa-cua-small-json/pa-019__llavors__422_25.json	1	sí	"[{""occurrence"":1,""local_start_s"":""3.760"",""local_end_s"":""4.150"",""absolute_start_s"":""426.010"",""absolute_end_s"":""426.400"",""prob_min"":""0.9040"",""text"":""llavors""}]"
pa-022	llavors	57.37-61.35	clips/pa-022__llavors__57.37.wav	qa-cua-small-json/pa-022__llavors__57_37.json	0	no	[]
pa-023	llavors	48.81-56.07	clips/pa-023__llavors__48.81.wav	qa-cua-small-json/pa-023__llavors__48_81.json	1	sí	"[{""occurrence"":1,""local_start_s"":""2.970"",""local_end_s"":""3.750"",""absolute_start_s"":""51.780"",""absolute_end_s"":""52.560"",""prob_min"":""0.2808"",""text"":""llavors""}]"
pa-024	llavors	336.85-341.27	clips/pa-024__llavors__336.85.wav	qa-cua-small-json/pa-024__llavors__336_85.json	0	no	[]
pa-026	llavors	81.13-84.63	clips/pa-026__llavors__81.13.wav	qa-cua-small-json/pa-026__llavors__81_13.json	0	no	[]
pa-027	llavors	137.93-143.43	clips/pa-027__llavors__137.93.wav	qa-cua-small-json/pa-027__llavors__137_93.json	0	no	[]
pa-028	llavors	151.01-155.91	clips/pa-028__llavors__151.01.wav	qa-cua-small-json/pa-028__llavors__151_01.json	1	sí	"[{""occurrence"":1,""local_start_s"":""2.720"",""local_end_s"":""3.140"",""absolute_start_s"":""153.730"",""absolute_end_s"":""154.150"",""prob_min"":""0.1910"",""text"":""llavors""}]"
pa-029	llavors	42.97-46.79	clips/pa-029__llavors__42.97.wav	qa-cua-small-json/pa-029__llavors__42_97.json	0	no	[]
pa-030	llavors	157.61-163.15	clips/pa-030__llavors__157.61.wav	qa-cua-small-json/pa-030__llavors__157_61.json	1	sí	"[{""occurrence"":1,""local_start_s"":""1.050"",""local_end_s"":""1.430"",""absolute_start_s"":""158.660"",""absolute_end_s"":""159.040"",""prob_min"":""0.4872"",""text"":""llavors""}]"
pa-032	llavors	174.13-178.67	clips/pa-032__llavors__174.13.wav	qa-cua-small-json/pa-032__llavors__174_13.json	0	no	[]
pa-033	llavors	71.53-76.35	clips/pa-033__llavors__71.53.wav	qa-cua-small-json/pa-033__llavors__71_53.json	1	sí	"[{""occurrence"":1,""local_start_s"":""0.090"",""local_end_s"":""0.570"",""absolute_start_s"":""71.620"",""absolute_end_s"":""72.100"",""prob_min"":""0.6221"",""text"":""llavors""}]"
pa-034	llavors	29.17-32.67	clips/pa-034__llavors__29.17.wav	qa-cua-small-json/pa-034__llavors__29_17.json	0	no	[]
pa-036	llavors	535.25-538.75	clips/pa-036__llavors__535.25.wav	qa-cua-small-json/pa-036__llavors__535_25.json	0	no	[]
pa-037	llavors	92.53-106.79	clips/pa-037__llavors__92.53.wav	qa-cua-small-json/pa-037__llavors__92_53.json	1	sí	"[{""occurrence"":1,""local_start_s"":""3.220"",""local_end_s"":""3.470"",""absolute_start_s"":""95.750"",""absolute_end_s"":""96.000"",""prob_min"":""0.7037"",""text"":""llavors""}]"
pa-038	llavors	264.13-269.83	clips/pa-038__llavors__264.13.wav	qa-cua-small-json/pa-038__llavors__264_13.json	1	sí	"[{""occurrence"":1,""local_start_s"":""0.000"",""local_end_s"":""0.760"",""absolute_start_s"":""264.130"",""absolute_end_s"":""264.890"",""prob_min"":""0.0343"",""text"":""Llavors""}]"
pa-041	llavors	108.25-115.75	clips/pa-041__llavors__108.25.wav	qa-cua-small-json/pa-041__llavors__108_25.json	0	no	[]
pa-045	llavors	194.93-200.31	clips/pa-045__llavors__194.93.wav	qa-cua-small-json/pa-045__llavors__194_93.json	1	sí	"[{""occurrence"":1,""local_start_s"":""1.370"",""local_end_s"":""1.710"",""absolute_start_s"":""196.300"",""absolute_end_s"":""196.640"",""prob_min"":""0.3678"",""text"":""llavors""}]"
pa-046	llavors	381.13-388.19	clips/pa-046__llavors__381.13.wav	qa-cua-small-json/pa-046__llavors__381_13.json	1	sí	"[{""occurrence"":1,""local_start_s"":""1.880"",""local_end_s"":""2.460"",""absolute_start_s"":""383.010"",""absolute_end_s"":""383.590"",""prob_min"":""0.5263"",""text"":""llavors""}]"
pa-048	llavors	1244.97-1248.95	clips/pa-048__llavors__1244.97.wav	qa-cua-small-json/pa-048__llavors__1244_97.json	1	sí	"[{""occurrence"":1,""local_start_s"":""0.000"",""local_end_s"":""0.530"",""absolute_start_s"":""1244.970"",""absolute_end_s"":""1245.500"",""prob_min"":""0.1077"",""text"":""Llavors""}]"
pa-049	llavors	230.45-239.67	clips/pa-049__llavors__230.45.wav	qa-cua-small-json/pa-049__llavors__230_45.json	1	sí	"[{""occurrence"":1,""local_start_s"":""1.400"",""local_end_s"":""1.820"",""absolute_start_s"":""231.850"",""absolute_end_s"":""232.270"",""prob_min"":""0.9191"",""text"":""llavors""}]"
pa-051	llavors	47.61-51.11	clips/pa-051__llavors__47.61.wav	qa-cua-small-json/pa-051__llavors__47_61.json	0	no	[]
pa-052	llavors	68.73-73.23	clips/pa-052__llavors__68.73.wav	qa-cua-small-json/pa-052__llavors__68_73.json	0	no	[]
pa-053	llavors	40.73-47.71	clips/pa-053__llavors__40.73.wav	qa-cua-small-json/pa-053__llavors__40_73.json	1	sí	"[{""occurrence"":1,""local_start_s"":""0.000"",""local_end_s"":""1.540"",""absolute_start_s"":""40.730"",""absolute_end_s"":""42.270"",""prob_min"":""0.0781"",""text"":""Llavors""}]"
pa-054	llavors	156.57-161.51	clips/pa-054__llavors__156.57.wav	qa-cua-small-json/pa-054__llavors__156_57.json	1	sí	"[{""occurrence"":1,""local_start_s"":""0.100"",""local_end_s"":""0.670"",""absolute_start_s"":""156.670"",""absolute_end_s"":""157.240"",""prob_min"":""0.4426"",""text"":""llavors""}]"
pa-055	llavors	105.37-110.27	clips/pa-055__llavors__105.37.wav	qa-cua-small-json/pa-055__llavors__105_37.json	0	no	[]
pa-056	llavors	157.77-163.11	clips/pa-056__llavors__157.77.wav	qa-cua-small-json/pa-056__llavors__157_77.json	1	sí	"[{""occurrence"":1,""local_start_s"":""0.000"",""local_end_s"":""0.700"",""absolute_start_s"":""157.770"",""absolute_end_s"":""158.470"",""prob_min"":""0.0284"",""text"":""llavors""}]"
pa-057	llavors	42.85-47.99	clips/pa-057__llavors__42.85.wav	qa-cua-small-json/pa-057__llavors__42_85.json	1	sí	"[{""occurrence"":1,""local_start_s"":""0.110"",""local_end_s"":""0.870"",""absolute_start_s"":""42.960"",""absolute_end_s"":""43.720"",""prob_min"":""0.3304"",""text"":""llavors""}]"
pa-058	llavors	1054.41-1059.35	clips/pa-058__llavors__1054.41.wav	qa-cua-small-json/pa-058__llavors__1054_41.json	0	no	[]
pa-059	llavors	361.49-368.39	clips/pa-059__llavors__361.49.wav	qa-cua-small-json/pa-059__llavors__361_49.json	0	no	[]
pa-060	llavors	48.77-56.07	clips/pa-060__llavors__48.77.wav	qa-cua-small-json/pa-060__llavors__48_77.json	1	sí	"[{""occurrence"":1,""local_start_s"":""2.800"",""local_end_s"":""3.800"",""absolute_start_s"":""51.570"",""absolute_end_s"":""52.570"",""prob_min"":""0.3053"",""text"":""llavors""}]"
pa-061	llavors	380.77-385.15	clips/pa-061__llavors__380.77.wav	qa-cua-small-json/pa-061__llavors__380_77.json	1	sí	"[{""occurrence"":1,""local_start_s"":""1.480"",""local_end_s"":""1.890"",""absolute_start_s"":""382.250"",""absolute_end_s"":""382.660"",""prob_min"":""0.5349"",""text"":""llavors""}]"
pa-063	llavors	39.49-44.79	clips/pa-063__llavors__39.49.wav	qa-cua-small-json/pa-063__llavors__39_49.json	1	sí	"[{""occurrence"":1,""local_start_s"":""3.670"",""local_end_s"":""4.600"",""absolute_start_s"":""43.160"",""absolute_end_s"":""44.090"",""prob_min"":""0.3329"",""text"":""llavors""}]"
pa-064	llavors	713.33-717.15	clips/pa-064__llavors__713.33.wav	qa-cua-small-json/pa-064__llavors__713_33.json	0	no	[]
pa-065	llavors	612.13-617.87	clips/pa-065__llavors__612.13.wav	qa-cua-small-json/pa-065__llavors__612_13.json	0	no	[]
pa-066	llavors	16.21-20.35	clips/pa-066__llavors__16.21.wav	qa-cua-small-json/pa-066__llavors__16_21.json	1	sí	"[{""occurrence"":1,""local_start_s"":""1.400"",""local_end_s"":""1.840"",""absolute_start_s"":""17.610"",""absolute_end_s"":""18.050"",""prob_min"":""0.7958"",""text"":""llavors""}]"
pa-001	a veure	341.57-345.59	clips/pa-001__a-veure__341.57.wav	qa-cua-small-json/pa-001__a-veure__341_57.json	0	no	[]
pa-002	a veure	126.25-132.75	clips/pa-002__a-veure__126.25.wav	qa-cua-small-json/pa-002__a-veure__126_25.json	1	sí	"[{""occurrence"":1,""local_start_s"":""2.180"",""local_end_s"":""3.510"",""absolute_start_s"":""128.430"",""absolute_end_s"":""129.760"",""prob_min"":""0.6605"",""text"":""a veure""}]"
pa-007	a veure	89.25-96.75	clips/pa-007__a-veure__89.25.wav	qa-cua-small-json/pa-007__a-veure__89_25.json	1	sí	"[{""occurrence"":1,""local_start_s"":""1.280"",""local_end_s"":""1.800"",""absolute_start_s"":""90.530"",""absolute_end_s"":""91.050"",""prob_min"":""0.9934"",""text"":""a veure""}]"
pa-008	a veure	668.25-673.75	clips/pa-008__a-veure__668.25.wav	qa-cua-small-json/pa-008__a-veure__668_25.json	1	sí	"[{""occurrence"":1,""local_start_s"":""1.910"",""local_end_s"":""2.640"",""absolute_start_s"":""670.160"",""absolute_end_s"":""670.890"",""prob_min"":""0.9915"",""text"":""a veure""}]"
pa-011	a veure	551.81-556.27	clips/pa-011__a-veure__551.81.wav	qa-cua-small-json/pa-011__a-veure__551_81.json	1	sí	"[{""occurrence"":1,""local_start_s"":""3.040"",""local_end_s"":""3.450"",""absolute_start_s"":""554.850"",""absolute_end_s"":""555.260"",""prob_min"":""0.1111"",""text"":""a veure""}]"
pa-014	a veure	617.45-637.95	clips/pa-014__a-veure__617.45.wav	qa-cua-small-json/pa-014__a-veure__617_45.json	1	sí	"[{""occurrence"":1,""local_start_s"":""14.780"",""local_end_s"":""15.230"",""absolute_start_s"":""632.230"",""absolute_end_s"":""632.680"",""prob_min"":""0.7543"",""text"":""a veure""}]"
pa-016	a veure	369.73-375.91	clips/pa-016__a-veure__369.73.wav	qa-cua-small-json/pa-016__a-veure__369_73.json	1	sí	"[{""occurrence"":1,""local_start_s"":""1.210"",""local_end_s"":""2.120"",""absolute_start_s"":""370.940"",""absolute_end_s"":""371.850"",""prob_min"":""0.5117"",""text"":""a veure""}]"
pa-018	a veure	825.61-833.55	clips/pa-018__a-veure__825.61.wav	qa-cua-small-json/pa-018__a-veure__825_61.json	0	no	[]
pa-021	a veure	108.77-116.95	clips/pa-021__a-veure__108.77.wav	qa-cua-small-json/pa-021__a-veure__108_77.json	1	sí	"[{""occurrence"":1,""local_start_s"":""0.170"",""local_end_s"":""1.190"",""absolute_start_s"":""108.940"",""absolute_end_s"":""109.960"",""prob_min"":""0.5298"",""text"":""a veure""}]"
pa-022	a veure	238.61-245.15	clips/pa-022__a-veure__238.61.wav	qa-cua-small-json/pa-022__a-veure__238_61.json	1	sí	"[{""occurrence"":1,""local_start_s"":""2.000"",""local_end_s"":""2.500"",""absolute_start_s"":""240.610"",""absolute_end_s"":""241.110"",""prob_min"":""0.3096"",""text"":""a veure""}]"
pa-023	a veure	268.81-272.59	clips/pa-023__a-veure__268.81.wav	qa-cua-small-json/pa-023__a-veure__268_81.json	1	sí	"[{""occurrence"":1,""local_start_s"":""0.010"",""local_end_s"":""0.510"",""absolute_start_s"":""268.820"",""absolute_end_s"":""269.320"",""prob_min"":""0.1996"",""text"":""A veure""}]"
pa-024	a veure	590.77-595.39	clips/pa-024__a-veure__590.77.wav	qa-cua-small-json/pa-024__a-veure__590_77.json	0	no	[]
pa-025	a veure	388.01-395.23	clips/pa-025__a-veure__388.01.wav	qa-cua-small-json/pa-025__a-veure__388_01.json	1	sí	"[{""occurrence"":1,""local_start_s"":""1.000"",""local_end_s"":""1.740"",""absolute_start_s"":""389.010"",""absolute_end_s"":""389.750"",""prob_min"":""0.7039"",""text"":""A veure""}]"
pa-026	a veure	64.09-68.39	clips/pa-026__a-veure__64.09.wav	qa-cua-small-json/pa-026__a-veure__64_09.json	1	sí	"[{""occurrence"":1,""local_start_s"":""1.550"",""local_end_s"":""2.490"",""absolute_start_s"":""65.640"",""absolute_end_s"":""66.580"",""prob_min"":""0.6966"",""text"":""a veure""}]"
pa-029	a veure	17.49-21.59	clips/pa-029__a-veure__17.49.wav	qa-cua-small-json/pa-029__a-veure__17_49.json	0	no	[]
pa-030	a veure	673.41-676.91	clips/pa-030__a-veure__673.41.wav	qa-cua-small-json/pa-030__a-veure__673_41.json	1	sí	"[{""occurrence"":1,""local_start_s"":""0.000"",""local_end_s"":""0.250"",""absolute_start_s"":""673.410"",""absolute_end_s"":""673.660"",""prob_min"":""0.1988"",""text"":""A veure""}]"
pa-031	a veure	4.25-9.07	clips/pa-031__a-veure__4.25.wav	qa-cua-small-json/pa-031__a-veure__4_25.json	1	sí	"[{""occurrence"":1,""local_start_s"":""2.170"",""local_end_s"":""2.400"",""absolute_start_s"":""6.420"",""absolute_end_s"":""6.650"",""prob_min"":""0.0804"",""text"":""a veure""}]"
pa-032	a veure	212.45-218.19	clips/pa-032__a-veure__212.45.wav	qa-cua-small-json/pa-032__a-veure__212_45.json	0	no	[]
pa-034	a veure	94.05-100.39	clips/pa-034__a-veure__94.05.wav	qa-cua-small-json/pa-034__a-veure__94_05.json	1	sí	"[{""occurrence"":1,""local_start_s"":""1.180"",""local_end_s"":""1.990"",""absolute_start_s"":""95.230"",""absolute_end_s"":""96.040"",""prob_min"":""0.9578"",""text"":""a veure""}]"
pa-035	a veure	211.09-218.51	clips/pa-035__a-veure__211.09.wav	qa-cua-small-json/pa-035__a-veure__211_09.json	0	no	[]
pa-036	a veure	153.05-160.15	clips/pa-036__a-veure__153.05.wav	qa-cua-small-json/pa-036__a-veure__153_05.json	1	sí	"[{""occurrence"":1,""local_start_s"":""1.100"",""local_end_s"":""1.500"",""absolute_start_s"":""154.150"",""absolute_end_s"":""154.550"",""prob_min"":""0.4770"",""text"":""a veure""}]"
pa-038	a veure	1070.33-1076.43	clips/pa-038__a-veure__1070.33.wav	qa-cua-small-json/pa-038__a-veure__1070_33.json	0	no	[]
pa-041	a veure	200.25-205.75	clips/pa-041__a-veure__200.25.wav	qa-cua-small-json/pa-041__a-veure__200_25.json	1	sí	"[{""occurrence"":1,""local_start_s"":""2.440"",""local_end_s"":""3.090"",""absolute_start_s"":""202.690"",""absolute_end_s"":""203.340"",""prob_min"":""0.7229"",""text"":""a veure""}]"
pa-045	a veure	340.93-345.91	clips/pa-045__a-veure__340.93.wav	qa-cua-small-json/pa-045__a-veure__340_93.json	1	sí	"[{""occurrence"":1,""local_start_s"":""4.090"",""local_end_s"":""4.160"",""absolute_start_s"":""345.020"",""absolute_end_s"":""345.090"",""prob_min"":""0.9709"",""text"":""a veure""}]"
pa-048	a veure	393.93-397.03	clips/pa-048__a-veure__393.93.wav	qa-cua-small-json/pa-048__a-veure__393_93.json	1	sí	"[{""occurrence"":1,""local_start_s"":""0.000"",""local_end_s"":""0.550"",""absolute_start_s"":""393.930"",""absolute_end_s"":""394.480"",""prob_min"":""0.0287"",""text"":""A veure""}]"
pa-049	a veure	244.85-252.03	clips/pa-049__a-veure__244.85.wav	qa-cua-small-json/pa-049__a-veure__244_85.json	2	sí	"[{""occurrence"":1,""local_start_s"":""3.260"",""local_end_s"":""3.550"",""absolute_start_s"":""248.110"",""absolute_end_s"":""248.400"",""prob_min"":""0.0989"",""text"":""a veure""},{""occurrence"":2,""local_start_s"":""5.900"",""local_end_s"":""6.230"",""absolute_start_s"":""250.750"",""absolute_end_s"":""251.080"",""prob_min"":""0.9962"",""text"":""a veure""}]"
pa-054	a veure	77.97-81.87	clips/pa-054__a-veure__77.97.wav	qa-cua-small-json/pa-054__a-veure__77_97.json	0	no	[]
pa-055	a veure	63.89-68.59	clips/pa-055__a-veure__63.89.wav	qa-cua-small-json/pa-055__a-veure__63_89.json	1	sí	"[{""occurrence"":1,""local_start_s"":""1.380"",""local_end_s"":""2.120"",""absolute_start_s"":""65.270"",""absolute_end_s"":""66.010"",""prob_min"":""0.7076"",""text"":""a veure""}]"
pa-056	a veure	673.21-676.71	clips/pa-056__a-veure__673.21.wav	qa-cua-small-json/pa-056__a-veure__673_21.json	1	sí	"[{""occurrence"":1,""local_start_s"":""0.000"",""local_end_s"":""0.400"",""absolute_start_s"":""673.210"",""absolute_end_s"":""673.610"",""prob_min"":""0.1806"",""text"":""A veure""}]"
pa-057	a veure	16.97-21.31	clips/pa-057__a-veure__16.97.wav	qa-cua-small-json/pa-057__a-veure__16_97.json	0	no	[]
pa-058	a veure	828.61-833.55	clips/pa-058__a-veure__828.61.wav	qa-cua-small-json/pa-058__a-veure__828_61.json	0	no	[]
pa-060	a veure	268.57-272.67	clips/pa-060__a-veure__268.57.wav	qa-cua-small-json/pa-060__a-veure__268_57.json	1	sí	"[{""occurrence"":1,""local_start_s"":""2.000"",""local_end_s"":""2.160"",""absolute_start_s"":""270.570"",""absolute_end_s"":""270.730"",""prob_min"":""0.6349"",""text"":""a veure""}]"
pa-061	a veure	579.17-583.39	clips/pa-061__a-veure__579.17.wav	qa-cua-small-json/pa-061__a-veure__579_17.json	1	sí	"[{""occurrence"":1,""local_start_s"":""2.610"",""local_end_s"":""3.170"",""absolute_start_s"":""581.780"",""absolute_end_s"":""582.340"",""prob_min"":""0.6223"",""text"":""a veure""}]"
pa-063	a veure	402.13-408.03	clips/pa-063__a-veure__402.13.wav	qa-cua-small-json/pa-063__a-veure__402_13.json	1	sí	"[{""occurrence"":1,""local_start_s"":""0.000"",""local_end_s"":""1.060"",""absolute_start_s"":""402.130"",""absolute_end_s"":""403.190"",""prob_min"":""0.0333"",""text"":""A veure""}]"
pa-064	a veure	587.61-591.67	clips/pa-064__a-veure__587.61.wav	qa-cua-small-json/pa-064__a-veure__587_61.json	1	sí	"[{""occurrence"":1,""local_start_s"":""1.270"",""local_end_s"":""1.890"",""absolute_start_s"":""588.880"",""absolute_end_s"":""589.500"",""prob_min"":""0.9952"",""text"":""a veure""}]"
pa-065	a veure	578.25-582.71	clips/pa-065__a-veure__578.25.wav	qa-cua-small-json/pa-065__a-veure__578_25.json	0	no	[]
pa-003	aviam	180.17-188.79	clips/pa-003__aviam__180.17.wav	qa-cua-small-json/pa-003__aviam__180_17.json	0	no	[]
pa-014	aviam	875.45-883.95	clips/pa-014__aviam__875.45.wav	qa-cua-small-json/pa-014__aviam__875_45.json	1	sí	"[{""occurrence"":1,""local_start_s"":""2.000"",""local_end_s"":""2.000"",""absolute_start_s"":""877.450"",""absolute_end_s"":""877.450"",""prob_min"":""0.1944"",""text"":""aviam""}]"
pa-016	aviam	729.65-741.19	clips/pa-016__aviam__729.65.wav	qa-cua-small-json/pa-016__aviam__729_65.json	0	no	[]
pa-020	aviam	252.21-256.43	clips/pa-020__aviam__252.21.wav	qa-cua-small-json/pa-020__aviam__252_21.json	1	sí	"[{""occurrence"":1,""local_start_s"":""3.060"",""local_end_s"":""3.400"",""absolute_start_s"":""255.270"",""absolute_end_s"":""255.610"",""prob_min"":""0.1339"",""text"":""aviam""}]"
pa-049	aviam	897.25-901.75	clips/pa-049__aviam__897.25.wav	qa-cua-small-json/pa-049__aviam__897_25.json	0	no	[]
pa-004	doncs	416.21-423.31	clips/pa-004__doncs__416.21.wav	qa-cua-small-json/pa-004__doncs__416_21.json	0	no	[]
pa-005	doncs	71.13-77.11	clips/pa-005__doncs__71.13.wav	qa-cua-small-json/pa-005__doncs__71_13.json	2	sí	"[{""occurrence"":1,""local_start_s"":""0.000"",""local_end_s"":""0.490"",""absolute_start_s"":""71.130"",""absolute_end_s"":""71.620"",""prob_min"":""0.6435"",""text"":""Doncs""},{""occurrence"":2,""local_start_s"":""0.960"",""local_end_s"":""1.450"",""absolute_start_s"":""72.090"",""absolute_end_s"":""72.580"",""prob_min"":""0.3084"",""text"":""doncs""}]"
pa-006	doncs	180.25-187.75	clips/pa-006__doncs__180.25.wav	qa-cua-small-json/pa-006__doncs__180_25.json	1	sí	"[{""occurrence"":1,""local_start_s"":""0.980"",""local_end_s"":""1.540"",""absolute_start_s"":""181.230"",""absolute_end_s"":""181.790"",""prob_min"":""0.5306"",""text"":""doncs""}]"
pa-007	doncs	59.25-66.75	clips/pa-007__doncs__59.25.wav	qa-cua-small-json/pa-007__doncs__59_25.json	1	sí	"[{""occurrence"":1,""local_start_s"":""0.130"",""local_end_s"":""0.480"",""absolute_start_s"":""59.380"",""absolute_end_s"":""59.730"",""prob_min"":""0.5996"",""text"":""Doncs""}]"
pa-008	doncs	55.25-59.75	clips/pa-008__doncs__55.25.wav	qa-cua-small-json/pa-008__doncs__55_25.json	0	no	[]
pa-009	doncs	139.25-145.75	clips/pa-009__doncs__139.25.wav	qa-cua-small-json/pa-009__doncs__139_25.json	1	sí	"[{""occurrence"":1,""local_start_s"":""0.000"",""local_end_s"":""0.500"",""absolute_start_s"":""139.250"",""absolute_end_s"":""139.750"",""prob_min"":""0.2017"",""text"":""Doncs""}]"
pa-010	doncs	24.65-31.67	clips/pa-010__doncs__24.65.wav	qa-cua-small-json/pa-010__doncs__24_65.json	1	sí	"[{""occurrence"":1,""local_start_s"":""2.510"",""local_end_s"":""2.770"",""absolute_start_s"":""27.160"",""absolute_end_s"":""27.420"",""prob_min"":""0.4795"",""text"":""doncs""}]"
pa-011	doncs	61.49-69.07	clips/pa-011__doncs__61.49.wav	qa-cua-small-json/pa-011__doncs__61_49.json	1	sí	"[{""occurrence"":1,""local_start_s"":""1.480"",""local_end_s"":""1.940"",""absolute_start_s"":""62.970"",""absolute_end_s"":""63.430"",""prob_min"":""0.4045"",""text"":""doncs""}]"
pa-012	doncs	411.25-416.75	clips/pa-012__doncs__411.25.wav	qa-cua-small-json/pa-012__doncs__411_25.json	0	no	[]
pa-013	doncs	56.85-61.87	clips/pa-013__doncs__56.85.wav	qa-cua-small-json/pa-013__doncs__56_85.json	1	sí	"[{""occurrence"":1,""local_start_s"":""2.440"",""local_end_s"":""2.750"",""absolute_start_s"":""59.290"",""absolute_end_s"":""59.600"",""prob_min"":""0.4874"",""text"":""doncs""}]"
pa-014	doncs	180.05-188.55	clips/pa-014__doncs__180.05.wav	qa-cua-small-json/pa-014__doncs__180_05.json	0	no	[]
pa-015	doncs	83.25-87.75	clips/pa-015__doncs__83.25.wav	qa-cua-small-json/pa-015__doncs__83_25.json	1	sí	"[{""occurrence"":1,""local_start_s"":""1.130"",""local_end_s"":""1.530"",""absolute_start_s"":""84.380"",""absolute_end_s"":""84.780"",""prob_min"":""0.8466"",""text"":""doncs""}]"
pa-016	doncs	62.33-69.43	clips/pa-016__doncs__62.33.wav	qa-cua-small-json/pa-016__doncs__62_33.json	1	sí	"[{""occurrence"":1,""local_start_s"":""4.880"",""local_end_s"":""5.070"",""absolute_start_s"":""67.210"",""absolute_end_s"":""67.400"",""prob_min"":""0.5311"",""text"":""Doncs""}]"
pa-017	doncs	459.25-464.75	clips/pa-017__doncs__459.25.wav	qa-cua-small-json/pa-017__doncs__459_25.json	1	sí	"[{""occurrence"":1,""local_start_s"":""1.340"",""local_end_s"":""1.630"",""absolute_start_s"":""460.590"",""absolute_end_s"":""460.880"",""prob_min"":""0.9049"",""text"":""doncs""}]"
pa-018	doncs	33.53-39.87	clips/pa-018__doncs__33.53.wav	qa-cua-small-json/pa-018__doncs__33_53.json	0	no	[]
pa-019	doncs	46.25-49.75	clips/pa-019__doncs__46.25.wav	qa-cua-small-json/pa-019__doncs__46_25.json	0	no	[]
pa-020	doncs	247.37-252.03	clips/pa-020__doncs__247.37.wav	qa-cua-small-json/pa-020__doncs__247_37.json	1	sí	"[{""occurrence"":1,""local_start_s"":""0.840"",""local_end_s"":""1.310"",""absolute_start_s"":""248.210"",""absolute_end_s"":""248.680"",""prob_min"":""0.6183"",""text"":""doncs""}]"
pa-021	doncs	12.25-16.87	clips/pa-021__doncs__12.25.wav	qa-cua-small-json/pa-021__doncs__12_25.json	1	sí	"[{""occurrence"":1,""local_start_s"":""3.660"",""local_end_s"":""3.750"",""absolute_start_s"":""15.910"",""absolute_end_s"":""16.000"",""prob_min"":""0.7531"",""text"":""doncs""}]"
pa-022	doncs	122.85-126.95	clips/pa-022__doncs__122.85.wav	qa-cua-small-json/pa-022__doncs__122_85.json	0	no	[]
pa-024	doncs	83.01-114.51	clips/pa-024__doncs__83.01.wav	qa-cua-small-json/pa-024__doncs__83_01.json	0	no	[]
pa-025	doncs	59.89-66.03	clips/pa-025__doncs__59.89.wav	qa-cua-small-json/pa-025__doncs__59_89.json	0	no	[]
pa-026	doncs	6.33-9.67	clips/pa-026__doncs__6.33.wav	qa-cua-small-json/pa-026__doncs__6_33.json	0	no	[]
pa-027	doncs	18.01-24.51	clips/pa-027__doncs__18.01.wav	qa-cua-small-json/pa-027__doncs__18_01.json	0	no	[]
pa-028	doncs	329.33-334.79	clips/pa-028__doncs__329.33.wav	qa-cua-small-json/pa-028__doncs__329_33.json	1	sí	"[{""occurrence"":1,""local_start_s"":""1.080"",""local_end_s"":""1.330"",""absolute_start_s"":""330.410"",""absolute_end_s"":""330.660"",""prob_min"":""0.8421"",""text"":""Doncs""}]"
pa-029	doncs	127.61-131.67	clips/pa-029__doncs__127.61.wav	qa-cua-small-json/pa-029__doncs__127_61.json	0	no	[]
pa-030	doncs	43.53-48.63	clips/pa-030__doncs__43.53.wav	qa-cua-small-json/pa-030__doncs__43_53.json	1	sí	"[{""occurrence"":1,""local_start_s"":""1.120"",""local_end_s"":""1.320"",""absolute_start_s"":""44.650"",""absolute_end_s"":""44.850"",""prob_min"":""0.2935"",""text"":""doncs""}]"
pa-031	doncs	414.05-419.11	clips/pa-031__doncs__414.05.wav	qa-cua-small-json/pa-031__doncs__414_05.json	1	sí	"[{""occurrence"":1,""local_start_s"":""0.000"",""local_end_s"":""0.220"",""absolute_start_s"":""414.050"",""absolute_end_s"":""414.270"",""prob_min"":""0.0397"",""text"":""Doncs""}]"
pa-032	doncs	21.61-27.23	clips/pa-032__doncs__21.61.wav	qa-cua-small-json/pa-032__doncs__21_61.json	1	sí	"[{""occurrence"":1,""local_start_s"":""0.000"",""local_end_s"":""0.110"",""absolute_start_s"":""21.610"",""absolute_end_s"":""21.720"",""prob_min"":""0.0158"",""text"":""Doncs""}]"
pa-033	doncs	6.61-10.79	clips/pa-033__doncs__6.61.wav	qa-cua-small-json/pa-033__doncs__6_61.json	0	no	[]
pa-034	doncs	110.53-116.23	clips/pa-034__doncs__110.53.wav	qa-cua-small-json/pa-034__doncs__110_53.json	0	no	[]
pa-035	doncs	195.49-202.11	clips/pa-035__doncs__195.49.wav	qa-cua-small-json/pa-035__doncs__195_49.json	1	sí	"[{""occurrence"":1,""local_start_s"":""2.650"",""local_end_s"":""3.200"",""absolute_start_s"":""198.140"",""absolute_end_s"":""198.690"",""prob_min"":""0.9025"",""text"":""doncs""}]"
pa-036	doncs	367.25-376.75	clips/pa-036__doncs__367.25.wav	qa-cua-small-json/pa-036__doncs__367_25.json	1	sí	"[{""occurrence"":1,""local_start_s"":""5.000"",""local_end_s"":""5.370"",""absolute_start_s"":""372.250"",""absolute_end_s"":""372.620"",""prob_min"":""0.5064"",""text"":""Doncs""}]"
pa-037	doncs	20.49-28.07	clips/pa-037__doncs__20.49.wav	qa-cua-small-json/pa-037__doncs__20_49.json	1	sí	"[{""occurrence"":1,""local_start_s"":""0.270"",""local_end_s"":""0.750"",""absolute_start_s"":""20.760"",""absolute_end_s"":""21.240"",""prob_min"":""0.6135"",""text"":""doncs""}]"
pa-038	doncs	2008.17-2013.95	clips/pa-038__doncs__2008.17.wav	qa-cua-small-json/pa-038__doncs__2008_17.json	1	sí	"[{""occurrence"":1,""local_start_s"":""0.470"",""local_end_s"":""0.570"",""absolute_start_s"":""2008.640"",""absolute_end_s"":""2008.740"",""prob_min"":""0.7782"",""text"":""Doncs""}]"
pa-039	doncs	12.77-19.51	clips/pa-039__doncs__12.77.wav	qa-cua-small-json/pa-039__doncs__12_77.json	0	no	[]
pa-040	doncs	210.05-214.99	clips/pa-040__doncs__210.05.wav	qa-cua-small-json/pa-040__doncs__210_05.json	0	no	[]
pa-041	doncs	209.25-217.75	clips/pa-041__doncs__209.25.wav	qa-cua-small-json/pa-041__doncs__209_25.json	0	no	[]
pa-043	doncs	15.25-19.75	clips/pa-043__doncs__15.25.wav	qa-cua-small-json/pa-043__doncs__15_25.json	0	no	[]
pa-045	doncs	283.01-287.39	clips/pa-045__doncs__283.01.wav	qa-cua-small-json/pa-045__doncs__283_01.json	1	sí	"[{""occurrence"":1,""local_start_s"":""1.800"",""local_end_s"":""1.960"",""absolute_start_s"":""284.810"",""absolute_end_s"":""284.970"",""prob_min"":""0.7735"",""text"":""Doncs""}]"
pa-046	doncs	135.61-140.07	clips/pa-046__doncs__135.61.wav	qa-cua-small-json/pa-046__doncs__135_61.json	1	sí	"[{""occurrence"":1,""local_start_s"":""1.000"",""local_end_s"":""1.700"",""absolute_start_s"":""136.610"",""absolute_end_s"":""137.310"",""prob_min"":""0.2825"",""text"":""doncs""}]"
pa-048	doncs	302.89-306.79	clips/pa-048__doncs__302.89.wav	qa-cua-small-json/pa-048__doncs__302_89.json	1	sí	"[{""occurrence"":1,""local_start_s"":""1.440"",""local_end_s"":""1.750"",""absolute_start_s"":""304.330"",""absolute_end_s"":""304.640"",""prob_min"":""0.5376"",""text"":""doncs""}]"
pa-049	doncs	1092.25-1095.75	clips/pa-049__doncs__1092.25.wav	qa-cua-small-json/pa-049__doncs__1092_25.json	0	no	[]
pa-055	doncs	6.29-9.67	clips/pa-055__doncs__6.29.wav	qa-cua-small-json/pa-055__doncs__6_29.json	0	no	[]
pa-056	doncs	43.45-48.59	clips/pa-056__doncs__43.45.wav	qa-cua-small-json/pa-056__doncs__43_45.json	1	sí	"[{""occurrence"":1,""local_start_s"":""1.160"",""local_end_s"":""1.310"",""absolute_start_s"":""44.610"",""absolute_end_s"":""44.760"",""prob_min"":""0.2840"",""text"":""doncs""}]"
pa-057	doncs	127.21-131.71	clips/pa-057__doncs__127.21.wav	qa-cua-small-json/pa-057__doncs__127_21.json	0	no	[]
pa-058	doncs	200.41-205.27	clips/pa-058__doncs__200.41.wav	qa-cua-small-json/pa-058__doncs__200_41.json	0	no	[]
pa-059	doncs	245.81-250.79	clips/pa-059__doncs__245.81.wav	qa-cua-small-json/pa-059__doncs__245_81.json	0	no	[]
pa-060	doncs	177.97-182.63	clips/pa-060__doncs__177.97.wav	qa-cua-small-json/pa-060__doncs__177_97.json	1	sí	"[{""occurrence"":1,""local_start_s"":""2.400"",""local_end_s"":""2.590"",""absolute_start_s"":""180.370"",""absolute_end_s"":""180.560"",""prob_min"":""0.1036"",""text"":""doncs""}]"
pa-061	doncs	242.09-249.23	clips/pa-061__doncs__242.09.wav	qa-cua-small-json/pa-061__doncs__242_09.json	0	no	[]
pa-062	doncs	302.09-307.51	clips/pa-062__doncs__302.09.wav	qa-cua-small-json/pa-062__doncs__302_09.json	0	no	[]
pa-063	doncs	609.05-614.11	clips/pa-063__doncs__609.05.wav	qa-cua-small-json/pa-063__doncs__609_05.json	1	sí	"[{""occurrence"":1,""local_start_s"":""0.700"",""local_end_s"":""1.050"",""absolute_start_s"":""609.750"",""absolute_end_s"":""610.100"",""prob_min"":""0.7069"",""text"":""doncs""}]"
pa-064	doncs	456.73-460.43	clips/pa-064__doncs__456.73.wav	qa-cua-small-json/pa-064__doncs__456_73.json	0	no	[]
pa-065	doncs	157.49-162.27	clips/pa-065__doncs__157.49.wav	qa-cua-small-json/pa-065__doncs__157_49.json	1	sí	"[{""occurrence"":1,""local_start_s"":""2.230"",""local_end_s"":""2.260"",""absolute_start_s"":""159.720"",""absolute_end_s"":""159.750"",""prob_min"":""0.7556"",""text"":""doncs""}]"
pa-001	perquè	59.57-63.31	clips/pa-001__perqu__59.57.wav	qa-cua-small-json/pa-001__perqu__59_57.json	1	sí	"[{""occurrence"":1,""local_start_s"":""0.720"",""local_end_s"":""1.140"",""absolute_start_s"":""60.290"",""absolute_end_s"":""60.710"",""prob_min"":""0.7317"",""text"":""perquè""}]"
pa-002	perquè	18.25-23.75	clips/pa-002__perqu__18.25.wav	qa-cua-small-json/pa-002__perqu__18_25.json	1	sí	"[{""occurrence"":1,""local_start_s"":""0.950"",""local_end_s"":""1.700"",""absolute_start_s"":""19.200"",""absolute_end_s"":""19.950"",""prob_min"":""0.7556"",""text"":""perquè""}]"
pa-003	perquè	201.57-207.03	clips/pa-003__perqu__201.57.wav	qa-cua-small-json/pa-003__perqu__201_57.json	1	sí	"[{""occurrence"":1,""local_start_s"":""0.790"",""local_end_s"":""0.950"",""absolute_start_s"":""202.360"",""absolute_end_s"":""202.520"",""prob_min"":""0.9495"",""text"":""perquè""}]"
pa-004	perquè	464.09-471.39	clips/pa-004__perqu__464.09.wav	qa-cua-small-json/pa-004__perqu__464_09.json	1	sí	"[{""occurrence"":1,""local_start_s"":""3.990"",""local_end_s"":""4.710"",""absolute_start_s"":""468.080"",""absolute_end_s"":""468.800"",""prob_min"":""0.6217"",""text"":""perquè""}]"
pa-006	perquè	110.25-117.75	clips/pa-006__perqu__110.25.wav	qa-cua-small-json/pa-006__perqu__110_25.json	1	sí	"[{""occurrence"":1,""local_start_s"":""3.200"",""local_end_s"":""3.880"",""absolute_start_s"":""113.450"",""absolute_end_s"":""114.130"",""prob_min"":""0.2439"",""text"":""perquè""}]"
pa-007	perquè	101.25-107.75	clips/pa-007__perqu__101.25.wav	qa-cua-small-json/pa-007__perqu__101_25.json	1	sí	"[{""occurrence"":1,""local_start_s"":""2.000"",""local_end_s"":""2.060"",""absolute_start_s"":""103.250"",""absolute_end_s"":""103.310"",""prob_min"":""0.8509"",""text"":""perquè""}]"
pa-008	perquè	55.25-59.75	clips/pa-008__perqu__55.25.wav	qa-cua-small-json/pa-008__perqu__55_25.json	1	sí	"[{""occurrence"":1,""local_start_s"":""1.000"",""local_end_s"":""1.260"",""absolute_start_s"":""56.250"",""absolute_end_s"":""56.510"",""prob_min"":""0.4598"",""text"":""Perquè""}]"
pa-009	perquè	349.25-356.75	clips/pa-009__perqu__349.25.wav	qa-cua-small-json/pa-009__perqu__349_25.json	1	sí	"[{""occurrence"":1,""local_start_s"":""0.000"",""local_end_s"":""0.560"",""absolute_start_s"":""349.250"",""absolute_end_s"":""349.810"",""prob_min"":""0.2138"",""text"":""perquè""}]"
pa-010	perquè	196.65-201.55	clips/pa-010__perqu__196.65.wav	qa-cua-small-json/pa-010__perqu__196_65.json	1	sí	"[{""occurrence"":1,""local_start_s"":""0.000"",""local_end_s"":""0.300"",""absolute_start_s"":""196.650"",""absolute_end_s"":""196.950"",""prob_min"":""0.2814"",""text"":""perquè""}]"
pa-011	perquè	27.61-31.55	clips/pa-011__perqu__27.61.wav	qa-cua-small-json/pa-011__perqu__27_61.json	1	sí	"[{""occurrence"":1,""local_start_s"":""1.240"",""local_end_s"":""1.490"",""absolute_start_s"":""28.850"",""absolute_end_s"":""29.100"",""prob_min"":""0.6057"",""text"":""perquè""}]"
pa-012	perquè	369.25-374.75	clips/pa-012__perqu__369.25.wav	qa-cua-small-json/pa-012__perqu__369_25.json	1	sí	"[{""occurrence"":1,""local_start_s"":""0.000"",""local_end_s"":""0.110"",""absolute_start_s"":""369.250"",""absolute_end_s"":""369.360"",""prob_min"":""0.6158"",""text"":""perquè""}]"
pa-013	perquè	433.89-442.03	clips/pa-013__perqu__433.89.wav	qa-cua-small-json/pa-013__perqu__433_89.json	1	sí	"[{""occurrence"":1,""local_start_s"":""2.270"",""local_end_s"":""2.640"",""absolute_start_s"":""436.160"",""absolute_end_s"":""436.530"",""prob_min"":""0.9497"",""text"":""perquè""}]"
pa-014	perquè	105.85-115.75	clips/pa-014__perqu__105.85.wav	qa-cua-small-json/pa-014__perqu__105_85.json	1	sí	"[{""occurrence"":1,""local_start_s"":""2.390"",""local_end_s"":""2.810"",""absolute_start_s"":""108.240"",""absolute_end_s"":""108.660"",""prob_min"":""0.8193"",""text"":""perquè""}]"
pa-015	perquè	86.25-92.75	clips/pa-015__perqu__86.25.wav	qa-cua-small-json/pa-015__perqu__86_25.json	1	sí	"[{""occurrence"":1,""local_start_s"":""2.000"",""local_end_s"":""2.480"",""absolute_start_s"":""88.250"",""absolute_end_s"":""88.730"",""prob_min"":""0.4134"",""text"":""perquè""}]"
pa-016	perquè	79.77-85.39	clips/pa-016__perqu__79.77.wav	qa-cua-small-json/pa-016__perqu__79_77.json	1	sí	"[{""occurrence"":1,""local_start_s"":""2.190"",""local_end_s"":""2.860"",""absolute_start_s"":""81.960"",""absolute_end_s"":""82.630"",""prob_min"":""0.8479"",""text"":""perquè""}]"
pa-017	perquè	4.25-12.15	clips/pa-017__perqu__4.25.wav	qa-cua-small-json/pa-017__perqu__4_25.json	1	sí	"[{""occurrence"":1,""local_start_s"":""2.150"",""local_end_s"":""2.640"",""absolute_start_s"":""6.400"",""absolute_end_s"":""6.890"",""prob_min"":""0.6669"",""text"":""perquè""}]"
pa-018	perquè	91.09-96.47	clips/pa-018__perqu__91.09.wav	qa-cua-small-json/pa-018__perqu__91_09.json	1	sí	"[{""occurrence"":1,""local_start_s"":""1.070"",""local_end_s"":""1.760"",""absolute_start_s"":""92.160"",""absolute_end_s"":""92.850"",""prob_min"":""0.9663"",""text"":""perquè""}]"
pa-019	perquè	101.25-105.75	clips/pa-019__perqu__101.25.wav	qa-cua-small-json/pa-019__perqu__101_25.json	1	sí	"[{""occurrence"":1,""local_start_s"":""0.010"",""local_end_s"":""0.310"",""absolute_start_s"":""101.260"",""absolute_end_s"":""101.560"",""prob_min"":""0.0227"",""text"":""perquè""}]"
pa-020	perquè	9.41-12.91	clips/pa-020__perqu__9.41.wav	qa-cua-small-json/pa-020__perqu__9_41.json	1	sí	"[{""occurrence"":1,""local_start_s"":""0.030"",""local_end_s"":""0.410"",""absolute_start_s"":""9.440"",""absolute_end_s"":""9.820"",""prob_min"":""0.1574"",""text"":""perquè""}]"
pa-021	perquè	15.45-19.67	clips/pa-021__perqu__15.45.wav	qa-cua-small-json/pa-021__perqu__15_45.json	1	sí	"[{""occurrence"":1,""local_start_s"":""1.670"",""local_end_s"":""2.000"",""absolute_start_s"":""17.120"",""absolute_end_s"":""17.450"",""prob_min"":""0.8815"",""text"":""perquè""}]"
pa-022	perquè	111.69-115.67	clips/pa-022__perqu__111.69.wav	qa-cua-small-json/pa-022__perqu__111_69.json	1	sí	"[{""occurrence"":1,""local_start_s"":""0.000"",""local_end_s"":""0.470"",""absolute_start_s"":""111.690"",""absolute_end_s"":""112.160"",""prob_min"":""0.2534"",""text"":""perquè""}]"
pa-023	perquè	29.09-34.79	clips/pa-023__perqu__29.09.wav	qa-cua-small-json/pa-023__perqu__29_09.json	1	sí	"[{""occurrence"":1,""local_start_s"":""0.000"",""local_end_s"":""0.940"",""absolute_start_s"":""29.090"",""absolute_end_s"":""30.030"",""prob_min"":""0.1482"",""text"":""perquè""}]"
pa-024	perquè	225.53-230.35	clips/pa-024__perqu__225.53.wav	qa-cua-small-json/pa-024__perqu__225_53.json	1	sí	"[{""occurrence"":1,""local_start_s"":""2.000"",""local_end_s"":""2.310"",""absolute_start_s"":""227.530"",""absolute_end_s"":""227.840"",""prob_min"":""0.8661"",""text"":""perquè""}]"
pa-025	perquè	37.17-40.43	clips/pa-025__perqu__37.17.wav	qa-cua-small-json/pa-025__perqu__37_17.json	1	sí	"[{""occurrence"":1,""local_start_s"":""0.550"",""local_end_s"":""0.980"",""absolute_start_s"":""37.720"",""absolute_end_s"":""38.150"",""prob_min"":""0.8440"",""text"":""perquè""}]"
pa-026	perquè	150.53-156.67	clips/pa-026__perqu__150.53.wav	qa-cua-small-json/pa-026__perqu__150_53.json	1	sí	"[{""occurrence"":1,""local_start_s"":""0.420"",""local_end_s"":""0.610"",""absolute_start_s"":""150.950"",""absolute_end_s"":""151.140"",""prob_min"":""0.6276"",""text"":""perquè""}]"
pa-027	perquè	8.81-14.39	clips/pa-027__perqu__8.81.wav	qa-cua-small-json/pa-027__perqu__8_81.json	1	sí	"[{""occurrence"":1,""local_start_s"":""1.370"",""local_end_s"":""1.700"",""absolute_start_s"":""10.180"",""absolute_end_s"":""10.510"",""prob_min"":""0.7631"",""text"":""perquè""}]"
pa-028	perquè	142.89-147.99	clips/pa-028__perqu__142.89.wav	qa-cua-small-json/pa-028__perqu__142_89.json	0	no	[]
pa-029	perquè	249.69-254.43	clips/pa-029__perqu__249.69.wav	qa-cua-small-json/pa-029__perqu__249_69.json	0	no	[]
pa-030	perquè	31.89-36.39	clips/pa-030__perqu__31.89.wav	qa-cua-small-json/pa-030__perqu__31_89.json	0	no	[]
pa-031	perquè	32.69-37.47	clips/pa-031__perqu__32.69.wav	qa-cua-small-json/pa-031__perqu__32_69.json	1	sí	"[{""occurrence"":1,""local_start_s"":""0.000"",""local_end_s"":""0.570"",""absolute_start_s"":""32.690"",""absolute_end_s"":""33.260"",""prob_min"":""0.0697"",""text"":""perquè""}]"
pa-032	perquè	9.21-15.07	clips/pa-032__perqu__9.21.wav	qa-cua-small-json/pa-032__perqu__9_21.json	1	sí	"[{""occurrence"":1,""local_start_s"":""0.000"",""local_end_s"":""0.860"",""absolute_start_s"":""9.210"",""absolute_end_s"":""10.070"",""prob_min"":""0.5112"",""text"":""perquè""}]"
pa-033	perquè	18.89-23.43	clips/pa-033__perqu__18.89.wav	qa-cua-small-json/pa-033__perqu__18_89.json	1	sí	"[{""occurrence"":1,""local_start_s"":""0.000"",""local_end_s"":""0.350"",""absolute_start_s"":""18.890"",""absolute_end_s"":""19.240"",""prob_min"":""0.2034"",""text"":""perquè""}]"
pa-034	perquè	51.85-56.47	clips/pa-034__perqu__51.85.wav	qa-cua-small-json/pa-034__perqu__51_85.json	0	no	[]
pa-035	perquè	181.13-186.35	clips/pa-035__perqu__181.13.wav	qa-cua-small-json/pa-035__perqu__181_13.json	1	sí	"[{""occurrence"":1,""local_start_s"":""0.070"",""local_end_s"":""0.080"",""absolute_start_s"":""181.200"",""absolute_end_s"":""181.210"",""prob_min"":""0.6201"",""text"":""perquè""}]"
pa-036	perquè	15.65-20.75	clips/pa-036__perqu__15.65.wav	qa-cua-small-json/pa-036__perqu__15_65.json	1	sí	"[{""occurrence"":1,""local_start_s"":""2.470"",""local_end_s"":""2.640"",""absolute_start_s"":""18.120"",""absolute_end_s"":""18.290"",""prob_min"":""0.2664"",""text"":""perquè""}]"
pa-037	perquè	186.29-198.91	clips/pa-037__perqu__186.29.wav	qa-cua-small-json/pa-037__perqu__186_29.json	1	sí	"[{""occurrence"":1,""local_start_s"":""8.480"",""local_end_s"":""9.140"",""absolute_start_s"":""194.770"",""absolute_end_s"":""195.430"",""prob_min"":""0.3810"",""text"":""Perquè""}]"
pa-038	perquè	279.13-283.51	clips/pa-038__perqu__279.13.wav	qa-cua-small-json/pa-038__perqu__279_13.json	1	sí	"[{""occurrence"":1,""local_start_s"":""0.420"",""local_end_s"":""0.790"",""absolute_start_s"":""279.550"",""absolute_end_s"":""279.920"",""prob_min"":""0.5824"",""text"":""perquè""}]"
pa-039	perquè	18.09-21.31	clips/pa-039__perqu__18.09.wav	qa-cua-small-json/pa-039__perqu__18_09.json	1	sí	"[{""occurrence"":1,""local_start_s"":""0.000"",""local_end_s"":""0.570"",""absolute_start_s"":""18.090"",""absolute_end_s"":""18.660"",""prob_min"":""0.0785"",""text"":""perquè""}]"
pa-040	perquè	25.21-30.07	clips/pa-040__perqu__25.21.wav	qa-cua-small-json/pa-040__perqu__25_21.json	1	sí	"[{""occurrence"":1,""local_start_s"":""0.000"",""local_end_s"":""0.510"",""absolute_start_s"":""25.210"",""absolute_end_s"":""25.720"",""prob_min"":""0.2038"",""text"":""perquè""}]"
pa-041	perquè	69.25-76.75	clips/pa-041__perqu__69.25.wav	qa-cua-small-json/pa-041__perqu__69_25.json	1	sí	"[{""occurrence"":1,""local_start_s"":""3.890"",""local_end_s"":""4.330"",""absolute_start_s"":""73.140"",""absolute_end_s"":""73.580"",""prob_min"":""0.2885"",""text"":""perquè""}]"
pa-042	perquè	29.13-33.43	clips/pa-042__perqu__29.13.wav	qa-cua-small-json/pa-042__perqu__29_13.json	1	sí	"[{""occurrence"":1,""local_start_s"":""2.100"",""local_end_s"":""2.460"",""absolute_start_s"":""31.230"",""absolute_end_s"":""31.590"",""prob_min"":""0.7110"",""text"":""perquè""}]"
pa-045	perquè	175.33-183.63	clips/pa-045__perqu__175.33.wav	qa-cua-small-json/pa-045__perqu__175_33.json	1	sí	"[{""occurrence"":1,""local_start_s"":""2.080"",""local_end_s"":""2.980"",""absolute_start_s"":""177.410"",""absolute_end_s"":""178.310"",""prob_min"":""0.8252"",""text"":""Perquè""}]"
pa-046	perquè	140.85-146.79	clips/pa-046__perqu__140.85.wav	qa-cua-small-json/pa-046__perqu__140_85.json	0	no	[]
pa-048	perquè	186.93-191.19	clips/pa-048__perqu__186.93.wav	qa-cua-small-json/pa-048__perqu__186_93.json	0	no	[]
pa-049	perquè	68.85-75.71	clips/pa-049__perqu__68.85.wav	qa-cua-small-json/pa-049__perqu__68_85.json	1	sí	"[{""occurrence"":1,""local_start_s"":""5.300"",""local_end_s"":""5.660"",""absolute_start_s"":""74.150"",""absolute_end_s"":""74.510"",""prob_min"":""0.6920"",""text"":""perquè""}]"
pa-051	perquè	123.85-128.35	clips/pa-051__perqu__123.85.wav	qa-cua-small-json/pa-051__perqu__123_85.json	1	sí	"[{""occurrence"":1,""local_start_s"":""0.040"",""local_end_s"":""0.320"",""absolute_start_s"":""123.890"",""absolute_end_s"":""124.170"",""prob_min"":""0.3220"",""text"":""perquè""}]"
pa-052	perquè	92.65-96.47	clips/pa-052__perqu__92.65.wav	qa-cua-small-json/pa-052__perqu__92_65.json	1	sí	"[{""occurrence"":1,""local_start_s"":""2.540"",""local_end_s"":""2.830"",""absolute_start_s"":""95.190"",""absolute_end_s"":""95.480"",""prob_min"":""0.3050"",""text"":""perquè""}]"
pa-053	perquè	113.93-120.79	clips/pa-053__perqu__113.93.wav	qa-cua-small-json/pa-053__perqu__113_93.json	1	sí	"[{""occurrence"":1,""local_start_s"":""3.910"",""local_end_s"":""4.160"",""absolute_start_s"":""117.840"",""absolute_end_s"":""118.090"",""prob_min"":""0.6129"",""text"":""perquè""}]"
pa-054	perquè	80.45-85.43	clips/pa-054__perqu__80.45.wav	qa-cua-small-json/pa-054__perqu__80_45.json	1	sí	"[{""occurrence"":1,""local_start_s"":""2.720"",""local_end_s"":""3.340"",""absolute_start_s"":""83.170"",""absolute_end_s"":""83.790"",""prob_min"":""0.7099"",""text"":""perquè""}]"
pa-055	perquè	148.53-153.11	clips/pa-055__perqu__148.53.wav	qa-cua-small-json/pa-055__perqu__148_53.json	1	sí	"[{""occurrence"":1,""local_start_s"":""2.380"",""local_end_s"":""2.530"",""absolute_start_s"":""150.910"",""absolute_end_s"":""151.060"",""prob_min"":""0.8312"",""text"":""perquè""}]"
pa-056	perquè	31.73-35.07	clips/pa-056__perqu__31.73.wav	qa-cua-small-json/pa-056__perqu__31_73.json	1	sí	"[{""occurrence"":1,""local_start_s"":""0.720"",""local_end_s"":""1.150"",""absolute_start_s"":""32.450"",""absolute_end_s"":""32.880"",""prob_min"":""0.4129"",""text"":""perquè""}]"
pa-057	perquè	249.45-254.11	clips/pa-057__perqu__249.45.wav	qa-cua-small-json/pa-057__perqu__249_45.json	1	sí	"[{""occurrence"":1,""local_start_s"":""0.760"",""local_end_s"":""1.140"",""absolute_start_s"":""250.210"",""absolute_end_s"":""250.590"",""prob_min"":""0.9119"",""text"":""perquè""}]"
pa-058	perquè	91.09-96.47	clips/pa-058__perqu__91.09.wav	qa-cua-small-json/pa-058__perqu__91_09.json	1	sí	"[{""occurrence"":1,""local_start_s"":""1.010"",""local_end_s"":""1.630"",""absolute_start_s"":""92.100"",""absolute_end_s"":""92.720"",""prob_min"":""0.9674"",""text"":""perquè""}]"
pa-059	perquè	4.09-12.43	clips/pa-059__perqu__4.09.wav	qa-cua-small-json/pa-059__perqu__4_09.json	1	sí	"[{""occurrence"":1,""local_start_s"":""2.320"",""local_end_s"":""2.640"",""absolute_start_s"":""6.410"",""absolute_end_s"":""6.730"",""prob_min"":""0.6817"",""text"":""perquè""}]"
pa-060	perquè	29.05-34.75	clips/pa-060__perqu__29.05.wav	qa-cua-small-json/pa-060__perqu__29_05.json	1	sí	"[{""occurrence"":1,""local_start_s"":""2.000"",""local_end_s"":""2.280"",""absolute_start_s"":""31.050"",""absolute_end_s"":""31.330"",""prob_min"":""0.4717"",""text"":""perquè""}]"
pa-061	perquè	117.17-123.75	clips/pa-061__perqu__117.17.wav	qa-cua-small-json/pa-061__perqu__117_17.json	0	no	[]
pa-062	perquè	73.97-78.19	clips/pa-062__perqu__73.97.wav	qa-cua-small-json/pa-062__perqu__73_97.json	1	sí	"[{""occurrence"":1,""local_start_s"":""1.190"",""local_end_s"":""1.720"",""absolute_start_s"":""75.160"",""absolute_end_s"":""75.690"",""prob_min"":""0.9024"",""text"":""perquè""}]"
pa-063	perquè	142.61-146.79	clips/pa-063__perqu__142.61.wav	qa-cua-small-json/pa-063__perqu__142_61.json	1	sí	"[{""occurrence"":1,""local_start_s"":""0.000"",""local_end_s"":""0.480"",""absolute_start_s"":""142.610"",""absolute_end_s"":""143.090"",""prob_min"":""0.0412"",""text"":""perquè""}]"
pa-064	perquè	27.57-33.27	clips/pa-064__perqu__27.57.wav	qa-cua-small-json/pa-064__perqu__27_57.json	1	sí	"[{""occurrence"":1,""local_start_s"":""3.300"",""local_end_s"":""3.590"",""absolute_start_s"":""30.870"",""absolute_end_s"":""31.160"",""prob_min"":""0.4829"",""text"":""perquè""}]"
pa-065	perquè	129.17-134.51	clips/pa-065__perqu__129.17.wav	qa-cua-small-json/pa-065__perqu__129_17.json	1	sí	"[{""occurrence"":1,""local_start_s"":""2.530"",""local_end_s"":""2.870"",""absolute_start_s"":""131.700"",""absolute_end_s"":""132.040"",""prob_min"":""0.8717"",""text"":""perquè""}]"
pa-066	perquè	21.81-26.71	clips/pa-066__perqu__21.81.wav	qa-cua-small-json/pa-066__perqu__21_81.json	1	sí	"[{""occurrence"":1,""local_start_s"":""2.190"",""local_end_s"":""2.260"",""absolute_start_s"":""24.000"",""absolute_end_s"":""24.070"",""prob_min"":""0.4434"",""text"":""perquè""}]"
pa-001	a nivell	135.37-139.03	clips/pa-001__a-nivell__135.37.wav	qa-cua-small-json/pa-001__a-nivell__135_37.json	0	no	[]
pa-002	a nivell	714.25-724.75	clips/pa-002__a-nivell__714.25.wav	qa-cua-small-json/pa-002__a-nivell__714_25.json	1	sí	"[{""occurrence"":1,""local_start_s"":""7.330"",""local_end_s"":""8.080"",""absolute_start_s"":""721.580"",""absolute_end_s"":""722.330"",""prob_min"":""0.7873"",""text"":""a nivell""}]"
pa-003	a nivell	180.17-188.79	clips/pa-003__a-nivell__180.17.wav	qa-cua-small-json/pa-003__a-nivell__180_17.json	1	sí	"[{""occurrence"":1,""local_start_s"":""1.290"",""local_end_s"":""2.470"",""absolute_start_s"":""181.460"",""absolute_end_s"":""182.640"",""prob_min"":""0.8186"",""text"":""a nivell""}]"
pa-016	a nivell	333.81-340.39	clips/pa-016__a-nivell__333.81.wav	qa-cua-small-json/pa-016__a-nivell__333_81.json	1	sí	"[{""occurrence"":1,""local_start_s"":""3.610"",""local_end_s"":""4.160"",""absolute_start_s"":""337.420"",""absolute_end_s"":""337.970"",""prob_min"":""0.7040"",""text"":""a nivell""}]"
pa-017	a nivell	143.25-149.75	clips/pa-017__a-nivell__143.25.wav	qa-cua-small-json/pa-017__a-nivell__143_25.json	1	sí	"[{""occurrence"":1,""local_start_s"":""3.360"",""local_end_s"":""3.840"",""absolute_start_s"":""146.610"",""absolute_end_s"":""147.090"",""prob_min"":""0.7278"",""text"":""a nivell""}]"
pa-018	a nivell	188.45-191.87	clips/pa-018__a-nivell__188.45.wav	qa-cua-small-json/pa-018__a-nivell__188_45.json	0	no	[]
pa-019	a nivell	122.25-127.75	clips/pa-019__a-nivell__122.25.wav	qa-cua-small-json/pa-019__a-nivell__122_25.json	1	sí	"[{""occurrence"":1,""local_start_s"":""3.350"",""local_end_s"":""3.830"",""absolute_start_s"":""125.600"",""absolute_end_s"":""126.080"",""prob_min"":""0.9056"",""text"":""a nivell""}]"
pa-020	a nivell	409.37-414.43	clips/pa-020__a-nivell__409.37.wav	qa-cua-small-json/pa-020__a-nivell__409_37.json	1	sí	"[{""occurrence"":1,""local_start_s"":""3.420"",""local_end_s"":""3.850"",""absolute_start_s"":""412.790"",""absolute_end_s"":""413.220"",""prob_min"":""0.2023"",""text"":""a nivell""}]"
pa-023	a nivell	418.57-422.99	clips/pa-023__a-nivell__418.57.wav	qa-cua-small-json/pa-023__a-nivell__418_57.json	1	sí	"[{""occurrence"":1,""local_start_s"":""1.300"",""local_end_s"":""1.800"",""absolute_start_s"":""419.870"",""absolute_end_s"":""420.370"",""prob_min"":""0.8081"",""text"":""a nivell""}]"
pa-024	a nivell	1547.93-1552.91	clips/pa-024__a-nivell__1547.93.wav	qa-cua-small-json/pa-024__a-nivell__1547_93.json	1	sí	"[{""occurrence"":1,""local_start_s"":""2.160"",""local_end_s"":""2.250"",""absolute_start_s"":""1550.090"",""absolute_end_s"":""1550.180"",""prob_min"":""0.2444"",""text"":""a nivell""}]"
pa-026	a nivell	38.25-41.75	clips/pa-026__a-nivell__38.25.wav	qa-cua-small-json/pa-026__a-nivell__38_25.json	1	sí	"[{""occurrence"":1,""local_start_s"":""1.420"",""local_end_s"":""2.020"",""absolute_start_s"":""39.670"",""absolute_end_s"":""40.270"",""prob_min"":""0.8241"",""text"":""a nivell""}]"
pa-029	a nivell	417.09-421.47	clips/pa-029__a-nivell__417.09.wav	qa-cua-small-json/pa-029__a-nivell__417_09.json	1	sí	"[{""occurrence"":1,""local_start_s"":""1.570"",""local_end_s"":""2.200"",""absolute_start_s"":""418.660"",""absolute_end_s"":""419.290"",""prob_min"":""0.9070"",""text"":""a nivell""}]"
pa-033	a nivell	6.61-10.79	clips/pa-033__a-nivell__6.61.wav	qa-cua-small-json/pa-033__a-nivell__6_61.json	0	no	[]
pa-034	a nivell	143.81-148.91	clips/pa-034__a-nivell__143.81.wav	qa-cua-small-json/pa-034__a-nivell__143_81.json	1	sí	"[{""occurrence"":1,""local_start_s"":""2.700"",""local_end_s"":""3.360"",""absolute_start_s"":""146.510"",""absolute_end_s"":""147.170"",""prob_min"":""0.7736"",""text"":""a nivell""}]"
pa-036	a nivell	386.45-395.95	clips/pa-036__a-nivell__386.45.wav	qa-cua-small-json/pa-036__a-nivell__386_45.json	1	sí	"[{""occurrence"":1,""local_start_s"":""7.580"",""local_end_s"":""8.050"",""absolute_start_s"":""394.030"",""absolute_end_s"":""394.500"",""prob_min"":""0.8938"",""text"":""a nivell""}]"
pa-038	a nivell	455.49-460.15	clips/pa-038__a-nivell__455.49.wav	qa-cua-small-json/pa-038__a-nivell__455_49.json	1	sí	"[{""occurrence"":1,""local_start_s"":""0.650"",""local_end_s"":""1.150"",""absolute_start_s"":""456.140"",""absolute_end_s"":""456.640"",""prob_min"":""0.5767"",""text"":""a nivell""}]"
pa-045	a nivell	624.85-629.07	clips/pa-045__a-nivell__624.85.wav	qa-cua-small-json/pa-045__a-nivell__624_85.json	1	sí	"[{""occurrence"":1,""local_start_s"":""1.760"",""local_end_s"":""2.320"",""absolute_start_s"":""626.610"",""absolute_end_s"":""627.170"",""prob_min"":""0.5800"",""text"":""a nivell""}]"
pa-048	a nivell	435.77-441.27	clips/pa-048__a-nivell__435.77.wav	qa-cua-small-json/pa-048__a-nivell__435_77.json	1	sí	"[{""occurrence"":1,""local_start_s"":""3.520"",""local_end_s"":""3.740"",""absolute_start_s"":""439.290"",""absolute_end_s"":""439.510"",""prob_min"":""0.8845"",""text"":""a nivell""}]"
pa-049	a nivell	1396.25-1400.75	clips/pa-049__a-nivell__1396.25.wav	qa-cua-small-json/pa-049__a-nivell__1396_25.json	0	no	[]
pa-055	a nivell	38.09-44.07	clips/pa-055__a-nivell__38.09.wav	qa-cua-small-json/pa-055__a-nivell__38_09.json	1	sí	"[{""occurrence"":1,""local_start_s"":""0.360"",""local_end_s"":""1.190"",""absolute_start_s"":""38.450"",""absolute_end_s"":""39.280"",""prob_min"":""0.8532"",""text"":""a nivell""}]"
pa-057	a nivell	417.13-421.51	clips/pa-057__a-nivell__417.13.wav	qa-cua-small-json/pa-057__a-nivell__417_13.json	1	sí	"[{""occurrence"":1,""local_start_s"":""2.680"",""local_end_s"":""3.070"",""absolute_start_s"":""419.810"",""absolute_end_s"":""420.200"",""prob_min"":""0.8796"",""text"":""a nivell""}]"
pa-058	a nivell	188.37-191.87	clips/pa-058__a-nivell__188.37.wav	qa-cua-small-json/pa-058__a-nivell__188_37.json	0	no	[]
pa-059	a nivell	142.93-150.35	clips/pa-059__a-nivell__142.93.wav	qa-cua-small-json/pa-059__a-nivell__142_93.json	1	sí	"[{""occurrence"":1,""local_start_s"":""3.600"",""local_end_s"":""3.840"",""absolute_start_s"":""146.530"",""absolute_end_s"":""146.770"",""prob_min"":""0.6888"",""text"":""a nivell""}]"
pa-060	a nivell	201.93-208.63	clips/pa-060__a-nivell__201.93.wav	qa-cua-small-json/pa-060__a-nivell__201_93.json	1	sí	"[{""occurrence"":1,""local_start_s"":""3.790"",""local_end_s"":""4.180"",""absolute_start_s"":""205.720"",""absolute_end_s"":""206.110"",""prob_min"":""0.6465"",""text"":""a nivell""}]"
pa-061	a nivell	1357.21-1360.71	clips/pa-061__a-nivell__1357.21.wav	qa-cua-small-json/pa-061__a-nivell__1357_21.json	1	sí	"[{""occurrence"":1,""local_start_s"":""1.210"",""local_end_s"":""1.970"",""absolute_start_s"":""1358.420"",""absolute_end_s"":""1359.180"",""prob_min"":""0.8152"",""text"":""a nivell""}]"
pa-063	a nivell	1143.61-1148.07	clips/pa-063__a-nivell__1143.61.wav	qa-cua-small-json/pa-063__a-nivell__1143_61.json	1	sí	"[{""occurrence"":1,""local_start_s"":""2.440"",""local_end_s"":""2.860"",""absolute_start_s"":""1146.050"",""absolute_end_s"":""1146.470"",""prob_min"":""0.7218"",""text"":""a nivell""}]"
pa-065	a nivell	529.09-536.75	clips/pa-065__a-nivell__529.09.wav	qa-cua-small-json/pa-065__a-nivell__529_09.json	2	sí	"[{""occurrence"":1,""local_start_s"":""4.260"",""local_end_s"":""5.440"",""absolute_start_s"":""533.350"",""absolute_end_s"":""534.530"",""prob_min"":""0.2078"",""text"":""a nivell""},{""occurrence"":2,""local_start_s"":""6.810"",""local_end_s"":""7.160"",""absolute_start_s"":""535.900"",""absolute_end_s"":""536.250"",""prob_min"":""0.6973"",""text"":""a nivell""}]"
pa-066	a nivell	25.21-29.71	clips/pa-066__a-nivell__25.21.wav	qa-cua-small-json/pa-066__a-nivell__25_21.json	1	sí	"[{""occurrence"":1,""local_start_s"":""2.800"",""local_end_s"":""3.080"",""absolute_start_s"":""28.010"",""absolute_end_s"":""28.290"",""prob_min"":""0.6618"",""text"":""a nivell""}]"
pa-003	tirar endavant	361.93-366.63	clips/pa-003__tirar-endavant__361.93.wav	qa-cua-small-json/pa-003__tirar-endavant__361_93.json	1	sí	"[{""occurrence"":1,""local_start_s"":""0.980"",""local_end_s"":""2.000"",""absolute_start_s"":""362.910"",""absolute_end_s"":""363.930"",""prob_min"":""0.9453"",""text"":""tirar endavant""}]"
pa-017	tirar endavant	49.85-56.15	clips/pa-017__tirar-endavant__49.85.wav	qa-cua-small-json/pa-017__tirar-endavant__49_85.json	1	sí	"[{""occurrence"":1,""local_start_s"":""2.520"",""local_end_s"":""2.800"",""absolute_start_s"":""52.370"",""absolute_end_s"":""52.650"",""prob_min"":""0.2057"",""text"":""tirar endavant""}]"
pa-020	tirar endavant	33.45-36.95	clips/pa-020__tirar-endavant__33.45.wav	qa-cua-small-json/pa-020__tirar-endavant__33_45.json	0	no	[]
pa-029	tirar endavant	56.73-63.23	clips/pa-029__tirar-endavant__56.73.wav	qa-cua-small-json/pa-029__tirar-endavant__56_73.json	1	sí	"[{""occurrence"":1,""local_start_s"":""4.940"",""local_end_s"":""5.640"",""absolute_start_s"":""61.670"",""absolute_end_s"":""62.370"",""prob_min"":""0.8813"",""text"":""tirar endavant""}]"
pa-030	tirar endavant	185.61-192.15	clips/pa-030__tirar-endavant__185.61.wav	qa-cua-small-json/pa-030__tirar-endavant__185_61.json	1	sí	"[{""occurrence"":1,""local_start_s"":""1.620"",""local_end_s"":""2.480"",""absolute_start_s"":""187.230"",""absolute_end_s"":""188.090"",""prob_min"":""0.8976"",""text"":""tirar endavant""}]"
pa-031	tirar endavant	146.09-150.31	clips/pa-031__tirar-endavant__146.09.wav	qa-cua-small-json/pa-031__tirar-endavant__146_09.json	1	sí	"[{""occurrence"":1,""local_start_s"":""0.970"",""local_end_s"":""2.000"",""absolute_start_s"":""147.060"",""absolute_end_s"":""148.090"",""prob_min"":""0.8395"",""text"":""tirar endavant""}]"
pa-033	tirar endavant	135.69-141.51	clips/pa-033__tirar-endavant__135.69.wav	qa-cua-small-json/pa-033__tirar-endavant__135_69.json	1	sí	"[{""occurrence"":1,""local_start_s"":""2.580"",""local_end_s"":""3.370"",""absolute_start_s"":""138.270"",""absolute_end_s"":""139.060"",""prob_min"":""0.9053"",""text"":""tirar endavant""}]"
pa-034	tirar endavant	690.33-695.67	clips/pa-034__tirar-endavant__690.33.wav	qa-cua-small-json/pa-034__tirar-endavant__690_33.json	1	sí	"[{""occurrence"":1,""local_start_s"":""3.440"",""local_end_s"":""4.350"",""absolute_start_s"":""693.770"",""absolute_end_s"":""694.680"",""prob_min"":""0.8661"",""text"":""tirar endavant""}]"
pa-041	tirar endavant	102.25-106.75	clips/pa-041__tirar-endavant__102.25.wav	qa-cua-small-json/pa-041__tirar-endavant__102_25.json	1	sí	"[{""occurrence"":1,""local_start_s"":""0.200"",""local_end_s"":""1.000"",""absolute_start_s"":""102.450"",""absolute_end_s"":""103.250"",""prob_min"":""0.9401"",""text"":""tirar endavant""}]"
pa-056	tirar endavant	185.53-189.19	clips/pa-056__tirar-endavant__185.53.wav	qa-cua-small-json/pa-056__tirar-endavant__185_53.json	1	sí	"[{""occurrence"":1,""local_start_s"":""1.620"",""local_end_s"":""2.520"",""absolute_start_s"":""187.150"",""absolute_end_s"":""188.050"",""prob_min"":""0.9073"",""text"":""tirar endavant""}]"
pa-057	tirar endavant	56.61-63.15	clips/pa-057__tirar-endavant__56.61.wav	qa-cua-small-json/pa-057__tirar-endavant__56_61.json	1	sí	"[{""occurrence"":1,""local_start_s"":""4.990"",""local_end_s"":""5.730"",""absolute_start_s"":""61.600"",""absolute_end_s"":""62.340"",""prob_min"":""0.9330"",""text"":""tirar endavant""}]"
pa-059	tirar endavant	49.77-54.87	clips/pa-059__tirar-endavant__49.77.wav	qa-cua-small-json/pa-059__tirar-endavant__49_77.json	1	sí	"[{""occurrence"":1,""local_start_s"":""2.270"",""local_end_s"":""2.800"",""absolute_start_s"":""52.040"",""absolute_end_s"":""52.570"",""prob_min"":""0.7573"",""text"":""tirar endavant""}]"
pa-003	ensenyança	279.69-286.23	clips/pa-003__ensenyan-a__279.69.wav	qa-cua-small-json/pa-003__ensenyan-a__279_69.json	1	sí	"[{""occurrence"":1,""local_start_s"":""2.720"",""local_end_s"":""3.590"",""absolute_start_s"":""282.410"",""absolute_end_s"":""283.280"",""prob_min"":""0.6760"",""text"":""ensenyança""}]"
pa-041	ensenyança	523.25-531.75	clips/pa-041__ensenyan-a__523.25.wav	qa-cua-small-json/pa-041__ensenyan-a__523_25.json	1	sí	"[{""occurrence"":1,""local_start_s"":""6.270"",""local_end_s"":""6.940"",""absolute_start_s"":""529.520"",""absolute_end_s"":""530.190"",""prob_min"":""0.7954"",""text"":""ensenyança""}]"
pa-002	reformeta	12.25-17.75	clips/pa-002__reformeta__12.25.wav	qa-cua-small-json/pa-002__reformeta__12_25.json	1	sí	"[{""occurrence"":1,""local_start_s"":""3.500"",""local_end_s"":""4.400"",""absolute_start_s"":""15.750"",""absolute_end_s"":""16.650"",""prob_min"":""0.3873"",""text"":""reformeta""}]"
pa-022	reformeta	125.53-130.67	clips/pa-022__reformeta__125.53.wav	qa-cua-small-json/pa-022__reformeta__125_53.json	1	sí	"[{""occurrence"":1,""local_start_s"":""2.700"",""local_end_s"":""3.400"",""absolute_start_s"":""128.230"",""absolute_end_s"":""128.930"",""prob_min"":""0.6595"",""text"":""reformeta""}]"
pa-025	reformeta	1085.53-1091.51	clips/pa-025__reformeta__1085.53.wav	qa-cua-small-json/pa-025__reformeta__1085_53.json	1	sí	"[{""occurrence"":1,""local_start_s"":""2.140"",""local_end_s"":""2.900"",""absolute_start_s"":""1087.670"",""absolute_end_s"":""1088.430"",""prob_min"":""0.4505"",""text"":""reformeta""}]"
pa-026	reformeta	138.61-145.67	clips/pa-026__reformeta__138.61.wav	qa-cua-small-json/pa-026__reformeta__138_61.json	1	sí	"[{""occurrence"":1,""local_start_s"":""3.050"",""local_end_s"":""3.740"",""absolute_start_s"":""141.660"",""absolute_end_s"":""142.350"",""prob_min"":""0.9543"",""text"":""reformeta""}]"
pa-034	reformeta	191.33-198.59	clips/pa-034__reformeta__191.33.wav	qa-cua-small-json/pa-034__reformeta__191_33.json	1	sí	"[{""occurrence"":1,""local_start_s"":""6.120"",""local_end_s"":""6.680"",""absolute_start_s"":""197.450"",""absolute_end_s"":""198.010"",""prob_min"":""0.4659"",""text"":""reformeta""}]"
pa-038	reformeta	1821.69-1828.07	clips/pa-038__reformeta__1821.69.wav	qa-cua-small-json/pa-038__reformeta__1821_69.json	1	sí	"[{""occurrence"":1,""local_start_s"":""2.840"",""local_end_s"":""3.710"",""absolute_start_s"":""1824.530"",""absolute_end_s"":""1825.400"",""prob_min"":""0.9688"",""text"":""reformeta""}]"
pa-055	reformeta	139.05-145.83	clips/pa-055__reformeta__139.05.wav	qa-cua-small-json/pa-055__reformeta__139_05.json	1	sí	"[{""occurrence"":1,""local_start_s"":""2.850"",""local_end_s"":""3.800"",""absolute_start_s"":""141.900"",""absolute_end_s"":""142.850"",""prob_min"":""0.9557"",""text"":""reformeta""}]"
