origen	desti	relacio	pes	formes_compartides	evidencia
pa-004	pa-006	semblança textual provisional	5	bé,de fet,doncs,evidentment,perquè	consens entre dos ASR; revisió auditiva pendent
pa-004	pa-007	semblança textual provisional	4	bé,doncs,evidentment,perquè	consens entre dos ASR; revisió auditiva pendent
pa-004	pa-008	semblança textual provisional	4	bé,de fet,doncs,perquè	consens entre dos ASR; revisió auditiva pendent
pa-004	pa-009	semblança textual provisional	4	bé,doncs,evidentment,perquè	consens entre dos ASR; revisió auditiva pendent
pa-004	pa-010	semblança textual provisional	4	bé,de fet,doncs,perquè	consens entre dos ASR; revisió auditiva pendent
pa-004	pa-011	semblança textual provisional	4	bé,de fet,doncs,perquè	consens entre dos ASR; revisió auditiva pendent
pa-004	pa-012	semblança textual provisional	3	bé,doncs,perquè	consens entre dos ASR; revisió auditiva pendent
pa-004	pa-013	semblança textual provisional	3	doncs,evidentment,perquè	consens entre dos ASR; revisió auditiva pendent
pa-004	pa-014	semblança textual provisional	5	bé,doncs,evidentment,perquè,vull dir	consens entre dos ASR; revisió auditiva pendent
pa-004	pa-015	semblança textual provisional	3	bé,doncs,perquè	consens entre dos ASR; revisió auditiva pendent
pa-004	pa-016	semblança textual provisional	6	bé,de fet,doncs,evidentment,perquè,vull dir	consens entre dos ASR; revisió auditiva pendent
pa-004	pa-017	semblança textual provisional	5	bé,doncs,evidentment,perquè,vull dir	consens entre dos ASR; revisió auditiva pendent
pa-004	pa-018	semblança textual provisional	3	bé,doncs,perquè	consens entre dos ASR; revisió auditiva pendent
pa-004	pa-019	semblança textual provisional	4	bé,doncs,evidentment,perquè	consens entre dos ASR; revisió auditiva pendent
pa-004	pa-020	semblança textual provisional	4	bé,evidentment,perquè,vull dir	consens entre dos ASR; revisió auditiva pendent
pa-004	pa-021	semblança textual provisional	5	bé,doncs,evidentment,perquè,vull dir	consens entre dos ASR; revisió auditiva pendent
pa-004	pa-022	semblança textual provisional	5	bé,de fet,evidentment,perquè,vull dir	consens entre dos ASR; revisió auditiva pendent
pa-004	pa-023	semblança textual provisional	4	bé,de fet,perquè,vull dir	consens entre dos ASR; revisió auditiva pendent
pa-004	pa-025	semblança textual provisional	6	bé,de fet,doncs,evidentment,perquè,vull dir	consens entre dos ASR; revisió auditiva pendent
pa-004	pa-026	semblança textual provisional	5	bé,doncs,evidentment,perquè,vull dir	consens entre dos ASR; revisió auditiva pendent
pa-004	pa-027	semblança textual provisional	6	bé,de fet,doncs,evidentment,perquè,vull dir	consens entre dos ASR; revisió auditiva pendent
pa-004	pa-028	semblança textual provisional	4	bé,de fet,doncs,perquè	consens entre dos ASR; revisió auditiva pendent
pa-004	pa-029	semblança textual provisional	3	bé,doncs,perquè	consens entre dos ASR; revisió auditiva pendent
pa-004	pa-030	semblança textual provisional	4	bé,evidentment,perquè,vull dir	consens entre dos ASR; revisió auditiva pendent
pa-004	pa-031	semblança textual provisional	4	bé,de fet,perquè,vull dir	consens entre dos ASR; revisió auditiva pendent
pa-004	pa-032	semblança textual provisional	3	bé,doncs,perquè	consens entre dos ASR; revisió auditiva pendent
pa-004	pa-033	semblança textual provisional	4	bé,doncs,perquè,vull dir	consens entre dos ASR; revisió auditiva pendent
pa-004	pa-034	semblança textual provisional	4	bé,doncs,perquè,vull dir	consens entre dos ASR; revisió auditiva pendent
pa-004	pa-035	semblança textual provisional	4	bé,doncs,evidentment,perquè	consens entre dos ASR; revisió auditiva pendent
pa-004	pa-036	semblança textual provisional	5	bé,doncs,evidentment,perquè,vull dir	consens entre dos ASR; revisió auditiva pendent
pa-004	pa-037	semblança textual provisional	4	bé,doncs,perquè,vull dir	consens entre dos ASR; revisió auditiva pendent
pa-004	pa-038	semblança textual provisional	4	bé,doncs,perquè,vull dir	consens entre dos ASR; revisió auditiva pendent
pa-004	pa-039	semblança textual provisional	4	bé,doncs,evidentment,perquè	consens entre dos ASR; revisió auditiva pendent
pa-004	pa-040	semblança textual provisional	5	bé,de fet,doncs,evidentment,perquè	consens entre dos ASR; revisió auditiva pendent
pa-004	pa-041	semblança textual provisional	5	bé,doncs,evidentment,perquè,vull dir	consens entre dos ASR; revisió auditiva pendent
pa-004	pa-045	semblança textual provisional	4	bé,doncs,evidentment,perquè	consens entre dos ASR; revisió auditiva pendent
pa-004	pa-046	semblança textual provisional	4	bé,doncs,evidentment,perquè	consens entre dos ASR; revisió auditiva pendent
pa-004	pa-048	semblança textual provisional	3	bé,perquè,vull dir	consens entre dos ASR; revisió auditiva pendent
pa-004	pa-049	semblança textual provisional	4	bé,evidentment,perquè,vull dir	consens entre dos ASR; revisió auditiva pendent
pa-004	pa-055	semblança textual provisional	4	bé,doncs,evidentment,perquè	consens entre dos ASR; revisió auditiva pendent
pa-004	pa-056	semblança textual provisional	5	bé,doncs,evidentment,perquè,vull dir	consens entre dos ASR; revisió auditiva pendent
pa-004	pa-057	semblança textual provisional	4	bé,de fet,doncs,perquè	consens entre dos ASR; revisió auditiva pendent
pa-004	pa-058	semblança textual provisional	4	bé,doncs,perquè,vull dir	consens entre dos ASR; revisió auditiva pendent
pa-004	pa-059	semblança textual provisional	5	bé,doncs,evidentment,perquè,vull dir	consens entre dos ASR; revisió auditiva pendent
pa-004	pa-060	semblança textual provisional	5	bé,de fet,doncs,perquè,vull dir	consens entre dos ASR; revisió auditiva pendent
pa-004	pa-061	semblança textual provisional	5	bé,doncs,evidentment,perquè,vull dir	consens entre dos ASR; revisió auditiva pendent
pa-004	pa-062	semblança textual provisional	5	bé,doncs,evidentment,perquè,vull dir	consens entre dos ASR; revisió auditiva pendent
pa-004	pa-063	semblança textual provisional	3	bé,doncs,perquè	consens entre dos ASR; revisió auditiva pendent
pa-004	pa-064	semblança textual provisional	4	bé,doncs,evidentment,perquè	consens entre dos ASR; revisió auditiva pendent
pa-004	pa-065	semblança textual provisional	4	bé,doncs,perquè,vull dir	consens entre dos ASR; revisió auditiva pendent
pa-004	pa-066	semblança textual provisional	4	bé,de fet,evidentment,perquè	consens entre dos ASR; revisió auditiva pendent
pa-005	pa-006	semblança textual provisional	3	bé,doncs,o sigui	consens entre dos ASR; revisió auditiva pendent
pa-005	pa-007	semblança textual provisional	3	bé,clar,doncs	consens entre dos ASR; revisió auditiva pendent
pa-005	pa-008	semblança textual provisional	3	bé,clar,doncs	consens entre dos ASR; revisió auditiva pendent
pa-005	pa-009	semblança textual provisional	4	bé,clar,doncs,o sigui	consens entre dos ASR; revisió auditiva pendent
pa-005	pa-010	semblança textual provisional	3	bé,clar,doncs	consens entre dos ASR; revisió auditiva pendent
pa-005	pa-014	semblança textual provisional	4	bé,clar,doncs,o sigui	consens entre dos ASR; revisió auditiva pendent
pa-005	pa-016	semblança textual provisional	3	bé,clar,doncs	consens entre dos ASR; revisió auditiva pendent
pa-005	pa-017	semblança textual provisional	3	bé,clar,doncs	consens entre dos ASR; revisió auditiva pendent
pa-005	pa-018	semblança textual provisional	3	bé,clar,doncs	consens entre dos ASR; revisió auditiva pendent
pa-005	pa-021	semblança textual provisional	3	bé,clar,doncs	consens entre dos ASR; revisió auditiva pendent
pa-005	pa-022	semblança textual provisional	3	bé,clar,o sigui	consens entre dos ASR; revisió auditiva pendent
pa-005	pa-025	semblança textual provisional	3	bé,clar,doncs	consens entre dos ASR; revisió auditiva pendent
pa-005	pa-026	semblança textual provisional	4	bé,clar,doncs,o sigui	consens entre dos ASR; revisió auditiva pendent
pa-005	pa-027	semblança textual provisional	3	bé,clar,doncs	consens entre dos ASR; revisió auditiva pendent
pa-005	pa-028	semblança textual provisional	3	bé,clar,doncs	consens entre dos ASR; revisió auditiva pendent
pa-005	pa-029	semblança textual provisional	3	bé,clar,doncs	consens entre dos ASR; revisió auditiva pendent
pa-005	pa-032	semblança textual provisional	3	bé,clar,doncs	consens entre dos ASR; revisió auditiva pendent
pa-005	pa-033	semblança textual provisional	3	bé,clar,doncs	consens entre dos ASR; revisió auditiva pendent
pa-005	pa-034	semblança textual provisional	3	bé,clar,doncs	consens entre dos ASR; revisió auditiva pendent
pa-005	pa-035	semblança textual provisional	3	bé,clar,doncs	consens entre dos ASR; revisió auditiva pendent
pa-005	pa-036	semblança textual provisional	3	bé,clar,doncs	consens entre dos ASR; revisió auditiva pendent
pa-005	pa-037	semblança textual provisional	3	bé,clar,doncs	consens entre dos ASR; revisió auditiva pendent
pa-005	pa-038	semblança textual provisional	4	bé,clar,doncs,o sigui	consens entre dos ASR; revisió auditiva pendent
pa-005	pa-039	semblança textual provisional	3	bé,clar,doncs	consens entre dos ASR; revisió auditiva pendent
pa-005	pa-041	semblança textual provisional	3	bé,clar,doncs	consens entre dos ASR; revisió auditiva pendent
pa-005	pa-045	semblança textual provisional	4	bé,clar,doncs,o sigui	consens entre dos ASR; revisió auditiva pendent
pa-005	pa-046	semblança textual provisional	4	bé,clar,doncs,o sigui	consens entre dos ASR; revisió auditiva pendent
pa-005	pa-048	semblança textual provisional	3	bé,clar,o sigui	consens entre dos ASR; revisió auditiva pendent
pa-005	pa-049	semblança textual provisional	3	bé,clar,o sigui	consens entre dos ASR; revisió auditiva pendent
pa-005	pa-055	semblança textual provisional	4	bé,clar,doncs,o sigui	consens entre dos ASR; revisió auditiva pendent
pa-005	pa-056	semblança textual provisional	4	bé,clar,doncs,o sigui	consens entre dos ASR; revisió auditiva pendent
pa-005	pa-058	semblança textual provisional	3	bé,clar,doncs	consens entre dos ASR; revisió auditiva pendent
pa-005	pa-059	semblança textual provisional	3	bé,clar,doncs	consens entre dos ASR; revisió auditiva pendent
pa-005	pa-061	semblança textual provisional	4	bé,clar,doncs,o sigui	consens entre dos ASR; revisió auditiva pendent
pa-005	pa-062	semblança textual provisional	4	bé,clar,doncs,o sigui	consens entre dos ASR; revisió auditiva pendent
pa-005	pa-063	semblança textual provisional	4	bé,clar,doncs,o sigui	consens entre dos ASR; revisió auditiva pendent
pa-005	pa-064	semblança textual provisional	4	bé,clar,doncs,o sigui	consens entre dos ASR; revisió auditiva pendent
pa-005	pa-065	semblança textual provisional	4	bé,clar,doncs,o sigui	consens entre dos ASR; revisió auditiva pendent
pa-006	pa-007	semblança textual provisional	4	bé,doncs,evidentment,perquè	consens entre dos ASR; revisió auditiva pendent
pa-006	pa-008	semblança textual provisional	4	bé,de fet,doncs,perquè	consens entre dos ASR; revisió auditiva pendent
pa-006	pa-009	semblança textual provisional	5	bé,doncs,evidentment,o sigui,perquè	consens entre dos ASR; revisió auditiva pendent
pa-006	pa-010	semblança textual provisional	4	bé,de fet,doncs,perquè	consens entre dos ASR; revisió auditiva pendent
pa-006	pa-011	semblança textual provisional	4	bé,de fet,doncs,perquè	consens entre dos ASR; revisió auditiva pendent
pa-006	pa-012	semblança textual provisional	3	bé,doncs,perquè	consens entre dos ASR; revisió auditiva pendent
pa-006	pa-013	semblança textual provisional	3	doncs,evidentment,perquè	consens entre dos ASR; revisió auditiva pendent
pa-006	pa-014	semblança textual provisional	5	bé,doncs,evidentment,o sigui,perquè	consens entre dos ASR; revisió auditiva pendent
pa-006	pa-015	semblança textual provisional	3	bé,doncs,perquè	consens entre dos ASR; revisió auditiva pendent
pa-006	pa-016	semblança textual provisional	5	bé,de fet,doncs,evidentment,perquè	consens entre dos ASR; revisió auditiva pendent
pa-006	pa-017	semblança textual provisional	4	bé,doncs,evidentment,perquè	consens entre dos ASR; revisió auditiva pendent
pa-006	pa-018	semblança textual provisional	3	bé,doncs,perquè	consens entre dos ASR; revisió auditiva pendent
pa-006	pa-019	semblança textual provisional	4	bé,doncs,evidentment,perquè	consens entre dos ASR; revisió auditiva pendent
pa-006	pa-020	semblança textual provisional	3	bé,evidentment,perquè	consens entre dos ASR; revisió auditiva pendent
pa-006	pa-021	semblança textual provisional	5	aleshores,bé,doncs,evidentment,perquè	consens entre dos ASR; revisió auditiva pendent
pa-006	pa-022	semblança textual provisional	5	bé,de fet,evidentment,o sigui,perquè	consens entre dos ASR; revisió auditiva pendent
pa-006	pa-023	semblança textual provisional	3	bé,de fet,perquè	consens entre dos ASR; revisió auditiva pendent
pa-006	pa-025	semblança textual provisional	5	bé,de fet,doncs,evidentment,perquè	consens entre dos ASR; revisió auditiva pendent
pa-006	pa-026	semblança textual provisional	5	bé,doncs,evidentment,o sigui,perquè	consens entre dos ASR; revisió auditiva pendent
pa-006	pa-027	semblança textual provisional	5	bé,de fet,doncs,evidentment,perquè	consens entre dos ASR; revisió auditiva pendent
pa-006	pa-028	semblança textual provisional	4	bé,de fet,doncs,perquè	consens entre dos ASR; revisió auditiva pendent
pa-006	pa-029	semblança textual provisional	3	bé,doncs,perquè	consens entre dos ASR; revisió auditiva pendent
pa-006	pa-030	semblança textual provisional	4	aleshores,bé,evidentment,perquè	consens entre dos ASR; revisió auditiva pendent
pa-006	pa-031	semblança textual provisional	3	bé,de fet,perquè	consens entre dos ASR; revisió auditiva pendent
pa-006	pa-032	semblança textual provisional	3	bé,doncs,perquè	consens entre dos ASR; revisió auditiva pendent
pa-006	pa-033	semblança textual provisional	3	bé,doncs,perquè	consens entre dos ASR; revisió auditiva pendent
pa-006	pa-034	semblança textual provisional	3	bé,doncs,perquè	consens entre dos ASR; revisió auditiva pendent
pa-006	pa-035	semblança textual provisional	4	bé,doncs,evidentment,perquè	consens entre dos ASR; revisió auditiva pendent
pa-006	pa-036	semblança textual provisional	4	bé,doncs,evidentment,perquè	consens entre dos ASR; revisió auditiva pendent
pa-006	pa-037	semblança textual provisional	3	bé,doncs,perquè	consens entre dos ASR; revisió auditiva pendent
pa-006	pa-038	semblança textual provisional	4	bé,doncs,o sigui,perquè	consens entre dos ASR; revisió auditiva pendent
pa-006	pa-039	semblança textual provisional	4	bé,doncs,evidentment,perquè	consens entre dos ASR; revisió auditiva pendent
pa-006	pa-040	semblança textual provisional	5	bé,de fet,doncs,evidentment,perquè	consens entre dos ASR; revisió auditiva pendent
pa-006	pa-041	semblança textual provisional	4	bé,doncs,evidentment,perquè	consens entre dos ASR; revisió auditiva pendent
pa-006	pa-045	semblança textual provisional	6	aleshores,bé,doncs,evidentment,o sigui,perquè	consens entre dos ASR; revisió auditiva pendent
pa-006	pa-046	semblança textual provisional	5	bé,doncs,evidentment,o sigui,perquè	consens entre dos ASR; revisió auditiva pendent
pa-006	pa-048	semblança textual provisional	3	bé,o sigui,perquè	consens entre dos ASR; revisió auditiva pendent
pa-006	pa-049	semblança textual provisional	5	aleshores,bé,evidentment,o sigui,perquè	consens entre dos ASR; revisió auditiva pendent
pa-006	pa-055	semblança textual provisional	5	bé,doncs,evidentment,o sigui,perquè	consens entre dos ASR; revisió auditiva pendent
pa-006	pa-056	semblança textual provisional	5	bé,doncs,evidentment,o sigui,perquè	consens entre dos ASR; revisió auditiva pendent
pa-006	pa-057	semblança textual provisional	4	bé,de fet,doncs,perquè	consens entre dos ASR; revisió auditiva pendent
pa-006	pa-058	semblança textual provisional	3	bé,doncs,perquè	consens entre dos ASR; revisió auditiva pendent
pa-006	pa-059	semblança textual provisional	4	bé,doncs,evidentment,perquè	consens entre dos ASR; revisió auditiva pendent
pa-006	pa-060	semblança textual provisional	4	bé,de fet,doncs,perquè	consens entre dos ASR; revisió auditiva pendent
pa-006	pa-061	semblança textual provisional	5	bé,doncs,evidentment,o sigui,perquè	consens entre dos ASR; revisió auditiva pendent
pa-006	pa-062	semblança textual provisional	5	bé,doncs,evidentment,o sigui,perquè	consens entre dos ASR; revisió auditiva pendent
pa-006	pa-063	semblança textual provisional	5	aleshores,bé,doncs,o sigui,perquè	consens entre dos ASR; revisió auditiva pendent
pa-006	pa-064	semblança textual provisional	5	bé,doncs,evidentment,o sigui,perquè	consens entre dos ASR; revisió auditiva pendent
pa-006	pa-065	semblança textual provisional	5	aleshores,bé,doncs,o sigui,perquè	consens entre dos ASR; revisió auditiva pendent
pa-006	pa-066	semblança textual provisional	4	bé,de fet,evidentment,perquè	consens entre dos ASR; revisió auditiva pendent
pa-007	pa-008	semblança textual provisional	7	a veure,bé,clar,diguem,doncs,perquè,és a dir	consens entre dos ASR; revisió auditiva pendent
pa-007	pa-009	semblança textual provisional	6	bé,clar,diguem,doncs,evidentment,perquè	consens entre dos ASR; revisió auditiva pendent
pa-007	pa-010	semblança textual provisional	6	bé,clar,doncs,llavors,perquè,és a dir	consens entre dos ASR; revisió auditiva pendent
pa-007	pa-011	semblança textual provisional	5	a veure,bé,doncs,perquè,és a dir	consens entre dos ASR; revisió auditiva pendent
pa-007	pa-012	semblança textual provisional	3	bé,doncs,perquè	consens entre dos ASR; revisió auditiva pendent
pa-007	pa-013	semblança textual provisional	4	doncs,evidentment,perquè,és a dir	consens entre dos ASR; revisió auditiva pendent
pa-007	pa-014	semblança textual provisional	7	bé,clar,doncs,evidentment,llavors,perquè,és a dir	consens entre dos ASR; revisió auditiva pendent
pa-007	pa-015	semblança textual provisional	3	bé,doncs,perquè	consens entre dos ASR; revisió auditiva pendent
pa-007	pa-016	semblança textual provisional	7	a veure,bé,clar,doncs,evidentment,llavors,perquè	consens entre dos ASR; revisió auditiva pendent
pa-007	pa-017	semblança textual provisional	7	bé,clar,doncs,evidentment,llavors,perquè,és a dir	consens entre dos ASR; revisió auditiva pendent
pa-007	pa-018	semblança textual provisional	8	a veure,bé,clar,diguem,doncs,llavors,perquè,és a dir	consens entre dos ASR; revisió auditiva pendent
pa-007	pa-019	semblança textual provisional	7	bé,diguem,doncs,evidentment,llavors,perquè,és a dir	consens entre dos ASR; revisió auditiva pendent
pa-007	pa-020	semblança textual provisional	4	bé,clar,evidentment,perquè	consens entre dos ASR; revisió auditiva pendent
pa-007	pa-021	semblança textual provisional	7	a veure,bé,clar,doncs,evidentment,perquè,és a dir	consens entre dos ASR; revisió auditiva pendent
pa-007	pa-022	semblança textual provisional	7	a veure,bé,clar,evidentment,llavors,perquè,és a dir	consens entre dos ASR; revisió auditiva pendent
pa-007	pa-023	semblança textual provisional	5	a veure,bé,llavors,perquè,és a dir	consens entre dos ASR; revisió auditiva pendent
pa-007	pa-025	semblança textual provisional	8	a veure,bé,clar,diguem,doncs,evidentment,perquè,és a dir	consens entre dos ASR; revisió auditiva pendent
pa-007	pa-026	semblança textual provisional	8	a veure,bé,clar,doncs,evidentment,llavors,perquè,és a dir	consens entre dos ASR; revisió auditiva pendent
pa-007	pa-027	semblança textual provisional	8	bé,clar,diguem,doncs,evidentment,llavors,perquè,és a dir	consens entre dos ASR; revisió auditiva pendent
pa-007	pa-028	semblança textual provisional	6	bé,clar,diguem,doncs,llavors,perquè	consens entre dos ASR; revisió auditiva pendent
pa-007	pa-029	semblança textual provisional	6	bé,clar,diguem,doncs,llavors,perquè	consens entre dos ASR; revisió auditiva pendent
pa-007	pa-030	semblança textual provisional	6	a veure,bé,clar,evidentment,perquè,és a dir	consens entre dos ASR; revisió auditiva pendent
pa-007	pa-031	semblança textual provisional	4	a veure,bé,clar,perquè	consens entre dos ASR; revisió auditiva pendent
pa-007	pa-032	semblança textual provisional	5	bé,clar,doncs,llavors,perquè	consens entre dos ASR; revisió auditiva pendent
pa-007	pa-033	semblança textual provisional	6	bé,clar,diguem,doncs,perquè,és a dir	consens entre dos ASR; revisió auditiva pendent
pa-007	pa-034	semblança textual provisional	8	a veure,bé,clar,diguem,doncs,llavors,perquè,és a dir	consens entre dos ASR; revisió auditiva pendent
pa-007	pa-035	semblança textual provisional	6	bé,clar,doncs,evidentment,perquè,és a dir	consens entre dos ASR; revisió auditiva pendent
pa-007	pa-036	semblança textual provisional	7	a veure,bé,clar,doncs,evidentment,llavors,perquè	consens entre dos ASR; revisió auditiva pendent
pa-007	pa-037	semblança textual provisional	6	bé,clar,diguem,doncs,llavors,perquè	consens entre dos ASR; revisió auditiva pendent
pa-007	pa-038	semblança textual provisional	6	bé,clar,diguem,doncs,llavors,perquè	consens entre dos ASR; revisió auditiva pendent
pa-007	pa-039	semblança textual provisional	6	bé,clar,diguem,doncs,evidentment,perquè	consens entre dos ASR; revisió auditiva pendent
pa-007	pa-040	semblança textual provisional	4	bé,doncs,evidentment,perquè	consens entre dos ASR; revisió auditiva pendent
pa-007	pa-041	semblança textual provisional	8	a veure,bé,clar,doncs,evidentment,llavors,perquè,és a dir	consens entre dos ASR; revisió auditiva pendent
pa-007	pa-045	semblança textual provisional	7	a veure,bé,clar,doncs,evidentment,llavors,perquè	consens entre dos ASR; revisió auditiva pendent
pa-007	pa-046	semblança textual provisional	6	bé,clar,diguem,doncs,evidentment,perquè	consens entre dos ASR; revisió auditiva pendent
pa-007	pa-048	semblança textual provisional	6	a veure,bé,clar,llavors,perquè,és a dir	consens entre dos ASR; revisió auditiva pendent
pa-007	pa-049	semblança textual provisional	7	a veure,bé,clar,diguem,evidentment,llavors,perquè	consens entre dos ASR; revisió auditiva pendent
pa-007	pa-055	semblança textual provisional	8	a veure,bé,clar,doncs,evidentment,llavors,perquè,és a dir	consens entre dos ASR; revisió auditiva pendent
pa-007	pa-056	semblança textual provisional	7	a veure,bé,clar,doncs,evidentment,perquè,és a dir	consens entre dos ASR; revisió auditiva pendent
pa-007	pa-057	semblança textual provisional	6	bé,diguem,doncs,llavors,perquè,és a dir	consens entre dos ASR; revisió auditiva pendent
pa-007	pa-058	semblança textual provisional	8	a veure,bé,clar,diguem,doncs,llavors,perquè,és a dir	consens entre dos ASR; revisió auditiva pendent
pa-007	pa-059	semblança textual provisional	7	bé,clar,doncs,evidentment,llavors,perquè,és a dir	consens entre dos ASR; revisió auditiva pendent
pa-007	pa-060	semblança textual provisional	5	a veure,bé,doncs,perquè,és a dir	consens entre dos ASR; revisió auditiva pendent
pa-007	pa-061	semblança textual provisional	7	a veure,bé,clar,doncs,evidentment,llavors,perquè	consens entre dos ASR; revisió auditiva pendent
pa-007	pa-062	semblança textual provisional	7	bé,clar,diguem,doncs,evidentment,perquè,és a dir	consens entre dos ASR; revisió auditiva pendent
pa-007	pa-063	semblança textual provisional	6	a veure,bé,clar,doncs,llavors,perquè	consens entre dos ASR; revisió auditiva pendent
pa-007	pa-064	semblança textual provisional	8	a veure,bé,clar,doncs,evidentment,llavors,perquè,és a dir	consens entre dos ASR; revisió auditiva pendent
pa-007	pa-065	semblança textual provisional	7	a veure,bé,clar,doncs,llavors,perquè,és a dir	consens entre dos ASR; revisió auditiva pendent
pa-007	pa-066	semblança textual provisional	4	bé,evidentment,llavors,perquè	consens entre dos ASR; revisió auditiva pendent
pa-008	pa-009	semblança textual provisional	5	bé,clar,diguem,doncs,perquè	consens entre dos ASR; revisió auditiva pendent
pa-008	pa-010	semblança textual provisional	6	bé,clar,de fet,doncs,perquè,és a dir	consens entre dos ASR; revisió auditiva pendent
pa-008	pa-011	semblança textual provisional	6	a veure,bé,de fet,doncs,perquè,és a dir	consens entre dos ASR; revisió auditiva pendent
pa-008	pa-012	semblança textual provisional	3	bé,doncs,perquè	consens entre dos ASR; revisió auditiva pendent
pa-008	pa-013	semblança textual provisional	3	doncs,perquè,és a dir	consens entre dos ASR; revisió auditiva pendent
pa-008	pa-014	semblança textual provisional	5	bé,clar,doncs,perquè,és a dir	consens entre dos ASR; revisió auditiva pendent
pa-008	pa-015	semblança textual provisional	3	bé,doncs,perquè	consens entre dos ASR; revisió auditiva pendent
pa-008	pa-016	semblança textual provisional	6	a veure,bé,clar,de fet,doncs,perquè	consens entre dos ASR; revisió auditiva pendent
pa-008	pa-017	semblança textual provisional	5	bé,clar,doncs,perquè,és a dir	consens entre dos ASR; revisió auditiva pendent
pa-008	pa-018	semblança textual provisional	7	a veure,bé,clar,diguem,doncs,perquè,és a dir	consens entre dos ASR; revisió auditiva pendent
pa-008	pa-019	semblança textual provisional	5	bé,diguem,doncs,perquè,és a dir	consens entre dos ASR; revisió auditiva pendent
pa-008	pa-020	semblança textual provisional	3	bé,clar,perquè	consens entre dos ASR; revisió auditiva pendent
pa-008	pa-021	semblança textual provisional	6	a veure,bé,clar,doncs,perquè,és a dir	consens entre dos ASR; revisió auditiva pendent
pa-008	pa-022	semblança textual provisional	6	a veure,bé,clar,de fet,perquè,és a dir	consens entre dos ASR; revisió auditiva pendent
pa-008	pa-023	semblança textual provisional	5	a veure,bé,de fet,perquè,és a dir	consens entre dos ASR; revisió auditiva pendent
pa-008	pa-025	semblança textual provisional	8	a veure,bé,clar,de fet,diguem,doncs,perquè,és a dir	consens entre dos ASR; revisió auditiva pendent
pa-008	pa-026	semblança textual provisional	6	a veure,bé,clar,doncs,perquè,és a dir	consens entre dos ASR; revisió auditiva pendent
pa-008	pa-027	semblança textual provisional	7	bé,clar,de fet,diguem,doncs,perquè,és a dir	consens entre dos ASR; revisió auditiva pendent
pa-008	pa-028	semblança textual provisional	6	bé,clar,de fet,diguem,doncs,perquè	consens entre dos ASR; revisió auditiva pendent
pa-008	pa-029	semblança textual provisional	5	bé,clar,diguem,doncs,perquè	consens entre dos ASR; revisió auditiva pendent
pa-008	pa-030	semblança textual provisional	5	a veure,bé,clar,perquè,és a dir	consens entre dos ASR; revisió auditiva pendent
pa-008	pa-031	semblança textual provisional	5	a veure,bé,clar,de fet,perquè	consens entre dos ASR; revisió auditiva pendent
pa-008	pa-032	semblança textual provisional	4	bé,clar,doncs,perquè	consens entre dos ASR; revisió auditiva pendent
pa-008	pa-033	semblança textual provisional	6	bé,clar,diguem,doncs,perquè,és a dir	consens entre dos ASR; revisió auditiva pendent
pa-008	pa-034	semblança textual provisional	7	a veure,bé,clar,diguem,doncs,perquè,és a dir	consens entre dos ASR; revisió auditiva pendent
pa-008	pa-035	semblança textual provisional	5	bé,clar,doncs,perquè,és a dir	consens entre dos ASR; revisió auditiva pendent
pa-008	pa-036	semblança textual provisional	5	a veure,bé,clar,doncs,perquè	consens entre dos ASR; revisió auditiva pendent
pa-008	pa-037	semblança textual provisional	5	bé,clar,diguem,doncs,perquè	consens entre dos ASR; revisió auditiva pendent
pa-008	pa-038	semblança textual provisional	5	bé,clar,diguem,doncs,perquè	consens entre dos ASR; revisió auditiva pendent
pa-008	pa-039	semblança textual provisional	5	bé,clar,diguem,doncs,perquè	consens entre dos ASR; revisió auditiva pendent
pa-008	pa-040	semblança textual provisional	4	bé,de fet,doncs,perquè	consens entre dos ASR; revisió auditiva pendent
pa-008	pa-041	semblança textual provisional	6	a veure,bé,clar,doncs,perquè,és a dir	consens entre dos ASR; revisió auditiva pendent
pa-008	pa-045	semblança textual provisional	5	a veure,bé,clar,doncs,perquè	consens entre dos ASR; revisió auditiva pendent
pa-008	pa-046	semblança textual provisional	5	bé,clar,diguem,doncs,perquè	consens entre dos ASR; revisió auditiva pendent
pa-008	pa-048	semblança textual provisional	5	a veure,bé,clar,perquè,és a dir	consens entre dos ASR; revisió auditiva pendent
pa-008	pa-049	semblança textual provisional	5	a veure,bé,clar,diguem,perquè	consens entre dos ASR; revisió auditiva pendent
pa-008	pa-055	semblança textual provisional	6	a veure,bé,clar,doncs,perquè,és a dir	consens entre dos ASR; revisió auditiva pendent
pa-008	pa-056	semblança textual provisional	6	a veure,bé,clar,doncs,perquè,és a dir	consens entre dos ASR; revisió auditiva pendent
pa-008	pa-057	semblança textual provisional	6	bé,de fet,diguem,doncs,perquè,és a dir	consens entre dos ASR; revisió auditiva pendent
pa-008	pa-058	semblança textual provisional	7	a veure,bé,clar,diguem,doncs,perquè,és a dir	consens entre dos ASR; revisió auditiva pendent
pa-008	pa-059	semblança textual provisional	5	bé,clar,doncs,perquè,és a dir	consens entre dos ASR; revisió auditiva pendent
pa-008	pa-060	semblança textual provisional	6	a veure,bé,de fet,doncs,perquè,és a dir	consens entre dos ASR; revisió auditiva pendent
pa-008	pa-061	semblança textual provisional	5	a veure,bé,clar,doncs,perquè	consens entre dos ASR; revisió auditiva pendent
pa-008	pa-062	semblança textual provisional	6	bé,clar,diguem,doncs,perquè,és a dir	consens entre dos ASR; revisió auditiva pendent
pa-008	pa-063	semblança textual provisional	5	a veure,bé,clar,doncs,perquè	consens entre dos ASR; revisió auditiva pendent
pa-008	pa-064	semblança textual provisional	6	a veure,bé,clar,doncs,perquè,és a dir	consens entre dos ASR; revisió auditiva pendent
pa-008	pa-065	semblança textual provisional	6	a veure,bé,clar,doncs,perquè,és a dir	consens entre dos ASR; revisió auditiva pendent
pa-008	pa-066	semblança textual provisional	3	bé,de fet,perquè	consens entre dos ASR; revisió auditiva pendent
pa-009	pa-010	semblança textual provisional	4	bé,clar,doncs,perquè	consens entre dos ASR; revisió auditiva pendent
pa-009	pa-011	semblança textual provisional	3	bé,doncs,perquè	consens entre dos ASR; revisió auditiva pendent
pa-009	pa-012	semblança textual provisional	3	bé,doncs,perquè	consens entre dos ASR; revisió auditiva pendent
pa-009	pa-013	semblança textual provisional	3	doncs,evidentment,perquè	consens entre dos ASR; revisió auditiva pendent
pa-009	pa-014	semblança textual provisional	6	bé,clar,doncs,evidentment,o sigui,perquè	consens entre dos ASR; revisió auditiva pendent
pa-009	pa-015	semblança textual provisional	3	bé,doncs,perquè	consens entre dos ASR; revisió auditiva pendent
pa-009	pa-016	semblança textual provisional	5	bé,clar,doncs,evidentment,perquè	consens entre dos ASR; revisió auditiva pendent
pa-009	pa-017	semblança textual provisional	5	bé,clar,doncs,evidentment,perquè	consens entre dos ASR; revisió auditiva pendent
pa-009	pa-018	semblança textual provisional	5	bé,clar,diguem,doncs,perquè	consens entre dos ASR; revisió auditiva pendent
pa-009	pa-019	semblança textual provisional	5	bé,diguem,doncs,evidentment,perquè	consens entre dos ASR; revisió auditiva pendent
pa-009	pa-020	semblança textual provisional	4	bé,clar,evidentment,perquè	consens entre dos ASR; revisió auditiva pendent
pa-009	pa-021	semblança textual provisional	5	bé,clar,doncs,evidentment,perquè	consens entre dos ASR; revisió auditiva pendent
pa-009	pa-022	semblança textual provisional	5	bé,clar,evidentment,o sigui,perquè	consens entre dos ASR; revisió auditiva pendent
pa-009	pa-025	semblança textual provisional	6	bé,clar,diguem,doncs,evidentment,perquè	consens entre dos ASR; revisió auditiva pendent
pa-009	pa-026	semblança textual provisional	6	bé,clar,doncs,evidentment,o sigui,perquè	consens entre dos ASR; revisió auditiva pendent
pa-009	pa-027	semblança textual provisional	6	bé,clar,diguem,doncs,evidentment,perquè	consens entre dos ASR; revisió auditiva pendent
pa-009	pa-028	semblança textual provisional	5	bé,clar,diguem,doncs,perquè	consens entre dos ASR; revisió auditiva pendent
pa-009	pa-029	semblança textual provisional	5	bé,clar,diguem,doncs,perquè	consens entre dos ASR; revisió auditiva pendent
pa-009	pa-030	semblança textual provisional	4	bé,clar,evidentment,perquè	consens entre dos ASR; revisió auditiva pendent
pa-009	pa-031	semblança textual provisional	3	bé,clar,perquè	consens entre dos ASR; revisió auditiva pendent
pa-009	pa-032	semblança textual provisional	4	bé,clar,doncs,perquè	consens entre dos ASR; revisió auditiva pendent
pa-009	pa-033	semblança textual provisional	5	bé,clar,diguem,doncs,perquè	consens entre dos ASR; revisió auditiva pendent
pa-009	pa-034	semblança textual provisional	5	bé,clar,diguem,doncs,perquè	consens entre dos ASR; revisió auditiva pendent
pa-009	pa-035	semblança textual provisional	5	bé,clar,doncs,evidentment,perquè	consens entre dos ASR; revisió auditiva pendent
pa-009	pa-036	semblança textual provisional	5	bé,clar,doncs,evidentment,perquè	consens entre dos ASR; revisió auditiva pendent
pa-009	pa-037	semblança textual provisional	5	bé,clar,diguem,doncs,perquè	consens entre dos ASR; revisió auditiva pendent
pa-009	pa-038	semblança textual provisional	6	bé,clar,diguem,doncs,o sigui,perquè	consens entre dos ASR; revisió auditiva pendent
pa-009	pa-039	semblança textual provisional	6	bé,clar,diguem,doncs,evidentment,perquè	consens entre dos ASR; revisió auditiva pendent
pa-009	pa-040	semblança textual provisional	4	bé,doncs,evidentment,perquè	consens entre dos ASR; revisió auditiva pendent
pa-009	pa-041	semblança textual provisional	5	bé,clar,doncs,evidentment,perquè	consens entre dos ASR; revisió auditiva pendent
pa-009	pa-045	semblança textual provisional	6	bé,clar,doncs,evidentment,o sigui,perquè	consens entre dos ASR; revisió auditiva pendent
pa-009	pa-046	semblança textual provisional	7	bé,clar,diguem,doncs,evidentment,o sigui,perquè	consens entre dos ASR; revisió auditiva pendent
pa-009	pa-048	semblança textual provisional	4	bé,clar,o sigui,perquè	consens entre dos ASR; revisió auditiva pendent
pa-009	pa-049	semblança textual provisional	6	bé,clar,diguem,evidentment,o sigui,perquè	consens entre dos ASR; revisió auditiva pendent
pa-009	pa-055	semblança textual provisional	6	bé,clar,doncs,evidentment,o sigui,perquè	consens entre dos ASR; revisió auditiva pendent
pa-009	pa-056	semblança textual provisional	6	bé,clar,doncs,evidentment,o sigui,perquè	consens entre dos ASR; revisió auditiva pendent
pa-009	pa-057	semblança textual provisional	4	bé,diguem,doncs,perquè	consens entre dos ASR; revisió auditiva pendent
pa-009	pa-058	semblança textual provisional	5	bé,clar,diguem,doncs,perquè	consens entre dos ASR; revisió auditiva pendent
pa-009	pa-059	semblança textual provisional	5	bé,clar,doncs,evidentment,perquè	consens entre dos ASR; revisió auditiva pendent
pa-009	pa-060	semblança textual provisional	3	bé,doncs,perquè	consens entre dos ASR; revisió auditiva pendent
pa-009	pa-061	semblança textual provisional	6	bé,clar,doncs,evidentment,o sigui,perquè	consens entre dos ASR; revisió auditiva pendent
pa-009	pa-062	semblança textual provisional	7	bé,clar,diguem,doncs,evidentment,o sigui,perquè	consens entre dos ASR; revisió auditiva pendent
pa-009	pa-063	semblança textual provisional	5	bé,clar,doncs,o sigui,perquè	consens entre dos ASR; revisió auditiva pendent
pa-009	pa-064	semblança textual provisional	6	bé,clar,doncs,evidentment,o sigui,perquè	consens entre dos ASR; revisió auditiva pendent
pa-009	pa-065	semblança textual provisional	5	bé,clar,doncs,o sigui,perquè	consens entre dos ASR; revisió auditiva pendent
pa-009	pa-066	semblança textual provisional	3	bé,evidentment,perquè	consens entre dos ASR; revisió auditiva pendent
pa-010	pa-011	semblança textual provisional	5	bé,de fet,doncs,perquè,és a dir	consens entre dos ASR; revisió auditiva pendent
pa-010	pa-012	semblança textual provisional	3	bé,doncs,perquè	consens entre dos ASR; revisió auditiva pendent
pa-010	pa-013	semblança textual provisional	3	doncs,perquè,és a dir	consens entre dos ASR; revisió auditiva pendent
pa-010	pa-014	semblança textual provisional	7	bé,clar,crec,doncs,llavors,perquè,és a dir	consens entre dos ASR; revisió auditiva pendent
pa-010	pa-015	semblança textual provisional	3	bé,doncs,perquè	consens entre dos ASR; revisió auditiva pendent
pa-010	pa-016	semblança textual provisional	6	bé,clar,de fet,doncs,llavors,perquè	consens entre dos ASR; revisió auditiva pendent
pa-010	pa-017	semblança textual provisional	6	bé,clar,doncs,llavors,perquè,és a dir	consens entre dos ASR; revisió auditiva pendent
pa-010	pa-018	semblança textual provisional	7	bé,clar,crec,doncs,llavors,perquè,és a dir	consens entre dos ASR; revisió auditiva pendent
pa-010	pa-019	semblança textual provisional	6	bé,crec,doncs,llavors,perquè,és a dir	consens entre dos ASR; revisió auditiva pendent
pa-010	pa-020	semblança textual provisional	3	bé,clar,perquè	consens entre dos ASR; revisió auditiva pendent
pa-010	pa-021	semblança textual provisional	6	bé,clar,crec,doncs,perquè,és a dir	consens entre dos ASR; revisió auditiva pendent
pa-010	pa-022	semblança textual provisional	7	bé,clar,crec,de fet,llavors,perquè,és a dir	consens entre dos ASR; revisió auditiva pendent
pa-010	pa-023	semblança textual provisional	6	bé,crec,de fet,llavors,perquè,és a dir	consens entre dos ASR; revisió auditiva pendent
pa-010	pa-025	semblança textual provisional	7	bé,clar,crec,de fet,doncs,perquè,és a dir	consens entre dos ASR; revisió auditiva pendent
pa-010	pa-026	semblança textual provisional	6	bé,clar,doncs,llavors,perquè,és a dir	consens entre dos ASR; revisió auditiva pendent
pa-010	pa-027	semblança textual provisional	8	bé,clar,crec,de fet,doncs,llavors,perquè,és a dir	consens entre dos ASR; revisió auditiva pendent
pa-010	pa-028	semblança textual provisional	6	bé,clar,de fet,doncs,llavors,perquè	consens entre dos ASR; revisió auditiva pendent
pa-010	pa-029	semblança textual provisional	5	bé,clar,doncs,llavors,perquè	consens entre dos ASR; revisió auditiva pendent
pa-010	pa-030	semblança textual provisional	5	bé,clar,crec,perquè,és a dir	consens entre dos ASR; revisió auditiva pendent
pa-010	pa-031	semblança textual provisional	5	bé,clar,crec,de fet,perquè	consens entre dos ASR; revisió auditiva pendent
pa-010	pa-032	semblança textual provisional	5	bé,clar,doncs,llavors,perquè	consens entre dos ASR; revisió auditiva pendent
pa-010	pa-033	semblança textual provisional	5	bé,clar,doncs,perquè,és a dir	consens entre dos ASR; revisió auditiva pendent
pa-010	pa-034	semblança textual provisional	7	bé,clar,crec,doncs,llavors,perquè,és a dir	consens entre dos ASR; revisió auditiva pendent
pa-010	pa-035	semblança textual provisional	6	bé,clar,crec,doncs,perquè,és a dir	consens entre dos ASR; revisió auditiva pendent
pa-010	pa-036	semblança textual provisional	5	bé,clar,doncs,llavors,perquè	consens entre dos ASR; revisió auditiva pendent
pa-010	pa-037	semblança textual provisional	5	bé,clar,doncs,llavors,perquè	consens entre dos ASR; revisió auditiva pendent
pa-010	pa-038	semblança textual provisional	6	bé,clar,crec,doncs,llavors,perquè	consens entre dos ASR; revisió auditiva pendent
pa-010	pa-039	semblança textual provisional	5	bé,clar,crec,doncs,perquè	consens entre dos ASR; revisió auditiva pendent
pa-010	pa-040	semblança textual provisional	5	bé,crec,de fet,doncs,perquè	consens entre dos ASR; revisió auditiva pendent
pa-010	pa-041	semblança textual provisional	7	bé,clar,crec,doncs,llavors,perquè,és a dir	consens entre dos ASR; revisió auditiva pendent
pa-010	pa-042	semblança textual provisional	3	clar,crec,perquè	consens entre dos ASR; revisió auditiva pendent
pa-010	pa-043	semblança textual provisional	3	crec,doncs,és a dir	consens entre dos ASR; revisió auditiva pendent
pa-010	pa-045	semblança textual provisional	6	bé,clar,crec,doncs,llavors,perquè	consens entre dos ASR; revisió auditiva pendent
pa-010	pa-046	semblança textual provisional	5	bé,clar,crec,doncs,perquè	consens entre dos ASR; revisió auditiva pendent
pa-010	pa-048	semblança textual provisional	6	bé,clar,crec,llavors,perquè,és a dir	consens entre dos ASR; revisió auditiva pendent
pa-010	pa-049	semblança textual provisional	5	bé,clar,crec,llavors,perquè	consens entre dos ASR; revisió auditiva pendent
pa-010	pa-055	semblança textual provisional	6	bé,clar,doncs,llavors,perquè,és a dir	consens entre dos ASR; revisió auditiva pendent
pa-010	pa-056	semblança textual provisional	6	bé,clar,crec,doncs,perquè,és a dir	consens entre dos ASR; revisió auditiva pendent
pa-010	pa-057	semblança textual provisional	6	bé,de fet,doncs,llavors,perquè,és a dir	consens entre dos ASR; revisió auditiva pendent
pa-010	pa-058	semblança textual provisional	7	bé,clar,crec,doncs,llavors,perquè,és a dir	consens entre dos ASR; revisió auditiva pendent
pa-010	pa-059	semblança textual provisional	6	bé,clar,doncs,llavors,perquè,és a dir	consens entre dos ASR; revisió auditiva pendent
pa-010	pa-060	semblança textual provisional	6	bé,crec,de fet,doncs,perquè,és a dir	consens entre dos ASR; revisió auditiva pendent
pa-010	pa-061	semblança textual provisional	6	bé,clar,crec,doncs,llavors,perquè	consens entre dos ASR; revisió auditiva pendent
pa-010	pa-062	semblança textual provisional	6	bé,clar,crec,doncs,perquè,és a dir	consens entre dos ASR; revisió auditiva pendent
pa-010	pa-063	semblança textual provisional	6	bé,clar,crec,doncs,llavors,perquè	consens entre dos ASR; revisió auditiva pendent
pa-010	pa-064	semblança textual provisional	7	bé,clar,crec,doncs,llavors,perquè,és a dir	consens entre dos ASR; revisió auditiva pendent
pa-010	pa-065	semblança textual provisional	7	bé,clar,crec,doncs,llavors,perquè,és a dir	consens entre dos ASR; revisió auditiva pendent
pa-010	pa-066	semblança textual provisional	5	bé,crec,de fet,llavors,perquè	consens entre dos ASR; revisió auditiva pendent
pa-011	pa-012	semblança textual provisional	3	bé,doncs,perquè	consens entre dos ASR; revisió auditiva pendent
pa-011	pa-013	semblança textual provisional	3	doncs,perquè,és a dir	consens entre dos ASR; revisió auditiva pendent
pa-011	pa-014	semblança textual provisional	4	bé,doncs,perquè,és a dir	consens entre dos ASR; revisió auditiva pendent
pa-011	pa-015	semblança textual provisional	3	bé,doncs,perquè	consens entre dos ASR; revisió auditiva pendent
pa-011	pa-016	semblança textual provisional	5	a veure,bé,de fet,doncs,perquè	consens entre dos ASR; revisió auditiva pendent
pa-011	pa-017	semblança textual provisional	4	bé,doncs,perquè,és a dir	consens entre dos ASR; revisió auditiva pendent
pa-011	pa-018	semblança textual provisional	5	a veure,bé,doncs,perquè,és a dir	consens entre dos ASR; revisió auditiva pendent
pa-011	pa-019	semblança textual provisional	4	bé,doncs,perquè,és a dir	consens entre dos ASR; revisió auditiva pendent
pa-011	pa-021	semblança textual provisional	5	a veure,bé,doncs,perquè,és a dir	consens entre dos ASR; revisió auditiva pendent
pa-011	pa-022	semblança textual provisional	5	a veure,bé,de fet,perquè,és a dir	consens entre dos ASR; revisió auditiva pendent
pa-011	pa-023	semblança textual provisional	5	a veure,bé,de fet,perquè,és a dir	consens entre dos ASR; revisió auditiva pendent
pa-011	pa-025	semblança textual provisional	6	a veure,bé,de fet,doncs,perquè,és a dir	consens entre dos ASR; revisió auditiva pendent
pa-011	pa-026	semblança textual provisional	5	a veure,bé,doncs,perquè,és a dir	consens entre dos ASR; revisió auditiva pendent
pa-011	pa-027	semblança textual provisional	5	bé,de fet,doncs,perquè,és a dir	consens entre dos ASR; revisió auditiva pendent
pa-011	pa-028	semblança textual provisional	4	bé,de fet,doncs,perquè	consens entre dos ASR; revisió auditiva pendent
pa-011	pa-029	semblança textual provisional	3	bé,doncs,perquè	consens entre dos ASR; revisió auditiva pendent
pa-011	pa-030	semblança textual provisional	4	a veure,bé,perquè,és a dir	consens entre dos ASR; revisió auditiva pendent
pa-011	pa-031	semblança textual provisional	4	a veure,bé,de fet,perquè	consens entre dos ASR; revisió auditiva pendent
pa-011	pa-032	semblança textual provisional	3	bé,doncs,perquè	consens entre dos ASR; revisió auditiva pendent
pa-011	pa-033	semblança textual provisional	4	bé,doncs,perquè,és a dir	consens entre dos ASR; revisió auditiva pendent
pa-011	pa-034	semblança textual provisional	5	a veure,bé,doncs,perquè,és a dir	consens entre dos ASR; revisió auditiva pendent
pa-011	pa-035	semblança textual provisional	4	bé,doncs,perquè,és a dir	consens entre dos ASR; revisió auditiva pendent
pa-011	pa-036	semblança textual provisional	4	a veure,bé,doncs,perquè	consens entre dos ASR; revisió auditiva pendent
pa-011	pa-037	semblança textual provisional	3	bé,doncs,perquè	consens entre dos ASR; revisió auditiva pendent
pa-011	pa-038	semblança textual provisional	3	bé,doncs,perquè	consens entre dos ASR; revisió auditiva pendent
pa-011	pa-039	semblança textual provisional	3	bé,doncs,perquè	consens entre dos ASR; revisió auditiva pendent
pa-011	pa-040	semblança textual provisional	4	bé,de fet,doncs,perquè	consens entre dos ASR; revisió auditiva pendent
pa-011	pa-041	semblança textual provisional	5	a veure,bé,doncs,perquè,és a dir	consens entre dos ASR; revisió auditiva pendent
pa-011	pa-045	semblança textual provisional	4	a veure,bé,doncs,perquè	consens entre dos ASR; revisió auditiva pendent
pa-011	pa-046	semblança textual provisional	3	bé,doncs,perquè	consens entre dos ASR; revisió auditiva pendent
pa-011	pa-048	semblança textual provisional	4	a veure,bé,perquè,és a dir	consens entre dos ASR; revisió auditiva pendent
pa-011	pa-049	semblança textual provisional	3	a veure,bé,perquè	consens entre dos ASR; revisió auditiva pendent
pa-011	pa-055	semblança textual provisional	5	a veure,bé,doncs,perquè,és a dir	consens entre dos ASR; revisió auditiva pendent
pa-011	pa-056	semblança textual provisional	5	a veure,bé,doncs,perquè,és a dir	consens entre dos ASR; revisió auditiva pendent
pa-011	pa-057	semblança textual provisional	5	bé,de fet,doncs,perquè,és a dir	consens entre dos ASR; revisió auditiva pendent
pa-011	pa-058	semblança textual provisional	5	a veure,bé,doncs,perquè,és a dir	consens entre dos ASR; revisió auditiva pendent
pa-011	pa-059	semblança textual provisional	4	bé,doncs,perquè,és a dir	consens entre dos ASR; revisió auditiva pendent
pa-011	pa-060	semblança textual provisional	6	a veure,bé,de fet,doncs,perquè,és a dir	consens entre dos ASR; revisió auditiva pendent
pa-011	pa-061	semblança textual provisional	4	a veure,bé,doncs,perquè	consens entre dos ASR; revisió auditiva pendent
pa-011	pa-062	semblança textual provisional	4	bé,doncs,perquè,és a dir	consens entre dos ASR; revisió auditiva pendent
pa-011	pa-063	semblança textual provisional	4	a veure,bé,doncs,perquè	consens entre dos ASR; revisió auditiva pendent
pa-011	pa-064	semblança textual provisional	5	a veure,bé,doncs,perquè,és a dir	consens entre dos ASR; revisió auditiva pendent
pa-011	pa-065	semblança textual provisional	5	a veure,bé,doncs,perquè,és a dir	consens entre dos ASR; revisió auditiva pendent
pa-011	pa-066	semblança textual provisional	3	bé,de fet,perquè	consens entre dos ASR; revisió auditiva pendent
pa-012	pa-014	semblança textual provisional	3	bé,doncs,perquè	consens entre dos ASR; revisió auditiva pendent
pa-012	pa-015	semblança textual provisional	3	bé,doncs,perquè	consens entre dos ASR; revisió auditiva pendent
pa-012	pa-016	semblança textual provisional	3	bé,doncs,perquè	consens entre dos ASR; revisió auditiva pendent
pa-012	pa-017	semblança textual provisional	3	bé,doncs,perquè	consens entre dos ASR; revisió auditiva pendent
pa-012	pa-018	semblança textual provisional	3	bé,doncs,perquè	consens entre dos ASR; revisió auditiva pendent
pa-012	pa-019	semblança textual provisional	3	bé,doncs,perquè	consens entre dos ASR; revisió auditiva pendent
pa-012	pa-021	semblança textual provisional	3	bé,doncs,perquè	consens entre dos ASR; revisió auditiva pendent
pa-012	pa-025	semblança textual provisional	3	bé,doncs,perquè	consens entre dos ASR; revisió auditiva pendent
pa-012	pa-026	semblança textual provisional	3	bé,doncs,perquè	consens entre dos ASR; revisió auditiva pendent
pa-012	pa-027	semblança textual provisional	3	bé,doncs,perquè	consens entre dos ASR; revisió auditiva pendent
pa-012	pa-028	semblança textual provisional	3	bé,doncs,perquè	consens entre dos ASR; revisió auditiva pendent
pa-012	pa-029	semblança textual provisional	3	bé,doncs,perquè	consens entre dos ASR; revisió auditiva pendent
pa-012	pa-032	semblança textual provisional	3	bé,doncs,perquè	consens entre dos ASR; revisió auditiva pendent
pa-012	pa-033	semblança textual provisional	3	bé,doncs,perquè	consens entre dos ASR; revisió auditiva pendent
pa-012	pa-034	semblança textual provisional	3	bé,doncs,perquè	consens entre dos ASR; revisió auditiva pendent
pa-012	pa-035	semblança textual provisional	3	bé,doncs,perquè	consens entre dos ASR; revisió auditiva pendent
pa-012	pa-036	semblança textual provisional	3	bé,doncs,perquè	consens entre dos ASR; revisió auditiva pendent
pa-012	pa-037	semblança textual provisional	3	bé,doncs,perquè	consens entre dos ASR; revisió auditiva pendent
pa-012	pa-038	semblança textual provisional	3	bé,doncs,perquè	consens entre dos ASR; revisió auditiva pendent
pa-012	pa-039	semblança textual provisional	3	bé,doncs,perquè	consens entre dos ASR; revisió auditiva pendent
pa-012	pa-040	semblança textual provisional	3	bé,doncs,perquè	consens entre dos ASR; revisió auditiva pendent
pa-012	pa-041	semblança textual provisional	3	bé,doncs,perquè	consens entre dos ASR; revisió auditiva pendent
pa-012	pa-045	semblança textual provisional	3	bé,doncs,perquè	consens entre dos ASR; revisió auditiva pendent
pa-012	pa-046	semblança textual provisional	3	bé,doncs,perquè	consens entre dos ASR; revisió auditiva pendent
pa-012	pa-055	semblança textual provisional	3	bé,doncs,perquè	consens entre dos ASR; revisió auditiva pendent
pa-012	pa-056	semblança textual provisional	3	bé,doncs,perquè	consens entre dos ASR; revisió auditiva pendent
pa-012	pa-057	semblança textual provisional	3	bé,doncs,perquè	consens entre dos ASR; revisió auditiva pendent
pa-012	pa-058	semblança textual provisional	3	bé,doncs,perquè	consens entre dos ASR; revisió auditiva pendent
pa-012	pa-059	semblança textual provisional	3	bé,doncs,perquè	consens entre dos ASR; revisió auditiva pendent
pa-012	pa-060	semblança textual provisional	3	bé,doncs,perquè	consens entre dos ASR; revisió auditiva pendent
pa-012	pa-061	semblança textual provisional	3	bé,doncs,perquè	consens entre dos ASR; revisió auditiva pendent
pa-012	pa-062	semblança textual provisional	3	bé,doncs,perquè	consens entre dos ASR; revisió auditiva pendent
pa-012	pa-063	semblança textual provisional	3	bé,doncs,perquè	consens entre dos ASR; revisió auditiva pendent
pa-012	pa-064	semblança textual provisional	3	bé,doncs,perquè	consens entre dos ASR; revisió auditiva pendent
pa-012	pa-065	semblança textual provisional	3	bé,doncs,perquè	consens entre dos ASR; revisió auditiva pendent
pa-013	pa-014	semblança textual provisional	4	doncs,evidentment,perquè,és a dir	consens entre dos ASR; revisió auditiva pendent
pa-013	pa-016	semblança textual provisional	3	doncs,evidentment,perquè	consens entre dos ASR; revisió auditiva pendent
pa-013	pa-017	semblança textual provisional	4	doncs,evidentment,perquè,és a dir	consens entre dos ASR; revisió auditiva pendent
pa-013	pa-018	semblança textual provisional	3	doncs,perquè,és a dir	consens entre dos ASR; revisió auditiva pendent
pa-013	pa-019	semblança textual provisional	4	doncs,evidentment,perquè,és a dir	consens entre dos ASR; revisió auditiva pendent
pa-013	pa-021	semblança textual provisional	4	doncs,evidentment,perquè,és a dir	consens entre dos ASR; revisió auditiva pendent
pa-013	pa-022	semblança textual provisional	3	evidentment,perquè,és a dir	consens entre dos ASR; revisió auditiva pendent
pa-013	pa-025	semblança textual provisional	4	doncs,evidentment,perquè,és a dir	consens entre dos ASR; revisió auditiva pendent
pa-013	pa-026	semblança textual provisional	4	doncs,evidentment,perquè,és a dir	consens entre dos ASR; revisió auditiva pendent
pa-013	pa-027	semblança textual provisional	4	doncs,evidentment,perquè,és a dir	consens entre dos ASR; revisió auditiva pendent
pa-013	pa-030	semblança textual provisional	3	evidentment,perquè,és a dir	consens entre dos ASR; revisió auditiva pendent
pa-013	pa-033	semblança textual provisional	3	doncs,perquè,és a dir	consens entre dos ASR; revisió auditiva pendent
pa-013	pa-034	semblança textual provisional	3	doncs,perquè,és a dir	consens entre dos ASR; revisió auditiva pendent
pa-013	pa-035	semblança textual provisional	4	doncs,evidentment,perquè,és a dir	consens entre dos ASR; revisió auditiva pendent
pa-013	pa-036	semblança textual provisional	3	doncs,evidentment,perquè	consens entre dos ASR; revisió auditiva pendent
pa-013	pa-039	semblança textual provisional	3	doncs,evidentment,perquè	consens entre dos ASR; revisió auditiva pendent
pa-013	pa-040	semblança textual provisional	3	doncs,evidentment,perquè	consens entre dos ASR; revisió auditiva pendent
pa-013	pa-041	semblança textual provisional	4	doncs,evidentment,perquè,és a dir	consens entre dos ASR; revisió auditiva pendent
pa-013	pa-045	semblança textual provisional	3	doncs,evidentment,perquè	consens entre dos ASR; revisió auditiva pendent
pa-013	pa-046	semblança textual provisional	3	doncs,evidentment,perquè	consens entre dos ASR; revisió auditiva pendent
pa-013	pa-055	semblança textual provisional	4	doncs,evidentment,perquè,és a dir	consens entre dos ASR; revisió auditiva pendent
pa-013	pa-056	semblança textual provisional	4	doncs,evidentment,perquè,és a dir	consens entre dos ASR; revisió auditiva pendent
pa-013	pa-057	semblança textual provisional	3	doncs,perquè,és a dir	consens entre dos ASR; revisió auditiva pendent
pa-013	pa-058	semblança textual provisional	3	doncs,perquè,és a dir	consens entre dos ASR; revisió auditiva pendent
pa-013	pa-059	semblança textual provisional	4	doncs,evidentment,perquè,és a dir	consens entre dos ASR; revisió auditiva pendent
pa-013	pa-060	semblança textual provisional	3	doncs,perquè,és a dir	consens entre dos ASR; revisió auditiva pendent
pa-013	pa-061	semblança textual provisional	3	doncs,evidentment,perquè	consens entre dos ASR; revisió auditiva pendent
pa-013	pa-062	semblança textual provisional	4	doncs,evidentment,perquè,és a dir	consens entre dos ASR; revisió auditiva pendent
pa-013	pa-064	semblança textual provisional	4	doncs,evidentment,perquè,és a dir	consens entre dos ASR; revisió auditiva pendent
pa-013	pa-065	semblança textual provisional	3	doncs,perquè,és a dir	consens entre dos ASR; revisió auditiva pendent
pa-014	pa-015	semblança textual provisional	3	bé,doncs,perquè	consens entre dos ASR; revisió auditiva pendent
pa-014	pa-016	semblança textual provisional	7	bé,clar,doncs,evidentment,llavors,perquè,vull dir	consens entre dos ASR; revisió auditiva pendent
pa-014	pa-017	semblança textual provisional	8	bé,clar,doncs,evidentment,llavors,perquè,vull dir,és a dir	consens entre dos ASR; revisió auditiva pendent
pa-014	pa-018	semblança textual provisional	7	bé,clar,crec,doncs,llavors,perquè,és a dir	consens entre dos ASR; revisió auditiva pendent
pa-014	pa-019	semblança textual provisional	7	bé,crec,doncs,evidentment,llavors,perquè,és a dir	consens entre dos ASR; revisió auditiva pendent
pa-014	pa-020	semblança textual provisional	6	aviam,bé,clar,evidentment,perquè,vull dir	consens entre dos ASR; revisió auditiva pendent
pa-014	pa-021	semblança textual provisional	8	bé,clar,crec,doncs,evidentment,perquè,vull dir,és a dir	consens entre dos ASR; revisió auditiva pendent
pa-014	pa-022	semblança textual provisional	9	bé,clar,crec,evidentment,llavors,o sigui,perquè,vull dir,és a dir	consens entre dos ASR; revisió auditiva pendent
pa-014	pa-023	semblança textual provisional	6	bé,crec,llavors,perquè,vull dir,és a dir	consens entre dos ASR; revisió auditiva pendent
pa-014	pa-025	semblança textual provisional	8	bé,clar,crec,doncs,evidentment,perquè,vull dir,és a dir	consens entre dos ASR; revisió auditiva pendent
pa-014	pa-026	semblança textual provisional	9	bé,clar,doncs,evidentment,llavors,o sigui,perquè,vull dir,és a dir	consens entre dos ASR; revisió auditiva pendent
pa-014	pa-027	semblança textual provisional	9	bé,clar,crec,doncs,evidentment,llavors,perquè,vull dir,és a dir	consens entre dos ASR; revisió auditiva pendent
pa-014	pa-028	semblança textual provisional	5	bé,clar,doncs,llavors,perquè	consens entre dos ASR; revisió auditiva pendent
pa-014	pa-029	semblança textual provisional	5	bé,clar,doncs,llavors,perquè	consens entre dos ASR; revisió auditiva pendent
pa-014	pa-030	semblança textual provisional	7	bé,clar,crec,evidentment,perquè,vull dir,és a dir	consens entre dos ASR; revisió auditiva pendent
pa-014	pa-031	semblança textual provisional	5	bé,clar,crec,perquè,vull dir	consens entre dos ASR; revisió auditiva pendent
pa-014	pa-032	semblança textual provisional	5	bé,clar,doncs,llavors,perquè	consens entre dos ASR; revisió auditiva pendent
pa-014	pa-033	semblança textual provisional	6	bé,clar,doncs,perquè,vull dir,és a dir	consens entre dos ASR; revisió auditiva pendent
pa-014	pa-034	semblança textual provisional	8	bé,clar,crec,doncs,llavors,perquè,vull dir,és a dir	consens entre dos ASR; revisió auditiva pendent
pa-014	pa-035	semblança textual provisional	7	bé,clar,crec,doncs,evidentment,perquè,és a dir	consens entre dos ASR; revisió auditiva pendent
pa-014	pa-036	semblança textual provisional	7	bé,clar,doncs,evidentment,llavors,perquè,vull dir	consens entre dos ASR; revisió auditiva pendent
pa-014	pa-037	semblança textual provisional	6	bé,clar,doncs,llavors,perquè,vull dir	consens entre dos ASR; revisió auditiva pendent
pa-014	pa-038	semblança textual provisional	8	bé,clar,crec,doncs,llavors,o sigui,perquè,vull dir	consens entre dos ASR; revisió auditiva pendent
pa-014	pa-039	semblança textual provisional	6	bé,clar,crec,doncs,evidentment,perquè	consens entre dos ASR; revisió auditiva pendent
pa-014	pa-040	semblança textual provisional	5	bé,crec,doncs,evidentment,perquè	consens entre dos ASR; revisió auditiva pendent
pa-014	pa-041	semblança textual provisional	9	bé,clar,crec,doncs,evidentment,llavors,perquè,vull dir,és a dir	consens entre dos ASR; revisió auditiva pendent
pa-014	pa-042	semblança textual provisional	3	clar,crec,perquè	consens entre dos ASR; revisió auditiva pendent
pa-014	pa-043	semblança textual provisional	3	crec,doncs,és a dir	consens entre dos ASR; revisió auditiva pendent
pa-014	pa-045	semblança textual provisional	8	bé,clar,crec,doncs,evidentment,llavors,o sigui,perquè	consens entre dos ASR; revisió auditiva pendent
pa-014	pa-046	semblança textual provisional	7	bé,clar,crec,doncs,evidentment,o sigui,perquè	consens entre dos ASR; revisió auditiva pendent
pa-014	pa-048	semblança textual provisional	8	bé,clar,crec,llavors,o sigui,perquè,vull dir,és a dir	consens entre dos ASR; revisió auditiva pendent
pa-014	pa-049	semblança textual provisional	9	aviam,bé,clar,crec,evidentment,llavors,o sigui,perquè,vull dir	consens entre dos ASR; revisió auditiva pendent
pa-014	pa-055	semblança textual provisional	8	bé,clar,doncs,evidentment,llavors,o sigui,perquè,és a dir	consens entre dos ASR; revisió auditiva pendent
pa-014	pa-056	semblança textual provisional	9	bé,clar,crec,doncs,evidentment,o sigui,perquè,vull dir,és a dir	consens entre dos ASR; revisió auditiva pendent
pa-014	pa-057	semblança textual provisional	5	bé,doncs,llavors,perquè,és a dir	consens entre dos ASR; revisió auditiva pendent
pa-014	pa-058	semblança textual provisional	8	bé,clar,crec,doncs,llavors,perquè,vull dir,és a dir	consens entre dos ASR; revisió auditiva pendent
pa-014	pa-059	semblança textual provisional	8	bé,clar,doncs,evidentment,llavors,perquè,vull dir,és a dir	consens entre dos ASR; revisió auditiva pendent
pa-014	pa-060	semblança textual provisional	6	bé,crec,doncs,perquè,vull dir,és a dir	consens entre dos ASR; revisió auditiva pendent
pa-014	pa-061	semblança textual provisional	9	bé,clar,crec,doncs,evidentment,llavors,o sigui,perquè,vull dir	consens entre dos ASR; revisió auditiva pendent
pa-014	pa-062	semblança textual provisional	9	bé,clar,crec,doncs,evidentment,o sigui,perquè,vull dir,és a dir	consens entre dos ASR; revisió auditiva pendent
pa-014	pa-063	semblança textual provisional	7	bé,clar,crec,doncs,llavors,o sigui,perquè	consens entre dos ASR; revisió auditiva pendent
pa-014	pa-064	semblança textual provisional	9	bé,clar,crec,doncs,evidentment,llavors,o sigui,perquè,és a dir	consens entre dos ASR; revisió auditiva pendent
pa-014	pa-065	semblança textual provisional	9	bé,clar,crec,doncs,llavors,o sigui,perquè,vull dir,és a dir	consens entre dos ASR; revisió auditiva pendent
pa-014	pa-066	semblança textual provisional	5	bé,crec,evidentment,llavors,perquè	consens entre dos ASR; revisió auditiva pendent
pa-015	pa-016	semblança textual provisional	3	bé,doncs,perquè	consens entre dos ASR; revisió auditiva pendent
pa-015	pa-017	semblança textual provisional	3	bé,doncs,perquè	consens entre dos ASR; revisió auditiva pendent
pa-015	pa-018	semblança textual provisional	3	bé,doncs,perquè	consens entre dos ASR; revisió auditiva pendent
pa-015	pa-019	semblança textual provisional	3	bé,doncs,perquè	consens entre dos ASR; revisió auditiva pendent
pa-015	pa-021	semblança textual provisional	3	bé,doncs,perquè	consens entre dos ASR; revisió auditiva pendent
pa-015	pa-025	semblança textual provisional	3	bé,doncs,perquè	consens entre dos ASR; revisió auditiva pendent
pa-015	pa-026	semblança textual provisional	3	bé,doncs,perquè	consens entre dos ASR; revisió auditiva pendent
pa-015	pa-027	semblança textual provisional	3	bé,doncs,perquè	consens entre dos ASR; revisió auditiva pendent
pa-015	pa-028	semblança textual provisional	3	bé,doncs,perquè	consens entre dos ASR; revisió auditiva pendent
pa-015	pa-029	semblança textual provisional	3	bé,doncs,perquè	consens entre dos ASR; revisió auditiva pendent
pa-015	pa-032	semblança textual provisional	3	bé,doncs,perquè	consens entre dos ASR; revisió auditiva pendent
pa-015	pa-033	semblança textual provisional	3	bé,doncs,perquè	consens entre dos ASR; revisió auditiva pendent
pa-015	pa-034	semblança textual provisional	3	bé,doncs,perquè	consens entre dos ASR; revisió auditiva pendent
pa-015	pa-035	semblança textual provisional	3	bé,doncs,perquè	consens entre dos ASR; revisió auditiva pendent
pa-015	pa-036	semblança textual provisional	3	bé,doncs,perquè	consens entre dos ASR; revisió auditiva pendent
pa-015	pa-037	semblança textual provisional	3	bé,doncs,perquè	consens entre dos ASR; revisió auditiva pendent
pa-015	pa-038	semblança textual provisional	3	bé,doncs,perquè	consens entre dos ASR; revisió auditiva pendent
pa-015	pa-039	semblança textual provisional	3	bé,doncs,perquè	consens entre dos ASR; revisió auditiva pendent
pa-015	pa-040	semblança textual provisional	3	bé,doncs,perquè	consens entre dos ASR; revisió auditiva pendent
pa-015	pa-041	semblança textual provisional	3	bé,doncs,perquè	consens entre dos ASR; revisió auditiva pendent
pa-015	pa-045	semblança textual provisional	3	bé,doncs,perquè	consens entre dos ASR; revisió auditiva pendent
pa-015	pa-046	semblança textual provisional	3	bé,doncs,perquè	consens entre dos ASR; revisió auditiva pendent
pa-015	pa-055	semblança textual provisional	3	bé,doncs,perquè	consens entre dos ASR; revisió auditiva pendent
pa-015	pa-056	semblança textual provisional	3	bé,doncs,perquè	consens entre dos ASR; revisió auditiva pendent
pa-015	pa-057	semblança textual provisional	3	bé,doncs,perquè	consens entre dos ASR; revisió auditiva pendent
pa-015	pa-058	semblança textual provisional	3	bé,doncs,perquè	consens entre dos ASR; revisió auditiva pendent
pa-015	pa-059	semblança textual provisional	3	bé,doncs,perquè	consens entre dos ASR; revisió auditiva pendent
pa-015	pa-060	semblança textual provisional	3	bé,doncs,perquè	consens entre dos ASR; revisió auditiva pendent
pa-015	pa-061	semblança textual provisional	3	bé,doncs,perquè	consens entre dos ASR; revisió auditiva pendent
pa-015	pa-062	semblança textual provisional	3	bé,doncs,perquè	consens entre dos ASR; revisió auditiva pendent
pa-015	pa-063	semblança textual provisional	3	bé,doncs,perquè	consens entre dos ASR; revisió auditiva pendent
pa-015	pa-064	semblança textual provisional	3	bé,doncs,perquè	consens entre dos ASR; revisió auditiva pendent
pa-015	pa-065	semblança textual provisional	3	bé,doncs,perquè	consens entre dos ASR; revisió auditiva pendent
pa-016	pa-017	semblança textual provisional	9	a nivell,bueno,bé,clar,doncs,evidentment,llavors,perquè,vull dir	consens entre dos ASR; revisió auditiva pendent
pa-016	pa-018	semblança textual provisional	8	a nivell,a veure,bueno,bé,clar,doncs,llavors,perquè	consens entre dos ASR; revisió auditiva pendent
pa-016	pa-019	semblança textual provisional	7	a nivell,bueno,bé,doncs,evidentment,llavors,perquè	consens entre dos ASR; revisió auditiva pendent
pa-016	pa-020	semblança textual provisional	7	a nivell,bueno,bé,clar,evidentment,perquè,vull dir	consens entre dos ASR; revisió auditiva pendent
pa-016	pa-021	semblança textual provisional	8	a veure,bueno,bé,clar,doncs,evidentment,perquè,vull dir	consens entre dos ASR; revisió auditiva pendent
pa-016	pa-022	semblança textual provisional	9	a veure,bueno,bé,clar,de fet,evidentment,llavors,perquè,vull dir	consens entre dos ASR; revisió auditiva pendent
pa-016	pa-023	semblança textual provisional	8	a nivell,a veure,bueno,bé,de fet,llavors,perquè,vull dir	consens entre dos ASR; revisió auditiva pendent
pa-016	pa-025	semblança textual provisional	9	a veure,bueno,bé,clar,de fet,doncs,evidentment,perquè,vull dir	consens entre dos ASR; revisió auditiva pendent
pa-016	pa-026	semblança textual provisional	10	a nivell,a veure,bueno,bé,clar,doncs,evidentment,llavors,perquè,vull dir	consens entre dos ASR; revisió auditiva pendent
pa-016	pa-027	semblança textual provisional	9	bueno,bé,clar,de fet,doncs,evidentment,llavors,perquè,vull dir	consens entre dos ASR; revisió auditiva pendent
pa-016	pa-028	semblança textual provisional	7	bueno,bé,clar,de fet,doncs,llavors,perquè	consens entre dos ASR; revisió auditiva pendent
pa-016	pa-029	semblança textual provisional	7	a nivell,bueno,bé,clar,doncs,llavors,perquè	consens entre dos ASR; revisió auditiva pendent
pa-016	pa-030	semblança textual provisional	7	a veure,bueno,bé,clar,evidentment,perquè,vull dir	consens entre dos ASR; revisió auditiva pendent
pa-016	pa-031	semblança textual provisional	7	a veure,bueno,bé,clar,de fet,perquè,vull dir	consens entre dos ASR; revisió auditiva pendent
pa-016	pa-032	semblança textual provisional	6	bueno,bé,clar,doncs,llavors,perquè	consens entre dos ASR; revisió auditiva pendent
pa-016	pa-033	semblança textual provisional	5	bé,clar,doncs,perquè,vull dir	consens entre dos ASR; revisió auditiva pendent
pa-016	pa-034	semblança textual provisional	9	a nivell,a veure,bueno,bé,clar,doncs,llavors,perquè,vull dir	consens entre dos ASR; revisió auditiva pendent
pa-016	pa-035	semblança textual provisional	6	bueno,bé,clar,doncs,evidentment,perquè	consens entre dos ASR; revisió auditiva pendent
pa-016	pa-036	semblança textual provisional	10	a nivell,a veure,bueno,bé,clar,doncs,evidentment,llavors,perquè,vull dir	consens entre dos ASR; revisió auditiva pendent
pa-016	pa-037	semblança textual provisional	7	bueno,bé,clar,doncs,llavors,perquè,vull dir	consens entre dos ASR; revisió auditiva pendent
pa-016	pa-038	semblança textual provisional	8	a nivell,bueno,bé,clar,doncs,llavors,perquè,vull dir	consens entre dos ASR; revisió auditiva pendent
pa-016	pa-039	semblança textual provisional	6	bueno,bé,clar,doncs,evidentment,perquè	consens entre dos ASR; revisió auditiva pendent
pa-016	pa-040	semblança textual provisional	5	bé,de fet,doncs,evidentment,perquè	consens entre dos ASR; revisió auditiva pendent
pa-016	pa-041	semblança textual provisional	9	a veure,bueno,bé,clar,doncs,evidentment,llavors,perquè,vull dir	consens entre dos ASR; revisió auditiva pendent
pa-016	pa-045	semblança textual provisional	8	a veure,bueno,bé,clar,doncs,evidentment,llavors,perquè	consens entre dos ASR; revisió auditiva pendent
pa-016	pa-046	semblança textual provisional	6	bueno,bé,clar,doncs,evidentment,perquè	consens entre dos ASR; revisió auditiva pendent
pa-016	pa-048	semblança textual provisional	8	a nivell,a veure,bueno,bé,clar,llavors,perquè,vull dir	consens entre dos ASR; revisió auditiva pendent
pa-016	pa-049	semblança textual provisional	9	a nivell,a veure,bueno,bé,clar,evidentment,llavors,perquè,vull dir	consens entre dos ASR; revisió auditiva pendent
pa-016	pa-055	semblança textual provisional	9	a nivell,a veure,bueno,bé,clar,doncs,evidentment,llavors,perquè	consens entre dos ASR; revisió auditiva pendent
pa-016	pa-056	semblança textual provisional	8	a veure,bueno,bé,clar,doncs,evidentment,perquè,vull dir	consens entre dos ASR; revisió auditiva pendent
pa-016	pa-057	semblança textual provisional	7	a nivell,bueno,bé,de fet,doncs,llavors,perquè	consens entre dos ASR; revisió auditiva pendent
pa-016	pa-058	semblança textual provisional	9	a nivell,a veure,bueno,bé,clar,doncs,llavors,perquè,vull dir	consens entre dos ASR; revisió auditiva pendent
pa-016	pa-059	semblança textual provisional	9	a nivell,bueno,bé,clar,doncs,evidentment,llavors,perquè,vull dir	consens entre dos ASR; revisió auditiva pendent
pa-016	pa-060	semblança textual provisional	8	a nivell,a veure,bueno,bé,de fet,doncs,perquè,vull dir	consens entre dos ASR; revisió auditiva pendent
pa-016	pa-061	semblança textual provisional	10	a nivell,a veure,bueno,bé,clar,doncs,evidentment,llavors,perquè,vull dir	consens entre dos ASR; revisió auditiva pendent
pa-016	pa-062	semblança textual provisional	7	bueno,bé,clar,doncs,evidentment,perquè,vull dir	consens entre dos ASR; revisió auditiva pendent
pa-016	pa-063	semblança textual provisional	7	a nivell,a veure,bé,clar,doncs,llavors,perquè	consens entre dos ASR; revisió auditiva pendent
pa-016	pa-064	semblança textual provisional	7	a veure,bé,clar,doncs,evidentment,llavors,perquè	consens entre dos ASR; revisió auditiva pendent
pa-016	pa-065	semblança textual provisional	8	a veure,bueno,bé,clar,doncs,llavors,perquè,vull dir	consens entre dos ASR; revisió auditiva pendent
pa-016	pa-066	semblança textual provisional	7	a nivell,bueno,bé,de fet,evidentment,llavors,perquè	consens entre dos ASR; revisió auditiva pendent
pa-017	pa-018	semblança textual provisional	8	a nivell,bueno,bé,clar,doncs,llavors,perquè,és a dir	consens entre dos ASR; revisió auditiva pendent
pa-017	pa-019	semblança textual provisional	8	a nivell,bueno,bé,doncs,evidentment,llavors,perquè,és a dir	consens entre dos ASR; revisió auditiva pendent
pa-017	pa-020	semblança textual provisional	8	a nivell,bueno,bé,clar,evidentment,perquè,tirar endavant,vull dir	consens entre dos ASR; revisió auditiva pendent
pa-017	pa-021	semblança textual provisional	8	bueno,bé,clar,doncs,evidentment,perquè,vull dir,és a dir	consens entre dos ASR; revisió auditiva pendent
pa-017	pa-022	semblança textual provisional	8	bueno,bé,clar,evidentment,llavors,perquè,vull dir,és a dir	consens entre dos ASR; revisió auditiva pendent
pa-017	pa-023	semblança textual provisional	7	a nivell,bueno,bé,llavors,perquè,vull dir,és a dir	consens entre dos ASR; revisió auditiva pendent
pa-017	pa-025	semblança textual provisional	8	bueno,bé,clar,doncs,evidentment,perquè,vull dir,és a dir	consens entre dos ASR; revisió auditiva pendent
pa-017	pa-026	semblança textual provisional	10	a nivell,bueno,bé,clar,doncs,evidentment,llavors,perquè,vull dir,és a dir	consens entre dos ASR; revisió auditiva pendent
pa-017	pa-027	semblança textual provisional	9	bueno,bé,clar,doncs,evidentment,llavors,perquè,vull dir,és a dir	consens entre dos ASR; revisió auditiva pendent
pa-017	pa-028	semblança textual provisional	6	bueno,bé,clar,doncs,llavors,perquè	consens entre dos ASR; revisió auditiva pendent
pa-017	pa-029	semblança textual provisional	8	a nivell,bueno,bé,clar,doncs,llavors,perquè,tirar endavant	consens entre dos ASR; revisió auditiva pendent
pa-017	pa-030	semblança textual provisional	7	bueno,bé,clar,evidentment,perquè,vull dir,és a dir	consens entre dos ASR; revisió auditiva pendent
pa-017	pa-031	semblança textual provisional	5	bueno,bé,clar,perquè,vull dir	consens entre dos ASR; revisió auditiva pendent
pa-017	pa-032	semblança textual provisional	6	bueno,bé,clar,doncs,llavors,perquè	consens entre dos ASR; revisió auditiva pendent
pa-017	pa-033	semblança textual provisional	6	bé,clar,doncs,perquè,vull dir,és a dir	consens entre dos ASR; revisió auditiva pendent
pa-017	pa-034	semblança textual provisional	10	a nivell,bueno,bé,clar,doncs,llavors,perquè,tirar endavant,vull dir,és a dir	consens entre dos ASR; revisió auditiva pendent
pa-017	pa-035	semblança textual provisional	7	bueno,bé,clar,doncs,evidentment,perquè,és a dir	consens entre dos ASR; revisió auditiva pendent
pa-017	pa-036	semblança textual provisional	9	a nivell,bueno,bé,clar,doncs,evidentment,llavors,perquè,vull dir	consens entre dos ASR; revisió auditiva pendent
pa-017	pa-037	semblança textual provisional	7	bueno,bé,clar,doncs,llavors,perquè,vull dir	consens entre dos ASR; revisió auditiva pendent
pa-017	pa-038	semblança textual provisional	8	a nivell,bueno,bé,clar,doncs,llavors,perquè,vull dir	consens entre dos ASR; revisió auditiva pendent
pa-017	pa-039	semblança textual provisional	6	bueno,bé,clar,doncs,evidentment,perquè	consens entre dos ASR; revisió auditiva pendent
pa-017	pa-040	semblança textual provisional	4	bé,doncs,evidentment,perquè	consens entre dos ASR; revisió auditiva pendent
pa-017	pa-041	semblança textual provisional	9	bueno,bé,clar,doncs,evidentment,llavors,perquè,vull dir,és a dir	consens entre dos ASR; revisió auditiva pendent
pa-017	pa-043	semblança textual provisional	3	bueno,doncs,és a dir	consens entre dos ASR; revisió auditiva pendent
pa-017	pa-045	semblança textual provisional	7	bueno,bé,clar,doncs,evidentment,llavors,perquè	consens entre dos ASR; revisió auditiva pendent
pa-017	pa-046	semblança textual provisional	6	bueno,bé,clar,doncs,evidentment,perquè	consens entre dos ASR; revisió auditiva pendent
pa-017	pa-048	semblança textual provisional	8	a nivell,bueno,bé,clar,llavors,perquè,vull dir,és a dir	consens entre dos ASR; revisió auditiva pendent
pa-017	pa-049	semblança textual provisional	8	a nivell,bueno,bé,clar,evidentment,llavors,perquè,vull dir	consens entre dos ASR; revisió auditiva pendent
pa-017	pa-055	semblança textual provisional	9	a nivell,bueno,bé,clar,doncs,evidentment,llavors,perquè,és a dir	consens entre dos ASR; revisió auditiva pendent
pa-017	pa-056	semblança textual provisional	9	bueno,bé,clar,doncs,evidentment,perquè,tirar endavant,vull dir,és a dir	consens entre dos ASR; revisió auditiva pendent
pa-017	pa-057	semblança textual provisional	7	a nivell,bueno,bé,doncs,llavors,perquè,és a dir	consens entre dos ASR; revisió auditiva pendent
pa-017	pa-058	semblança textual provisional	9	a nivell,bueno,bé,clar,doncs,llavors,perquè,vull dir,és a dir	consens entre dos ASR; revisió auditiva pendent
pa-017	pa-059	semblança textual provisional	11	a nivell,bueno,bé,clar,doncs,evidentment,llavors,perquè,tirar endavant,vull dir,és a dir	consens entre dos ASR; revisió auditiva pendent
pa-017	pa-060	semblança textual provisional	7	a nivell,bueno,bé,doncs,perquè,vull dir,és a dir	consens entre dos ASR; revisió auditiva pendent
pa-017	pa-061	semblança textual provisional	9	a nivell,bueno,bé,clar,doncs,evidentment,llavors,perquè,vull dir	consens entre dos ASR; revisió auditiva pendent
pa-017	pa-062	semblança textual provisional	8	bueno,bé,clar,doncs,evidentment,perquè,vull dir,és a dir	consens entre dos ASR; revisió auditiva pendent
pa-017	pa-063	semblança textual provisional	6	a nivell,bé,clar,doncs,llavors,perquè	consens entre dos ASR; revisió auditiva pendent
pa-017	pa-064	semblança textual provisional	7	bé,clar,doncs,evidentment,llavors,perquè,és a dir	consens entre dos ASR; revisió auditiva pendent
pa-017	pa-065	semblança textual provisional	8	bueno,bé,clar,doncs,llavors,perquè,vull dir,és a dir	consens entre dos ASR; revisió auditiva pendent
pa-017	pa-066	semblança textual provisional	6	a nivell,bueno,bé,evidentment,llavors,perquè	consens entre dos ASR; revisió auditiva pendent
pa-018	pa-019	semblança textual provisional	9	a nivell,bueno,bé,crec,diguem,doncs,llavors,perquè,és a dir	consens entre dos ASR; revisió auditiva pendent
pa-018	pa-020	semblança textual provisional	5	a nivell,bueno,bé,clar,perquè	consens entre dos ASR; revisió auditiva pendent
pa-018	pa-021	semblança textual provisional	8	a veure,bueno,bé,clar,crec,doncs,perquè,és a dir	consens entre dos ASR; revisió auditiva pendent
pa-018	pa-022	semblança textual provisional	8	a veure,bueno,bé,clar,crec,llavors,perquè,és a dir	consens entre dos ASR; revisió auditiva pendent
pa-018	pa-023	semblança textual provisional	8	a nivell,a veure,bueno,bé,crec,llavors,perquè,és a dir	consens entre dos ASR; revisió auditiva pendent
pa-018	pa-025	semblança textual provisional	9	a veure,bueno,bé,clar,crec,diguem,doncs,perquè,és a dir	consens entre dos ASR; revisió auditiva pendent
pa-018	pa-026	semblança textual provisional	9	a nivell,a veure,bueno,bé,clar,doncs,llavors,perquè,és a dir	consens entre dos ASR; revisió auditiva pendent
pa-018	pa-027	semblança textual provisional	9	bueno,bé,clar,crec,diguem,doncs,llavors,perquè,és a dir	consens entre dos ASR; revisió auditiva pendent
pa-018	pa-028	semblança textual provisional	7	bueno,bé,clar,diguem,doncs,llavors,perquè	consens entre dos ASR; revisió auditiva pendent
pa-018	pa-029	semblança textual provisional	8	a nivell,bueno,bé,clar,diguem,doncs,llavors,perquè	consens entre dos ASR; revisió auditiva pendent
pa-018	pa-030	semblança textual provisional	7	a veure,bueno,bé,clar,crec,perquè,és a dir	consens entre dos ASR; revisió auditiva pendent
pa-018	pa-031	semblança textual provisional	6	a veure,bueno,bé,clar,crec,perquè	consens entre dos ASR; revisió auditiva pendent
pa-018	pa-032	semblança textual provisional	6	bueno,bé,clar,doncs,llavors,perquè	consens entre dos ASR; revisió auditiva pendent
pa-018	pa-033	semblança textual provisional	6	bé,clar,diguem,doncs,perquè,és a dir	consens entre dos ASR; revisió auditiva pendent
pa-018	pa-034	semblança textual provisional	11	a nivell,a veure,bueno,bé,clar,crec,diguem,doncs,llavors,perquè,és a dir	consens entre dos ASR; revisió auditiva pendent
pa-018	pa-035	semblança textual provisional	7	bueno,bé,clar,crec,doncs,perquè,és a dir	consens entre dos ASR; revisió auditiva pendent
pa-018	pa-036	semblança textual provisional	8	a nivell,a veure,bueno,bé,clar,doncs,llavors,perquè	consens entre dos ASR; revisió auditiva pendent
pa-018	pa-037	semblança textual provisional	7	bueno,bé,clar,diguem,doncs,llavors,perquè	consens entre dos ASR; revisió auditiva pendent
pa-018	pa-038	semblança textual provisional	9	a nivell,bueno,bé,clar,crec,diguem,doncs,llavors,perquè	consens entre dos ASR; revisió auditiva pendent
pa-018	pa-039	semblança textual provisional	7	bueno,bé,clar,crec,diguem,doncs,perquè	consens entre dos ASR; revisió auditiva pendent
pa-018	pa-040	semblança textual provisional	4	bé,crec,doncs,perquè	consens entre dos ASR; revisió auditiva pendent
pa-018	pa-041	semblança textual provisional	9	a veure,bueno,bé,clar,crec,doncs,llavors,perquè,és a dir	consens entre dos ASR; revisió auditiva pendent
pa-018	pa-042	semblança textual provisional	3	clar,crec,perquè	consens entre dos ASR; revisió auditiva pendent
pa-018	pa-043	semblança textual provisional	4	bueno,crec,doncs,és a dir	consens entre dos ASR; revisió auditiva pendent
pa-018	pa-045	semblança textual provisional	8	a veure,bueno,bé,clar,crec,doncs,llavors,perquè	consens entre dos ASR; revisió auditiva pendent
pa-018	pa-046	semblança textual provisional	7	bueno,bé,clar,crec,diguem,doncs,perquè	consens entre dos ASR; revisió auditiva pendent
pa-018	pa-048	semblança textual provisional	9	a nivell,a veure,bueno,bé,clar,crec,llavors,perquè,és a dir	consens entre dos ASR; revisió auditiva pendent
pa-018	pa-049	semblança textual provisional	9	a nivell,a veure,bueno,bé,clar,crec,diguem,llavors,perquè	consens entre dos ASR; revisió auditiva pendent
pa-018	pa-055	semblança textual provisional	9	a nivell,a veure,bueno,bé,clar,doncs,llavors,perquè,és a dir	consens entre dos ASR; revisió auditiva pendent
pa-018	pa-056	semblança textual provisional	8	a veure,bueno,bé,clar,crec,doncs,perquè,és a dir	consens entre dos ASR; revisió auditiva pendent
pa-018	pa-057	semblança textual provisional	8	a nivell,bueno,bé,diguem,doncs,llavors,perquè,és a dir	consens entre dos ASR; revisió auditiva pendent
pa-018	pa-058	semblança textual provisional	11	a nivell,a veure,bueno,bé,clar,crec,diguem,doncs,llavors,perquè,és a dir	consens entre dos ASR; revisió auditiva pendent
pa-018	pa-059	semblança textual provisional	8	a nivell,bueno,bé,clar,doncs,llavors,perquè,és a dir	consens entre dos ASR; revisió auditiva pendent
pa-018	pa-060	semblança textual provisional	8	a nivell,a veure,bueno,bé,crec,doncs,perquè,és a dir	consens entre dos ASR; revisió auditiva pendent
pa-018	pa-061	semblança textual provisional	9	a nivell,a veure,bueno,bé,clar,crec,doncs,llavors,perquè	consens entre dos ASR; revisió auditiva pendent
pa-018	pa-062	semblança textual provisional	8	bueno,bé,clar,crec,diguem,doncs,perquè,és a dir	consens entre dos ASR; revisió auditiva pendent
pa-018	pa-063	semblança textual provisional	8	a nivell,a veure,bé,clar,crec,doncs,llavors,perquè	consens entre dos ASR; revisió auditiva pendent
pa-018	pa-064	semblança textual provisional	8	a veure,bé,clar,crec,doncs,llavors,perquè,és a dir	consens entre dos ASR; revisió auditiva pendent
pa-018	pa-065	semblança textual provisional	9	a veure,bueno,bé,clar,crec,doncs,llavors,perquè,és a dir	consens entre dos ASR; revisió auditiva pendent
pa-018	pa-066	semblança textual provisional	6	a nivell,bueno,bé,crec,llavors,perquè	consens entre dos ASR; revisió auditiva pendent
pa-019	pa-020	semblança textual provisional	5	a nivell,bueno,bé,evidentment,perquè	consens entre dos ASR; revisió auditiva pendent
pa-019	pa-021	semblança textual provisional	7	bueno,bé,crec,doncs,evidentment,perquè,és a dir	consens entre dos ASR; revisió auditiva pendent
pa-019	pa-022	semblança textual provisional	7	bueno,bé,crec,evidentment,llavors,perquè,és a dir	consens entre dos ASR; revisió auditiva pendent
pa-019	pa-023	semblança textual provisional	7	a nivell,bueno,bé,crec,llavors,perquè,és a dir	consens entre dos ASR; revisió auditiva pendent
pa-019	pa-025	semblança textual provisional	8	bueno,bé,crec,diguem,doncs,evidentment,perquè,és a dir	consens entre dos ASR; revisió auditiva pendent
pa-019	pa-026	semblança textual provisional	8	a nivell,bueno,bé,doncs,evidentment,llavors,perquè,és a dir	consens entre dos ASR; revisió auditiva pendent
pa-019	pa-027	semblança textual provisional	9	bueno,bé,crec,diguem,doncs,evidentment,llavors,perquè,és a dir	consens entre dos ASR; revisió auditiva pendent
pa-019	pa-028	semblança textual provisional	6	bueno,bé,diguem,doncs,llavors,perquè	consens entre dos ASR; revisió auditiva pendent
pa-019	pa-029	semblança textual provisional	7	a nivell,bueno,bé,diguem,doncs,llavors,perquè	consens entre dos ASR; revisió auditiva pendent
pa-019	pa-030	semblança textual provisional	6	bueno,bé,crec,evidentment,perquè,és a dir	consens entre dos ASR; revisió auditiva pendent
pa-019	pa-031	semblança textual provisional	4	bueno,bé,crec,perquè	consens entre dos ASR; revisió auditiva pendent
pa-019	pa-032	semblança textual provisional	5	bueno,bé,doncs,llavors,perquè	consens entre dos ASR; revisió auditiva pendent
pa-019	pa-033	semblança textual provisional	5	bé,diguem,doncs,perquè,és a dir	consens entre dos ASR; revisió auditiva pendent
pa-019	pa-034	semblança textual provisional	9	a nivell,bueno,bé,crec,diguem,doncs,llavors,perquè,és a dir	consens entre dos ASR; revisió auditiva pendent
pa-019	pa-035	semblança textual provisional	7	bueno,bé,crec,doncs,evidentment,perquè,és a dir	consens entre dos ASR; revisió auditiva pendent
pa-019	pa-036	semblança textual provisional	7	a nivell,bueno,bé,doncs,evidentment,llavors,perquè	consens entre dos ASR; revisió auditiva pendent
pa-019	pa-037	semblança textual provisional	6	bueno,bé,diguem,doncs,llavors,perquè	consens entre dos ASR; revisió auditiva pendent
pa-019	pa-038	semblança textual provisional	8	a nivell,bueno,bé,crec,diguem,doncs,llavors,perquè	consens entre dos ASR; revisió auditiva pendent
pa-019	pa-039	semblança textual provisional	7	bueno,bé,crec,diguem,doncs,evidentment,perquè	consens entre dos ASR; revisió auditiva pendent
pa-019	pa-040	semblança textual provisional	5	bé,crec,doncs,evidentment,perquè	consens entre dos ASR; revisió auditiva pendent
pa-019	pa-041	semblança textual provisional	8	bueno,bé,crec,doncs,evidentment,llavors,perquè,és a dir	consens entre dos ASR; revisió auditiva pendent
pa-019	pa-043	semblança textual provisional	4	bueno,crec,doncs,és a dir	consens entre dos ASR; revisió auditiva pendent
pa-019	pa-045	semblança textual provisional	7	bueno,bé,crec,doncs,evidentment,llavors,perquè	consens entre dos ASR; revisió auditiva pendent
pa-019	pa-046	semblança textual provisional	7	bueno,bé,crec,diguem,doncs,evidentment,perquè	consens entre dos ASR; revisió auditiva pendent
pa-019	pa-048	semblança textual provisional	7	a nivell,bueno,bé,crec,llavors,perquè,és a dir	consens entre dos ASR; revisió auditiva pendent
pa-019	pa-049	semblança textual provisional	8	a nivell,bueno,bé,crec,diguem,evidentment,llavors,perquè	consens entre dos ASR; revisió auditiva pendent
pa-019	pa-055	semblança textual provisional	8	a nivell,bueno,bé,doncs,evidentment,llavors,perquè,és a dir	consens entre dos ASR; revisió auditiva pendent
pa-019	pa-056	semblança textual provisional	7	bueno,bé,crec,doncs,evidentment,perquè,és a dir	consens entre dos ASR; revisió auditiva pendent
pa-019	pa-057	semblança textual provisional	8	a nivell,bueno,bé,diguem,doncs,llavors,perquè,és a dir	consens entre dos ASR; revisió auditiva pendent
pa-019	pa-058	semblança textual provisional	9	a nivell,bueno,bé,crec,diguem,doncs,llavors,perquè,és a dir	consens entre dos ASR; revisió auditiva pendent
pa-019	pa-059	semblança textual provisional	8	a nivell,bueno,bé,doncs,evidentment,llavors,perquè,és a dir	consens entre dos ASR; revisió auditiva pendent
pa-019	pa-060	semblança textual provisional	7	a nivell,bueno,bé,crec,doncs,perquè,és a dir	consens entre dos ASR; revisió auditiva pendent
pa-019	pa-061	semblança textual provisional	8	a nivell,bueno,bé,crec,doncs,evidentment,llavors,perquè	consens entre dos ASR; revisió auditiva pendent
pa-019	pa-062	semblança textual provisional	8	bueno,bé,crec,diguem,doncs,evidentment,perquè,és a dir	consens entre dos ASR; revisió auditiva pendent
pa-019	pa-063	semblança textual provisional	6	a nivell,bé,crec,doncs,llavors,perquè	consens entre dos ASR; revisió auditiva pendent
pa-019	pa-064	semblança textual provisional	7	bé,crec,doncs,evidentment,llavors,perquè,és a dir	consens entre dos ASR; revisió auditiva pendent
pa-019	pa-065	semblança textual provisional	7	bueno,bé,crec,doncs,llavors,perquè,és a dir	consens entre dos ASR; revisió auditiva pendent
pa-019	pa-066	semblança textual provisional	7	a nivell,bueno,bé,crec,evidentment,llavors,perquè	consens entre dos ASR; revisió auditiva pendent
pa-020	pa-021	semblança textual provisional	6	bueno,bé,clar,evidentment,perquè,vull dir	consens entre dos ASR; revisió auditiva pendent
pa-020	pa-022	semblança textual provisional	6	bueno,bé,clar,evidentment,perquè,vull dir	consens entre dos ASR; revisió auditiva pendent
pa-020	pa-023	semblança textual provisional	5	a nivell,bueno,bé,perquè,vull dir	consens entre dos ASR; revisió auditiva pendent
pa-020	pa-025	semblança textual provisional	6	bueno,bé,clar,evidentment,perquè,vull dir	consens entre dos ASR; revisió auditiva pendent
pa-020	pa-026	semblança textual provisional	7	a nivell,bueno,bé,clar,evidentment,perquè,vull dir	consens entre dos ASR; revisió auditiva pendent
pa-020	pa-027	semblança textual provisional	6	bueno,bé,clar,evidentment,perquè,vull dir	consens entre dos ASR; revisió auditiva pendent
pa-020	pa-028	semblança textual provisional	4	bueno,bé,clar,perquè	consens entre dos ASR; revisió auditiva pendent
pa-020	pa-029	semblança textual provisional	6	a nivell,bueno,bé,clar,perquè,tirar endavant	consens entre dos ASR; revisió auditiva pendent
pa-020	pa-030	semblança textual provisional	6	bueno,bé,clar,evidentment,perquè,vull dir	consens entre dos ASR; revisió auditiva pendent
pa-020	pa-031	semblança textual provisional	5	bueno,bé,clar,perquè,vull dir	consens entre dos ASR; revisió auditiva pendent
pa-020	pa-032	semblança textual provisional	4	bueno,bé,clar,perquè	consens entre dos ASR; revisió auditiva pendent
pa-020	pa-033	semblança textual provisional	4	bé,clar,perquè,vull dir	consens entre dos ASR; revisió auditiva pendent
pa-020	pa-034	semblança textual provisional	7	a nivell,bueno,bé,clar,perquè,tirar endavant,vull dir	consens entre dos ASR; revisió auditiva pendent
pa-020	pa-035	semblança textual provisional	5	bueno,bé,clar,evidentment,perquè	consens entre dos ASR; revisió auditiva pendent
pa-020	pa-036	semblança textual provisional	7	a nivell,bueno,bé,clar,evidentment,perquè,vull dir	consens entre dos ASR; revisió auditiva pendent
pa-020	pa-037	semblança textual provisional	5	bueno,bé,clar,perquè,vull dir	consens entre dos ASR; revisió auditiva pendent
pa-020	pa-038	semblança textual provisional	6	a nivell,bueno,bé,clar,perquè,vull dir	consens entre dos ASR; revisió auditiva pendent
pa-020	pa-039	semblança textual provisional	5	bueno,bé,clar,evidentment,perquè	consens entre dos ASR; revisió auditiva pendent
pa-020	pa-040	semblança textual provisional	3	bé,evidentment,perquè	consens entre dos ASR; revisió auditiva pendent
pa-020	pa-041	semblança textual provisional	6	bueno,bé,clar,evidentment,perquè,vull dir	consens entre dos ASR; revisió auditiva pendent
pa-020	pa-045	semblança textual provisional	5	bueno,bé,clar,evidentment,perquè	consens entre dos ASR; revisió auditiva pendent
pa-020	pa-046	semblança textual provisional	5	bueno,bé,clar,evidentment,perquè	consens entre dos ASR; revisió auditiva pendent
pa-020	pa-048	semblança textual provisional	6	a nivell,bueno,bé,clar,perquè,vull dir	consens entre dos ASR; revisió auditiva pendent
pa-020	pa-049	semblança textual provisional	8	a nivell,aviam,bueno,bé,clar,evidentment,perquè,vull dir	consens entre dos ASR; revisió auditiva pendent
pa-020	pa-055	semblança textual provisional	6	a nivell,bueno,bé,clar,evidentment,perquè	consens entre dos ASR; revisió auditiva pendent
pa-020	pa-056	semblança textual provisional	7	bueno,bé,clar,evidentment,perquè,tirar endavant,vull dir	consens entre dos ASR; revisió auditiva pendent
pa-020	pa-057	semblança textual provisional	4	a nivell,bueno,bé,perquè	consens entre dos ASR; revisió auditiva pendent
pa-020	pa-058	semblança textual provisional	6	a nivell,bueno,bé,clar,perquè,vull dir	consens entre dos ASR; revisió auditiva pendent
pa-020	pa-059	semblança textual provisional	8	a nivell,bueno,bé,clar,evidentment,perquè,tirar endavant,vull dir	consens entre dos ASR; revisió auditiva pendent
pa-020	pa-060	semblança textual provisional	5	a nivell,bueno,bé,perquè,vull dir	consens entre dos ASR; revisió auditiva pendent
pa-020	pa-061	semblança textual provisional	7	a nivell,bueno,bé,clar,evidentment,perquè,vull dir	consens entre dos ASR; revisió auditiva pendent
pa-020	pa-062	semblança textual provisional	6	bueno,bé,clar,evidentment,perquè,vull dir	consens entre dos ASR; revisió auditiva pendent
pa-020	pa-063	semblança textual provisional	4	a nivell,bé,clar,perquè	consens entre dos ASR; revisió auditiva pendent
pa-020	pa-064	semblança textual provisional	4	bé,clar,evidentment,perquè	consens entre dos ASR; revisió auditiva pendent
pa-020	pa-065	semblança textual provisional	5	bueno,bé,clar,perquè,vull dir	consens entre dos ASR; revisió auditiva pendent
pa-020	pa-066	semblança textual provisional	5	a nivell,bueno,bé,evidentment,perquè	consens entre dos ASR; revisió auditiva pendent
pa-021	pa-022	semblança textual provisional	9	a veure,bueno,bé,clar,crec,evidentment,perquè,vull dir,és a dir	consens entre dos ASR; revisió auditiva pendent
pa-021	pa-023	semblança textual provisional	7	a veure,bueno,bé,crec,perquè,vull dir,és a dir	consens entre dos ASR; revisió auditiva pendent
pa-021	pa-025	semblança textual provisional	10	a veure,bueno,bé,clar,crec,doncs,evidentment,perquè,vull dir,és a dir	consens entre dos ASR; revisió auditiva pendent
pa-021	pa-026	semblança textual provisional	9	a veure,bueno,bé,clar,doncs,evidentment,perquè,vull dir,és a dir	consens entre dos ASR; revisió auditiva pendent
pa-021	pa-027	semblança textual provisional	9	bueno,bé,clar,crec,doncs,evidentment,perquè,vull dir,és a dir	consens entre dos ASR; revisió auditiva pendent
pa-021	pa-028	semblança textual provisional	5	bueno,bé,clar,doncs,perquè	consens entre dos ASR; revisió auditiva pendent
pa-021	pa-029	semblança textual provisional	5	bueno,bé,clar,doncs,perquè	consens entre dos ASR; revisió auditiva pendent
pa-021	pa-030	semblança textual provisional	10	a veure,aleshores,bueno,bé,clar,crec,evidentment,perquè,vull dir,és a dir	consens entre dos ASR; revisió auditiva pendent
pa-021	pa-031	semblança textual provisional	7	a veure,bueno,bé,clar,crec,perquè,vull dir	consens entre dos ASR; revisió auditiva pendent
pa-021	pa-032	semblança textual provisional	5	bueno,bé,clar,doncs,perquè	consens entre dos ASR; revisió auditiva pendent
pa-021	pa-033	semblança textual provisional	6	bé,clar,doncs,perquè,vull dir,és a dir	consens entre dos ASR; revisió auditiva pendent
pa-021	pa-034	semblança textual provisional	9	a veure,bueno,bé,clar,crec,doncs,perquè,vull dir,és a dir	consens entre dos ASR; revisió auditiva pendent
pa-021	pa-035	semblança textual provisional	8	bueno,bé,clar,crec,doncs,evidentment,perquè,és a dir	consens entre dos ASR; revisió auditiva pendent
pa-021	pa-036	semblança textual provisional	8	a veure,bueno,bé,clar,doncs,evidentment,perquè,vull dir	consens entre dos ASR; revisió auditiva pendent
pa-021	pa-037	semblança textual provisional	6	bueno,bé,clar,doncs,perquè,vull dir	consens entre dos ASR; revisió auditiva pendent
pa-021	pa-038	semblança textual provisional	7	bueno,bé,clar,crec,doncs,perquè,vull dir	consens entre dos ASR; revisió auditiva pendent
pa-021	pa-039	semblança textual provisional	7	bueno,bé,clar,crec,doncs,evidentment,perquè	consens entre dos ASR; revisió auditiva pendent
pa-021	pa-040	semblança textual provisional	5	bé,crec,doncs,evidentment,perquè	consens entre dos ASR; revisió auditiva pendent
pa-021	pa-041	semblança textual provisional	10	a veure,bueno,bé,clar,crec,doncs,evidentment,perquè,vull dir,és a dir	consens entre dos ASR; revisió auditiva pendent
pa-021	pa-042	semblança textual provisional	3	clar,crec,perquè	consens entre dos ASR; revisió auditiva pendent
pa-021	pa-043	semblança textual provisional	4	bueno,crec,doncs,és a dir	consens entre dos ASR; revisió auditiva pendent
pa-021	pa-045	semblança textual provisional	9	a veure,aleshores,bueno,bé,clar,crec,doncs,evidentment,perquè	consens entre dos ASR; revisió auditiva pendent
pa-021	pa-046	semblança textual provisional	7	bueno,bé,clar,crec,doncs,evidentment,perquè	consens entre dos ASR; revisió auditiva pendent
pa-021	pa-048	semblança textual provisional	8	a veure,bueno,bé,clar,crec,perquè,vull dir,és a dir	consens entre dos ASR; revisió auditiva pendent
pa-021	pa-049	semblança textual provisional	9	a veure,aleshores,bueno,bé,clar,crec,evidentment,perquè,vull dir	consens entre dos ASR; revisió auditiva pendent
pa-021	pa-055	semblança textual provisional	8	a veure,bueno,bé,clar,doncs,evidentment,perquè,és a dir	consens entre dos ASR; revisió auditiva pendent
pa-021	pa-056	semblança textual provisional	10	a veure,bueno,bé,clar,crec,doncs,evidentment,perquè,vull dir,és a dir	consens entre dos ASR; revisió auditiva pendent
pa-021	pa-057	semblança textual provisional	5	bueno,bé,doncs,perquè,és a dir	consens entre dos ASR; revisió auditiva pendent
pa-021	pa-058	semblança textual provisional	9	a veure,bueno,bé,clar,crec,doncs,perquè,vull dir,és a dir	consens entre dos ASR; revisió auditiva pendent
pa-021	pa-059	semblança textual provisional	8	bueno,bé,clar,doncs,evidentment,perquè,vull dir,és a dir	consens entre dos ASR; revisió auditiva pendent
pa-021	pa-060	semblança textual provisional	8	a veure,bueno,bé,crec,doncs,perquè,vull dir,és a dir	consens entre dos ASR; revisió auditiva pendent
pa-021	pa-061	semblança textual provisional	9	a veure,bueno,bé,clar,crec,doncs,evidentment,perquè,vull dir	consens entre dos ASR; revisió auditiva pendent
pa-021	pa-062	semblança textual provisional	9	bueno,bé,clar,crec,doncs,evidentment,perquè,vull dir,és a dir	consens entre dos ASR; revisió auditiva pendent
pa-021	pa-063	semblança textual provisional	7	a veure,aleshores,bé,clar,crec,doncs,perquè	consens entre dos ASR; revisió auditiva pendent
pa-021	pa-064	semblança textual provisional	8	a veure,bé,clar,crec,doncs,evidentment,perquè,és a dir	consens entre dos ASR; revisió auditiva pendent
pa-021	pa-065	semblança textual provisional	10	a veure,aleshores,bueno,bé,clar,crec,doncs,perquè,vull dir,és a dir	consens entre dos ASR; revisió auditiva pendent
pa-021	pa-066	semblança textual provisional	5	bueno,bé,crec,evidentment,perquè	consens entre dos ASR; revisió auditiva pendent
pa-022	pa-023	semblança textual provisional	9	a veure,bueno,bé,crec,de fet,llavors,perquè,vull dir,és a dir	consens entre dos ASR; revisió auditiva pendent
pa-022	pa-025	semblança textual provisional	11	a veure,bueno,bé,clar,crec,de fet,evidentment,perquè,reformeta,vull dir,és a dir	consens entre dos ASR; revisió auditiva pendent
pa-022	pa-026	semblança textual provisional	11	a veure,bueno,bé,clar,evidentment,llavors,o sigui,perquè,reformeta,vull dir,és a dir	consens entre dos ASR; revisió auditiva pendent
pa-022	pa-027	semblança textual provisional	10	bueno,bé,clar,crec,de fet,evidentment,llavors,perquè,vull dir,és a dir	consens entre dos ASR; revisió auditiva pendent
pa-022	pa-028	semblança textual provisional	6	bueno,bé,clar,de fet,llavors,perquè	consens entre dos ASR; revisió auditiva pendent
pa-022	pa-029	semblança textual provisional	5	bueno,bé,clar,llavors,perquè	consens entre dos ASR; revisió auditiva pendent
pa-022	pa-030	semblança textual provisional	9	a veure,bueno,bé,clar,crec,evidentment,perquè,vull dir,és a dir	consens entre dos ASR; revisió auditiva pendent
pa-022	pa-031	semblança textual provisional	8	a veure,bueno,bé,clar,crec,de fet,perquè,vull dir	consens entre dos ASR; revisió auditiva pendent
pa-022	pa-032	semblança textual provisional	5	bueno,bé,clar,llavors,perquè	consens entre dos ASR; revisió auditiva pendent
pa-022	pa-033	semblança textual provisional	5	bé,clar,perquè,vull dir,és a dir	consens entre dos ASR; revisió auditiva pendent
pa-022	pa-034	semblança textual provisional	10	a veure,bueno,bé,clar,crec,llavors,perquè,reformeta,vull dir,és a dir	consens entre dos ASR; revisió auditiva pendent
pa-022	pa-035	semblança textual provisional	7	bueno,bé,clar,crec,evidentment,perquè,és a dir	consens entre dos ASR; revisió auditiva pendent
pa-022	pa-036	semblança textual provisional	8	a veure,bueno,bé,clar,evidentment,llavors,perquè,vull dir	consens entre dos ASR; revisió auditiva pendent
pa-022	pa-037	semblança textual provisional	6	bueno,bé,clar,llavors,perquè,vull dir	consens entre dos ASR; revisió auditiva pendent
pa-022	pa-038	semblança textual provisional	9	bueno,bé,clar,crec,llavors,o sigui,perquè,reformeta,vull dir	consens entre dos ASR; revisió auditiva pendent
pa-022	pa-039	semblança textual provisional	6	bueno,bé,clar,crec,evidentment,perquè	consens entre dos ASR; revisió auditiva pendent
pa-022	pa-040	semblança textual provisional	5	bé,crec,de fet,evidentment,perquè	consens entre dos ASR; revisió auditiva pendent
pa-022	pa-041	semblança textual provisional	10	a veure,bueno,bé,clar,crec,evidentment,llavors,perquè,vull dir,és a dir	consens entre dos ASR; revisió auditiva pendent
pa-022	pa-042	semblança textual provisional	3	clar,crec,perquè	consens entre dos ASR; revisió auditiva pendent
pa-022	pa-043	semblança textual provisional	3	bueno,crec,és a dir	consens entre dos ASR; revisió auditiva pendent
pa-022	pa-045	semblança textual provisional	9	a veure,bueno,bé,clar,crec,evidentment,llavors,o sigui,perquè	consens entre dos ASR; revisió auditiva pendent
pa-022	pa-046	semblança textual provisional	7	bueno,bé,clar,crec,evidentment,o sigui,perquè	consens entre dos ASR; revisió auditiva pendent
pa-022	pa-048	semblança textual provisional	10	a veure,bueno,bé,clar,crec,llavors,o sigui,perquè,vull dir,és a dir	consens entre dos ASR; revisió auditiva pendent
pa-022	pa-049	semblança textual provisional	10	a veure,bueno,bé,clar,crec,evidentment,llavors,o sigui,perquè,vull dir	consens entre dos ASR; revisió auditiva pendent
pa-022	pa-055	semblança textual provisional	10	a veure,bueno,bé,clar,evidentment,llavors,o sigui,perquè,reformeta,és a dir	consens entre dos ASR; revisió auditiva pendent
pa-022	pa-056	semblança textual provisional	10	a veure,bueno,bé,clar,crec,evidentment,o sigui,perquè,vull dir,és a dir	consens entre dos ASR; revisió auditiva pendent
pa-022	pa-057	semblança textual provisional	6	bueno,bé,de fet,llavors,perquè,és a dir	consens entre dos ASR; revisió auditiva pendent
pa-022	pa-058	semblança textual provisional	9	a veure,bueno,bé,clar,crec,llavors,perquè,vull dir,és a dir	consens entre dos ASR; revisió auditiva pendent
pa-022	pa-059	semblança textual provisional	8	bueno,bé,clar,evidentment,llavors,perquè,vull dir,és a dir	consens entre dos ASR; revisió auditiva pendent
pa-022	pa-060	semblança textual provisional	8	a veure,bueno,bé,crec,de fet,perquè,vull dir,és a dir	consens entre dos ASR; revisió auditiva pendent
pa-022	pa-061	semblança textual provisional	10	a veure,bueno,bé,clar,crec,evidentment,llavors,o sigui,perquè,vull dir	consens entre dos ASR; revisió auditiva pendent
pa-022	pa-062	semblança textual provisional	9	bueno,bé,clar,crec,evidentment,o sigui,perquè,vull dir,és a dir	consens entre dos ASR; revisió auditiva pendent
pa-022	pa-063	semblança textual provisional	7	a veure,bé,clar,crec,llavors,o sigui,perquè	consens entre dos ASR; revisió auditiva pendent
pa-022	pa-064	semblança textual provisional	9	a veure,bé,clar,crec,evidentment,llavors,o sigui,perquè,és a dir	consens entre dos ASR; revisió auditiva pendent
pa-022	pa-065	semblança textual provisional	10	a veure,bueno,bé,clar,crec,llavors,o sigui,perquè,vull dir,és a dir	consens entre dos ASR; revisió auditiva pendent
pa-022	pa-066	semblança textual provisional	7	bueno,bé,crec,de fet,evidentment,llavors,perquè	consens entre dos ASR; revisió auditiva pendent
pa-023	pa-025	semblança textual provisional	8	a veure,bueno,bé,crec,de fet,perquè,vull dir,és a dir	consens entre dos ASR; revisió auditiva pendent
pa-023	pa-026	semblança textual provisional	8	a nivell,a veure,bueno,bé,llavors,perquè,vull dir,és a dir	consens entre dos ASR; revisió auditiva pendent
pa-023	pa-027	semblança textual provisional	8	bueno,bé,crec,de fet,llavors,perquè,vull dir,és a dir	consens entre dos ASR; revisió auditiva pendent
pa-023	pa-028	semblança textual provisional	5	bueno,bé,de fet,llavors,perquè	consens entre dos ASR; revisió auditiva pendent
pa-023	pa-029	semblança textual provisional	5	a nivell,bueno,bé,llavors,perquè	consens entre dos ASR; revisió auditiva pendent
pa-023	pa-030	semblança textual provisional	7	a veure,bueno,bé,crec,perquè,vull dir,és a dir	consens entre dos ASR; revisió auditiva pendent
pa-023	pa-031	semblança textual provisional	7	a veure,bueno,bé,crec,de fet,perquè,vull dir	consens entre dos ASR; revisió auditiva pendent
pa-023	pa-032	semblança textual provisional	4	bueno,bé,llavors,perquè	consens entre dos ASR; revisió auditiva pendent
pa-023	pa-033	semblança textual provisional	4	bé,perquè,vull dir,és a dir	consens entre dos ASR; revisió auditiva pendent
pa-023	pa-034	semblança textual provisional	9	a nivell,a veure,bueno,bé,crec,llavors,perquè,vull dir,és a dir	consens entre dos ASR; revisió auditiva pendent
pa-023	pa-035	semblança textual provisional	5	bueno,bé,crec,perquè,és a dir	consens entre dos ASR; revisió auditiva pendent
pa-023	pa-036	semblança textual provisional	7	a nivell,a veure,bueno,bé,llavors,perquè,vull dir	consens entre dos ASR; revisió auditiva pendent
pa-023	pa-037	semblança textual provisional	5	bueno,bé,llavors,perquè,vull dir	consens entre dos ASR; revisió auditiva pendent
pa-023	pa-038	semblança textual provisional	7	a nivell,bueno,bé,crec,llavors,perquè,vull dir	consens entre dos ASR; revisió auditiva pendent
pa-023	pa-039	semblança textual provisional	4	bueno,bé,crec,perquè	consens entre dos ASR; revisió auditiva pendent
pa-023	pa-040	semblança textual provisional	4	bé,crec,de fet,perquè	consens entre dos ASR; revisió auditiva pendent
pa-023	pa-041	semblança textual provisional	8	a veure,bueno,bé,crec,llavors,perquè,vull dir,és a dir	consens entre dos ASR; revisió auditiva pendent
pa-023	pa-043	semblança textual provisional	3	bueno,crec,és a dir	consens entre dos ASR; revisió auditiva pendent
pa-023	pa-045	semblança textual provisional	6	a veure,bueno,bé,crec,llavors,perquè	consens entre dos ASR; revisió auditiva pendent
pa-023	pa-046	semblança textual provisional	4	bueno,bé,crec,perquè	consens entre dos ASR; revisió auditiva pendent
pa-023	pa-048	semblança textual provisional	9	a nivell,a veure,bueno,bé,crec,llavors,perquè,vull dir,és a dir	consens entre dos ASR; revisió auditiva pendent
pa-023	pa-049	semblança textual provisional	8	a nivell,a veure,bueno,bé,crec,llavors,perquè,vull dir	consens entre dos ASR; revisió auditiva pendent
pa-023	pa-055	semblança textual provisional	7	a nivell,a veure,bueno,bé,llavors,perquè,és a dir	consens entre dos ASR; revisió auditiva pendent
pa-023	pa-056	semblança textual provisional	7	a veure,bueno,bé,crec,perquè,vull dir,és a dir	consens entre dos ASR; revisió auditiva pendent
pa-023	pa-057	semblança textual provisional	7	a nivell,bueno,bé,de fet,llavors,perquè,és a dir	consens entre dos ASR; revisió auditiva pendent
pa-023	pa-058	semblança textual provisional	9	a nivell,a veure,bueno,bé,crec,llavors,perquè,vull dir,és a dir	consens entre dos ASR; revisió auditiva pendent
pa-023	pa-059	semblança textual provisional	7	a nivell,bueno,bé,llavors,perquè,vull dir,és a dir	consens entre dos ASR; revisió auditiva pendent
pa-023	pa-060	semblança textual provisional	9	a nivell,a veure,bueno,bé,crec,de fet,perquè,vull dir,és a dir	consens entre dos ASR; revisió auditiva pendent
pa-023	pa-061	semblança textual provisional	8	a nivell,a veure,bueno,bé,crec,llavors,perquè,vull dir	consens entre dos ASR; revisió auditiva pendent
pa-023	pa-062	semblança textual provisional	6	bueno,bé,crec,perquè,vull dir,és a dir	consens entre dos ASR; revisió auditiva pendent
pa-023	pa-063	semblança textual provisional	6	a nivell,a veure,bé,crec,llavors,perquè	consens entre dos ASR; revisió auditiva pendent
pa-023	pa-064	semblança textual provisional	6	a veure,bé,crec,llavors,perquè,és a dir	consens entre dos ASR; revisió auditiva pendent
pa-023	pa-065	semblança textual provisional	8	a veure,bueno,bé,crec,llavors,perquè,vull dir,és a dir	consens entre dos ASR; revisió auditiva pendent
pa-023	pa-066	semblança textual provisional	7	a nivell,bueno,bé,crec,de fet,llavors,perquè	consens entre dos ASR; revisió auditiva pendent
pa-025	pa-026	semblança textual provisional	10	a veure,bueno,bé,clar,doncs,evidentment,perquè,reformeta,vull dir,és a dir	consens entre dos ASR; revisió auditiva pendent
pa-025	pa-027	semblança textual provisional	11	bueno,bé,clar,crec,de fet,diguem,doncs,evidentment,perquè,vull dir,és a dir	consens entre dos ASR; revisió auditiva pendent
pa-025	pa-028	semblança textual provisional	7	bueno,bé,clar,de fet,diguem,doncs,perquè	consens entre dos ASR; revisió auditiva pendent
pa-025	pa-029	semblança textual provisional	6	bueno,bé,clar,diguem,doncs,perquè	consens entre dos ASR; revisió auditiva pendent
pa-025	pa-030	semblança textual provisional	9	a veure,bueno,bé,clar,crec,evidentment,perquè,vull dir,és a dir	consens entre dos ASR; revisió auditiva pendent
pa-025	pa-031	semblança textual provisional	8	a veure,bueno,bé,clar,crec,de fet,perquè,vull dir	consens entre dos ASR; revisió auditiva pendent
pa-025	pa-032	semblança textual provisional	5	bueno,bé,clar,doncs,perquè	consens entre dos ASR; revisió auditiva pendent
pa-025	pa-033	semblança textual provisional	7	bé,clar,diguem,doncs,perquè,vull dir,és a dir	consens entre dos ASR; revisió auditiva pendent
pa-025	pa-034	semblança textual provisional	11	a veure,bueno,bé,clar,crec,diguem,doncs,perquè,reformeta,vull dir,és a dir	consens entre dos ASR; revisió auditiva pendent
pa-025	pa-035	semblança textual provisional	8	bueno,bé,clar,crec,doncs,evidentment,perquè,és a dir	consens entre dos ASR; revisió auditiva pendent
pa-025	pa-036	semblança textual provisional	8	a veure,bueno,bé,clar,doncs,evidentment,perquè,vull dir	consens entre dos ASR; revisió auditiva pendent
pa-025	pa-037	semblança textual provisional	7	bueno,bé,clar,diguem,doncs,perquè,vull dir	consens entre dos ASR; revisió auditiva pendent
pa-025	pa-038	semblança textual provisional	9	bueno,bé,clar,crec,diguem,doncs,perquè,reformeta,vull dir	consens entre dos ASR; revisió auditiva pendent
pa-025	pa-039	semblança textual provisional	8	bueno,bé,clar,crec,diguem,doncs,evidentment,perquè	consens entre dos ASR; revisió auditiva pendent
pa-025	pa-040	semblança textual provisional	6	bé,crec,de fet,doncs,evidentment,perquè	consens entre dos ASR; revisió auditiva pendent
pa-025	pa-041	semblança textual provisional	10	a veure,bueno,bé,clar,crec,doncs,evidentment,perquè,vull dir,és a dir	consens entre dos ASR; revisió auditiva pendent
pa-025	pa-042	semblança textual provisional	3	clar,crec,perquè	consens entre dos ASR; revisió auditiva pendent
pa-025	pa-043	semblança textual provisional	4	bueno,crec,doncs,és a dir	consens entre dos ASR; revisió auditiva pendent
pa-025	pa-045	semblança textual provisional	8	a veure,bueno,bé,clar,crec,doncs,evidentment,perquè	consens entre dos ASR; revisió auditiva pendent
pa-025	pa-046	semblança textual provisional	8	bueno,bé,clar,crec,diguem,doncs,evidentment,perquè	consens entre dos ASR; revisió auditiva pendent
pa-025	pa-048	semblança textual provisional	8	a veure,bueno,bé,clar,crec,perquè,vull dir,és a dir	consens entre dos ASR; revisió auditiva pendent
pa-025	pa-049	semblança textual provisional	9	a veure,bueno,bé,clar,crec,diguem,evidentment,perquè,vull dir	consens entre dos ASR; revisió auditiva pendent
pa-025	pa-055	semblança textual provisional	9	a veure,bueno,bé,clar,doncs,evidentment,perquè,reformeta,és a dir	consens entre dos ASR; revisió auditiva pendent
pa-025	pa-056	semblança textual provisional	10	a veure,bueno,bé,clar,crec,doncs,evidentment,perquè,vull dir,és a dir	consens entre dos ASR; revisió auditiva pendent
pa-025	pa-057	semblança textual provisional	7	bueno,bé,de fet,diguem,doncs,perquè,és a dir	consens entre dos ASR; revisió auditiva pendent
pa-025	pa-058	semblança textual provisional	10	a veure,bueno,bé,clar,crec,diguem,doncs,perquè,vull dir,és a dir	consens entre dos ASR; revisió auditiva pendent
pa-025	pa-059	semblança textual provisional	8	bueno,bé,clar,doncs,evidentment,perquè,vull dir,és a dir	consens entre dos ASR; revisió auditiva pendent
pa-025	pa-060	semblança textual provisional	9	a veure,bueno,bé,crec,de fet,doncs,perquè,vull dir,és a dir	consens entre dos ASR; revisió auditiva pendent
pa-025	pa-061	semblança textual provisional	9	a veure,bueno,bé,clar,crec,doncs,evidentment,perquè,vull dir	consens entre dos ASR; revisió auditiva pendent
pa-025	pa-062	semblança textual provisional	10	bueno,bé,clar,crec,diguem,doncs,evidentment,perquè,vull dir,és a dir	consens entre dos ASR; revisió auditiva pendent
pa-025	pa-063	semblança textual provisional	6	a veure,bé,clar,crec,doncs,perquè	consens entre dos ASR; revisió auditiva pendent
pa-025	pa-064	semblança textual provisional	8	a veure,bé,clar,crec,doncs,evidentment,perquè,és a dir	consens entre dos ASR; revisió auditiva pendent
pa-025	pa-065	semblança textual provisional	9	a veure,bueno,bé,clar,crec,doncs,perquè,vull dir,és a dir	consens entre dos ASR; revisió auditiva pendent
pa-025	pa-066	semblança textual provisional	6	bueno,bé,crec,de fet,evidentment,perquè	consens entre dos ASR; revisió auditiva pendent
pa-026	pa-027	semblança textual provisional	9	bueno,bé,clar,doncs,evidentment,llavors,perquè,vull dir,és a dir	consens entre dos ASR; revisió auditiva pendent
pa-026	pa-028	semblança textual provisional	6	bueno,bé,clar,doncs,llavors,perquè	consens entre dos ASR; revisió auditiva pendent
pa-026	pa-029	semblança textual provisional	7	a nivell,bueno,bé,clar,doncs,llavors,perquè	consens entre dos ASR; revisió auditiva pendent
pa-026	pa-030	semblança textual provisional	8	a veure,bueno,bé,clar,evidentment,perquè,vull dir,és a dir	consens entre dos ASR; revisió auditiva pendent
pa-026	pa-031	semblança textual provisional	6	a veure,bueno,bé,clar,perquè,vull dir	consens entre dos ASR; revisió auditiva pendent
pa-026	pa-032	semblança textual provisional	6	bueno,bé,clar,doncs,llavors,perquè	consens entre dos ASR; revisió auditiva pendent
pa-026	pa-033	semblança textual provisional	6	bé,clar,doncs,perquè,vull dir,és a dir	consens entre dos ASR; revisió auditiva pendent
pa-026	pa-034	semblança textual provisional	11	a nivell,a veure,bueno,bé,clar,doncs,llavors,perquè,reformeta,vull dir,és a dir	consens entre dos ASR; revisió auditiva pendent
pa-026	pa-035	semblança textual provisional	7	bueno,bé,clar,doncs,evidentment,perquè,és a dir	consens entre dos ASR; revisió auditiva pendent
pa-026	pa-036	semblança textual provisional	10	a nivell,a veure,bueno,bé,clar,doncs,evidentment,llavors,perquè,vull dir	consens entre dos ASR; revisió auditiva pendent
pa-026	pa-037	semblança textual provisional	7	bueno,bé,clar,doncs,llavors,perquè,vull dir	consens entre dos ASR; revisió auditiva pendent
pa-026	pa-038	semblança textual provisional	10	a nivell,bueno,bé,clar,doncs,llavors,o sigui,perquè,reformeta,vull dir	consens entre dos ASR; revisió auditiva pendent
pa-026	pa-039	semblança textual provisional	6	bueno,bé,clar,doncs,evidentment,perquè	consens entre dos ASR; revisió auditiva pendent
pa-026	pa-040	semblança textual provisional	4	bé,doncs,evidentment,perquè	consens entre dos ASR; revisió auditiva pendent
pa-026	pa-041	semblança textual provisional	10	a veure,bueno,bé,clar,doncs,evidentment,llavors,perquè,vull dir,és a dir	consens entre dos ASR; revisió auditiva pendent
pa-026	pa-043	semblança textual provisional	3	bueno,doncs,és a dir	consens entre dos ASR; revisió auditiva pendent
pa-026	pa-045	semblança textual provisional	9	a veure,bueno,bé,clar,doncs,evidentment,llavors,o sigui,perquè	consens entre dos ASR; revisió auditiva pendent
pa-026	pa-046	semblança textual provisional	7	bueno,bé,clar,doncs,evidentment,o sigui,perquè	consens entre dos ASR; revisió auditiva pendent
pa-026	pa-048	semblança textual provisional	10	a nivell,a veure,bueno,bé,clar,llavors,o sigui,perquè,vull dir,és a dir	consens entre dos ASR; revisió auditiva pendent
pa-026	pa-049	semblança textual provisional	10	a nivell,a veure,bueno,bé,clar,evidentment,llavors,o sigui,perquè,vull dir	consens entre dos ASR; revisió auditiva pendent
pa-026	pa-055	semblança textual provisional	12	a nivell,a veure,bueno,bé,clar,doncs,evidentment,llavors,o sigui,perquè,reformeta,és a dir	consens entre dos ASR; revisió auditiva pendent
pa-026	pa-056	semblança textual provisional	10	a veure,bueno,bé,clar,doncs,evidentment,o sigui,perquè,vull dir,és a dir	consens entre dos ASR; revisió auditiva pendent
pa-026	pa-057	semblança textual provisional	7	a nivell,bueno,bé,doncs,llavors,perquè,és a dir	consens entre dos ASR; revisió auditiva pendent
pa-026	pa-058	semblança textual provisional	10	a nivell,a veure,bueno,bé,clar,doncs,llavors,perquè,vull dir,és a dir	consens entre dos ASR; revisió auditiva pendent
pa-026	pa-059	semblança textual provisional	10	a nivell,bueno,bé,clar,doncs,evidentment,llavors,perquè,vull dir,és a dir	consens entre dos ASR; revisió auditiva pendent
pa-026	pa-060	semblança textual provisional	8	a nivell,a veure,bueno,bé,doncs,perquè,vull dir,és a dir	consens entre dos ASR; revisió auditiva pendent
pa-026	pa-061	semblança textual provisional	11	a nivell,a veure,bueno,bé,clar,doncs,evidentment,llavors,o sigui,perquè,vull dir	consens entre dos ASR; revisió auditiva pendent
pa-026	pa-062	semblança textual provisional	9	bueno,bé,clar,doncs,evidentment,o sigui,perquè,vull dir,és a dir	consens entre dos ASR; revisió auditiva pendent
pa-026	pa-063	semblança textual provisional	8	a nivell,a veure,bé,clar,doncs,llavors,o sigui,perquè	consens entre dos ASR; revisió auditiva pendent
pa-026	pa-064	semblança textual provisional	9	a veure,bé,clar,doncs,evidentment,llavors,o sigui,perquè,és a dir	consens entre dos ASR; revisió auditiva pendent
pa-026	pa-065	semblança textual provisional	10	a veure,bueno,bé,clar,doncs,llavors,o sigui,perquè,vull dir,és a dir	consens entre dos ASR; revisió auditiva pendent
pa-026	pa-066	semblança textual provisional	6	a nivell,bueno,bé,evidentment,llavors,perquè	consens entre dos ASR; revisió auditiva pendent
pa-027	pa-028	semblança textual provisional	8	bueno,bé,clar,de fet,diguem,doncs,llavors,perquè	consens entre dos ASR; revisió auditiva pendent
pa-027	pa-029	semblança textual provisional	7	bueno,bé,clar,diguem,doncs,llavors,perquè	consens entre dos ASR; revisió auditiva pendent
pa-027	pa-030	semblança textual provisional	8	bueno,bé,clar,crec,evidentment,perquè,vull dir,és a dir	consens entre dos ASR; revisió auditiva pendent
pa-027	pa-031	semblança textual provisional	7	bueno,bé,clar,crec,de fet,perquè,vull dir	consens entre dos ASR; revisió auditiva pendent
pa-027	pa-032	semblança textual provisional	6	bueno,bé,clar,doncs,llavors,perquè	consens entre dos ASR; revisió auditiva pendent
pa-027	pa-033	semblança textual provisional	7	bé,clar,diguem,doncs,perquè,vull dir,és a dir	consens entre dos ASR; revisió auditiva pendent
pa-027	pa-034	semblança textual provisional	10	bueno,bé,clar,crec,diguem,doncs,llavors,perquè,vull dir,és a dir	consens entre dos ASR; revisió auditiva pendent
pa-027	pa-035	semblança textual provisional	8	bueno,bé,clar,crec,doncs,evidentment,perquè,és a dir	consens entre dos ASR; revisió auditiva pendent
pa-027	pa-036	semblança textual provisional	8	bueno,bé,clar,doncs,evidentment,llavors,perquè,vull dir	consens entre dos ASR; revisió auditiva pendent
pa-027	pa-037	semblança textual provisional	8	bueno,bé,clar,diguem,doncs,llavors,perquè,vull dir	consens entre dos ASR; revisió auditiva pendent
pa-027	pa-038	semblança textual provisional	9	bueno,bé,clar,crec,diguem,doncs,llavors,perquè,vull dir	consens entre dos ASR; revisió auditiva pendent
pa-027	pa-039	semblança textual provisional	8	bueno,bé,clar,crec,diguem,doncs,evidentment,perquè	consens entre dos ASR; revisió auditiva pendent
pa-027	pa-040	semblança textual provisional	6	bé,crec,de fet,doncs,evidentment,perquè	consens entre dos ASR; revisió auditiva pendent
pa-027	pa-041	semblança textual provisional	10	bueno,bé,clar,crec,doncs,evidentment,llavors,perquè,vull dir,és a dir	consens entre dos ASR; revisió auditiva pendent
pa-027	pa-042	semblança textual provisional	3	clar,crec,perquè	consens entre dos ASR; revisió auditiva pendent
pa-027	pa-043	semblança textual provisional	4	bueno,crec,doncs,és a dir	consens entre dos ASR; revisió auditiva pendent
pa-027	pa-045	semblança textual provisional	8	bueno,bé,clar,crec,doncs,evidentment,llavors,perquè	consens entre dos ASR; revisió auditiva pendent
pa-027	pa-046	semblança textual provisional	8	bueno,bé,clar,crec,diguem,doncs,evidentment,perquè	consens entre dos ASR; revisió auditiva pendent
pa-027	pa-048	semblança textual provisional	8	bueno,bé,clar,crec,llavors,perquè,vull dir,és a dir	consens entre dos ASR; revisió auditiva pendent
pa-027	pa-049	semblança textual provisional	9	bueno,bé,clar,crec,diguem,evidentment,llavors,perquè,vull dir	consens entre dos ASR; revisió auditiva pendent
pa-027	pa-055	semblança textual provisional	8	bueno,bé,clar,doncs,evidentment,llavors,perquè,és a dir	consens entre dos ASR; revisió auditiva pendent
pa-027	pa-056	semblança textual provisional	9	bueno,bé,clar,crec,doncs,evidentment,perquè,vull dir,és a dir	consens entre dos ASR; revisió auditiva pendent
pa-027	pa-057	semblança textual provisional	8	bueno,bé,de fet,diguem,doncs,llavors,perquè,és a dir	consens entre dos ASR; revisió auditiva pendent
pa-027	pa-058	semblança textual provisional	10	bueno,bé,clar,crec,diguem,doncs,llavors,perquè,vull dir,és a dir	consens entre dos ASR; revisió auditiva pendent
pa-027	pa-059	semblança textual provisional	9	bueno,bé,clar,doncs,evidentment,llavors,perquè,vull dir,és a dir	consens entre dos ASR; revisió auditiva pendent
pa-027	pa-060	semblança textual provisional	8	bueno,bé,crec,de fet,doncs,perquè,vull dir,és a dir	consens entre dos ASR; revisió auditiva pendent
pa-027	pa-061	semblança textual provisional	9	bueno,bé,clar,crec,doncs,evidentment,llavors,perquè,vull dir	consens entre dos ASR; revisió auditiva pendent
pa-027	pa-062	semblança textual provisional	10	bueno,bé,clar,crec,diguem,doncs,evidentment,perquè,vull dir,és a dir	consens entre dos ASR; revisió auditiva pendent
pa-027	pa-063	semblança textual provisional	6	bé,clar,crec,doncs,llavors,perquè	consens entre dos ASR; revisió auditiva pendent
pa-027	pa-064	semblança textual provisional	8	bé,clar,crec,doncs,evidentment,llavors,perquè,és a dir	consens entre dos ASR; revisió auditiva pendent
pa-027	pa-065	semblança textual provisional	9	bueno,bé,clar,crec,doncs,llavors,perquè,vull dir,és a dir	consens entre dos ASR; revisió auditiva pendent
pa-027	pa-066	semblança textual provisional	7	bueno,bé,crec,de fet,evidentment,llavors,perquè	consens entre dos ASR; revisió auditiva pendent
pa-028	pa-029	semblança textual provisional	7	bueno,bé,clar,diguem,doncs,llavors,perquè	consens entre dos ASR; revisió auditiva pendent
pa-028	pa-030	semblança textual provisional	4	bueno,bé,clar,perquè	consens entre dos ASR; revisió auditiva pendent
pa-028	pa-031	semblança textual provisional	5	bueno,bé,clar,de fet,perquè	consens entre dos ASR; revisió auditiva pendent
pa-028	pa-032	semblança textual provisional	6	bueno,bé,clar,doncs,llavors,perquè	consens entre dos ASR; revisió auditiva pendent
pa-028	pa-033	semblança textual provisional	5	bé,clar,diguem,doncs,perquè	consens entre dos ASR; revisió auditiva pendent
pa-028	pa-034	semblança textual provisional	7	bueno,bé,clar,diguem,doncs,llavors,perquè	consens entre dos ASR; revisió auditiva pendent
pa-028	pa-035	semblança textual provisional	5	bueno,bé,clar,doncs,perquè	consens entre dos ASR; revisió auditiva pendent
pa-028	pa-036	semblança textual provisional	6	bueno,bé,clar,doncs,llavors,perquè	consens entre dos ASR; revisió auditiva pendent
pa-028	pa-037	semblança textual provisional	7	bueno,bé,clar,diguem,doncs,llavors,perquè	consens entre dos ASR; revisió auditiva pendent
pa-028	pa-038	semblança textual provisional	7	bueno,bé,clar,diguem,doncs,llavors,perquè	consens entre dos ASR; revisió auditiva pendent
pa-028	pa-039	semblança textual provisional	6	bueno,bé,clar,diguem,doncs,perquè	consens entre dos ASR; revisió auditiva pendent
pa-028	pa-040	semblança textual provisional	4	bé,de fet,doncs,perquè	consens entre dos ASR; revisió auditiva pendent
pa-028	pa-041	semblança textual provisional	6	bueno,bé,clar,doncs,llavors,perquè	consens entre dos ASR; revisió auditiva pendent
pa-028	pa-045	semblança textual provisional	6	bueno,bé,clar,doncs,llavors,perquè	consens entre dos ASR; revisió auditiva pendent
pa-028	pa-046	semblança textual provisional	6	bueno,bé,clar,diguem,doncs,perquè	consens entre dos ASR; revisió auditiva pendent
pa-028	pa-048	semblança textual provisional	5	bueno,bé,clar,llavors,perquè	consens entre dos ASR; revisió auditiva pendent
pa-028	pa-049	semblança textual provisional	6	bueno,bé,clar,diguem,llavors,perquè	consens entre dos ASR; revisió auditiva pendent
pa-028	pa-055	semblança textual provisional	6	bueno,bé,clar,doncs,llavors,perquè	consens entre dos ASR; revisió auditiva pendent
pa-028	pa-056	semblança textual provisional	5	bueno,bé,clar,doncs,perquè	consens entre dos ASR; revisió auditiva pendent
pa-028	pa-057	semblança textual provisional	7	bueno,bé,de fet,diguem,doncs,llavors,perquè	consens entre dos ASR; revisió auditiva pendent
pa-028	pa-058	semblança textual provisional	7	bueno,bé,clar,diguem,doncs,llavors,perquè	consens entre dos ASR; revisió auditiva pendent
pa-028	pa-059	semblança textual provisional	6	bueno,bé,clar,doncs,llavors,perquè	consens entre dos ASR; revisió auditiva pendent
pa-028	pa-060	semblança textual provisional	5	bueno,bé,de fet,doncs,perquè	consens entre dos ASR; revisió auditiva pendent
pa-028	pa-061	semblança textual provisional	6	bueno,bé,clar,doncs,llavors,perquè	consens entre dos ASR; revisió auditiva pendent
pa-028	pa-062	semblança textual provisional	6	bueno,bé,clar,diguem,doncs,perquè	consens entre dos ASR; revisió auditiva pendent
pa-028	pa-063	semblança textual provisional	5	bé,clar,doncs,llavors,perquè	consens entre dos ASR; revisió auditiva pendent
pa-028	pa-064	semblança textual provisional	5	bé,clar,doncs,llavors,perquè	consens entre dos ASR; revisió auditiva pendent
pa-028	pa-065	semblança textual provisional	6	bueno,bé,clar,doncs,llavors,perquè	consens entre dos ASR; revisió auditiva pendent
pa-028	pa-066	semblança textual provisional	5	bueno,bé,de fet,llavors,perquè	consens entre dos ASR; revisió auditiva pendent
pa-029	pa-030	semblança textual provisional	4	bueno,bé,clar,perquè	consens entre dos ASR; revisió auditiva pendent
pa-029	pa-031	semblança textual provisional	4	bueno,bé,clar,perquè	consens entre dos ASR; revisió auditiva pendent
pa-029	pa-032	semblança textual provisional	6	bueno,bé,clar,doncs,llavors,perquè	consens entre dos ASR; revisió auditiva pendent
pa-029	pa-033	semblança textual provisional	5	bé,clar,diguem,doncs,perquè	consens entre dos ASR; revisió auditiva pendent
pa-029	pa-034	semblança textual provisional	9	a nivell,bueno,bé,clar,diguem,doncs,llavors,perquè,tirar endavant	consens entre dos ASR; revisió auditiva pendent
pa-029	pa-035	semblança textual provisional	5	bueno,bé,clar,doncs,perquè	consens entre dos ASR; revisió auditiva pendent
pa-029	pa-036	semblança textual provisional	7	a nivell,bueno,bé,clar,doncs,llavors,perquè	consens entre dos ASR; revisió auditiva pendent
pa-029	pa-037	semblança textual provisional	7	bueno,bé,clar,diguem,doncs,llavors,perquè	consens entre dos ASR; revisió auditiva pendent
pa-029	pa-038	semblança textual provisional	8	a nivell,bueno,bé,clar,diguem,doncs,llavors,perquè	consens entre dos ASR; revisió auditiva pendent
pa-029	pa-039	semblança textual provisional	6	bueno,bé,clar,diguem,doncs,perquè	consens entre dos ASR; revisió auditiva pendent
pa-029	pa-040	semblança textual provisional	3	bé,doncs,perquè	consens entre dos ASR; revisió auditiva pendent
pa-029	pa-041	semblança textual provisional	6	bueno,bé,clar,doncs,llavors,perquè	consens entre dos ASR; revisió auditiva pendent
pa-029	pa-045	semblança textual provisional	6	bueno,bé,clar,doncs,llavors,perquè	consens entre dos ASR; revisió auditiva pendent
pa-029	pa-046	semblança textual provisional	6	bueno,bé,clar,diguem,doncs,perquè	consens entre dos ASR; revisió auditiva pendent
pa-029	pa-048	semblança textual provisional	6	a nivell,bueno,bé,clar,llavors,perquè	consens entre dos ASR; revisió auditiva pendent
pa-029	pa-049	semblança textual provisional	7	a nivell,bueno,bé,clar,diguem,llavors,perquè	consens entre dos ASR; revisió auditiva pendent
pa-029	pa-055	semblança textual provisional	7	a nivell,bueno,bé,clar,doncs,llavors,perquè	consens entre dos ASR; revisió auditiva pendent
pa-029	pa-056	semblança textual provisional	6	bueno,bé,clar,doncs,perquè,tirar endavant	consens entre dos ASR; revisió auditiva pendent
pa-029	pa-057	semblança textual provisional	7	a nivell,bueno,bé,diguem,doncs,llavors,perquè	consens entre dos ASR; revisió auditiva pendent
pa-029	pa-058	semblança textual provisional	8	a nivell,bueno,bé,clar,diguem,doncs,llavors,perquè	consens entre dos ASR; revisió auditiva pendent
pa-029	pa-059	semblança textual provisional	8	a nivell,bueno,bé,clar,doncs,llavors,perquè,tirar endavant	consens entre dos ASR; revisió auditiva pendent
pa-029	pa-060	semblança textual provisional	5	a nivell,bueno,bé,doncs,perquè	consens entre dos ASR; revisió auditiva pendent
pa-029	pa-061	semblança textual provisional	7	a nivell,bueno,bé,clar,doncs,llavors,perquè	consens entre dos ASR; revisió auditiva pendent
pa-029	pa-062	semblança textual provisional	6	bueno,bé,clar,diguem,doncs,perquè	consens entre dos ASR; revisió auditiva pendent
pa-029	pa-063	semblança textual provisional	6	a nivell,bé,clar,doncs,llavors,perquè	consens entre dos ASR; revisió auditiva pendent
pa-029	pa-064	semblança textual provisional	5	bé,clar,doncs,llavors,perquè	consens entre dos ASR; revisió auditiva pendent
pa-029	pa-065	semblança textual provisional	6	bueno,bé,clar,doncs,llavors,perquè	consens entre dos ASR; revisió auditiva pendent
pa-029	pa-066	semblança textual provisional	5	a nivell,bueno,bé,llavors,perquè	consens entre dos ASR; revisió auditiva pendent
pa-030	pa-031	semblança textual provisional	7	a veure,bueno,bé,clar,crec,perquè,vull dir	consens entre dos ASR; revisió auditiva pendent
pa-030	pa-032	semblança textual provisional	4	bueno,bé,clar,perquè	consens entre dos ASR; revisió auditiva pendent
pa-030	pa-033	semblança textual provisional	5	bé,clar,perquè,vull dir,és a dir	consens entre dos ASR; revisió auditiva pendent
pa-030	pa-034	semblança textual provisional	8	a veure,bueno,bé,clar,crec,perquè,vull dir,és a dir	consens entre dos ASR; revisió auditiva pendent
pa-030	pa-035	semblança textual provisional	7	bueno,bé,clar,crec,evidentment,perquè,és a dir	consens entre dos ASR; revisió auditiva pendent
pa-030	pa-036	semblança textual provisional	7	a veure,bueno,bé,clar,evidentment,perquè,vull dir	consens entre dos ASR; revisió auditiva pendent
pa-030	pa-037	semblança textual provisional	5	bueno,bé,clar,perquè,vull dir	consens entre dos ASR; revisió auditiva pendent
pa-030	pa-038	semblança textual provisional	6	bueno,bé,clar,crec,perquè,vull dir	consens entre dos ASR; revisió auditiva pendent
pa-030	pa-039	semblança textual provisional	6	bueno,bé,clar,crec,evidentment,perquè	consens entre dos ASR; revisió auditiva pendent
pa-030	pa-040	semblança textual provisional	4	bé,crec,evidentment,perquè	consens entre dos ASR; revisió auditiva pendent
pa-030	pa-041	semblança textual provisional	9	a veure,bueno,bé,clar,crec,evidentment,perquè,vull dir,és a dir	consens entre dos ASR; revisió auditiva pendent
pa-030	pa-042	semblança textual provisional	3	clar,crec,perquè	consens entre dos ASR; revisió auditiva pendent
pa-030	pa-043	semblança textual provisional	3	bueno,crec,és a dir	consens entre dos ASR; revisió auditiva pendent
pa-030	pa-045	semblança textual provisional	8	a veure,aleshores,bueno,bé,clar,crec,evidentment,perquè	consens entre dos ASR; revisió auditiva pendent
pa-030	pa-046	semblança textual provisional	6	bueno,bé,clar,crec,evidentment,perquè	consens entre dos ASR; revisió auditiva pendent
pa-030	pa-048	semblança textual provisional	8	a veure,bueno,bé,clar,crec,perquè,vull dir,és a dir	consens entre dos ASR; revisió auditiva pendent
pa-030	pa-049	semblança textual provisional	9	a veure,aleshores,bueno,bé,clar,crec,evidentment,perquè,vull dir	consens entre dos ASR; revisió auditiva pendent
pa-030	pa-055	semblança textual provisional	7	a veure,bueno,bé,clar,evidentment,perquè,és a dir	consens entre dos ASR; revisió auditiva pendent
pa-030	pa-056	semblança textual provisional	9	a veure,bueno,bé,clar,crec,evidentment,perquè,vull dir,és a dir	consens entre dos ASR; revisió auditiva pendent
pa-030	pa-057	semblança textual provisional	4	bueno,bé,perquè,és a dir	consens entre dos ASR; revisió auditiva pendent
pa-030	pa-058	semblança textual provisional	8	a veure,bueno,bé,clar,crec,perquè,vull dir,és a dir	consens entre dos ASR; revisió auditiva pendent
pa-030	pa-059	semblança textual provisional	7	bueno,bé,clar,evidentment,perquè,vull dir,és a dir	consens entre dos ASR; revisió auditiva pendent
pa-030	pa-060	semblança textual provisional	7	a veure,bueno,bé,crec,perquè,vull dir,és a dir	consens entre dos ASR; revisió auditiva pendent
pa-030	pa-061	semblança textual provisional	8	a veure,bueno,bé,clar,crec,evidentment,perquè,vull dir	consens entre dos ASR; revisió auditiva pendent
pa-030	pa-062	semblança textual provisional	8	bueno,bé,clar,crec,evidentment,perquè,vull dir,és a dir	consens entre dos ASR; revisió auditiva pendent
pa-030	pa-063	semblança textual provisional	6	a veure,aleshores,bé,clar,crec,perquè	consens entre dos ASR; revisió auditiva pendent
pa-030	pa-064	semblança textual provisional	7	a veure,bé,clar,crec,evidentment,perquè,és a dir	consens entre dos ASR; revisió auditiva pendent
pa-030	pa-065	semblança textual provisional	9	a veure,aleshores,bueno,bé,clar,crec,perquè,vull dir,és a dir	consens entre dos ASR; revisió auditiva pendent
pa-030	pa-066	semblança textual provisional	5	bueno,bé,crec,evidentment,perquè	consens entre dos ASR; revisió auditiva pendent
pa-031	pa-032	semblança textual provisional	4	bueno,bé,clar,perquè	consens entre dos ASR; revisió auditiva pendent
pa-031	pa-033	semblança textual provisional	4	bé,clar,perquè,vull dir	consens entre dos ASR; revisió auditiva pendent
pa-031	pa-034	semblança textual provisional	7	a veure,bueno,bé,clar,crec,perquè,vull dir	consens entre dos ASR; revisió auditiva pendent
pa-031	pa-035	semblança textual provisional	5	bueno,bé,clar,crec,perquè	consens entre dos ASR; revisió auditiva pendent
pa-031	pa-036	semblança textual provisional	6	a veure,bueno,bé,clar,perquè,vull dir	consens entre dos ASR; revisió auditiva pendent
pa-031	pa-037	semblança textual provisional	5	bueno,bé,clar,perquè,vull dir	consens entre dos ASR; revisió auditiva pendent
pa-031	pa-038	semblança textual provisional	6	bueno,bé,clar,crec,perquè,vull dir	consens entre dos ASR; revisió auditiva pendent
pa-031	pa-039	semblança textual provisional	5	bueno,bé,clar,crec,perquè	consens entre dos ASR; revisió auditiva pendent
pa-031	pa-040	semblança textual provisional	4	bé,crec,de fet,perquè	consens entre dos ASR; revisió auditiva pendent
pa-031	pa-041	semblança textual provisional	7	a veure,bueno,bé,clar,crec,perquè,vull dir	consens entre dos ASR; revisió auditiva pendent
pa-031	pa-042	semblança textual provisional	3	clar,crec,perquè	consens entre dos ASR; revisió auditiva pendent
pa-031	pa-045	semblança textual provisional	6	a veure,bueno,bé,clar,crec,perquè	consens entre dos ASR; revisió auditiva pendent
pa-031	pa-046	semblança textual provisional	5	bueno,bé,clar,crec,perquè	consens entre dos ASR; revisió auditiva pendent
pa-031	pa-048	semblança textual provisional	7	a veure,bueno,bé,clar,crec,perquè,vull dir	consens entre dos ASR; revisió auditiva pendent
pa-031	pa-049	semblança textual provisional	7	a veure,bueno,bé,clar,crec,perquè,vull dir	consens entre dos ASR; revisió auditiva pendent
pa-031	pa-055	semblança textual provisional	5	a veure,bueno,bé,clar,perquè	consens entre dos ASR; revisió auditiva pendent
pa-031	pa-056	semblança textual provisional	7	a veure,bueno,bé,clar,crec,perquè,vull dir	consens entre dos ASR; revisió auditiva pendent
pa-031	pa-057	semblança textual provisional	4	bueno,bé,de fet,perquè	consens entre dos ASR; revisió auditiva pendent
pa-031	pa-058	semblança textual provisional	7	a veure,bueno,bé,clar,crec,perquè,vull dir	consens entre dos ASR; revisió auditiva pendent
pa-031	pa-059	semblança textual provisional	5	bueno,bé,clar,perquè,vull dir	consens entre dos ASR; revisió auditiva pendent
pa-031	pa-060	semblança textual provisional	7	a veure,bueno,bé,crec,de fet,perquè,vull dir	consens entre dos ASR; revisió auditiva pendent
pa-031	pa-061	semblança textual provisional	7	a veure,bueno,bé,clar,crec,perquè,vull dir	consens entre dos ASR; revisió auditiva pendent
pa-031	pa-062	semblança textual provisional	6	bueno,bé,clar,crec,perquè,vull dir	consens entre dos ASR; revisió auditiva pendent
pa-031	pa-063	semblança textual provisional	5	a veure,bé,clar,crec,perquè	consens entre dos ASR; revisió auditiva pendent
pa-031	pa-064	semblança textual provisional	5	a veure,bé,clar,crec,perquè	consens entre dos ASR; revisió auditiva pendent
pa-031	pa-065	semblança textual provisional	7	a veure,bueno,bé,clar,crec,perquè,vull dir	consens entre dos ASR; revisió auditiva pendent
pa-031	pa-066	semblança textual provisional	5	bueno,bé,crec,de fet,perquè	consens entre dos ASR; revisió auditiva pendent
pa-032	pa-033	semblança textual provisional	4	bé,clar,doncs,perquè	consens entre dos ASR; revisió auditiva pendent
pa-032	pa-034	semblança textual provisional	6	bueno,bé,clar,doncs,llavors,perquè	consens entre dos ASR; revisió auditiva pendent
pa-032	pa-035	semblança textual provisional	5	bueno,bé,clar,doncs,perquè	consens entre dos ASR; revisió auditiva pendent
pa-032	pa-036	semblança textual provisional	6	bueno,bé,clar,doncs,llavors,perquè	consens entre dos ASR; revisió auditiva pendent
pa-032	pa-037	semblança textual provisional	6	bueno,bé,clar,doncs,llavors,perquè	consens entre dos ASR; revisió auditiva pendent
pa-032	pa-038	semblança textual provisional	6	bueno,bé,clar,doncs,llavors,perquè	consens entre dos ASR; revisió auditiva pendent
pa-032	pa-039	semblança textual provisional	5	bueno,bé,clar,doncs,perquè	consens entre dos ASR; revisió auditiva pendent
pa-032	pa-040	semblança textual provisional	3	bé,doncs,perquè	consens entre dos ASR; revisió auditiva pendent
pa-032	pa-041	semblança textual provisional	6	bueno,bé,clar,doncs,llavors,perquè	consens entre dos ASR; revisió auditiva pendent
pa-032	pa-045	semblança textual provisional	6	bueno,bé,clar,doncs,llavors,perquè	consens entre dos ASR; revisió auditiva pendent
pa-032	pa-046	semblança textual provisional	5	bueno,bé,clar,doncs,perquè	consens entre dos ASR; revisió auditiva pendent
pa-032	pa-048	semblança textual provisional	5	bueno,bé,clar,llavors,perquè	consens entre dos ASR; revisió auditiva pendent
pa-032	pa-049	semblança textual provisional	5	bueno,bé,clar,llavors,perquè	consens entre dos ASR; revisió auditiva pendent
pa-032	pa-055	semblança textual provisional	6	bueno,bé,clar,doncs,llavors,perquè	consens entre dos ASR; revisió auditiva pendent
pa-032	pa-056	semblança textual provisional	5	bueno,bé,clar,doncs,perquè	consens entre dos ASR; revisió auditiva pendent
pa-032	pa-057	semblança textual provisional	5	bueno,bé,doncs,llavors,perquè	consens entre dos ASR; revisió auditiva pendent
pa-032	pa-058	semblança textual provisional	6	bueno,bé,clar,doncs,llavors,perquè	consens entre dos ASR; revisió auditiva pendent
pa-032	pa-059	semblança textual provisional	6	bueno,bé,clar,doncs,llavors,perquè	consens entre dos ASR; revisió auditiva pendent
pa-032	pa-060	semblança textual provisional	4	bueno,bé,doncs,perquè	consens entre dos ASR; revisió auditiva pendent
pa-032	pa-061	semblança textual provisional	6	bueno,bé,clar,doncs,llavors,perquè	consens entre dos ASR; revisió auditiva pendent
pa-032	pa-062	semblança textual provisional	5	bueno,bé,clar,doncs,perquè	consens entre dos ASR; revisió auditiva pendent
pa-032	pa-063	semblança textual provisional	5	bé,clar,doncs,llavors,perquè	consens entre dos ASR; revisió auditiva pendent
pa-032	pa-064	semblança textual provisional	5	bé,clar,doncs,llavors,perquè	consens entre dos ASR; revisió auditiva pendent
pa-032	pa-065	semblança textual provisional	6	bueno,bé,clar,doncs,llavors,perquè	consens entre dos ASR; revisió auditiva pendent
pa-032	pa-066	semblança textual provisional	4	bueno,bé,llavors,perquè	consens entre dos ASR; revisió auditiva pendent
pa-033	pa-034	semblança textual provisional	7	bé,clar,diguem,doncs,perquè,vull dir,és a dir	consens entre dos ASR; revisió auditiva pendent
pa-033	pa-035	semblança textual provisional	5	bé,clar,doncs,perquè,és a dir	consens entre dos ASR; revisió auditiva pendent
pa-033	pa-036	semblança textual provisional	5	bé,clar,doncs,perquè,vull dir	consens entre dos ASR; revisió auditiva pendent
pa-033	pa-037	semblança textual provisional	6	bé,clar,diguem,doncs,perquè,vull dir	consens entre dos ASR; revisió auditiva pendent
pa-033	pa-038	semblança textual provisional	6	bé,clar,diguem,doncs,perquè,vull dir	consens entre dos ASR; revisió auditiva pendent
pa-033	pa-039	semblança textual provisional	5	bé,clar,diguem,doncs,perquè	consens entre dos ASR; revisió auditiva pendent
pa-033	pa-040	semblança textual provisional	3	bé,doncs,perquè	consens entre dos ASR; revisió auditiva pendent
pa-033	pa-041	semblança textual provisional	6	bé,clar,doncs,perquè,vull dir,és a dir	consens entre dos ASR; revisió auditiva pendent
pa-033	pa-045	semblança textual provisional	4	bé,clar,doncs,perquè	consens entre dos ASR; revisió auditiva pendent
pa-033	pa-046	semblança textual provisional	5	bé,clar,diguem,doncs,perquè	consens entre dos ASR; revisió auditiva pendent
pa-033	pa-048	semblança textual provisional	5	bé,clar,perquè,vull dir,és a dir	consens entre dos ASR; revisió auditiva pendent
pa-033	pa-049	semblança textual provisional	5	bé,clar,diguem,perquè,vull dir	consens entre dos ASR; revisió auditiva pendent
pa-033	pa-055	semblança textual provisional	5	bé,clar,doncs,perquè,és a dir	consens entre dos ASR; revisió auditiva pendent
pa-033	pa-056	semblança textual provisional	6	bé,clar,doncs,perquè,vull dir,és a dir	consens entre dos ASR; revisió auditiva pendent
pa-033	pa-057	semblança textual provisional	5	bé,diguem,doncs,perquè,és a dir	consens entre dos ASR; revisió auditiva pendent
pa-033	pa-058	semblança textual provisional	7	bé,clar,diguem,doncs,perquè,vull dir,és a dir	consens entre dos ASR; revisió auditiva pendent
pa-033	pa-059	semblança textual provisional	6	bé,clar,doncs,perquè,vull dir,és a dir	consens entre dos ASR; revisió auditiva pendent
pa-033	pa-060	semblança textual provisional	5	bé,doncs,perquè,vull dir,és a dir	consens entre dos ASR; revisió auditiva pendent
pa-033	pa-061	semblança textual provisional	5	bé,clar,doncs,perquè,vull dir	consens entre dos ASR; revisió auditiva pendent
pa-033	pa-062	semblança textual provisional	7	bé,clar,diguem,doncs,perquè,vull dir,és a dir	consens entre dos ASR; revisió auditiva pendent
pa-033	pa-063	semblança textual provisional	4	bé,clar,doncs,perquè	consens entre dos ASR; revisió auditiva pendent
pa-033	pa-064	semblança textual provisional	5	bé,clar,doncs,perquè,és a dir	consens entre dos ASR; revisió auditiva pendent
pa-033	pa-065	semblança textual provisional	6	bé,clar,doncs,perquè,vull dir,és a dir	consens entre dos ASR; revisió auditiva pendent
pa-034	pa-035	semblança textual provisional	7	bueno,bé,clar,crec,doncs,perquè,és a dir	consens entre dos ASR; revisió auditiva pendent
pa-034	pa-036	semblança textual provisional	9	a nivell,a veure,bueno,bé,clar,doncs,llavors,perquè,vull dir	consens entre dos ASR; revisió auditiva pendent
pa-034	pa-037	semblança textual provisional	8	bueno,bé,clar,diguem,doncs,llavors,perquè,vull dir	consens entre dos ASR; revisió auditiva pendent
pa-034	pa-038	semblança textual provisional	11	a nivell,bueno,bé,clar,crec,diguem,doncs,llavors,perquè,reformeta,vull dir	consens entre dos ASR; revisió auditiva pendent
pa-034	pa-039	semblança textual provisional	7	bueno,bé,clar,crec,diguem,doncs,perquè	consens entre dos ASR; revisió auditiva pendent
pa-034	pa-040	semblança textual provisional	4	bé,crec,doncs,perquè	consens entre dos ASR; revisió auditiva pendent
pa-034	pa-041	semblança textual provisional	10	a veure,bueno,bé,clar,crec,doncs,llavors,perquè,vull dir,és a dir	consens entre dos ASR; revisió auditiva pendent
pa-034	pa-042	semblança textual provisional	3	clar,crec,perquè	consens entre dos ASR; revisió auditiva pendent
pa-034	pa-043	semblança textual provisional	4	bueno,crec,doncs,és a dir	consens entre dos ASR; revisió auditiva pendent
pa-034	pa-045	semblança textual provisional	8	a veure,bueno,bé,clar,crec,doncs,llavors,perquè	consens entre dos ASR; revisió auditiva pendent
pa-034	pa-046	semblança textual provisional	7	bueno,bé,clar,crec,diguem,doncs,perquè	consens entre dos ASR; revisió auditiva pendent
pa-034	pa-048	semblança textual provisional	10	a nivell,a veure,bueno,bé,clar,crec,llavors,perquè,vull dir,és a dir	consens entre dos ASR; revisió auditiva pendent
pa-034	pa-049	semblança textual provisional	10	a nivell,a veure,bueno,bé,clar,crec,diguem,llavors,perquè,vull dir	consens entre dos ASR; revisió auditiva pendent
pa-034	pa-055	semblança textual provisional	10	a nivell,a veure,bueno,bé,clar,doncs,llavors,perquè,reformeta,és a dir	consens entre dos ASR; revisió auditiva pendent
pa-034	pa-056	semblança textual provisional	10	a veure,bueno,bé,clar,crec,doncs,perquè,tirar endavant,vull dir,és a dir	consens entre dos ASR; revisió auditiva pendent
pa-034	pa-057	semblança textual provisional	8	a nivell,bueno,bé,diguem,doncs,llavors,perquè,és a dir	consens entre dos ASR; revisió auditiva pendent
pa-034	pa-058	semblança textual provisional	12	a nivell,a veure,bueno,bé,clar,crec,diguem,doncs,llavors,perquè,vull dir,és a dir	consens entre dos ASR; revisió auditiva pendent
pa-034	pa-059	semblança textual provisional	10	a nivell,bueno,bé,clar,doncs,llavors,perquè,tirar endavant,vull dir,és a dir	consens entre dos ASR; revisió auditiva pendent
pa-034	pa-060	semblança textual provisional	9	a nivell,a veure,bueno,bé,crec,doncs,perquè,vull dir,és a dir	consens entre dos ASR; revisió auditiva pendent
pa-034	pa-061	semblança textual provisional	10	a nivell,a veure,bueno,bé,clar,crec,doncs,llavors,perquè,vull dir	consens entre dos ASR; revisió auditiva pendent
pa-034	pa-062	semblança textual provisional	9	bueno,bé,clar,crec,diguem,doncs,perquè,vull dir,és a dir	consens entre dos ASR; revisió auditiva pendent
pa-034	pa-063	semblança textual provisional	8	a nivell,a veure,bé,clar,crec,doncs,llavors,perquè	consens entre dos ASR; revisió auditiva pendent
pa-034	pa-064	semblança textual provisional	8	a veure,bé,clar,crec,doncs,llavors,perquè,és a dir	consens entre dos ASR; revisió auditiva pendent
pa-034	pa-065	semblança textual provisional	10	a veure,bueno,bé,clar,crec,doncs,llavors,perquè,vull dir,és a dir	consens entre dos ASR; revisió auditiva pendent
pa-034	pa-066	semblança textual provisional	6	a nivell,bueno,bé,crec,llavors,perquè	consens entre dos ASR; revisió auditiva pendent
pa-035	pa-036	semblança textual provisional	6	bueno,bé,clar,doncs,evidentment,perquè	consens entre dos ASR; revisió auditiva pendent
pa-035	pa-037	semblança textual provisional	5	bueno,bé,clar,doncs,perquè	consens entre dos ASR; revisió auditiva pendent
pa-035	pa-038	semblança textual provisional	6	bueno,bé,clar,crec,doncs,perquè	consens entre dos ASR; revisió auditiva pendent
pa-035	pa-039	semblança textual provisional	7	bueno,bé,clar,crec,doncs,evidentment,perquè	consens entre dos ASR; revisió auditiva pendent
pa-035	pa-040	semblança textual provisional	5	bé,crec,doncs,evidentment,perquè	consens entre dos ASR; revisió auditiva pendent
pa-035	pa-041	semblança textual provisional	8	bueno,bé,clar,crec,doncs,evidentment,perquè,és a dir	consens entre dos ASR; revisió auditiva pendent
pa-035	pa-042	semblança textual provisional	3	clar,crec,perquè	consens entre dos ASR; revisió auditiva pendent
pa-035	pa-043	semblança textual provisional	4	bueno,crec,doncs,és a dir	consens entre dos ASR; revisió auditiva pendent
pa-035	pa-045	semblança textual provisional	7	bueno,bé,clar,crec,doncs,evidentment,perquè	consens entre dos ASR; revisió auditiva pendent
pa-035	pa-046	semblança textual provisional	7	bueno,bé,clar,crec,doncs,evidentment,perquè	consens entre dos ASR; revisió auditiva pendent
pa-035	pa-048	semblança textual provisional	6	bueno,bé,clar,crec,perquè,és a dir	consens entre dos ASR; revisió auditiva pendent
pa-035	pa-049	semblança textual provisional	6	bueno,bé,clar,crec,evidentment,perquè	consens entre dos ASR; revisió auditiva pendent
pa-035	pa-055	semblança textual provisional	7	bueno,bé,clar,doncs,evidentment,perquè,és a dir	consens entre dos ASR; revisió auditiva pendent
pa-035	pa-056	semblança textual provisional	8	bueno,bé,clar,crec,doncs,evidentment,perquè,és a dir	consens entre dos ASR; revisió auditiva pendent
pa-035	pa-057	semblança textual provisional	5	bueno,bé,doncs,perquè,és a dir	consens entre dos ASR; revisió auditiva pendent
pa-035	pa-058	semblança textual provisional	7	bueno,bé,clar,crec,doncs,perquè,és a dir	consens entre dos ASR; revisió auditiva pendent
pa-035	pa-059	semblança textual provisional	7	bueno,bé,clar,doncs,evidentment,perquè,és a dir	consens entre dos ASR; revisió auditiva pendent
pa-035	pa-060	semblança textual provisional	6	bueno,bé,crec,doncs,perquè,és a dir	consens entre dos ASR; revisió auditiva pendent
pa-035	pa-061	semblança textual provisional	7	bueno,bé,clar,crec,doncs,evidentment,perquè	consens entre dos ASR; revisió auditiva pendent
pa-035	pa-062	semblança textual provisional	8	bueno,bé,clar,crec,doncs,evidentment,perquè,és a dir	consens entre dos ASR; revisió auditiva pendent
pa-035	pa-063	semblança textual provisional	5	bé,clar,crec,doncs,perquè	consens entre dos ASR; revisió auditiva pendent
pa-035	pa-064	semblança textual provisional	7	bé,clar,crec,doncs,evidentment,perquè,és a dir	consens entre dos ASR; revisió auditiva pendent
pa-035	pa-065	semblança textual provisional	7	bueno,bé,clar,crec,doncs,perquè,és a dir	consens entre dos ASR; revisió auditiva pendent
pa-035	pa-066	semblança textual provisional	5	bueno,bé,crec,evidentment,perquè	consens entre dos ASR; revisió auditiva pendent
pa-036	pa-037	semblança textual provisional	7	bueno,bé,clar,doncs,llavors,perquè,vull dir	consens entre dos ASR; revisió auditiva pendent
pa-036	pa-038	semblança textual provisional	8	a nivell,bueno,bé,clar,doncs,llavors,perquè,vull dir	consens entre dos ASR; revisió auditiva pendent
pa-036	pa-039	semblança textual provisional	6	bueno,bé,clar,doncs,evidentment,perquè	consens entre dos ASR; revisió auditiva pendent
pa-036	pa-040	semblança textual provisional	4	bé,doncs,evidentment,perquè	consens entre dos ASR; revisió auditiva pendent
pa-036	pa-041	semblança textual provisional	9	a veure,bueno,bé,clar,doncs,evidentment,llavors,perquè,vull dir	consens entre dos ASR; revisió auditiva pendent
pa-036	pa-045	semblança textual provisional	8	a veure,bueno,bé,clar,doncs,evidentment,llavors,perquè	consens entre dos ASR; revisió auditiva pendent
pa-036	pa-046	semblança textual provisional	6	bueno,bé,clar,doncs,evidentment,perquè	consens entre dos ASR; revisió auditiva pendent
pa-036	pa-048	semblança textual provisional	8	a nivell,a veure,bueno,bé,clar,llavors,perquè,vull dir	consens entre dos ASR; revisió auditiva pendent
pa-036	pa-049	semblança textual provisional	9	a nivell,a veure,bueno,bé,clar,evidentment,llavors,perquè,vull dir	consens entre dos ASR; revisió auditiva pendent
pa-036	pa-055	semblança textual provisional	9	a nivell,a veure,bueno,bé,clar,doncs,evidentment,llavors,perquè	consens entre dos ASR; revisió auditiva pendent
pa-036	pa-056	semblança textual provisional	8	a veure,bueno,bé,clar,doncs,evidentment,perquè,vull dir	consens entre dos ASR; revisió auditiva pendent
pa-036	pa-057	semblança textual provisional	6	a nivell,bueno,bé,doncs,llavors,perquè	consens entre dos ASR; revisió auditiva pendent
pa-036	pa-058	semblança textual provisional	9	a nivell,a veure,bueno,bé,clar,doncs,llavors,perquè,vull dir	consens entre dos ASR; revisió auditiva pendent
pa-036	pa-059	semblança textual provisional	9	a nivell,bueno,bé,clar,doncs,evidentment,llavors,perquè,vull dir	consens entre dos ASR; revisió auditiva pendent
pa-036	pa-060	semblança textual provisional	7	a nivell,a veure,bueno,bé,doncs,perquè,vull dir	consens entre dos ASR; revisió auditiva pendent
pa-036	pa-061	semblança textual provisional	10	a nivell,a veure,bueno,bé,clar,doncs,evidentment,llavors,perquè,vull dir	consens entre dos ASR; revisió auditiva pendent
pa-036	pa-062	semblança textual provisional	7	bueno,bé,clar,doncs,evidentment,perquè,vull dir	consens entre dos ASR; revisió auditiva pendent
pa-036	pa-063	semblança textual provisional	7	a nivell,a veure,bé,clar,doncs,llavors,perquè	consens entre dos ASR; revisió auditiva pendent
pa-036	pa-064	semblança textual provisional	7	a veure,bé,clar,doncs,evidentment,llavors,perquè	consens entre dos ASR; revisió auditiva pendent
pa-036	pa-065	semblança textual provisional	8	a veure,bueno,bé,clar,doncs,llavors,perquè,vull dir	consens entre dos ASR; revisió auditiva pendent
pa-036	pa-066	semblança textual provisional	6	a nivell,bueno,bé,evidentment,llavors,perquè	consens entre dos ASR; revisió auditiva pendent
pa-037	pa-038	semblança textual provisional	8	bueno,bé,clar,diguem,doncs,llavors,perquè,vull dir	consens entre dos ASR; revisió auditiva pendent
pa-037	pa-039	semblança textual provisional	6	bueno,bé,clar,diguem,doncs,perquè	consens entre dos ASR; revisió auditiva pendent
pa-037	pa-040	semblança textual provisional	3	bé,doncs,perquè	consens entre dos ASR; revisió auditiva pendent
pa-037	pa-041	semblança textual provisional	7	bueno,bé,clar,doncs,llavors,perquè,vull dir	consens entre dos ASR; revisió auditiva pendent
pa-037	pa-045	semblança textual provisional	6	bueno,bé,clar,doncs,llavors,perquè	consens entre dos ASR; revisió auditiva pendent
pa-037	pa-046	semblança textual provisional	6	bueno,bé,clar,diguem,doncs,perquè	consens entre dos ASR; revisió auditiva pendent
pa-037	pa-048	semblança textual provisional	6	bueno,bé,clar,llavors,perquè,vull dir	consens entre dos ASR; revisió auditiva pendent
pa-037	pa-049	semblança textual provisional	7	bueno,bé,clar,diguem,llavors,perquè,vull dir	consens entre dos ASR; revisió auditiva pendent
pa-037	pa-055	semblança textual provisional	6	bueno,bé,clar,doncs,llavors,perquè	consens entre dos ASR; revisió auditiva pendent
pa-037	pa-056	semblança textual provisional	6	bueno,bé,clar,doncs,perquè,vull dir	consens entre dos ASR; revisió auditiva pendent
pa-037	pa-057	semblança textual provisional	6	bueno,bé,diguem,doncs,llavors,perquè	consens entre dos ASR; revisió auditiva pendent
pa-037	pa-058	semblança textual provisional	8	bueno,bé,clar,diguem,doncs,llavors,perquè,vull dir	consens entre dos ASR; revisió auditiva pendent
pa-037	pa-059	semblança textual provisional	7	bueno,bé,clar,doncs,llavors,perquè,vull dir	consens entre dos ASR; revisió auditiva pendent
pa-037	pa-060	semblança textual provisional	5	bueno,bé,doncs,perquè,vull dir	consens entre dos ASR; revisió auditiva pendent
pa-037	pa-061	semblança textual provisional	7	bueno,bé,clar,doncs,llavors,perquè,vull dir	consens entre dos ASR; revisió auditiva pendent
pa-037	pa-062	semblança textual provisional	7	bueno,bé,clar,diguem,doncs,perquè,vull dir	consens entre dos ASR; revisió auditiva pendent
pa-037	pa-063	semblança textual provisional	5	bé,clar,doncs,llavors,perquè	consens entre dos ASR; revisió auditiva pendent
pa-037	pa-064	semblança textual provisional	5	bé,clar,doncs,llavors,perquè	consens entre dos ASR; revisió auditiva pendent
pa-037	pa-065	semblança textual provisional	7	bueno,bé,clar,doncs,llavors,perquè,vull dir	consens entre dos ASR; revisió auditiva pendent
pa-037	pa-066	semblança textual provisional	4	bueno,bé,llavors,perquè	consens entre dos ASR; revisió auditiva pendent
pa-038	pa-039	semblança textual provisional	7	bueno,bé,clar,crec,diguem,doncs,perquè	consens entre dos ASR; revisió auditiva pendent
pa-038	pa-040	semblança textual provisional	4	bé,crec,doncs,perquè	consens entre dos ASR; revisió auditiva pendent
pa-038	pa-041	semblança textual provisional	8	bueno,bé,clar,crec,doncs,llavors,perquè,vull dir	consens entre dos ASR; revisió auditiva pendent
pa-038	pa-042	semblança textual provisional	3	clar,crec,perquè	consens entre dos ASR; revisió auditiva pendent
pa-038	pa-043	semblança textual provisional	3	bueno,crec,doncs	consens entre dos ASR; revisió auditiva pendent
pa-038	pa-045	semblança textual provisional	8	bueno,bé,clar,crec,doncs,llavors,o sigui,perquè	consens entre dos ASR; revisió auditiva pendent
pa-038	pa-046	semblança textual provisional	8	bueno,bé,clar,crec,diguem,doncs,o sigui,perquè	consens entre dos ASR; revisió auditiva pendent
pa-038	pa-048	semblança textual provisional	9	a nivell,bueno,bé,clar,crec,llavors,o sigui,perquè,vull dir	consens entre dos ASR; revisió auditiva pendent
pa-038	pa-049	semblança textual provisional	10	a nivell,bueno,bé,clar,crec,diguem,llavors,o sigui,perquè,vull dir	consens entre dos ASR; revisió auditiva pendent
pa-038	pa-055	semblança textual provisional	9	a nivell,bueno,bé,clar,doncs,llavors,o sigui,perquè,reformeta	consens entre dos ASR; revisió auditiva pendent
pa-038	pa-056	semblança textual provisional	8	bueno,bé,clar,crec,doncs,o sigui,perquè,vull dir	consens entre dos ASR; revisió auditiva pendent
pa-038	pa-057	semblança textual provisional	7	a nivell,bueno,bé,diguem,doncs,llavors,perquè	consens entre dos ASR; revisió auditiva pendent
pa-038	pa-058	semblança textual provisional	10	a nivell,bueno,bé,clar,crec,diguem,doncs,llavors,perquè,vull dir	consens entre dos ASR; revisió auditiva pendent
pa-038	pa-059	semblança textual provisional	8	a nivell,bueno,bé,clar,doncs,llavors,perquè,vull dir	consens entre dos ASR; revisió auditiva pendent
pa-038	pa-060	semblança textual provisional	7	a nivell,bueno,bé,crec,doncs,perquè,vull dir	consens entre dos ASR; revisió auditiva pendent
pa-038	pa-061	semblança textual provisional	10	a nivell,bueno,bé,clar,crec,doncs,llavors,o sigui,perquè,vull dir	consens entre dos ASR; revisió auditiva pendent
pa-038	pa-062	semblança textual provisional	9	bueno,bé,clar,crec,diguem,doncs,o sigui,perquè,vull dir	consens entre dos ASR; revisió auditiva pendent
pa-038	pa-063	semblança textual provisional	8	a nivell,bé,clar,crec,doncs,llavors,o sigui,perquè	consens entre dos ASR; revisió auditiva pendent
pa-038	pa-064	semblança textual provisional	7	bé,clar,crec,doncs,llavors,o sigui,perquè	consens entre dos ASR; revisió auditiva pendent
pa-038	pa-065	semblança textual provisional	9	bueno,bé,clar,crec,doncs,llavors,o sigui,perquè,vull dir	consens entre dos ASR; revisió auditiva pendent
pa-038	pa-066	semblança textual provisional	6	a nivell,bueno,bé,crec,llavors,perquè	consens entre dos ASR; revisió auditiva pendent
pa-039	pa-040	semblança textual provisional	5	bé,crec,doncs,evidentment,perquè	consens entre dos ASR; revisió auditiva pendent
pa-039	pa-041	semblança textual provisional	7	bueno,bé,clar,crec,doncs,evidentment,perquè	consens entre dos ASR; revisió auditiva pendent
pa-039	pa-042	semblança textual provisional	3	clar,crec,perquè	consens entre dos ASR; revisió auditiva pendent
pa-039	pa-043	semblança textual provisional	3	bueno,crec,doncs	consens entre dos ASR; revisió auditiva pendent
pa-039	pa-045	semblança textual provisional	7	bueno,bé,clar,crec,doncs,evidentment,perquè	consens entre dos ASR; revisió auditiva pendent
pa-039	pa-046	semblança textual provisional	8	bueno,bé,clar,crec,diguem,doncs,evidentment,perquè	consens entre dos ASR; revisió auditiva pendent
pa-039	pa-048	semblança textual provisional	5	bueno,bé,clar,crec,perquè	consens entre dos ASR; revisió auditiva pendent
pa-039	pa-049	semblança textual provisional	7	bueno,bé,clar,crec,diguem,evidentment,perquè	consens entre dos ASR; revisió auditiva pendent
pa-039	pa-055	semblança textual provisional	6	bueno,bé,clar,doncs,evidentment,perquè	consens entre dos ASR; revisió auditiva pendent
pa-039	pa-056	semblança textual provisional	7	bueno,bé,clar,crec,doncs,evidentment,perquè	consens entre dos ASR; revisió auditiva pendent
pa-039	pa-057	semblança textual provisional	5	bueno,bé,diguem,doncs,perquè	consens entre dos ASR; revisió auditiva pendent
pa-039	pa-058	semblança textual provisional	7	bueno,bé,clar,crec,diguem,doncs,perquè	consens entre dos ASR; revisió auditiva pendent
pa-039	pa-059	semblança textual provisional	6	bueno,bé,clar,doncs,evidentment,perquè	consens entre dos ASR; revisió auditiva pendent
pa-039	pa-060	semblança textual provisional	5	bueno,bé,crec,doncs,perquè	consens entre dos ASR; revisió auditiva pendent
pa-039	pa-061	semblança textual provisional	7	bueno,bé,clar,crec,doncs,evidentment,perquè	consens entre dos ASR; revisió auditiva pendent
pa-039	pa-062	semblança textual provisional	8	bueno,bé,clar,crec,diguem,doncs,evidentment,perquè	consens entre dos ASR; revisió auditiva pendent
pa-039	pa-063	semblança textual provisional	5	bé,clar,crec,doncs,perquè	consens entre dos ASR; revisió auditiva pendent
pa-039	pa-064	semblança textual provisional	6	bé,clar,crec,doncs,evidentment,perquè	consens entre dos ASR; revisió auditiva pendent
pa-039	pa-065	semblança textual provisional	6	bueno,bé,clar,crec,doncs,perquè	consens entre dos ASR; revisió auditiva pendent
pa-039	pa-066	semblança textual provisional	5	bueno,bé,crec,evidentment,perquè	consens entre dos ASR; revisió auditiva pendent
pa-040	pa-041	semblança textual provisional	5	bé,crec,doncs,evidentment,perquè	consens entre dos ASR; revisió auditiva pendent
pa-040	pa-045	semblança textual provisional	5	bé,crec,doncs,evidentment,perquè	consens entre dos ASR; revisió auditiva pendent
pa-040	pa-046	semblança textual provisional	5	bé,crec,doncs,evidentment,perquè	consens entre dos ASR; revisió auditiva pendent
pa-040	pa-048	semblança textual provisional	3	bé,crec,perquè	consens entre dos ASR; revisió auditiva pendent
pa-040	pa-049	semblança textual provisional	4	bé,crec,evidentment,perquè	consens entre dos ASR; revisió auditiva pendent
pa-040	pa-055	semblança textual provisional	4	bé,doncs,evidentment,perquè	consens entre dos ASR; revisió auditiva pendent
pa-040	pa-056	semblança textual provisional	5	bé,crec,doncs,evidentment,perquè	consens entre dos ASR; revisió auditiva pendent
pa-040	pa-057	semblança textual provisional	4	bé,de fet,doncs,perquè	consens entre dos ASR; revisió auditiva pendent
pa-040	pa-058	semblança textual provisional	4	bé,crec,doncs,perquè	consens entre dos ASR; revisió auditiva pendent
pa-040	pa-059	semblança textual provisional	4	bé,doncs,evidentment,perquè	consens entre dos ASR; revisió auditiva pendent
pa-040	pa-060	semblança textual provisional	5	bé,crec,de fet,doncs,perquè	consens entre dos ASR; revisió auditiva pendent
pa-040	pa-061	semblança textual provisional	5	bé,crec,doncs,evidentment,perquè	consens entre dos ASR; revisió auditiva pendent
pa-040	pa-062	semblança textual provisional	5	bé,crec,doncs,evidentment,perquè	consens entre dos ASR; revisió auditiva pendent
pa-040	pa-063	semblança textual provisional	4	bé,crec,doncs,perquè	consens entre dos ASR; revisió auditiva pendent
pa-040	pa-064	semblança textual provisional	5	bé,crec,doncs,evidentment,perquè	consens entre dos ASR; revisió auditiva pendent
pa-040	pa-065	semblança textual provisional	4	bé,crec,doncs,perquè	consens entre dos ASR; revisió auditiva pendent
pa-040	pa-066	semblança textual provisional	5	bé,crec,de fet,evidentment,perquè	consens entre dos ASR; revisió auditiva pendent
pa-041	pa-042	semblança textual provisional	3	clar,crec,perquè	consens entre dos ASR; revisió auditiva pendent
pa-041	pa-043	semblança textual provisional	4	bueno,crec,doncs,és a dir	consens entre dos ASR; revisió auditiva pendent
pa-041	pa-045	semblança textual provisional	9	a veure,bueno,bé,clar,crec,doncs,evidentment,llavors,perquè	consens entre dos ASR; revisió auditiva pendent
pa-041	pa-046	semblança textual provisional	7	bueno,bé,clar,crec,doncs,evidentment,perquè	consens entre dos ASR; revisió auditiva pendent
pa-041	pa-048	semblança textual provisional	9	a veure,bueno,bé,clar,crec,llavors,perquè,vull dir,és a dir	consens entre dos ASR; revisió auditiva pendent
pa-041	pa-049	semblança textual provisional	9	a veure,bueno,bé,clar,crec,evidentment,llavors,perquè,vull dir	consens entre dos ASR; revisió auditiva pendent
pa-041	pa-055	semblança textual provisional	9	a veure,bueno,bé,clar,doncs,evidentment,llavors,perquè,és a dir	consens entre dos ASR; revisió auditiva pendent
pa-041	pa-056	semblança textual provisional	10	a veure,bueno,bé,clar,crec,doncs,evidentment,perquè,vull dir,és a dir	consens entre dos ASR; revisió auditiva pendent
pa-041	pa-057	semblança textual provisional	6	bueno,bé,doncs,llavors,perquè,és a dir	consens entre dos ASR; revisió auditiva pendent
pa-041	pa-058	semblança textual provisional	10	a veure,bueno,bé,clar,crec,doncs,llavors,perquè,vull dir,és a dir	consens entre dos ASR; revisió auditiva pendent
pa-041	pa-059	semblança textual provisional	9	bueno,bé,clar,doncs,evidentment,llavors,perquè,vull dir,és a dir	consens entre dos ASR; revisió auditiva pendent
pa-041	pa-060	semblança textual provisional	8	a veure,bueno,bé,crec,doncs,perquè,vull dir,és a dir	consens entre dos ASR; revisió auditiva pendent
pa-041	pa-061	semblança textual provisional	10	a veure,bueno,bé,clar,crec,doncs,evidentment,llavors,perquè,vull dir	consens entre dos ASR; revisió auditiva pendent
pa-041	pa-062	semblança textual provisional	9	bueno,bé,clar,crec,doncs,evidentment,perquè,vull dir,és a dir	consens entre dos ASR; revisió auditiva pendent
pa-041	pa-063	semblança textual provisional	7	a veure,bé,clar,crec,doncs,llavors,perquè	consens entre dos ASR; revisió auditiva pendent
pa-041	pa-064	semblança textual provisional	9	a veure,bé,clar,crec,doncs,evidentment,llavors,perquè,és a dir	consens entre dos ASR; revisió auditiva pendent
pa-041	pa-065	semblança textual provisional	10	a veure,bueno,bé,clar,crec,doncs,llavors,perquè,vull dir,és a dir	consens entre dos ASR; revisió auditiva pendent
pa-041	pa-066	semblança textual provisional	6	bueno,bé,crec,evidentment,llavors,perquè	consens entre dos ASR; revisió auditiva pendent
pa-042	pa-045	semblança textual provisional	3	clar,crec,perquè	consens entre dos ASR; revisió auditiva pendent
pa-042	pa-046	semblança textual provisional	3	clar,crec,perquè	consens entre dos ASR; revisió auditiva pendent
pa-042	pa-048	semblança textual provisional	3	clar,crec,perquè	consens entre dos ASR; revisió auditiva pendent
pa-042	pa-049	semblança textual provisional	3	clar,crec,perquè	consens entre dos ASR; revisió auditiva pendent
pa-042	pa-056	semblança textual provisional	3	clar,crec,perquè	consens entre dos ASR; revisió auditiva pendent
pa-042	pa-058	semblança textual provisional	3	clar,crec,perquè	consens entre dos ASR; revisió auditiva pendent
pa-042	pa-061	semblança textual provisional	3	clar,crec,perquè	consens entre dos ASR; revisió auditiva pendent
pa-042	pa-062	semblança textual provisional	3	clar,crec,perquè	consens entre dos ASR; revisió auditiva pendent
pa-042	pa-063	semblança textual provisional	3	clar,crec,perquè	consens entre dos ASR; revisió auditiva pendent
pa-042	pa-064	semblança textual provisional	3	clar,crec,perquè	consens entre dos ASR; revisió auditiva pendent
pa-042	pa-065	semblança textual provisional	3	clar,crec,perquè	consens entre dos ASR; revisió auditiva pendent
pa-043	pa-045	semblança textual provisional	3	bueno,crec,doncs	consens entre dos ASR; revisió auditiva pendent
pa-043	pa-046	semblança textual provisional	3	bueno,crec,doncs	consens entre dos ASR; revisió auditiva pendent
pa-043	pa-048	semblança textual provisional	3	bueno,crec,és a dir	consens entre dos ASR; revisió auditiva pendent
pa-043	pa-055	semblança textual provisional	3	bueno,doncs,és a dir	consens entre dos ASR; revisió auditiva pendent
pa-043	pa-056	semblança textual provisional	4	bueno,crec,doncs,és a dir	consens entre dos ASR; revisió auditiva pendent
pa-043	pa-057	semblança textual provisional	3	bueno,doncs,és a dir	consens entre dos ASR; revisió auditiva pendent
pa-043	pa-058	semblança textual provisional	4	bueno,crec,doncs,és a dir	consens entre dos ASR; revisió auditiva pendent
pa-043	pa-059	semblança textual provisional	3	bueno,doncs,és a dir	consens entre dos ASR; revisió auditiva pendent
pa-043	pa-060	semblança textual provisional	4	bueno,crec,doncs,és a dir	consens entre dos ASR; revisió auditiva pendent
pa-043	pa-061	semblança textual provisional	3	bueno,crec,doncs	consens entre dos ASR; revisió auditiva pendent
pa-043	pa-062	semblança textual provisional	4	bueno,crec,doncs,és a dir	consens entre dos ASR; revisió auditiva pendent
pa-043	pa-064	semblança textual provisional	3	crec,doncs,és a dir	consens entre dos ASR; revisió auditiva pendent
pa-043	pa-065	semblança textual provisional	4	bueno,crec,doncs,és a dir	consens entre dos ASR; revisió auditiva pendent
pa-045	pa-046	semblança textual provisional	8	bueno,bé,clar,crec,doncs,evidentment,o sigui,perquè	consens entre dos ASR; revisió auditiva pendent
pa-045	pa-048	semblança textual provisional	8	a veure,bueno,bé,clar,crec,llavors,o sigui,perquè	consens entre dos ASR; revisió auditiva pendent
pa-045	pa-049	semblança textual provisional	10	a veure,aleshores,bueno,bé,clar,crec,evidentment,llavors,o sigui,perquè	consens entre dos ASR; revisió auditiva pendent
pa-045	pa-055	semblança textual provisional	9	a veure,bueno,bé,clar,doncs,evidentment,llavors,o sigui,perquè	consens entre dos ASR; revisió auditiva pendent
pa-045	pa-056	semblança textual provisional	9	a veure,bueno,bé,clar,crec,doncs,evidentment,o sigui,perquè	consens entre dos ASR; revisió auditiva pendent
pa-045	pa-057	semblança textual provisional	5	bueno,bé,doncs,llavors,perquè	consens entre dos ASR; revisió auditiva pendent
pa-045	pa-058	semblança textual provisional	8	a veure,bueno,bé,clar,crec,doncs,llavors,perquè	consens entre dos ASR; revisió auditiva pendent
pa-045	pa-059	semblança textual provisional	7	bueno,bé,clar,doncs,evidentment,llavors,perquè	consens entre dos ASR; revisió auditiva pendent
pa-045	pa-060	semblança textual provisional	6	a veure,bueno,bé,crec,doncs,perquè	consens entre dos ASR; revisió auditiva pendent
pa-045	pa-061	semblança textual provisional	10	a veure,bueno,bé,clar,crec,doncs,evidentment,llavors,o sigui,perquè	consens entre dos ASR; revisió auditiva pendent
pa-045	pa-062	semblança textual provisional	8	bueno,bé,clar,crec,doncs,evidentment,o sigui,perquè	consens entre dos ASR; revisió auditiva pendent
pa-045	pa-063	semblança textual provisional	9	a veure,aleshores,bé,clar,crec,doncs,llavors,o sigui,perquè	consens entre dos ASR; revisió auditiva pendent
pa-045	pa-064	semblança textual provisional	9	a veure,bé,clar,crec,doncs,evidentment,llavors,o sigui,perquè	consens entre dos ASR; revisió auditiva pendent
pa-045	pa-065	semblança textual provisional	10	a veure,aleshores,bueno,bé,clar,crec,doncs,llavors,o sigui,perquè	consens entre dos ASR; revisió auditiva pendent
pa-045	pa-066	semblança textual provisional	6	bueno,bé,crec,evidentment,llavors,perquè	consens entre dos ASR; revisió auditiva pendent
pa-046	pa-048	semblança textual provisional	6	bueno,bé,clar,crec,o sigui,perquè	consens entre dos ASR; revisió auditiva pendent
pa-046	pa-049	semblança textual provisional	8	bueno,bé,clar,crec,diguem,evidentment,o sigui,perquè	consens entre dos ASR; revisió auditiva pendent
pa-046	pa-055	semblança textual provisional	7	bueno,bé,clar,doncs,evidentment,o sigui,perquè	consens entre dos ASR; revisió auditiva pendent
pa-046	pa-056	semblança textual provisional	8	bueno,bé,clar,crec,doncs,evidentment,o sigui,perquè	consens entre dos ASR; revisió auditiva pendent
pa-046	pa-057	semblança textual provisional	5	bueno,bé,diguem,doncs,perquè	consens entre dos ASR; revisió auditiva pendent
pa-046	pa-058	semblança textual provisional	7	bueno,bé,clar,crec,diguem,doncs,perquè	consens entre dos ASR; revisió auditiva pendent
pa-046	pa-059	semblança textual provisional	6	bueno,bé,clar,doncs,evidentment,perquè	consens entre dos ASR; revisió auditiva pendent
pa-046	pa-060	semblança textual provisional	5	bueno,bé,crec,doncs,perquè	consens entre dos ASR; revisió auditiva pendent
pa-046	pa-061	semblança textual provisional	8	bueno,bé,clar,crec,doncs,evidentment,o sigui,perquè	consens entre dos ASR; revisió auditiva pendent
pa-046	pa-062	semblança textual provisional	9	bueno,bé,clar,crec,diguem,doncs,evidentment,o sigui,perquè	consens entre dos ASR; revisió auditiva pendent
pa-046	pa-063	semblança textual provisional	6	bé,clar,crec,doncs,o sigui,perquè	consens entre dos ASR; revisió auditiva pendent
pa-046	pa-064	semblança textual provisional	7	bé,clar,crec,doncs,evidentment,o sigui,perquè	consens entre dos ASR; revisió auditiva pendent
pa-046	pa-065	semblança textual provisional	7	bueno,bé,clar,crec,doncs,o sigui,perquè	consens entre dos ASR; revisió auditiva pendent
pa-046	pa-066	semblança textual provisional	5	bueno,bé,crec,evidentment,perquè	consens entre dos ASR; revisió auditiva pendent
pa-048	pa-049	semblança textual provisional	10	a nivell,a veure,bueno,bé,clar,crec,llavors,o sigui,perquè,vull dir	consens entre dos ASR; revisió auditiva pendent
pa-048	pa-055	semblança textual provisional	9	a nivell,a veure,bueno,bé,clar,llavors,o sigui,perquè,és a dir	consens entre dos ASR; revisió auditiva pendent
pa-048	pa-056	semblança textual provisional	9	a veure,bueno,bé,clar,crec,o sigui,perquè,vull dir,és a dir	consens entre dos ASR; revisió auditiva pendent
pa-048	pa-057	semblança textual provisional	6	a nivell,bueno,bé,llavors,perquè,és a dir	consens entre dos ASR; revisió auditiva pendent
pa-048	pa-058	semblança textual provisional	10	a nivell,a veure,bueno,bé,clar,crec,llavors,perquè,vull dir,és a dir	consens entre dos ASR; revisió auditiva pendent
pa-048	pa-059	semblança textual provisional	8	a nivell,bueno,bé,clar,llavors,perquè,vull dir,és a dir	consens entre dos ASR; revisió auditiva pendent
pa-048	pa-060	semblança textual provisional	8	a nivell,a veure,bueno,bé,crec,perquè,vull dir,és a dir	consens entre dos ASR; revisió auditiva pendent
pa-048	pa-061	semblança textual provisional	10	a nivell,a veure,bueno,bé,clar,crec,llavors,o sigui,perquè,vull dir	consens entre dos ASR; revisió auditiva pendent
pa-048	pa-062	semblança textual provisional	8	bueno,bé,clar,crec,o sigui,perquè,vull dir,és a dir	consens entre dos ASR; revisió auditiva pendent
pa-048	pa-063	semblança textual provisional	8	a nivell,a veure,bé,clar,crec,llavors,o sigui,perquè	consens entre dos ASR; revisió auditiva pendent
pa-048	pa-064	semblança textual provisional	8	a veure,bé,clar,crec,llavors,o sigui,perquè,és a dir	consens entre dos ASR; revisió auditiva pendent
pa-048	pa-065	semblança textual provisional	10	a veure,bueno,bé,clar,crec,llavors,o sigui,perquè,vull dir,és a dir	consens entre dos ASR; revisió auditiva pendent
pa-048	pa-066	semblança textual provisional	6	a nivell,bueno,bé,crec,llavors,perquè	consens entre dos ASR; revisió auditiva pendent
pa-049	pa-055	semblança textual provisional	9	a nivell,a veure,bueno,bé,clar,evidentment,llavors,o sigui,perquè	consens entre dos ASR; revisió auditiva pendent
pa-049	pa-056	semblança textual provisional	9	a veure,bueno,bé,clar,crec,evidentment,o sigui,perquè,vull dir	consens entre dos ASR; revisió auditiva pendent
pa-049	pa-057	semblança textual provisional	6	a nivell,bueno,bé,diguem,llavors,perquè	consens entre dos ASR; revisió auditiva pendent
pa-049	pa-058	semblança textual provisional	10	a nivell,a veure,bueno,bé,clar,crec,diguem,llavors,perquè,vull dir	consens entre dos ASR; revisió auditiva pendent
pa-049	pa-059	semblança textual provisional	8	a nivell,bueno,bé,clar,evidentment,llavors,perquè,vull dir	consens entre dos ASR; revisió auditiva pendent
pa-049	pa-060	semblança textual provisional	7	a nivell,a veure,bueno,bé,crec,perquè,vull dir	consens entre dos ASR; revisió auditiva pendent
pa-049	pa-061	semblança textual provisional	11	a nivell,a veure,bueno,bé,clar,crec,evidentment,llavors,o sigui,perquè,vull dir	consens entre dos ASR; revisió auditiva pendent
pa-049	pa-062	semblança textual provisional	9	bueno,bé,clar,crec,diguem,evidentment,o sigui,perquè,vull dir	consens entre dos ASR; revisió auditiva pendent
pa-049	pa-063	semblança textual provisional	9	a nivell,a veure,aleshores,bé,clar,crec,llavors,o sigui,perquè	consens entre dos ASR; revisió auditiva pendent
pa-049	pa-064	semblança textual provisional	8	a veure,bé,clar,crec,evidentment,llavors,o sigui,perquè	consens entre dos ASR; revisió auditiva pendent
pa-049	pa-065	semblança textual provisional	10	a veure,aleshores,bueno,bé,clar,crec,llavors,o sigui,perquè,vull dir	consens entre dos ASR; revisió auditiva pendent
pa-049	pa-066	semblança textual provisional	7	a nivell,bueno,bé,crec,evidentment,llavors,perquè	consens entre dos ASR; revisió auditiva pendent
pa-055	pa-056	semblança textual provisional	9	a veure,bueno,bé,clar,doncs,evidentment,o sigui,perquè,és a dir	consens entre dos ASR; revisió auditiva pendent
pa-055	pa-057	semblança textual provisional	7	a nivell,bueno,bé,doncs,llavors,perquè,és a dir	consens entre dos ASR; revisió auditiva pendent
pa-055	pa-058	semblança textual provisional	9	a nivell,a veure,bueno,bé,clar,doncs,llavors,perquè,és a dir	consens entre dos ASR; revisió auditiva pendent
pa-055	pa-059	semblança textual provisional	9	a nivell,bueno,bé,clar,doncs,evidentment,llavors,perquè,és a dir	consens entre dos ASR; revisió auditiva pendent
pa-055	pa-060	semblança textual provisional	7	a nivell,a veure,bueno,bé,doncs,perquè,és a dir	consens entre dos ASR; revisió auditiva pendent
pa-055	pa-061	semblança textual provisional	10	a nivell,a veure,bueno,bé,clar,doncs,evidentment,llavors,o sigui,perquè	consens entre dos ASR; revisió auditiva pendent
pa-055	pa-062	semblança textual provisional	8	bueno,bé,clar,doncs,evidentment,o sigui,perquè,és a dir	consens entre dos ASR; revisió auditiva pendent
pa-055	pa-063	semblança textual provisional	8	a nivell,a veure,bé,clar,doncs,llavors,o sigui,perquè	consens entre dos ASR; revisió auditiva pendent
pa-055	pa-064	semblança textual provisional	9	a veure,bé,clar,doncs,evidentment,llavors,o sigui,perquè,és a dir	consens entre dos ASR; revisió auditiva pendent
pa-055	pa-065	semblança textual provisional	9	a veure,bueno,bé,clar,doncs,llavors,o sigui,perquè,és a dir	consens entre dos ASR; revisió auditiva pendent
pa-055	pa-066	semblança textual provisional	6	a nivell,bueno,bé,evidentment,llavors,perquè	consens entre dos ASR; revisió auditiva pendent
pa-056	pa-057	semblança textual provisional	5	bueno,bé,doncs,perquè,és a dir	consens entre dos ASR; revisió auditiva pendent
pa-056	pa-058	semblança textual provisional	9	a veure,bueno,bé,clar,crec,doncs,perquè,vull dir,és a dir	consens entre dos ASR; revisió auditiva pendent
pa-056	pa-059	semblança textual provisional	9	bueno,bé,clar,doncs,evidentment,perquè,tirar endavant,vull dir,és a dir	consens entre dos ASR; revisió auditiva pendent
pa-056	pa-060	semblança textual provisional	8	a veure,bueno,bé,crec,doncs,perquè,vull dir,és a dir	consens entre dos ASR; revisió auditiva pendent
pa-056	pa-061	semblança textual provisional	10	a veure,bueno,bé,clar,crec,doncs,evidentment,o sigui,perquè,vull dir	consens entre dos ASR; revisió auditiva pendent
pa-056	pa-062	semblança textual provisional	10	bueno,bé,clar,crec,doncs,evidentment,o sigui,perquè,vull dir,és a dir	consens entre dos ASR; revisió auditiva pendent
pa-056	pa-063	semblança textual provisional	7	a veure,bé,clar,crec,doncs,o sigui,perquè	consens entre dos ASR; revisió auditiva pendent
pa-056	pa-064	semblança textual provisional	9	a veure,bé,clar,crec,doncs,evidentment,o sigui,perquè,és a dir	consens entre dos ASR; revisió auditiva pendent
pa-056	pa-065	semblança textual provisional	10	a veure,bueno,bé,clar,crec,doncs,o sigui,perquè,vull dir,és a dir	consens entre dos ASR; revisió auditiva pendent
pa-056	pa-066	semblança textual provisional	5	bueno,bé,crec,evidentment,perquè	consens entre dos ASR; revisió auditiva pendent
pa-057	pa-058	semblança textual provisional	8	a nivell,bueno,bé,diguem,doncs,llavors,perquè,és a dir	consens entre dos ASR; revisió auditiva pendent
pa-057	pa-059	semblança textual provisional	7	a nivell,bueno,bé,doncs,llavors,perquè,és a dir	consens entre dos ASR; revisió auditiva pendent
pa-057	pa-060	semblança textual provisional	7	a nivell,bueno,bé,de fet,doncs,perquè,és a dir	consens entre dos ASR; revisió auditiva pendent
pa-057	pa-061	semblança textual provisional	6	a nivell,bueno,bé,doncs,llavors,perquè	consens entre dos ASR; revisió auditiva pendent
pa-057	pa-062	semblança textual provisional	6	bueno,bé,diguem,doncs,perquè,és a dir	consens entre dos ASR; revisió auditiva pendent
pa-057	pa-063	semblança textual provisional	5	a nivell,bé,doncs,llavors,perquè	consens entre dos ASR; revisió auditiva pendent
pa-057	pa-064	semblança textual provisional	5	bé,doncs,llavors,perquè,és a dir	consens entre dos ASR; revisió auditiva pendent
pa-057	pa-065	semblança textual provisional	6	bueno,bé,doncs,llavors,perquè,és a dir	consens entre dos ASR; revisió auditiva pendent
pa-057	pa-066	semblança textual provisional	6	a nivell,bueno,bé,de fet,llavors,perquè	consens entre dos ASR; revisió auditiva pendent
pa-058	pa-059	semblança textual provisional	9	a nivell,bueno,bé,clar,doncs,llavors,perquè,vull dir,és a dir	consens entre dos ASR; revisió auditiva pendent
pa-058	pa-060	semblança textual provisional	9	a nivell,a veure,bueno,bé,crec,doncs,perquè,vull dir,és a dir	consens entre dos ASR; revisió auditiva pendent
pa-058	pa-061	semblança textual provisional	10	a nivell,a veure,bueno,bé,clar,crec,doncs,llavors,perquè,vull dir	consens entre dos ASR; revisió auditiva pendent
pa-058	pa-062	semblança textual provisional	9	bueno,bé,clar,crec,diguem,doncs,perquè,vull dir,és a dir	consens entre dos ASR; revisió auditiva pendent
pa-058	pa-063	semblança textual provisional	8	a nivell,a veure,bé,clar,crec,doncs,llavors,perquè	consens entre dos ASR; revisió auditiva pendent
pa-058	pa-064	semblança textual provisional	8	a veure,bé,clar,crec,doncs,llavors,perquè,és a dir	consens entre dos ASR; revisió auditiva pendent
pa-058	pa-065	semblança textual provisional	10	a veure,bueno,bé,clar,crec,doncs,llavors,perquè,vull dir,és a dir	consens entre dos ASR; revisió auditiva pendent
pa-058	pa-066	semblança textual provisional	6	a nivell,bueno,bé,crec,llavors,perquè	consens entre dos ASR; revisió auditiva pendent
pa-059	pa-060	semblança textual provisional	7	a nivell,bueno,bé,doncs,perquè,vull dir,és a dir	consens entre dos ASR; revisió auditiva pendent
pa-059	pa-061	semblança textual provisional	9	a nivell,bueno,bé,clar,doncs,evidentment,llavors,perquè,vull dir	consens entre dos ASR; revisió auditiva pendent
pa-059	pa-062	semblança textual provisional	8	bueno,bé,clar,doncs,evidentment,perquè,vull dir,és a dir	consens entre dos ASR; revisió auditiva pendent
pa-059	pa-063	semblança textual provisional	6	a nivell,bé,clar,doncs,llavors,perquè	consens entre dos ASR; revisió auditiva pendent
pa-059	pa-064	semblança textual provisional	7	bé,clar,doncs,evidentment,llavors,perquè,és a dir	consens entre dos ASR; revisió auditiva pendent
pa-059	pa-065	semblança textual provisional	8	bueno,bé,clar,doncs,llavors,perquè,vull dir,és a dir	consens entre dos ASR; revisió auditiva pendent
pa-059	pa-066	semblança textual provisional	6	a nivell,bueno,bé,evidentment,llavors,perquè	consens entre dos ASR; revisió auditiva pendent
pa-060	pa-061	semblança textual provisional	8	a nivell,a veure,bueno,bé,crec,doncs,perquè,vull dir	consens entre dos ASR; revisió auditiva pendent
pa-060	pa-062	semblança textual provisional	7	bueno,bé,crec,doncs,perquè,vull dir,és a dir	consens entre dos ASR; revisió auditiva pendent
pa-060	pa-063	semblança textual provisional	6	a nivell,a veure,bé,crec,doncs,perquè	consens entre dos ASR; revisió auditiva pendent
pa-060	pa-064	semblança textual provisional	6	a veure,bé,crec,doncs,perquè,és a dir	consens entre dos ASR; revisió auditiva pendent
pa-060	pa-065	semblança textual provisional	8	a veure,bueno,bé,crec,doncs,perquè,vull dir,és a dir	consens entre dos ASR; revisió auditiva pendent
pa-060	pa-066	semblança textual provisional	6	a nivell,bueno,bé,crec,de fet,perquè	consens entre dos ASR; revisió auditiva pendent
pa-061	pa-062	semblança textual provisional	9	bueno,bé,clar,crec,doncs,evidentment,o sigui,perquè,vull dir	consens entre dos ASR; revisió auditiva pendent
pa-061	pa-063	semblança textual provisional	9	a nivell,a veure,bé,clar,crec,doncs,llavors,o sigui,perquè	consens entre dos ASR; revisió auditiva pendent
pa-061	pa-064	semblança textual provisional	9	a veure,bé,clar,crec,doncs,evidentment,llavors,o sigui,perquè	consens entre dos ASR; revisió auditiva pendent
pa-061	pa-065	semblança textual provisional	10	a veure,bueno,bé,clar,crec,doncs,llavors,o sigui,perquè,vull dir	consens entre dos ASR; revisió auditiva pendent
pa-061	pa-066	semblança textual provisional	7	a nivell,bueno,bé,crec,evidentment,llavors,perquè	consens entre dos ASR; revisió auditiva pendent
pa-062	pa-063	semblança textual provisional	6	bé,clar,crec,doncs,o sigui,perquè	consens entre dos ASR; revisió auditiva pendent
pa-062	pa-064	semblança textual provisional	8	bé,clar,crec,doncs,evidentment,o sigui,perquè,és a dir	consens entre dos ASR; revisió auditiva pendent
pa-062	pa-065	semblança textual provisional	9	bueno,bé,clar,crec,doncs,o sigui,perquè,vull dir,és a dir	consens entre dos ASR; revisió auditiva pendent
pa-062	pa-066	semblança textual provisional	5	bueno,bé,crec,evidentment,perquè	consens entre dos ASR; revisió auditiva pendent
pa-063	pa-064	semblança textual provisional	8	a veure,bé,clar,crec,doncs,llavors,o sigui,perquè	consens entre dos ASR; revisió auditiva pendent
pa-063	pa-065	semblança textual provisional	9	a veure,aleshores,bé,clar,crec,doncs,llavors,o sigui,perquè	consens entre dos ASR; revisió auditiva pendent
pa-063	pa-066	semblança textual provisional	5	a nivell,bé,crec,llavors,perquè	consens entre dos ASR; revisió auditiva pendent
pa-064	pa-065	semblança textual provisional	9	a veure,bé,clar,crec,doncs,llavors,o sigui,perquè,és a dir	consens entre dos ASR; revisió auditiva pendent
pa-064	pa-066	semblança textual provisional	5	bé,crec,evidentment,llavors,perquè	consens entre dos ASR; revisió auditiva pendent
pa-065	pa-066	semblança textual provisional	5	bueno,bé,crec,llavors,perquè	consens entre dos ASR; revisió auditiva pendent
