id_a	id_b	n_formes_compartides	formes	estat
spk-001	spk-002	8	aleshores,bé,clar,de fet,evidentment,llavors,o sigui,perquè	matriu ASR completa; semblança textual provisional; pendent d'audició
spk-001	spk-003	10	Escaldes,Ordino,Sant Julià,aleshores,bé,clar,de fet,diguem,doncs,perquè	matriu ASR completa; semblança textual provisional; pendent d'audició
spk-001	spk-004	4	aleshores,bé,doncs,perquè	matriu ASR completa; semblança textual provisional; pendent d'audició
spk-001	spk-005	10	Escaldes,Ordino,Sant Julià,bé,clar,diguem,doncs,evidentment,llavors,perquè	matriu ASR completa; semblança textual provisional; pendent d'audició
spk-001	spk-006	7	Ordino,aleshores,bé,clar,doncs,llavors,perquè	matriu ASR completa; semblança textual provisional; pendent d'audició
spk-001	spk-007	10	Escaldes,aleshores,bé,clar,diguem,doncs,evidentment,llavors,o sigui,perquè	matriu ASR completa; semblança textual provisional; pendent d'audició
spk-001	spk-008	8	Sant Julià,aleshores,bé,de fet,diguem,doncs,llavors,perquè	matriu ASR completa; semblança textual provisional; pendent d'audició
spk-001	spk-009	8	Escaldes,bé,clar,de fet,diguem,doncs,llavors,perquè	matriu ASR completa; semblança textual provisional; pendent d'audició
spk-001	spk-010	7	aleshores,bé,clar,doncs,llavors,o sigui,perquè	matriu ASR completa; semblança textual provisional; pendent d'audició
spk-001	spk-011	7	Escaldes,Sant Julià,bé,de fet,evidentment,llavors,perquè	matriu ASR completa; semblança textual provisional; pendent d'audició
spk-001	spk-012	6	bé,clar,doncs,llavors,o sigui,perquè	matriu ASR completa; semblança textual provisional; pendent d'audició
spk-001	spk-013	3	Sant Julià,clar,perquè	matriu ASR completa; semblança textual provisional; pendent d'audició
spk-001	spk-014	7	bé,clar,doncs,evidentment,llavors,o sigui,perquè	matriu ASR completa; semblança textual provisional; pendent d'audició
spk-001	spk-015	10	Ordino,bé,clar,de fet,diguem,doncs,evidentment,llavors,o sigui,perquè	matriu ASR completa; semblança textual provisional; pendent d'audició
spk-001	spk-016	11	Escaldes,Ordino,Sant Julià,aleshores,bé,clar,doncs,evidentment,llavors,o sigui,perquè	matriu ASR completa; semblança textual provisional; pendent d'audició
spk-001	spk-017	7	Ordino,aleshores,bé,de fet,doncs,evidentment,perquè	matriu ASR completa; semblança textual provisional; pendent d'audició
spk-001	spk-018	9	Escaldes,aleshores,bé,clar,doncs,evidentment,llavors,o sigui,perquè	matriu ASR completa; semblança textual provisional; pendent d'audició
spk-001	spk-019	8	Escaldes,Ordino,Sant Julià,bé,de fet,doncs,evidentment,perquè	matriu ASR completa; semblança textual provisional; pendent d'audició
spk-001	spk-020	9	Ordino,bé,clar,de fet,diguem,doncs,llavors,o sigui,perquè	matriu ASR completa; semblança textual provisional; pendent d'audició
spk-001	spk-021	6	aleshores,bé,doncs,llavors,o sigui,perquè	matriu ASR completa; semblança textual provisional; pendent d'audició
spk-001	spk-022	8	Ordino,Sant Julià,bé,clar,diguem,doncs,evidentment,perquè	matriu ASR completa; semblança textual provisional; pendent d'audició
spk-001	spk-024	12	Escaldes,Ordino,Sant Julià,aleshores,bé,clar,de fet,diguem,doncs,evidentment,o sigui,perquè	matriu ASR completa; semblança textual provisional; pendent d'audició
spk-001	spk-025	8	Ordino,Sant Julià,bé,clar,diguem,doncs,evidentment,perquè	matriu ASR completa; semblança textual provisional; pendent d'audició
spk-001	spk-026	9	Escaldes,Ordino,Sant Julià,bé,clar,de fet,evidentment,llavors,perquè	matriu ASR completa; semblança textual provisional; pendent d'audició
spk-001	spk-027	7	bé,clar,diguem,doncs,evidentment,o sigui,perquè	matriu ASR completa; semblança textual provisional; pendent d'audició
spk-001	spk-028	9	Escaldes,Ordino,Sant Julià,bé,clar,doncs,evidentment,llavors,perquè	matriu ASR completa; semblança textual provisional; pendent d'audició
spk-001	spk-029	6	bé,de fet,doncs,evidentment,o sigui,perquè	matriu ASR completa; semblança textual provisional; pendent d'audició
spk-001	spk-030	9	aleshores,bé,clar,diguem,doncs,evidentment,llavors,o sigui,perquè	matriu ASR completa; semblança textual provisional; pendent d'audició
spk-001	spk-031	6	aleshores,bé,clar,doncs,evidentment,perquè	matriu ASR completa; semblança textual provisional; pendent d'audició
spk-001	spk-032	4	clar,de fet,llavors,perquè	matriu ASR completa; semblança textual provisional; pendent d'audició
spk-001	spk-033	6	aleshores,bé,clar,de fet,doncs,perquè	matriu ASR completa; semblança textual provisional; pendent d'audició
spk-001	spk-034	6	Escaldes,bé,clar,doncs,evidentment,perquè	matriu ASR completa; semblança textual provisional; pendent d'audició
spk-001	spk-035	10	Escaldes,Sant Julià,bé,clar,de fet,doncs,evidentment,llavors,o sigui,perquè	matriu ASR completa; semblança textual provisional; pendent d'audició
spk-001	spk-036	8	Escaldes,Ordino,Sant Julià,bé,clar,doncs,llavors,o sigui	matriu ASR completa; semblança textual provisional; pendent d'audició
spk-001	spk-037	8	Escaldes,bé,clar,diguem,doncs,llavors,o sigui,perquè	matriu ASR completa; semblança textual provisional; pendent d'audició
spk-001	spk-038	6	bé,clar,doncs,evidentment,llavors,perquè	matriu ASR completa; semblança textual provisional; pendent d'audició
spk-001	spk-039	8	Escaldes,Sant Julià,bé,clar,diguem,doncs,llavors,perquè	matriu ASR completa; semblança textual provisional; pendent d'audició
spk-001	spk-040	9	bé,clar,de fet,diguem,doncs,evidentment,llavors,o sigui,perquè	matriu ASR completa; semblança textual provisional; pendent d'audició
spk-001	spk-041	6	bé,clar,diguem,doncs,llavors,perquè	matriu ASR completa; semblança textual provisional; pendent d'audició
spk-001	spk-042	8	aleshores,bé,clar,de fet,doncs,llavors,o sigui,perquè	matriu ASR completa; semblança textual provisional; pendent d'audició
spk-001	spk-043	9	Escaldes,Sant Julià,bé,clar,doncs,evidentment,llavors,o sigui,perquè	matriu ASR completa; semblança textual provisional; pendent d'audició
spk-001	spk-044	9	Ordino,bé,clar,de fet,doncs,evidentment,llavors,o sigui,perquè	matriu ASR completa; semblança textual provisional; pendent d'audició
spk-001	spk-045	7	bé,clar,doncs,evidentment,llavors,o sigui,perquè	matriu ASR completa; semblança textual provisional; pendent d'audició
spk-001	spk-046	7	bé,clar,diguem,doncs,evidentment,llavors,perquè	matriu ASR completa; semblança textual provisional; pendent d'audició
spk-001	spk-047	4	Escaldes,bé,llavors,perquè	matriu ASR completa; semblança textual provisional; pendent d'audició
spk-001	spk-048	10	Escaldes,Ordino,Sant Julià,bé,clar,doncs,evidentment,llavors,o sigui,perquè	matriu ASR completa; semblança textual provisional; pendent d'audició
spk-001	spk-049	7	bé,clar,de fet,diguem,doncs,llavors,perquè	matriu ASR completa; semblança textual provisional; pendent d'audició
spk-001	spk-050	10	Ordino,Sant Julià,bé,clar,diguem,doncs,evidentment,llavors,o sigui,perquè	matriu ASR completa; semblança textual provisional; pendent d'audició
spk-001	spk-051	7	bé,clar,diguem,doncs,llavors,o sigui,perquè	matriu ASR completa; semblança textual provisional; pendent d'audició
spk-001	spk-052	3	clar,llavors,perquè	matriu ASR completa; semblança textual provisional; pendent d'audició
spk-001	spk-053	7	aleshores,bé,clar,de fet,diguem,evidentment,perquè	matriu ASR completa; semblança textual provisional; pendent d'audició
spk-001	spk-054	7	aleshores,bé,clar,doncs,llavors,o sigui,perquè	matriu ASR completa; semblança textual provisional; pendent d'audició
spk-001	spk-055	5	Escaldes,bé,doncs,evidentment,perquè	matriu ASR completa; semblança textual provisional; pendent d'audició
spk-001	spk-056	5	bé,doncs,llavors,o sigui,perquè	matriu ASR completa; semblança textual provisional; pendent d'audició
spk-001	spk-057	11	Escaldes,Ordino,Sant Julià,aleshores,bé,clar,doncs,evidentment,llavors,o sigui,perquè	matriu ASR completa; semblança textual provisional; pendent d'audició
spk-001	spk-058	5	Escaldes,Sant Julià,bé,llavors,perquè	matriu ASR completa; semblança textual provisional; pendent d'audició
spk-001	spk-059	8	Escaldes,Ordino,bé,clar,de fet,doncs,llavors,perquè	matriu ASR completa; semblança textual provisional; pendent d'audició
spk-001	spk-060	7	aleshores,bé,clar,de fet,llavors,o sigui,perquè	matriu ASR completa; semblança textual provisional; pendent d'audició
spk-002	spk-003	10	a veure,aleshores,bueno,bé,clar,de fet,no?,per tant,perquè,és a dir	matriu ASR completa; semblança textual provisional; pendent d'audició
spk-002	spk-004	4	aleshores,bé,per tant,perquè	matriu ASR completa; semblança textual provisional; pendent d'audició
spk-002	spk-005	11	a veure,andorrana,bueno,bé,clar,copríncep,evidentment,llavors,no?,perquè,és a dir	matriu ASR completa; semblança textual provisional; pendent d'audició
spk-002	spk-006	9	a veure,aleshores,bueno,bé,clar,llavors,no?,perquè,vull dir	matriu ASR completa; semblança textual provisional; pendent d'audició
spk-002	spk-007	14	a nivell,a veure,aleshores,andorrana,bueno,bé,clar,evidentment,llavors,no?,o sigui,perquè,vull dir,és a dir	matriu ASR completa; semblança textual provisional; pendent d'audició
spk-002	spk-008	10	a nivell,a veure,aleshores,bueno,bé,de fet,llavors,perquè,vull dir,és a dir	matriu ASR completa; semblança textual provisional; pendent d'audició
spk-002	spk-009	8	a nivell,bé,clar,de fet,llavors,perquè,vull dir,és a dir	matriu ASR completa; semblança textual provisional; pendent d'audició
spk-002	spk-010	13	a nivell,a veure,aleshores,andorrana,bueno,bé,clar,llavors,no?,o sigui,perquè,vull dir,és a dir	matriu ASR completa; semblança textual provisional; pendent d'audició
spk-002	spk-011	9	a nivell,bueno,bé,de fet,evidentment,llavors,no?,per tant,perquè	matriu ASR completa; semblança textual provisional; pendent d'audició
spk-002	spk-012	12	a nivell,a veure,bueno,bé,clar,llavors,no?,o sigui,perquè,veguer,vull dir,és a dir	matriu ASR completa; semblança textual provisional; pendent d'audició
spk-002	spk-013	3	clar,no?,perquè	matriu ASR completa; semblança textual provisional; pendent d'audició
spk-002	spk-014	11	a veure,bé,clar,evidentment,llavors,no?,o sigui,per tant,perquè,veguer,és a dir	matriu ASR completa; semblança textual provisional; pendent d'audició
spk-002	spk-015	14	bueno,bé,clar,comuns,de fet,evidentment,llavors,no?,o sigui,per tant,perquè,veguer,vull dir,és a dir	matriu ASR completa; semblança textual provisional; pendent d'audició
spk-002	spk-016	13	a veure,aleshores,bueno,bé,clar,evidentment,llavors,no?,o sigui,per tant,perquè,vull dir,és a dir	matriu ASR completa; semblança textual provisional; pendent d'audició
spk-002	spk-017	9	a veure,aleshores,bé,de fet,evidentment,no?,per tant,perquè,és a dir	matriu ASR completa; semblança textual provisional; pendent d'audició
spk-002	spk-018	12	a nivell,a veure,aleshores,bueno,bé,clar,evidentment,llavors,no?,o sigui,perquè,vull dir	matriu ASR completa; semblança textual provisional; pendent d'audició
spk-002	spk-019	7	bé,de fet,evidentment,no?,per tant,perquè,vull dir	matriu ASR completa; semblança textual provisional; pendent d'audició
spk-002	spk-020	13	a nivell,a veure,andorrana,bueno,bé,clar,comuns,de fet,llavors,no?,o sigui,perquè,és a dir	matriu ASR completa; semblança textual provisional; pendent d'audició
spk-002	spk-021	12	a nivell,a veure,aleshores,bueno,bé,llavors,no?,o sigui,per tant,perquè,vull dir,és a dir	matriu ASR completa; semblança textual provisional; pendent d'audició
spk-002	spk-022	10	a nivell,bueno,bé,clar,comuns,copríncep,evidentment,no?,perquè,vull dir	matriu ASR completa; semblança textual provisional; pendent d'audició
spk-002	spk-024	16	a veure,aleshores,bueno,bé,clar,comuns,copríncep,de fet,evidentment,no?,o sigui,per tant,perquè,veguer,vull dir,és a dir	matriu ASR completa; semblança textual provisional; pendent d'audició
spk-002	spk-025	8	bueno,bé,clar,evidentment,no?,per tant,perquè,és a dir	matriu ASR completa; semblança textual provisional; pendent d'audició
spk-002	spk-026	15	a nivell,a veure,bueno,bé,clar,copríncep,de fet,evidentment,llavors,no?,per tant,perquè,veguer,vull dir,és a dir	matriu ASR completa; semblança textual provisional; pendent d'audició
spk-002	spk-027	10	bueno,bé,clar,evidentment,no?,o sigui,per tant,perquè,vull dir,és a dir	matriu ASR completa; semblança textual provisional; pendent d'audició
spk-002	spk-028	11	a nivell,a veure,bueno,bé,clar,copríncep,evidentment,llavors,per tant,perquè,vull dir	matriu ASR completa; semblança textual provisional; pendent d'audició
spk-002	spk-029	5	bé,de fet,evidentment,o sigui,perquè	matriu ASR completa; semblança textual provisional; pendent d'audició
spk-002	spk-030	10	aleshores,bueno,bé,clar,evidentment,llavors,no?,o sigui,perquè,és a dir	matriu ASR completa; semblança textual provisional; pendent d'audició
spk-002	spk-031	10	a veure,aleshores,bueno,bé,clar,evidentment,no?,perquè,vull dir,és a dir	matriu ASR completa; semblança textual provisional; pendent d'audició
spk-002	spk-032	5	bueno,clar,de fet,llavors,perquè	matriu ASR completa; semblança textual provisional; pendent d'audició
spk-002	spk-033	8	a veure,aleshores,bueno,bé,clar,de fet,perquè,vull dir	matriu ASR completa; semblança textual provisional; pendent d'audició
spk-002	spk-034	8	a veure,bueno,bé,clar,comuns,evidentment,perquè,és a dir	matriu ASR completa; semblança textual provisional; pendent d'audició
spk-002	spk-035	13	a nivell,a veure,bueno,bé,clar,de fet,evidentment,llavors,no?,o sigui,per tant,perquè,és a dir	matriu ASR completa; semblança textual provisional; pendent d'audició
spk-002	spk-036	6	bé,clar,comuns,llavors,o sigui,per tant	matriu ASR completa; semblança textual provisional; pendent d'audició
spk-002	spk-037	13	a nivell,a veure,bueno,bé,clar,comuns,copríncep,llavors,no?,o sigui,perquè,veguer,vull dir	matriu ASR completa; semblança textual provisional; pendent d'audició
spk-002	spk-038	10	a veure,bueno,bé,clar,evidentment,llavors,per tant,perquè,vull dir,és a dir	matriu ASR completa; semblança textual provisional; pendent d'audició
spk-002	spk-039	13	a nivell,a veure,andorrana,bueno,bé,clar,comuns,copríncep,llavors,no?,perquè,vull dir,és a dir	matriu ASR completa; semblança textual provisional; pendent d'audició
spk-002	spk-040	12	a veure,bueno,bé,clar,de fet,evidentment,llavors,no?,o sigui,perquè,vull dir,és a dir	matriu ASR completa; semblança textual provisional; pendent d'audició
spk-002	spk-041	6	bueno,bé,clar,llavors,perquè,vull dir	matriu ASR completa; semblança textual provisional; pendent d'audició
spk-002	spk-042	13	a nivell,a veure,aleshores,bueno,bé,clar,de fet,llavors,o sigui,per tant,perquè,vull dir,és a dir	matriu ASR completa; semblança textual provisional; pendent d'audició
spk-002	spk-043	12	a nivell,bueno,bé,clar,copríncep,evidentment,llavors,o sigui,per tant,perquè,vull dir,és a dir	matriu ASR completa; semblança textual provisional; pendent d'audició
spk-002	spk-044	14	a nivell,a veure,bueno,bé,clar,de fet,evidentment,llavors,no?,o sigui,per tant,perquè,vull dir,és a dir	matriu ASR completa; semblança textual provisional; pendent d'audició
spk-002	spk-045	11	a nivell,a veure,bueno,bé,clar,evidentment,llavors,no?,o sigui,perquè,vull dir	matriu ASR completa; semblança textual provisional; pendent d'audició
spk-002	spk-046	11	a nivell,bueno,bé,clar,comuns,evidentment,llavors,no?,per tant,perquè,és a dir	matriu ASR completa; semblança textual provisional; pendent d'audició
spk-002	spk-047	3	bé,llavors,perquè	matriu ASR completa; semblança textual provisional; pendent d'audició
spk-002	spk-048	14	a nivell,a veure,bueno,bé,clar,copríncep,evidentment,llavors,no?,o sigui,per tant,perquè,vull dir,és a dir	matriu ASR completa; semblança textual provisional; pendent d'audició
spk-002	spk-049	7	bueno,bé,clar,de fet,llavors,no?,perquè	matriu ASR completa; semblança textual provisional; pendent d'audició
spk-002	spk-050	7	bé,clar,evidentment,llavors,o sigui,per tant,perquè	matriu ASR completa; semblança textual provisional; pendent d'audició
spk-002	spk-051	12	a nivell,a veure,bueno,bé,clar,llavors,no?,o sigui,per tant,perquè,vull dir,és a dir	matriu ASR completa; semblança textual provisional; pendent d'audició
spk-002	spk-052	4	bueno,clar,llavors,perquè	matriu ASR completa; semblança textual provisional; pendent d'audició
spk-002	spk-053	10	a nivell,aleshores,andorrana,bueno,bé,clar,de fet,evidentment,perquè,és a dir	matriu ASR completa; semblança textual provisional; pendent d'audició
spk-002	spk-054	12	a nivell,a veure,aleshores,bueno,bé,clar,llavors,no?,o sigui,per tant,perquè,vull dir	matriu ASR completa; semblança textual provisional; pendent d'audició
spk-002	spk-055	5	bé,evidentment,per tant,perquè,és a dir	matriu ASR completa; semblança textual provisional; pendent d'audició
spk-002	spk-056	4	bé,llavors,o sigui,perquè	matriu ASR completa; semblança textual provisional; pendent d'audició
spk-002	spk-057	10	a veure,aleshores,bé,clar,evidentment,llavors,o sigui,perquè,vull dir,és a dir	matriu ASR completa; semblança textual provisional; pendent d'audició
spk-002	spk-058	5	a veure,bueno,bé,llavors,perquè	matriu ASR completa; semblança textual provisional; pendent d'audició
spk-002	spk-059	8	bé,clar,comuns,de fet,llavors,per tant,perquè,és a dir	matriu ASR completa; semblança textual provisional; pendent d'audició
spk-002	spk-060	10	a veure,aleshores,bé,clar,de fet,llavors,no?,o sigui,per tant,perquè	matriu ASR completa; semblança textual provisional; pendent d'audició
spk-003	spk-004	5	aleshores,bé,doncs,per tant,perquè	matriu ASR completa; semblança textual provisional; pendent d'audició
spk-003	spk-005	13	Escaldes,Ordino,Sant Julià,a veure,bueno,bé,clar,comú,diguem,doncs,no?,perquè,és a dir	matriu ASR completa; semblança textual provisional; pendent d'audició
spk-003	spk-006	9	Ordino,a veure,aleshores,bueno,bé,clar,doncs,no?,perquè	matriu ASR completa; semblança textual provisional; pendent d'audició
spk-003	spk-007	13	Escaldes,a veure,aleshores,bueno,bé,clar,comú,diguem,doncs,no?,parròquia,perquè,és a dir	matriu ASR completa; semblança textual provisional; pendent d'audició
spk-003	spk-008	11	Sant Julià,a veure,aleshores,bueno,bé,de fet,diguem,doncs,parròquia,perquè,és a dir	matriu ASR completa; semblança textual provisional; pendent d'audició
spk-003	spk-009	9	Escaldes,bé,clar,de fet,diguem,doncs,parròquia,perquè,és a dir	matriu ASR completa; semblança textual provisional; pendent d'audició
spk-003	spk-010	9	a veure,aleshores,bueno,bé,clar,doncs,no?,perquè,és a dir	matriu ASR completa; semblança textual provisional; pendent d'audició
spk-003	spk-011	8	Escaldes,Sant Julià,bueno,bé,de fet,no?,per tant,perquè	matriu ASR completa; semblança textual provisional; pendent d'audició
spk-003	spk-012	8	a veure,bueno,bé,clar,doncs,no?,perquè,és a dir	matriu ASR completa; semblança textual provisional; pendent d'audició
spk-003	spk-013	4	Sant Julià,clar,no?,perquè	matriu ASR completa; semblança textual provisional; pendent d'audició
spk-003	spk-014	8	a veure,bé,clar,doncs,no?,per tant,perquè,és a dir	matriu ASR completa; semblança textual provisional; pendent d'audició
spk-003	spk-015	12	Ordino,bueno,bé,clar,de fet,diguem,doncs,no?,parròquia,per tant,perquè,és a dir	matriu ASR completa; semblança textual provisional; pendent d'audició
spk-003	spk-016	14	Escaldes,Ordino,Sant Julià,a veure,aleshores,bueno,bé,clar,doncs,no?,parròquia,per tant,perquè,és a dir	matriu ASR completa; semblança textual provisional; pendent d'audició
spk-003	spk-017	10	Ordino,a veure,aleshores,bé,de fet,doncs,no?,per tant,perquè,és a dir	matriu ASR completa; semblança textual provisional; pendent d'audició
spk-003	spk-018	9	Escaldes,a veure,aleshores,bueno,bé,clar,doncs,no?,perquè	matriu ASR completa; semblança textual provisional; pendent d'audició
spk-003	spk-019	11	Escaldes,Ordino,Sant Julià,bé,comú,de fet,doncs,no?,parròquia,per tant,perquè	matriu ASR completa; semblança textual provisional; pendent d'audició
spk-003	spk-020	11	Ordino,a veure,bueno,bé,clar,de fet,diguem,doncs,no?,perquè,és a dir	matriu ASR completa; semblança textual provisional; pendent d'audició
spk-003	spk-021	9	a veure,aleshores,bueno,bé,doncs,no?,per tant,perquè,és a dir	matriu ASR completa; semblança textual provisional; pendent d'audició
spk-003	spk-022	10	Ordino,Sant Julià,bueno,bé,clar,comú,diguem,doncs,no?,perquè	matriu ASR completa; semblança textual provisional; pendent d'audició
spk-003	spk-023	3	bueno,doncs,és a dir	matriu ASR completa; semblança textual provisional; pendent d'audició
spk-003	spk-024	16	Escaldes,Ordino,Sant Julià,a veure,aleshores,bueno,bé,clar,de fet,diguem,doncs,no?,parròquia,per tant,perquè,és a dir	matriu ASR completa; semblança textual provisional; pendent d'audició
spk-003	spk-025	12	Ordino,Sant Julià,bueno,bé,clar,comú,diguem,doncs,no?,per tant,perquè,és a dir	matriu ASR completa; semblança textual provisional; pendent d'audició
spk-003	spk-026	14	Escaldes,Ordino,Sant Julià,a veure,bueno,bé,clar,comú,de fet,no?,parròquia,per tant,perquè,és a dir	matriu ASR completa; semblança textual provisional; pendent d'audició
spk-003	spk-027	9	bueno,bé,clar,diguem,doncs,no?,per tant,perquè,és a dir	matriu ASR completa; semblança textual provisional; pendent d'audició
spk-003	spk-028	11	Escaldes,Ordino,Sant Julià,a veure,bueno,bé,clar,comú,doncs,per tant,perquè	matriu ASR completa; semblança textual provisional; pendent d'audició
spk-003	spk-029	5	bé,de fet,doncs,parròquia,perquè	matriu ASR completa; semblança textual provisional; pendent d'audició
spk-003	spk-030	9	aleshores,bueno,bé,clar,diguem,doncs,no?,perquè,és a dir	matriu ASR completa; semblança textual provisional; pendent d'audició
spk-003	spk-031	10	a veure,aleshores,bueno,bé,clar,doncs,no?,parròquia,perquè,és a dir	matriu ASR completa; semblança textual provisional; pendent d'audició
spk-003	spk-032	5	bueno,clar,comú,de fet,perquè	matriu ASR completa; semblança textual provisional; pendent d'audició
spk-003	spk-033	8	a veure,aleshores,bueno,bé,clar,de fet,doncs,perquè	matriu ASR completa; semblança textual provisional; pendent d'audició
spk-003	spk-034	10	Escaldes,a veure,bueno,bé,clar,comú,doncs,parròquia,perquè,és a dir	matriu ASR completa; semblança textual provisional; pendent d'audició
spk-003	spk-035	13	Escaldes,Sant Julià,a veure,bueno,bé,clar,de fet,doncs,no?,parròquia,per tant,perquè,és a dir	matriu ASR completa; semblança textual provisional; pendent d'audició
spk-003	spk-036	9	Escaldes,Ordino,Sant Julià,bé,clar,comú,doncs,parròquia,per tant	matriu ASR completa; semblança textual provisional; pendent d'audició
spk-003	spk-037	10	Escaldes,a veure,bueno,bé,clar,diguem,doncs,no?,parròquia,perquè	matriu ASR completa; semblança textual provisional; pendent d'audició
spk-003	spk-038	8	a veure,bueno,bé,clar,doncs,per tant,perquè,és a dir	matriu ASR completa; semblança textual provisional; pendent d'audició
spk-003	spk-039	13	Escaldes,Sant Julià,a veure,bueno,bé,clar,comú,diguem,doncs,no?,parròquia,perquè,és a dir	matriu ASR completa; semblança textual provisional; pendent d'audició
spk-003	spk-040	10	a veure,bueno,bé,clar,de fet,diguem,doncs,no?,perquè,és a dir	matriu ASR completa; semblança textual provisional; pendent d'audició
spk-003	spk-041	8	bueno,bé,clar,comú,diguem,doncs,parròquia,perquè	matriu ASR completa; semblança textual provisional; pendent d'audició
spk-003	spk-042	11	a veure,aleshores,bueno,bé,clar,comú,de fet,doncs,per tant,perquè,és a dir	matriu ASR completa; semblança textual provisional; pendent d'audició
spk-003	spk-043	10	Escaldes,Sant Julià,bueno,bé,clar,comú,doncs,per tant,perquè,és a dir	matriu ASR completa; semblança textual provisional; pendent d'audició
spk-003	spk-044	12	Ordino,a veure,bueno,bé,clar,de fet,doncs,no?,parròquia,per tant,perquè,és a dir	matriu ASR completa; semblança textual provisional; pendent d'audició
spk-003	spk-045	7	a veure,bueno,bé,clar,doncs,no?,perquè	matriu ASR completa; semblança textual provisional; pendent d'audició
spk-003	spk-046	9	bueno,bé,clar,diguem,doncs,no?,per tant,perquè,és a dir	matriu ASR completa; semblança textual provisional; pendent d'audició
spk-003	spk-047	3	Escaldes,bé,perquè	matriu ASR completa; semblança textual provisional; pendent d'audició
spk-003	spk-048	12	Escaldes,Ordino,Sant Julià,a veure,bueno,bé,clar,doncs,no?,per tant,perquè,és a dir	matriu ASR completa; semblança textual provisional; pendent d'audició
spk-003	spk-049	8	bueno,bé,clar,de fet,diguem,doncs,no?,perquè	matriu ASR completa; semblança textual provisional; pendent d'audició
spk-003	spk-050	10	Ordino,Sant Julià,bé,clar,comú,diguem,doncs,parròquia,per tant,perquè	matriu ASR completa; semblança textual provisional; pendent d'audició
spk-003	spk-051	12	a veure,bueno,bé,clar,comú,diguem,doncs,no?,parròquia,per tant,perquè,és a dir	matriu ASR completa; semblança textual provisional; pendent d'audició
spk-003	spk-052	3	bueno,clar,perquè	matriu ASR completa; semblança textual provisional; pendent d'audició
spk-003	spk-053	8	aleshores,bueno,bé,clar,de fet,diguem,perquè,és a dir	matriu ASR completa; semblança textual provisional; pendent d'audició
spk-003	spk-054	9	a veure,aleshores,bueno,bé,clar,doncs,no?,per tant,perquè	matriu ASR completa; semblança textual provisional; pendent d'audició
spk-003	spk-055	6	Escaldes,bé,doncs,per tant,perquè,és a dir	matriu ASR completa; semblança textual provisional; pendent d'audició
spk-003	spk-056	4	bé,doncs,parròquia,perquè	matriu ASR completa; semblança textual provisional; pendent d'audició
spk-003	spk-057	11	Escaldes,Ordino,Sant Julià,a veure,aleshores,bé,clar,comú,doncs,perquè,és a dir	matriu ASR completa; semblança textual provisional; pendent d'audició
spk-003	spk-058	6	Escaldes,Sant Julià,a veure,bueno,bé,perquè	matriu ASR completa; semblança textual provisional; pendent d'audició
spk-003	spk-059	9	Escaldes,Ordino,bé,clar,de fet,doncs,per tant,perquè,és a dir	matriu ASR completa; semblança textual provisional; pendent d'audició
spk-003	spk-060	8	a veure,aleshores,bé,clar,de fet,no?,per tant,perquè	matriu ASR completa; semblança textual provisional; pendent d'audició
spk-004	spk-005	3	bé,doncs,perquè	matriu ASR completa; semblança textual provisional; pendent d'audició
spk-004	spk-006	4	aleshores,bé,doncs,perquè	matriu ASR completa; semblança textual provisional; pendent d'audició
spk-004	spk-007	4	aleshores,bé,doncs,perquè	matriu ASR completa; semblança textual provisional; pendent d'audició
spk-004	spk-008	4	aleshores,bé,doncs,perquè	matriu ASR completa; semblança textual provisional; pendent d'audició
spk-004	spk-009	3	bé,doncs,perquè	matriu ASR completa; semblança textual provisional; pendent d'audició
spk-004	spk-010	4	aleshores,bé,doncs,perquè	matriu ASR completa; semblança textual provisional; pendent d'audició
spk-004	spk-011	3	bé,per tant,perquè	matriu ASR completa; semblança textual provisional; pendent d'audició
spk-004	spk-012	3	bé,doncs,perquè	matriu ASR completa; semblança textual provisional; pendent d'audició
spk-004	spk-014	4	bé,doncs,per tant,perquè	matriu ASR completa; semblança textual provisional; pendent d'audició
spk-004	spk-015	4	bé,doncs,per tant,perquè	matriu ASR completa; semblança textual provisional; pendent d'audició
spk-004	spk-016	5	aleshores,bé,doncs,per tant,perquè	matriu ASR completa; semblança textual provisional; pendent d'audició
spk-004	spk-017	5	aleshores,bé,doncs,per tant,perquè	matriu ASR completa; semblança textual provisional; pendent d'audició
spk-004	spk-018	4	aleshores,bé,doncs,perquè	matriu ASR completa; semblança textual provisional; pendent d'audició
spk-004	spk-019	4	bé,doncs,per tant,perquè	matriu ASR completa; semblança textual provisional; pendent d'audició
spk-004	spk-020	3	bé,doncs,perquè	matriu ASR completa; semblança textual provisional; pendent d'audició
spk-004	spk-021	5	aleshores,bé,doncs,per tant,perquè	matriu ASR completa; semblança textual provisional; pendent d'audició
spk-004	spk-022	3	bé,doncs,perquè	matriu ASR completa; semblança textual provisional; pendent d'audició
spk-004	spk-024	5	aleshores,bé,doncs,per tant,perquè	matriu ASR completa; semblança textual provisional; pendent d'audició
spk-004	spk-025	4	bé,doncs,per tant,perquè	matriu ASR completa; semblança textual provisional; pendent d'audició
spk-004	spk-026	3	bé,per tant,perquè	matriu ASR completa; semblança textual provisional; pendent d'audició
spk-004	spk-027	4	bé,doncs,per tant,perquè	matriu ASR completa; semblança textual provisional; pendent d'audició
spk-004	spk-028	4	bé,doncs,per tant,perquè	matriu ASR completa; semblança textual provisional; pendent d'audició
spk-004	spk-029	3	bé,doncs,perquè	matriu ASR completa; semblança textual provisional; pendent d'audició
spk-004	spk-030	4	aleshores,bé,doncs,perquè	matriu ASR completa; semblança textual provisional; pendent d'audició
spk-004	spk-031	4	aleshores,bé,doncs,perquè	matriu ASR completa; semblança textual provisional; pendent d'audició
spk-004	spk-033	4	aleshores,bé,doncs,perquè	matriu ASR completa; semblança textual provisional; pendent d'audició
spk-004	spk-034	3	bé,doncs,perquè	matriu ASR completa; semblança textual provisional; pendent d'audició
spk-004	spk-035	4	bé,doncs,per tant,perquè	matriu ASR completa; semblança textual provisional; pendent d'audició
spk-004	spk-036	3	bé,doncs,per tant	matriu ASR completa; semblança textual provisional; pendent d'audició
spk-004	spk-037	3	bé,doncs,perquè	matriu ASR completa; semblança textual provisional; pendent d'audició
spk-004	spk-038	4	bé,doncs,per tant,perquè	matriu ASR completa; semblança textual provisional; pendent d'audició
spk-004	spk-039	3	bé,doncs,perquè	matriu ASR completa; semblança textual provisional; pendent d'audició
spk-004	spk-040	3	bé,doncs,perquè	matriu ASR completa; semblança textual provisional; pendent d'audició
spk-004	spk-041	3	bé,doncs,perquè	matriu ASR completa; semblança textual provisional; pendent d'audició
spk-004	spk-042	5	aleshores,bé,doncs,per tant,perquè	matriu ASR completa; semblança textual provisional; pendent d'audició
spk-004	spk-043	4	bé,doncs,per tant,perquè	matriu ASR completa; semblança textual provisional; pendent d'audició
spk-004	spk-044	4	bé,doncs,per tant,perquè	matriu ASR completa; semblança textual provisional; pendent d'audició
spk-004	spk-045	3	bé,doncs,perquè	matriu ASR completa; semblança textual provisional; pendent d'audició
spk-004	spk-046	4	bé,doncs,per tant,perquè	matriu ASR completa; semblança textual provisional; pendent d'audició
spk-004	spk-048	4	bé,doncs,per tant,perquè	matriu ASR completa; semblança textual provisional; pendent d'audició
spk-004	spk-049	3	bé,doncs,perquè	matriu ASR completa; semblança textual provisional; pendent d'audició
spk-004	spk-050	4	bé,doncs,per tant,perquè	matriu ASR completa; semblança textual provisional; pendent d'audició
spk-004	spk-051	4	bé,doncs,per tant,perquè	matriu ASR completa; semblança textual provisional; pendent d'audició
spk-004	spk-053	3	aleshores,bé,perquè	matriu ASR completa; semblança textual provisional; pendent d'audició
spk-004	spk-054	5	aleshores,bé,doncs,per tant,perquè	matriu ASR completa; semblança textual provisional; pendent d'audició
spk-004	spk-055	4	bé,doncs,per tant,perquè	matriu ASR completa; semblança textual provisional; pendent d'audició
spk-004	spk-056	3	bé,doncs,perquè	matriu ASR completa; semblança textual provisional; pendent d'audició
spk-004	spk-057	4	aleshores,bé,doncs,perquè	matriu ASR completa; semblança textual provisional; pendent d'audició
spk-004	spk-059	4	bé,doncs,per tant,perquè	matriu ASR completa; semblança textual provisional; pendent d'audició
spk-004	spk-060	4	aleshores,bé,per tant,perquè	matriu ASR completa; semblança textual provisional; pendent d'audició
spk-005	spk-006	9	Ordino,a veure,bueno,bé,clar,doncs,llavors,no?,perquè	matriu ASR completa; semblança textual provisional; pendent d'audició
spk-005	spk-007	14	Escaldes,a veure,andorrana,bueno,bé,clar,comú,diguem,doncs,evidentment,llavors,no?,perquè,és a dir	matriu ASR completa; semblança textual provisional; pendent d'audició
spk-005	spk-008	10	Canillo,Sant Julià,a veure,bueno,bé,diguem,doncs,llavors,perquè,és a dir	matriu ASR completa; semblança textual provisional; pendent d'audició
spk-005	spk-009	8	Escaldes,bé,clar,diguem,doncs,llavors,perquè,és a dir	matriu ASR completa; semblança textual provisional; pendent d'audició
spk-005	spk-010	10	a veure,andorrana,bueno,bé,clar,doncs,llavors,no?,perquè,és a dir	matriu ASR completa; semblança textual provisional; pendent d'audició
spk-005	spk-011	8	Escaldes,Sant Julià,bueno,bé,evidentment,llavors,no?,perquè	matriu ASR completa; semblança textual provisional; pendent d'audició
spk-005	spk-012	9	a veure,bueno,bé,clar,doncs,llavors,no?,perquè,és a dir	matriu ASR completa; semblança textual provisional; pendent d'audició
spk-005	spk-013	4	Sant Julià,clar,no?,perquè	matriu ASR completa; semblança textual provisional; pendent d'audició
spk-005	spk-014	10	Massana,a veure,bé,clar,doncs,evidentment,llavors,no?,perquè,és a dir	matriu ASR completa; semblança textual provisional; pendent d'audició
spk-005	spk-015	12	Canillo,Ordino,bueno,bé,clar,diguem,doncs,evidentment,llavors,no?,perquè,és a dir	matriu ASR completa; semblança textual provisional; pendent d'audició
spk-005	spk-016	15	Canillo,Escaldes,Massana,Ordino,Sant Julià,a veure,bueno,bé,clar,doncs,evidentment,llavors,no?,perquè,és a dir	matriu ASR completa; semblança textual provisional; pendent d'audició
spk-005	spk-017	8	Ordino,a veure,bé,doncs,evidentment,no?,perquè,és a dir	matriu ASR completa; semblança textual provisional; pendent d'audició
spk-005	spk-018	10	Escaldes,a veure,bueno,bé,clar,doncs,evidentment,llavors,no?,perquè	matriu ASR completa; semblança textual provisional; pendent d'audició
spk-005	spk-019	9	Escaldes,Ordino,Sant Julià,bé,comú,doncs,evidentment,no?,perquè	matriu ASR completa; semblança textual provisional; pendent d'audició
spk-005	spk-020	12	Ordino,a veure,andorrana,bueno,bé,clar,diguem,doncs,llavors,no?,perquè,és a dir	matriu ASR completa; semblança textual provisional; pendent d'audició
spk-005	spk-021	8	a veure,bueno,bé,doncs,llavors,no?,perquè,és a dir	matriu ASR completa; semblança textual provisional; pendent d'audició
spk-005	spk-022	13	Massana,Ordino,Sant Julià,bueno,bé,clar,comú,copríncep,diguem,doncs,evidentment,no?,perquè	matriu ASR completa; semblança textual provisional; pendent d'audició
spk-005	spk-023	3	bueno,doncs,és a dir	matriu ASR completa; semblança textual provisional; pendent d'audició
spk-005	spk-024	15	Escaldes,Massana,Ordino,Sant Julià,a veure,bueno,bé,clar,copríncep,diguem,doncs,evidentment,no?,perquè,és a dir	matriu ASR completa; semblança textual provisional; pendent d'audició
spk-005	spk-025	13	Canillo,Ordino,Sant Julià,bueno,bé,clar,comú,diguem,doncs,evidentment,no?,perquè,és a dir	matriu ASR completa; semblança textual provisional; pendent d'audició
spk-005	spk-026	16	Canillo,Escaldes,Massana,Ordino,Sant Julià,a veure,bueno,bé,clar,comú,copríncep,evidentment,llavors,no?,perquè,és a dir	matriu ASR completa; semblança textual provisional; pendent d'audició
spk-005	spk-027	10	Canillo,bueno,bé,clar,diguem,doncs,evidentment,no?,perquè,és a dir	matriu ASR completa; semblança textual provisional; pendent d'audició
spk-005	spk-028	14	Canillo,Escaldes,Ordino,Sant Julià,a veure,bueno,bé,clar,comú,copríncep,doncs,evidentment,llavors,perquè	matriu ASR completa; semblança textual provisional; pendent d'audició
spk-005	spk-029	4	bé,doncs,evidentment,perquè	matriu ASR completa; semblança textual provisional; pendent d'audició
spk-005	spk-030	11	Canillo,bueno,bé,clar,diguem,doncs,evidentment,llavors,no?,perquè,és a dir	matriu ASR completa; semblança textual provisional; pendent d'audició
spk-005	spk-031	10	Canillo,a veure,bueno,bé,clar,doncs,evidentment,no?,perquè,és a dir	matriu ASR completa; semblança textual provisional; pendent d'audició
spk-005	spk-032	5	bueno,clar,comú,llavors,perquè	matriu ASR completa; semblança textual provisional; pendent d'audició
spk-005	spk-033	8	Canillo,Massana,a veure,bueno,bé,clar,doncs,perquè	matriu ASR completa; semblança textual provisional; pendent d'audició
spk-005	spk-034	10	Escaldes,a veure,bueno,bé,clar,comú,doncs,evidentment,perquè,és a dir	matriu ASR completa; semblança textual provisional; pendent d'audició
spk-005	spk-035	12	Escaldes,Sant Julià,a veure,bueno,bé,clar,doncs,evidentment,llavors,no?,perquè,és a dir	matriu ASR completa; semblança textual provisional; pendent d'audició
spk-005	spk-036	9	Canillo,Escaldes,Ordino,Sant Julià,bé,clar,comú,doncs,llavors	matriu ASR completa; semblança textual provisional; pendent d'audició
spk-005	spk-037	12	Canillo,Escaldes,a veure,bueno,bé,clar,copríncep,diguem,doncs,llavors,no?,perquè	matriu ASR completa; semblança textual provisional; pendent d'audició
spk-005	spk-038	9	a veure,bueno,bé,clar,doncs,evidentment,llavors,perquè,és a dir	matriu ASR completa; semblança textual provisional; pendent d'audició
spk-005	spk-039	16	Canillo,Escaldes,Sant Julià,a veure,andorrana,bueno,bé,clar,comú,copríncep,diguem,doncs,llavors,no?,perquè,és a dir	matriu ASR completa; semblança textual provisional; pendent d'audició
spk-005	spk-040	11	a veure,bueno,bé,clar,diguem,doncs,evidentment,llavors,no?,perquè,és a dir	matriu ASR completa; semblança textual provisional; pendent d'audició
spk-005	spk-041	9	Canillo,bueno,bé,clar,comú,diguem,doncs,llavors,perquè	matriu ASR completa; semblança textual provisional; pendent d'audició
spk-005	spk-042	10	Canillo,a veure,bueno,bé,clar,comú,doncs,llavors,perquè,és a dir	matriu ASR completa; semblança textual provisional; pendent d'audició
spk-005	spk-043	12	Escaldes,Sant Julià,bueno,bé,clar,comú,copríncep,doncs,evidentment,llavors,perquè,és a dir	matriu ASR completa; semblança textual provisional; pendent d'audició
spk-005	spk-044	12	Canillo,Ordino,a veure,bueno,bé,clar,doncs,evidentment,llavors,no?,perquè,és a dir	matriu ASR completa; semblança textual provisional; pendent d'audició
spk-005	spk-045	9	a veure,bueno,bé,clar,doncs,evidentment,llavors,no?,perquè	matriu ASR completa; semblança textual provisional; pendent d'audició
spk-005	spk-046	10	bueno,bé,clar,diguem,doncs,evidentment,llavors,no?,perquè,és a dir	matriu ASR completa; semblança textual provisional; pendent d'audició
spk-005	spk-047	4	Escaldes,bé,llavors,perquè	matriu ASR completa; semblança textual provisional; pendent d'audició
spk-005	spk-048	16	Canillo,Escaldes,Massana,Ordino,Sant Julià,a veure,bueno,bé,clar,copríncep,doncs,evidentment,llavors,no?,perquè,és a dir	matriu ASR completa; semblança textual provisional; pendent d'audició
spk-005	spk-049	8	bueno,bé,clar,diguem,doncs,llavors,no?,perquè	matriu ASR completa; semblança textual provisional; pendent d'audició
spk-005	spk-050	11	Canillo,Ordino,Sant Julià,bé,clar,comú,diguem,doncs,evidentment,llavors,perquè	matriu ASR completa; semblança textual provisional; pendent d'audició
spk-005	spk-051	13	Canillo,Massana,a veure,bueno,bé,clar,comú,diguem,doncs,llavors,no?,perquè,és a dir	matriu ASR completa; semblança textual provisional; pendent d'audició
spk-005	spk-052	4	bueno,clar,llavors,perquè	matriu ASR completa; semblança textual provisional; pendent d'audició
spk-005	spk-053	8	andorrana,bueno,bé,clar,diguem,evidentment,perquè,és a dir	matriu ASR completa; semblança textual provisional; pendent d'audició
spk-005	spk-054	8	a veure,bueno,bé,clar,doncs,llavors,no?,perquè	matriu ASR completa; semblança textual provisional; pendent d'audició
spk-005	spk-055	6	Escaldes,bé,doncs,evidentment,perquè,és a dir	matriu ASR completa; semblança textual provisional; pendent d'audició
spk-005	spk-056	4	bé,doncs,llavors,perquè	matriu ASR completa; semblança textual provisional; pendent d'audició
spk-005	spk-057	12	Escaldes,Ordino,Sant Julià,a veure,bé,clar,comú,doncs,evidentment,llavors,perquè,és a dir	matriu ASR completa; semblança textual provisional; pendent d'audició
spk-005	spk-058	7	Escaldes,Sant Julià,a veure,bueno,bé,llavors,perquè	matriu ASR completa; semblança textual provisional; pendent d'audició
spk-005	spk-059	8	Escaldes,Ordino,bé,clar,doncs,llavors,perquè,és a dir	matriu ASR completa; semblança textual provisional; pendent d'audició
spk-005	spk-060	6	a veure,bé,clar,llavors,no?,perquè	matriu ASR completa; semblança textual provisional; pendent d'audició
spk-006	spk-007	10	a veure,aleshores,bueno,bé,clar,doncs,llavors,no?,perquè,vull dir	matriu ASR completa; semblança textual provisional; pendent d'audició
spk-006	spk-008	8	a veure,aleshores,bueno,bé,doncs,llavors,perquè,vull dir	matriu ASR completa; semblança textual provisional; pendent d'audició
spk-006	spk-009	6	bé,clar,doncs,llavors,perquè,vull dir	matriu ASR completa; semblança textual provisional; pendent d'audició
spk-006	spk-010	10	a veure,aleshores,bueno,bé,clar,doncs,llavors,no?,perquè,vull dir	matriu ASR completa; semblança textual provisional; pendent d'audició
spk-006	spk-011	5	bueno,bé,llavors,no?,perquè	matriu ASR completa; semblança textual provisional; pendent d'audició
spk-006	spk-012	9	a veure,bueno,bé,clar,doncs,llavors,no?,perquè,vull dir	matriu ASR completa; semblança textual provisional; pendent d'audició
spk-006	spk-013	3	clar,no?,perquè	matriu ASR completa; semblança textual provisional; pendent d'audició
spk-006	spk-014	7	a veure,bé,clar,doncs,llavors,no?,perquè	matriu ASR completa; semblança textual provisional; pendent d'audició
spk-006	spk-015	9	Ordino,bueno,bé,clar,doncs,llavors,no?,perquè,vull dir	matriu ASR completa; semblança textual provisional; pendent d'audició
spk-006	spk-016	11	Ordino,a veure,aleshores,bueno,bé,clar,doncs,llavors,no?,perquè,vull dir	matriu ASR completa; semblança textual provisional; pendent d'audició
spk-006	spk-017	7	Ordino,a veure,aleshores,bé,doncs,no?,perquè	matriu ASR completa; semblança textual provisional; pendent d'audició
spk-006	spk-018	10	a veure,aleshores,bueno,bé,clar,doncs,llavors,no?,perquè,vull dir	matriu ASR completa; semblança textual provisional; pendent d'audició
spk-006	spk-019	6	Ordino,bé,doncs,no?,perquè,vull dir	matriu ASR completa; semblança textual provisional; pendent d'audició
spk-006	spk-020	9	Ordino,a veure,bueno,bé,clar,doncs,llavors,no?,perquè	matriu ASR completa; semblança textual provisional; pendent d'audició
spk-006	spk-021	9	a veure,aleshores,bueno,bé,doncs,llavors,no?,perquè,vull dir	matriu ASR completa; semblança textual provisional; pendent d'audició
spk-006	spk-022	8	Ordino,bueno,bé,clar,doncs,no?,perquè,vull dir	matriu ASR completa; semblança textual provisional; pendent d'audició
spk-006	spk-024	10	Ordino,a veure,aleshores,bueno,bé,clar,doncs,no?,perquè,vull dir	matriu ASR completa; semblança textual provisional; pendent d'audició
spk-006	spk-025	7	Ordino,bueno,bé,clar,doncs,no?,perquè	matriu ASR completa; semblança textual provisional; pendent d'audició
spk-006	spk-026	9	Ordino,a veure,bueno,bé,clar,llavors,no?,perquè,vull dir	matriu ASR completa; semblança textual provisional; pendent d'audició
spk-006	spk-027	7	bueno,bé,clar,doncs,no?,perquè,vull dir	matriu ASR completa; semblança textual provisional; pendent d'audició
spk-006	spk-028	9	Ordino,a veure,bueno,bé,clar,doncs,llavors,perquè,vull dir	matriu ASR completa; semblança textual provisional; pendent d'audició
spk-006	spk-029	3	bé,doncs,perquè	matriu ASR completa; semblança textual provisional; pendent d'audició
spk-006	spk-030	8	aleshores,bueno,bé,clar,doncs,llavors,no?,perquè	matriu ASR completa; semblança textual provisional; pendent d'audició
spk-006	spk-031	9	a veure,aleshores,bueno,bé,clar,doncs,no?,perquè,vull dir	matriu ASR completa; semblança textual provisional; pendent d'audició
spk-006	spk-032	4	bueno,clar,llavors,perquè	matriu ASR completa; semblança textual provisional; pendent d'audició
spk-006	spk-033	8	a veure,aleshores,bueno,bé,clar,doncs,perquè,vull dir	matriu ASR completa; semblança textual provisional; pendent d'audició
spk-006	spk-034	6	a veure,bueno,bé,clar,doncs,perquè	matriu ASR completa; semblança textual provisional; pendent d'audició
spk-006	spk-035	8	a veure,bueno,bé,clar,doncs,llavors,no?,perquè	matriu ASR completa; semblança textual provisional; pendent d'audició
spk-006	spk-036	5	Ordino,bé,clar,doncs,llavors	matriu ASR completa; semblança textual provisional; pendent d'audició
spk-006	spk-037	9	a veure,bueno,bé,clar,doncs,llavors,no?,perquè,vull dir	matriu ASR completa; semblança textual provisional; pendent d'audició
spk-006	spk-038	8	a veure,bueno,bé,clar,doncs,llavors,perquè,vull dir	matriu ASR completa; semblança textual provisional; pendent d'audició
spk-006	spk-039	9	a veure,bueno,bé,clar,doncs,llavors,no?,perquè,vull dir	matriu ASR completa; semblança textual provisional; pendent d'audició
spk-006	spk-040	9	a veure,bueno,bé,clar,doncs,llavors,no?,perquè,vull dir	matriu ASR completa; semblança textual provisional; pendent d'audició
spk-006	spk-041	7	bueno,bé,clar,doncs,llavors,perquè,vull dir	matriu ASR completa; semblança textual provisional; pendent d'audició
spk-006	spk-042	9	a veure,aleshores,bueno,bé,clar,doncs,llavors,perquè,vull dir	matriu ASR completa; semblança textual provisional; pendent d'audició
spk-006	spk-043	7	bueno,bé,clar,doncs,llavors,perquè,vull dir	matriu ASR completa; semblança textual provisional; pendent d'audició
spk-006	spk-044	10	Ordino,a veure,bueno,bé,clar,doncs,llavors,no?,perquè,vull dir	matriu ASR completa; semblança textual provisional; pendent d'audició
spk-006	spk-045	9	a veure,bueno,bé,clar,doncs,llavors,no?,perquè,vull dir	matriu ASR completa; semblança textual provisional; pendent d'audició
spk-006	spk-046	7	bueno,bé,clar,doncs,llavors,no?,perquè	matriu ASR completa; semblança textual provisional; pendent d'audició
spk-006	spk-047	3	bé,llavors,perquè	matriu ASR completa; semblança textual provisional; pendent d'audició
spk-006	spk-048	10	Ordino,a veure,bueno,bé,clar,doncs,llavors,no?,perquè,vull dir	matriu ASR completa; semblança textual provisional; pendent d'audició
spk-006	spk-049	7	bueno,bé,clar,doncs,llavors,no?,perquè	matriu ASR completa; semblança textual provisional; pendent d'audició
spk-006	spk-050	6	Ordino,bé,clar,doncs,llavors,perquè	matriu ASR completa; semblança textual provisional; pendent d'audició
spk-006	spk-051	9	a veure,bueno,bé,clar,doncs,llavors,no?,perquè,vull dir	matriu ASR completa; semblança textual provisional; pendent d'audició
spk-006	spk-052	4	bueno,clar,llavors,perquè	matriu ASR completa; semblança textual provisional; pendent d'audició
spk-006	spk-053	5	aleshores,bueno,bé,clar,perquè	matriu ASR completa; semblança textual provisional; pendent d'audició
spk-006	spk-054	10	a veure,aleshores,bueno,bé,clar,doncs,llavors,no?,perquè,vull dir	matriu ASR completa; semblança textual provisional; pendent d'audició
spk-006	spk-055	3	bé,doncs,perquè	matriu ASR completa; semblança textual provisional; pendent d'audició
spk-006	spk-056	4	bé,doncs,llavors,perquè	matriu ASR completa; semblança textual provisional; pendent d'audició
spk-006	spk-057	9	Ordino,a veure,aleshores,bé,clar,doncs,llavors,perquè,vull dir	matriu ASR completa; semblança textual provisional; pendent d'audició
spk-006	spk-058	5	a veure,bueno,bé,llavors,perquè	matriu ASR completa; semblança textual provisional; pendent d'audició
spk-006	spk-059	6	Ordino,bé,clar,doncs,llavors,perquè	matriu ASR completa; semblança textual provisional; pendent d'audició
spk-006	spk-060	7	a veure,aleshores,bé,clar,llavors,no?,perquè	matriu ASR completa; semblança textual provisional; pendent d'audició
spk-007	spk-008	12	a nivell,a veure,aleshores,bueno,bé,diguem,doncs,llavors,parròquia,perquè,vull dir,és a dir	matriu ASR completa; semblança textual provisional; pendent d'audició
spk-007	spk-009	11	Escaldes,a nivell,bé,clar,diguem,doncs,llavors,parròquia,perquè,vull dir,és a dir	matriu ASR completa; semblança textual provisional; pendent d'audició
spk-007	spk-010	14	a nivell,a veure,aleshores,andorrana,bueno,bé,clar,doncs,llavors,no?,o sigui,perquè,vull dir,és a dir	matriu ASR completa; semblança textual provisional; pendent d'audició
spk-007	spk-011	9	Escaldes,a nivell,aiguats,bueno,bé,evidentment,llavors,no?,perquè	matriu ASR completa; semblança textual provisional; pendent d'audició
spk-007	spk-012	12	a nivell,a veure,bueno,bé,clar,doncs,llavors,no?,o sigui,perquè,vull dir,és a dir	matriu ASR completa; semblança textual provisional; pendent d'audició
spk-007	spk-013	3	clar,no?,perquè	matriu ASR completa; semblança textual provisional; pendent d'audició
spk-007	spk-014	10	a veure,bé,clar,doncs,evidentment,llavors,no?,o sigui,perquè,és a dir	matriu ASR completa; semblança textual provisional; pendent d'audició
spk-007	spk-015	13	bueno,bé,clar,diguem,doncs,evidentment,llavors,no?,o sigui,parròquia,perquè,vull dir,és a dir	matriu ASR completa; semblança textual provisional; pendent d'audició
spk-007	spk-016	15	Escaldes,a veure,aleshores,bueno,bé,clar,doncs,evidentment,llavors,no?,o sigui,parròquia,perquè,vull dir,és a dir	matriu ASR completa; semblança textual provisional; pendent d'audició
spk-007	spk-017	8	a veure,aleshores,bé,doncs,evidentment,no?,perquè,és a dir	matriu ASR completa; semblança textual provisional; pendent d'audició
spk-007	spk-018	14	Escaldes,a nivell,a veure,aleshores,bueno,bé,clar,doncs,evidentment,llavors,no?,o sigui,perquè,vull dir	matriu ASR completa; semblança textual provisional; pendent d'audició
spk-007	spk-019	10	Escaldes,aiguats,bé,comú,doncs,evidentment,no?,parròquia,perquè,vull dir	matriu ASR completa; semblança textual provisional; pendent d'audició
spk-007	spk-020	13	a nivell,a veure,andorrana,bueno,bé,clar,diguem,doncs,llavors,no?,o sigui,perquè,és a dir	matriu ASR completa; semblança textual provisional; pendent d'audició
spk-007	spk-021	12	a nivell,a veure,aleshores,bueno,bé,doncs,llavors,no?,o sigui,perquè,vull dir,és a dir	matriu ASR completa; semblança textual provisional; pendent d'audició
spk-007	spk-022	12	a nivell,aviam,bueno,bé,clar,comú,diguem,doncs,evidentment,no?,perquè,vull dir	matriu ASR completa; semblança textual provisional; pendent d'audició
spk-007	spk-023	3	bueno,doncs,és a dir	matriu ASR completa; semblança textual provisional; pendent d'audició
spk-007	spk-024	15	Escaldes,a veure,aleshores,bueno,bé,clar,diguem,doncs,evidentment,no?,o sigui,parròquia,perquè,vull dir,és a dir	matriu ASR completa; semblança textual provisional; pendent d'audició
spk-007	spk-025	10	bueno,bé,clar,comú,diguem,doncs,evidentment,no?,perquè,és a dir	matriu ASR completa; semblança textual provisional; pendent d'audició
spk-007	spk-026	14	Escaldes,a nivell,a veure,bueno,bé,clar,comú,evidentment,llavors,no?,parròquia,perquè,vull dir,és a dir	matriu ASR completa; semblança textual provisional; pendent d'audició
spk-007	spk-027	11	bueno,bé,clar,diguem,doncs,evidentment,no?,o sigui,perquè,vull dir,és a dir	matriu ASR completa; semblança textual provisional; pendent d'audició
spk-007	spk-028	12	Escaldes,a nivell,a veure,bueno,bé,clar,comú,doncs,evidentment,llavors,perquè,vull dir	matriu ASR completa; semblança textual provisional; pendent d'audició
spk-007	spk-029	6	bé,doncs,evidentment,o sigui,parròquia,perquè	matriu ASR completa; semblança textual provisional; pendent d'audició
spk-007	spk-030	12	aleshores,bueno,bé,clar,diguem,doncs,evidentment,llavors,no?,o sigui,perquè,és a dir	matriu ASR completa; semblança textual provisional; pendent d'audició
spk-007	spk-031	12	a veure,aleshores,bueno,bé,clar,doncs,evidentment,no?,parròquia,perquè,vull dir,és a dir	matriu ASR completa; semblança textual provisional; pendent d'audició
spk-007	spk-032	5	bueno,clar,comú,llavors,perquè	matriu ASR completa; semblança textual provisional; pendent d'audició
spk-007	spk-033	8	a veure,aleshores,bueno,bé,clar,doncs,perquè,vull dir	matriu ASR completa; semblança textual provisional; pendent d'audició
spk-007	spk-034	11	Escaldes,a veure,bueno,bé,clar,comú,doncs,evidentment,parròquia,perquè,és a dir	matriu ASR completa; semblança textual provisional; pendent d'audició
spk-007	spk-035	14	Escaldes,a nivell,a veure,bueno,bé,clar,doncs,evidentment,llavors,no?,o sigui,parròquia,perquè,és a dir	matriu ASR completa; semblança textual provisional; pendent d'audició
spk-007	spk-036	8	Escaldes,bé,clar,comú,doncs,llavors,o sigui,parròquia	matriu ASR completa; semblança textual provisional; pendent d'audició
spk-007	spk-037	14	Escaldes,a nivell,a veure,bueno,bé,clar,diguem,doncs,llavors,no?,o sigui,parròquia,perquè,vull dir	matriu ASR completa; semblança textual provisional; pendent d'audició
spk-007	spk-038	10	a veure,bueno,bé,clar,doncs,evidentment,llavors,perquè,vull dir,és a dir	matriu ASR completa; semblança textual provisional; pendent d'audició
spk-007	spk-039	16	Escaldes,a nivell,a veure,andorrana,bueno,bé,clar,comú,diguem,doncs,llavors,no?,parròquia,perquè,vull dir,és a dir	matriu ASR completa; semblança textual provisional; pendent d'audició
spk-007	spk-040	13	a veure,bueno,bé,clar,diguem,doncs,evidentment,llavors,no?,o sigui,perquè,vull dir,és a dir	matriu ASR completa; semblança textual provisional; pendent d'audició
spk-007	spk-041	10	bueno,bé,clar,comú,diguem,doncs,llavors,parròquia,perquè,vull dir	matriu ASR completa; semblança textual provisional; pendent d'audició
spk-007	spk-042	13	a nivell,a veure,aleshores,bueno,bé,clar,comú,doncs,llavors,o sigui,perquè,vull dir,és a dir	matriu ASR completa; semblança textual provisional; pendent d'audició
spk-007	spk-043	13	Escaldes,a nivell,bueno,bé,clar,comú,doncs,evidentment,llavors,o sigui,perquè,vull dir,és a dir	matriu ASR completa; semblança textual provisional; pendent d'audició
spk-007	spk-044	15	a nivell,a veure,aviam,bueno,bé,clar,doncs,evidentment,llavors,no?,o sigui,parròquia,perquè,vull dir,és a dir	matriu ASR completa; semblança textual provisional; pendent d'audició
spk-007	spk-045	12	a nivell,a veure,bueno,bé,clar,doncs,evidentment,llavors,no?,o sigui,perquè,vull dir	matriu ASR completa; semblança textual provisional; pendent d'audició
spk-007	spk-046	11	a nivell,bueno,bé,clar,diguem,doncs,evidentment,llavors,no?,perquè,és a dir	matriu ASR completa; semblança textual provisional; pendent d'audició
spk-007	spk-047	4	Escaldes,bé,llavors,perquè	matriu ASR completa; semblança textual provisional; pendent d'audició
spk-007	spk-048	14	Escaldes,a nivell,a veure,bueno,bé,clar,doncs,evidentment,llavors,no?,o sigui,perquè,vull dir,és a dir	matriu ASR completa; semblança textual provisional; pendent d'audició
spk-007	spk-049	8	bueno,bé,clar,diguem,doncs,llavors,no?,perquè	matriu ASR completa; semblança textual provisional; pendent d'audició
spk-007	spk-050	10	bé,clar,comú,diguem,doncs,evidentment,llavors,o sigui,parròquia,perquè	matriu ASR completa; semblança textual provisional; pendent d'audició
spk-007	spk-051	15	a nivell,a veure,bueno,bé,clar,comú,diguem,doncs,llavors,no?,o sigui,parròquia,perquè,vull dir,és a dir	matriu ASR completa; semblança textual provisional; pendent d'audició
spk-007	spk-052	4	bueno,clar,llavors,perquè	matriu ASR completa; semblança textual provisional; pendent d'audició
spk-007	spk-053	11	a nivell,aleshores,andorrana,aviam,bueno,bé,clar,diguem,evidentment,perquè,és a dir	matriu ASR completa; semblança textual provisional; pendent d'audició
spk-007	spk-054	12	a nivell,a veure,aleshores,bueno,bé,clar,doncs,llavors,no?,o sigui,perquè,vull dir	matriu ASR completa; semblança textual provisional; pendent d'audició
spk-007	spk-055	6	Escaldes,bé,doncs,evidentment,perquè,és a dir	matriu ASR completa; semblança textual provisional; pendent d'audició
spk-007	spk-056	6	bé,doncs,llavors,o sigui,parròquia,perquè	matriu ASR completa; semblança textual provisional; pendent d'audició
spk-007	spk-057	14	Escaldes,a veure,aleshores,aviam,bé,clar,comú,doncs,evidentment,llavors,o sigui,perquè,vull dir,és a dir	matriu ASR completa; semblança textual provisional; pendent d'audició
spk-007	spk-058	6	Escaldes,a veure,bueno,bé,llavors,perquè	matriu ASR completa; semblança textual provisional; pendent d'audició
spk-007	spk-059	7	Escaldes,bé,clar,doncs,llavors,perquè,és a dir	matriu ASR completa; semblança textual provisional; pendent d'audició
spk-007	spk-060	8	a veure,aleshores,bé,clar,llavors,no?,o sigui,perquè	matriu ASR completa; semblança textual provisional; pendent d'audició
spk-008	spk-009	10	a nivell,bé,de fet,diguem,doncs,llavors,parròquia,perquè,vull dir,és a dir	matriu ASR completa; semblança textual provisional; pendent d'audició
spk-008	spk-010	10	a nivell,a veure,aleshores,bueno,bé,doncs,llavors,perquè,vull dir,és a dir	matriu ASR completa; semblança textual provisional; pendent d'audició
spk-008	spk-011	7	Sant Julià,a nivell,bueno,bé,de fet,llavors,perquè	matriu ASR completa; semblança textual provisional; pendent d'audició
spk-008	spk-012	9	a nivell,a veure,bueno,bé,doncs,llavors,perquè,vull dir,és a dir	matriu ASR completa; semblança textual provisional; pendent d'audició
spk-008	spk-014	6	a veure,bé,doncs,llavors,perquè,és a dir	matriu ASR completa; semblança textual provisional; pendent d'audició
spk-008	spk-015	11	Canillo,bueno,bé,de fet,diguem,doncs,llavors,parròquia,perquè,vull dir,és a dir	matriu ASR completa; semblança textual provisional; pendent d'audició
spk-008	spk-016	12	Canillo,Sant Julià,a veure,aleshores,bueno,bé,doncs,llavors,parròquia,perquè,vull dir,és a dir	matriu ASR completa; semblança textual provisional; pendent d'audició
spk-008	spk-017	7	a veure,aleshores,bé,de fet,doncs,perquè,és a dir	matriu ASR completa; semblança textual provisional; pendent d'audició
spk-008	spk-018	9	a nivell,a veure,aleshores,bueno,bé,doncs,llavors,perquè,vull dir	matriu ASR completa; semblança textual provisional; pendent d'audició
spk-008	spk-019	7	Sant Julià,bé,de fet,doncs,parròquia,perquè,vull dir	matriu ASR completa; semblança textual provisional; pendent d'audició
spk-008	spk-020	10	a nivell,a veure,bueno,bé,de fet,diguem,doncs,llavors,perquè,és a dir	matriu ASR completa; semblança textual provisional; pendent d'audició
spk-008	spk-021	10	a nivell,a veure,aleshores,bueno,bé,doncs,llavors,perquè,vull dir,és a dir	matriu ASR completa; semblança textual provisional; pendent d'audició
spk-008	spk-022	8	Sant Julià,a nivell,bueno,bé,diguem,doncs,perquè,vull dir	matriu ASR completa; semblança textual provisional; pendent d'audició
spk-008	spk-023	3	bueno,doncs,és a dir	matriu ASR completa; semblança textual provisional; pendent d'audició
spk-008	spk-024	12	Sant Julià,a veure,aleshores,bueno,bé,de fet,diguem,doncs,parròquia,perquè,vull dir,és a dir	matriu ASR completa; semblança textual provisional; pendent d'audició
spk-008	spk-025	8	Canillo,Sant Julià,bueno,bé,diguem,doncs,perquè,és a dir	matriu ASR completa; semblança textual provisional; pendent d'audició
spk-008	spk-026	12	Canillo,Sant Julià,a nivell,a veure,bueno,bé,de fet,llavors,parròquia,perquè,vull dir,és a dir	matriu ASR completa; semblança textual provisional; pendent d'audició
spk-008	spk-027	8	Canillo,bueno,bé,diguem,doncs,perquè,vull dir,és a dir	matriu ASR completa; semblança textual provisional; pendent d'audició
spk-008	spk-028	10	Canillo,Sant Julià,a nivell,a veure,bueno,bé,doncs,llavors,perquè,vull dir	matriu ASR completa; semblança textual provisional; pendent d'audició
spk-008	spk-029	5	bé,de fet,doncs,parròquia,perquè	matriu ASR completa; semblança textual provisional; pendent d'audició
spk-008	spk-030	9	Canillo,aleshores,bueno,bé,diguem,doncs,llavors,perquè,és a dir	matriu ASR completa; semblança textual provisional; pendent d'audició
spk-008	spk-031	10	Canillo,a veure,aleshores,bueno,bé,doncs,parròquia,perquè,vull dir,és a dir	matriu ASR completa; semblança textual provisional; pendent d'audició
spk-008	spk-032	4	bueno,de fet,llavors,perquè	matriu ASR completa; semblança textual provisional; pendent d'audició
spk-008	spk-033	9	Canillo,a veure,aleshores,bueno,bé,de fet,doncs,perquè,vull dir	matriu ASR completa; semblança textual provisional; pendent d'audició
spk-008	spk-034	7	a veure,bueno,bé,doncs,parròquia,perquè,és a dir	matriu ASR completa; semblança textual provisional; pendent d'audició
spk-008	spk-035	11	Sant Julià,a nivell,a veure,bueno,bé,de fet,doncs,llavors,parròquia,perquè,és a dir	matriu ASR completa; semblança textual provisional; pendent d'audició
spk-008	spk-036	6	Canillo,Sant Julià,bé,doncs,llavors,parròquia	matriu ASR completa; semblança textual provisional; pendent d'audició
spk-008	spk-037	11	Canillo,a nivell,a veure,bueno,bé,diguem,doncs,llavors,parròquia,perquè,vull dir	matriu ASR completa; semblança textual provisional; pendent d'audició
spk-008	spk-038	8	a veure,bueno,bé,doncs,llavors,perquè,vull dir,és a dir	matriu ASR completa; semblança textual provisional; pendent d'audició
spk-008	spk-039	13	Canillo,Sant Julià,a nivell,a veure,bueno,bé,diguem,doncs,llavors,parròquia,perquè,vull dir,és a dir	matriu ASR completa; semblança textual provisional; pendent d'audició
spk-008	spk-040	10	a veure,bueno,bé,de fet,diguem,doncs,llavors,perquè,vull dir,és a dir	matriu ASR completa; semblança textual provisional; pendent d'audició
spk-008	spk-041	9	Canillo,bueno,bé,diguem,doncs,llavors,parròquia,perquè,vull dir	matriu ASR completa; semblança textual provisional; pendent d'audició
spk-008	spk-042	12	Canillo,a nivell,a veure,aleshores,bueno,bé,de fet,doncs,llavors,perquè,vull dir,és a dir	matriu ASR completa; semblança textual provisional; pendent d'audició
spk-008	spk-043	9	Sant Julià,a nivell,bueno,bé,doncs,llavors,perquè,vull dir,és a dir	matriu ASR completa; semblança textual provisional; pendent d'audició
spk-008	spk-044	12	Canillo,a nivell,a veure,bueno,bé,de fet,doncs,llavors,parròquia,perquè,vull dir,és a dir	matriu ASR completa; semblança textual provisional; pendent d'audició
spk-008	spk-045	8	a nivell,a veure,bueno,bé,doncs,llavors,perquè,vull dir	matriu ASR completa; semblança textual provisional; pendent d'audició
spk-008	spk-046	8	a nivell,bueno,bé,diguem,doncs,llavors,perquè,és a dir	matriu ASR completa; semblança textual provisional; pendent d'audició
spk-008	spk-047	3	bé,llavors,perquè	matriu ASR completa; semblança textual provisional; pendent d'audició
spk-008	spk-048	11	Canillo,Sant Julià,a nivell,a veure,bueno,bé,doncs,llavors,perquè,vull dir,és a dir	matriu ASR completa; semblança textual provisional; pendent d'audició
spk-008	spk-049	7	bueno,bé,de fet,diguem,doncs,llavors,perquè	matriu ASR completa; semblança textual provisional; pendent d'audició
spk-008	spk-050	8	Canillo,Sant Julià,bé,diguem,doncs,llavors,parròquia,perquè	matriu ASR completa; semblança textual provisional; pendent d'audició
spk-008	spk-051	12	Canillo,a nivell,a veure,bueno,bé,diguem,doncs,llavors,parròquia,perquè,vull dir,és a dir	matriu ASR completa; semblança textual provisional; pendent d'audició
spk-008	spk-052	3	bueno,llavors,perquè	matriu ASR completa; semblança textual provisional; pendent d'audició
spk-008	spk-053	8	a nivell,aleshores,bueno,bé,de fet,diguem,perquè,és a dir	matriu ASR completa; semblança textual provisional; pendent d'audició
spk-008	spk-054	9	a nivell,a veure,aleshores,bueno,bé,doncs,llavors,perquè,vull dir	matriu ASR completa; semblança textual provisional; pendent d'audició
spk-008	spk-055	4	bé,doncs,perquè,és a dir	matriu ASR completa; semblança textual provisional; pendent d'audició
spk-008	spk-056	5	bé,doncs,llavors,parròquia,perquè	matriu ASR completa; semblança textual provisional; pendent d'audició
spk-008	spk-057	9	Sant Julià,a veure,aleshores,bé,doncs,llavors,perquè,vull dir,és a dir	matriu ASR completa; semblança textual provisional; pendent d'audició
spk-008	spk-058	6	Sant Julià,a veure,bueno,bé,llavors,perquè	matriu ASR completa; semblança textual provisional; pendent d'audició
spk-008	spk-059	6	bé,de fet,doncs,llavors,perquè,és a dir	matriu ASR completa; semblança textual provisional; pendent d'audició
spk-008	spk-060	6	a veure,aleshores,bé,de fet,llavors,perquè	matriu ASR completa; semblança textual provisional; pendent d'audició
spk-009	spk-010	8	a nivell,bé,clar,doncs,llavors,perquè,vull dir,és a dir	matriu ASR completa; semblança textual provisional; pendent d'audició
spk-009	spk-011	6	Escaldes,a nivell,bé,de fet,llavors,perquè	matriu ASR completa; semblança textual provisional; pendent d'audició
spk-009	spk-012	8	a nivell,bé,clar,doncs,llavors,perquè,vull dir,és a dir	matriu ASR completa; semblança textual provisional; pendent d'audició
spk-009	spk-014	6	bé,clar,doncs,llavors,perquè,és a dir	matriu ASR completa; semblança textual provisional; pendent d'audició
spk-009	spk-015	10	bé,clar,de fet,diguem,doncs,llavors,parròquia,perquè,vull dir,és a dir	matriu ASR completa; semblança textual provisional; pendent d'audició
spk-009	spk-016	9	Escaldes,bé,clar,doncs,llavors,parròquia,perquè,vull dir,és a dir	matriu ASR completa; semblança textual provisional; pendent d'audició
spk-009	spk-017	5	bé,de fet,doncs,perquè,és a dir	matriu ASR completa; semblança textual provisional; pendent d'audició
spk-009	spk-018	8	Escaldes,a nivell,bé,clar,doncs,llavors,perquè,vull dir	matriu ASR completa; semblança textual provisional; pendent d'audició
spk-009	spk-019	7	Escaldes,bé,de fet,doncs,parròquia,perquè,vull dir	matriu ASR completa; semblança textual provisional; pendent d'audició
spk-009	spk-020	9	a nivell,bé,clar,de fet,diguem,doncs,llavors,perquè,és a dir	matriu ASR completa; semblança textual provisional; pendent d'audició
spk-009	spk-021	7	a nivell,bé,doncs,llavors,perquè,vull dir,és a dir	matriu ASR completa; semblança textual provisional; pendent d'audició
spk-009	spk-022	7	a nivell,bé,clar,diguem,doncs,perquè,vull dir	matriu ASR completa; semblança textual provisional; pendent d'audició
spk-009	spk-024	10	Escaldes,bé,clar,de fet,diguem,doncs,parròquia,perquè,vull dir,és a dir	matriu ASR completa; semblança textual provisional; pendent d'audició
spk-009	spk-025	6	bé,clar,diguem,doncs,perquè,és a dir	matriu ASR completa; semblança textual provisional; pendent d'audició
spk-009	spk-026	10	Escaldes,a nivell,bé,clar,de fet,llavors,parròquia,perquè,vull dir,és a dir	matriu ASR completa; semblança textual provisional; pendent d'audició
spk-009	spk-027	7	bé,clar,diguem,doncs,perquè,vull dir,és a dir	matriu ASR completa; semblança textual provisional; pendent d'audició
spk-009	spk-028	8	Escaldes,a nivell,bé,clar,doncs,llavors,perquè,vull dir	matriu ASR completa; semblança textual provisional; pendent d'audició
spk-009	spk-029	5	bé,de fet,doncs,parròquia,perquè	matriu ASR completa; semblança textual provisional; pendent d'audició
spk-009	spk-030	7	bé,clar,diguem,doncs,llavors,perquè,és a dir	matriu ASR completa; semblança textual provisional; pendent d'audició
spk-009	spk-031	7	bé,clar,doncs,parròquia,perquè,vull dir,és a dir	matriu ASR completa; semblança textual provisional; pendent d'audició
spk-009	spk-032	4	clar,de fet,llavors,perquè	matriu ASR completa; semblança textual provisional; pendent d'audició
spk-009	spk-033	6	bé,clar,de fet,doncs,perquè,vull dir	matriu ASR completa; semblança textual provisional; pendent d'audició
spk-009	spk-034	7	Escaldes,bé,clar,doncs,parròquia,perquè,és a dir	matriu ASR completa; semblança textual provisional; pendent d'audició
spk-009	spk-035	10	Escaldes,a nivell,bé,clar,de fet,doncs,llavors,parròquia,perquè,és a dir	matriu ASR completa; semblança textual provisional; pendent d'audició
spk-009	spk-036	6	Escaldes,bé,clar,doncs,llavors,parròquia	matriu ASR completa; semblança textual provisional; pendent d'audició
spk-009	spk-037	10	Escaldes,a nivell,bé,clar,diguem,doncs,llavors,parròquia,perquè,vull dir	matriu ASR completa; semblança textual provisional; pendent d'audició
spk-009	spk-038	7	bé,clar,doncs,llavors,perquè,vull dir,és a dir	matriu ASR completa; semblança textual provisional; pendent d'audició
spk-009	spk-039	11	Escaldes,a nivell,bé,clar,diguem,doncs,llavors,parròquia,perquè,vull dir,és a dir	matriu ASR completa; semblança textual provisional; pendent d'audició
spk-009	spk-040	9	bé,clar,de fet,diguem,doncs,llavors,perquè,vull dir,és a dir	matriu ASR completa; semblança textual provisional; pendent d'audició
spk-009	spk-041	8	bé,clar,diguem,doncs,llavors,parròquia,perquè,vull dir	matriu ASR completa; semblança textual provisional; pendent d'audició
spk-009	spk-042	9	a nivell,bé,clar,de fet,doncs,llavors,perquè,vull dir,és a dir	matriu ASR completa; semblança textual provisional; pendent d'audició
spk-009	spk-043	9	Escaldes,a nivell,bé,clar,doncs,llavors,perquè,vull dir,és a dir	matriu ASR completa; semblança textual provisional; pendent d'audició
spk-009	spk-044	10	a nivell,bé,clar,de fet,doncs,llavors,parròquia,perquè,vull dir,és a dir	matriu ASR completa; semblança textual provisional; pendent d'audició
spk-009	spk-045	7	a nivell,bé,clar,doncs,llavors,perquè,vull dir	matriu ASR completa; semblança textual provisional; pendent d'audició
spk-009	spk-046	8	a nivell,bé,clar,diguem,doncs,llavors,perquè,és a dir	matriu ASR completa; semblança textual provisional; pendent d'audició
spk-009	spk-047	4	Escaldes,bé,llavors,perquè	matriu ASR completa; semblança textual provisional; pendent d'audició
spk-009	spk-048	9	Escaldes,a nivell,bé,clar,doncs,llavors,perquè,vull dir,és a dir	matriu ASR completa; semblança textual provisional; pendent d'audició
spk-009	spk-049	7	bé,clar,de fet,diguem,doncs,llavors,perquè	matriu ASR completa; semblança textual provisional; pendent d'audició
spk-009	spk-050	7	bé,clar,diguem,doncs,llavors,parròquia,perquè	matriu ASR completa; semblança textual provisional; pendent d'audició
spk-009	spk-051	10	a nivell,bé,clar,diguem,doncs,llavors,parròquia,perquè,vull dir,és a dir	matriu ASR completa; semblança textual provisional; pendent d'audició
spk-009	spk-052	3	clar,llavors,perquè	matriu ASR completa; semblança textual provisional; pendent d'audició
spk-009	spk-053	7	a nivell,bé,clar,de fet,diguem,perquè,és a dir	matriu ASR completa; semblança textual provisional; pendent d'audició
spk-009	spk-054	7	a nivell,bé,clar,doncs,llavors,perquè,vull dir	matriu ASR completa; semblança textual provisional; pendent d'audició
spk-009	spk-055	5	Escaldes,bé,doncs,perquè,és a dir	matriu ASR completa; semblança textual provisional; pendent d'audició
spk-009	spk-056	5	bé,doncs,llavors,parròquia,perquè	matriu ASR completa; semblança textual provisional; pendent d'audició
spk-009	spk-057	8	Escaldes,bé,clar,doncs,llavors,perquè,vull dir,és a dir	matriu ASR completa; semblança textual provisional; pendent d'audició
spk-009	spk-058	4	Escaldes,bé,llavors,perquè	matriu ASR completa; semblança textual provisional; pendent d'audició
spk-009	spk-059	8	Escaldes,bé,clar,de fet,doncs,llavors,perquè,és a dir	matriu ASR completa; semblança textual provisional; pendent d'audició
spk-009	spk-060	5	bé,clar,de fet,llavors,perquè	matriu ASR completa; semblança textual provisional; pendent d'audició
spk-010	spk-011	6	a nivell,bueno,bé,llavors,no?,perquè	matriu ASR completa; semblança textual provisional; pendent d'audició
spk-010	spk-012	12	a nivell,a veure,bueno,bé,clar,doncs,llavors,no?,o sigui,perquè,vull dir,és a dir	matriu ASR completa; semblança textual provisional; pendent d'audició
spk-010	spk-013	3	clar,no?,perquè	matriu ASR completa; semblança textual provisional; pendent d'audició
spk-010	spk-014	9	a veure,bé,clar,doncs,llavors,no?,o sigui,perquè,és a dir	matriu ASR completa; semblança textual provisional; pendent d'audició
spk-010	spk-015	10	bueno,bé,clar,doncs,llavors,no?,o sigui,perquè,vull dir,és a dir	matriu ASR completa; semblança textual provisional; pendent d'audició
spk-010	spk-016	12	a veure,aleshores,bueno,bé,clar,doncs,llavors,no?,o sigui,perquè,vull dir,és a dir	matriu ASR completa; semblança textual provisional; pendent d'audició
spk-010	spk-017	7	a veure,aleshores,bé,doncs,no?,perquè,és a dir	matriu ASR completa; semblança textual provisional; pendent d'audició
spk-010	spk-018	13	a nivell,a veure,aleshores,bueno,bé,clar,doncs,llavors,no?,o sigui,perquè,santuari,vull dir	matriu ASR completa; semblança textual provisional; pendent d'audició
spk-010	spk-019	5	bé,doncs,no?,perquè,vull dir	matriu ASR completa; semblança textual provisional; pendent d'audició
spk-010	spk-020	12	a nivell,a veure,andorrana,bueno,bé,clar,doncs,llavors,no?,o sigui,perquè,és a dir	matriu ASR completa; semblança textual provisional; pendent d'audició
spk-010	spk-021	12	a nivell,a veure,aleshores,bueno,bé,doncs,llavors,no?,o sigui,perquè,vull dir,és a dir	matriu ASR completa; semblança textual provisional; pendent d'audició
spk-010	spk-022	8	a nivell,bueno,bé,clar,doncs,no?,perquè,vull dir	matriu ASR completa; semblança textual provisional; pendent d'audició
spk-010	spk-023	3	bueno,doncs,és a dir	matriu ASR completa; semblança textual provisional; pendent d'audició
spk-010	spk-024	11	a veure,aleshores,bueno,bé,clar,doncs,no?,o sigui,perquè,vull dir,és a dir	matriu ASR completa; semblança textual provisional; pendent d'audició
spk-010	spk-025	7	bueno,bé,clar,doncs,no?,perquè,és a dir	matriu ASR completa; semblança textual provisional; pendent d'audició
spk-010	spk-026	10	a nivell,a veure,bueno,bé,clar,llavors,no?,perquè,vull dir,és a dir	matriu ASR completa; semblança textual provisional; pendent d'audició
spk-010	spk-027	9	bueno,bé,clar,doncs,no?,o sigui,perquè,vull dir,és a dir	matriu ASR completa; semblança textual provisional; pendent d'audició
spk-010	spk-028	9	a nivell,a veure,bueno,bé,clar,doncs,llavors,perquè,vull dir	matriu ASR completa; semblança textual provisional; pendent d'audició
spk-010	spk-029	4	bé,doncs,o sigui,perquè	matriu ASR completa; semblança textual provisional; pendent d'audició
spk-010	spk-030	10	aleshores,bueno,bé,clar,doncs,llavors,no?,o sigui,perquè,és a dir	matriu ASR completa; semblança textual provisional; pendent d'audició
spk-010	spk-031	10	a veure,aleshores,bueno,bé,clar,doncs,no?,perquè,vull dir,és a dir	matriu ASR completa; semblança textual provisional; pendent d'audició
spk-010	spk-032	4	bueno,clar,llavors,perquè	matriu ASR completa; semblança textual provisional; pendent d'audició
spk-010	spk-033	8	a veure,aleshores,bueno,bé,clar,doncs,perquè,vull dir	matriu ASR completa; semblança textual provisional; pendent d'audició
spk-010	spk-034	7	a veure,bueno,bé,clar,doncs,perquè,és a dir	matriu ASR completa; semblança textual provisional; pendent d'audició
spk-010	spk-035	11	a nivell,a veure,bueno,bé,clar,doncs,llavors,no?,o sigui,perquè,és a dir	matriu ASR completa; semblança textual provisional; pendent d'audició
spk-010	spk-036	5	bé,clar,doncs,llavors,o sigui	matriu ASR completa; semblança textual provisional; pendent d'audició
spk-010	spk-037	11	a nivell,a veure,bueno,bé,clar,doncs,llavors,no?,o sigui,perquè,vull dir	matriu ASR completa; semblança textual provisional; pendent d'audició
spk-010	spk-038	9	a veure,bueno,bé,clar,doncs,llavors,perquè,vull dir,és a dir	matriu ASR completa; semblança textual provisional; pendent d'audició
spk-010	spk-039	12	a nivell,a veure,andorrana,bueno,bé,clar,doncs,llavors,no?,perquè,vull dir,és a dir	matriu ASR completa; semblança textual provisional; pendent d'audició
spk-010	spk-040	11	a veure,bueno,bé,clar,doncs,llavors,no?,o sigui,perquè,vull dir,és a dir	matriu ASR completa; semblança textual provisional; pendent d'audició
spk-010	spk-041	7	bueno,bé,clar,doncs,llavors,perquè,vull dir	matriu ASR completa; semblança textual provisional; pendent d'audició
spk-010	spk-042	13	a nivell,a veure,aleshores,bueno,bé,clar,doncs,llavors,o sigui,perquè,santuari,vull dir,és a dir	matriu ASR completa; semblança textual provisional; pendent d'audició
spk-010	spk-043	10	a nivell,bueno,bé,clar,doncs,llavors,o sigui,perquè,vull dir,és a dir	matriu ASR completa; semblança textual provisional; pendent d'audició
spk-010	spk-044	12	a nivell,a veure,bueno,bé,clar,doncs,llavors,no?,o sigui,perquè,vull dir,és a dir	matriu ASR completa; semblança textual provisional; pendent d'audició
spk-010	spk-045	11	a nivell,a veure,bueno,bé,clar,doncs,llavors,no?,o sigui,perquè,vull dir	matriu ASR completa; semblança textual provisional; pendent d'audició
spk-010	spk-046	9	a nivell,bueno,bé,clar,doncs,llavors,no?,perquè,és a dir	matriu ASR completa; semblança textual provisional; pendent d'audició
spk-010	spk-047	3	bé,llavors,perquè	matriu ASR completa; semblança textual provisional; pendent d'audició
spk-010	spk-048	12	a nivell,a veure,bueno,bé,clar,doncs,llavors,no?,o sigui,perquè,vull dir,és a dir	matriu ASR completa; semblança textual provisional; pendent d'audició
spk-010	spk-049	7	bueno,bé,clar,doncs,llavors,no?,perquè	matriu ASR completa; semblança textual provisional; pendent d'audició
spk-010	spk-050	7	bé,clar,doncs,llavors,o sigui,perquè,santuari	matriu ASR completa; semblança textual provisional; pendent d'audició
spk-010	spk-051	12	a nivell,a veure,bueno,bé,clar,doncs,llavors,no?,o sigui,perquè,vull dir,és a dir	matriu ASR completa; semblança textual provisional; pendent d'audició
spk-010	spk-052	4	bueno,clar,llavors,perquè	matriu ASR completa; semblança textual provisional; pendent d'audició
spk-010	spk-053	8	a nivell,aleshores,andorrana,bueno,bé,clar,perquè,és a dir	matriu ASR completa; semblança textual provisional; pendent d'audició
spk-010	spk-054	12	a nivell,a veure,aleshores,bueno,bé,clar,doncs,llavors,no?,o sigui,perquè,vull dir	matriu ASR completa; semblança textual provisional; pendent d'audició
spk-010	spk-055	4	bé,doncs,perquè,és a dir	matriu ASR completa; semblança textual provisional; pendent d'audició
spk-010	spk-056	5	bé,doncs,llavors,o sigui,perquè	matriu ASR completa; semblança textual provisional; pendent d'audició
spk-010	spk-057	10	a veure,aleshores,bé,clar,doncs,llavors,o sigui,perquè,vull dir,és a dir	matriu ASR completa; semblança textual provisional; pendent d'audició
spk-010	spk-058	5	a veure,bueno,bé,llavors,perquè	matriu ASR completa; semblança textual provisional; pendent d'audició
spk-010	spk-059	6	bé,clar,doncs,llavors,perquè,és a dir	matriu ASR completa; semblança textual provisional; pendent d'audició
spk-010	spk-060	8	a veure,aleshores,bé,clar,llavors,no?,o sigui,perquè	matriu ASR completa; semblança textual provisional; pendent d'audició
spk-011	spk-012	6	a nivell,bueno,bé,llavors,no?,perquè	matriu ASR completa; semblança textual provisional; pendent d'audició
spk-011	spk-013	3	Sant Julià,no?,perquè	matriu ASR completa; semblança textual provisional; pendent d'audició
spk-011	spk-014	6	bé,evidentment,llavors,no?,per tant,perquè	matriu ASR completa; semblança textual provisional; pendent d'audició
spk-011	spk-015	8	bueno,bé,de fet,evidentment,llavors,no?,per tant,perquè	matriu ASR completa; semblança textual provisional; pendent d'audició
spk-011	spk-016	9	Escaldes,Sant Julià,bueno,bé,evidentment,llavors,no?,per tant,perquè	matriu ASR completa; semblança textual provisional; pendent d'audició
spk-011	spk-017	6	bé,de fet,evidentment,no?,per tant,perquè	matriu ASR completa; semblança textual provisional; pendent d'audició
spk-011	spk-018	8	Escaldes,a nivell,bueno,bé,evidentment,llavors,no?,perquè	matriu ASR completa; semblança textual provisional; pendent d'audició
spk-011	spk-019	9	Escaldes,Sant Julià,aiguats,bé,de fet,evidentment,no?,per tant,perquè	matriu ASR completa; semblança textual provisional; pendent d'audició
spk-011	spk-020	7	a nivell,bueno,bé,de fet,llavors,no?,perquè	matriu ASR completa; semblança textual provisional; pendent d'audició
spk-011	spk-021	7	a nivell,bueno,bé,llavors,no?,per tant,perquè	matriu ASR completa; semblança textual provisional; pendent d'audició
spk-011	spk-022	7	Sant Julià,a nivell,bueno,bé,evidentment,no?,perquè	matriu ASR completa; semblança textual provisional; pendent d'audició
spk-011	spk-024	9	Escaldes,Sant Julià,bueno,bé,de fet,evidentment,no?,per tant,perquè	matriu ASR completa; semblança textual provisional; pendent d'audició
spk-011	spk-025	7	Sant Julià,bueno,bé,evidentment,no?,per tant,perquè	matriu ASR completa; semblança textual provisional; pendent d'audició
spk-011	spk-026	11	Escaldes,Sant Julià,a nivell,bueno,bé,de fet,evidentment,llavors,no?,per tant,perquè	matriu ASR completa; semblança textual provisional; pendent d'audició
spk-011	spk-027	6	bueno,bé,evidentment,no?,per tant,perquè	matriu ASR completa; semblança textual provisional; pendent d'audició
spk-011	spk-028	9	Escaldes,Sant Julià,a nivell,bueno,bé,evidentment,llavors,per tant,perquè	matriu ASR completa; semblança textual provisional; pendent d'audició
spk-011	spk-029	4	bé,de fet,evidentment,perquè	matriu ASR completa; semblança textual provisional; pendent d'audició
spk-011	spk-030	6	bueno,bé,evidentment,llavors,no?,perquè	matriu ASR completa; semblança textual provisional; pendent d'audició
spk-011	spk-031	5	bueno,bé,evidentment,no?,perquè	matriu ASR completa; semblança textual provisional; pendent d'audició
spk-011	spk-032	4	bueno,de fet,llavors,perquè	matriu ASR completa; semblança textual provisional; pendent d'audició
spk-011	spk-033	4	bueno,bé,de fet,perquè	matriu ASR completa; semblança textual provisional; pendent d'audició
spk-011	spk-034	5	Escaldes,bueno,bé,evidentment,perquè	matriu ASR completa; semblança textual provisional; pendent d'audició
spk-011	spk-035	11	Escaldes,Sant Julià,a nivell,bueno,bé,de fet,evidentment,llavors,no?,per tant,perquè	matriu ASR completa; semblança textual provisional; pendent d'audició
spk-011	spk-036	5	Escaldes,Sant Julià,bé,llavors,per tant	matriu ASR completa; semblança textual provisional; pendent d'audició
spk-011	spk-037	7	Escaldes,a nivell,bueno,bé,llavors,no?,perquè	matriu ASR completa; semblança textual provisional; pendent d'audició
spk-011	spk-038	6	bueno,bé,evidentment,llavors,per tant,perquè	matriu ASR completa; semblança textual provisional; pendent d'audició
spk-011	spk-039	8	Escaldes,Sant Julià,a nivell,bueno,bé,llavors,no?,perquè	matriu ASR completa; semblança textual provisional; pendent d'audició
spk-011	spk-040	7	bueno,bé,de fet,evidentment,llavors,no?,perquè	matriu ASR completa; semblança textual provisional; pendent d'audició
spk-011	spk-041	4	bueno,bé,llavors,perquè	matriu ASR completa; semblança textual provisional; pendent d'audició
spk-011	spk-042	7	a nivell,bueno,bé,de fet,llavors,per tant,perquè	matriu ASR completa; semblança textual provisional; pendent d'audició
spk-011	spk-043	9	Escaldes,Sant Julià,a nivell,bueno,bé,evidentment,llavors,per tant,perquè	matriu ASR completa; semblança textual provisional; pendent d'audició
spk-011	spk-044	9	a nivell,bueno,bé,de fet,evidentment,llavors,no?,per tant,perquè	matriu ASR completa; semblança textual provisional; pendent d'audició
spk-011	spk-045	7	a nivell,bueno,bé,evidentment,llavors,no?,perquè	matriu ASR completa; semblança textual provisional; pendent d'audició
spk-011	spk-046	8	a nivell,bueno,bé,evidentment,llavors,no?,per tant,perquè	matriu ASR completa; semblança textual provisional; pendent d'audició
spk-011	spk-047	4	Escaldes,bé,llavors,perquè	matriu ASR completa; semblança textual provisional; pendent d'audició
spk-011	spk-048	10	Escaldes,Sant Julià,a nivell,bueno,bé,evidentment,llavors,no?,per tant,perquè	matriu ASR completa; semblança textual provisional; pendent d'audició
spk-011	spk-049	6	bueno,bé,de fet,llavors,no?,perquè	matriu ASR completa; semblança textual provisional; pendent d'audició
spk-011	spk-050	6	Sant Julià,bé,evidentment,llavors,per tant,perquè	matriu ASR completa; semblança textual provisional; pendent d'audició
spk-011	spk-051	7	a nivell,bueno,bé,llavors,no?,per tant,perquè	matriu ASR completa; semblança textual provisional; pendent d'audició
spk-011	spk-052	3	bueno,llavors,perquè	matriu ASR completa; semblança textual provisional; pendent d'audició
spk-011	spk-053	6	a nivell,bueno,bé,de fet,evidentment,perquè	matriu ASR completa; semblança textual provisional; pendent d'audició
spk-011	spk-054	7	a nivell,bueno,bé,llavors,no?,per tant,perquè	matriu ASR completa; semblança textual provisional; pendent d'audició
spk-011	spk-055	5	Escaldes,bé,evidentment,per tant,perquè	matriu ASR completa; semblança textual provisional; pendent d'audició
spk-011	spk-056	3	bé,llavors,perquè	matriu ASR completa; semblança textual provisional; pendent d'audició
spk-011	spk-057	6	Escaldes,Sant Julià,bé,evidentment,llavors,perquè	matriu ASR completa; semblança textual provisional; pendent d'audició
spk-011	spk-058	6	Escaldes,Sant Julià,bueno,bé,llavors,perquè	matriu ASR completa; semblança textual provisional; pendent d'audició
spk-011	spk-059	6	Escaldes,bé,de fet,llavors,per tant,perquè	matriu ASR completa; semblança textual provisional; pendent d'audició
spk-011	spk-060	6	bé,de fet,llavors,no?,per tant,perquè	matriu ASR completa; semblança textual provisional; pendent d'audició
spk-012	spk-013	3	clar,no?,perquè	matriu ASR completa; semblança textual provisional; pendent d'audició
spk-012	spk-014	10	a veure,bé,clar,doncs,llavors,no?,o sigui,perquè,veguer,és a dir	matriu ASR completa; semblança textual provisional; pendent d'audició
spk-012	spk-015	11	bueno,bé,clar,doncs,llavors,no?,o sigui,perquè,veguer,vull dir,és a dir	matriu ASR completa; semblança textual provisional; pendent d'audició
spk-012	spk-016	11	a veure,bueno,bé,clar,doncs,llavors,no?,o sigui,perquè,vull dir,és a dir	matriu ASR completa; semblança textual provisional; pendent d'audició
spk-012	spk-017	6	a veure,bé,doncs,no?,perquè,és a dir	matriu ASR completa; semblança textual provisional; pendent d'audició
spk-012	spk-018	11	a nivell,a veure,bueno,bé,clar,doncs,llavors,no?,o sigui,perquè,vull dir	matriu ASR completa; semblança textual provisional; pendent d'audició
spk-012	spk-019	5	bé,doncs,no?,perquè,vull dir	matriu ASR completa; semblança textual provisional; pendent d'audició
spk-012	spk-020	11	a nivell,a veure,bueno,bé,clar,doncs,llavors,no?,o sigui,perquè,és a dir	matriu ASR completa; semblança textual provisional; pendent d'audició
spk-012	spk-021	11	a nivell,a veure,bueno,bé,doncs,llavors,no?,o sigui,perquè,vull dir,és a dir	matriu ASR completa; semblança textual provisional; pendent d'audició
spk-012	spk-022	8	a nivell,bueno,bé,clar,doncs,no?,perquè,vull dir	matriu ASR completa; semblança textual provisional; pendent d'audició
spk-012	spk-023	3	bueno,doncs,és a dir	matriu ASR completa; semblança textual provisional; pendent d'audició
spk-012	spk-024	11	a veure,bueno,bé,clar,doncs,no?,o sigui,perquè,veguer,vull dir,és a dir	matriu ASR completa; semblança textual provisional; pendent d'audició
spk-012	spk-025	7	bueno,bé,clar,doncs,no?,perquè,és a dir	matriu ASR completa; semblança textual provisional; pendent d'audició
spk-012	spk-026	11	a nivell,a veure,bueno,bé,clar,llavors,no?,perquè,veguer,vull dir,és a dir	matriu ASR completa; semblança textual provisional; pendent d'audició
spk-012	spk-027	9	bueno,bé,clar,doncs,no?,o sigui,perquè,vull dir,és a dir	matriu ASR completa; semblança textual provisional; pendent d'audició
spk-012	spk-028	9	a nivell,a veure,bueno,bé,clar,doncs,llavors,perquè,vull dir	matriu ASR completa; semblança textual provisional; pendent d'audició
spk-012	spk-029	4	bé,doncs,o sigui,perquè	matriu ASR completa; semblança textual provisional; pendent d'audició
spk-012	spk-030	9	bueno,bé,clar,doncs,llavors,no?,o sigui,perquè,és a dir	matriu ASR completa; semblança textual provisional; pendent d'audició
spk-012	spk-031	9	a veure,bueno,bé,clar,doncs,no?,perquè,vull dir,és a dir	matriu ASR completa; semblança textual provisional; pendent d'audició
spk-012	spk-032	4	bueno,clar,llavors,perquè	matriu ASR completa; semblança textual provisional; pendent d'audició
spk-012	spk-033	7	a veure,bueno,bé,clar,doncs,perquè,vull dir	matriu ASR completa; semblança textual provisional; pendent d'audició
spk-012	spk-034	7	a veure,bueno,bé,clar,doncs,perquè,és a dir	matriu ASR completa; semblança textual provisional; pendent d'audició
spk-012	spk-035	11	a nivell,a veure,bueno,bé,clar,doncs,llavors,no?,o sigui,perquè,és a dir	matriu ASR completa; semblança textual provisional; pendent d'audició
spk-012	spk-036	5	bé,clar,doncs,llavors,o sigui	matriu ASR completa; semblança textual provisional; pendent d'audició
spk-012	spk-037	12	a nivell,a veure,bueno,bé,clar,doncs,llavors,no?,o sigui,perquè,veguer,vull dir	matriu ASR completa; semblança textual provisional; pendent d'audició
spk-012	spk-038	9	a veure,bueno,bé,clar,doncs,llavors,perquè,vull dir,és a dir	matriu ASR completa; semblança textual provisional; pendent d'audició
spk-012	spk-039	11	a nivell,a veure,bueno,bé,clar,doncs,llavors,no?,perquè,vull dir,és a dir	matriu ASR completa; semblança textual provisional; pendent d'audició
spk-012	spk-040	11	a veure,bueno,bé,clar,doncs,llavors,no?,o sigui,perquè,vull dir,és a dir	matriu ASR completa; semblança textual provisional; pendent d'audició
spk-012	spk-041	7	bueno,bé,clar,doncs,llavors,perquè,vull dir	matriu ASR completa; semblança textual provisional; pendent d'audició
spk-012	spk-042	11	a nivell,a veure,bueno,bé,clar,doncs,llavors,o sigui,perquè,vull dir,és a dir	matriu ASR completa; semblança textual provisional; pendent d'audició
spk-012	spk-043	10	a nivell,bueno,bé,clar,doncs,llavors,o sigui,perquè,vull dir,és a dir	matriu ASR completa; semblança textual provisional; pendent d'audició
spk-012	spk-044	12	a nivell,a veure,bueno,bé,clar,doncs,llavors,no?,o sigui,perquè,vull dir,és a dir	matriu ASR completa; semblança textual provisional; pendent d'audició
spk-012	spk-045	11	a nivell,a veure,bueno,bé,clar,doncs,llavors,no?,o sigui,perquè,vull dir	matriu ASR completa; semblança textual provisional; pendent d'audició
spk-012	spk-046	9	a nivell,bueno,bé,clar,doncs,llavors,no?,perquè,és a dir	matriu ASR completa; semblança textual provisional; pendent d'audició
spk-012	spk-047	3	bé,llavors,perquè	matriu ASR completa; semblança textual provisional; pendent d'audició
spk-012	spk-048	12	a nivell,a veure,bueno,bé,clar,doncs,llavors,no?,o sigui,perquè,vull dir,és a dir	matriu ASR completa; semblança textual provisional; pendent d'audició
spk-012	spk-049	7	bueno,bé,clar,doncs,llavors,no?,perquè	matriu ASR completa; semblança textual provisional; pendent d'audició
spk-012	spk-050	6	bé,clar,doncs,llavors,o sigui,perquè	matriu ASR completa; semblança textual provisional; pendent d'audició
spk-012	spk-051	12	a nivell,a veure,bueno,bé,clar,doncs,llavors,no?,o sigui,perquè,vull dir,és a dir	matriu ASR completa; semblança textual provisional; pendent d'audició
spk-012	spk-052	4	bueno,clar,llavors,perquè	matriu ASR completa; semblança textual provisional; pendent d'audició
spk-012	spk-053	6	a nivell,bueno,bé,clar,perquè,és a dir	matriu ASR completa; semblança textual provisional; pendent d'audició
spk-012	spk-054	11	a nivell,a veure,bueno,bé,clar,doncs,llavors,no?,o sigui,perquè,vull dir	matriu ASR completa; semblança textual provisional; pendent d'audició
spk-012	spk-055	4	bé,doncs,perquè,és a dir	matriu ASR completa; semblança textual provisional; pendent d'audició
spk-012	spk-056	5	bé,doncs,llavors,o sigui,perquè	matriu ASR completa; semblança textual provisional; pendent d'audició
spk-012	spk-057	9	a veure,bé,clar,doncs,llavors,o sigui,perquè,vull dir,és a dir	matriu ASR completa; semblança textual provisional; pendent d'audició
spk-012	spk-058	5	a veure,bueno,bé,llavors,perquè	matriu ASR completa; semblança textual provisional; pendent d'audició
spk-012	spk-059	6	bé,clar,doncs,llavors,perquè,és a dir	matriu ASR completa; semblança textual provisional; pendent d'audició
spk-012	spk-060	7	a veure,bé,clar,llavors,no?,o sigui,perquè	matriu ASR completa; semblança textual provisional; pendent d'audició
spk-013	spk-014	3	clar,no?,perquè	matriu ASR completa; semblança textual provisional; pendent d'audició
spk-013	spk-015	3	clar,no?,perquè	matriu ASR completa; semblança textual provisional; pendent d'audició
spk-013	spk-016	4	Sant Julià,clar,no?,perquè	matriu ASR completa; semblança textual provisional; pendent d'audició
spk-013	spk-018	3	clar,no?,perquè	matriu ASR completa; semblança textual provisional; pendent d'audició
spk-013	spk-019	3	Sant Julià,no?,perquè	matriu ASR completa; semblança textual provisional; pendent d'audició
spk-013	spk-020	3	clar,no?,perquè	matriu ASR completa; semblança textual provisional; pendent d'audició
spk-013	spk-022	4	Sant Julià,clar,no?,perquè	matriu ASR completa; semblança textual provisional; pendent d'audició
spk-013	spk-024	4	Sant Julià,clar,no?,perquè	matriu ASR completa; semblança textual provisional; pendent d'audició
spk-013	spk-025	4	Sant Julià,clar,no?,perquè	matriu ASR completa; semblança textual provisional; pendent d'audició
spk-013	spk-026	4	Sant Julià,clar,no?,perquè	matriu ASR completa; semblança textual provisional; pendent d'audició
spk-013	spk-027	3	clar,no?,perquè	matriu ASR completa; semblança textual provisional; pendent d'audició
spk-013	spk-028	3	Sant Julià,clar,perquè	matriu ASR completa; semblança textual provisional; pendent d'audició
spk-013	spk-030	3	clar,no?,perquè	matriu ASR completa; semblança textual provisional; pendent d'audició
spk-013	spk-031	3	clar,no?,perquè	matriu ASR completa; semblança textual provisional; pendent d'audició
spk-013	spk-035	4	Sant Julià,clar,no?,perquè	matriu ASR completa; semblança textual provisional; pendent d'audició
spk-013	spk-037	3	clar,no?,perquè	matriu ASR completa; semblança textual provisional; pendent d'audició
spk-013	spk-039	4	Sant Julià,clar,no?,perquè	matriu ASR completa; semblança textual provisional; pendent d'audició
spk-013	spk-040	3	clar,no?,perquè	matriu ASR completa; semblança textual provisional; pendent d'audició
spk-013	spk-043	3	Sant Julià,clar,perquè	matriu ASR completa; semblança textual provisional; pendent d'audició
spk-013	spk-044	3	clar,no?,perquè	matriu ASR completa; semblança textual provisional; pendent d'audició
spk-013	spk-045	3	clar,no?,perquè	matriu ASR completa; semblança textual provisional; pendent d'audició
spk-013	spk-046	3	clar,no?,perquè	matriu ASR completa; semblança textual provisional; pendent d'audició
spk-013	spk-048	4	Sant Julià,clar,no?,perquè	matriu ASR completa; semblança textual provisional; pendent d'audició
spk-013	spk-049	3	clar,no?,perquè	matriu ASR completa; semblança textual provisional; pendent d'audició
spk-013	spk-050	3	Sant Julià,clar,perquè	matriu ASR completa; semblança textual provisional; pendent d'audició
spk-013	spk-051	3	clar,no?,perquè	matriu ASR completa; semblança textual provisional; pendent d'audició
spk-013	spk-054	3	clar,no?,perquè	matriu ASR completa; semblança textual provisional; pendent d'audició
spk-013	spk-057	3	Sant Julià,clar,perquè	matriu ASR completa; semblança textual provisional; pendent d'audició
spk-013	spk-060	3	clar,no?,perquè	matriu ASR completa; semblança textual provisional; pendent d'audició
spk-014	spk-015	11	bé,clar,doncs,evidentment,llavors,no?,o sigui,per tant,perquè,veguer,és a dir	matriu ASR completa; semblança textual provisional; pendent d'audició
spk-014	spk-016	12	Massana,a veure,bé,clar,doncs,evidentment,llavors,no?,o sigui,per tant,perquè,és a dir	matriu ASR completa; semblança textual provisional; pendent d'audició
spk-014	spk-017	8	a veure,bé,doncs,evidentment,no?,per tant,perquè,és a dir	matriu ASR completa; semblança textual provisional; pendent d'audició
spk-014	spk-018	9	a veure,bé,clar,doncs,evidentment,llavors,no?,o sigui,perquè	matriu ASR completa; semblança textual provisional; pendent d'audició
spk-014	spk-019	6	bé,doncs,evidentment,no?,per tant,perquè	matriu ASR completa; semblança textual provisional; pendent d'audició
spk-014	spk-020	9	a veure,bé,clar,doncs,llavors,no?,o sigui,perquè,és a dir	matriu ASR completa; semblança textual provisional; pendent d'audició
spk-014	spk-021	9	a veure,bé,doncs,llavors,no?,o sigui,per tant,perquè,és a dir	matriu ASR completa; semblança textual provisional; pendent d'audició
spk-014	spk-022	7	Massana,bé,clar,doncs,evidentment,no?,perquè	matriu ASR completa; semblança textual provisional; pendent d'audició
spk-014	spk-024	12	Massana,a veure,bé,clar,doncs,evidentment,no?,o sigui,per tant,perquè,veguer,és a dir	matriu ASR completa; semblança textual provisional; pendent d'audició
spk-014	spk-025	8	bé,clar,doncs,evidentment,no?,per tant,perquè,és a dir	matriu ASR completa; semblança textual provisional; pendent d'audició
spk-014	spk-026	11	Massana,a veure,bé,clar,evidentment,llavors,no?,per tant,perquè,veguer,és a dir	matriu ASR completa; semblança textual provisional; pendent d'audició
spk-014	spk-027	10	bé,clar,doncs,evidentment,no?,o sigui,padrí,per tant,perquè,és a dir	matriu ASR completa; semblança textual provisional; pendent d'audició
spk-014	spk-028	8	a veure,bé,clar,doncs,evidentment,llavors,per tant,perquè	matriu ASR completa; semblança textual provisional; pendent d'audició
spk-014	spk-029	5	bé,doncs,evidentment,o sigui,perquè	matriu ASR completa; semblança textual provisional; pendent d'audició
spk-014	spk-030	9	bé,clar,doncs,evidentment,llavors,no?,o sigui,perquè,és a dir	matriu ASR completa; semblança textual provisional; pendent d'audició
spk-014	spk-031	8	a veure,bé,clar,doncs,evidentment,no?,perquè,és a dir	matriu ASR completa; semblança textual provisional; pendent d'audició
spk-014	spk-032	3	clar,llavors,perquè	matriu ASR completa; semblança textual provisional; pendent d'audició
spk-014	spk-033	6	Massana,a veure,bé,clar,doncs,perquè	matriu ASR completa; semblança textual provisional; pendent d'audició
spk-014	spk-034	7	a veure,bé,clar,doncs,evidentment,perquè,és a dir	matriu ASR completa; semblança textual provisional; pendent d'audició
spk-014	spk-035	11	a veure,bé,clar,doncs,evidentment,llavors,no?,o sigui,per tant,perquè,és a dir	matriu ASR completa; semblança textual provisional; pendent d'audició
spk-014	spk-036	6	bé,clar,doncs,llavors,o sigui,per tant	matriu ASR completa; semblança textual provisional; pendent d'audició
spk-014	spk-037	9	a veure,bé,clar,doncs,llavors,no?,o sigui,perquè,veguer	matriu ASR completa; semblança textual provisional; pendent d'audició
spk-014	spk-038	9	a veure,bé,clar,doncs,evidentment,llavors,per tant,perquè,és a dir	matriu ASR completa; semblança textual provisional; pendent d'audició
spk-014	spk-039	8	a veure,bé,clar,doncs,llavors,no?,perquè,és a dir	matriu ASR completa; semblança textual provisional; pendent d'audició
spk-014	spk-040	10	a veure,bé,clar,doncs,evidentment,llavors,no?,o sigui,perquè,és a dir	matriu ASR completa; semblança textual provisional; pendent d'audició
spk-014	spk-041	5	bé,clar,doncs,llavors,perquè	matriu ASR completa; semblança textual provisional; pendent d'audició
spk-014	spk-042	9	a veure,bé,clar,doncs,llavors,o sigui,per tant,perquè,és a dir	matriu ASR completa; semblança textual provisional; pendent d'audició
spk-014	spk-043	9	bé,clar,doncs,evidentment,llavors,o sigui,per tant,perquè,és a dir	matriu ASR completa; semblança textual provisional; pendent d'audició
spk-014	spk-044	11	a veure,bé,clar,doncs,evidentment,llavors,no?,o sigui,per tant,perquè,és a dir	matriu ASR completa; semblança textual provisional; pendent d'audició
spk-014	spk-045	9	a veure,bé,clar,doncs,evidentment,llavors,no?,o sigui,perquè	matriu ASR completa; semblança textual provisional; pendent d'audició
spk-014	spk-046	9	bé,clar,doncs,evidentment,llavors,no?,per tant,perquè,és a dir	matriu ASR completa; semblança textual provisional; pendent d'audició
spk-014	spk-047	3	bé,llavors,perquè	matriu ASR completa; semblança textual provisional; pendent d'audició
spk-014	spk-048	12	Massana,a veure,bé,clar,doncs,evidentment,llavors,no?,o sigui,per tant,perquè,és a dir	matriu ASR completa; semblança textual provisional; pendent d'audició
spk-014	spk-049	6	bé,clar,doncs,llavors,no?,perquè	matriu ASR completa; semblança textual provisional; pendent d'audició
spk-014	spk-050	9	bé,clar,doncs,evidentment,llavors,o sigui,padrí,per tant,perquè	matriu ASR completa; semblança textual provisional; pendent d'audició
spk-014	spk-051	11	Massana,a veure,bé,clar,doncs,llavors,no?,o sigui,per tant,perquè,és a dir	matriu ASR completa; semblança textual provisional; pendent d'audició
spk-014	spk-052	3	clar,llavors,perquè	matriu ASR completa; semblança textual provisional; pendent d'audició
spk-014	spk-053	5	bé,clar,evidentment,perquè,és a dir	matriu ASR completa; semblança textual provisional; pendent d'audició
spk-014	spk-054	9	a veure,bé,clar,doncs,llavors,no?,o sigui,per tant,perquè	matriu ASR completa; semblança textual provisional; pendent d'audició
spk-014	spk-055	6	bé,doncs,evidentment,per tant,perquè,és a dir	matriu ASR completa; semblança textual provisional; pendent d'audició
spk-014	spk-056	5	bé,doncs,llavors,o sigui,perquè	matriu ASR completa; semblança textual provisional; pendent d'audició
spk-014	spk-057	10	a veure,bé,clar,doncs,evidentment,llavors,o sigui,padrí,perquè,és a dir	matriu ASR completa; semblança textual provisional; pendent d'audició
spk-014	spk-058	4	a veure,bé,llavors,perquè	matriu ASR completa; semblança textual provisional; pendent d'audició
spk-014	spk-059	7	bé,clar,doncs,llavors,per tant,perquè,és a dir	matriu ASR completa; semblança textual provisional; pendent d'audició
spk-014	spk-060	9	a veure,bé,clar,llavors,no?,o sigui,padrí,per tant,perquè	matriu ASR completa; semblança textual provisional; pendent d'audició
spk-015	spk-016	16	Canillo,Ordino,bueno,bé,clar,coprínceps,doncs,evidentment,llavors,no?,o sigui,parròquia,per tant,perquè,vull dir,és a dir	matriu ASR completa; semblança textual provisional; pendent d'audició
spk-015	spk-017	9	Ordino,bé,de fet,doncs,evidentment,no?,per tant,perquè,és a dir	matriu ASR completa; semblança textual provisional; pendent d'audició
spk-015	spk-018	10	bueno,bé,clar,doncs,evidentment,llavors,no?,o sigui,perquè,vull dir	matriu ASR completa; semblança textual provisional; pendent d'audició
spk-015	spk-019	10	Ordino,bé,de fet,doncs,evidentment,no?,parròquia,per tant,perquè,vull dir	matriu ASR completa; semblança textual provisional; pendent d'audició
spk-015	spk-020	13	Ordino,bueno,bé,clar,comuns,de fet,diguem,doncs,llavors,no?,o sigui,perquè,és a dir	matriu ASR completa; semblança textual provisional; pendent d'audició
spk-015	spk-021	10	bueno,bé,doncs,llavors,no?,o sigui,per tant,perquè,vull dir,és a dir	matriu ASR completa; semblança textual provisional; pendent d'audició
spk-015	spk-022	11	Ordino,bueno,bé,clar,comuns,diguem,doncs,evidentment,no?,perquè,vull dir	matriu ASR completa; semblança textual provisional; pendent d'audició
spk-015	spk-023	3	bueno,doncs,és a dir	matriu ASR completa; semblança textual provisional; pendent d'audició
spk-015	spk-024	18	Ordino,bueno,bé,clar,comuns,coprínceps,de fet,diguem,doncs,evidentment,no?,o sigui,parròquia,per tant,perquè,veguer,vull dir,és a dir	matriu ASR completa; semblança textual provisional; pendent d'audició
spk-015	spk-025	12	Canillo,Ordino,bueno,bé,clar,diguem,doncs,evidentment,no?,per tant,perquè,és a dir	matriu ASR completa; semblança textual provisional; pendent d'audició
spk-015	spk-026	15	Canillo,Ordino,bueno,bé,clar,de fet,evidentment,llavors,no?,parròquia,per tant,perquè,veguer,vull dir,és a dir	matriu ASR completa; semblança textual provisional; pendent d'audició
spk-015	spk-027	13	Canillo,bueno,bé,clar,diguem,doncs,evidentment,no?,o sigui,per tant,perquè,vull dir,és a dir	matriu ASR completa; semblança textual provisional; pendent d'audició
spk-015	spk-028	11	Canillo,Ordino,bueno,bé,clar,doncs,evidentment,llavors,per tant,perquè,vull dir	matriu ASR completa; semblança textual provisional; pendent d'audició
spk-015	spk-029	7	bé,de fet,doncs,evidentment,o sigui,parròquia,perquè	matriu ASR completa; semblança textual provisional; pendent d'audició
spk-015	spk-030	12	Canillo,bueno,bé,clar,diguem,doncs,evidentment,llavors,no?,o sigui,perquè,és a dir	matriu ASR completa; semblança textual provisional; pendent d'audició
spk-015	spk-031	11	Canillo,bueno,bé,clar,doncs,evidentment,no?,parròquia,perquè,vull dir,és a dir	matriu ASR completa; semblança textual provisional; pendent d'audició
spk-015	spk-032	5	bueno,clar,de fet,llavors,perquè	matriu ASR completa; semblança textual provisional; pendent d'audició
spk-015	spk-033	8	Canillo,bueno,bé,clar,de fet,doncs,perquè,vull dir	matriu ASR completa; semblança textual provisional; pendent d'audició
spk-015	spk-034	9	bueno,bé,clar,comuns,doncs,evidentment,parròquia,perquè,és a dir	matriu ASR completa; semblança textual provisional; pendent d'audició
spk-015	spk-035	13	bueno,bé,clar,de fet,doncs,evidentment,llavors,no?,o sigui,parròquia,per tant,perquè,és a dir	matriu ASR completa; semblança textual provisional; pendent d'audició
spk-015	spk-036	10	Canillo,Ordino,bé,clar,comuns,doncs,llavors,o sigui,parròquia,per tant	matriu ASR completa; semblança textual provisional; pendent d'audició
spk-015	spk-037	15	Canillo,bueno,bé,clar,comuns,coprínceps,diguem,doncs,llavors,no?,o sigui,parròquia,perquè,veguer,vull dir	matriu ASR completa; semblança textual provisional; pendent d'audició
spk-015	spk-038	10	bueno,bé,clar,doncs,evidentment,llavors,per tant,perquè,vull dir,és a dir	matriu ASR completa; semblança textual provisional; pendent d'audició
spk-015	spk-039	14	Canillo,bueno,bé,clar,comuns,coprínceps,diguem,doncs,llavors,no?,parròquia,perquè,vull dir,és a dir	matriu ASR completa; semblança textual provisional; pendent d'audició
spk-015	spk-040	13	bueno,bé,clar,de fet,diguem,doncs,evidentment,llavors,no?,o sigui,perquè,vull dir,és a dir	matriu ASR completa; semblança textual provisional; pendent d'audició
spk-015	spk-041	10	Canillo,bueno,bé,clar,diguem,doncs,llavors,parròquia,perquè,vull dir	matriu ASR completa; semblança textual provisional; pendent d'audició
spk-015	spk-042	12	Canillo,bueno,bé,clar,de fet,doncs,llavors,o sigui,per tant,perquè,vull dir,és a dir	matriu ASR completa; semblança textual provisional; pendent d'audició
spk-015	spk-043	12	bueno,bé,clar,coprínceps,doncs,evidentment,llavors,o sigui,per tant,perquè,vull dir,és a dir	matriu ASR completa; semblança textual provisional; pendent d'audició
spk-015	spk-044	16	Canillo,Ordino,bueno,bé,clar,de fet,doncs,evidentment,llavors,no?,o sigui,parròquia,per tant,perquè,vull dir,és a dir	matriu ASR completa; semblança textual provisional; pendent d'audició
spk-015	spk-045	10	bueno,bé,clar,doncs,evidentment,llavors,no?,o sigui,perquè,vull dir	matriu ASR completa; semblança textual provisional; pendent d'audició
spk-015	spk-046	12	bueno,bé,clar,comuns,diguem,doncs,evidentment,llavors,no?,per tant,perquè,és a dir	matriu ASR completa; semblança textual provisional; pendent d'audició
spk-015	spk-047	3	bé,llavors,perquè	matriu ASR completa; semblança textual provisional; pendent d'audició
spk-015	spk-048	14	Canillo,Ordino,bueno,bé,clar,doncs,evidentment,llavors,no?,o sigui,per tant,perquè,vull dir,és a dir	matriu ASR completa; semblança textual provisional; pendent d'audició
spk-015	spk-049	9	bueno,bé,clar,de fet,diguem,doncs,llavors,no?,perquè	matriu ASR completa; semblança textual provisional; pendent d'audició
spk-015	spk-050	12	Canillo,Ordino,bé,clar,diguem,doncs,evidentment,llavors,o sigui,parròquia,per tant,perquè	matriu ASR completa; semblança textual provisional; pendent d'audició
spk-015	spk-051	14	Canillo,bueno,bé,clar,diguem,doncs,llavors,no?,o sigui,parròquia,per tant,perquè,vull dir,és a dir	matriu ASR completa; semblança textual provisional; pendent d'audició
spk-015	spk-052	4	bueno,clar,llavors,perquè	matriu ASR completa; semblança textual provisional; pendent d'audició
spk-015	spk-053	8	bueno,bé,clar,de fet,diguem,evidentment,perquè,és a dir	matriu ASR completa; semblança textual provisional; pendent d'audició
spk-015	spk-054	10	bueno,bé,clar,doncs,llavors,no?,o sigui,per tant,perquè,vull dir	matriu ASR completa; semblança textual provisional; pendent d'audició
spk-015	spk-055	6	bé,doncs,evidentment,per tant,perquè,és a dir	matriu ASR completa; semblança textual provisional; pendent d'audició
spk-015	spk-056	6	bé,doncs,llavors,o sigui,parròquia,perquè	matriu ASR completa; semblança textual provisional; pendent d'audició
spk-015	spk-057	10	Ordino,bé,clar,doncs,evidentment,llavors,o sigui,perquè,vull dir,és a dir	matriu ASR completa; semblança textual provisional; pendent d'audició
spk-015	spk-058	4	bueno,bé,llavors,perquè	matriu ASR completa; semblança textual provisional; pendent d'audició
spk-015	spk-059	10	Ordino,bé,clar,comuns,de fet,doncs,llavors,per tant,perquè,és a dir	matriu ASR completa; semblança textual provisional; pendent d'audició
spk-015	spk-060	8	bé,clar,de fet,llavors,no?,o sigui,per tant,perquè	matriu ASR completa; semblança textual provisional; pendent d'audició
spk-016	spk-017	10	Ordino,a veure,aleshores,bé,doncs,evidentment,no?,per tant,perquè,és a dir	matriu ASR completa; semblança textual provisional; pendent d'audició
spk-016	spk-018	13	Escaldes,a veure,aleshores,bueno,bé,clar,doncs,evidentment,llavors,no?,o sigui,perquè,vull dir	matriu ASR completa; semblança textual provisional; pendent d'audició
spk-016	spk-019	11	Escaldes,Ordino,Sant Julià,bé,doncs,evidentment,no?,parròquia,per tant,perquè,vull dir	matriu ASR completa; semblança textual provisional; pendent d'audició
spk-016	spk-020	11	Ordino,a veure,bueno,bé,clar,doncs,llavors,no?,o sigui,perquè,és a dir	matriu ASR completa; semblança textual provisional; pendent d'audició
spk-016	spk-021	12	a veure,aleshores,bueno,bé,doncs,llavors,no?,o sigui,per tant,perquè,vull dir,és a dir	matriu ASR completa; semblança textual provisional; pendent d'audició
spk-016	spk-022	11	Massana,Ordino,Sant Julià,bueno,bé,clar,doncs,evidentment,no?,perquè,vull dir	matriu ASR completa; semblança textual provisional; pendent d'audició
spk-016	spk-023	3	bueno,doncs,és a dir	matriu ASR completa; semblança textual provisional; pendent d'audició
spk-016	spk-024	19	Escaldes,Massana,Ordino,Sant Julià,a veure,aleshores,bueno,bé,clar,coprínceps,doncs,evidentment,no?,o sigui,parròquia,per tant,perquè,vull dir,és a dir	matriu ASR completa; semblança textual provisional; pendent d'audició
spk-016	spk-025	12	Canillo,Ordino,Sant Julià,bueno,bé,clar,doncs,evidentment,no?,per tant,perquè,és a dir	matriu ASR completa; semblança textual provisional; pendent d'audició
spk-016	spk-026	17	Canillo,Escaldes,Massana,Ordino,Sant Julià,a veure,bueno,bé,clar,evidentment,llavors,no?,parròquia,per tant,perquè,vull dir,és a dir	matriu ASR completa; semblança textual provisional; pendent d'audició
spk-016	spk-027	12	Canillo,bueno,bé,clar,doncs,evidentment,no?,o sigui,per tant,perquè,vull dir,és a dir	matriu ASR completa; semblança textual provisional; pendent d'audició
spk-016	spk-028	14	Canillo,Escaldes,Ordino,Sant Julià,a veure,bueno,bé,clar,doncs,evidentment,llavors,per tant,perquè,vull dir	matriu ASR completa; semblança textual provisional; pendent d'audició
spk-016	spk-029	6	bé,doncs,evidentment,o sigui,parròquia,perquè	matriu ASR completa; semblança textual provisional; pendent d'audició
spk-016	spk-030	12	Canillo,aleshores,bueno,bé,clar,doncs,evidentment,llavors,no?,o sigui,perquè,és a dir	matriu ASR completa; semblança textual provisional; pendent d'audició
spk-016	spk-031	13	Canillo,a veure,aleshores,bueno,bé,clar,doncs,evidentment,no?,parròquia,perquè,vull dir,és a dir	matriu ASR completa; semblança textual provisional; pendent d'audició
spk-016	spk-032	4	bueno,clar,llavors,perquè	matriu ASR completa; semblança textual provisional; pendent d'audició
spk-016	spk-033	10	Canillo,Massana,a veure,aleshores,bueno,bé,clar,doncs,perquè,vull dir	matriu ASR completa; semblança textual provisional; pendent d'audició
spk-016	spk-034	10	Escaldes,a veure,bueno,bé,clar,doncs,evidentment,parròquia,perquè,és a dir	matriu ASR completa; semblança textual provisional; pendent d'audició
spk-016	spk-035	15	Escaldes,Sant Julià,a veure,bueno,bé,clar,doncs,evidentment,llavors,no?,o sigui,parròquia,per tant,perquè,és a dir	matriu ASR completa; semblança textual provisional; pendent d'audició
spk-016	spk-036	11	Canillo,Escaldes,Ordino,Sant Julià,bé,clar,doncs,llavors,o sigui,parròquia,per tant	matriu ASR completa; semblança textual provisional; pendent d'audició
spk-016	spk-037	14	Canillo,Escaldes,a veure,bueno,bé,clar,coprínceps,doncs,llavors,no?,o sigui,parròquia,perquè,vull dir	matriu ASR completa; semblança textual provisional; pendent d'audició
spk-016	spk-038	11	a veure,bueno,bé,clar,doncs,evidentment,llavors,per tant,perquè,vull dir,és a dir	matriu ASR completa; semblança textual provisional; pendent d'audició
spk-016	spk-039	15	Canillo,Escaldes,Sant Julià,a veure,bueno,bé,clar,coprínceps,doncs,llavors,no?,parròquia,perquè,vull dir,és a dir	matriu ASR completa; semblança textual provisional; pendent d'audició
spk-016	spk-040	12	a veure,bueno,bé,clar,doncs,evidentment,llavors,no?,o sigui,perquè,vull dir,és a dir	matriu ASR completa; semblança textual provisional; pendent d'audició
spk-016	spk-041	9	Canillo,bueno,bé,clar,doncs,llavors,parròquia,perquè,vull dir	matriu ASR completa; semblança textual provisional; pendent d'audició
spk-016	spk-042	13	Canillo,a veure,aleshores,bueno,bé,clar,doncs,llavors,o sigui,per tant,perquè,vull dir,és a dir	matriu ASR completa; semblança textual provisional; pendent d'audició
spk-016	spk-043	14	Escaldes,Sant Julià,bueno,bé,clar,coprínceps,doncs,evidentment,llavors,o sigui,per tant,perquè,vull dir,és a dir	matriu ASR completa; semblança textual provisional; pendent d'audició
spk-016	spk-044	16	Canillo,Ordino,a veure,bueno,bé,clar,doncs,evidentment,llavors,no?,o sigui,parròquia,per tant,perquè,vull dir,és a dir	matriu ASR completa; semblança textual provisional; pendent d'audició
spk-016	spk-045	11	a veure,bueno,bé,clar,doncs,evidentment,llavors,no?,o sigui,perquè,vull dir	matriu ASR completa; semblança textual provisional; pendent d'audició
spk-016	spk-046	10	bueno,bé,clar,doncs,evidentment,llavors,no?,per tant,perquè,és a dir	matriu ASR completa; semblança textual provisional; pendent d'audició
spk-016	spk-047	4	Escaldes,bé,llavors,perquè	matriu ASR completa; semblança textual provisional; pendent d'audició
spk-016	spk-048	18	Canillo,Escaldes,Massana,Ordino,Sant Julià,a veure,bueno,bé,clar,doncs,evidentment,llavors,no?,o sigui,per tant,perquè,vull dir,és a dir	matriu ASR completa; semblança textual provisional; pendent d'audició
spk-016	spk-049	7	bueno,bé,clar,doncs,llavors,no?,perquè	matriu ASR completa; semblança textual provisional; pendent d'audició
spk-016	spk-050	12	Canillo,Ordino,Sant Julià,bé,clar,doncs,evidentment,llavors,o sigui,parròquia,per tant,perquè	matriu ASR completa; semblança textual provisional; pendent d'audició
spk-016	spk-051	15	Canillo,Massana,a veure,bueno,bé,clar,doncs,llavors,no?,o sigui,parròquia,per tant,perquè,vull dir,és a dir	matriu ASR completa; semblança textual provisional; pendent d'audició
spk-016	spk-052	4	bueno,clar,llavors,perquè	matriu ASR completa; semblança textual provisional; pendent d'audició
spk-016	spk-053	7	aleshores,bueno,bé,clar,evidentment,perquè,és a dir	matriu ASR completa; semblança textual provisional; pendent d'audició
spk-016	spk-054	12	a veure,aleshores,bueno,bé,clar,doncs,llavors,no?,o sigui,per tant,perquè,vull dir	matriu ASR completa; semblança textual provisional; pendent d'audició
spk-016	spk-055	7	Escaldes,bé,doncs,evidentment,per tant,perquè,és a dir	matriu ASR completa; semblança textual provisional; pendent d'audició
spk-016	spk-056	6	bé,doncs,llavors,o sigui,parròquia,perquè	matriu ASR completa; semblança textual provisional; pendent d'audició
spk-016	spk-057	14	Escaldes,Ordino,Sant Julià,a veure,aleshores,bé,clar,doncs,evidentment,llavors,o sigui,perquè,vull dir,és a dir	matriu ASR completa; semblança textual provisional; pendent d'audició
spk-016	spk-058	7	Escaldes,Sant Julià,a veure,bueno,bé,llavors,perquè	matriu ASR completa; semblança textual provisional; pendent d'audició
spk-016	spk-059	9	Escaldes,Ordino,bé,clar,doncs,llavors,per tant,perquè,és a dir	matriu ASR completa; semblança textual provisional; pendent d'audició
spk-016	spk-060	9	a veure,aleshores,bé,clar,llavors,no?,o sigui,per tant,perquè	matriu ASR completa; semblança textual provisional; pendent d'audició
spk-017	spk-018	7	a veure,aleshores,bé,doncs,evidentment,no?,perquè	matriu ASR completa; semblança textual provisional; pendent d'audició
spk-017	spk-019	8	Ordino,bé,de fet,doncs,evidentment,no?,per tant,perquè	matriu ASR completa; semblança textual provisional; pendent d'audició
spk-017	spk-020	8	Ordino,a veure,bé,de fet,doncs,no?,perquè,és a dir	matriu ASR completa; semblança textual provisional; pendent d'audició
spk-017	spk-021	8	a veure,aleshores,bé,doncs,no?,per tant,perquè,és a dir	matriu ASR completa; semblança textual provisional; pendent d'audició
spk-017	spk-022	6	Ordino,bé,doncs,evidentment,no?,perquè	matriu ASR completa; semblança textual provisional; pendent d'audició
spk-017	spk-024	11	Ordino,a veure,aleshores,bé,de fet,doncs,evidentment,no?,per tant,perquè,és a dir	matriu ASR completa; semblança textual provisional; pendent d'audició
spk-017	spk-025	8	Ordino,bé,doncs,evidentment,no?,per tant,perquè,és a dir	matriu ASR completa; semblança textual provisional; pendent d'audició
spk-017	spk-026	9	Ordino,a veure,bé,de fet,evidentment,no?,per tant,perquè,és a dir	matriu ASR completa; semblança textual provisional; pendent d'audició
spk-017	spk-027	7	bé,doncs,evidentment,no?,per tant,perquè,és a dir	matriu ASR completa; semblança textual provisional; pendent d'audició
spk-017	spk-028	7	Ordino,a veure,bé,doncs,evidentment,per tant,perquè	matriu ASR completa; semblança textual provisional; pendent d'audició
spk-017	spk-029	5	bé,de fet,doncs,evidentment,perquè	matriu ASR completa; semblança textual provisional; pendent d'audició
spk-017	spk-030	7	aleshores,bé,doncs,evidentment,no?,perquè,és a dir	matriu ASR completa; semblança textual provisional; pendent d'audició
spk-017	spk-031	8	a veure,aleshores,bé,doncs,evidentment,no?,perquè,és a dir	matriu ASR completa; semblança textual provisional; pendent d'audició
spk-017	spk-033	6	a veure,aleshores,bé,de fet,doncs,perquè	matriu ASR completa; semblança textual provisional; pendent d'audició
spk-017	spk-034	6	a veure,bé,doncs,evidentment,perquè,és a dir	matriu ASR completa; semblança textual provisional; pendent d'audició
spk-017	spk-035	9	a veure,bé,de fet,doncs,evidentment,no?,per tant,perquè,és a dir	matriu ASR completa; semblança textual provisional; pendent d'audició
spk-017	spk-036	4	Ordino,bé,doncs,per tant	matriu ASR completa; semblança textual provisional; pendent d'audició
spk-017	spk-037	5	a veure,bé,doncs,no?,perquè	matriu ASR completa; semblança textual provisional; pendent d'audició
spk-017	spk-038	7	a veure,bé,doncs,evidentment,per tant,perquè,és a dir	matriu ASR completa; semblança textual provisional; pendent d'audició
spk-017	spk-039	6	a veure,bé,doncs,no?,perquè,és a dir	matriu ASR completa; semblança textual provisional; pendent d'audició
spk-017	spk-040	8	a veure,bé,de fet,doncs,evidentment,no?,perquè,és a dir	matriu ASR completa; semblança textual provisional; pendent d'audició
spk-017	spk-041	3	bé,doncs,perquè	matriu ASR completa; semblança textual provisional; pendent d'audició
spk-017	spk-042	8	a veure,aleshores,bé,de fet,doncs,per tant,perquè,és a dir	matriu ASR completa; semblança textual provisional; pendent d'audició
spk-017	spk-043	6	bé,doncs,evidentment,per tant,perquè,és a dir	matriu ASR completa; semblança textual provisional; pendent d'audició
spk-017	spk-044	10	Ordino,a veure,bé,de fet,doncs,evidentment,no?,per tant,perquè,és a dir	matriu ASR completa; semblança textual provisional; pendent d'audició
spk-017	spk-045	6	a veure,bé,doncs,evidentment,no?,perquè	matriu ASR completa; semblança textual provisional; pendent d'audició
spk-017	spk-046	7	bé,doncs,evidentment,no?,per tant,perquè,és a dir	matriu ASR completa; semblança textual provisional; pendent d'audició
spk-017	spk-048	9	Ordino,a veure,bé,doncs,evidentment,no?,per tant,perquè,és a dir	matriu ASR completa; semblança textual provisional; pendent d'audició
spk-017	spk-049	5	bé,de fet,doncs,no?,perquè	matriu ASR completa; semblança textual provisional; pendent d'audició
spk-017	spk-050	6	Ordino,bé,doncs,evidentment,per tant,perquè	matriu ASR completa; semblança textual provisional; pendent d'audició
spk-017	spk-051	7	a veure,bé,doncs,no?,per tant,perquè,és a dir	matriu ASR completa; semblança textual provisional; pendent d'audició
spk-017	spk-053	6	aleshores,bé,de fet,evidentment,perquè,és a dir	matriu ASR completa; semblança textual provisional; pendent d'audició
spk-017	spk-054	7	a veure,aleshores,bé,doncs,no?,per tant,perquè	matriu ASR completa; semblança textual provisional; pendent d'audició
spk-017	spk-055	6	bé,doncs,evidentment,per tant,perquè,és a dir	matriu ASR completa; semblança textual provisional; pendent d'audició
spk-017	spk-056	3	bé,doncs,perquè	matriu ASR completa; semblança textual provisional; pendent d'audició
spk-017	spk-057	8	Ordino,a veure,aleshores,bé,doncs,evidentment,perquè,és a dir	matriu ASR completa; semblança textual provisional; pendent d'audició
spk-017	spk-058	3	a veure,bé,perquè	matriu ASR completa; semblança textual provisional; pendent d'audició
spk-017	spk-059	7	Ordino,bé,de fet,doncs,per tant,perquè,és a dir	matriu ASR completa; semblança textual provisional; pendent d'audició
spk-017	spk-060	7	a veure,aleshores,bé,de fet,no?,per tant,perquè	matriu ASR completa; semblança textual provisional; pendent d'audició
spk-018	spk-019	8	Escaldes,bé,comunal,doncs,evidentment,no?,perquè,vull dir	matriu ASR completa; semblança textual provisional; pendent d'audició
spk-018	spk-020	10	a nivell,a veure,bueno,bé,clar,doncs,llavors,no?,o sigui,perquè	matriu ASR completa; semblança textual provisional; pendent d'audició
spk-018	spk-021	11	a nivell,a veure,aleshores,bueno,bé,doncs,llavors,no?,o sigui,perquè,vull dir	matriu ASR completa; semblança textual provisional; pendent d'audició
spk-018	spk-022	10	a nivell,bueno,bé,clar,comunal,doncs,evidentment,no?,perquè,vull dir	matriu ASR completa; semblança textual provisional; pendent d'audició
spk-018	spk-024	12	Escaldes,a veure,aleshores,bueno,bé,clar,doncs,evidentment,no?,o sigui,perquè,vull dir	matriu ASR completa; semblança textual provisional; pendent d'audició
spk-018	spk-025	7	bueno,bé,clar,doncs,evidentment,no?,perquè	matriu ASR completa; semblança textual provisional; pendent d'audició
spk-018	spk-026	11	Escaldes,a nivell,a veure,bueno,bé,clar,evidentment,llavors,no?,perquè,vull dir	matriu ASR completa; semblança textual provisional; pendent d'audició
spk-018	spk-027	9	bueno,bé,clar,doncs,evidentment,no?,o sigui,perquè,vull dir	matriu ASR completa; semblança textual provisional; pendent d'audició
spk-018	spk-028	11	Escaldes,a nivell,a veure,bueno,bé,clar,doncs,evidentment,llavors,perquè,vull dir	matriu ASR completa; semblança textual provisional; pendent d'audició
spk-018	spk-029	5	bé,doncs,evidentment,o sigui,perquè	matriu ASR completa; semblança textual provisional; pendent d'audició
spk-018	spk-030	10	aleshores,bueno,bé,clar,doncs,evidentment,llavors,no?,o sigui,perquè	matriu ASR completa; semblança textual provisional; pendent d'audició
spk-018	spk-031	10	a veure,aleshores,bueno,bé,clar,doncs,evidentment,no?,perquè,vull dir	matriu ASR completa; semblança textual provisional; pendent d'audició
spk-018	spk-032	4	bueno,clar,llavors,perquè	matriu ASR completa; semblança textual provisional; pendent d'audició
spk-018	spk-033	8	a veure,aleshores,bueno,bé,clar,doncs,perquè,vull dir	matriu ASR completa; semblança textual provisional; pendent d'audició
spk-018	spk-034	8	Escaldes,a veure,bueno,bé,clar,doncs,evidentment,perquè	matriu ASR completa; semblança textual provisional; pendent d'audició
spk-018	spk-035	12	Escaldes,a nivell,a veure,bueno,bé,clar,doncs,evidentment,llavors,no?,o sigui,perquè	matriu ASR completa; semblança textual provisional; pendent d'audició
spk-018	spk-036	7	Escaldes,bé,clar,comunal,doncs,llavors,o sigui	matriu ASR completa; semblança textual provisional; pendent d'audició
spk-018	spk-037	12	Escaldes,a nivell,a veure,bueno,bé,clar,doncs,llavors,no?,o sigui,perquè,vull dir	matriu ASR completa; semblança textual provisional; pendent d'audició
spk-018	spk-038	9	a veure,bueno,bé,clar,doncs,evidentment,llavors,perquè,vull dir	matriu ASR completa; semblança textual provisional; pendent d'audició
spk-018	spk-039	11	Escaldes,a nivell,a veure,bueno,bé,clar,doncs,llavors,no?,perquè,vull dir	matriu ASR completa; semblança textual provisional; pendent d'audició
spk-018	spk-040	11	a veure,bueno,bé,clar,doncs,evidentment,llavors,no?,o sigui,perquè,vull dir	matriu ASR completa; semblança textual provisional; pendent d'audició
spk-018	spk-041	7	bueno,bé,clar,doncs,llavors,perquè,vull dir	matriu ASR completa; semblança textual provisional; pendent d'audició
spk-018	spk-042	12	a nivell,a veure,aleshores,bueno,bé,clar,doncs,llavors,o sigui,perquè,santuari,vull dir	matriu ASR completa; semblança textual provisional; pendent d'audició
spk-018	spk-043	11	Escaldes,a nivell,bueno,bé,clar,doncs,evidentment,llavors,o sigui,perquè,vull dir	matriu ASR completa; semblança textual provisional; pendent d'audició
spk-018	spk-044	12	a nivell,a veure,bueno,bé,clar,doncs,evidentment,llavors,no?,o sigui,perquè,vull dir	matriu ASR completa; semblança textual provisional; pendent d'audició
spk-018	spk-045	12	a nivell,a veure,bueno,bé,clar,doncs,evidentment,llavors,no?,o sigui,perquè,vull dir	matriu ASR completa; semblança textual provisional; pendent d'audició
spk-018	spk-046	9	a nivell,bueno,bé,clar,doncs,evidentment,llavors,no?,perquè	matriu ASR completa; semblança textual provisional; pendent d'audició
spk-018	spk-047	4	Escaldes,bé,llavors,perquè	matriu ASR completa; semblança textual provisional; pendent d'audició
spk-018	spk-048	13	Escaldes,a nivell,a veure,bueno,bé,clar,doncs,evidentment,llavors,no?,o sigui,perquè,vull dir	matriu ASR completa; semblança textual provisional; pendent d'audició
spk-018	spk-049	7	bueno,bé,clar,doncs,llavors,no?,perquè	matriu ASR completa; semblança textual provisional; pendent d'audició
spk-018	spk-050	8	bé,clar,doncs,evidentment,llavors,o sigui,perquè,santuari	matriu ASR completa; semblança textual provisional; pendent d'audició
spk-018	spk-051	11	a nivell,a veure,bueno,bé,clar,doncs,llavors,no?,o sigui,perquè,vull dir	matriu ASR completa; semblança textual provisional; pendent d'audició
spk-018	spk-052	4	bueno,clar,llavors,perquè	matriu ASR completa; semblança textual provisional; pendent d'audició
spk-018	spk-053	7	a nivell,aleshores,bueno,bé,clar,evidentment,perquè	matriu ASR completa; semblança textual provisional; pendent d'audició
spk-018	spk-054	12	a nivell,a veure,aleshores,bueno,bé,clar,doncs,llavors,no?,o sigui,perquè,vull dir	matriu ASR completa; semblança textual provisional; pendent d'audició
spk-018	spk-055	5	Escaldes,bé,doncs,evidentment,perquè	matriu ASR completa; semblança textual provisional; pendent d'audició
spk-018	spk-056	5	bé,doncs,llavors,o sigui,perquè	matriu ASR completa; semblança textual provisional; pendent d'audició
spk-018	spk-057	11	Escaldes,a veure,aleshores,bé,clar,doncs,evidentment,llavors,o sigui,perquè,vull dir	matriu ASR completa; semblança textual provisional; pendent d'audició
spk-018	spk-058	6	Escaldes,a veure,bueno,bé,llavors,perquè	matriu ASR completa; semblança textual provisional; pendent d'audició
spk-018	spk-059	6	Escaldes,bé,clar,doncs,llavors,perquè	matriu ASR completa; semblança textual provisional; pendent d'audició
spk-018	spk-060	8	a veure,aleshores,bé,clar,llavors,no?,o sigui,perquè	matriu ASR completa; semblança textual provisional; pendent d'audició
spk-019	spk-020	6	Ordino,bé,de fet,doncs,no?,perquè	matriu ASR completa; semblança textual provisional; pendent d'audició
spk-019	spk-021	6	bé,doncs,no?,per tant,perquè,vull dir	matriu ASR completa; semblança textual provisional; pendent d'audició
spk-019	spk-022	10	Ordino,Sant Julià,bé,comunal,comú,doncs,evidentment,no?,perquè,vull dir	matriu ASR completa; semblança textual provisional; pendent d'audició
spk-019	spk-024	12	Escaldes,Ordino,Sant Julià,bé,de fet,doncs,evidentment,no?,parròquia,per tant,perquè,vull dir	matriu ASR completa; semblança textual provisional; pendent d'audició
spk-019	spk-025	9	Ordino,Sant Julià,bé,comú,doncs,evidentment,no?,per tant,perquè	matriu ASR completa; semblança textual provisional; pendent d'audició
spk-019	spk-026	12	Escaldes,Ordino,Sant Julià,bé,comú,de fet,evidentment,no?,parròquia,per tant,perquè,vull dir	matriu ASR completa; semblança textual provisional; pendent d'audició
spk-019	spk-027	7	bé,doncs,evidentment,no?,per tant,perquè,vull dir	matriu ASR completa; semblança textual provisional; pendent d'audició
spk-019	spk-028	10	Escaldes,Ordino,Sant Julià,bé,comú,doncs,evidentment,per tant,perquè,vull dir	matriu ASR completa; semblança textual provisional; pendent d'audició
spk-019	spk-029	6	bé,de fet,doncs,evidentment,parròquia,perquè	matriu ASR completa; semblança textual provisional; pendent d'audició
spk-019	spk-030	5	bé,doncs,evidentment,no?,perquè	matriu ASR completa; semblança textual provisional; pendent d'audició
spk-019	spk-031	7	bé,doncs,evidentment,no?,parròquia,perquè,vull dir	matriu ASR completa; semblança textual provisional; pendent d'audició
spk-019	spk-032	3	comú,de fet,perquè	matriu ASR completa; semblança textual provisional; pendent d'audició
spk-019	spk-033	5	bé,de fet,doncs,perquè,vull dir	matriu ASR completa; semblança textual provisional; pendent d'audició
spk-019	spk-034	7	Escaldes,bé,comú,doncs,evidentment,parròquia,perquè	matriu ASR completa; semblança textual provisional; pendent d'audició
spk-019	spk-035	10	Escaldes,Sant Julià,bé,de fet,doncs,evidentment,no?,parròquia,per tant,perquè	matriu ASR completa; semblança textual provisional; pendent d'audició
spk-019	spk-036	9	Escaldes,Ordino,Sant Julià,bé,comunal,comú,doncs,parròquia,per tant	matriu ASR completa; semblança textual provisional; pendent d'audició
spk-019	spk-037	7	Escaldes,bé,doncs,no?,parròquia,perquè,vull dir	matriu ASR completa; semblança textual provisional; pendent d'audició
spk-019	spk-038	6	bé,doncs,evidentment,per tant,perquè,vull dir	matriu ASR completa; semblança textual provisional; pendent d'audició
spk-019	spk-039	9	Escaldes,Sant Julià,bé,comú,doncs,no?,parròquia,perquè,vull dir	matriu ASR completa; semblança textual provisional; pendent d'audició
spk-019	spk-040	7	bé,de fet,doncs,evidentment,no?,perquè,vull dir	matriu ASR completa; semblança textual provisional; pendent d'audició
spk-019	spk-041	6	bé,comú,doncs,parròquia,perquè,vull dir	matriu ASR completa; semblança textual provisional; pendent d'audició
spk-019	spk-042	7	bé,comú,de fet,doncs,per tant,perquè,vull dir	matriu ASR completa; semblança textual provisional; pendent d'audició
spk-019	spk-043	9	Escaldes,Sant Julià,bé,comú,doncs,evidentment,per tant,perquè,vull dir	matriu ASR completa; semblança textual provisional; pendent d'audició
spk-019	spk-044	10	Ordino,bé,de fet,doncs,evidentment,no?,parròquia,per tant,perquè,vull dir	matriu ASR completa; semblança textual provisional; pendent d'audició
spk-019	spk-045	6	bé,doncs,evidentment,no?,perquè,vull dir	matriu ASR completa; semblança textual provisional; pendent d'audició
spk-019	spk-046	6	bé,doncs,evidentment,no?,per tant,perquè	matriu ASR completa; semblança textual provisional; pendent d'audició
spk-019	spk-047	3	Escaldes,bé,perquè	matriu ASR completa; semblança textual provisional; pendent d'audició
spk-019	spk-048	10	Escaldes,Ordino,Sant Julià,bé,doncs,evidentment,no?,per tant,perquè,vull dir	matriu ASR completa; semblança textual provisional; pendent d'audició
spk-019	spk-049	5	bé,de fet,doncs,no?,perquè	matriu ASR completa; semblança textual provisional; pendent d'audició
spk-019	spk-050	9	Ordino,Sant Julià,bé,comú,doncs,evidentment,parròquia,per tant,perquè	matriu ASR completa; semblança textual provisional; pendent d'audició
spk-019	spk-051	8	bé,comú,doncs,no?,parròquia,per tant,perquè,vull dir	matriu ASR completa; semblança textual provisional; pendent d'audició
spk-019	spk-053	4	bé,de fet,evidentment,perquè	matriu ASR completa; semblança textual provisional; pendent d'audició
spk-019	spk-054	6	bé,doncs,no?,per tant,perquè,vull dir	matriu ASR completa; semblança textual provisional; pendent d'audició
spk-019	spk-055	6	Escaldes,bé,doncs,evidentment,per tant,perquè	matriu ASR completa; semblança textual provisional; pendent d'audició
spk-019	spk-056	4	bé,doncs,parròquia,perquè	matriu ASR completa; semblança textual provisional; pendent d'audició
spk-019	spk-057	9	Escaldes,Ordino,Sant Julià,bé,comú,doncs,evidentment,perquè,vull dir	matriu ASR completa; semblança textual provisional; pendent d'audició
spk-019	spk-058	4	Escaldes,Sant Julià,bé,perquè	matriu ASR completa; semblança textual provisional; pendent d'audició
spk-019	spk-059	7	Escaldes,Ordino,bé,de fet,doncs,per tant,perquè	matriu ASR completa; semblança textual provisional; pendent d'audició
spk-019	spk-060	5	bé,de fet,no?,per tant,perquè	matriu ASR completa; semblança textual provisional; pendent d'audició
spk-020	spk-021	10	a nivell,a veure,bueno,bé,doncs,llavors,no?,o sigui,perquè,és a dir	matriu ASR completa; semblança textual provisional; pendent d'audició
spk-020	spk-022	10	Ordino,a nivell,bueno,bé,clar,comuns,diguem,doncs,no?,perquè	matriu ASR completa; semblança textual provisional; pendent d'audició
spk-020	spk-023	3	bueno,doncs,és a dir	matriu ASR completa; semblança textual provisional; pendent d'audició
spk-020	spk-024	13	Ordino,a veure,bueno,bé,clar,comuns,de fet,diguem,doncs,no?,o sigui,perquè,és a dir	matriu ASR completa; semblança textual provisional; pendent d'audició
spk-020	spk-025	9	Ordino,bueno,bé,clar,diguem,doncs,no?,perquè,és a dir	matriu ASR completa; semblança textual provisional; pendent d'audició
spk-020	spk-026	11	Ordino,a nivell,a veure,bueno,bé,clar,de fet,llavors,no?,perquè,és a dir	matriu ASR completa; semblança textual provisional; pendent d'audició
spk-020	spk-027	9	bueno,bé,clar,diguem,doncs,no?,o sigui,perquè,és a dir	matriu ASR completa; semblança textual provisional; pendent d'audició
spk-020	spk-028	9	Ordino,a nivell,a veure,bueno,bé,clar,doncs,llavors,perquè	matriu ASR completa; semblança textual provisional; pendent d'audició
spk-020	spk-029	5	bé,de fet,doncs,o sigui,perquè	matriu ASR completa; semblança textual provisional; pendent d'audició
spk-020	spk-030	10	bueno,bé,clar,diguem,doncs,llavors,no?,o sigui,perquè,és a dir	matriu ASR completa; semblança textual provisional; pendent d'audició
spk-020	spk-031	8	a veure,bueno,bé,clar,doncs,no?,perquè,és a dir	matriu ASR completa; semblança textual provisional; pendent d'audició
spk-020	spk-032	5	bueno,clar,de fet,llavors,perquè	matriu ASR completa; semblança textual provisional; pendent d'audició
spk-020	spk-033	7	a veure,bueno,bé,clar,de fet,doncs,perquè	matriu ASR completa; semblança textual provisional; pendent d'audició
spk-020	spk-034	8	a veure,bueno,bé,clar,comuns,doncs,perquè,és a dir	matriu ASR completa; semblança textual provisional; pendent d'audició
spk-020	spk-035	12	a nivell,a veure,bueno,bé,clar,de fet,doncs,llavors,no?,o sigui,perquè,és a dir	matriu ASR completa; semblança textual provisional; pendent d'audició
spk-020	spk-036	7	Ordino,bé,clar,comuns,doncs,llavors,o sigui	matriu ASR completa; semblança textual provisional; pendent d'audició
spk-020	spk-037	12	a nivell,a veure,bueno,bé,clar,comuns,diguem,doncs,llavors,no?,o sigui,perquè	matriu ASR completa; semblança textual provisional; pendent d'audició
spk-020	spk-038	8	a veure,bueno,bé,clar,doncs,llavors,perquè,és a dir	matriu ASR completa; semblança textual provisional; pendent d'audició
spk-020	spk-039	13	a nivell,a veure,andorrana,bueno,bé,clar,comuns,diguem,doncs,llavors,no?,perquè,és a dir	matriu ASR completa; semblança textual provisional; pendent d'audició
spk-020	spk-040	12	a veure,bueno,bé,clar,de fet,diguem,doncs,llavors,no?,o sigui,perquè,és a dir	matriu ASR completa; semblança textual provisional; pendent d'audició
spk-020	spk-041	7	bueno,bé,clar,diguem,doncs,llavors,perquè	matriu ASR completa; semblança textual provisional; pendent d'audició
spk-020	spk-042	11	a nivell,a veure,bueno,bé,clar,de fet,doncs,llavors,o sigui,perquè,és a dir	matriu ASR completa; semblança textual provisional; pendent d'audició
spk-020	spk-043	9	a nivell,bueno,bé,clar,doncs,llavors,o sigui,perquè,és a dir	matriu ASR completa; semblança textual provisional; pendent d'audició
spk-020	spk-044	13	Ordino,a nivell,a veure,bueno,bé,clar,de fet,doncs,llavors,no?,o sigui,perquè,és a dir	matriu ASR completa; semblança textual provisional; pendent d'audició
spk-020	spk-045	10	a nivell,a veure,bueno,bé,clar,doncs,llavors,no?,o sigui,perquè	matriu ASR completa; semblança textual provisional; pendent d'audició
spk-020	spk-046	11	a nivell,bueno,bé,clar,comuns,diguem,doncs,llavors,no?,perquè,és a dir	matriu ASR completa; semblança textual provisional; pendent d'audició
spk-020	spk-047	3	bé,llavors,perquè	matriu ASR completa; semblança textual provisional; pendent d'audició
spk-020	spk-048	12	Ordino,a nivell,a veure,bueno,bé,clar,doncs,llavors,no?,o sigui,perquè,és a dir	matriu ASR completa; semblança textual provisional; pendent d'audició
spk-020	spk-049	9	bueno,bé,clar,de fet,diguem,doncs,llavors,no?,perquè	matriu ASR completa; semblança textual provisional; pendent d'audició
spk-020	spk-050	8	Ordino,bé,clar,diguem,doncs,llavors,o sigui,perquè	matriu ASR completa; semblança textual provisional; pendent d'audició
spk-020	spk-051	12	a nivell,a veure,bueno,bé,clar,diguem,doncs,llavors,no?,o sigui,perquè,és a dir	matriu ASR completa; semblança textual provisional; pendent d'audició
spk-020	spk-052	4	bueno,clar,llavors,perquè	matriu ASR completa; semblança textual provisional; pendent d'audició
spk-020	spk-053	9	a nivell,andorrana,bueno,bé,clar,de fet,diguem,perquè,és a dir	matriu ASR completa; semblança textual provisional; pendent d'audició
spk-020	spk-054	10	a nivell,a veure,bueno,bé,clar,doncs,llavors,no?,o sigui,perquè	matriu ASR completa; semblança textual provisional; pendent d'audició
spk-020	spk-055	4	bé,doncs,perquè,és a dir	matriu ASR completa; semblança textual provisional; pendent d'audició
spk-020	spk-056	5	bé,doncs,llavors,o sigui,perquè	matriu ASR completa; semblança textual provisional; pendent d'audició
spk-020	spk-057	9	Ordino,a veure,bé,clar,doncs,llavors,o sigui,perquè,és a dir	matriu ASR completa; semblança textual provisional; pendent d'audició
spk-020	spk-058	5	a veure,bueno,bé,llavors,perquè	matriu ASR completa; semblança textual provisional; pendent d'audició
spk-020	spk-059	9	Ordino,bé,clar,comuns,de fet,doncs,llavors,perquè,és a dir	matriu ASR completa; semblança textual provisional; pendent d'audició
spk-020	spk-060	8	a veure,bé,clar,de fet,llavors,no?,o sigui,perquè	matriu ASR completa; semblança textual provisional; pendent d'audició
spk-021	spk-022	7	a nivell,bueno,bé,doncs,no?,perquè,vull dir	matriu ASR completa; semblança textual provisional; pendent d'audició
spk-021	spk-023	3	bueno,doncs,és a dir	matriu ASR completa; semblança textual provisional; pendent d'audició
spk-021	spk-024	11	a veure,aleshores,bueno,bé,doncs,no?,o sigui,per tant,perquè,vull dir,és a dir	matriu ASR completa; semblança textual provisional; pendent d'audició
spk-021	spk-025	7	bueno,bé,doncs,no?,per tant,perquè,és a dir	matriu ASR completa; semblança textual provisional; pendent d'audició
spk-021	spk-026	10	a nivell,a veure,bueno,bé,llavors,no?,per tant,perquè,vull dir,és a dir	matriu ASR completa; semblança textual provisional; pendent d'audició
spk-021	spk-027	9	bueno,bé,doncs,no?,o sigui,per tant,perquè,vull dir,és a dir	matriu ASR completa; semblança textual provisional; pendent d'audició
spk-021	spk-028	9	a nivell,a veure,bueno,bé,doncs,llavors,per tant,perquè,vull dir	matriu ASR completa; semblança textual provisional; pendent d'audició
spk-021	spk-029	4	bé,doncs,o sigui,perquè	matriu ASR completa; semblança textual provisional; pendent d'audició
spk-021	spk-030	9	aleshores,bueno,bé,doncs,llavors,no?,o sigui,perquè,és a dir	matriu ASR completa; semblança textual provisional; pendent d'audició
spk-021	spk-031	9	a veure,aleshores,bueno,bé,doncs,no?,perquè,vull dir,és a dir	matriu ASR completa; semblança textual provisional; pendent d'audició
spk-021	spk-032	3	bueno,llavors,perquè	matriu ASR completa; semblança textual provisional; pendent d'audició
spk-021	spk-033	7	a veure,aleshores,bueno,bé,doncs,perquè,vull dir	matriu ASR completa; semblança textual provisional; pendent d'audició
spk-021	spk-034	6	a veure,bueno,bé,doncs,perquè,és a dir	matriu ASR completa; semblança textual provisional; pendent d'audició
spk-021	spk-035	11	a nivell,a veure,bueno,bé,doncs,llavors,no?,o sigui,per tant,perquè,és a dir	matriu ASR completa; semblança textual provisional; pendent d'audició
spk-021	spk-036	5	bé,doncs,llavors,o sigui,per tant	matriu ASR completa; semblança textual provisional; pendent d'audició
spk-021	spk-037	10	a nivell,a veure,bueno,bé,doncs,llavors,no?,o sigui,perquè,vull dir	matriu ASR completa; semblança textual provisional; pendent d'audició
spk-021	spk-038	9	a veure,bueno,bé,doncs,llavors,per tant,perquè,vull dir,és a dir	matriu ASR completa; semblança textual provisional; pendent d'audició
spk-021	spk-039	10	a nivell,a veure,bueno,bé,doncs,llavors,no?,perquè,vull dir,és a dir	matriu ASR completa; semblança textual provisional; pendent d'audició
spk-021	spk-040	10	a veure,bueno,bé,doncs,llavors,no?,o sigui,perquè,vull dir,és a dir	matriu ASR completa; semblança textual provisional; pendent d'audició
spk-021	spk-041	6	bueno,bé,doncs,llavors,perquè,vull dir	matriu ASR completa; semblança textual provisional; pendent d'audició
spk-021	spk-042	12	a nivell,a veure,aleshores,bueno,bé,doncs,llavors,o sigui,per tant,perquè,vull dir,és a dir	matriu ASR completa; semblança textual provisional; pendent d'audició
spk-021	spk-043	10	a nivell,bueno,bé,doncs,llavors,o sigui,per tant,perquè,vull dir,és a dir	matriu ASR completa; semblança textual provisional; pendent d'audició
spk-021	spk-044	12	a nivell,a veure,bueno,bé,doncs,llavors,no?,o sigui,per tant,perquè,vull dir,és a dir	matriu ASR completa; semblança textual provisional; pendent d'audició
spk-021	spk-045	10	a nivell,a veure,bueno,bé,doncs,llavors,no?,o sigui,perquè,vull dir	matriu ASR completa; semblança textual provisional; pendent d'audició
spk-021	spk-046	9	a nivell,bueno,bé,doncs,llavors,no?,per tant,perquè,és a dir	matriu ASR completa; semblança textual provisional; pendent d'audició
spk-021	spk-047	3	bé,llavors,perquè	matriu ASR completa; semblança textual provisional; pendent d'audició
spk-021	spk-048	12	a nivell,a veure,bueno,bé,doncs,llavors,no?,o sigui,per tant,perquè,vull dir,és a dir	matriu ASR completa; semblança textual provisional; pendent d'audició
spk-021	spk-049	6	bueno,bé,doncs,llavors,no?,perquè	matriu ASR completa; semblança textual provisional; pendent d'audició
spk-021	spk-050	6	bé,doncs,llavors,o sigui,per tant,perquè	matriu ASR completa; semblança textual provisional; pendent d'audició
spk-021	spk-051	12	a nivell,a veure,bueno,bé,doncs,llavors,no?,o sigui,per tant,perquè,vull dir,és a dir	matriu ASR completa; semblança textual provisional; pendent d'audició
spk-021	spk-052	3	bueno,llavors,perquè	matriu ASR completa; semblança textual provisional; pendent d'audició
spk-021	spk-053	6	a nivell,aleshores,bueno,bé,perquè,és a dir	matriu ASR completa; semblança textual provisional; pendent d'audició
spk-021	spk-054	12	a nivell,a veure,aleshores,bueno,bé,doncs,llavors,no?,o sigui,per tant,perquè,vull dir	matriu ASR completa; semblança textual provisional; pendent d'audició
spk-021	spk-055	5	bé,doncs,per tant,perquè,és a dir	matriu ASR completa; semblança textual provisional; pendent d'audició
spk-021	spk-056	5	bé,doncs,llavors,o sigui,perquè	matriu ASR completa; semblança textual provisional; pendent d'audició
spk-021	spk-057	9	a veure,aleshores,bé,doncs,llavors,o sigui,perquè,vull dir,és a dir	matriu ASR completa; semblança textual provisional; pendent d'audició
spk-021	spk-058	5	a veure,bueno,bé,llavors,perquè	matriu ASR completa; semblança textual provisional; pendent d'audició
spk-021	spk-059	6	bé,doncs,llavors,per tant,perquè,és a dir	matriu ASR completa; semblança textual provisional; pendent d'audició
spk-021	spk-060	8	a veure,aleshores,bé,llavors,no?,o sigui,per tant,perquè	matriu ASR completa; semblança textual provisional; pendent d'audició
spk-022	spk-024	15	Massana,Ordino,Sant Julià,bueno,bé,clar,comunals,comuns,copríncep,diguem,doncs,evidentment,no?,perquè,vull dir	matriu ASR completa; semblança textual provisional; pendent d'audició
spk-022	spk-025	11	Ordino,Sant Julià,bueno,bé,clar,comú,diguem,doncs,evidentment,no?,perquè	matriu ASR completa; semblança textual provisional; pendent d'audició
spk-022	spk-026	13	Massana,Ordino,Sant Julià,a nivell,bueno,bé,clar,comú,copríncep,evidentment,no?,perquè,vull dir	matriu ASR completa; semblança textual provisional; pendent d'audició
spk-022	spk-027	9	bueno,bé,clar,diguem,doncs,evidentment,no?,perquè,vull dir	matriu ASR completa; semblança textual provisional; pendent d'audició
spk-022	spk-028	12	Ordino,Sant Julià,a nivell,bueno,bé,clar,comú,copríncep,doncs,evidentment,perquè,vull dir	matriu ASR completa; semblança textual provisional; pendent d'audició
spk-022	spk-029	4	bé,doncs,evidentment,perquè	matriu ASR completa; semblança textual provisional; pendent d'audició
spk-022	spk-030	8	bueno,bé,clar,diguem,doncs,evidentment,no?,perquè	matriu ASR completa; semblança textual provisional; pendent d'audició
spk-022	spk-031	8	bueno,bé,clar,doncs,evidentment,no?,perquè,vull dir	matriu ASR completa; semblança textual provisional; pendent d'audició
spk-022	spk-032	5	bueno,clar,comunals,comú,perquè	matriu ASR completa; semblança textual provisional; pendent d'audició
spk-022	spk-033	7	Massana,bueno,bé,clar,doncs,perquè,vull dir	matriu ASR completa; semblança textual provisional; pendent d'audició
spk-022	spk-034	8	bueno,bé,clar,comuns,comú,doncs,evidentment,perquè	matriu ASR completa; semblança textual provisional; pendent d'audició
spk-022	spk-035	9	Sant Julià,a nivell,bueno,bé,clar,doncs,evidentment,no?,perquè	matriu ASR completa; semblança textual provisional; pendent d'audició
spk-022	spk-036	9	Ordino,Sant Julià,bé,clar,comunal,comunals,comuns,comú,doncs	matriu ASR completa; semblança textual provisional; pendent d'audició
spk-022	spk-037	11	a nivell,bueno,bé,clar,comuns,copríncep,diguem,doncs,no?,perquè,vull dir	matriu ASR completa; semblança textual provisional; pendent d'audició
spk-022	spk-038	7	bueno,bé,clar,doncs,evidentment,perquè,vull dir	matriu ASR completa; semblança textual provisional; pendent d'audició
spk-022	spk-039	13	Sant Julià,a nivell,bueno,bé,clar,comuns,comú,copríncep,diguem,doncs,no?,perquè,vull dir	matriu ASR completa; semblança textual provisional; pendent d'audició
spk-022	spk-040	9	bueno,bé,clar,diguem,doncs,evidentment,no?,perquè,vull dir	matriu ASR completa; semblança textual provisional; pendent d'audició
spk-022	spk-041	8	bueno,bé,clar,comú,diguem,doncs,perquè,vull dir	matriu ASR completa; semblança textual provisional; pendent d'audició
spk-022	spk-042	8	a nivell,bueno,bé,clar,comú,doncs,perquè,vull dir	matriu ASR completa; semblança textual provisional; pendent d'audició
spk-022	spk-043	11	Sant Julià,a nivell,bueno,bé,clar,comú,copríncep,doncs,evidentment,perquè,vull dir	matriu ASR completa; semblança textual provisional; pendent d'audició
spk-022	spk-044	12	Ordino,a nivell,aviam,bueno,bé,clar,comunals,doncs,evidentment,no?,perquè,vull dir	matriu ASR completa; semblança textual provisional; pendent d'audició
spk-022	spk-045	9	a nivell,bueno,bé,clar,doncs,evidentment,no?,perquè,vull dir	matriu ASR completa; semblança textual provisional; pendent d'audició
spk-022	spk-046	10	a nivell,bueno,bé,clar,comuns,diguem,doncs,evidentment,no?,perquè	matriu ASR completa; semblança textual provisional; pendent d'audició
spk-022	spk-048	14	Massana,Ordino,Sant Julià,a nivell,bueno,bé,clar,comunals,copríncep,doncs,evidentment,no?,perquè,vull dir	matriu ASR completa; semblança textual provisional; pendent d'audició
spk-022	spk-049	7	bueno,bé,clar,diguem,doncs,no?,perquè	matriu ASR completa; semblança textual provisional; pendent d'audició
spk-022	spk-050	9	Ordino,Sant Julià,bé,clar,comú,diguem,doncs,evidentment,perquè	matriu ASR completa; semblança textual provisional; pendent d'audició
spk-022	spk-051	11	Massana,a nivell,bueno,bé,clar,comú,diguem,doncs,no?,perquè,vull dir	matriu ASR completa; semblança textual provisional; pendent d'audició
spk-022	spk-052	3	bueno,clar,perquè	matriu ASR completa; semblança textual provisional; pendent d'audició
spk-022	spk-053	8	a nivell,aviam,bueno,bé,clar,diguem,evidentment,perquè	matriu ASR completa; semblança textual provisional; pendent d'audició
spk-022	spk-054	8	a nivell,bueno,bé,clar,doncs,no?,perquè,vull dir	matriu ASR completa; semblança textual provisional; pendent d'audició
spk-022	spk-055	4	bé,doncs,evidentment,perquè	matriu ASR completa; semblança textual provisional; pendent d'audició
spk-022	spk-056	3	bé,doncs,perquè	matriu ASR completa; semblança textual provisional; pendent d'audició
spk-022	spk-057	10	Ordino,Sant Julià,aviam,bé,clar,comú,doncs,evidentment,perquè,vull dir	matriu ASR completa; semblança textual provisional; pendent d'audició
spk-022	spk-058	4	Sant Julià,bueno,bé,perquè	matriu ASR completa; semblança textual provisional; pendent d'audició
spk-022	spk-059	6	Ordino,bé,clar,comuns,doncs,perquè	matriu ASR completa; semblança textual provisional; pendent d'audició
spk-022	spk-060	4	bé,clar,no?,perquè	matriu ASR completa; semblança textual provisional; pendent d'audició
spk-023	spk-024	3	bueno,doncs,és a dir	matriu ASR completa; semblança textual provisional; pendent d'audició
spk-023	spk-025	3	bueno,doncs,és a dir	matriu ASR completa; semblança textual provisional; pendent d'audició
spk-023	spk-027	3	bueno,doncs,és a dir	matriu ASR completa; semblança textual provisional; pendent d'audició
spk-023	spk-030	3	bueno,doncs,és a dir	matriu ASR completa; semblança textual provisional; pendent d'audició
spk-023	spk-031	3	bueno,doncs,és a dir	matriu ASR completa; semblança textual provisional; pendent d'audició
spk-023	spk-034	3	bueno,doncs,és a dir	matriu ASR completa; semblança textual provisional; pendent d'audició
spk-023	spk-035	3	bueno,doncs,és a dir	matriu ASR completa; semblança textual provisional; pendent d'audició
spk-023	spk-038	3	bueno,doncs,és a dir	matriu ASR completa; semblança textual provisional; pendent d'audició
spk-023	spk-039	3	bueno,doncs,és a dir	matriu ASR completa; semblança textual provisional; pendent d'audició
spk-023	spk-040	3	bueno,doncs,és a dir	matriu ASR completa; semblança textual provisional; pendent d'audició
spk-023	spk-042	3	bueno,doncs,és a dir	matriu ASR completa; semblança textual provisional; pendent d'audició
spk-023	spk-043	3	bueno,doncs,és a dir	matriu ASR completa; semblança textual provisional; pendent d'audició
spk-023	spk-044	3	bueno,doncs,és a dir	matriu ASR completa; semblança textual provisional; pendent d'audició
spk-023	spk-046	3	bueno,doncs,és a dir	matriu ASR completa; semblança textual provisional; pendent d'audició
spk-023	spk-048	3	bueno,doncs,és a dir	matriu ASR completa; semblança textual provisional; pendent d'audició
spk-023	spk-051	3	bueno,doncs,és a dir	matriu ASR completa; semblança textual provisional; pendent d'audició
spk-024	spk-025	12	Ordino,Sant Julià,bueno,bé,clar,diguem,doncs,evidentment,no?,per tant,perquè,és a dir	matriu ASR completa; semblança textual provisional; pendent d'audició
spk-024	spk-026	18	Escaldes,Massana,Ordino,Sant Julià,a veure,bueno,bé,clar,copríncep,de fet,evidentment,no?,parròquia,per tant,perquè,veguer,vull dir,és a dir	matriu ASR completa; semblança textual provisional; pendent d'audició
spk-024	spk-027	12	bueno,bé,clar,diguem,doncs,evidentment,no?,o sigui,per tant,perquè,vull dir,és a dir	matriu ASR completa; semblança textual provisional; pendent d'audició
spk-024	spk-028	13	Escaldes,Ordino,Sant Julià,a veure,bueno,bé,clar,copríncep,doncs,evidentment,per tant,perquè,vull dir	matriu ASR completa; semblança textual provisional; pendent d'audició
spk-024	spk-029	7	bé,de fet,doncs,evidentment,o sigui,parròquia,perquè	matriu ASR completa; semblança textual provisional; pendent d'audició
spk-024	spk-030	11	aleshores,bueno,bé,clar,diguem,doncs,evidentment,no?,o sigui,perquè,és a dir	matriu ASR completa; semblança textual provisional; pendent d'audició
spk-024	spk-031	12	a veure,aleshores,bueno,bé,clar,doncs,evidentment,no?,parròquia,perquè,vull dir,és a dir	matriu ASR completa; semblança textual provisional; pendent d'audició
spk-024	spk-032	5	bueno,clar,comunals,de fet,perquè	matriu ASR completa; semblança textual provisional; pendent d'audició
spk-024	spk-033	10	Massana,a veure,aleshores,bueno,bé,clar,de fet,doncs,perquè,vull dir	matriu ASR completa; semblança textual provisional; pendent d'audició
spk-024	spk-034	11	Escaldes,a veure,bueno,bé,clar,comuns,doncs,evidentment,parròquia,perquè,és a dir	matriu ASR completa; semblança textual provisional; pendent d'audició
spk-024	spk-035	15	Escaldes,Sant Julià,a veure,bueno,bé,clar,de fet,doncs,evidentment,no?,o sigui,parròquia,per tant,perquè,és a dir	matriu ASR completa; semblança textual provisional; pendent d'audició
spk-024	spk-036	11	Escaldes,Ordino,Sant Julià,bé,clar,comunals,comuns,doncs,o sigui,parròquia,per tant	matriu ASR completa; semblança textual provisional; pendent d'audició
spk-024	spk-037	16	Escaldes,a veure,bueno,bé,clar,comuns,copríncep,coprínceps,diguem,doncs,no?,o sigui,parròquia,perquè,veguer,vull dir	matriu ASR completa; semblança textual provisional; pendent d'audició
spk-024	spk-038	10	a veure,bueno,bé,clar,doncs,evidentment,per tant,perquè,vull dir,és a dir	matriu ASR completa; semblança textual provisional; pendent d'audició
spk-024	spk-039	16	Escaldes,Sant Julià,a veure,bueno,bé,clar,comuns,copríncep,coprínceps,diguem,doncs,no?,parròquia,perquè,vull dir,és a dir	matriu ASR completa; semblança textual provisional; pendent d'audició
spk-024	spk-040	13	a veure,bueno,bé,clar,de fet,diguem,doncs,evidentment,no?,o sigui,perquè,vull dir,és a dir	matriu ASR completa; semblança textual provisional; pendent d'audició
spk-024	spk-041	8	bueno,bé,clar,diguem,doncs,parròquia,perquè,vull dir	matriu ASR completa; semblança textual provisional; pendent d'audició
spk-024	spk-042	12	a veure,aleshores,bueno,bé,clar,de fet,doncs,o sigui,per tant,perquè,vull dir,és a dir	matriu ASR completa; semblança textual provisional; pendent d'audició
spk-024	spk-043	14	Escaldes,Sant Julià,bueno,bé,clar,copríncep,coprínceps,doncs,evidentment,o sigui,per tant,perquè,vull dir,és a dir	matriu ASR completa; semblança textual provisional; pendent d'audició
spk-024	spk-044	16	Ordino,a veure,bueno,bé,clar,comunals,de fet,doncs,evidentment,no?,o sigui,parròquia,per tant,perquè,vull dir,és a dir	matriu ASR completa; semblança textual provisional; pendent d'audició
spk-024	spk-045	10	a veure,bueno,bé,clar,doncs,evidentment,no?,o sigui,perquè,vull dir	matriu ASR completa; semblança textual provisional; pendent d'audició
spk-024	spk-046	11	bueno,bé,clar,comuns,diguem,doncs,evidentment,no?,per tant,perquè,és a dir	matriu ASR completa; semblança textual provisional; pendent d'audició
spk-024	spk-047	3	Escaldes,bé,perquè	matriu ASR completa; semblança textual provisional; pendent d'audició
spk-024	spk-048	18	Escaldes,Massana,Ordino,Sant Julià,a veure,bueno,bé,clar,comunals,copríncep,doncs,evidentment,no?,o sigui,per tant,perquè,vull dir,és a dir	matriu ASR completa; semblança textual provisional; pendent d'audició
spk-024	spk-049	8	bueno,bé,clar,de fet,diguem,doncs,no?,perquè	matriu ASR completa; semblança textual provisional; pendent d'audició
spk-024	spk-050	11	Ordino,Sant Julià,bé,clar,diguem,doncs,evidentment,o sigui,parròquia,per tant,perquè	matriu ASR completa; semblança textual provisional; pendent d'audició
spk-024	spk-051	14	Massana,a veure,bueno,bé,clar,diguem,doncs,no?,o sigui,parròquia,per tant,perquè,vull dir,és a dir	matriu ASR completa; semblança textual provisional; pendent d'audició
spk-024	spk-052	3	bueno,clar,perquè	matriu ASR completa; semblança textual provisional; pendent d'audició
spk-024	spk-053	9	aleshores,bueno,bé,clar,de fet,diguem,evidentment,perquè,és a dir	matriu ASR completa; semblança textual provisional; pendent d'audició
spk-024	spk-054	11	a veure,aleshores,bueno,bé,clar,doncs,no?,o sigui,per tant,perquè,vull dir	matriu ASR completa; semblança textual provisional; pendent d'audició
spk-024	spk-055	7	Escaldes,bé,doncs,evidentment,per tant,perquè,és a dir	matriu ASR completa; semblança textual provisional; pendent d'audició
spk-024	spk-056	5	bé,doncs,o sigui,parròquia,perquè	matriu ASR completa; semblança textual provisional; pendent d'audició
spk-024	spk-057	13	Escaldes,Ordino,Sant Julià,a veure,aleshores,bé,clar,doncs,evidentment,o sigui,perquè,vull dir,és a dir	matriu ASR completa; semblança textual provisional; pendent d'audició
spk-024	spk-058	6	Escaldes,Sant Julià,a veure,bueno,bé,perquè	matriu ASR completa; semblança textual provisional; pendent d'audició
spk-024	spk-059	10	Escaldes,Ordino,bé,clar,comuns,de fet,doncs,per tant,perquè,és a dir	matriu ASR completa; semblança textual provisional; pendent d'audició
spk-024	spk-060	9	a veure,aleshores,bé,clar,de fet,no?,o sigui,per tant,perquè	matriu ASR completa; semblança textual provisional; pendent d'audició
spk-025	spk-026	12	Canillo,Ordino,Sant Julià,bueno,bé,clar,comú,evidentment,no?,per tant,perquè,és a dir	matriu ASR completa; semblança textual provisional; pendent d'audició
spk-025	spk-027	11	Canillo,bueno,bé,clar,diguem,doncs,evidentment,no?,per tant,perquè,és a dir	matriu ASR completa; semblança textual provisional; pendent d'audició
spk-025	spk-028	11	Canillo,Ordino,Sant Julià,bueno,bé,clar,comú,doncs,evidentment,per tant,perquè	matriu ASR completa; semblança textual provisional; pendent d'audició
spk-025	spk-029	4	bé,doncs,evidentment,perquè	matriu ASR completa; semblança textual provisional; pendent d'audició
spk-025	spk-030	10	Canillo,bueno,bé,clar,diguem,doncs,evidentment,no?,perquè,és a dir	matriu ASR completa; semblança textual provisional; pendent d'audició
spk-025	spk-031	9	Canillo,bueno,bé,clar,doncs,evidentment,no?,perquè,és a dir	matriu ASR completa; semblança textual provisional; pendent d'audició
spk-025	spk-032	4	bueno,clar,comú,perquè	matriu ASR completa; semblança textual provisional; pendent d'audició
spk-025	spk-033	6	Canillo,bueno,bé,clar,doncs,perquè	matriu ASR completa; semblança textual provisional; pendent d'audició
spk-025	spk-034	8	bueno,bé,clar,comú,doncs,evidentment,perquè,és a dir	matriu ASR completa; semblança textual provisional; pendent d'audició
spk-025	spk-035	10	Sant Julià,bueno,bé,clar,doncs,evidentment,no?,per tant,perquè,és a dir	matriu ASR completa; semblança textual provisional; pendent d'audició
spk-025	spk-036	8	Canillo,Ordino,Sant Julià,bé,clar,comú,doncs,per tant	matriu ASR completa; semblança textual provisional; pendent d'audició
spk-025	spk-037	8	Canillo,bueno,bé,clar,diguem,doncs,no?,perquè	matriu ASR completa; semblança textual provisional; pendent d'audició
spk-025	spk-038	8	bueno,bé,clar,doncs,evidentment,per tant,perquè,és a dir	matriu ASR completa; semblança textual provisional; pendent d'audició
spk-025	spk-039	11	Canillo,Sant Julià,bueno,bé,clar,comú,diguem,doncs,no?,perquè,és a dir	matriu ASR completa; semblança textual provisional; pendent d'audició
spk-025	spk-040	9	bueno,bé,clar,diguem,doncs,evidentment,no?,perquè,és a dir	matriu ASR completa; semblança textual provisional; pendent d'audició
spk-025	spk-041	8	Canillo,bueno,bé,clar,comú,diguem,doncs,perquè	matriu ASR completa; semblança textual provisional; pendent d'audició
spk-025	spk-042	9	Canillo,bueno,bé,clar,comú,doncs,per tant,perquè,és a dir	matriu ASR completa; semblança textual provisional; pendent d'audició
spk-025	spk-043	10	Sant Julià,bueno,bé,clar,comú,doncs,evidentment,per tant,perquè,és a dir	matriu ASR completa; semblança textual provisional; pendent d'audició
spk-025	spk-044	11	Canillo,Ordino,bueno,bé,clar,doncs,evidentment,no?,per tant,perquè,és a dir	matriu ASR completa; semblança textual provisional; pendent d'audició
spk-025	spk-045	7	bueno,bé,clar,doncs,evidentment,no?,perquè	matriu ASR completa; semblança textual provisional; pendent d'audició
spk-025	spk-046	10	bueno,bé,clar,diguem,doncs,evidentment,no?,per tant,perquè,és a dir	matriu ASR completa; semblança textual provisional; pendent d'audició
spk-025	spk-048	12	Canillo,Ordino,Sant Julià,bueno,bé,clar,doncs,evidentment,no?,per tant,perquè,és a dir	matriu ASR completa; semblança textual provisional; pendent d'audició
spk-025	spk-049	7	bueno,bé,clar,diguem,doncs,no?,perquè	matriu ASR completa; semblança textual provisional; pendent d'audició
spk-025	spk-050	11	Canillo,Ordino,Sant Julià,bé,clar,comú,diguem,doncs,evidentment,per tant,perquè	matriu ASR completa; semblança textual provisional; pendent d'audició
spk-025	spk-051	11	Canillo,bueno,bé,clar,comú,diguem,doncs,no?,per tant,perquè,és a dir	matriu ASR completa; semblança textual provisional; pendent d'audició
spk-025	spk-052	3	bueno,clar,perquè	matriu ASR completa; semblança textual provisional; pendent d'audició
spk-025	spk-053	7	bueno,bé,clar,diguem,evidentment,perquè,és a dir	matriu ASR completa; semblança textual provisional; pendent d'audició
spk-025	spk-054	7	bueno,bé,clar,doncs,no?,per tant,perquè	matriu ASR completa; semblança textual provisional; pendent d'audició
spk-025	spk-055	6	bé,doncs,evidentment,per tant,perquè,és a dir	matriu ASR completa; semblança textual provisional; pendent d'audició
spk-025	spk-056	3	bé,doncs,perquè	matriu ASR completa; semblança textual provisional; pendent d'audició
spk-025	spk-057	9	Ordino,Sant Julià,bé,clar,comú,doncs,evidentment,perquè,és a dir	matriu ASR completa; semblança textual provisional; pendent d'audició
spk-025	spk-058	4	Sant Julià,bueno,bé,perquè	matriu ASR completa; semblança textual provisional; pendent d'audició
spk-025	spk-059	7	Ordino,bé,clar,doncs,per tant,perquè,és a dir	matriu ASR completa; semblança textual provisional; pendent d'audició
spk-025	spk-060	5	bé,clar,no?,per tant,perquè	matriu ASR completa; semblança textual provisional; pendent d'audició
spk-026	spk-027	10	Canillo,bueno,bé,clar,evidentment,no?,per tant,perquè,vull dir,és a dir	matriu ASR completa; semblança textual provisional; pendent d'audició
spk-026	spk-028	16	Canillo,Escaldes,Ordino,Sant Julià,a nivell,a veure,bueno,bé,clar,comú,copríncep,evidentment,llavors,per tant,perquè,vull dir	matriu ASR completa; semblança textual provisional; pendent d'audició
spk-026	spk-029	5	bé,de fet,evidentment,parròquia,perquè	matriu ASR completa; semblança textual provisional; pendent d'audició
spk-026	spk-030	9	Canillo,bueno,bé,clar,evidentment,llavors,no?,perquè,és a dir	matriu ASR completa; semblança textual provisional; pendent d'audició
spk-026	spk-031	11	Canillo,a veure,bueno,bé,clar,evidentment,no?,parròquia,perquè,vull dir,és a dir	matriu ASR completa; semblança textual provisional; pendent d'audició
spk-026	spk-032	6	bueno,clar,comú,de fet,llavors,perquè	matriu ASR completa; semblança textual provisional; pendent d'audició
spk-026	spk-033	9	Canillo,Massana,a veure,bueno,bé,clar,de fet,perquè,vull dir	matriu ASR completa; semblança textual provisional; pendent d'audició
spk-026	spk-034	10	Escaldes,a veure,bueno,bé,clar,comú,evidentment,parròquia,perquè,és a dir	matriu ASR completa; semblança textual provisional; pendent d'audició
spk-026	spk-035	15	Escaldes,Sant Julià,a nivell,a veure,bueno,bé,clar,de fet,evidentment,llavors,no?,parròquia,per tant,perquè,és a dir	matriu ASR completa; semblança textual provisional; pendent d'audició
spk-026	spk-036	10	Canillo,Escaldes,Ordino,Sant Julià,bé,clar,comú,llavors,parròquia,per tant	matriu ASR completa; semblança textual provisional; pendent d'audició
spk-026	spk-037	14	Canillo,Escaldes,a nivell,a veure,bueno,bé,clar,copríncep,llavors,no?,parròquia,perquè,veguer,vull dir	matriu ASR completa; semblança textual provisional; pendent d'audició
spk-026	spk-038	10	a veure,bueno,bé,clar,evidentment,llavors,per tant,perquè,vull dir,és a dir	matriu ASR completa; semblança textual provisional; pendent d'audició
spk-026	spk-039	16	Canillo,Escaldes,Sant Julià,a nivell,a veure,bueno,bé,clar,comú,copríncep,llavors,no?,parròquia,perquè,vull dir,és a dir	matriu ASR completa; semblança textual provisional; pendent d'audició
spk-026	spk-040	11	a veure,bueno,bé,clar,de fet,evidentment,llavors,no?,perquè,vull dir,és a dir	matriu ASR completa; semblança textual provisional; pendent d'audició
spk-026	spk-041	9	Canillo,bueno,bé,clar,comú,llavors,parròquia,perquè,vull dir	matriu ASR completa; semblança textual provisional; pendent d'audició
spk-026	spk-042	13	Canillo,a nivell,a veure,bueno,bé,clar,comú,de fet,llavors,per tant,perquè,vull dir,és a dir	matriu ASR completa; semblança textual provisional; pendent d'audició
spk-026	spk-043	14	Escaldes,Sant Julià,a nivell,bueno,bé,clar,comú,copríncep,evidentment,llavors,per tant,perquè,vull dir,és a dir	matriu ASR completa; semblança textual provisional; pendent d'audició
spk-026	spk-044	16	Canillo,Ordino,a nivell,a veure,bueno,bé,clar,de fet,evidentment,llavors,no?,parròquia,per tant,perquè,vull dir,és a dir	matriu ASR completa; semblança textual provisional; pendent d'audició
spk-026	spk-045	10	a nivell,a veure,bueno,bé,clar,evidentment,llavors,no?,perquè,vull dir	matriu ASR completa; semblança textual provisional; pendent d'audició
spk-026	spk-046	10	a nivell,bueno,bé,clar,evidentment,llavors,no?,per tant,perquè,és a dir	matriu ASR completa; semblança textual provisional; pendent d'audició
spk-026	spk-047	4	Escaldes,bé,llavors,perquè	matriu ASR completa; semblança textual provisional; pendent d'audició
spk-026	spk-048	18	Canillo,Escaldes,Massana,Ordino,Sant Julià,a nivell,a veure,bueno,bé,clar,copríncep,evidentment,llavors,no?,per tant,perquè,vull dir,és a dir	matriu ASR completa; semblança textual provisional; pendent d'audició
spk-026	spk-049	7	bueno,bé,clar,de fet,llavors,no?,perquè	matriu ASR completa; semblança textual provisional; pendent d'audició
spk-026	spk-050	11	Canillo,Ordino,Sant Julià,bé,clar,comú,evidentment,llavors,parròquia,per tant,perquè	matriu ASR completa; semblança textual provisional; pendent d'audició
spk-026	spk-051	15	Canillo,Massana,a nivell,a veure,bueno,bé,clar,comú,llavors,no?,parròquia,per tant,perquè,vull dir,és a dir	matriu ASR completa; semblança textual provisional; pendent d'audició
spk-026	spk-052	4	bueno,clar,llavors,perquè	matriu ASR completa; semblança textual provisional; pendent d'audició
spk-026	spk-053	8	a nivell,bueno,bé,clar,de fet,evidentment,perquè,és a dir	matriu ASR completa; semblança textual provisional; pendent d'audició
spk-026	spk-054	10	a nivell,a veure,bueno,bé,clar,llavors,no?,per tant,perquè,vull dir	matriu ASR completa; semblança textual provisional; pendent d'audició
spk-026	spk-055	6	Escaldes,bé,evidentment,per tant,perquè,és a dir	matriu ASR completa; semblança textual provisional; pendent d'audició
spk-026	spk-056	4	bé,llavors,parròquia,perquè	matriu ASR completa; semblança textual provisional; pendent d'audició
spk-026	spk-057	12	Escaldes,Ordino,Sant Julià,a veure,bé,clar,comú,evidentment,llavors,perquè,vull dir,és a dir	matriu ASR completa; semblança textual provisional; pendent d'audició
spk-026	spk-058	7	Escaldes,Sant Julià,a veure,bueno,bé,llavors,perquè	matriu ASR completa; semblança textual provisional; pendent d'audició
spk-026	spk-059	9	Escaldes,Ordino,bé,clar,de fet,llavors,per tant,perquè,és a dir	matriu ASR completa; semblança textual provisional; pendent d'audició
spk-026	spk-060	8	a veure,bé,clar,de fet,llavors,no?,per tant,perquè	matriu ASR completa; semblança textual provisional; pendent d'audició
spk-027	spk-028	9	Canillo,bueno,bé,clar,doncs,evidentment,per tant,perquè,vull dir	matriu ASR completa; semblança textual provisional; pendent d'audició
spk-027	spk-029	5	bé,doncs,evidentment,o sigui,perquè	matriu ASR completa; semblança textual provisional; pendent d'audició
spk-027	spk-030	11	Canillo,bueno,bé,clar,diguem,doncs,evidentment,no?,o sigui,perquè,és a dir	matriu ASR completa; semblança textual provisional; pendent d'audició
spk-027	spk-031	10	Canillo,bueno,bé,clar,doncs,evidentment,no?,perquè,vull dir,és a dir	matriu ASR completa; semblança textual provisional; pendent d'audició
spk-027	spk-032	3	bueno,clar,perquè	matriu ASR completa; semblança textual provisional; pendent d'audició
spk-027	spk-033	7	Canillo,bueno,bé,clar,doncs,perquè,vull dir	matriu ASR completa; semblança textual provisional; pendent d'audició
spk-027	spk-034	7	bueno,bé,clar,doncs,evidentment,perquè,és a dir	matriu ASR completa; semblança textual provisional; pendent d'audició
spk-027	spk-035	10	bueno,bé,clar,doncs,evidentment,no?,o sigui,per tant,perquè,és a dir	matriu ASR completa; semblança textual provisional; pendent d'audició
spk-027	spk-036	6	Canillo,bé,clar,doncs,o sigui,per tant	matriu ASR completa; semblança textual provisional; pendent d'audició
spk-027	spk-037	10	Canillo,bueno,bé,clar,diguem,doncs,no?,o sigui,perquè,vull dir	matriu ASR completa; semblança textual provisional; pendent d'audició
spk-027	spk-038	9	bueno,bé,clar,doncs,evidentment,per tant,perquè,vull dir,és a dir	matriu ASR completa; semblança textual provisional; pendent d'audició
spk-027	spk-039	10	Canillo,bueno,bé,clar,diguem,doncs,no?,perquè,vull dir,és a dir	matriu ASR completa; semblança textual provisional; pendent d'audició
spk-027	spk-040	11	bueno,bé,clar,diguem,doncs,evidentment,no?,o sigui,perquè,vull dir,és a dir	matriu ASR completa; semblança textual provisional; pendent d'audició
spk-027	spk-041	8	Canillo,bueno,bé,clar,diguem,doncs,perquè,vull dir	matriu ASR completa; semblança textual provisional; pendent d'audició
spk-027	spk-042	10	Canillo,bueno,bé,clar,doncs,o sigui,per tant,perquè,vull dir,és a dir	matriu ASR completa; semblança textual provisional; pendent d'audició
spk-027	spk-043	10	bueno,bé,clar,doncs,evidentment,o sigui,per tant,perquè,vull dir,és a dir	matriu ASR completa; semblança textual provisional; pendent d'audició
spk-027	spk-044	12	Canillo,bueno,bé,clar,doncs,evidentment,no?,o sigui,per tant,perquè,vull dir,és a dir	matriu ASR completa; semblança textual provisional; pendent d'audició
spk-027	spk-045	9	bueno,bé,clar,doncs,evidentment,no?,o sigui,perquè,vull dir	matriu ASR completa; semblança textual provisional; pendent d'audició
spk-027	spk-046	10	bueno,bé,clar,diguem,doncs,evidentment,no?,per tant,perquè,és a dir	matriu ASR completa; semblança textual provisional; pendent d'audició
spk-027	spk-048	12	Canillo,bueno,bé,clar,doncs,evidentment,no?,o sigui,per tant,perquè,vull dir,és a dir	matriu ASR completa; semblança textual provisional; pendent d'audició
spk-027	spk-049	7	bueno,bé,clar,diguem,doncs,no?,perquè	matriu ASR completa; semblança textual provisional; pendent d'audició
spk-027	spk-050	10	Canillo,bé,clar,diguem,doncs,evidentment,o sigui,padrí,per tant,perquè	matriu ASR completa; semblança textual provisional; pendent d'audició
spk-027	spk-051	12	Canillo,bueno,bé,clar,diguem,doncs,no?,o sigui,per tant,perquè,vull dir,és a dir	matriu ASR completa; semblança textual provisional; pendent d'audició
spk-027	spk-052	3	bueno,clar,perquè	matriu ASR completa; semblança textual provisional; pendent d'audició
spk-027	spk-053	7	bueno,bé,clar,diguem,evidentment,perquè,és a dir	matriu ASR completa; semblança textual provisional; pendent d'audició
spk-027	spk-054	9	bueno,bé,clar,doncs,no?,o sigui,per tant,perquè,vull dir	matriu ASR completa; semblança textual provisional; pendent d'audició
spk-027	spk-055	6	bé,doncs,evidentment,per tant,perquè,és a dir	matriu ASR completa; semblança textual provisional; pendent d'audició
spk-027	spk-056	4	bé,doncs,o sigui,perquè	matriu ASR completa; semblança textual provisional; pendent d'audició
spk-027	spk-057	9	bé,clar,doncs,evidentment,o sigui,padrí,perquè,vull dir,és a dir	matriu ASR completa; semblança textual provisional; pendent d'audició
spk-027	spk-058	3	bueno,bé,perquè	matriu ASR completa; semblança textual provisional; pendent d'audició
spk-027	spk-059	6	bé,clar,doncs,per tant,perquè,és a dir	matriu ASR completa; semblança textual provisional; pendent d'audició
spk-027	spk-060	7	bé,clar,no?,o sigui,padrí,per tant,perquè	matriu ASR completa; semblança textual provisional; pendent d'audició
spk-028	spk-029	4	bé,doncs,evidentment,perquè	matriu ASR completa; semblança textual provisional; pendent d'audició
spk-028	spk-030	8	Canillo,bueno,bé,clar,doncs,evidentment,llavors,perquè	matriu ASR completa; semblança textual provisional; pendent d'audició
spk-028	spk-031	9	Canillo,a veure,bueno,bé,clar,doncs,evidentment,perquè,vull dir	matriu ASR completa; semblança textual provisional; pendent d'audició
spk-028	spk-032	5	bueno,clar,comú,llavors,perquè	matriu ASR completa; semblança textual provisional; pendent d'audició
spk-028	spk-033	8	Canillo,a veure,bueno,bé,clar,doncs,perquè,vull dir	matriu ASR completa; semblança textual provisional; pendent d'audició
spk-028	spk-034	9	Escaldes,a veure,bueno,bé,clar,comú,doncs,evidentment,perquè	matriu ASR completa; semblança textual provisional; pendent d'audició
spk-028	spk-035	12	Escaldes,Sant Julià,a nivell,a veure,bueno,bé,clar,doncs,evidentment,llavors,per tant,perquè	matriu ASR completa; semblança textual provisional; pendent d'audició
spk-028	spk-036	10	Canillo,Escaldes,Ordino,Sant Julià,bé,clar,comú,doncs,llavors,per tant	matriu ASR completa; semblança textual provisional; pendent d'audició
spk-028	spk-037	12	Canillo,Escaldes,a nivell,a veure,bueno,bé,clar,copríncep,doncs,llavors,perquè,vull dir	matriu ASR completa; semblança textual provisional; pendent d'audició
spk-028	spk-038	10	a veure,bueno,bé,clar,doncs,evidentment,llavors,per tant,perquè,vull dir	matriu ASR completa; semblança textual provisional; pendent d'audició
spk-028	spk-039	14	Canillo,Escaldes,Sant Julià,a nivell,a veure,bueno,bé,clar,comú,copríncep,doncs,llavors,perquè,vull dir	matriu ASR completa; semblança textual provisional; pendent d'audició
spk-028	spk-040	9	a veure,bueno,bé,clar,doncs,evidentment,llavors,perquè,vull dir	matriu ASR completa; semblança textual provisional; pendent d'audició
spk-028	spk-041	9	Canillo,bueno,bé,clar,comú,doncs,llavors,perquè,vull dir	matriu ASR completa; semblança textual provisional; pendent d'audició
spk-028	spk-042	12	Canillo,a nivell,a veure,bueno,bé,clar,comú,doncs,llavors,per tant,perquè,vull dir	matriu ASR completa; semblança textual provisional; pendent d'audició
spk-028	spk-043	14	Escaldes,Sant Julià,a nivell,bueno,bé,clar,comú,copríncep,doncs,evidentment,llavors,per tant,perquè,vull dir	matriu ASR completa; semblança textual provisional; pendent d'audició
spk-028	spk-044	13	Canillo,Ordino,a nivell,a veure,bueno,bé,clar,doncs,evidentment,llavors,per tant,perquè,vull dir	matriu ASR completa; semblança textual provisional; pendent d'audició
spk-028	spk-045	10	a nivell,a veure,bueno,bé,clar,doncs,evidentment,llavors,perquè,vull dir	matriu ASR completa; semblança textual provisional; pendent d'audició
spk-028	spk-046	9	a nivell,bueno,bé,clar,doncs,evidentment,llavors,per tant,perquè	matriu ASR completa; semblança textual provisional; pendent d'audició
spk-028	spk-047	4	Escaldes,bé,llavors,perquè	matriu ASR completa; semblança textual provisional; pendent d'audició
spk-028	spk-048	16	Canillo,Escaldes,Ordino,Sant Julià,a nivell,a veure,bueno,bé,clar,copríncep,doncs,evidentment,llavors,per tant,perquè,vull dir	matriu ASR completa; semblança textual provisional; pendent d'audició
spk-028	spk-049	6	bueno,bé,clar,doncs,llavors,perquè	matriu ASR completa; semblança textual provisional; pendent d'audició
spk-028	spk-050	11	Canillo,Ordino,Sant Julià,bé,clar,comú,doncs,evidentment,llavors,per tant,perquè	matriu ASR completa; semblança textual provisional; pendent d'audició
spk-028	spk-051	12	Canillo,a nivell,a veure,bueno,bé,clar,comú,doncs,llavors,per tant,perquè,vull dir	matriu ASR completa; semblança textual provisional; pendent d'audició
spk-028	spk-052	4	bueno,clar,llavors,perquè	matriu ASR completa; semblança textual provisional; pendent d'audició
spk-028	spk-053	6	a nivell,bueno,bé,clar,evidentment,perquè	matriu ASR completa; semblança textual provisional; pendent d'audició
spk-028	spk-054	10	a nivell,a veure,bueno,bé,clar,doncs,llavors,per tant,perquè,vull dir	matriu ASR completa; semblança textual provisional; pendent d'audició
spk-028	spk-055	6	Escaldes,bé,doncs,evidentment,per tant,perquè	matriu ASR completa; semblança textual provisional; pendent d'audició
spk-028	spk-056	4	bé,doncs,llavors,perquè	matriu ASR completa; semblança textual provisional; pendent d'audició
spk-028	spk-057	12	Escaldes,Ordino,Sant Julià,a veure,bé,clar,comú,doncs,evidentment,llavors,perquè,vull dir	matriu ASR completa; semblança textual provisional; pendent d'audició
spk-028	spk-058	7	Escaldes,Sant Julià,a veure,bueno,bé,llavors,perquè	matriu ASR completa; semblança textual provisional; pendent d'audició
spk-028	spk-059	8	Escaldes,Ordino,bé,clar,doncs,llavors,per tant,perquè	matriu ASR completa; semblança textual provisional; pendent d'audició
spk-028	spk-060	6	a veure,bé,clar,llavors,per tant,perquè	matriu ASR completa; semblança textual provisional; pendent d'audició
spk-029	spk-030	5	bé,doncs,evidentment,o sigui,perquè	matriu ASR completa; semblança textual provisional; pendent d'audició
spk-029	spk-031	5	bé,doncs,evidentment,parròquia,perquè	matriu ASR completa; semblança textual provisional; pendent d'audició
spk-029	spk-033	4	bé,de fet,doncs,perquè	matriu ASR completa; semblança textual provisional; pendent d'audició
spk-029	spk-034	5	bé,doncs,evidentment,parròquia,perquè	matriu ASR completa; semblança textual provisional; pendent d'audició
spk-029	spk-035	7	bé,de fet,doncs,evidentment,o sigui,parròquia,perquè	matriu ASR completa; semblança textual provisional; pendent d'audició
spk-029	spk-036	4	bé,doncs,o sigui,parròquia	matriu ASR completa; semblança textual provisional; pendent d'audició
spk-029	spk-037	5	bé,doncs,o sigui,parròquia,perquè	matriu ASR completa; semblança textual provisional; pendent d'audició
spk-029	spk-038	4	bé,doncs,evidentment,perquè	matriu ASR completa; semblança textual provisional; pendent d'audició
spk-029	spk-039	4	bé,doncs,parròquia,perquè	matriu ASR completa; semblança textual provisional; pendent d'audició
spk-029	spk-040	6	bé,de fet,doncs,evidentment,o sigui,perquè	matriu ASR completa; semblança textual provisional; pendent d'audició
spk-029	spk-041	4	bé,doncs,parròquia,perquè	matriu ASR completa; semblança textual provisional; pendent d'audició
spk-029	spk-042	5	bé,de fet,doncs,o sigui,perquè	matriu ASR completa; semblança textual provisional; pendent d'audició
spk-029	spk-043	5	bé,doncs,evidentment,o sigui,perquè	matriu ASR completa; semblança textual provisional; pendent d'audició
spk-029	spk-044	7	bé,de fet,doncs,evidentment,o sigui,parròquia,perquè	matriu ASR completa; semblança textual provisional; pendent d'audició
spk-029	spk-045	5	bé,doncs,evidentment,o sigui,perquè	matriu ASR completa; semblança textual provisional; pendent d'audició
spk-029	spk-046	4	bé,doncs,evidentment,perquè	matriu ASR completa; semblança textual provisional; pendent d'audició
spk-029	spk-048	5	bé,doncs,evidentment,o sigui,perquè	matriu ASR completa; semblança textual provisional; pendent d'audició
spk-029	spk-049	4	bé,de fet,doncs,perquè	matriu ASR completa; semblança textual provisional; pendent d'audició
spk-029	spk-050	6	bé,doncs,evidentment,o sigui,parròquia,perquè	matriu ASR completa; semblança textual provisional; pendent d'audició
spk-029	spk-051	5	bé,doncs,o sigui,parròquia,perquè	matriu ASR completa; semblança textual provisional; pendent d'audició
spk-029	spk-053	4	bé,de fet,evidentment,perquè	matriu ASR completa; semblança textual provisional; pendent d'audició
spk-029	spk-054	4	bé,doncs,o sigui,perquè	matriu ASR completa; semblança textual provisional; pendent d'audició
spk-029	spk-055	4	bé,doncs,evidentment,perquè	matriu ASR completa; semblança textual provisional; pendent d'audició
spk-029	spk-056	5	bé,doncs,o sigui,parròquia,perquè	matriu ASR completa; semblança textual provisional; pendent d'audició
spk-029	spk-057	5	bé,doncs,evidentment,o sigui,perquè	matriu ASR completa; semblança textual provisional; pendent d'audició
spk-029	spk-059	4	bé,de fet,doncs,perquè	matriu ASR completa; semblança textual provisional; pendent d'audició
spk-029	spk-060	4	bé,de fet,o sigui,perquè	matriu ASR completa; semblança textual provisional; pendent d'audició
spk-030	spk-031	10	Canillo,aleshores,bueno,bé,clar,doncs,evidentment,no?,perquè,és a dir	matriu ASR completa; semblança textual provisional; pendent d'audició
spk-030	spk-032	4	bueno,clar,llavors,perquè	matriu ASR completa; semblança textual provisional; pendent d'audició
spk-030	spk-033	7	Canillo,aleshores,bueno,bé,clar,doncs,perquè	matriu ASR completa; semblança textual provisional; pendent d'audició
spk-030	spk-034	7	bueno,bé,clar,doncs,evidentment,perquè,és a dir	matriu ASR completa; semblança textual provisional; pendent d'audició
spk-030	spk-035	10	bueno,bé,clar,doncs,evidentment,llavors,no?,o sigui,perquè,és a dir	matriu ASR completa; semblança textual provisional; pendent d'audició
spk-030	spk-036	6	Canillo,bé,clar,doncs,llavors,o sigui	matriu ASR completa; semblança textual provisional; pendent d'audició
spk-030	spk-037	10	Canillo,bueno,bé,clar,diguem,doncs,llavors,no?,o sigui,perquè	matriu ASR completa; semblança textual provisional; pendent d'audició
spk-030	spk-038	8	bueno,bé,clar,doncs,evidentment,llavors,perquè,és a dir	matriu ASR completa; semblança textual provisional; pendent d'audició
spk-030	spk-039	10	Canillo,bueno,bé,clar,diguem,doncs,llavors,no?,perquè,és a dir	matriu ASR completa; semblança textual provisional; pendent d'audició
spk-030	spk-040	11	bueno,bé,clar,diguem,doncs,evidentment,llavors,no?,o sigui,perquè,és a dir	matriu ASR completa; semblança textual provisional; pendent d'audició
spk-030	spk-041	8	Canillo,bueno,bé,clar,diguem,doncs,llavors,perquè	matriu ASR completa; semblança textual provisional; pendent d'audició
spk-030	spk-042	10	Canillo,aleshores,bueno,bé,clar,doncs,llavors,o sigui,perquè,és a dir	matriu ASR completa; semblança textual provisional; pendent d'audició
spk-030	spk-043	9	bueno,bé,clar,doncs,evidentment,llavors,o sigui,perquè,és a dir	matriu ASR completa; semblança textual provisional; pendent d'audició
spk-030	spk-044	11	Canillo,bueno,bé,clar,doncs,evidentment,llavors,no?,o sigui,perquè,és a dir	matriu ASR completa; semblança textual provisional; pendent d'audició
spk-030	spk-045	9	bueno,bé,clar,doncs,evidentment,llavors,no?,o sigui,perquè	matriu ASR completa; semblança textual provisional; pendent d'audició
spk-030	spk-046	10	bueno,bé,clar,diguem,doncs,evidentment,llavors,no?,perquè,és a dir	matriu ASR completa; semblança textual provisional; pendent d'audició
spk-030	spk-047	3	bé,llavors,perquè	matriu ASR completa; semblança textual provisional; pendent d'audició
spk-030	spk-048	11	Canillo,bueno,bé,clar,doncs,evidentment,llavors,no?,o sigui,perquè,és a dir	matriu ASR completa; semblança textual provisional; pendent d'audició
spk-030	spk-049	8	bueno,bé,clar,diguem,doncs,llavors,no?,perquè	matriu ASR completa; semblança textual provisional; pendent d'audició
spk-030	spk-050	9	Canillo,bé,clar,diguem,doncs,evidentment,llavors,o sigui,perquè	matriu ASR completa; semblança textual provisional; pendent d'audició
spk-030	spk-051	11	Canillo,bueno,bé,clar,diguem,doncs,llavors,no?,o sigui,perquè,és a dir	matriu ASR completa; semblança textual provisional; pendent d'audició
spk-030	spk-052	4	bueno,clar,llavors,perquè	matriu ASR completa; semblança textual provisional; pendent d'audició
spk-030	spk-053	8	aleshores,bueno,bé,clar,diguem,evidentment,perquè,és a dir	matriu ASR completa; semblança textual provisional; pendent d'audició
spk-030	spk-054	9	aleshores,bueno,bé,clar,doncs,llavors,no?,o sigui,perquè	matriu ASR completa; semblança textual provisional; pendent d'audició
spk-030	spk-055	5	bé,doncs,evidentment,perquè,és a dir	matriu ASR completa; semblança textual provisional; pendent d'audició
spk-030	spk-056	5	bé,doncs,llavors,o sigui,perquè	matriu ASR completa; semblança textual provisional; pendent d'audició
spk-030	spk-057	9	aleshores,bé,clar,doncs,evidentment,llavors,o sigui,perquè,és a dir	matriu ASR completa; semblança textual provisional; pendent d'audició
spk-030	spk-058	4	bueno,bé,llavors,perquè	matriu ASR completa; semblança textual provisional; pendent d'audició
spk-030	spk-059	6	bé,clar,doncs,llavors,perquè,és a dir	matriu ASR completa; semblança textual provisional; pendent d'audició
spk-030	spk-060	7	aleshores,bé,clar,llavors,no?,o sigui,perquè	matriu ASR completa; semblança textual provisional; pendent d'audició
spk-031	spk-032	3	bueno,clar,perquè	matriu ASR completa; semblança textual provisional; pendent d'audició
spk-031	spk-033	9	Canillo,a veure,aleshores,bueno,bé,clar,doncs,perquè,vull dir	matriu ASR completa; semblança textual provisional; pendent d'audició
spk-031	spk-034	9	a veure,bueno,bé,clar,doncs,evidentment,parròquia,perquè,és a dir	matriu ASR completa; semblança textual provisional; pendent d'audició
spk-031	spk-035	10	a veure,bueno,bé,clar,doncs,evidentment,no?,parròquia,perquè,és a dir	matriu ASR completa; semblança textual provisional; pendent d'audició
spk-031	spk-036	5	Canillo,bé,clar,doncs,parròquia	matriu ASR completa; semblança textual provisional; pendent d'audició
spk-031	spk-037	10	Canillo,a veure,bueno,bé,clar,doncs,no?,parròquia,perquè,vull dir	matriu ASR completa; semblança textual provisional; pendent d'audició
spk-031	spk-038	9	a veure,bueno,bé,clar,doncs,evidentment,perquè,vull dir,és a dir	matriu ASR completa; semblança textual provisional; pendent d'audició
spk-031	spk-039	11	Canillo,a veure,bueno,bé,clar,doncs,no?,parròquia,perquè,vull dir,és a dir	matriu ASR completa; semblança textual provisional; pendent d'audició
spk-031	spk-040	10	a veure,bueno,bé,clar,doncs,evidentment,no?,perquè,vull dir,és a dir	matriu ASR completa; semblança textual provisional; pendent d'audició
spk-031	spk-041	8	Canillo,bueno,bé,clar,doncs,parròquia,perquè,vull dir	matriu ASR completa; semblança textual provisional; pendent d'audició
spk-031	spk-042	10	Canillo,a veure,aleshores,bueno,bé,clar,doncs,perquè,vull dir,és a dir	matriu ASR completa; semblança textual provisional; pendent d'audició
spk-031	spk-043	8	bueno,bé,clar,doncs,evidentment,perquè,vull dir,és a dir	matriu ASR completa; semblança textual provisional; pendent d'audició
spk-031	spk-044	12	Canillo,a veure,bueno,bé,clar,doncs,evidentment,no?,parròquia,perquè,vull dir,és a dir	matriu ASR completa; semblança textual provisional; pendent d'audició
spk-031	spk-045	9	a veure,bueno,bé,clar,doncs,evidentment,no?,perquè,vull dir	matriu ASR completa; semblança textual provisional; pendent d'audició
spk-031	spk-046	8	bueno,bé,clar,doncs,evidentment,no?,perquè,és a dir	matriu ASR completa; semblança textual provisional; pendent d'audició
spk-031	spk-048	11	Canillo,a veure,bueno,bé,clar,doncs,evidentment,no?,perquè,vull dir,és a dir	matriu ASR completa; semblança textual provisional; pendent d'audició
spk-031	spk-049	6	bueno,bé,clar,doncs,no?,perquè	matriu ASR completa; semblança textual provisional; pendent d'audició
spk-031	spk-050	7	Canillo,bé,clar,doncs,evidentment,parròquia,perquè	matriu ASR completa; semblança textual provisional; pendent d'audició
spk-031	spk-051	11	Canillo,a veure,bueno,bé,clar,doncs,no?,parròquia,perquè,vull dir,és a dir	matriu ASR completa; semblança textual provisional; pendent d'audició
spk-031	spk-052	3	bueno,clar,perquè	matriu ASR completa; semblança textual provisional; pendent d'audició
spk-031	spk-053	7	aleshores,bueno,bé,clar,evidentment,perquè,és a dir	matriu ASR completa; semblança textual provisional; pendent d'audició
spk-031	spk-054	9	a veure,aleshores,bueno,bé,clar,doncs,no?,perquè,vull dir	matriu ASR completa; semblança textual provisional; pendent d'audició
spk-031	spk-055	5	bé,doncs,evidentment,perquè,és a dir	matriu ASR completa; semblança textual provisional; pendent d'audició
spk-031	spk-056	4	bé,doncs,parròquia,perquè	matriu ASR completa; semblança textual provisional; pendent d'audició
spk-031	spk-057	9	a veure,aleshores,bé,clar,doncs,evidentment,perquè,vull dir,és a dir	matriu ASR completa; semblança textual provisional; pendent d'audició
spk-031	spk-058	4	a veure,bueno,bé,perquè	matriu ASR completa; semblança textual provisional; pendent d'audició
spk-031	spk-059	5	bé,clar,doncs,perquè,és a dir	matriu ASR completa; semblança textual provisional; pendent d'audició
spk-031	spk-060	6	a veure,aleshores,bé,clar,no?,perquè	matriu ASR completa; semblança textual provisional; pendent d'audició
spk-032	spk-033	4	bueno,clar,de fet,perquè	matriu ASR completa; semblança textual provisional; pendent d'audició
spk-032	spk-034	4	bueno,clar,comú,perquè	matriu ASR completa; semblança textual provisional; pendent d'audició
spk-032	spk-035	5	bueno,clar,de fet,llavors,perquè	matriu ASR completa; semblança textual provisional; pendent d'audició
spk-032	spk-036	4	clar,comunals,comú,llavors	matriu ASR completa; semblança textual provisional; pendent d'audició
spk-032	spk-037	4	bueno,clar,llavors,perquè	matriu ASR completa; semblança textual provisional; pendent d'audició
spk-032	spk-038	4	bueno,clar,llavors,perquè	matriu ASR completa; semblança textual provisional; pendent d'audició
spk-032	spk-039	5	bueno,clar,comú,llavors,perquè	matriu ASR completa; semblança textual provisional; pendent d'audició
spk-032	spk-040	5	bueno,clar,de fet,llavors,perquè	matriu ASR completa; semblança textual provisional; pendent d'audició
spk-032	spk-041	5	bueno,clar,comú,llavors,perquè	matriu ASR completa; semblança textual provisional; pendent d'audició
spk-032	spk-042	6	bueno,clar,comú,de fet,llavors,perquè	matriu ASR completa; semblança textual provisional; pendent d'audició
spk-032	spk-043	5	bueno,clar,comú,llavors,perquè	matriu ASR completa; semblança textual provisional; pendent d'audició
spk-032	spk-044	6	bueno,clar,comunals,de fet,llavors,perquè	matriu ASR completa; semblança textual provisional; pendent d'audició
spk-032	spk-045	4	bueno,clar,llavors,perquè	matriu ASR completa; semblança textual provisional; pendent d'audició
spk-032	spk-046	4	bueno,clar,llavors,perquè	matriu ASR completa; semblança textual provisional; pendent d'audició
spk-032	spk-048	5	bueno,clar,comunals,llavors,perquè	matriu ASR completa; semblança textual provisional; pendent d'audició
spk-032	spk-049	5	bueno,clar,de fet,llavors,perquè	matriu ASR completa; semblança textual provisional; pendent d'audició
spk-032	spk-050	4	clar,comú,llavors,perquè	matriu ASR completa; semblança textual provisional; pendent d'audició
spk-032	spk-051	5	bueno,clar,comú,llavors,perquè	matriu ASR completa; semblança textual provisional; pendent d'audició
spk-032	spk-052	4	bueno,clar,llavors,perquè	matriu ASR completa; semblança textual provisional; pendent d'audició
spk-032	spk-053	4	bueno,clar,de fet,perquè	matriu ASR completa; semblança textual provisional; pendent d'audició
spk-032	spk-054	4	bueno,clar,llavors,perquè	matriu ASR completa; semblança textual provisional; pendent d'audició
spk-032	spk-057	4	clar,comú,llavors,perquè	matriu ASR completa; semblança textual provisional; pendent d'audició
spk-032	spk-058	3	bueno,llavors,perquè	matriu ASR completa; semblança textual provisional; pendent d'audició
spk-032	spk-059	4	clar,de fet,llavors,perquè	matriu ASR completa; semblança textual provisional; pendent d'audició
spk-032	spk-060	4	clar,de fet,llavors,perquè	matriu ASR completa; semblança textual provisional; pendent d'audició
spk-033	spk-034	6	a veure,bueno,bé,clar,doncs,perquè	matriu ASR completa; semblança textual provisional; pendent d'audició
spk-033	spk-035	7	a veure,bueno,bé,clar,de fet,doncs,perquè	matriu ASR completa; semblança textual provisional; pendent d'audició
spk-033	spk-036	4	Canillo,bé,clar,doncs	matriu ASR completa; semblança textual provisional; pendent d'audició
spk-033	spk-037	8	Canillo,a veure,bueno,bé,clar,doncs,perquè,vull dir	matriu ASR completa; semblança textual provisional; pendent d'audició
spk-033	spk-038	7	a veure,bueno,bé,clar,doncs,perquè,vull dir	matriu ASR completa; semblança textual provisional; pendent d'audició
spk-033	spk-039	8	Canillo,a veure,bueno,bé,clar,doncs,perquè,vull dir	matriu ASR completa; semblança textual provisional; pendent d'audició
spk-033	spk-040	8	a veure,bueno,bé,clar,de fet,doncs,perquè,vull dir	matriu ASR completa; semblança textual provisional; pendent d'audició
spk-033	spk-041	7	Canillo,bueno,bé,clar,doncs,perquè,vull dir	matriu ASR completa; semblança textual provisional; pendent d'audició
spk-033	spk-042	10	Canillo,a veure,aleshores,bueno,bé,clar,de fet,doncs,perquè,vull dir	matriu ASR completa; semblança textual provisional; pendent d'audició
spk-033	spk-043	6	bueno,bé,clar,doncs,perquè,vull dir	matriu ASR completa; semblança textual provisional; pendent d'audició
spk-033	spk-044	9	Canillo,a veure,bueno,bé,clar,de fet,doncs,perquè,vull dir	matriu ASR completa; semblança textual provisional; pendent d'audició
spk-033	spk-045	7	a veure,bueno,bé,clar,doncs,perquè,vull dir	matriu ASR completa; semblança textual provisional; pendent d'audició
spk-033	spk-046	5	bueno,bé,clar,doncs,perquè	matriu ASR completa; semblança textual provisional; pendent d'audició
spk-033	spk-048	9	Canillo,Massana,a veure,bueno,bé,clar,doncs,perquè,vull dir	matriu ASR completa; semblança textual provisional; pendent d'audició
spk-033	spk-049	6	bueno,bé,clar,de fet,doncs,perquè	matriu ASR completa; semblança textual provisional; pendent d'audició
spk-033	spk-050	5	Canillo,bé,clar,doncs,perquè	matriu ASR completa; semblança textual provisional; pendent d'audició
spk-033	spk-051	9	Canillo,Massana,a veure,bueno,bé,clar,doncs,perquè,vull dir	matriu ASR completa; semblança textual provisional; pendent d'audició
spk-033	spk-052	3	bueno,clar,perquè	matriu ASR completa; semblança textual provisional; pendent d'audició
spk-033	spk-053	6	aleshores,bueno,bé,clar,de fet,perquè	matriu ASR completa; semblança textual provisional; pendent d'audició
spk-033	spk-054	8	a veure,aleshores,bueno,bé,clar,doncs,perquè,vull dir	matriu ASR completa; semblança textual provisional; pendent d'audició
spk-033	spk-055	3	bé,doncs,perquè	matriu ASR completa; semblança textual provisional; pendent d'audició
spk-033	spk-056	3	bé,doncs,perquè	matriu ASR completa; semblança textual provisional; pendent d'audició
spk-033	spk-057	7	a veure,aleshores,bé,clar,doncs,perquè,vull dir	matriu ASR completa; semblança textual provisional; pendent d'audició
spk-033	spk-058	4	a veure,bueno,bé,perquè	matriu ASR completa; semblança textual provisional; pendent d'audició
spk-033	spk-059	5	bé,clar,de fet,doncs,perquè	matriu ASR completa; semblança textual provisional; pendent d'audició
spk-033	spk-060	6	a veure,aleshores,bé,clar,de fet,perquè	matriu ASR completa; semblança textual provisional; pendent d'audició
spk-034	spk-035	10	Escaldes,a veure,bueno,bé,clar,doncs,evidentment,parròquia,perquè,és a dir	matriu ASR completa; semblança textual provisional; pendent d'audició
spk-034	spk-036	7	Escaldes,bé,clar,comuns,comú,doncs,parròquia	matriu ASR completa; semblança textual provisional; pendent d'audició
spk-034	spk-037	9	Escaldes,a veure,bueno,bé,clar,comuns,doncs,parròquia,perquè	matriu ASR completa; semblança textual provisional; pendent d'audició
spk-034	spk-038	8	a veure,bueno,bé,clar,doncs,evidentment,perquè,és a dir	matriu ASR completa; semblança textual provisional; pendent d'audició
spk-034	spk-039	11	Escaldes,a veure,bueno,bé,clar,comuns,comú,doncs,parròquia,perquè,és a dir	matriu ASR completa; semblança textual provisional; pendent d'audició
spk-034	spk-040	8	a veure,bueno,bé,clar,doncs,evidentment,perquè,és a dir	matriu ASR completa; semblança textual provisional; pendent d'audició
spk-034	spk-041	7	bueno,bé,clar,comú,doncs,parròquia,perquè	matriu ASR completa; semblança textual provisional; pendent d'audició
spk-034	spk-042	8	a veure,bueno,bé,clar,comú,doncs,perquè,és a dir	matriu ASR completa; semblança textual provisional; pendent d'audició
spk-034	spk-043	9	Escaldes,bueno,bé,clar,comú,doncs,evidentment,perquè,és a dir	matriu ASR completa; semblança textual provisional; pendent d'audició
spk-034	spk-044	9	a veure,bueno,bé,clar,doncs,evidentment,parròquia,perquè,és a dir	matriu ASR completa; semblança textual provisional; pendent d'audició
spk-034	spk-045	7	a veure,bueno,bé,clar,doncs,evidentment,perquè	matriu ASR completa; semblança textual provisional; pendent d'audició
spk-034	spk-046	8	bueno,bé,clar,comuns,doncs,evidentment,perquè,és a dir	matriu ASR completa; semblança textual provisional; pendent d'audició
spk-034	spk-047	3	Escaldes,bé,perquè	matriu ASR completa; semblança textual provisional; pendent d'audició
spk-034	spk-048	9	Escaldes,a veure,bueno,bé,clar,doncs,evidentment,perquè,és a dir	matriu ASR completa; semblança textual provisional; pendent d'audició
spk-034	spk-049	5	bueno,bé,clar,doncs,perquè	matriu ASR completa; semblança textual provisional; pendent d'audició
spk-034	spk-050	7	bé,clar,comú,doncs,evidentment,parròquia,perquè	matriu ASR completa; semblança textual provisional; pendent d'audició
spk-034	spk-051	9	a veure,bueno,bé,clar,comú,doncs,parròquia,perquè,és a dir	matriu ASR completa; semblança textual provisional; pendent d'audició
spk-034	spk-052	3	bueno,clar,perquè	matriu ASR completa; semblança textual provisional; pendent d'audició
spk-034	spk-053	6	bueno,bé,clar,evidentment,perquè,és a dir	matriu ASR completa; semblança textual provisional; pendent d'audició
spk-034	spk-054	6	a veure,bueno,bé,clar,doncs,perquè	matriu ASR completa; semblança textual provisional; pendent d'audició
spk-034	spk-055	6	Escaldes,bé,doncs,evidentment,perquè,és a dir	matriu ASR completa; semblança textual provisional; pendent d'audició
spk-034	spk-056	4	bé,doncs,parròquia,perquè	matriu ASR completa; semblança textual provisional; pendent d'audició
spk-034	spk-057	9	Escaldes,a veure,bé,clar,comú,doncs,evidentment,perquè,és a dir	matriu ASR completa; semblança textual provisional; pendent d'audició
spk-034	spk-058	5	Escaldes,a veure,bueno,bé,perquè	matriu ASR completa; semblança textual provisional; pendent d'audició
spk-034	spk-059	7	Escaldes,bé,clar,comuns,doncs,perquè,és a dir	matriu ASR completa; semblança textual provisional; pendent d'audició
spk-034	spk-060	4	a veure,bé,clar,perquè	matriu ASR completa; semblança textual provisional; pendent d'audició
spk-035	spk-036	9	Escaldes,Sant Julià,bé,clar,doncs,llavors,o sigui,parròquia,per tant	matriu ASR completa; semblança textual provisional; pendent d'audició
spk-035	spk-037	12	Escaldes,a nivell,a veure,bueno,bé,clar,doncs,llavors,no?,o sigui,parròquia,perquè	matriu ASR completa; semblança textual provisional; pendent d'audició
spk-035	spk-038	10	a veure,bueno,bé,clar,doncs,evidentment,llavors,per tant,perquè,és a dir	matriu ASR completa; semblança textual provisional; pendent d'audició
spk-035	spk-039	13	Escaldes,Sant Julià,a nivell,a veure,bueno,bé,clar,doncs,llavors,no?,parròquia,perquè,és a dir	matriu ASR completa; semblança textual provisional; pendent d'audició
spk-035	spk-040	12	a veure,bueno,bé,clar,de fet,doncs,evidentment,llavors,no?,o sigui,perquè,és a dir	matriu ASR completa; semblança textual provisional; pendent d'audició
spk-035	spk-041	7	bueno,bé,clar,doncs,llavors,parròquia,perquè	matriu ASR completa; semblança textual provisional; pendent d'audició
spk-035	spk-042	12	a nivell,a veure,bueno,bé,clar,de fet,doncs,llavors,o sigui,per tant,perquè,és a dir	matriu ASR completa; semblança textual provisional; pendent d'audició
spk-035	spk-043	13	Escaldes,Sant Julià,a nivell,bueno,bé,clar,doncs,evidentment,llavors,o sigui,per tant,perquè,és a dir	matriu ASR completa; semblança textual provisional; pendent d'audició
spk-035	spk-044	15	a nivell,a veure,bueno,bé,clar,de fet,doncs,evidentment,llavors,no?,o sigui,parròquia,per tant,perquè,és a dir	matriu ASR completa; semblança textual provisional; pendent d'audició
spk-035	spk-045	11	a nivell,a veure,bueno,bé,clar,doncs,evidentment,llavors,no?,o sigui,perquè	matriu ASR completa; semblança textual provisional; pendent d'audició
spk-035	spk-046	11	a nivell,bueno,bé,clar,doncs,evidentment,llavors,no?,per tant,perquè,és a dir	matriu ASR completa; semblança textual provisional; pendent d'audició
spk-035	spk-047	4	Escaldes,bé,llavors,perquè	matriu ASR completa; semblança textual provisional; pendent d'audició
spk-035	spk-048	15	Escaldes,Sant Julià,a nivell,a veure,bueno,bé,clar,doncs,evidentment,llavors,no?,o sigui,per tant,perquè,és a dir	matriu ASR completa; semblança textual provisional; pendent d'audició
spk-035	spk-049	8	bueno,bé,clar,de fet,doncs,llavors,no?,perquè	matriu ASR completa; semblança textual provisional; pendent d'audició
spk-035	spk-050	10	Sant Julià,bé,clar,doncs,evidentment,llavors,o sigui,parròquia,per tant,perquè	matriu ASR completa; semblança textual provisional; pendent d'audició
spk-035	spk-051	13	a nivell,a veure,bueno,bé,clar,doncs,llavors,no?,o sigui,parròquia,per tant,perquè,és a dir	matriu ASR completa; semblança textual provisional; pendent d'audició
spk-035	spk-052	4	bueno,clar,llavors,perquè	matriu ASR completa; semblança textual provisional; pendent d'audició
spk-035	spk-053	8	a nivell,bueno,bé,clar,de fet,evidentment,perquè,és a dir	matriu ASR completa; semblança textual provisional; pendent d'audició
spk-035	spk-054	11	a nivell,a veure,bueno,bé,clar,doncs,llavors,no?,o sigui,per tant,perquè	matriu ASR completa; semblança textual provisional; pendent d'audició
spk-035	spk-055	7	Escaldes,bé,doncs,evidentment,per tant,perquè,és a dir	matriu ASR completa; semblança textual provisional; pendent d'audició
spk-035	spk-056	6	bé,doncs,llavors,o sigui,parròquia,perquè	matriu ASR completa; semblança textual provisional; pendent d'audició
spk-035	spk-057	11	Escaldes,Sant Julià,a veure,bé,clar,doncs,evidentment,llavors,o sigui,perquè,és a dir	matriu ASR completa; semblança textual provisional; pendent d'audició
spk-035	spk-058	7	Escaldes,Sant Julià,a veure,bueno,bé,llavors,perquè	matriu ASR completa; semblança textual provisional; pendent d'audició
spk-035	spk-059	9	Escaldes,bé,clar,de fet,doncs,llavors,per tant,perquè,és a dir	matriu ASR completa; semblança textual provisional; pendent d'audició
spk-035	spk-060	9	a veure,bé,clar,de fet,llavors,no?,o sigui,per tant,perquè	matriu ASR completa; semblança textual provisional; pendent d'audició
spk-036	spk-037	9	Canillo,Escaldes,bé,clar,comuns,doncs,llavors,o sigui,parròquia	matriu ASR completa; semblança textual provisional; pendent d'audició
spk-036	spk-038	5	bé,clar,doncs,llavors,per tant	matriu ASR completa; semblança textual provisional; pendent d'audició
spk-036	spk-039	10	Canillo,Escaldes,Sant Julià,bé,clar,comuns,comú,doncs,llavors,parròquia	matriu ASR completa; semblança textual provisional; pendent d'audició
spk-036	spk-040	5	bé,clar,doncs,llavors,o sigui	matriu ASR completa; semblança textual provisional; pendent d'audició
spk-036	spk-041	7	Canillo,bé,clar,comú,doncs,llavors,parròquia	matriu ASR completa; semblança textual provisional; pendent d'audició
spk-036	spk-042	8	Canillo,bé,clar,comú,doncs,llavors,o sigui,per tant	matriu ASR completa; semblança textual provisional; pendent d'audició
spk-036	spk-043	9	Escaldes,Sant Julià,bé,clar,comú,doncs,llavors,o sigui,per tant	matriu ASR completa; semblança textual provisional; pendent d'audició
spk-036	spk-044	10	Canillo,Ordino,bé,clar,comunals,doncs,llavors,o sigui,parròquia,per tant	matriu ASR completa; semblança textual provisional; pendent d'audició
spk-036	spk-045	5	bé,clar,doncs,llavors,o sigui	matriu ASR completa; semblança textual provisional; pendent d'audició
spk-036	spk-046	6	bé,clar,comuns,doncs,llavors,per tant	matriu ASR completa; semblança textual provisional; pendent d'audició
spk-036	spk-047	3	Escaldes,bé,llavors	matriu ASR completa; semblança textual provisional; pendent d'audició
spk-036	spk-048	11	Canillo,Escaldes,Ordino,Sant Julià,bé,clar,comunals,doncs,llavors,o sigui,per tant	matriu ASR completa; semblança textual provisional; pendent d'audició
spk-036	spk-049	4	bé,clar,doncs,llavors	matriu ASR completa; semblança textual provisional; pendent d'audició
spk-036	spk-050	11	Canillo,Ordino,Sant Julià,bé,clar,comú,doncs,llavors,o sigui,parròquia,per tant	matriu ASR completa; semblança textual provisional; pendent d'audició
spk-036	spk-051	9	Canillo,bé,clar,comú,doncs,llavors,o sigui,parròquia,per tant	matriu ASR completa; semblança textual provisional; pendent d'audició
spk-036	spk-054	6	bé,clar,doncs,llavors,o sigui,per tant	matriu ASR completa; semblança textual provisional; pendent d'audició
spk-036	spk-055	4	Escaldes,bé,doncs,per tant	matriu ASR completa; semblança textual provisional; pendent d'audició
spk-036	spk-056	5	bé,doncs,llavors,o sigui,parròquia	matriu ASR completa; semblança textual provisional; pendent d'audició
spk-036	spk-057	9	Escaldes,Ordino,Sant Julià,bé,clar,comú,doncs,llavors,o sigui	matriu ASR completa; semblança textual provisional; pendent d'audició
spk-036	spk-058	4	Escaldes,Sant Julià,bé,llavors	matriu ASR completa; semblança textual provisional; pendent d'audició
spk-036	spk-059	8	Escaldes,Ordino,bé,clar,comuns,doncs,llavors,per tant	matriu ASR completa; semblança textual provisional; pendent d'audició
spk-036	spk-060	5	bé,clar,llavors,o sigui,per tant	matriu ASR completa; semblança textual provisional; pendent d'audició
spk-037	spk-038	8	a veure,bueno,bé,clar,doncs,llavors,perquè,vull dir	matriu ASR completa; semblança textual provisional; pendent d'audició
spk-037	spk-039	17	Canillo,Escaldes,a nivell,a veure,bueno,bé,clar,comuns,copríncep,coprínceps,diguem,doncs,llavors,no?,parròquia,perquè,vull dir	matriu ASR completa; semblança textual provisional; pendent d'audició
spk-037	spk-040	11	a veure,bueno,bé,clar,diguem,doncs,llavors,no?,o sigui,perquè,vull dir	matriu ASR completa; semblança textual provisional; pendent d'audició
spk-037	spk-041	10	Canillo,bueno,bé,clar,diguem,doncs,llavors,parròquia,perquè,vull dir	matriu ASR completa; semblança textual provisional; pendent d'audició
spk-037	spk-042	11	Canillo,a nivell,a veure,bueno,bé,clar,doncs,llavors,o sigui,perquè,vull dir	matriu ASR completa; semblança textual provisional; pendent d'audició
spk-037	spk-043	12	Escaldes,a nivell,bueno,bé,clar,copríncep,coprínceps,doncs,llavors,o sigui,perquè,vull dir	matriu ASR completa; semblança textual provisional; pendent d'audició
spk-037	spk-044	13	Canillo,a nivell,a veure,bueno,bé,clar,doncs,llavors,no?,o sigui,parròquia,perquè,vull dir	matriu ASR completa; semblança textual provisional; pendent d'audició
spk-037	spk-045	11	a nivell,a veure,bueno,bé,clar,doncs,llavors,no?,o sigui,perquè,vull dir	matriu ASR completa; semblança textual provisional; pendent d'audició
spk-037	spk-046	10	a nivell,bueno,bé,clar,comuns,diguem,doncs,llavors,no?,perquè	matriu ASR completa; semblança textual provisional; pendent d'audició
spk-037	spk-047	4	Escaldes,bé,llavors,perquè	matriu ASR completa; semblança textual provisional; pendent d'audició
spk-037	spk-048	14	Canillo,Escaldes,a nivell,a veure,bueno,bé,clar,copríncep,doncs,llavors,no?,o sigui,perquè,vull dir	matriu ASR completa; semblança textual provisional; pendent d'audició
spk-037	spk-049	8	bueno,bé,clar,diguem,doncs,llavors,no?,perquè	matriu ASR completa; semblança textual provisional; pendent d'audició
spk-037	spk-050	9	Canillo,bé,clar,diguem,doncs,llavors,o sigui,parròquia,perquè	matriu ASR completa; semblança textual provisional; pendent d'audició
spk-037	spk-051	14	Canillo,a nivell,a veure,bueno,bé,clar,diguem,doncs,llavors,no?,o sigui,parròquia,perquè,vull dir	matriu ASR completa; semblança textual provisional; pendent d'audició
spk-037	spk-052	4	bueno,clar,llavors,perquè	matriu ASR completa; semblança textual provisional; pendent d'audició
spk-037	spk-053	6	a nivell,bueno,bé,clar,diguem,perquè	matriu ASR completa; semblança textual provisional; pendent d'audició
spk-037	spk-054	11	a nivell,a veure,bueno,bé,clar,doncs,llavors,no?,o sigui,perquè,vull dir	matriu ASR completa; semblança textual provisional; pendent d'audició
spk-037	spk-055	4	Escaldes,bé,doncs,perquè	matriu ASR completa; semblança textual provisional; pendent d'audició
spk-037	spk-056	6	bé,doncs,llavors,o sigui,parròquia,perquè	matriu ASR completa; semblança textual provisional; pendent d'audició
spk-037	spk-057	9	Escaldes,a veure,bé,clar,doncs,llavors,o sigui,perquè,vull dir	matriu ASR completa; semblança textual provisional; pendent d'audició
spk-037	spk-058	6	Escaldes,a veure,bueno,bé,llavors,perquè	matriu ASR completa; semblança textual provisional; pendent d'audició
spk-037	spk-059	7	Escaldes,bé,clar,comuns,doncs,llavors,perquè	matriu ASR completa; semblança textual provisional; pendent d'audició
spk-037	spk-060	7	a veure,bé,clar,llavors,no?,o sigui,perquè	matriu ASR completa; semblança textual provisional; pendent d'audició
spk-038	spk-039	9	a veure,bueno,bé,clar,doncs,llavors,perquè,vull dir,és a dir	matriu ASR completa; semblança textual provisional; pendent d'audició
spk-038	spk-040	10	a veure,bueno,bé,clar,doncs,evidentment,llavors,perquè,vull dir,és a dir	matriu ASR completa; semblança textual provisional; pendent d'audició
spk-038	spk-041	7	bueno,bé,clar,doncs,llavors,perquè,vull dir	matriu ASR completa; semblança textual provisional; pendent d'audició
spk-038	spk-042	10	a veure,bueno,bé,clar,doncs,llavors,per tant,perquè,vull dir,és a dir	matriu ASR completa; semblança textual provisional; pendent d'audició
spk-038	spk-043	10	bueno,bé,clar,doncs,evidentment,llavors,per tant,perquè,vull dir,és a dir	matriu ASR completa; semblança textual provisional; pendent d'audició
spk-038	spk-044	11	a veure,bueno,bé,clar,doncs,evidentment,llavors,per tant,perquè,vull dir,és a dir	matriu ASR completa; semblança textual provisional; pendent d'audició
spk-038	spk-045	9	a veure,bueno,bé,clar,doncs,evidentment,llavors,perquè,vull dir	matriu ASR completa; semblança textual provisional; pendent d'audició
spk-038	spk-046	9	bueno,bé,clar,doncs,evidentment,llavors,per tant,perquè,és a dir	matriu ASR completa; semblança textual provisional; pendent d'audició
spk-038	spk-047	3	bé,llavors,perquè	matriu ASR completa; semblança textual provisional; pendent d'audició
spk-038	spk-048	11	a veure,bueno,bé,clar,doncs,evidentment,llavors,per tant,perquè,vull dir,és a dir	matriu ASR completa; semblança textual provisional; pendent d'audició
spk-038	spk-049	6	bueno,bé,clar,doncs,llavors,perquè	matriu ASR completa; semblança textual provisional; pendent d'audició
spk-038	spk-050	7	bé,clar,doncs,evidentment,llavors,per tant,perquè	matriu ASR completa; semblança textual provisional; pendent d'audició
spk-038	spk-051	10	a veure,bueno,bé,clar,doncs,llavors,per tant,perquè,vull dir,és a dir	matriu ASR completa; semblança textual provisional; pendent d'audició
spk-038	spk-052	4	bueno,clar,llavors,perquè	matriu ASR completa; semblança textual provisional; pendent d'audició
spk-038	spk-053	6	bueno,bé,clar,evidentment,perquè,és a dir	matriu ASR completa; semblança textual provisional; pendent d'audició
spk-038	spk-054	9	a veure,bueno,bé,clar,doncs,llavors,per tant,perquè,vull dir	matriu ASR completa; semblança textual provisional; pendent d'audició
spk-038	spk-055	6	bé,doncs,evidentment,per tant,perquè,és a dir	matriu ASR completa; semblança textual provisional; pendent d'audició
spk-038	spk-056	4	bé,doncs,llavors,perquè	matriu ASR completa; semblança textual provisional; pendent d'audició
spk-038	spk-057	9	a veure,bé,clar,doncs,evidentment,llavors,perquè,vull dir,és a dir	matriu ASR completa; semblança textual provisional; pendent d'audició
spk-038	spk-058	5	a veure,bueno,bé,llavors,perquè	matriu ASR completa; semblança textual provisional; pendent d'audició
spk-038	spk-059	7	bé,clar,doncs,llavors,per tant,perquè,és a dir	matriu ASR completa; semblança textual provisional; pendent d'audició
spk-038	spk-060	6	a veure,bé,clar,llavors,per tant,perquè	matriu ASR completa; semblança textual provisional; pendent d'audició
spk-039	spk-040	11	a veure,bueno,bé,clar,diguem,doncs,llavors,no?,perquè,vull dir,és a dir	matriu ASR completa; semblança textual provisional; pendent d'audició
spk-039	spk-041	11	Canillo,bueno,bé,clar,comú,diguem,doncs,llavors,parròquia,perquè,vull dir	matriu ASR completa; semblança textual provisional; pendent d'audició
spk-039	spk-042	12	Canillo,a nivell,a veure,bueno,bé,clar,comú,doncs,llavors,perquè,vull dir,és a dir	matriu ASR completa; semblança textual provisional; pendent d'audició
spk-039	spk-043	14	Escaldes,Sant Julià,a nivell,bueno,bé,clar,comú,copríncep,coprínceps,doncs,llavors,perquè,vull dir,és a dir	matriu ASR completa; semblança textual provisional; pendent d'audició
spk-039	spk-044	13	Canillo,a nivell,a veure,bueno,bé,clar,doncs,llavors,no?,parròquia,perquè,vull dir,és a dir	matriu ASR completa; semblança textual provisional; pendent d'audició
spk-039	spk-045	10	a nivell,a veure,bueno,bé,clar,doncs,llavors,no?,perquè,vull dir	matriu ASR completa; semblança textual provisional; pendent d'audició
spk-039	spk-046	11	a nivell,bueno,bé,clar,comuns,diguem,doncs,llavors,no?,perquè,és a dir	matriu ASR completa; semblança textual provisional; pendent d'audició
spk-039	spk-047	4	Escaldes,bé,llavors,perquè	matriu ASR completa; semblança textual provisional; pendent d'audició
spk-039	spk-048	15	Canillo,Escaldes,Sant Julià,a nivell,a veure,bueno,bé,clar,copríncep,doncs,llavors,no?,perquè,vull dir,és a dir	matriu ASR completa; semblança textual provisional; pendent d'audició
spk-039	spk-049	8	bueno,bé,clar,diguem,doncs,llavors,no?,perquè	matriu ASR completa; semblança textual provisional; pendent d'audició
spk-039	spk-050	10	Canillo,Sant Julià,bé,clar,comú,diguem,doncs,llavors,parròquia,perquè	matriu ASR completa; semblança textual provisional; pendent d'audició
spk-039	spk-051	15	Canillo,a nivell,a veure,bueno,bé,clar,comú,diguem,doncs,llavors,no?,parròquia,perquè,vull dir,és a dir	matriu ASR completa; semblança textual provisional; pendent d'audició
spk-039	spk-052	4	bueno,clar,llavors,perquè	matriu ASR completa; semblança textual provisional; pendent d'audició
spk-039	spk-053	8	a nivell,andorrana,bueno,bé,clar,diguem,perquè,és a dir	matriu ASR completa; semblança textual provisional; pendent d'audició
spk-039	spk-054	10	a nivell,a veure,bueno,bé,clar,doncs,llavors,no?,perquè,vull dir	matriu ASR completa; semblança textual provisional; pendent d'audició
spk-039	spk-055	5	Escaldes,bé,doncs,perquè,és a dir	matriu ASR completa; semblança textual provisional; pendent d'audició
spk-039	spk-056	5	bé,doncs,llavors,parròquia,perquè	matriu ASR completa; semblança textual provisional; pendent d'audició
spk-039	spk-057	11	Escaldes,Sant Julià,a veure,bé,clar,comú,doncs,llavors,perquè,vull dir,és a dir	matriu ASR completa; semblança textual provisional; pendent d'audició
spk-039	spk-058	7	Escaldes,Sant Julià,a veure,bueno,bé,llavors,perquè	matriu ASR completa; semblança textual provisional; pendent d'audició
spk-039	spk-059	8	Escaldes,bé,clar,comuns,doncs,llavors,perquè,és a dir	matriu ASR completa; semblança textual provisional; pendent d'audició
spk-039	spk-060	6	a veure,bé,clar,llavors,no?,perquè	matriu ASR completa; semblança textual provisional; pendent d'audició
spk-040	spk-041	8	bueno,bé,clar,diguem,doncs,llavors,perquè,vull dir	matriu ASR completa; semblança textual provisional; pendent d'audició
spk-040	spk-042	11	a veure,bueno,bé,clar,de fet,doncs,llavors,o sigui,perquè,vull dir,és a dir	matriu ASR completa; semblança textual provisional; pendent d'audició
spk-040	spk-043	10	bueno,bé,clar,doncs,evidentment,llavors,o sigui,perquè,vull dir,és a dir	matriu ASR completa; semblança textual provisional; pendent d'audició
spk-040	spk-044	13	a veure,bueno,bé,clar,de fet,doncs,evidentment,llavors,no?,o sigui,perquè,vull dir,és a dir	matriu ASR completa; semblança textual provisional; pendent d'audició
spk-040	spk-045	11	a veure,bueno,bé,clar,doncs,evidentment,llavors,no?,o sigui,perquè,vull dir	matriu ASR completa; semblança textual provisional; pendent d'audició
spk-040	spk-046	10	bueno,bé,clar,diguem,doncs,evidentment,llavors,no?,perquè,és a dir	matriu ASR completa; semblança textual provisional; pendent d'audició
spk-040	spk-047	3	bé,llavors,perquè	matriu ASR completa; semblança textual provisional; pendent d'audició
spk-040	spk-048	12	a veure,bueno,bé,clar,doncs,evidentment,llavors,no?,o sigui,perquè,vull dir,és a dir	matriu ASR completa; semblança textual provisional; pendent d'audició
spk-040	spk-049	9	bueno,bé,clar,de fet,diguem,doncs,llavors,no?,perquè	matriu ASR completa; semblança textual provisional; pendent d'audició
spk-040	spk-050	8	bé,clar,diguem,doncs,evidentment,llavors,o sigui,perquè	matriu ASR completa; semblança textual provisional; pendent d'audició
spk-040	spk-051	12	a veure,bueno,bé,clar,diguem,doncs,llavors,no?,o sigui,perquè,vull dir,és a dir	matriu ASR completa; semblança textual provisional; pendent d'audició
spk-040	spk-052	4	bueno,clar,llavors,perquè	matriu ASR completa; semblança textual provisional; pendent d'audició
spk-040	spk-053	8	bueno,bé,clar,de fet,diguem,evidentment,perquè,és a dir	matriu ASR completa; semblança textual provisional; pendent d'audició
spk-040	spk-054	10	a veure,bueno,bé,clar,doncs,llavors,no?,o sigui,perquè,vull dir	matriu ASR completa; semblança textual provisional; pendent d'audició
spk-040	spk-055	5	bé,doncs,evidentment,perquè,és a dir	matriu ASR completa; semblança textual provisional; pendent d'audició
spk-040	spk-056	5	bé,doncs,llavors,o sigui,perquè	matriu ASR completa; semblança textual provisional; pendent d'audició
spk-040	spk-057	10	a veure,bé,clar,doncs,evidentment,llavors,o sigui,perquè,vull dir,és a dir	matriu ASR completa; semblança textual provisional; pendent d'audició
spk-040	spk-058	5	a veure,bueno,bé,llavors,perquè	matriu ASR completa; semblança textual provisional; pendent d'audició
spk-040	spk-059	7	bé,clar,de fet,doncs,llavors,perquè,és a dir	matriu ASR completa; semblança textual provisional; pendent d'audició
spk-040	spk-060	8	a veure,bé,clar,de fet,llavors,no?,o sigui,perquè	matriu ASR completa; semblança textual provisional; pendent d'audició
spk-041	spk-042	9	Canillo,bueno,bé,clar,comú,doncs,llavors,perquè,vull dir	matriu ASR completa; semblança textual provisional; pendent d'audició
spk-041	spk-043	8	bueno,bé,clar,comú,doncs,llavors,perquè,vull dir	matriu ASR completa; semblança textual provisional; pendent d'audició
spk-041	spk-044	9	Canillo,bueno,bé,clar,doncs,llavors,parròquia,perquè,vull dir	matriu ASR completa; semblança textual provisional; pendent d'audició
spk-041	spk-045	7	bueno,bé,clar,doncs,llavors,perquè,vull dir	matriu ASR completa; semblança textual provisional; pendent d'audició
spk-041	spk-046	7	bueno,bé,clar,diguem,doncs,llavors,perquè	matriu ASR completa; semblança textual provisional; pendent d'audició
spk-041	spk-047	3	bé,llavors,perquè	matriu ASR completa; semblança textual provisional; pendent d'audició
spk-041	spk-048	8	Canillo,bueno,bé,clar,doncs,llavors,perquè,vull dir	matriu ASR completa; semblança textual provisional; pendent d'audició
spk-041	spk-049	7	bueno,bé,clar,diguem,doncs,llavors,perquè	matriu ASR completa; semblança textual provisional; pendent d'audició
spk-041	spk-050	9	Canillo,bé,clar,comú,diguem,doncs,llavors,parròquia,perquè	matriu ASR completa; semblança textual provisional; pendent d'audició
spk-041	spk-051	11	Canillo,bueno,bé,clar,comú,diguem,doncs,llavors,parròquia,perquè,vull dir	matriu ASR completa; semblança textual provisional; pendent d'audició
spk-041	spk-052	4	bueno,clar,llavors,perquè	matriu ASR completa; semblança textual provisional; pendent d'audició
spk-041	spk-053	5	bueno,bé,clar,diguem,perquè	matriu ASR completa; semblança textual provisional; pendent d'audició
spk-041	spk-054	7	bueno,bé,clar,doncs,llavors,perquè,vull dir	matriu ASR completa; semblança textual provisional; pendent d'audició
spk-041	spk-055	3	bé,doncs,perquè	matriu ASR completa; semblança textual provisional; pendent d'audició
spk-041	spk-056	5	bé,doncs,llavors,parròquia,perquè	matriu ASR completa; semblança textual provisional; pendent d'audició
spk-041	spk-057	7	bé,clar,comú,doncs,llavors,perquè,vull dir	matriu ASR completa; semblança textual provisional; pendent d'audició
spk-041	spk-058	4	bueno,bé,llavors,perquè	matriu ASR completa; semblança textual provisional; pendent d'audició
spk-041	spk-059	5	bé,clar,doncs,llavors,perquè	matriu ASR completa; semblança textual provisional; pendent d'audició
spk-041	spk-060	4	bé,clar,llavors,perquè	matriu ASR completa; semblança textual provisional; pendent d'audició
spk-042	spk-043	12	a nivell,bueno,bé,clar,comú,doncs,llavors,o sigui,per tant,perquè,vull dir,és a dir	matriu ASR completa; semblança textual provisional; pendent d'audició
spk-042	spk-044	14	Canillo,a nivell,a veure,bueno,bé,clar,de fet,doncs,llavors,o sigui,per tant,perquè,vull dir,és a dir	matriu ASR completa; semblança textual provisional; pendent d'audició
spk-042	spk-045	10	a nivell,a veure,bueno,bé,clar,doncs,llavors,o sigui,perquè,vull dir	matriu ASR completa; semblança textual provisional; pendent d'audició
spk-042	spk-046	9	a nivell,bueno,bé,clar,doncs,llavors,per tant,perquè,és a dir	matriu ASR completa; semblança textual provisional; pendent d'audició
spk-042	spk-047	3	bé,llavors,perquè	matriu ASR completa; semblança textual provisional; pendent d'audició
spk-042	spk-048	13	Canillo,a nivell,a veure,bueno,bé,clar,doncs,llavors,o sigui,per tant,perquè,vull dir,és a dir	matriu ASR completa; semblança textual provisional; pendent d'audició
spk-042	spk-049	7	bueno,bé,clar,de fet,doncs,llavors,perquè	matriu ASR completa; semblança textual provisional; pendent d'audició
spk-042	spk-050	10	Canillo,bé,clar,comú,doncs,llavors,o sigui,per tant,perquè,santuari	matriu ASR completa; semblança textual provisional; pendent d'audició
spk-042	spk-051	14	Canillo,a nivell,a veure,bueno,bé,clar,comú,doncs,llavors,o sigui,per tant,perquè,vull dir,és a dir	matriu ASR completa; semblança textual provisional; pendent d'audició
spk-042	spk-052	4	bueno,clar,llavors,perquè	matriu ASR completa; semblança textual provisional; pendent d'audició
spk-042	spk-053	8	a nivell,aleshores,bueno,bé,clar,de fet,perquè,és a dir	matriu ASR completa; semblança textual provisional; pendent d'audició
spk-042	spk-054	12	a nivell,a veure,aleshores,bueno,bé,clar,doncs,llavors,o sigui,per tant,perquè,vull dir	matriu ASR completa; semblança textual provisional; pendent d'audició
spk-042	spk-055	5	bé,doncs,per tant,perquè,és a dir	matriu ASR completa; semblança textual provisional; pendent d'audició
spk-042	spk-056	5	bé,doncs,llavors,o sigui,perquè	matriu ASR completa; semblança textual provisional; pendent d'audició
spk-042	spk-057	11	a veure,aleshores,bé,clar,comú,doncs,llavors,o sigui,perquè,vull dir,és a dir	matriu ASR completa; semblança textual provisional; pendent d'audició
spk-042	spk-058	5	a veure,bueno,bé,llavors,perquè	matriu ASR completa; semblança textual provisional; pendent d'audició
spk-042	spk-059	8	bé,clar,de fet,doncs,llavors,per tant,perquè,és a dir	matriu ASR completa; semblança textual provisional; pendent d'audició
spk-042	spk-060	9	a veure,aleshores,bé,clar,de fet,llavors,o sigui,per tant,perquè	matriu ASR completa; semblança textual provisional; pendent d'audició
spk-043	spk-044	12	a nivell,bueno,bé,clar,doncs,evidentment,llavors,o sigui,per tant,perquè,vull dir,és a dir	matriu ASR completa; semblança textual provisional; pendent d'audició
spk-043	spk-045	10	a nivell,bueno,bé,clar,doncs,evidentment,llavors,o sigui,perquè,vull dir	matriu ASR completa; semblança textual provisional; pendent d'audició
spk-043	spk-046	10	a nivell,bueno,bé,clar,doncs,evidentment,llavors,per tant,perquè,és a dir	matriu ASR completa; semblança textual provisional; pendent d'audició
spk-043	spk-047	4	Escaldes,bé,llavors,perquè	matriu ASR completa; semblança textual provisional; pendent d'audició
spk-043	spk-048	15	Escaldes,Sant Julià,a nivell,bueno,bé,clar,copríncep,doncs,evidentment,llavors,o sigui,per tant,perquè,vull dir,és a dir	matriu ASR completa; semblança textual provisional; pendent d'audició
spk-043	spk-049	6	bueno,bé,clar,doncs,llavors,perquè	matriu ASR completa; semblança textual provisional; pendent d'audició
spk-043	spk-050	10	Sant Julià,bé,clar,comú,doncs,evidentment,llavors,o sigui,per tant,perquè	matriu ASR completa; semblança textual provisional; pendent d'audició
spk-043	spk-051	12	a nivell,bueno,bé,clar,comú,doncs,llavors,o sigui,per tant,perquè,vull dir,és a dir	matriu ASR completa; semblança textual provisional; pendent d'audició
spk-043	spk-052	4	bueno,clar,llavors,perquè	matriu ASR completa; semblança textual provisional; pendent d'audició
spk-043	spk-053	7	a nivell,bueno,bé,clar,evidentment,perquè,és a dir	matriu ASR completa; semblança textual provisional; pendent d'audició
spk-043	spk-054	10	a nivell,bueno,bé,clar,doncs,llavors,o sigui,per tant,perquè,vull dir	matriu ASR completa; semblança textual provisional; pendent d'audició
spk-043	spk-055	7	Escaldes,bé,doncs,evidentment,per tant,perquè,és a dir	matriu ASR completa; semblança textual provisional; pendent d'audició
spk-043	spk-056	5	bé,doncs,llavors,o sigui,perquè	matriu ASR completa; semblança textual provisional; pendent d'audició
spk-043	spk-057	12	Escaldes,Sant Julià,bé,clar,comú,doncs,evidentment,llavors,o sigui,perquè,vull dir,és a dir	matriu ASR completa; semblança textual provisional; pendent d'audició
spk-043	spk-058	6	Escaldes,Sant Julià,bueno,bé,llavors,perquè	matriu ASR completa; semblança textual provisional; pendent d'audició
spk-043	spk-059	8	Escaldes,bé,clar,doncs,llavors,per tant,perquè,és a dir	matriu ASR completa; semblança textual provisional; pendent d'audició
spk-043	spk-060	6	bé,clar,llavors,o sigui,per tant,perquè	matriu ASR completa; semblança textual provisional; pendent d'audició
spk-044	spk-045	12	a nivell,a veure,bueno,bé,clar,doncs,evidentment,llavors,no?,o sigui,perquè,vull dir	matriu ASR completa; semblança textual provisional; pendent d'audició
spk-044	spk-046	11	a nivell,bueno,bé,clar,doncs,evidentment,llavors,no?,per tant,perquè,és a dir	matriu ASR completa; semblança textual provisional; pendent d'audició
spk-044	spk-047	3	bé,llavors,perquè	matriu ASR completa; semblança textual provisional; pendent d'audició
spk-044	spk-048	17	Canillo,Ordino,a nivell,a veure,bueno,bé,clar,comunals,doncs,evidentment,llavors,no?,o sigui,per tant,perquè,vull dir,és a dir	matriu ASR completa; semblança textual provisional; pendent d'audició
spk-044	spk-049	8	bueno,bé,clar,de fet,doncs,llavors,no?,perquè	matriu ASR completa; semblança textual provisional; pendent d'audició
spk-044	spk-050	11	Canillo,Ordino,bé,clar,doncs,evidentment,llavors,o sigui,parròquia,per tant,perquè	matriu ASR completa; semblança textual provisional; pendent d'audició
spk-044	spk-051	15	Canillo,a nivell,a veure,bueno,bé,clar,doncs,llavors,no?,o sigui,parròquia,per tant,perquè,vull dir,és a dir	matriu ASR completa; semblança textual provisional; pendent d'audició
spk-044	spk-052	4	bueno,clar,llavors,perquè	matriu ASR completa; semblança textual provisional; pendent d'audició
spk-044	spk-053	9	a nivell,aviam,bueno,bé,clar,de fet,evidentment,perquè,és a dir	matriu ASR completa; semblança textual provisional; pendent d'audició
spk-044	spk-054	12	a nivell,a veure,bueno,bé,clar,doncs,llavors,no?,o sigui,per tant,perquè,vull dir	matriu ASR completa; semblança textual provisional; pendent d'audició
spk-044	spk-055	6	bé,doncs,evidentment,per tant,perquè,és a dir	matriu ASR completa; semblança textual provisional; pendent d'audició
spk-044	spk-056	6	bé,doncs,llavors,o sigui,parròquia,perquè	matriu ASR completa; semblança textual provisional; pendent d'audició
spk-044	spk-057	12	Ordino,a veure,aviam,bé,clar,doncs,evidentment,llavors,o sigui,perquè,vull dir,és a dir	matriu ASR completa; semblança textual provisional; pendent d'audició
spk-044	spk-058	5	a veure,bueno,bé,llavors,perquè	matriu ASR completa; semblança textual provisional; pendent d'audició
spk-044	spk-059	9	Ordino,bé,clar,de fet,doncs,llavors,per tant,perquè,és a dir	matriu ASR completa; semblança textual provisional; pendent d'audició
spk-044	spk-060	9	a veure,bé,clar,de fet,llavors,no?,o sigui,per tant,perquè	matriu ASR completa; semblança textual provisional; pendent d'audició
spk-045	spk-046	9	a nivell,bueno,bé,clar,doncs,evidentment,llavors,no?,perquè	matriu ASR completa; semblança textual provisional; pendent d'audició
spk-045	spk-047	3	bé,llavors,perquè	matriu ASR completa; semblança textual provisional; pendent d'audició
spk-045	spk-048	12	a nivell,a veure,bueno,bé,clar,doncs,evidentment,llavors,no?,o sigui,perquè,vull dir	matriu ASR completa; semblança textual provisional; pendent d'audició
spk-045	spk-049	7	bueno,bé,clar,doncs,llavors,no?,perquè	matriu ASR completa; semblança textual provisional; pendent d'audició
spk-045	spk-050	7	bé,clar,doncs,evidentment,llavors,o sigui,perquè	matriu ASR completa; semblança textual provisional; pendent d'audició
spk-045	spk-051	11	a nivell,a veure,bueno,bé,clar,doncs,llavors,no?,o sigui,perquè,vull dir	matriu ASR completa; semblança textual provisional; pendent d'audició
spk-045	spk-052	4	bueno,clar,llavors,perquè	matriu ASR completa; semblança textual provisional; pendent d'audició
spk-045	spk-053	6	a nivell,bueno,bé,clar,evidentment,perquè	matriu ASR completa; semblança textual provisional; pendent d'audició
spk-045	spk-054	11	a nivell,a veure,bueno,bé,clar,doncs,llavors,no?,o sigui,perquè,vull dir	matriu ASR completa; semblança textual provisional; pendent d'audició
spk-045	spk-055	4	bé,doncs,evidentment,perquè	matriu ASR completa; semblança textual provisional; pendent d'audició
spk-045	spk-056	5	bé,doncs,llavors,o sigui,perquè	matriu ASR completa; semblança textual provisional; pendent d'audició
spk-045	spk-057	9	a veure,bé,clar,doncs,evidentment,llavors,o sigui,perquè,vull dir	matriu ASR completa; semblança textual provisional; pendent d'audició
spk-045	spk-058	5	a veure,bueno,bé,llavors,perquè	matriu ASR completa; semblança textual provisional; pendent d'audició
spk-045	spk-059	5	bé,clar,doncs,llavors,perquè	matriu ASR completa; semblança textual provisional; pendent d'audició
spk-045	spk-060	7	a veure,bé,clar,llavors,no?,o sigui,perquè	matriu ASR completa; semblança textual provisional; pendent d'audició
spk-046	spk-047	3	bé,llavors,perquè	matriu ASR completa; semblança textual provisional; pendent d'audició
spk-046	spk-048	11	a nivell,bueno,bé,clar,doncs,evidentment,llavors,no?,per tant,perquè,és a dir	matriu ASR completa; semblança textual provisional; pendent d'audició
spk-046	spk-049	8	bueno,bé,clar,diguem,doncs,llavors,no?,perquè	matriu ASR completa; semblança textual provisional; pendent d'audició
spk-046	spk-050	8	bé,clar,diguem,doncs,evidentment,llavors,per tant,perquè	matriu ASR completa; semblança textual provisional; pendent d'audició
spk-046	spk-051	11	a nivell,bueno,bé,clar,diguem,doncs,llavors,no?,per tant,perquè,és a dir	matriu ASR completa; semblança textual provisional; pendent d'audició
spk-046	spk-052	4	bueno,clar,llavors,perquè	matriu ASR completa; semblança textual provisional; pendent d'audició
spk-046	spk-053	8	a nivell,bueno,bé,clar,diguem,evidentment,perquè,és a dir	matriu ASR completa; semblança textual provisional; pendent d'audició
spk-046	spk-054	9	a nivell,bueno,bé,clar,doncs,llavors,no?,per tant,perquè	matriu ASR completa; semblança textual provisional; pendent d'audició
spk-046	spk-055	6	bé,doncs,evidentment,per tant,perquè,és a dir	matriu ASR completa; semblança textual provisional; pendent d'audició
spk-046	spk-056	4	bé,doncs,llavors,perquè	matriu ASR completa; semblança textual provisional; pendent d'audició
spk-046	spk-057	7	bé,clar,doncs,evidentment,llavors,perquè,és a dir	matriu ASR completa; semblança textual provisional; pendent d'audició
spk-046	spk-058	4	bueno,bé,llavors,perquè	matriu ASR completa; semblança textual provisional; pendent d'audició
spk-046	spk-059	8	bé,clar,comuns,doncs,llavors,per tant,perquè,és a dir	matriu ASR completa; semblança textual provisional; pendent d'audició
spk-046	spk-060	6	bé,clar,llavors,no?,per tant,perquè	matriu ASR completa; semblança textual provisional; pendent d'audició
spk-047	spk-048	4	Escaldes,bé,llavors,perquè	matriu ASR completa; semblança textual provisional; pendent d'audició
spk-047	spk-049	3	bé,llavors,perquè	matriu ASR completa; semblança textual provisional; pendent d'audició
spk-047	spk-050	3	bé,llavors,perquè	matriu ASR completa; semblança textual provisional; pendent d'audició
spk-047	spk-051	3	bé,llavors,perquè	matriu ASR completa; semblança textual provisional; pendent d'audició
spk-047	spk-054	3	bé,llavors,perquè	matriu ASR completa; semblança textual provisional; pendent d'audició
spk-047	spk-055	3	Escaldes,bé,perquè	matriu ASR completa; semblança textual provisional; pendent d'audició
spk-047	spk-056	3	bé,llavors,perquè	matriu ASR completa; semblança textual provisional; pendent d'audició
spk-047	spk-057	4	Escaldes,bé,llavors,perquè	matriu ASR completa; semblança textual provisional; pendent d'audició
spk-047	spk-058	4	Escaldes,bé,llavors,perquè	matriu ASR completa; semblança textual provisional; pendent d'audició
spk-047	spk-059	4	Escaldes,bé,llavors,perquè	matriu ASR completa; semblança textual provisional; pendent d'audició
spk-047	spk-060	3	bé,llavors,perquè	matriu ASR completa; semblança textual provisional; pendent d'audició
spk-048	spk-049	7	bueno,bé,clar,doncs,llavors,no?,perquè	matriu ASR completa; semblança textual provisional; pendent d'audició
spk-048	spk-050	11	Canillo,Ordino,Sant Julià,bé,clar,doncs,evidentment,llavors,o sigui,per tant,perquè	matriu ASR completa; semblança textual provisional; pendent d'audició
spk-048	spk-051	15	Canillo,Massana,a nivell,a veure,bueno,bé,clar,doncs,llavors,no?,o sigui,per tant,perquè,vull dir,és a dir	matriu ASR completa; semblança textual provisional; pendent d'audició
spk-048	spk-052	4	bueno,clar,llavors,perquè	matriu ASR completa; semblança textual provisional; pendent d'audició
spk-048	spk-053	7	a nivell,bueno,bé,clar,evidentment,perquè,és a dir	matriu ASR completa; semblança textual provisional; pendent d'audició
spk-048	spk-054	12	a nivell,a veure,bueno,bé,clar,doncs,llavors,no?,o sigui,per tant,perquè,vull dir	matriu ASR completa; semblança textual provisional; pendent d'audició
spk-048	spk-055	7	Escaldes,bé,doncs,evidentment,per tant,perquè,és a dir	matriu ASR completa; semblança textual provisional; pendent d'audició
spk-048	spk-056	5	bé,doncs,llavors,o sigui,perquè	matriu ASR completa; semblança textual provisional; pendent d'audició
spk-048	spk-057	13	Escaldes,Ordino,Sant Julià,a veure,bé,clar,doncs,evidentment,llavors,o sigui,perquè,vull dir,és a dir	matriu ASR completa; semblança textual provisional; pendent d'audició
spk-048	spk-058	7	Escaldes,Sant Julià,a veure,bueno,bé,llavors,perquè	matriu ASR completa; semblança textual provisional; pendent d'audició
spk-048	spk-059	9	Escaldes,Ordino,bé,clar,doncs,llavors,per tant,perquè,és a dir	matriu ASR completa; semblança textual provisional; pendent d'audició
spk-048	spk-060	8	a veure,bé,clar,llavors,no?,o sigui,per tant,perquè	matriu ASR completa; semblança textual provisional; pendent d'audició
spk-049	spk-050	6	bé,clar,diguem,doncs,llavors,perquè	matriu ASR completa; semblança textual provisional; pendent d'audició
spk-049	spk-051	8	bueno,bé,clar,diguem,doncs,llavors,no?,perquè	matriu ASR completa; semblança textual provisional; pendent d'audició
spk-049	spk-052	4	bueno,clar,llavors,perquè	matriu ASR completa; semblança textual provisional; pendent d'audició
spk-049	spk-053	6	bueno,bé,clar,de fet,diguem,perquè	matriu ASR completa; semblança textual provisional; pendent d'audició
spk-049	spk-054	7	bueno,bé,clar,doncs,llavors,no?,perquè	matriu ASR completa; semblança textual provisional; pendent d'audició
spk-049	spk-055	3	bé,doncs,perquè	matriu ASR completa; semblança textual provisional; pendent d'audició
spk-049	spk-056	4	bé,doncs,llavors,perquè	matriu ASR completa; semblança textual provisional; pendent d'audició
spk-049	spk-057	5	bé,clar,doncs,llavors,perquè	matriu ASR completa; semblança textual provisional; pendent d'audició
spk-049	spk-058	4	bueno,bé,llavors,perquè	matriu ASR completa; semblança textual provisional; pendent d'audició
spk-049	spk-059	6	bé,clar,de fet,doncs,llavors,perquè	matriu ASR completa; semblança textual provisional; pendent d'audició
spk-049	spk-060	6	bé,clar,de fet,llavors,no?,perquè	matriu ASR completa; semblança textual provisional; pendent d'audició
spk-050	spk-051	11	Canillo,bé,clar,comú,diguem,doncs,llavors,o sigui,parròquia,per tant,perquè	matriu ASR completa; semblança textual provisional; pendent d'audició
spk-050	spk-052	3	clar,llavors,perquè	matriu ASR completa; semblança textual provisional; pendent d'audició
spk-050	spk-053	5	bé,clar,diguem,evidentment,perquè	matriu ASR completa; semblança textual provisional; pendent d'audició
spk-050	spk-054	7	bé,clar,doncs,llavors,o sigui,per tant,perquè	matriu ASR completa; semblança textual provisional; pendent d'audició
spk-050	spk-055	5	bé,doncs,evidentment,per tant,perquè	matriu ASR completa; semblança textual provisional; pendent d'audició
spk-050	spk-056	6	bé,doncs,llavors,o sigui,parròquia,perquè	matriu ASR completa; semblança textual provisional; pendent d'audició
spk-050	spk-057	11	Ordino,Sant Julià,bé,clar,comú,doncs,evidentment,llavors,o sigui,padrí,perquè	matriu ASR completa; semblança textual provisional; pendent d'audició
spk-050	spk-058	4	Sant Julià,bé,llavors,perquè	matriu ASR completa; semblança textual provisional; pendent d'audició
spk-050	spk-059	7	Ordino,bé,clar,doncs,llavors,per tant,perquè	matriu ASR completa; semblança textual provisional; pendent d'audició
spk-050	spk-060	7	bé,clar,llavors,o sigui,padrí,per tant,perquè	matriu ASR completa; semblança textual provisional; pendent d'audició
spk-051	spk-052	4	bueno,clar,llavors,perquè	matriu ASR completa; semblança textual provisional; pendent d'audició
spk-051	spk-053	7	a nivell,bueno,bé,clar,diguem,perquè,és a dir	matriu ASR completa; semblança textual provisional; pendent d'audició
spk-051	spk-054	12	a nivell,a veure,bueno,bé,clar,doncs,llavors,no?,o sigui,per tant,perquè,vull dir	matriu ASR completa; semblança textual provisional; pendent d'audició
spk-051	spk-055	5	bé,doncs,per tant,perquè,és a dir	matriu ASR completa; semblança textual provisional; pendent d'audició
spk-051	spk-056	6	bé,doncs,llavors,o sigui,parròquia,perquè	matriu ASR completa; semblança textual provisional; pendent d'audició
spk-051	spk-057	10	a veure,bé,clar,comú,doncs,llavors,o sigui,perquè,vull dir,és a dir	matriu ASR completa; semblança textual provisional; pendent d'audició
spk-051	spk-058	5	a veure,bueno,bé,llavors,perquè	matriu ASR completa; semblança textual provisional; pendent d'audició
spk-051	spk-059	7	bé,clar,doncs,llavors,per tant,perquè,és a dir	matriu ASR completa; semblança textual provisional; pendent d'audició
spk-051	spk-060	8	a veure,bé,clar,llavors,no?,o sigui,per tant,perquè	matriu ASR completa; semblança textual provisional; pendent d'audició
spk-052	spk-053	3	bueno,clar,perquè	matriu ASR completa; semblança textual provisional; pendent d'audició
spk-052	spk-054	4	bueno,clar,llavors,perquè	matriu ASR completa; semblança textual provisional; pendent d'audició
spk-052	spk-057	3	clar,llavors,perquè	matriu ASR completa; semblança textual provisional; pendent d'audició
spk-052	spk-058	3	bueno,llavors,perquè	matriu ASR completa; semblança textual provisional; pendent d'audició
spk-052	spk-059	3	clar,llavors,perquè	matriu ASR completa; semblança textual provisional; pendent d'audició
spk-052	spk-060	3	clar,llavors,perquè	matriu ASR completa; semblança textual provisional; pendent d'audició
spk-053	spk-054	6	a nivell,aleshores,bueno,bé,clar,perquè	matriu ASR completa; semblança textual provisional; pendent d'audició
spk-053	spk-055	4	bé,evidentment,perquè,és a dir	matriu ASR completa; semblança textual provisional; pendent d'audició
spk-053	spk-057	7	aleshores,aviam,bé,clar,evidentment,perquè,és a dir	matriu ASR completa; semblança textual provisional; pendent d'audició
spk-053	spk-058	3	bueno,bé,perquè	matriu ASR completa; semblança textual provisional; pendent d'audició
spk-053	spk-059	5	bé,clar,de fet,perquè,és a dir	matriu ASR completa; semblança textual provisional; pendent d'audició
spk-053	spk-060	5	aleshores,bé,clar,de fet,perquè	matriu ASR completa; semblança textual provisional; pendent d'audició
spk-054	spk-055	4	bé,doncs,per tant,perquè	matriu ASR completa; semblança textual provisional; pendent d'audició
spk-054	spk-056	5	bé,doncs,llavors,o sigui,perquè	matriu ASR completa; semblança textual provisional; pendent d'audició
spk-054	spk-057	9	a veure,aleshores,bé,clar,doncs,llavors,o sigui,perquè,vull dir	matriu ASR completa; semblança textual provisional; pendent d'audició
spk-054	spk-058	5	a veure,bueno,bé,llavors,perquè	matriu ASR completa; semblança textual provisional; pendent d'audició
spk-054	spk-059	6	bé,clar,doncs,llavors,per tant,perquè	matriu ASR completa; semblança textual provisional; pendent d'audició
spk-054	spk-060	9	a veure,aleshores,bé,clar,llavors,no?,o sigui,per tant,perquè	matriu ASR completa; semblança textual provisional; pendent d'audició
spk-055	spk-056	3	bé,doncs,perquè	matriu ASR completa; semblança textual provisional; pendent d'audició
spk-055	spk-057	6	Escaldes,bé,doncs,evidentment,perquè,és a dir	matriu ASR completa; semblança textual provisional; pendent d'audició
spk-055	spk-058	3	Escaldes,bé,perquè	matriu ASR completa; semblança textual provisional; pendent d'audició
spk-055	spk-059	6	Escaldes,bé,doncs,per tant,perquè,és a dir	matriu ASR completa; semblança textual provisional; pendent d'audició
spk-055	spk-060	3	bé,per tant,perquè	matriu ASR completa; semblança textual provisional; pendent d'audició
spk-056	spk-057	5	bé,doncs,llavors,o sigui,perquè	matriu ASR completa; semblança textual provisional; pendent d'audició
spk-056	spk-058	3	bé,llavors,perquè	matriu ASR completa; semblança textual provisional; pendent d'audició
spk-056	spk-059	4	bé,doncs,llavors,perquè	matriu ASR completa; semblança textual provisional; pendent d'audició
spk-056	spk-060	4	bé,llavors,o sigui,perquè	matriu ASR completa; semblança textual provisional; pendent d'audició
spk-057	spk-058	6	Escaldes,Sant Julià,a veure,bé,llavors,perquè	matriu ASR completa; semblança textual provisional; pendent d'audició
spk-057	spk-059	8	Escaldes,Ordino,bé,clar,doncs,llavors,perquè,és a dir	matriu ASR completa; semblança textual provisional; pendent d'audició
spk-057	spk-060	8	a veure,aleshores,bé,clar,llavors,o sigui,padrí,perquè	matriu ASR completa; semblança textual provisional; pendent d'audició
spk-058	spk-059	4	Escaldes,bé,llavors,perquè	matriu ASR completa; semblança textual provisional; pendent d'audició
spk-058	spk-060	4	a veure,bé,llavors,perquè	matriu ASR completa; semblança textual provisional; pendent d'audició
spk-059	spk-060	6	bé,clar,de fet,llavors,per tant,perquè	matriu ASR completa; semblança textual provisional; pendent d'audició
