candidat_a	candidat_b	n_formes_compartides	formes	estat
lead-rtva-009-isidre-bartumeu	lead-rtva-010-lurdes-riba	13	a nivell;a veure;bé;clar;de fet;doncs;evidentment;llavors;no?;o sigui;per tant;perquè;vull dir	semblança textual exploratòria; pendent d'audició
lead-rtva-009-isidre-bartumeu	lead-rtva-011-josep-dalleres	12	a nivell;a veure;bé;clar;de fet;doncs;evidentment;llavors;no?;o sigui;per tant;perquè	semblança textual exploratòria; pendent d'audició
lead-rtva-009-isidre-bartumeu	lead-rtva-012-marc-forne	11	a veure;bé;clar;de fet;doncs;evidentment;llavors;no?;per tant;perquè;vull dir	semblança textual exploratòria; pendent d'audició
lead-rtva-009-isidre-bartumeu	lead-rtva-013-pere-vilanova	11	a veure;bé;clar;de fet;doncs;llavors;no?;o sigui;per tant;perquè;és a dir	semblança textual exploratòria; pendent d'audició
lead-rtva-009-isidre-bartumeu	lead-rtva-014-joan-burgues	11	a veure;bé;clar;de fet;doncs;llavors;no?;per tant;perquè;vull dir;és a dir	semblança textual exploratòria; pendent d'audició
lead-rtva-009-isidre-bartumeu	lead-rtva-015-isidre-baro	10	a nivell;bé;clar;doncs;evidentment;llavors;no?;o sigui;perquè;vull dir	semblança textual exploratòria; pendent d'audició
lead-rtva-009-isidre-bartumeu	lead-rtva-016-josep-areny	13	a nivell;a veure;bé;clar;de fet;doncs;evidentment;llavors;no?;o sigui;per tant;perquè;és a dir	semblança textual exploratòria; pendent d'audició
lead-rtva-009-isidre-bartumeu	lead-rtva-017-simo-duro	14	a nivell;a veure;bé;clar;de fet;doncs;evidentment;llavors;no?;o sigui;per tant;perquè;vull dir;és a dir	semblança textual exploratòria; pendent d'audició
lead-rtva-009-isidre-bartumeu	lead-rtva-018-ricard-fiter	11	a nivell;a veure;bé;clar;de fet;doncs;llavors;no?;per tant;perquè;és a dir	semblança textual exploratòria; pendent d'audició
lead-rtva-009-isidre-bartumeu	lead-rtva-019-lisa-cruz	10	a veure;bé;clar;de fet;doncs;llavors;no?;o sigui;per tant;perquè	semblança textual exploratòria; pendent d'audició
lead-rtva-009-isidre-bartumeu	lead-rtva-020-monica-bonell	11	a nivell;a veure;bé;clar;de fet;doncs;evidentment;llavors;no?;per tant;perquè	semblança textual exploratòria; pendent d'audició
lead-rtva-009-isidre-bartumeu	lead-rtva-021-bonaventura-riberaygua	14	a nivell;a veure;bé;clar;de fet;doncs;evidentment;llavors;no?;o sigui;per tant;perquè;vull dir;és a dir	semblança textual exploratòria; pendent d'audició
lead-rtva-009-isidre-bartumeu	lead-rtva-022-josep-marsal	12	a veure;bé;clar;de fet;doncs;evidentment;llavors;no?;o sigui;per tant;perquè;és a dir	semblança textual exploratòria; pendent d'audició
lead-rtva-009-isidre-bartumeu	lead-rtva-023-josep-maria-cases	11	a nivell;a veure;bé;clar;doncs;llavors;no?;o sigui;per tant;perquè;vull dir	semblança textual exploratòria; pendent d'audició
lead-rtva-009-isidre-bartumeu	lead-rtva-024-denisa-font	13	a nivell;a veure;bé;clar;de fet;doncs;llavors;no?;o sigui;per tant;perquè;vull dir;és a dir	semblança textual exploratòria; pendent d'audició
lead-rtva-009-isidre-bartumeu	lead-rtva-025-albert-gelabert	13	a nivell;a veure;bé;clar;de fet;doncs;evidentment;llavors;no?;o sigui;per tant;perquè;és a dir	semblança textual exploratòria; pendent d'audició
lead-rtva-009-isidre-bartumeu	lead-rtva-026-rosa-maria-mandico	12	a nivell;a veure;bé;clar;de fet;doncs;llavors;no?;per tant;perquè;vull dir;és a dir	semblança textual exploratòria; pendent d'audició
lead-rtva-009-isidre-bartumeu	lead-rtva-027-jordi-guillamet	13	a nivell;a veure;bé;clar;de fet;doncs;evidentment;llavors;no?;per tant;perquè;vull dir;és a dir	semblança textual exploratòria; pendent d'audició
lead-rtva-009-isidre-bartumeu	lead-rtva-028-pere-besoli	13	a veure;bé;clar;de fet;doncs;evidentment;llavors;no?;o sigui;per tant;perquè;vull dir;és a dir	semblança textual exploratòria; pendent d'audició
lead-rtva-009-isidre-bartumeu	lead-rtva-029-angelina-mas	11	a veure;bé;clar;de fet;doncs;llavors;no?;per tant;perquè;vull dir;és a dir	semblança textual exploratòria; pendent d'audició
lead-rtva-009-isidre-bartumeu	lead-rtva-030-casimir-arajol	8	a veure;bé;clar;doncs;llavors;no?;per tant;perquè	semblança textual exploratòria; pendent d'audició
lead-rtva-009-isidre-bartumeu	lead-rtva-031-ramon-rossell	13	a veure;bé;clar;de fet;doncs;evidentment;llavors;no?;o sigui;per tant;perquè;vull dir;és a dir	semblança textual exploratòria; pendent d'audició
lead-rtva-009-isidre-bartumeu	lead-rtva-032-anna-riberaygua	12	a veure;bé;clar;de fet;doncs;evidentment;llavors;no?;o sigui;per tant;perquè;vull dir	semblança textual exploratòria; pendent d'audició
lead-rtva-009-isidre-bartumeu	lead-rtva-059-carles-ensenyat	4	bé;doncs;evidentment;perquè	semblança textual exploratòria; pendent d'audició
lead-rtva-009-isidre-bartumeu	lead-rtva-060-xavier-espot-actual	1	per tant	semblança textual exploratòria; pendent d'audició
lead-rtva-009-isidre-bartumeu	lead-rtva-061-antoni-morell	1	perquè	semblança textual exploratòria; pendent d'audició
lead-rtva-009-isidre-bartumeu	lead-yt-033-david-montane	3	clar;doncs;és a dir	semblança textual exploratòria; pendent d'audició
lead-rtva-009-isidre-bartumeu	lead-yt-034-antoni-marti	7	a nivell;a veure;bé;evidentment;per tant;perquè;és a dir	semblança textual exploratòria; pendent d'audició
lead-rtva-009-isidre-bartumeu	lead-yt-035-cerni-escale	10	a nivell;bé;de fet;doncs;evidentment;llavors;no?;per tant;perquè;és a dir	semblança textual exploratòria; pendent d'audició
lead-rtva-009-isidre-bartumeu	lead-yt-036-xavier-espot	10	a veure;bé;clar;de fet;doncs;evidentment;o sigui;per tant;perquè;és a dir	semblança textual exploratòria; pendent d'audició
lead-rtva-009-isidre-bartumeu	lead-yt-037-oscar-ribas	8	a veure;bé;doncs;evidentment;llavors;o sigui;per tant;perquè	semblança textual exploratòria; pendent d'audició
lead-rtva-009-isidre-bartumeu	lead-yt-038-conxita-marsol	5	bé;doncs;no?;per tant;perquè	semblança textual exploratòria; pendent d'audició
lead-rtva-009-isidre-bartumeu	lead-yt-039-marta-roure	11	a nivell;a veure;bé;clar;de fet;doncs;llavors;no?;o sigui;per tant;perquè	semblança textual exploratòria; pendent d'audició
lead-rtva-009-isidre-bartumeu	lead-yt-040-guillem-forne	11	a nivell;a veure;bé;clar;de fet;doncs;no?;o sigui;perquè;vull dir;és a dir	semblança textual exploratòria; pendent d'audició
lead-rtva-009-isidre-bartumeu	lead-yt-041-guillem-areny	2	bé;perquè	semblança textual exploratòria; pendent d'audició
lead-rtva-009-isidre-bartumeu	lead-yt-042-andreu-gonzalez	12	a nivell;a veure;bé;clar;de fet;doncs;evidentment;llavors;no?;o sigui;per tant;perquè	semblança textual exploratòria; pendent d'audició
lead-rtva-009-isidre-bartumeu	lead-yt-043-oriol-agorreta	11	a veure;bé;clar;de fet;doncs;evidentment;llavors;no?;per tant;perquè;és a dir	semblança textual exploratòria; pendent d'audició
lead-rtva-009-isidre-bartumeu	lead-yt-044-laura-casanovas	10	a veure;bé;clar;de fet;doncs;llavors;no?;per tant;perquè;és a dir	semblança textual exploratòria; pendent d'audició
lead-rtva-009-isidre-bartumeu	lead-yt-045-arnau-rius	11	a nivell;a veure;bé;clar;de fet;doncs;llavors;no?;per tant;perquè;vull dir	semblança textual exploratòria; pendent d'audició
lead-rtva-009-isidre-bartumeu	lead-yt-046-alberto-villagrasa	9	a veure;bé;clar;doncs;evidentment;no?;o sigui;perquè;és a dir	semblança textual exploratòria; pendent d'audició
lead-rtva-009-isidre-bartumeu	lead-yt-047-katia-ustina	5	bé;doncs;no?;o sigui;perquè	semblança textual exploratòria; pendent d'audició
lead-rtva-009-isidre-bartumeu	lead-yt-048-ander-mirambell	9	a nivell;a veure;bé;clar;doncs;no?;per tant;perquè;és a dir	semblança textual exploratòria; pendent d'audició
lead-rtva-009-isidre-bartumeu	lead-yt-049-joan-piquet	14	a nivell;a veure;bé;clar;de fet;doncs;evidentment;llavors;no?;o sigui;per tant;perquè;vull dir;és a dir	semblança textual exploratòria; pendent d'audició
lead-rtva-009-isidre-bartumeu	lead-yt-050-pau-chica	12	a nivell;a veure;bé;clar;doncs;evidentment;llavors;no?;per tant;perquè;vull dir;és a dir	semblança textual exploratòria; pendent d'audició
lead-rtva-009-isidre-bartumeu	lead-yt-051-albert-vilaro	9	a veure;bé;clar;doncs;no?;per tant;perquè;vull dir;és a dir	semblança textual exploratòria; pendent d'audició
lead-rtva-009-isidre-bartumeu	lead-yt-052-valenti-closa	12	a nivell;a veure;bé;clar;de fet;doncs;llavors;no?;o sigui;per tant;perquè;vull dir	semblança textual exploratòria; pendent d'audició
lead-rtva-009-isidre-bartumeu	lead-yt-053-sonia-andorrita	10	a veure;bé;clar;de fet;doncs;llavors;no?;per tant;perquè;és a dir	semblança textual exploratòria; pendent d'audició
lead-rtva-009-isidre-bartumeu	lead-yt-054-francesc-solana	11	a veure;bé;clar;doncs;evidentment;llavors;no?;o sigui;per tant;perquè;vull dir	semblança textual exploratòria; pendent d'audició
lead-rtva-009-isidre-bartumeu	lead-yt-055-enric-flix	11	a veure;bé;clar;doncs;evidentment;llavors;no?;per tant;perquè;vull dir;és a dir	semblança textual exploratòria; pendent d'audició
lead-rtva-009-isidre-bartumeu	lead-yt-056-arnau-fortuny	13	a veure;bé;clar;de fet;doncs;evidentment;llavors;no?;o sigui;per tant;perquè;vull dir;és a dir	semblança textual exploratòria; pendent d'audició
lead-rtva-009-isidre-bartumeu	lead-yt-057-gabriel-lezkano	9	bé;clar;doncs;evidentment;no?;o sigui;per tant;perquè;és a dir	semblança textual exploratòria; pendent d'audició
lead-rtva-009-isidre-bartumeu	lead-yt-058-nuria-pablos	12	a veure;bé;clar;de fet;doncs;llavors;no?;o sigui;per tant;perquè;vull dir;és a dir	semblança textual exploratòria; pendent d'audició
lead-rtva-010-lurdes-riba	lead-rtva-011-josep-dalleres	15	a nivell;a veure;bueno;bé;clar;comú;de fet;diguem;doncs;evidentment;llavors;no?;o sigui;per tant;perquè	semblança textual exploratòria; pendent d'audició
lead-rtva-010-lurdes-riba	lead-rtva-012-marc-forne	15	Andorra;Ordino;a veure;bueno;bé;clar;comunals;de fet;doncs;evidentment;llavors;no?;per tant;perquè;vull dir	semblança textual exploratòria; pendent d'audició
lead-rtva-010-lurdes-riba	lead-rtva-013-pere-vilanova	13	Andorra;a veure;bueno;bé;clar;de fet;doncs;llavors;no?;o sigui;parròquia;per tant;perquè	semblança textual exploratòria; pendent d'audició
lead-rtva-010-lurdes-riba	lead-rtva-014-joan-burgues	13	Andorra;a veure;bueno;bé;clar;de fet;diguem;doncs;llavors;no?;per tant;perquè;vull dir	semblança textual exploratòria; pendent d'audició
lead-rtva-010-lurdes-riba	lead-rtva-015-isidre-baro	15	Andorra;Ordino;a nivell;bueno;bé;clar;comú;diguem;doncs;evidentment;llavors;no?;o sigui;perquè;vull dir	semblança textual exploratòria; pendent d'audició
lead-rtva-010-lurdes-riba	lead-rtva-016-josep-areny	18	Andorra;a nivell;a veure;bueno;bé;clar;comú;conseller general;de fet;diguem;doncs;evidentment;llavors;no?;o sigui;parròquia;per tant;perquè	semblança textual exploratòria; pendent d'audició
lead-rtva-010-lurdes-riba	lead-rtva-017-simo-duro	21	Andorra;Ordino;Sant Julià;a nivell;a veure;bueno;bé;clar;conseller general;de fet;diguem;doncs;evidentment;gent gran;llavors;no?;o sigui;parròquia;per tant;perquè;vull dir	semblança textual exploratòria; pendent d'audició
lead-rtva-010-lurdes-riba	lead-rtva-018-ricard-fiter	15	Andorra;Sant Julià;a nivell;a veure;bueno;bé;clar;comú;de fet;diguem;doncs;llavors;no?;per tant;perquè	semblança textual exploratòria; pendent d'audició
lead-rtva-010-lurdes-riba	lead-rtva-019-lisa-cruz	13	Andorra;a veure;bueno;bé;clar;comú;de fet;doncs;llavors;no?;o sigui;per tant;perquè	semblança textual exploratòria; pendent d'audició
lead-rtva-010-lurdes-riba	lead-rtva-020-monica-bonell	17	Andorra;Ordino;a nivell;a veure;bueno;bé;clar;comú;de fet;diguem;doncs;evidentment;llavors;no?;parròquia;per tant;perquè	semblança textual exploratòria; pendent d'audició
lead-rtva-010-lurdes-riba	lead-rtva-021-bonaventura-riberaygua	16	Andorra;a nivell;a veure;bueno;bé;clar;de fet;diguem;doncs;evidentment;llavors;no?;o sigui;per tant;perquè;vull dir	semblança textual exploratòria; pendent d'audició
lead-rtva-010-lurdes-riba	lead-rtva-022-josep-marsal	15	Andorra;a veure;bueno;bé;clar;comú;de fet;diguem;doncs;evidentment;llavors;no?;o sigui;per tant;perquè	semblança textual exploratòria; pendent d'audició
lead-rtva-010-lurdes-riba	lead-rtva-023-josep-maria-cases	16	Andorra;Ordino;a nivell;a veure;bueno;bé;clar;comú;diguem;doncs;llavors;no?;o sigui;per tant;perquè;vull dir	semblança textual exploratòria; pendent d'audició
lead-rtva-010-lurdes-riba	lead-rtva-024-denisa-font	16	Andorra;a nivell;a veure;bueno;bé;clar;comunals;comú;de fet;doncs;llavors;no?;o sigui;per tant;perquè;vull dir	semblança textual exploratòria; pendent d'audició
lead-rtva-010-lurdes-riba	lead-rtva-025-albert-gelabert	18	Andorra;a nivell;a veure;bueno;bé;clar;comunals;comú;de fet;diguem;doncs;evidentment;llavors;no?;o sigui;parròquia;per tant;perquè	semblança textual exploratòria; pendent d'audició
lead-rtva-010-lurdes-riba	lead-rtva-026-rosa-maria-mandico	17	Andorra;Sant Julià;a nivell;a veure;bueno;bé;clar;comú;de fet;diguem;doncs;llavors;no?;parròquia;per tant;perquè;vull dir	semblança textual exploratòria; pendent d'audició
lead-rtva-010-lurdes-riba	lead-rtva-027-jordi-guillamet	14	Andorra;a nivell;a veure;bueno;bé;clar;de fet;doncs;evidentment;llavors;no?;per tant;perquè;vull dir	semblança textual exploratòria; pendent d'audició
lead-rtva-010-lurdes-riba	lead-rtva-028-pere-besoli	16	Andorra;a veure;bueno;bé;clar;comú;de fet;diguem;doncs;evidentment;llavors;no?;o sigui;per tant;perquè;vull dir	semblança textual exploratòria; pendent d'audició
lead-rtva-010-lurdes-riba	lead-rtva-029-angelina-mas	13	Andorra;a veure;bueno;bé;clar;comú;de fet;doncs;llavors;no?;per tant;perquè;vull dir	semblança textual exploratòria; pendent d'audició
lead-rtva-010-lurdes-riba	lead-rtva-030-casimir-arajol	11	Andorra;a veure;bueno;bé;clar;diguem;doncs;llavors;no?;per tant;perquè	semblança textual exploratòria; pendent d'audició
lead-rtva-010-lurdes-riba	lead-rtva-031-ramon-rossell	16	Sant Julià;a veure;bueno;bé;clar;de fet;diguem;doncs;evidentment;llavors;no?;o sigui;parròquia;per tant;perquè;vull dir	semblança textual exploratòria; pendent d'audició
lead-rtva-010-lurdes-riba	lead-rtva-032-anna-riberaygua	15	Andorra;a veure;bueno;bé;clar;comú;de fet;doncs;evidentment;llavors;no?;o sigui;per tant;perquè;vull dir	semblança textual exploratòria; pendent d'audició
lead-rtva-010-lurdes-riba	lead-rtva-059-carles-ensenyat	4	bé;doncs;evidentment;perquè	semblança textual exploratòria; pendent d'audició
lead-rtva-010-lurdes-riba	lead-rtva-060-xavier-espot-actual	1	per tant	semblança textual exploratòria; pendent d'audició
lead-rtva-010-lurdes-riba	lead-rtva-061-antoni-morell	1	perquè	semblança textual exploratòria; pendent d'audició
lead-rtva-010-lurdes-riba	lead-yt-033-david-montane	2	clar;doncs	semblança textual exploratòria; pendent d'audició
lead-rtva-010-lurdes-riba	lead-yt-034-antoni-marti	7	Andorra;a nivell;a veure;bé;evidentment;per tant;perquè	semblança textual exploratòria; pendent d'audició
lead-rtva-010-lurdes-riba	lead-yt-035-cerni-escale	12	a nivell;bueno;bé;comunals;comú;de fet;doncs;evidentment;llavors;no?;per tant;perquè	semblança textual exploratòria; pendent d'audició
lead-rtva-010-lurdes-riba	lead-yt-036-xavier-espot	15	Andorra;Ordino;Sant Julià;a veure;bé;clar;comú;de fet;diguem;doncs;evidentment;o sigui;parròquia;per tant;perquè	semblança textual exploratòria; pendent d'audició
lead-rtva-010-lurdes-riba	lead-yt-037-oscar-ribas	11	Andorra;a veure;bueno;bé;comú;doncs;evidentment;llavors;o sigui;per tant;perquè	semblança textual exploratòria; pendent d'audició
lead-rtva-010-lurdes-riba	lead-yt-038-conxita-marsol	7	Andorra;bueno;bé;doncs;no?;per tant;perquè	semblança textual exploratòria; pendent d'audició
lead-rtva-010-lurdes-riba	lead-yt-039-marta-roure	13	Andorra;a nivell;a veure;bueno;bé;clar;de fet;doncs;llavors;no?;o sigui;per tant;perquè	semblança textual exploratòria; pendent d'audició
lead-rtva-010-lurdes-riba	lead-yt-040-guillem-forne	16	Andorra;Ordino;Sant Julià;a nivell;a veure;bueno;bé;clar;de fet;diguem;doncs;no?;o sigui;parròquia;perquè;vull dir	semblança textual exploratòria; pendent d'audició
lead-rtva-010-lurdes-riba	lead-yt-041-guillem-areny	3	bueno;bé;perquè	semblança textual exploratòria; pendent d'audició
lead-rtva-010-lurdes-riba	lead-yt-042-andreu-gonzalez	14	Andorra;a nivell;a veure;bueno;bé;clar;de fet;doncs;evidentment;llavors;no?;o sigui;per tant;perquè	semblança textual exploratòria; pendent d'audició
lead-rtva-010-lurdes-riba	lead-yt-043-oriol-agorreta	11	a veure;bueno;bé;clar;de fet;doncs;evidentment;llavors;no?;per tant;perquè	semblança textual exploratòria; pendent d'audició
lead-rtva-010-lurdes-riba	lead-yt-044-laura-casanovas	11	Andorra;a veure;bueno;bé;clar;de fet;doncs;llavors;no?;per tant;perquè	semblança textual exploratòria; pendent d'audició
lead-rtva-010-lurdes-riba	lead-yt-045-arnau-rius	12	a nivell;a veure;bueno;bé;clar;de fet;doncs;llavors;no?;per tant;perquè;vull dir	semblança textual exploratòria; pendent d'audició
lead-rtva-010-lurdes-riba	lead-yt-046-alberto-villagrasa	10	a veure;bueno;bé;clar;comú;doncs;evidentment;no?;o sigui;perquè	semblança textual exploratòria; pendent d'audició
lead-rtva-010-lurdes-riba	lead-yt-047-katia-ustina	7	Andorra;bueno;bé;doncs;no?;o sigui;perquè	semblança textual exploratòria; pendent d'audició
lead-rtva-010-lurdes-riba	lead-yt-048-ander-mirambell	11	Andorra;a nivell;a veure;bueno;bé;clar;comú;doncs;no?;per tant;perquè	semblança textual exploratòria; pendent d'audició
lead-rtva-010-lurdes-riba	lead-yt-049-joan-piquet	15	a nivell;a veure;bueno;bé;clar;de fet;diguem;doncs;evidentment;llavors;no?;o sigui;per tant;perquè;vull dir	semblança textual exploratòria; pendent d'audició
lead-rtva-010-lurdes-riba	lead-yt-050-pau-chica	14	Andorra;a nivell;a veure;bueno;bé;clar;doncs;evidentment;llavors;no?;parròquia;per tant;perquè;vull dir	semblança textual exploratòria; pendent d'audició
lead-rtva-010-lurdes-riba	lead-yt-051-albert-vilaro	11	Andorra;a veure;bueno;bé;clar;diguem;doncs;no?;per tant;perquè;vull dir	semblança textual exploratòria; pendent d'audició
lead-rtva-010-lurdes-riba	lead-yt-052-valenti-closa	15	a nivell;a veure;bueno;bé;clar;comú;de fet;doncs;llavors;no?;o sigui;parròquia;per tant;perquè;vull dir	semblança textual exploratòria; pendent d'audició
lead-rtva-010-lurdes-riba	lead-yt-053-sonia-andorrita	12	Andorra;a veure;bueno;bé;clar;comú;de fet;doncs;llavors;no?;per tant;perquè	semblança textual exploratòria; pendent d'audició
lead-rtva-010-lurdes-riba	lead-yt-054-francesc-solana	14	Andorra;a veure;bueno;bé;clar;diguem;doncs;evidentment;llavors;no?;o sigui;per tant;perquè;vull dir	semblança textual exploratòria; pendent d'audició
lead-rtva-010-lurdes-riba	lead-yt-055-enric-flix	13	Andorra;Ordino;a veure;bueno;bé;clar;doncs;evidentment;llavors;no?;per tant;perquè;vull dir	semblança textual exploratòria; pendent d'audició
lead-rtva-010-lurdes-riba	lead-yt-056-arnau-fortuny	15	Andorra;a veure;bueno;bé;clar;de fet;diguem;doncs;evidentment;llavors;no?;o sigui;per tant;perquè;vull dir	semblança textual exploratòria; pendent d'audició
lead-rtva-010-lurdes-riba	lead-yt-057-gabriel-lezkano	9	bueno;bé;clar;doncs;evidentment;no?;o sigui;per tant;perquè	semblança textual exploratòria; pendent d'audició
lead-rtva-010-lurdes-riba	lead-yt-058-nuria-pablos	13	Andorra;a veure;bueno;bé;clar;de fet;doncs;llavors;no?;o sigui;per tant;perquè;vull dir	semblança textual exploratòria; pendent d'audició
lead-rtva-011-josep-dalleres	lead-rtva-012-marc-forne	16	Consell General;Constitució;a veure;bueno;bé;català;clar;conseller;de fet;doncs;evidentment;francès;llavors;no?;per tant;perquè	semblança textual exploratòria; pendent d'audició
lead-rtva-011-josep-dalleres	lead-rtva-013-pere-vilanova	16	Consell General;Constitució;a veure;bueno;bé;castellà;català;clar;de fet;doncs;francès;llavors;no?;o sigui;per tant;perquè	semblança textual exploratòria; pendent d'audició
lead-rtva-011-josep-dalleres	lead-rtva-014-joan-burgues	14	a veure;bueno;bé;castellà;català;clar;de fet;diguem;doncs;francès;llavors;no?;per tant;perquè	semblança textual exploratòria; pendent d'audició
lead-rtva-011-josep-dalleres	lead-rtva-015-isidre-baro	12	a nivell;bueno;bé;clar;comú;diguem;doncs;evidentment;llavors;no?;o sigui;perquè	semblança textual exploratòria; pendent d'audició
lead-rtva-011-josep-dalleres	lead-rtva-016-josep-areny	17	Constitució;a nivell;a veure;bueno;bé;clar;comú;de fet;diguem;doncs;evidentment;francès;llavors;no?;o sigui;per tant;perquè	semblança textual exploratòria; pendent d'audició
lead-rtva-011-josep-dalleres	lead-rtva-017-simo-duro	18	Consell General;Constitució;a nivell;a veure;andorrana;bueno;bé;clar;conseller;de fet;diguem;doncs;evidentment;llavors;no?;o sigui;per tant;perquè	semblança textual exploratòria; pendent d'audició
lead-rtva-011-josep-dalleres	lead-rtva-018-ricard-fiter	18	Consell General;Constitució;a nivell;a veure;andorrana;bueno;bé;català;clar;comú;de fet;diguem;doncs;francès;llavors;no?;per tant;perquè	semblança textual exploratòria; pendent d'audició
lead-rtva-011-josep-dalleres	lead-rtva-019-lisa-cruz	12	a veure;bueno;bé;clar;comú;de fet;doncs;llavors;no?;o sigui;per tant;perquè	semblança textual exploratòria; pendent d'audició
lead-rtva-011-josep-dalleres	lead-rtva-020-monica-bonell	14	a nivell;a veure;bueno;bé;clar;comú;de fet;diguem;doncs;evidentment;llavors;no?;per tant;perquè	semblança textual exploratòria; pendent d'audició
lead-rtva-011-josep-dalleres	lead-rtva-021-bonaventura-riberaygua	17	a nivell;a veure;bueno;bé;català;clar;conseller;de fet;diguem;doncs;evidentment;francès;llavors;no?;o sigui;per tant;perquè	semblança textual exploratòria; pendent d'audició
lead-rtva-011-josep-dalleres	lead-rtva-022-josep-marsal	17	Constitució;a veure;bueno;bé;clar;comú;conseller;de fet;diguem;doncs;evidentment;francès;llavors;no?;o sigui;per tant;perquè	semblança textual exploratòria; pendent d'audició
lead-rtva-011-josep-dalleres	lead-rtva-023-josep-maria-cases	13	a nivell;a veure;bueno;bé;clar;comú;diguem;doncs;llavors;no?;o sigui;per tant;perquè	semblança textual exploratòria; pendent d'audició
lead-rtva-011-josep-dalleres	lead-rtva-024-denisa-font	14	a nivell;a veure;bueno;bé;català;clar;comú;de fet;doncs;llavors;no?;o sigui;per tant;perquè	semblança textual exploratòria; pendent d'audició
lead-rtva-011-josep-dalleres	lead-rtva-025-albert-gelabert	18	a nivell;a veure;andorrana;bueno;bé;català;clar;comú;conseller;de fet;diguem;doncs;evidentment;llavors;no?;o sigui;per tant;perquè	semblança textual exploratòria; pendent d'audició
lead-rtva-011-josep-dalleres	lead-rtva-026-rosa-maria-mandico	14	a nivell;a veure;bueno;bé;clar;comú;conseller;de fet;diguem;doncs;llavors;no?;per tant;perquè	semblança textual exploratòria; pendent d'audició
lead-rtva-011-josep-dalleres	lead-rtva-027-jordi-guillamet	14	a nivell;a veure;bueno;bé;català;clar;de fet;doncs;evidentment;francès;llavors;no?;per tant;perquè	semblança textual exploratòria; pendent d'audició
lead-rtva-011-josep-dalleres	lead-rtva-028-pere-besoli	17	a veure;bueno;bé;castellà;català;clar;comú;de fet;diguem;doncs;evidentment;francès;llavors;no?;o sigui;per tant;perquè	semblança textual exploratòria; pendent d'audició
lead-rtva-011-josep-dalleres	lead-rtva-029-angelina-mas	12	a veure;bueno;bé;clar;comú;de fet;doncs;francès;llavors;no?;per tant;perquè	semblança textual exploratòria; pendent d'audició
lead-rtva-011-josep-dalleres	lead-rtva-030-casimir-arajol	11	a veure;bueno;bé;clar;conseller;diguem;doncs;llavors;no?;per tant;perquè	semblança textual exploratòria; pendent d'audició
lead-rtva-011-josep-dalleres	lead-rtva-031-ramon-rossell	15	a veure;bueno;bé;català;clar;conseller;de fet;diguem;doncs;evidentment;llavors;no?;o sigui;per tant;perquè	semblança textual exploratòria; pendent d'audició
lead-rtva-011-josep-dalleres	lead-rtva-032-anna-riberaygua	15	a veure;andorrana;bueno;bé;clar;comú;de fet;doncs;evidentment;francès;llavors;no?;o sigui;per tant;perquè	semblança textual exploratòria; pendent d'audició
lead-rtva-011-josep-dalleres	lead-rtva-059-carles-ensenyat	5	Consell General;bé;doncs;evidentment;perquè	semblança textual exploratòria; pendent d'audició
lead-rtva-011-josep-dalleres	lead-rtva-060-xavier-espot-actual	1	per tant	semblança textual exploratòria; pendent d'audició
lead-rtva-011-josep-dalleres	lead-rtva-061-antoni-morell	1	perquè	semblança textual exploratòria; pendent d'audició
lead-rtva-011-josep-dalleres	lead-yt-033-david-montane	2	clar;doncs	semblança textual exploratòria; pendent d'audició
lead-rtva-011-josep-dalleres	lead-yt-034-antoni-marti	7	a nivell;a veure;bé;català;evidentment;per tant;perquè	semblança textual exploratòria; pendent d'audició
lead-rtva-011-josep-dalleres	lead-yt-035-cerni-escale	13	Consell General;a nivell;bueno;bé;català;comú;de fet;doncs;evidentment;llavors;no?;per tant;perquè	semblança textual exploratòria; pendent d'audició
lead-rtva-011-josep-dalleres	lead-yt-036-xavier-espot	11	a veure;bé;clar;comú;de fet;diguem;doncs;evidentment;o sigui;per tant;perquè	semblança textual exploratòria; pendent d'audició
lead-rtva-011-josep-dalleres	lead-yt-037-oscar-ribas	10	a veure;bueno;bé;comú;doncs;evidentment;llavors;o sigui;per tant;perquè	semblança textual exploratòria; pendent d'audició
lead-rtva-011-josep-dalleres	lead-yt-038-conxita-marsol	6	bueno;bé;doncs;no?;per tant;perquè	semblança textual exploratòria; pendent d'audició
lead-rtva-011-josep-dalleres	lead-yt-039-marta-roure	14	a nivell;a veure;bueno;bé;català;clar;de fet;doncs;llavors;llengua;no?;o sigui;per tant;perquè	semblança textual exploratòria; pendent d'audició
lead-rtva-011-josep-dalleres	lead-yt-040-guillem-forne	12	a nivell;a veure;bueno;bé;clar;conseller;de fet;diguem;doncs;no?;o sigui;perquè	semblança textual exploratòria; pendent d'audició
lead-rtva-011-josep-dalleres	lead-yt-041-guillem-areny	3	bueno;bé;perquè	semblança textual exploratòria; pendent d'audició
lead-rtva-011-josep-dalleres	lead-yt-042-andreu-gonzalez	13	a nivell;a veure;bueno;bé;clar;de fet;doncs;evidentment;llavors;no?;o sigui;per tant;perquè	semblança textual exploratòria; pendent d'audició
lead-rtva-011-josep-dalleres	lead-yt-043-oriol-agorreta	11	a veure;bueno;bé;clar;de fet;doncs;evidentment;llavors;no?;per tant;perquè	semblança textual exploratòria; pendent d'audició
lead-rtva-011-josep-dalleres	lead-yt-044-laura-casanovas	12	a veure;bueno;bé;català;clar;de fet;doncs;llavors;no?;novel·la;per tant;perquè	semblança textual exploratòria; pendent d'audició
lead-rtva-011-josep-dalleres	lead-yt-045-arnau-rius	11	a nivell;a veure;bueno;bé;clar;de fet;doncs;llavors;no?;per tant;perquè	semblança textual exploratòria; pendent d'audició
lead-rtva-011-josep-dalleres	lead-yt-046-alberto-villagrasa	10	a veure;bueno;bé;clar;comú;doncs;evidentment;no?;o sigui;perquè	semblança textual exploratòria; pendent d'audició
lead-rtva-011-josep-dalleres	lead-yt-047-katia-ustina	6	bueno;bé;doncs;no?;o sigui;perquè	semblança textual exploratòria; pendent d'audició
lead-rtva-011-josep-dalleres	lead-yt-048-ander-mirambell	10	a nivell;a veure;bueno;bé;clar;comú;doncs;no?;per tant;perquè	semblança textual exploratòria; pendent d'audició
lead-rtva-011-josep-dalleres	lead-yt-049-joan-piquet	14	a nivell;a veure;bueno;bé;clar;de fet;diguem;doncs;evidentment;llavors;no?;o sigui;per tant;perquè	semblança textual exploratòria; pendent d'audició
lead-rtva-011-josep-dalleres	lead-yt-050-pau-chica	13	a nivell;a veure;bueno;bé;català;clar;doncs;evidentment;francès;llavors;no?;per tant;perquè	semblança textual exploratòria; pendent d'audició
lead-rtva-011-josep-dalleres	lead-yt-051-albert-vilaro	9	a veure;bueno;bé;clar;diguem;doncs;no?;per tant;perquè	semblança textual exploratòria; pendent d'audició
lead-rtva-011-josep-dalleres	lead-yt-052-valenti-closa	13	a nivell;a veure;bueno;bé;clar;comú;de fet;doncs;llavors;no?;o sigui;per tant;perquè	semblança textual exploratòria; pendent d'audició
lead-rtva-011-josep-dalleres	lead-yt-053-sonia-andorrita	11	a veure;bueno;bé;clar;comú;de fet;doncs;llavors;no?;per tant;perquè	semblança textual exploratòria; pendent d'audició
lead-rtva-011-josep-dalleres	lead-yt-054-francesc-solana	12	a veure;bueno;bé;clar;diguem;doncs;evidentment;llavors;no?;o sigui;per tant;perquè	semblança textual exploratòria; pendent d'audició
lead-rtva-011-josep-dalleres	lead-yt-055-enric-flix	10	a veure;bueno;bé;clar;doncs;evidentment;llavors;no?;per tant;perquè	semblança textual exploratòria; pendent d'audició
lead-rtva-011-josep-dalleres	lead-yt-056-arnau-fortuny	13	a veure;bueno;bé;clar;de fet;diguem;doncs;evidentment;llavors;no?;o sigui;per tant;perquè	semblança textual exploratòria; pendent d'audició
lead-rtva-011-josep-dalleres	lead-yt-057-gabriel-lezkano	9	bueno;bé;clar;doncs;evidentment;no?;o sigui;per tant;perquè	semblança textual exploratòria; pendent d'audició
lead-rtva-011-josep-dalleres	lead-yt-058-nuria-pablos	11	a veure;bueno;bé;clar;de fet;doncs;llavors;no?;o sigui;per tant;perquè	semblança textual exploratòria; pendent d'audició
lead-rtva-012-marc-forne	lead-rtva-013-pere-vilanova	15	Andorra;Consell General;Constitució;a veure;bueno;bé;català;clar;de fet;doncs;francès;llavors;no?;per tant;perquè	semblança textual exploratòria; pendent d'audició
lead-rtva-012-marc-forne	lead-rtva-014-joan-burgues	14	Andorra;a veure;bueno;bé;català;clar;de fet;doncs;francès;llavors;no?;per tant;perquè;vull dir	semblança textual exploratòria; pendent d'audició
lead-rtva-012-marc-forne	lead-rtva-015-isidre-baro	12	Andorra;Ordino;bueno;bé;clar;comuns;doncs;evidentment;llavors;no?;perquè;vull dir	semblança textual exploratòria; pendent d'audició
lead-rtva-012-marc-forne	lead-rtva-016-josep-areny	16	Andorra;Constitució;Escaldes;a veure;bueno;bé;clar;de fet;doncs;evidentment;francès;llavors;no?;padrí;per tant;perquè	semblança textual exploratòria; pendent d'audició
lead-rtva-012-marc-forne	lead-rtva-017-simo-duro	17	Andorra;Consell General;Constitució;Ordino;a veure;bueno;bé;clar;conseller;de fet;doncs;evidentment;llavors;no?;per tant;perquè;vull dir	semblança textual exploratòria; pendent d'audició
lead-rtva-012-marc-forne	lead-rtva-018-ricard-fiter	15	Andorra;Consell General;Constitució;a veure;bueno;bé;català;clar;de fet;doncs;francès;llavors;no?;per tant;perquè	semblança textual exploratòria; pendent d'audició
lead-rtva-012-marc-forne	lead-rtva-019-lisa-cruz	12	Andorra;a veure;bueno;bé;clar;comuns;de fet;doncs;llavors;no?;per tant;perquè	semblança textual exploratòria; pendent d'audició
lead-rtva-012-marc-forne	lead-rtva-020-monica-bonell	14	Andorra;Ordino;a veure;bueno;bé;clar;comuns;de fet;doncs;evidentment;llavors;no?;per tant;perquè	semblança textual exploratòria; pendent d'audició
lead-rtva-012-marc-forne	lead-rtva-021-bonaventura-riberaygua	18	Andorra;Escaldes;a veure;bueno;bé;català;clar;conseller;de fet;doncs;evidentment;francès;llavors;ministre;no?;per tant;perquè;vull dir	semblança textual exploratòria; pendent d'audició
lead-rtva-012-marc-forne	lead-rtva-022-josep-marsal	17	Andorra;Constitució;a veure;bueno;bé;clar;comuns;conseller;de fet;doncs;evidentment;francès;llavors;no?;padrí;per tant;perquè	semblança textual exploratòria; pendent d'audició
lead-rtva-012-marc-forne	lead-rtva-023-josep-maria-cases	12	Andorra;Ordino;a veure;bueno;bé;clar;doncs;llavors;no?;per tant;perquè;vull dir	semblança textual exploratòria; pendent d'audició
lead-rtva-012-marc-forne	lead-rtva-024-denisa-font	14	Andorra;a veure;bueno;bé;català;clar;comunals;de fet;doncs;llavors;no?;per tant;perquè;vull dir	semblança textual exploratòria; pendent d'audició
lead-rtva-012-marc-forne	lead-rtva-025-albert-gelabert	18	Andorra;Escaldes;Massana;a veure;bueno;bé;català;clar;comunals;comuns;conseller;de fet;doncs;evidentment;llavors;no?;per tant;perquè	semblança textual exploratòria; pendent d'audició
lead-rtva-012-marc-forne	lead-rtva-026-rosa-maria-mandico	13	Andorra;a veure;bueno;bé;clar;conseller;de fet;doncs;llavors;no?;per tant;perquè;vull dir	semblança textual exploratòria; pendent d'audició
lead-rtva-012-marc-forne	lead-rtva-027-jordi-guillamet	15	Andorra;a veure;bueno;bé;català;clar;de fet;doncs;evidentment;francès;llavors;no?;per tant;perquè;vull dir	semblança textual exploratòria; pendent d'audició
lead-rtva-012-marc-forne	lead-rtva-028-pere-besoli	16	Andorra;Escaldes;a veure;bueno;bé;català;clar;de fet;doncs;evidentment;francès;llavors;no?;per tant;perquè;vull dir	semblança textual exploratòria; pendent d'audició
lead-rtva-012-marc-forne	lead-rtva-029-angelina-mas	14	Andorra;Escaldes;a veure;bueno;bé;clar;de fet;doncs;francès;llavors;no?;per tant;perquè;vull dir	semblança textual exploratòria; pendent d'audició
lead-rtva-012-marc-forne	lead-rtva-030-casimir-arajol	11	Andorra;a veure;bueno;bé;clar;conseller;doncs;llavors;no?;per tant;perquè	semblança textual exploratòria; pendent d'audició
lead-rtva-012-marc-forne	lead-rtva-031-ramon-rossell	15	Escaldes;a veure;bueno;bé;català;clar;conseller;de fet;doncs;evidentment;llavors;no?;per tant;perquè;vull dir	semblança textual exploratòria; pendent d'audició
lead-rtva-012-marc-forne	lead-rtva-032-anna-riberaygua	14	Andorra;a veure;bueno;bé;clar;de fet;doncs;evidentment;francès;llavors;no?;per tant;perquè;vull dir	semblança textual exploratòria; pendent d'audició
lead-rtva-012-marc-forne	lead-rtva-059-carles-ensenyat	7	Consell General;Escaldes;bé;comuns;doncs;evidentment;perquè	semblança textual exploratòria; pendent d'audició
lead-rtva-012-marc-forne	lead-rtva-060-xavier-espot-actual	1	per tant	semblança textual exploratòria; pendent d'audició
lead-rtva-012-marc-forne	lead-rtva-061-antoni-morell	1	perquè	semblança textual exploratòria; pendent d'audició
lead-rtva-012-marc-forne	lead-yt-033-david-montane	3	clar;comuns;doncs	semblança textual exploratòria; pendent d'audició
lead-rtva-012-marc-forne	lead-yt-034-antoni-marti	7	Andorra;a veure;bé;català;evidentment;per tant;perquè	semblança textual exploratòria; pendent d'audició
lead-rtva-012-marc-forne	lead-yt-035-cerni-escale	12	Consell General;bueno;bé;català;comunals;de fet;doncs;evidentment;llavors;no?;per tant;perquè	semblança textual exploratòria; pendent d'audició
lead-rtva-012-marc-forne	lead-yt-036-xavier-espot	11	Andorra;Ordino;a veure;bé;clar;comuns;de fet;doncs;evidentment;per tant;perquè	semblança textual exploratòria; pendent d'audició
lead-rtva-012-marc-forne	lead-yt-037-oscar-ribas	9	Andorra;a veure;bueno;bé;doncs;evidentment;llavors;per tant;perquè	semblança textual exploratòria; pendent d'audició
lead-rtva-012-marc-forne	lead-yt-038-conxita-marsol	7	Andorra;bueno;bé;doncs;no?;per tant;perquè	semblança textual exploratòria; pendent d'audició
lead-rtva-012-marc-forne	lead-yt-039-marta-roure	12	Andorra;a veure;bueno;bé;català;clar;de fet;doncs;llavors;no?;per tant;perquè	semblança textual exploratòria; pendent d'audició
lead-rtva-012-marc-forne	lead-yt-040-guillem-forne	13	Andorra;Massana;Ordino;a veure;bueno;bé;clar;conseller;de fet;doncs;no?;perquè;vull dir	semblança textual exploratòria; pendent d'audició
lead-rtva-012-marc-forne	lead-yt-041-guillem-areny	3	bueno;bé;perquè	semblança textual exploratòria; pendent d'audició
lead-rtva-012-marc-forne	lead-yt-042-andreu-gonzalez	12	Andorra;a veure;bueno;bé;clar;de fet;doncs;evidentment;llavors;no?;per tant;perquè	semblança textual exploratòria; pendent d'audició
lead-rtva-012-marc-forne	lead-yt-043-oriol-agorreta	11	a veure;bueno;bé;clar;de fet;doncs;evidentment;llavors;no?;per tant;perquè	semblança textual exploratòria; pendent d'audició
lead-rtva-012-marc-forne	lead-yt-044-laura-casanovas	13	Andorra;Escaldes;a veure;bueno;bé;català;clar;de fet;doncs;llavors;no?;per tant;perquè	semblança textual exploratòria; pendent d'audició
lead-rtva-012-marc-forne	lead-yt-045-arnau-rius	11	a veure;bueno;bé;clar;de fet;doncs;llavors;no?;per tant;perquè;vull dir	semblança textual exploratòria; pendent d'audició
lead-rtva-012-marc-forne	lead-yt-046-alberto-villagrasa	8	a veure;bueno;bé;clar;doncs;evidentment;no?;perquè	semblança textual exploratòria; pendent d'audició
lead-rtva-012-marc-forne	lead-yt-047-katia-ustina	6	Andorra;bueno;bé;doncs;no?;perquè	semblança textual exploratòria; pendent d'audició
lead-rtva-012-marc-forne	lead-yt-048-ander-mirambell	9	Andorra;a veure;bueno;bé;clar;doncs;no?;per tant;perquè	semblança textual exploratòria; pendent d'audició
lead-rtva-012-marc-forne	lead-yt-049-joan-piquet	12	a veure;bueno;bé;clar;de fet;doncs;evidentment;llavors;no?;per tant;perquè;vull dir	semblança textual exploratòria; pendent d'audició
lead-rtva-012-marc-forne	lead-yt-050-pau-chica	14	Andorra;a veure;bueno;bé;català;clar;doncs;evidentment;francès;llavors;no?;per tant;perquè;vull dir	semblança textual exploratòria; pendent d'audició
lead-rtva-012-marc-forne	lead-yt-051-albert-vilaro	10	Andorra;a veure;bueno;bé;clar;doncs;no?;per tant;perquè;vull dir	semblança textual exploratòria; pendent d'audició
lead-rtva-012-marc-forne	lead-yt-052-valenti-closa	13	Escaldes;a veure;bueno;bé;clar;de fet;doncs;llavors;no?;padrí;per tant;perquè;vull dir	semblança textual exploratòria; pendent d'audició
lead-rtva-012-marc-forne	lead-yt-053-sonia-andorrita	12	Andorra;Escaldes;a veure;bueno;bé;clar;de fet;doncs;llavors;no?;per tant;perquè	semblança textual exploratòria; pendent d'audició
lead-rtva-012-marc-forne	lead-yt-054-francesc-solana	12	Andorra;a veure;bueno;bé;clar;doncs;evidentment;llavors;no?;per tant;perquè;vull dir	semblança textual exploratòria; pendent d'audició
lead-rtva-012-marc-forne	lead-yt-055-enric-flix	13	Andorra;Ordino;a veure;bueno;bé;clar;doncs;evidentment;llavors;no?;per tant;perquè;vull dir	semblança textual exploratòria; pendent d'audició
lead-rtva-012-marc-forne	lead-yt-056-arnau-fortuny	13	Andorra;a veure;bueno;bé;clar;de fet;doncs;evidentment;llavors;no?;per tant;perquè;vull dir	semblança textual exploratòria; pendent d'audició
lead-rtva-012-marc-forne	lead-yt-057-gabriel-lezkano	8	bueno;bé;clar;doncs;evidentment;no?;per tant;perquè	semblança textual exploratòria; pendent d'audició
lead-rtva-012-marc-forne	lead-yt-058-nuria-pablos	13	Andorra;Escaldes;a veure;bueno;bé;clar;de fet;doncs;llavors;no?;per tant;perquè;vull dir	semblança textual exploratòria; pendent d'audició
lead-rtva-013-pere-vilanova	lead-rtva-014-joan-burgues	15	Andorra;a veure;bueno;bé;castellà;català;clar;de fet;doncs;francès;llavors;no?;per tant;perquè;és a dir	semblança textual exploratòria; pendent d'audició
lead-rtva-013-pere-vilanova	lead-rtva-015-isidre-baro	9	Andorra;bueno;bé;clar;doncs;llavors;no?;o sigui;perquè	semblança textual exploratòria; pendent d'audició
lead-rtva-013-pere-vilanova	lead-rtva-016-josep-areny	16	Andorra;Constitució;a veure;bueno;bé;clar;de fet;doncs;francès;llavors;no?;o sigui;parròquia;per tant;perquè;és a dir	semblança textual exploratòria; pendent d'audició
lead-rtva-013-pere-vilanova	lead-rtva-017-simo-duro	16	Andorra;Consell General;Constitució;a veure;bueno;bé;clar;de fet;doncs;llavors;no?;o sigui;parròquia;per tant;perquè;és a dir	semblança textual exploratòria; pendent d'audició
lead-rtva-013-pere-vilanova	lead-rtva-018-ricard-fiter	18	Andorra;Consell General;Constitució;a veure;administració;bueno;bé;català;clar;de fet;doncs;dret;francès;llavors;no?;per tant;perquè;és a dir	semblança textual exploratòria; pendent d'audició
lead-rtva-013-pere-vilanova	lead-rtva-019-lisa-cruz	12	Andorra;a veure;bueno;bé;clar;de fet;doncs;llavors;no?;o sigui;per tant;perquè	semblança textual exploratòria; pendent d'audició
lead-rtva-013-pere-vilanova	lead-rtva-020-monica-bonell	12	Andorra;a veure;bueno;bé;clar;de fet;doncs;llavors;no?;parròquia;per tant;perquè	semblança textual exploratòria; pendent d'audició
lead-rtva-013-pere-vilanova	lead-rtva-021-bonaventura-riberaygua	15	Andorra;a veure;bueno;bé;català;clar;de fet;doncs;francès;llavors;no?;o sigui;per tant;perquè;és a dir	semblança textual exploratòria; pendent d'audició
lead-rtva-013-pere-vilanova	lead-rtva-022-josep-marsal	15	Andorra;Constitució;a veure;bueno;bé;clar;de fet;doncs;francès;llavors;no?;o sigui;per tant;perquè;és a dir	semblança textual exploratòria; pendent d'audició
lead-rtva-013-pere-vilanova	lead-rtva-023-josep-maria-cases	11	Andorra;a veure;bueno;bé;clar;doncs;llavors;no?;o sigui;per tant;perquè	semblança textual exploratòria; pendent d'audició
lead-rtva-013-pere-vilanova	lead-rtva-024-denisa-font	14	Andorra;a veure;bueno;bé;català;clar;de fet;doncs;llavors;no?;o sigui;per tant;perquè;és a dir	semblança textual exploratòria; pendent d'audició
lead-rtva-013-pere-vilanova	lead-rtva-025-albert-gelabert	15	Andorra;a veure;bueno;bé;català;clar;de fet;doncs;llavors;no?;o sigui;parròquia;per tant;perquè;és a dir	semblança textual exploratòria; pendent d'audició
lead-rtva-013-pere-vilanova	lead-rtva-026-rosa-maria-mandico	13	Andorra;a veure;bueno;bé;clar;de fet;doncs;llavors;no?;parròquia;per tant;perquè;és a dir	semblança textual exploratòria; pendent d'audició
lead-rtva-013-pere-vilanova	lead-rtva-027-jordi-guillamet	14	Andorra;a veure;bueno;bé;català;clar;de fet;doncs;francès;llavors;no?;per tant;perquè;és a dir	semblança textual exploratòria; pendent d'audició
lead-rtva-013-pere-vilanova	lead-rtva-028-pere-besoli	16	Andorra;a veure;bueno;bé;castellà;català;clar;de fet;doncs;francès;llavors;no?;o sigui;per tant;perquè;és a dir	semblança textual exploratòria; pendent d'audició
lead-rtva-013-pere-vilanova	lead-rtva-029-angelina-mas	13	Andorra;a veure;bueno;bé;clar;de fet;doncs;francès;llavors;no?;per tant;perquè;és a dir	semblança textual exploratòria; pendent d'audició
lead-rtva-013-pere-vilanova	lead-rtva-030-casimir-arajol	10	Andorra;a veure;bueno;bé;clar;doncs;llavors;no?;per tant;perquè	semblança textual exploratòria; pendent d'audició
lead-rtva-013-pere-vilanova	lead-rtva-031-ramon-rossell	14	a veure;bueno;bé;català;clar;de fet;doncs;llavors;no?;o sigui;parròquia;per tant;perquè;és a dir	semblança textual exploratòria; pendent d'audició
lead-rtva-013-pere-vilanova	lead-rtva-032-anna-riberaygua	13	Andorra;a veure;bueno;bé;clar;de fet;doncs;francès;llavors;no?;o sigui;per tant;perquè	semblança textual exploratòria; pendent d'audició
lead-rtva-013-pere-vilanova	lead-rtva-059-carles-ensenyat	4	Consell General;bé;doncs;perquè	semblança textual exploratòria; pendent d'audició
lead-rtva-013-pere-vilanova	lead-rtva-060-xavier-espot-actual	1	per tant	semblança textual exploratòria; pendent d'audició
lead-rtva-013-pere-vilanova	lead-rtva-061-antoni-morell	1	perquè	semblança textual exploratòria; pendent d'audició
lead-rtva-013-pere-vilanova	lead-yt-033-david-montane	4	administració;clar;doncs;és a dir	semblança textual exploratòria; pendent d'audició
lead-rtva-013-pere-vilanova	lead-yt-034-antoni-marti	7	Andorra;a veure;bé;català;per tant;perquè;és a dir	semblança textual exploratòria; pendent d'audició
lead-rtva-013-pere-vilanova	lead-yt-035-cerni-escale	11	Consell General;bueno;bé;català;de fet;doncs;llavors;no?;per tant;perquè;és a dir	semblança textual exploratòria; pendent d'audició
lead-rtva-013-pere-vilanova	lead-yt-036-xavier-espot	11	Andorra;a veure;bé;clar;de fet;doncs;o sigui;parròquia;per tant;perquè;és a dir	semblança textual exploratòria; pendent d'audició
lead-rtva-013-pere-vilanova	lead-yt-037-oscar-ribas	9	Andorra;a veure;bueno;bé;doncs;llavors;o sigui;per tant;perquè	semblança textual exploratòria; pendent d'audició
lead-rtva-013-pere-vilanova	lead-yt-038-conxita-marsol	7	Andorra;bueno;bé;doncs;no?;per tant;perquè	semblança textual exploratòria; pendent d'audició
lead-rtva-013-pere-vilanova	lead-yt-039-marta-roure	14	Andorra;a veure;bueno;bé;català;clar;de fet;doncs;llavors;no?;o sigui;per tant;perquè;universitat	semblança textual exploratòria; pendent d'audició
lead-rtva-013-pere-vilanova	lead-yt-040-guillem-forne	12	Andorra;a veure;bueno;bé;clar;de fet;doncs;no?;o sigui;parròquia;perquè;és a dir	semblança textual exploratòria; pendent d'audició
lead-rtva-013-pere-vilanova	lead-yt-041-guillem-areny	3	bueno;bé;perquè	semblança textual exploratòria; pendent d'audició
lead-rtva-013-pere-vilanova	lead-yt-042-andreu-gonzalez	12	Andorra;a veure;bueno;bé;clar;de fet;doncs;llavors;no?;o sigui;per tant;perquè	semblança textual exploratòria; pendent d'audició
lead-rtva-013-pere-vilanova	lead-yt-043-oriol-agorreta	11	a veure;bueno;bé;clar;de fet;doncs;llavors;no?;per tant;perquè;és a dir	semblança textual exploratòria; pendent d'audició
lead-rtva-013-pere-vilanova	lead-yt-044-laura-casanovas	13	Andorra;a veure;bueno;bé;català;clar;de fet;doncs;llavors;no?;per tant;perquè;és a dir	semblança textual exploratòria; pendent d'audició
lead-rtva-013-pere-vilanova	lead-yt-045-arnau-rius	10	a veure;bueno;bé;clar;de fet;doncs;llavors;no?;per tant;perquè	semblança textual exploratòria; pendent d'audició
lead-rtva-013-pere-vilanova	lead-yt-046-alberto-villagrasa	9	a veure;bueno;bé;clar;doncs;no?;o sigui;perquè;és a dir	semblança textual exploratòria; pendent d'audició
lead-rtva-013-pere-vilanova	lead-yt-047-katia-ustina	7	Andorra;bueno;bé;doncs;no?;o sigui;perquè	semblança textual exploratòria; pendent d'audició
lead-rtva-013-pere-vilanova	lead-yt-048-ander-mirambell	10	Andorra;a veure;bueno;bé;clar;doncs;no?;per tant;perquè;és a dir	semblança textual exploratòria; pendent d'audició
lead-rtva-013-pere-vilanova	lead-yt-049-joan-piquet	12	a veure;bueno;bé;clar;de fet;doncs;llavors;no?;o sigui;per tant;perquè;és a dir	semblança textual exploratòria; pendent d'audició
lead-rtva-013-pere-vilanova	lead-yt-050-pau-chica	14	Andorra;a veure;bueno;bé;català;clar;doncs;francès;llavors;no?;parròquia;per tant;perquè;és a dir	semblança textual exploratòria; pendent d'audició
lead-rtva-013-pere-vilanova	lead-yt-051-albert-vilaro	10	Andorra;a veure;bueno;bé;clar;doncs;no?;per tant;perquè;és a dir	semblança textual exploratòria; pendent d'audició
lead-rtva-013-pere-vilanova	lead-yt-052-valenti-closa	12	a veure;bueno;bé;clar;de fet;doncs;llavors;no?;o sigui;parròquia;per tant;perquè	semblança textual exploratòria; pendent d'audició
lead-rtva-013-pere-vilanova	lead-yt-053-sonia-andorrita	12	Andorra;a veure;bueno;bé;clar;de fet;doncs;llavors;no?;per tant;perquè;és a dir	semblança textual exploratòria; pendent d'audició
lead-rtva-013-pere-vilanova	lead-yt-054-francesc-solana	11	Andorra;a veure;bueno;bé;clar;doncs;llavors;no?;o sigui;per tant;perquè	semblança textual exploratòria; pendent d'audició
lead-rtva-013-pere-vilanova	lead-yt-055-enric-flix	11	Andorra;a veure;bueno;bé;clar;doncs;llavors;no?;per tant;perquè;és a dir	semblança textual exploratòria; pendent d'audició
lead-rtva-013-pere-vilanova	lead-yt-056-arnau-fortuny	13	Andorra;a veure;bueno;bé;clar;de fet;doncs;llavors;no?;o sigui;per tant;perquè;és a dir	semblança textual exploratòria; pendent d'audició
lead-rtva-013-pere-vilanova	lead-yt-057-gabriel-lezkano	9	bueno;bé;clar;doncs;no?;o sigui;per tant;perquè;és a dir	semblança textual exploratòria; pendent d'audició
lead-rtva-013-pere-vilanova	lead-yt-058-nuria-pablos	13	Andorra;a veure;bueno;bé;clar;de fet;doncs;llavors;no?;o sigui;per tant;perquè;és a dir	semblança textual exploratòria; pendent d'audició
lead-rtva-014-joan-burgues	lead-rtva-015-isidre-baro	11	Andorra;aleshores;bueno;bé;clar;diguem;doncs;llavors;no?;perquè;vull dir	semblança textual exploratòria; pendent d'audició
lead-rtva-014-joan-burgues	lead-rtva-016-josep-areny	15	Andorra;a veure;aleshores;bueno;bé;clar;de fet;diguem;doncs;francès;llavors;no?;per tant;perquè;és a dir	semblança textual exploratòria; pendent d'audició
lead-rtva-014-joan-burgues	lead-rtva-017-simo-duro	14	Andorra;a veure;bueno;bé;clar;de fet;diguem;doncs;llavors;no?;per tant;perquè;vull dir;és a dir	semblança textual exploratòria; pendent d'audició
lead-rtva-014-joan-burgues	lead-rtva-018-ricard-fiter	15	Andorra;a veure;bueno;bé;català;clar;de fet;diguem;doncs;francès;llavors;no?;per tant;perquè;és a dir	semblança textual exploratòria; pendent d'audició
lead-rtva-014-joan-burgues	lead-rtva-019-lisa-cruz	11	Andorra;a veure;bueno;bé;clar;de fet;doncs;llavors;no?;per tant;perquè	semblança textual exploratòria; pendent d'audició
lead-rtva-014-joan-burgues	lead-rtva-020-monica-bonell	13	Andorra;a veure;bueno;bé;clar;cultura;de fet;diguem;doncs;llavors;no?;per tant;perquè	semblança textual exploratòria; pendent d'audició
lead-rtva-014-joan-burgues	lead-rtva-021-bonaventura-riberaygua	17	Andorra;a veure;bueno;bé;català;clar;cultura;de fet;diguem;doncs;francès;llavors;no?;per tant;perquè;vull dir;és a dir	semblança textual exploratòria; pendent d'audició
lead-rtva-014-joan-burgues	lead-rtva-022-josep-marsal	15	Andorra;a veure;aleshores;bueno;bé;clar;de fet;diguem;doncs;francès;llavors;no?;per tant;perquè;és a dir	semblança textual exploratòria; pendent d'audició
lead-rtva-014-joan-burgues	lead-rtva-023-josep-maria-cases	12	Andorra;a veure;bueno;bé;clar;diguem;doncs;llavors;no?;per tant;perquè;vull dir	semblança textual exploratòria; pendent d'audició
lead-rtva-014-joan-burgues	lead-rtva-024-denisa-font	15	Andorra;a veure;bueno;bé;català;clar;cultura;de fet;doncs;llavors;no?;per tant;perquè;vull dir;és a dir	semblança textual exploratòria; pendent d'audició
lead-rtva-014-joan-burgues	lead-rtva-025-albert-gelabert	15	Andorra;a veure;aleshores;bueno;bé;català;clar;de fet;diguem;doncs;llavors;no?;per tant;perquè;és a dir	semblança textual exploratòria; pendent d'audició
lead-rtva-014-joan-burgues	lead-rtva-026-rosa-maria-mandico	14	Andorra;a veure;bueno;bé;clar;de fet;diguem;doncs;llavors;no?;per tant;perquè;vull dir;és a dir	semblança textual exploratòria; pendent d'audició
lead-rtva-014-joan-burgues	lead-rtva-027-jordi-guillamet	16	Andorra;a veure;bueno;bé;català;clar;de fet;doncs;fotografia;francès;llavors;no?;per tant;perquè;vull dir;és a dir	semblança textual exploratòria; pendent d'audició
lead-rtva-014-joan-burgues	lead-rtva-028-pere-besoli	17	Andorra;a veure;bueno;bé;castellà;català;clar;de fet;diguem;doncs;francès;llavors;no?;per tant;perquè;vull dir;és a dir	semblança textual exploratòria; pendent d'audició
lead-rtva-014-joan-burgues	lead-rtva-029-angelina-mas	14	Andorra;a veure;bueno;bé;clar;de fet;doncs;francès;llavors;no?;per tant;perquè;vull dir;és a dir	semblança textual exploratòria; pendent d'audició
lead-rtva-014-joan-burgues	lead-rtva-030-casimir-arajol	11	Andorra;a veure;bueno;bé;clar;diguem;doncs;llavors;no?;per tant;perquè	semblança textual exploratòria; pendent d'audició
lead-rtva-014-joan-burgues	lead-rtva-031-ramon-rossell	15	a veure;aleshores;bueno;bé;català;clar;de fet;diguem;doncs;llavors;no?;per tant;perquè;vull dir;és a dir	semblança textual exploratòria; pendent d'audició
lead-rtva-014-joan-burgues	lead-rtva-032-anna-riberaygua	14	Andorra;a veure;bueno;bé;clar;cultura;de fet;doncs;francès;llavors;no?;per tant;perquè;vull dir	semblança textual exploratòria; pendent d'audició
lead-rtva-014-joan-burgues	lead-rtva-059-carles-ensenyat	3	bé;doncs;perquè	semblança textual exploratòria; pendent d'audició
lead-rtva-014-joan-burgues	lead-rtva-060-xavier-espot-actual	1	per tant	semblança textual exploratòria; pendent d'audició
lead-rtva-014-joan-burgues	lead-rtva-061-antoni-morell	1	perquè	semblança textual exploratòria; pendent d'audició
lead-rtva-014-joan-burgues	lead-yt-033-david-montane	3	clar;doncs;és a dir	semblança textual exploratòria; pendent d'audició
lead-rtva-014-joan-burgues	lead-yt-034-antoni-marti	7	Andorra;a veure;bé;català;per tant;perquè;és a dir	semblança textual exploratòria; pendent d'audició
lead-rtva-014-joan-burgues	lead-yt-035-cerni-escale	11	aleshores;bueno;bé;català;de fet;doncs;llavors;no?;per tant;perquè;és a dir	semblança textual exploratòria; pendent d'audició
lead-rtva-014-joan-burgues	lead-yt-036-xavier-espot	11	Andorra;a veure;bé;clar;cultura;de fet;diguem;doncs;per tant;perquè;és a dir	semblança textual exploratòria; pendent d'audició
lead-rtva-014-joan-burgues	lead-yt-037-oscar-ribas	8	Andorra;a veure;bueno;bé;doncs;llavors;per tant;perquè	semblança textual exploratòria; pendent d'audició
lead-rtva-014-joan-burgues	lead-yt-038-conxita-marsol	7	Andorra;bueno;bé;doncs;no?;per tant;perquè	semblança textual exploratòria; pendent d'audició
lead-rtva-014-joan-burgues	lead-yt-039-marta-roure	12	Andorra;a veure;bueno;bé;català;clar;de fet;doncs;llavors;no?;per tant;perquè	semblança textual exploratòria; pendent d'audició
lead-rtva-014-joan-burgues	lead-yt-040-guillem-forne	13	Andorra;a veure;bueno;bé;clar;cultura;de fet;diguem;doncs;no?;perquè;vull dir;és a dir	semblança textual exploratòria; pendent d'audició
lead-rtva-014-joan-burgues	lead-yt-041-guillem-areny	4	aleshores;bueno;bé;perquè	semblança textual exploratòria; pendent d'audició
lead-rtva-014-joan-burgues	lead-yt-042-andreu-gonzalez	11	Andorra;a veure;bueno;bé;clar;de fet;doncs;llavors;no?;per tant;perquè	semblança textual exploratòria; pendent d'audició
lead-rtva-014-joan-burgues	lead-yt-043-oriol-agorreta	11	a veure;bueno;bé;clar;de fet;doncs;llavors;no?;per tant;perquè;és a dir	semblança textual exploratòria; pendent d'audició
lead-rtva-014-joan-burgues	lead-yt-044-laura-casanovas	13	Andorra;a veure;bueno;bé;català;clar;de fet;doncs;llavors;no?;per tant;perquè;és a dir	semblança textual exploratòria; pendent d'audició
lead-rtva-014-joan-burgues	lead-yt-045-arnau-rius	11	a veure;bueno;bé;clar;de fet;doncs;llavors;no?;per tant;perquè;vull dir	semblança textual exploratòria; pendent d'audició
lead-rtva-014-joan-burgues	lead-yt-046-alberto-villagrasa	8	a veure;bueno;bé;clar;doncs;no?;perquè;és a dir	semblança textual exploratòria; pendent d'audició
lead-rtva-014-joan-burgues	lead-yt-047-katia-ustina	6	Andorra;bueno;bé;doncs;no?;perquè	semblança textual exploratòria; pendent d'audició
lead-rtva-014-joan-burgues	lead-yt-048-ander-mirambell	10	Andorra;a veure;bueno;bé;clar;doncs;no?;per tant;perquè;és a dir	semblança textual exploratòria; pendent d'audició
lead-rtva-014-joan-burgues	lead-yt-049-joan-piquet	13	a veure;bueno;bé;clar;de fet;diguem;doncs;llavors;no?;per tant;perquè;vull dir;és a dir	semblança textual exploratòria; pendent d'audició
lead-rtva-014-joan-burgues	lead-yt-050-pau-chica	14	Andorra;a veure;bueno;bé;català;clar;doncs;francès;llavors;no?;per tant;perquè;vull dir;és a dir	semblança textual exploratòria; pendent d'audició
lead-rtva-014-joan-burgues	lead-yt-051-albert-vilaro	12	Andorra;a veure;bueno;bé;clar;diguem;doncs;no?;per tant;perquè;vull dir;és a dir	semblança textual exploratòria; pendent d'audició
lead-rtva-014-joan-burgues	lead-yt-052-valenti-closa	12	a veure;bueno;bé;clar;cultura;de fet;doncs;llavors;no?;per tant;perquè;vull dir	semblança textual exploratòria; pendent d'audició
lead-rtva-014-joan-burgues	lead-yt-053-sonia-andorrita	12	Andorra;a veure;bueno;bé;clar;de fet;doncs;llavors;no?;per tant;perquè;és a dir	semblança textual exploratòria; pendent d'audició
lead-rtva-014-joan-burgues	lead-yt-054-francesc-solana	12	Andorra;a veure;bueno;bé;clar;diguem;doncs;llavors;no?;per tant;perquè;vull dir	semblança textual exploratòria; pendent d'audició
lead-rtva-014-joan-burgues	lead-yt-055-enric-flix	13	Andorra;a veure;aleshores;bueno;bé;clar;doncs;llavors;no?;per tant;perquè;vull dir;és a dir	semblança textual exploratòria; pendent d'audició
lead-rtva-014-joan-burgues	lead-yt-056-arnau-fortuny	14	Andorra;a veure;bueno;bé;clar;de fet;diguem;doncs;llavors;no?;per tant;perquè;vull dir;és a dir	semblança textual exploratòria; pendent d'audició
lead-rtva-014-joan-burgues	lead-yt-057-gabriel-lezkano	9	bueno;bé;clar;cultura;doncs;no?;per tant;perquè;és a dir	semblança textual exploratòria; pendent d'audició
lead-rtva-014-joan-burgues	lead-yt-058-nuria-pablos	13	Andorra;a veure;bueno;bé;clar;de fet;doncs;llavors;no?;per tant;perquè;vull dir;és a dir	semblança textual exploratòria; pendent d'audició
lead-rtva-015-isidre-baro	lead-rtva-016-josep-areny	16	Andorra;a nivell;aleshores;bueno;bé;clar;comú;diguem;doncs;esquí;evidentment;llavors;muntanya;no?;o sigui;perquè	semblança textual exploratòria; pendent d'audició
lead-rtva-015-isidre-baro	lead-rtva-017-simo-duro	14	Andorra;Ordino;a nivell;bueno;bé;clar;diguem;doncs;evidentment;llavors;no?;o sigui;perquè;vull dir	semblança textual exploratòria; pendent d'audició
lead-rtva-015-isidre-baro	lead-rtva-018-ricard-fiter	11	Andorra;a nivell;bueno;bé;clar;comú;diguem;doncs;llavors;no?;perquè	semblança textual exploratòria; pendent d'audició
lead-rtva-015-isidre-baro	lead-rtva-019-lisa-cruz	11	Andorra;bueno;bé;clar;comuns;comú;doncs;llavors;no?;o sigui;perquè	semblança textual exploratòria; pendent d'audició
lead-rtva-015-isidre-baro	lead-rtva-020-monica-bonell	15	Andorra;Ordino;a nivell;bueno;bé;clar;comuns;comú;diguem;doncs;evidentment;federació;llavors;no?;perquè	semblança textual exploratòria; pendent d'audició
lead-rtva-015-isidre-baro	lead-rtva-021-bonaventura-riberaygua	13	Andorra;a nivell;bueno;bé;clar;diguem;doncs;evidentment;llavors;no?;o sigui;perquè;vull dir	semblança textual exploratòria; pendent d'audició
lead-rtva-015-isidre-baro	lead-rtva-022-josep-marsal	15	Andorra;aleshores;bueno;bé;clar;comuns;comú;diguem;doncs;evidentment;llavors;no?;o sigui;perquè;president	semblança textual exploratòria; pendent d'audició
lead-rtva-015-isidre-baro	lead-rtva-023-josep-maria-cases	16	Andorra;Ordino;a nivell;bueno;bé;clar;comú;diguem;doncs;federació;llavors;no?;o sigui;perquè;president;vull dir	semblança textual exploratòria; pendent d'audició
lead-rtva-015-isidre-baro	lead-rtva-024-denisa-font	12	Andorra;a nivell;bueno;bé;clar;comú;doncs;llavors;no?;o sigui;perquè;vull dir	semblança textual exploratòria; pendent d'audició
lead-rtva-015-isidre-baro	lead-rtva-025-albert-gelabert	15	Andorra;a nivell;aleshores;bueno;bé;clar;comuns;comú;diguem;doncs;evidentment;llavors;no?;o sigui;perquè	semblança textual exploratòria; pendent d'audició
lead-rtva-015-isidre-baro	lead-rtva-026-rosa-maria-mandico	13	Andorra;a nivell;bueno;bé;clar;comú;diguem;doncs;llavors;muntanya;no?;perquè;vull dir	semblança textual exploratòria; pendent d'audició
lead-rtva-015-isidre-baro	lead-rtva-027-jordi-guillamet	12	Andorra;a nivell;bueno;bé;clar;doncs;evidentment;llavors;muntanya;no?;perquè;vull dir	semblança textual exploratòria; pendent d'audició
lead-rtva-015-isidre-baro	lead-rtva-028-pere-besoli	13	Andorra;bueno;bé;clar;comú;diguem;doncs;evidentment;llavors;no?;o sigui;perquè;vull dir	semblança textual exploratòria; pendent d'audició
lead-rtva-015-isidre-baro	lead-rtva-029-angelina-mas	10	Andorra;bueno;bé;clar;comú;doncs;llavors;no?;perquè;vull dir	semblança textual exploratòria; pendent d'audició
lead-rtva-015-isidre-baro	lead-rtva-030-casimir-arajol	9	Andorra;bueno;bé;clar;diguem;doncs;llavors;no?;perquè	semblança textual exploratòria; pendent d'audició
lead-rtva-015-isidre-baro	lead-rtva-031-ramon-rossell	13	aleshores;bueno;bé;clar;diguem;doncs;evidentment;llavors;muntanya;no?;o sigui;perquè;vull dir	semblança textual exploratòria; pendent d'audició
lead-rtva-015-isidre-baro	lead-rtva-032-anna-riberaygua	13	Andorra;bueno;bé;clar;comú;doncs;evidentment;llavors;muntanya;no?;o sigui;perquè;vull dir	semblança textual exploratòria; pendent d'audició
lead-rtva-015-isidre-baro	lead-rtva-059-carles-ensenyat	5	bé;comuns;doncs;evidentment;perquè	semblança textual exploratòria; pendent d'audició
lead-rtva-015-isidre-baro	lead-rtva-061-antoni-morell	1	perquè	semblança textual exploratòria; pendent d'audició
lead-rtva-015-isidre-baro	lead-yt-033-david-montane	3	clar;comuns;doncs	semblança textual exploratòria; pendent d'audició
lead-rtva-015-isidre-baro	lead-yt-034-antoni-marti	5	Andorra;a nivell;bé;evidentment;perquè	semblança textual exploratòria; pendent d'audició
lead-rtva-015-isidre-baro	lead-yt-035-cerni-escale	11	a nivell;aleshores;bueno;bé;comú;doncs;evidentment;llavors;muntanya;no?;perquè	semblança textual exploratòria; pendent d'audició
lead-rtva-015-isidre-baro	lead-yt-036-xavier-espot	11	Andorra;Ordino;bé;clar;comuns;comú;diguem;doncs;evidentment;o sigui;perquè	semblança textual exploratòria; pendent d'audició
lead-rtva-015-isidre-baro	lead-yt-037-oscar-ribas	9	Andorra;bueno;bé;comú;doncs;evidentment;llavors;o sigui;perquè	semblança textual exploratòria; pendent d'audició
lead-rtva-015-isidre-baro	lead-yt-038-conxita-marsol	6	Andorra;bueno;bé;doncs;no?;perquè	semblança textual exploratòria; pendent d'audició
lead-rtva-015-isidre-baro	lead-yt-039-marta-roure	10	Andorra;a nivell;bueno;bé;clar;doncs;llavors;no?;o sigui;perquè	semblança textual exploratòria; pendent d'audició
lead-rtva-015-isidre-baro	lead-yt-040-guillem-forne	12	Andorra;Ordino;a nivell;bueno;bé;clar;diguem;doncs;no?;o sigui;perquè;vull dir	semblança textual exploratòria; pendent d'audició
lead-rtva-015-isidre-baro	lead-yt-041-guillem-areny	4	aleshores;bueno;bé;perquè	semblança textual exploratòria; pendent d'audició
lead-rtva-015-isidre-baro	lead-yt-042-andreu-gonzalez	13	Andorra;Pirineus;a nivell;bueno;bé;clar;doncs;evidentment;llavors;muntanya;no?;o sigui;perquè	semblança textual exploratòria; pendent d'audició
lead-rtva-015-isidre-baro	lead-yt-043-oriol-agorreta	8	bueno;bé;clar;doncs;evidentment;llavors;no?;perquè	semblança textual exploratòria; pendent d'audició
lead-rtva-015-isidre-baro	lead-yt-044-laura-casanovas	9	Andorra;Pirineus;bueno;bé;clar;doncs;llavors;no?;perquè	semblança textual exploratòria; pendent d'audició
lead-rtva-015-isidre-baro	lead-yt-045-arnau-rius	10	a nivell;bueno;bé;clar;doncs;llavors;muntanya;no?;perquè;vull dir	semblança textual exploratòria; pendent d'audició
lead-rtva-015-isidre-baro	lead-yt-046-alberto-villagrasa	9	bueno;bé;clar;comú;doncs;evidentment;no?;o sigui;perquè	semblança textual exploratòria; pendent d'audició
lead-rtva-015-isidre-baro	lead-yt-047-katia-ustina	7	Andorra;bueno;bé;doncs;no?;o sigui;perquè	semblança textual exploratòria; pendent d'audició
lead-rtva-015-isidre-baro	lead-yt-048-ander-mirambell	10	Andorra;a nivell;bueno;bé;clar;comú;doncs;esport;no?;perquè	semblança textual exploratòria; pendent d'audició
lead-rtva-015-isidre-baro	lead-yt-049-joan-piquet	12	a nivell;bueno;bé;clar;diguem;doncs;evidentment;llavors;no?;o sigui;perquè;vull dir	semblança textual exploratòria; pendent d'audició
lead-rtva-015-isidre-baro	lead-yt-050-pau-chica	11	Andorra;a nivell;bueno;bé;clar;doncs;evidentment;llavors;no?;perquè;vull dir	semblança textual exploratòria; pendent d'audició
lead-rtva-015-isidre-baro	lead-yt-051-albert-vilaro	9	Andorra;bueno;bé;clar;diguem;doncs;no?;perquè;vull dir	semblança textual exploratòria; pendent d'audició
lead-rtva-015-isidre-baro	lead-yt-052-valenti-closa	11	a nivell;bueno;bé;clar;comú;doncs;llavors;no?;o sigui;perquè;vull dir	semblança textual exploratòria; pendent d'audició
lead-rtva-015-isidre-baro	lead-yt-053-sonia-andorrita	9	Andorra;bueno;bé;clar;comú;doncs;llavors;no?;perquè	semblança textual exploratòria; pendent d'audició
lead-rtva-015-isidre-baro	lead-yt-054-francesc-solana	12	Andorra;bueno;bé;clar;diguem;doncs;evidentment;llavors;no?;o sigui;perquè;vull dir	semblança textual exploratòria; pendent d'audició
lead-rtva-015-isidre-baro	lead-yt-055-enric-flix	12	Andorra;Ordino;aleshores;bueno;bé;clar;doncs;evidentment;llavors;no?;perquè;vull dir	semblança textual exploratòria; pendent d'audició
lead-rtva-015-isidre-baro	lead-yt-056-arnau-fortuny	12	Andorra;bueno;bé;clar;diguem;doncs;evidentment;llavors;no?;o sigui;perquè;vull dir	semblança textual exploratòria; pendent d'audició
lead-rtva-015-isidre-baro	lead-yt-057-gabriel-lezkano	8	bueno;bé;clar;doncs;evidentment;no?;o sigui;perquè	semblança textual exploratòria; pendent d'audició
lead-rtva-015-isidre-baro	lead-yt-058-nuria-pablos	10	Andorra;bueno;bé;clar;doncs;llavors;no?;o sigui;perquè;vull dir	semblança textual exploratòria; pendent d'audició
lead-rtva-016-josep-areny	lead-rtva-017-simo-duro	19	Andorra;Constitució;a nivell;a veure;bueno;bé;clar;conseller general;de fet;diguem;doncs;evidentment;llavors;no?;o sigui;parròquia;per tant;perquè;és a dir	semblança textual exploratòria; pendent d'audició
lead-rtva-016-josep-areny	lead-rtva-018-ricard-fiter	17	Andorra;Constitució;a nivell;a veure;bueno;bé;clar;comú;de fet;diguem;doncs;francès;llavors;no?;per tant;perquè;és a dir	semblança textual exploratòria; pendent d'audició
lead-rtva-016-josep-areny	lead-rtva-019-lisa-cruz	13	Andorra;a veure;bueno;bé;clar;comú;de fet;doncs;llavors;no?;o sigui;per tant;perquè	semblança textual exploratòria; pendent d'audició
lead-rtva-016-josep-areny	lead-rtva-020-monica-bonell	16	Andorra;a nivell;a veure;bueno;bé;clar;comú;de fet;diguem;doncs;evidentment;llavors;no?;parròquia;per tant;perquè	semblança textual exploratòria; pendent d'audició
lead-rtva-016-josep-areny	lead-rtva-021-bonaventura-riberaygua	19	Andorra;Escaldes;a nivell;a veure;bueno;bé;clar;de fet;diguem;doncs;evidentment;família;francès;llavors;no?;o sigui;per tant;perquè;és a dir	semblança textual exploratòria; pendent d'audició
lead-rtva-016-josep-areny	lead-rtva-022-josep-marsal	22	Andorra;Constitució;a veure;aleshores;bueno;bé;clar;comú;de fet;diguem;doncs;evidentment;família;francès;llavors;no?;o sigui;padrí;patrimoni;per tant;perquè;és a dir	semblança textual exploratòria; pendent d'audició
lead-rtva-016-josep-areny	lead-rtva-023-josep-maria-cases	16	Andorra;a nivell;a veure;bueno;bé;clar;comú;diguem;doncs;família;llavors;no?;o sigui;patrimoni;per tant;perquè	semblança textual exploratòria; pendent d'audició
lead-rtva-016-josep-areny	lead-rtva-024-denisa-font	16	Andorra;a nivell;a veure;bueno;bé;clar;comú;de fet;doncs;família;llavors;no?;o sigui;per tant;perquè;és a dir	semblança textual exploratòria; pendent d'audició
lead-rtva-016-josep-areny	lead-rtva-025-albert-gelabert	21	Andorra;Escaldes;a nivell;a veure;aleshores;bueno;bé;clar;comú;de fet;diguem;doncs;evidentment;família;llavors;no?;o sigui;parròquia;per tant;perquè;és a dir	semblança textual exploratòria; pendent d'audició
lead-rtva-016-josep-areny	lead-rtva-026-rosa-maria-mandico	18	Andorra;a nivell;a veure;bueno;bé;clar;comú;de fet;diguem;doncs;família;llavors;muntanya;no?;parròquia;per tant;perquè;és a dir	semblança textual exploratòria; pendent d'audició
lead-rtva-016-josep-areny	lead-rtva-027-jordi-guillamet	18	Andorra;a nivell;a veure;bueno;bé;clar;de fet;doncs;evidentment;família;francès;llavors;muntanya;no?;patrimoni;per tant;perquè;és a dir	semblança textual exploratòria; pendent d'audició
lead-rtva-016-josep-areny	lead-rtva-028-pere-besoli	19	Andorra;Escaldes;a veure;bueno;bé;clar;comú;de fet;diguem;doncs;evidentment;família;francès;llavors;no?;o sigui;per tant;perquè;és a dir	semblança textual exploratòria; pendent d'audició
lead-rtva-016-josep-areny	lead-rtva-029-angelina-mas	16	Andorra;Escaldes;a veure;bueno;bé;clar;comú;de fet;doncs;família;francès;llavors;no?;per tant;perquè;és a dir	semblança textual exploratòria; pendent d'audició
lead-rtva-016-josep-areny	lead-rtva-030-casimir-arajol	12	Andorra;a veure;bueno;bé;clar;diguem;doncs;família;llavors;no?;per tant;perquè	semblança textual exploratòria; pendent d'audició
lead-rtva-016-josep-areny	lead-rtva-031-ramon-rossell	20	Escaldes;a veure;aleshores;bueno;bé;clar;de fet;diguem;doncs;evidentment;família;llavors;muntanya;no?;o sigui;parròquia;patrimoni;per tant;perquè;és a dir	semblança textual exploratòria; pendent d'audició
lead-rtva-016-josep-areny	lead-rtva-032-anna-riberaygua	17	Andorra;a veure;bueno;bé;clar;comú;de fet;doncs;evidentment;família;francès;llavors;muntanya;no?;o sigui;per tant;perquè	semblança textual exploratòria; pendent d'audició
lead-rtva-016-josep-areny	lead-rtva-059-carles-ensenyat	5	Escaldes;bé;doncs;evidentment;perquè	semblança textual exploratòria; pendent d'audició
lead-rtva-016-josep-areny	lead-rtva-060-xavier-espot-actual	1	per tant	semblança textual exploratòria; pendent d'audició
lead-rtva-016-josep-areny	lead-rtva-061-antoni-morell	1	perquè	semblança textual exploratòria; pendent d'audició
lead-rtva-016-josep-areny	lead-yt-033-david-montane	3	clar;doncs;és a dir	semblança textual exploratòria; pendent d'audició
lead-rtva-016-josep-areny	lead-yt-034-antoni-marti	8	Andorra;a nivell;a veure;bé;evidentment;per tant;perquè;és a dir	semblança textual exploratòria; pendent d'audició
lead-rtva-016-josep-areny	lead-yt-035-cerni-escale	14	a nivell;aleshores;bueno;bé;comú;de fet;doncs;evidentment;llavors;muntanya;no?;per tant;perquè;és a dir	semblança textual exploratòria; pendent d'audició
lead-rtva-016-josep-areny	lead-yt-036-xavier-espot	14	Andorra;a veure;bé;clar;comú;de fet;diguem;doncs;evidentment;o sigui;parròquia;per tant;perquè;és a dir	semblança textual exploratòria; pendent d'audició
lead-rtva-016-josep-areny	lead-yt-037-oscar-ribas	11	Andorra;a veure;bueno;bé;comú;doncs;evidentment;llavors;o sigui;per tant;perquè	semblança textual exploratòria; pendent d'audició
lead-rtva-016-josep-areny	lead-yt-038-conxita-marsol	8	Andorra;bueno;bé;doncs;família;no?;per tant;perquè	semblança textual exploratòria; pendent d'audició
lead-rtva-016-josep-areny	lead-yt-039-marta-roure	14	Andorra;a nivell;a veure;bueno;bé;clar;de fet;doncs;família;llavors;no?;o sigui;per tant;perquè	semblança textual exploratòria; pendent d'audició
lead-rtva-016-josep-areny	lead-yt-040-guillem-forne	14	Andorra;a nivell;a veure;bueno;bé;clar;de fet;diguem;doncs;no?;o sigui;parròquia;perquè;és a dir	semblança textual exploratòria; pendent d'audició
lead-rtva-016-josep-areny	lead-yt-041-guillem-areny	4	aleshores;bueno;bé;perquè	semblança textual exploratòria; pendent d'audició
lead-rtva-016-josep-areny	lead-yt-042-andreu-gonzalez	15	Andorra;a nivell;a veure;bueno;bé;clar;de fet;doncs;evidentment;llavors;muntanya;no?;o sigui;per tant;perquè	semblança textual exploratòria; pendent d'audició
lead-rtva-016-josep-areny	lead-yt-043-oriol-agorreta	12	a veure;bueno;bé;clar;de fet;doncs;evidentment;llavors;no?;per tant;perquè;és a dir	semblança textual exploratòria; pendent d'audició
lead-rtva-016-josep-areny	lead-yt-044-laura-casanovas	13	Andorra;Escaldes;a veure;bueno;bé;clar;de fet;doncs;llavors;no?;per tant;perquè;és a dir	semblança textual exploratòria; pendent d'audició
lead-rtva-016-josep-areny	lead-yt-045-arnau-rius	12	a nivell;a veure;bueno;bé;clar;de fet;doncs;llavors;muntanya;no?;per tant;perquè	semblança textual exploratòria; pendent d'audició
lead-rtva-016-josep-areny	lead-yt-046-alberto-villagrasa	11	a veure;bueno;bé;clar;comú;doncs;evidentment;no?;o sigui;perquè;és a dir	semblança textual exploratòria; pendent d'audició
lead-rtva-016-josep-areny	lead-yt-047-katia-ustina	7	Andorra;bueno;bé;doncs;no?;o sigui;perquè	semblança textual exploratòria; pendent d'audició
lead-rtva-016-josep-areny	lead-yt-048-ander-mirambell	14	Andorra;a nivell;a veure;bueno;bé;clar;comú;doncs;família;neu;no?;per tant;perquè;és a dir	semblança textual exploratòria; pendent d'audició
lead-rtva-016-josep-areny	lead-yt-049-joan-piquet	15	a nivell;a veure;bueno;bé;clar;de fet;diguem;doncs;evidentment;llavors;no?;o sigui;per tant;perquè;és a dir	semblança textual exploratòria; pendent d'audició
lead-rtva-016-josep-areny	lead-yt-050-pau-chica	15	Andorra;a nivell;a veure;bueno;bé;clar;doncs;evidentment;francès;llavors;no?;parròquia;per tant;perquè;és a dir	semblança textual exploratòria; pendent d'audició
lead-rtva-016-josep-areny	lead-yt-051-albert-vilaro	11	Andorra;a veure;bueno;bé;clar;diguem;doncs;no?;per tant;perquè;és a dir	semblança textual exploratòria; pendent d'audició
lead-rtva-016-josep-areny	lead-yt-052-valenti-closa	16	Escaldes;a nivell;a veure;bueno;bé;clar;comú;de fet;doncs;llavors;no?;o sigui;padrí;parròquia;per tant;perquè	semblança textual exploratòria; pendent d'audició
lead-rtva-016-josep-areny	lead-yt-053-sonia-andorrita	14	Andorra;Escaldes;a veure;bueno;bé;clar;comú;de fet;doncs;llavors;no?;per tant;perquè;és a dir	semblança textual exploratòria; pendent d'audició
lead-rtva-016-josep-areny	lead-yt-054-francesc-solana	13	Andorra;a veure;bueno;bé;clar;diguem;doncs;evidentment;llavors;no?;o sigui;per tant;perquè	semblança textual exploratòria; pendent d'audició
lead-rtva-016-josep-areny	lead-yt-055-enric-flix	13	Andorra;a veure;aleshores;bueno;bé;clar;doncs;evidentment;llavors;no?;per tant;perquè;és a dir	semblança textual exploratòria; pendent d'audició
lead-rtva-016-josep-areny	lead-yt-056-arnau-fortuny	15	Andorra;a veure;bueno;bé;clar;de fet;diguem;doncs;evidentment;llavors;no?;o sigui;per tant;perquè;és a dir	semblança textual exploratòria; pendent d'audició
lead-rtva-016-josep-areny	lead-yt-057-gabriel-lezkano	10	bueno;bé;clar;doncs;evidentment;no?;o sigui;per tant;perquè;és a dir	semblança textual exploratòria; pendent d'audició
lead-rtva-016-josep-areny	lead-yt-058-nuria-pablos	14	Andorra;Escaldes;a veure;bueno;bé;clar;de fet;doncs;llavors;no?;o sigui;per tant;perquè;és a dir	semblança textual exploratòria; pendent d'audició
lead-rtva-017-simo-duro	lead-rtva-018-ricard-fiter	19	Andorra;Consell General;Constitució;Sant Julià;a nivell;a veure;andorrana;bueno;bé;clar;de fet;diguem;doncs;llavors;no?;per tant;perquè;poble;és a dir	semblança textual exploratòria; pendent d'audició
lead-rtva-017-simo-duro	lead-rtva-019-lisa-cruz	12	Andorra;a veure;bueno;bé;clar;de fet;doncs;llavors;no?;o sigui;per tant;perquè	semblança textual exploratòria; pendent d'audició
lead-rtva-017-simo-duro	lead-rtva-020-monica-bonell	16	Andorra;Ordino;a nivell;a veure;bueno;bé;clar;de fet;diguem;doncs;evidentment;llavors;no?;parròquia;per tant;perquè	semblança textual exploratòria; pendent d'audició
lead-rtva-017-simo-duro	lead-rtva-021-bonaventura-riberaygua	18	Andorra;a nivell;a veure;bueno;bé;clar;conseller;de fet;diguem;doncs;evidentment;llavors;no?;o sigui;per tant;perquè;vull dir;és a dir	semblança textual exploratòria; pendent d'audició
lead-rtva-017-simo-duro	lead-rtva-022-josep-marsal	17	Andorra;Constitució;a veure;bueno;bé;clar;conseller;de fet;diguem;doncs;evidentment;llavors;no?;o sigui;per tant;perquè;és a dir	semblança textual exploratòria; pendent d'audició
lead-rtva-017-simo-duro	lead-rtva-023-josep-maria-cases	15	Andorra;Ordino;a nivell;a veure;bueno;bé;clar;diguem;doncs;llavors;no?;o sigui;per tant;perquè;vull dir	semblança textual exploratòria; pendent d'audició
lead-rtva-017-simo-duro	lead-rtva-024-denisa-font	17	Andorra;a nivell;a veure;bueno;bé;casa;clar;de fet;doncs;llavors;no?;o sigui;per tant;perquè;poble;vull dir;és a dir	semblança textual exploratòria; pendent d'audició
lead-rtva-017-simo-duro	lead-rtva-025-albert-gelabert	21	Andorra;a nivell;a veure;andorrana;bueno;bé;clar;conseller;de fet;diguem;doncs;escola;evidentment;llavors;no?;o sigui;parròquia;per tant;perquè;poble;és a dir	semblança textual exploratòria; pendent d'audició
lead-rtva-017-simo-duro	lead-rtva-026-rosa-maria-mandico	20	Andorra;Sant Julià;a nivell;a veure;bueno;bé;clar;conseller;de fet;diguem;doncs;escola;llavors;no?;parròquia;per tant;perquè;poble;vull dir;és a dir	semblança textual exploratòria; pendent d'audició
lead-rtva-017-simo-duro	lead-rtva-027-jordi-guillamet	17	Andorra;a nivell;a veure;bueno;bé;clar;de fet;doncs;escola;evidentment;llavors;no?;per tant;perquè;poble;vull dir;és a dir	semblança textual exploratòria; pendent d'audició
lead-rtva-017-simo-duro	lead-rtva-028-pere-besoli	17	Andorra;a veure;bueno;bé;clar;de fet;diguem;doncs;escola;evidentment;llavors;no?;o sigui;per tant;perquè;vull dir;és a dir	semblança textual exploratòria; pendent d'audició
lead-rtva-017-simo-duro	lead-rtva-029-angelina-mas	15	Andorra;a veure;bueno;bé;clar;de fet;doncs;escola;llavors;no?;per tant;perquè;poble;vull dir;és a dir	semblança textual exploratòria; pendent d'audició
lead-rtva-017-simo-duro	lead-rtva-030-casimir-arajol	13	Andorra;a veure;bueno;bé;clar;conseller;diguem;doncs;escola;llavors;no?;per tant;perquè	semblança textual exploratòria; pendent d'audició
lead-rtva-017-simo-duro	lead-rtva-031-ramon-rossell	20	Sant Julià;a veure;bueno;bé;clar;conseller;de fet;diguem;doncs;escola;evidentment;llavors;no?;o sigui;parròquia;per tant;perquè;poble;vull dir;és a dir	semblança textual exploratòria; pendent d'audició
lead-rtva-017-simo-duro	lead-rtva-032-anna-riberaygua	18	Andorra;a veure;andorrana;bueno;bé;casa;clar;de fet;doncs;escola;evidentment;llavors;no?;o sigui;per tant;perquè;poble;vull dir	semblança textual exploratòria; pendent d'audició
lead-rtva-017-simo-duro	lead-rtva-059-carles-ensenyat	5	Consell General;bé;doncs;evidentment;perquè	semblança textual exploratòria; pendent d'audició
lead-rtva-017-simo-duro	lead-rtva-060-xavier-espot-actual	1	per tant	semblança textual exploratòria; pendent d'audició
lead-rtva-017-simo-duro	lead-rtva-061-antoni-morell	1	perquè	semblança textual exploratòria; pendent d'audició
lead-rtva-017-simo-duro	lead-yt-033-david-montane	3	clar;doncs;és a dir	semblança textual exploratòria; pendent d'audició
lead-rtva-017-simo-duro	lead-yt-034-antoni-marti	8	Andorra;a nivell;a veure;bé;evidentment;per tant;perquè;és a dir	semblança textual exploratòria; pendent d'audició
lead-rtva-017-simo-duro	lead-yt-035-cerni-escale	12	Consell General;a nivell;bueno;bé;de fet;doncs;evidentment;llavors;no?;per tant;perquè;és a dir	semblança textual exploratòria; pendent d'audició
lead-rtva-017-simo-duro	lead-yt-036-xavier-espot	15	Andorra;Ordino;Sant Julià;a veure;bé;clar;de fet;diguem;doncs;evidentment;o sigui;parròquia;per tant;perquè;és a dir	semblança textual exploratòria; pendent d'audició
lead-rtva-017-simo-duro	lead-yt-037-oscar-ribas	10	Andorra;a veure;bueno;bé;doncs;evidentment;llavors;o sigui;per tant;perquè	semblança textual exploratòria; pendent d'audició
lead-rtva-017-simo-duro	lead-yt-038-conxita-marsol	7	Andorra;bueno;bé;doncs;no?;per tant;perquè	semblança textual exploratòria; pendent d'audició
lead-rtva-017-simo-duro	lead-yt-039-marta-roure	13	Andorra;a nivell;a veure;bueno;bé;clar;de fet;doncs;llavors;no?;o sigui;per tant;perquè	semblança textual exploratòria; pendent d'audició
lead-rtva-017-simo-duro	lead-yt-040-guillem-forne	18	Andorra;Ordino;Sant Julià;a nivell;a veure;bueno;bé;clar;conseller;de fet;diguem;doncs;no?;o sigui;parròquia;perquè;vull dir;és a dir	semblança textual exploratòria; pendent d'audició
lead-rtva-017-simo-duro	lead-yt-041-guillem-areny	3	bueno;bé;perquè	semblança textual exploratòria; pendent d'audició
lead-rtva-017-simo-duro	lead-yt-042-andreu-gonzalez	14	Andorra;a nivell;a veure;bueno;bé;clar;de fet;doncs;evidentment;llavors;no?;o sigui;per tant;perquè	semblança textual exploratòria; pendent d'audició
lead-rtva-017-simo-duro	lead-yt-043-oriol-agorreta	12	a veure;bueno;bé;clar;de fet;doncs;evidentment;llavors;no?;per tant;perquè;és a dir	semblança textual exploratòria; pendent d'audició
lead-rtva-017-simo-duro	lead-yt-044-laura-casanovas	12	Andorra;a veure;bueno;bé;clar;de fet;doncs;llavors;no?;per tant;perquè;és a dir	semblança textual exploratòria; pendent d'audició
lead-rtva-017-simo-duro	lead-yt-045-arnau-rius	13	a nivell;a veure;bueno;bé;casa;clar;de fet;doncs;llavors;no?;per tant;perquè;vull dir	semblança textual exploratòria; pendent d'audició
lead-rtva-017-simo-duro	lead-yt-046-alberto-villagrasa	10	a veure;bueno;bé;clar;doncs;evidentment;no?;o sigui;perquè;és a dir	semblança textual exploratòria; pendent d'audició
lead-rtva-017-simo-duro	lead-yt-047-katia-ustina	7	Andorra;bueno;bé;doncs;no?;o sigui;perquè	semblança textual exploratòria; pendent d'audició
lead-rtva-017-simo-duro	lead-yt-048-ander-mirambell	11	Andorra;a nivell;a veure;bueno;bé;clar;doncs;no?;per tant;perquè;és a dir	semblança textual exploratòria; pendent d'audició
lead-rtva-017-simo-duro	lead-yt-049-joan-piquet	17	a nivell;a veure;bueno;bé;clar;de fet;diguem;doncs;evidentment;llavors;mestre;no?;o sigui;per tant;perquè;vull dir;és a dir	semblança textual exploratòria; pendent d'audició
lead-rtva-017-simo-duro	lead-yt-050-pau-chica	15	Andorra;a nivell;a veure;bueno;bé;clar;doncs;evidentment;llavors;no?;parròquia;per tant;perquè;vull dir;és a dir	semblança textual exploratòria; pendent d'audició
lead-rtva-017-simo-duro	lead-yt-051-albert-vilaro	12	Andorra;a veure;bueno;bé;clar;diguem;doncs;no?;per tant;perquè;vull dir;és a dir	semblança textual exploratòria; pendent d'audició
lead-rtva-017-simo-duro	lead-yt-052-valenti-closa	14	a nivell;a veure;bueno;bé;clar;de fet;doncs;llavors;no?;o sigui;parròquia;per tant;perquè;vull dir	semblança textual exploratòria; pendent d'audició
lead-rtva-017-simo-duro	lead-yt-053-sonia-andorrita	12	Andorra;a veure;bueno;bé;clar;de fet;doncs;llavors;no?;per tant;perquè;és a dir	semblança textual exploratòria; pendent d'audició
lead-rtva-017-simo-duro	lead-yt-054-francesc-solana	14	Andorra;a veure;bueno;bé;clar;diguem;doncs;evidentment;llavors;no?;o sigui;per tant;perquè;vull dir	semblança textual exploratòria; pendent d'audició
lead-rtva-017-simo-duro	lead-yt-055-enric-flix	14	Andorra;Ordino;a veure;bueno;bé;clar;doncs;evidentment;llavors;no?;per tant;perquè;vull dir;és a dir	semblança textual exploratòria; pendent d'audició
lead-rtva-017-simo-duro	lead-yt-056-arnau-fortuny	16	Andorra;a veure;bueno;bé;clar;de fet;diguem;doncs;evidentment;llavors;no?;o sigui;per tant;perquè;vull dir;és a dir	semblança textual exploratòria; pendent d'audició
lead-rtva-017-simo-duro	lead-yt-057-gabriel-lezkano	10	bueno;bé;clar;doncs;evidentment;no?;o sigui;per tant;perquè;és a dir	semblança textual exploratòria; pendent d'audició
lead-rtva-017-simo-duro	lead-yt-058-nuria-pablos	14	Andorra;a veure;bueno;bé;clar;de fet;doncs;llavors;no?;o sigui;per tant;perquè;vull dir;és a dir	semblança textual exploratòria; pendent d'audició
lead-rtva-018-ricard-fiter	lead-rtva-019-lisa-cruz	12	Andorra;a veure;bueno;bé;clar;comú;de fet;doncs;llavors;no?;per tant;perquè	semblança textual exploratòria; pendent d'audició
lead-rtva-018-ricard-fiter	lead-rtva-020-monica-bonell	14	Andorra;a nivell;a veure;bueno;bé;clar;comú;de fet;diguem;doncs;llavors;no?;per tant;perquè	semblança textual exploratòria; pendent d'audició
lead-rtva-018-ricard-fiter	lead-rtva-021-bonaventura-riberaygua	16	Andorra;a nivell;a veure;bueno;bé;català;clar;de fet;diguem;doncs;francès;llavors;no?;per tant;perquè;és a dir	semblança textual exploratòria; pendent d'audició
lead-rtva-018-ricard-fiter	lead-rtva-022-josep-marsal	16	Andorra;Constitució;a veure;bueno;bé;clar;comú;de fet;diguem;doncs;francès;llavors;no?;per tant;perquè;és a dir	semblança textual exploratòria; pendent d'audició
lead-rtva-018-ricard-fiter	lead-rtva-023-josep-maria-cases	13	Andorra;a nivell;a veure;bueno;bé;clar;comú;diguem;doncs;llavors;no?;per tant;perquè	semblança textual exploratòria; pendent d'audició
lead-rtva-018-ricard-fiter	lead-rtva-024-denisa-font	16	Andorra;a nivell;a veure;bueno;bé;català;clar;comú;de fet;doncs;llavors;no?;per tant;perquè;poble;és a dir	semblança textual exploratòria; pendent d'audició
lead-rtva-018-ricard-fiter	lead-rtva-025-albert-gelabert	18	Andorra;a nivell;a veure;andorrana;bueno;bé;català;clar;comú;de fet;diguem;doncs;llavors;no?;per tant;perquè;poble;és a dir	semblança textual exploratòria; pendent d'audició
lead-rtva-018-ricard-fiter	lead-rtva-026-rosa-maria-mandico	17	Andorra;Sant Julià;a nivell;a veure;bueno;bé;clar;comú;de fet;diguem;doncs;llavors;no?;per tant;perquè;poble;és a dir	semblança textual exploratòria; pendent d'audició
lead-rtva-018-ricard-fiter	lead-rtva-027-jordi-guillamet	16	Andorra;a nivell;a veure;bueno;bé;català;clar;de fet;doncs;francès;llavors;no?;per tant;perquè;poble;és a dir	semblança textual exploratòria; pendent d'audició
lead-rtva-018-ricard-fiter	lead-rtva-028-pere-besoli	16	Andorra;a veure;bueno;bé;català;clar;comú;de fet;diguem;doncs;francès;llavors;no?;per tant;perquè;és a dir	semblança textual exploratòria; pendent d'audició
lead-rtva-018-ricard-fiter	lead-rtva-029-angelina-mas	16	Andorra;a veure;bueno;bé;clar;comú;de fet;doncs;francès;llavors;memòria;no?;per tant;perquè;poble;és a dir	semblança textual exploratòria; pendent d'audició
lead-rtva-018-ricard-fiter	lead-rtva-030-casimir-arajol	12	Andorra;a veure;bueno;bé;clar;diguem;doncs;llavors;memòria;no?;per tant;perquè	semblança textual exploratòria; pendent d'audició
lead-rtva-018-ricard-fiter	lead-rtva-031-ramon-rossell	16	Sant Julià;a veure;bueno;bé;català;clar;de fet;diguem;doncs;llavors;memòria;no?;per tant;perquè;poble;és a dir	semblança textual exploratòria; pendent d'audició
lead-rtva-018-ricard-fiter	lead-rtva-032-anna-riberaygua	16	Andorra;a veure;andorrana;bueno;bé;clar;comú;de fet;doncs;francès;llavors;memòria;no?;per tant;perquè;poble	semblança textual exploratòria; pendent d'audició
lead-rtva-018-ricard-fiter	lead-rtva-059-carles-ensenyat	4	Consell General;bé;doncs;perquè	semblança textual exploratòria; pendent d'audició
lead-rtva-018-ricard-fiter	lead-rtva-060-xavier-espot-actual	1	per tant	semblança textual exploratòria; pendent d'audició
lead-rtva-018-ricard-fiter	lead-rtva-061-antoni-morell	2	perquè;secretari general	semblança textual exploratòria; pendent d'audició
lead-rtva-018-ricard-fiter	lead-yt-033-david-montane	4	administració;clar;doncs;és a dir	semblança textual exploratòria; pendent d'audició
lead-rtva-018-ricard-fiter	lead-yt-034-antoni-marti	8	Andorra;a nivell;a veure;bé;català;per tant;perquè;és a dir	semblança textual exploratòria; pendent d'audició
lead-rtva-018-ricard-fiter	lead-yt-035-cerni-escale	13	Consell General;a nivell;bueno;bé;català;comú;de fet;doncs;llavors;no?;per tant;perquè;és a dir	semblança textual exploratòria; pendent d'audició
lead-rtva-018-ricard-fiter	lead-yt-036-xavier-espot	12	Andorra;Sant Julià;a veure;bé;clar;comú;de fet;diguem;doncs;per tant;perquè;és a dir	semblança textual exploratòria; pendent d'audició
lead-rtva-018-ricard-fiter	lead-yt-037-oscar-ribas	9	Andorra;a veure;bueno;bé;comú;doncs;llavors;per tant;perquè	semblança textual exploratòria; pendent d'audició
lead-rtva-018-ricard-fiter	lead-yt-038-conxita-marsol	7	Andorra;bueno;bé;doncs;no?;per tant;perquè	semblança textual exploratòria; pendent d'audició
lead-rtva-018-ricard-fiter	lead-yt-039-marta-roure	13	Andorra;a nivell;a veure;bueno;bé;català;clar;de fet;doncs;llavors;no?;per tant;perquè	semblança textual exploratòria; pendent d'audició
lead-rtva-018-ricard-fiter	lead-yt-040-guillem-forne	13	Andorra;Sant Julià;a nivell;a veure;bueno;bé;clar;de fet;diguem;doncs;no?;perquè;és a dir	semblança textual exploratòria; pendent d'audició
lead-rtva-018-ricard-fiter	lead-yt-041-guillem-areny	3	bueno;bé;perquè	semblança textual exploratòria; pendent d'audició
lead-rtva-018-ricard-fiter	lead-yt-042-andreu-gonzalez	12	Andorra;a nivell;a veure;bueno;bé;clar;de fet;doncs;llavors;no?;per tant;perquè	semblança textual exploratòria; pendent d'audició
lead-rtva-018-ricard-fiter	lead-yt-043-oriol-agorreta	11	a veure;bueno;bé;clar;de fet;doncs;llavors;no?;per tant;perquè;és a dir	semblança textual exploratòria; pendent d'audició
lead-rtva-018-ricard-fiter	lead-yt-044-laura-casanovas	13	Andorra;a veure;bueno;bé;català;clar;de fet;doncs;llavors;no?;per tant;perquè;és a dir	semblança textual exploratòria; pendent d'audició
lead-rtva-018-ricard-fiter	lead-yt-045-arnau-rius	11	a nivell;a veure;bueno;bé;clar;de fet;doncs;llavors;no?;per tant;perquè	semblança textual exploratòria; pendent d'audició
lead-rtva-018-ricard-fiter	lead-yt-046-alberto-villagrasa	9	a veure;bueno;bé;clar;comú;doncs;no?;perquè;és a dir	semblança textual exploratòria; pendent d'audició
lead-rtva-018-ricard-fiter	lead-yt-047-katia-ustina	6	Andorra;bueno;bé;doncs;no?;perquè	semblança textual exploratòria; pendent d'audició
lead-rtva-018-ricard-fiter	lead-yt-048-ander-mirambell	12	Andorra;a nivell;a veure;bueno;bé;clar;comú;doncs;no?;per tant;perquè;és a dir	semblança textual exploratòria; pendent d'audició
lead-rtva-018-ricard-fiter	lead-yt-049-joan-piquet	13	a nivell;a veure;bueno;bé;clar;de fet;diguem;doncs;llavors;no?;per tant;perquè;és a dir	semblança textual exploratòria; pendent d'audició
lead-rtva-018-ricard-fiter	lead-yt-050-pau-chica	15	Andorra;a nivell;a veure;bueno;bé;català;clar;doncs;francès;llavors;memòria;no?;per tant;perquè;és a dir	semblança textual exploratòria; pendent d'audició
lead-rtva-018-ricard-fiter	lead-yt-051-albert-vilaro	11	Andorra;a veure;bueno;bé;clar;diguem;doncs;no?;per tant;perquè;és a dir	semblança textual exploratòria; pendent d'audició
lead-rtva-018-ricard-fiter	lead-yt-052-valenti-closa	12	a nivell;a veure;bueno;bé;clar;comú;de fet;doncs;llavors;no?;per tant;perquè	semblança textual exploratòria; pendent d'audició
lead-rtva-018-ricard-fiter	lead-yt-053-sonia-andorrita	13	Andorra;a veure;bueno;bé;clar;comú;de fet;doncs;llavors;no?;per tant;perquè;és a dir	semblança textual exploratòria; pendent d'audició
lead-rtva-018-ricard-fiter	lead-yt-054-francesc-solana	11	Andorra;a veure;bueno;bé;clar;diguem;doncs;llavors;no?;per tant;perquè	semblança textual exploratòria; pendent d'audició
lead-rtva-018-ricard-fiter	lead-yt-055-enric-flix	11	Andorra;a veure;bueno;bé;clar;doncs;llavors;no?;per tant;perquè;és a dir	semblança textual exploratòria; pendent d'audició
lead-rtva-018-ricard-fiter	lead-yt-056-arnau-fortuny	13	Andorra;a veure;bueno;bé;clar;de fet;diguem;doncs;llavors;no?;per tant;perquè;és a dir	semblança textual exploratòria; pendent d'audició
lead-rtva-018-ricard-fiter	lead-yt-057-gabriel-lezkano	8	bueno;bé;clar;doncs;no?;per tant;perquè;és a dir	semblança textual exploratòria; pendent d'audició
lead-rtva-018-ricard-fiter	lead-yt-058-nuria-pablos	12	Andorra;a veure;bueno;bé;clar;de fet;doncs;llavors;no?;per tant;perquè;és a dir	semblança textual exploratòria; pendent d'audició
lead-rtva-019-lisa-cruz	lead-rtva-020-monica-bonell	13	Andorra;a veure;bueno;bé;clar;comuns;comú;de fet;doncs;llavors;no?;per tant;perquè	semblança textual exploratòria; pendent d'audició
lead-rtva-019-lisa-cruz	lead-rtva-021-bonaventura-riberaygua	12	Andorra;a veure;bueno;bé;clar;de fet;doncs;llavors;no?;o sigui;per tant;perquè	semblança textual exploratòria; pendent d'audició
lead-rtva-019-lisa-cruz	lead-rtva-022-josep-marsal	15	Andorra;a veure;bueno;bé;clar;comuns;comú;de fet;doncs;llavors;no?;o sigui;per tant;perquè;política	semblança textual exploratòria; pendent d'audició
lead-rtva-019-lisa-cruz	lead-rtva-023-josep-maria-cases	12	Andorra;a veure;bueno;bé;clar;comú;doncs;llavors;no?;o sigui;per tant;perquè	semblança textual exploratòria; pendent d'audició
lead-rtva-019-lisa-cruz	lead-rtva-024-denisa-font	13	Andorra;a veure;bueno;bé;clar;comú;de fet;doncs;llavors;no?;o sigui;per tant;perquè	semblança textual exploratòria; pendent d'audició
lead-rtva-019-lisa-cruz	lead-rtva-025-albert-gelabert	14	Andorra;a veure;bueno;bé;clar;comuns;comú;de fet;doncs;llavors;no?;o sigui;per tant;perquè	semblança textual exploratòria; pendent d'audició
lead-rtva-019-lisa-cruz	lead-rtva-026-rosa-maria-mandico	12	Andorra;a veure;bueno;bé;clar;comú;de fet;doncs;llavors;no?;per tant;perquè	semblança textual exploratòria; pendent d'audició
lead-rtva-019-lisa-cruz	lead-rtva-027-jordi-guillamet	11	Andorra;a veure;bueno;bé;clar;de fet;doncs;llavors;no?;per tant;perquè	semblança textual exploratòria; pendent d'audició
lead-rtva-019-lisa-cruz	lead-rtva-028-pere-besoli	13	Andorra;a veure;bueno;bé;clar;comú;de fet;doncs;llavors;no?;o sigui;per tant;perquè	semblança textual exploratòria; pendent d'audició
lead-rtva-019-lisa-cruz	lead-rtva-029-angelina-mas	12	Andorra;a veure;bueno;bé;clar;comú;de fet;doncs;llavors;no?;per tant;perquè	semblança textual exploratòria; pendent d'audició
lead-rtva-019-lisa-cruz	lead-rtva-030-casimir-arajol	10	Andorra;a veure;bueno;bé;clar;doncs;llavors;no?;per tant;perquè	semblança textual exploratòria; pendent d'audició
lead-rtva-019-lisa-cruz	lead-rtva-031-ramon-rossell	11	a veure;bueno;bé;clar;de fet;doncs;llavors;no?;o sigui;per tant;perquè	semblança textual exploratòria; pendent d'audició
lead-rtva-019-lisa-cruz	lead-rtva-032-anna-riberaygua	13	Andorra;a veure;bueno;bé;clar;comú;de fet;doncs;llavors;no?;o sigui;per tant;perquè	semblança textual exploratòria; pendent d'audició
lead-rtva-019-lisa-cruz	lead-rtva-059-carles-ensenyat	5	bé;comuns;doncs;habitatge;perquè	semblança textual exploratòria; pendent d'audició
lead-rtva-019-lisa-cruz	lead-rtva-060-xavier-espot-actual	1	per tant	semblança textual exploratòria; pendent d'audició
lead-rtva-019-lisa-cruz	lead-rtva-061-antoni-morell	1	perquè	semblança textual exploratòria; pendent d'audició
lead-rtva-019-lisa-cruz	lead-yt-033-david-montane	3	clar;comuns;doncs	semblança textual exploratòria; pendent d'audició
lead-rtva-019-lisa-cruz	lead-yt-034-antoni-marti	5	Andorra;a veure;bé;per tant;perquè	semblança textual exploratòria; pendent d'audició
lead-rtva-019-lisa-cruz	lead-yt-035-cerni-escale	10	bueno;bé;comú;de fet;doncs;llavors;no?;per tant;perquè;política	semblança textual exploratòria; pendent d'audició
lead-rtva-019-lisa-cruz	lead-yt-036-xavier-espot	13	Andorra;a veure;bé;clar;comuns;comú;de fet;doncs;habitatge;lloguer;o sigui;per tant;perquè	semblança textual exploratòria; pendent d'audició
lead-rtva-019-lisa-cruz	lead-yt-037-oscar-ribas	10	Andorra;a veure;bueno;bé;comú;doncs;llavors;o sigui;per tant;perquè	semblança textual exploratòria; pendent d'audició
lead-rtva-019-lisa-cruz	lead-yt-038-conxita-marsol	8	Andorra;bueno;bé;doncs;no?;per tant;perquè;política	semblança textual exploratòria; pendent d'audició
lead-rtva-019-lisa-cruz	lead-yt-039-marta-roure	12	Andorra;a veure;bueno;bé;clar;de fet;doncs;llavors;no?;o sigui;per tant;perquè	semblança textual exploratòria; pendent d'audició
lead-rtva-019-lisa-cruz	lead-yt-040-guillem-forne	10	Andorra;a veure;bueno;bé;clar;de fet;doncs;no?;o sigui;perquè	semblança textual exploratòria; pendent d'audició
lead-rtva-019-lisa-cruz	lead-yt-041-guillem-areny	3	bueno;bé;perquè	semblança textual exploratòria; pendent d'audició
lead-rtva-019-lisa-cruz	lead-yt-042-andreu-gonzalez	12	Andorra;a veure;bueno;bé;clar;de fet;doncs;llavors;no?;o sigui;per tant;perquè	semblança textual exploratòria; pendent d'audició
lead-rtva-019-lisa-cruz	lead-yt-043-oriol-agorreta	10	a veure;bueno;bé;clar;de fet;doncs;llavors;no?;per tant;perquè	semblança textual exploratòria; pendent d'audició
lead-rtva-019-lisa-cruz	lead-yt-044-laura-casanovas	11	Andorra;a veure;bueno;bé;clar;de fet;doncs;llavors;no?;per tant;perquè	semblança textual exploratòria; pendent d'audició
lead-rtva-019-lisa-cruz	lead-yt-045-arnau-rius	10	a veure;bueno;bé;clar;de fet;doncs;llavors;no?;per tant;perquè	semblança textual exploratòria; pendent d'audició
lead-rtva-019-lisa-cruz	lead-yt-046-alberto-villagrasa	9	a veure;bueno;bé;clar;comú;doncs;no?;o sigui;perquè	semblança textual exploratòria; pendent d'audició
lead-rtva-019-lisa-cruz	lead-yt-047-katia-ustina	7	Andorra;bueno;bé;doncs;no?;o sigui;perquè	semblança textual exploratòria; pendent d'audició
lead-rtva-019-lisa-cruz	lead-yt-048-ander-mirambell	10	Andorra;a veure;bueno;bé;clar;comú;doncs;no?;per tant;perquè	semblança textual exploratòria; pendent d'audició
lead-rtva-019-lisa-cruz	lead-yt-049-joan-piquet	11	a veure;bueno;bé;clar;de fet;doncs;llavors;no?;o sigui;per tant;perquè	semblança textual exploratòria; pendent d'audició
lead-rtva-019-lisa-cruz	lead-yt-050-pau-chica	10	Andorra;a veure;bueno;bé;clar;doncs;llavors;no?;per tant;perquè	semblança textual exploratòria; pendent d'audició
lead-rtva-019-lisa-cruz	lead-yt-051-albert-vilaro	9	Andorra;a veure;bueno;bé;clar;doncs;no?;per tant;perquè	semblança textual exploratòria; pendent d'audició
lead-rtva-019-lisa-cruz	lead-yt-052-valenti-closa	13	a veure;bueno;bé;clar;comú;de fet;doncs;joves;llavors;no?;o sigui;per tant;perquè	semblança textual exploratòria; pendent d'audició
lead-rtva-019-lisa-cruz	lead-yt-053-sonia-andorrita	12	Andorra;a veure;bueno;bé;clar;comú;de fet;doncs;llavors;no?;per tant;perquè	semblança textual exploratòria; pendent d'audició
lead-rtva-019-lisa-cruz	lead-yt-054-francesc-solana	11	Andorra;a veure;bueno;bé;clar;doncs;llavors;no?;o sigui;per tant;perquè	semblança textual exploratòria; pendent d'audició
lead-rtva-019-lisa-cruz	lead-yt-055-enric-flix	10	Andorra;a veure;bueno;bé;clar;doncs;llavors;no?;per tant;perquè	semblança textual exploratòria; pendent d'audició
lead-rtva-019-lisa-cruz	lead-yt-056-arnau-fortuny	13	Andorra;a veure;bueno;bé;clar;de fet;doncs;futur;llavors;no?;o sigui;per tant;perquè	semblança textual exploratòria; pendent d'audició
lead-rtva-019-lisa-cruz	lead-yt-057-gabriel-lezkano	8	bueno;bé;clar;doncs;no?;o sigui;per tant;perquè	semblança textual exploratòria; pendent d'audició
lead-rtva-019-lisa-cruz	lead-yt-058-nuria-pablos	12	Andorra;a veure;bueno;bé;clar;de fet;doncs;llavors;no?;o sigui;per tant;perquè	semblança textual exploratòria; pendent d'audició
lead-rtva-020-monica-bonell	lead-rtva-021-bonaventura-riberaygua	19	Andorra;Govern;a nivell;a veure;bueno;bé;clar;cultura;de fet;diguem;doncs;esports;evidentment;futbol;llavors;ministeri;no?;per tant;perquè	semblança textual exploratòria; pendent d'audició
lead-rtva-020-monica-bonell	lead-rtva-022-josep-marsal	16	Andorra;Govern;a veure;bueno;bé;clar;comuns;comú;de fet;diguem;doncs;evidentment;llavors;no?;per tant;perquè	semblança textual exploratòria; pendent d'audició
lead-rtva-020-monica-bonell	lead-rtva-023-josep-maria-cases	19	Andorra;Govern;Ordino;Toni Martí;a nivell;a veure;bueno;bé;clar;comú;diguem;doncs;equip;federació;llavors;no?;per tant;perquè;premis	semblança textual exploratòria; pendent d'audició
lead-rtva-020-monica-bonell	lead-rtva-024-denisa-font	14	Andorra;a nivell;a veure;bueno;bé;clar;comú;cultura;de fet;doncs;llavors;no?;per tant;perquè	semblança textual exploratòria; pendent d'audició
lead-rtva-020-monica-bonell	lead-rtva-025-albert-gelabert	19	Andorra;Govern;a nivell;a veure;bueno;bé;clar;comuns;comú;de fet;diguem;doncs;equip;evidentment;llavors;no?;parròquia;per tant;perquè	semblança textual exploratòria; pendent d'audició
lead-rtva-020-monica-bonell	lead-rtva-026-rosa-maria-mandico	19	Andorra;Govern;Santa Coloma;a nivell;a veure;bueno;bé;clar;comú;de fet;diguem;doncs;equip;esports;llavors;no?;parròquia;per tant;perquè	semblança textual exploratòria; pendent d'audició
lead-rtva-020-monica-bonell	lead-rtva-027-jordi-guillamet	17	Andorra;Govern;Toni Martí;a nivell;a veure;bueno;bé;clar;de fet;doncs;evidentment;jocs;llavors;no?;per tant;perquè;projecte	semblança textual exploratòria; pendent d'audició
lead-rtva-020-monica-bonell	lead-rtva-028-pere-besoli	18	Andorra;Govern;a veure;bueno;bé;clar;comú;de fet;diguem;doncs;equip;evidentment;jocs;llavors;no?;per tant;perquè;projecte	semblança textual exploratòria; pendent d'audició
lead-rtva-020-monica-bonell	lead-rtva-029-angelina-mas	16	Andorra;Govern;Santa Coloma;a veure;bueno;bé;clar;comú;de fet;doncs;equip;llavors;no?;per tant;perquè;projecte	semblança textual exploratòria; pendent d'audició
lead-rtva-020-monica-bonell	lead-rtva-030-casimir-arajol	12	Andorra;Govern;a veure;bueno;bé;clar;diguem;doncs;llavors;no?;per tant;perquè	semblança textual exploratòria; pendent d'audició
lead-rtva-020-monica-bonell	lead-rtva-031-ramon-rossell	15	Govern;a veure;bueno;bé;clar;de fet;diguem;doncs;esports;evidentment;llavors;no?;parròquia;per tant;perquè	semblança textual exploratòria; pendent d'audició
lead-rtva-020-monica-bonell	lead-rtva-032-anna-riberaygua	17	Andorra;Govern;a veure;bueno;bé;clar;comú;cultura;de fet;doncs;equip;evidentment;llavors;no?;per tant;perquè;projecte	semblança textual exploratòria; pendent d'audició
lead-rtva-020-monica-bonell	lead-rtva-059-carles-ensenyat	5	bé;comuns;doncs;evidentment;perquè	semblança textual exploratòria; pendent d'audició
lead-rtva-020-monica-bonell	lead-rtva-060-xavier-espot-actual	2	Govern;per tant	semblança textual exploratòria; pendent d'audició
lead-rtva-020-monica-bonell	lead-rtva-061-antoni-morell	1	perquè	semblança textual exploratòria; pendent d'audició
lead-rtva-020-monica-bonell	lead-yt-033-david-montane	3	clar;comuns;doncs	semblança textual exploratòria; pendent d'audició
lead-rtva-020-monica-bonell	lead-yt-034-antoni-marti	7	Andorra;a nivell;a veure;bé;evidentment;per tant;perquè	semblança textual exploratòria; pendent d'audició
lead-rtva-020-monica-bonell	lead-yt-035-cerni-escale	11	a nivell;bueno;bé;comú;de fet;doncs;evidentment;llavors;no?;per tant;perquè	semblança textual exploratòria; pendent d'audició
lead-rtva-020-monica-bonell	lead-yt-036-xavier-espot	15	Andorra;Ordino;a veure;bé;clar;comuns;comú;cultura;de fet;diguem;doncs;evidentment;parròquia;per tant;perquè	semblança textual exploratòria; pendent d'audició
lead-rtva-020-monica-bonell	lead-yt-037-oscar-ribas	10	Andorra;a veure;bueno;bé;comú;doncs;evidentment;llavors;per tant;perquè	semblança textual exploratòria; pendent d'audició
lead-rtva-020-monica-bonell	lead-yt-038-conxita-marsol	8	Andorra;bueno;bé;doncs;ministra;no?;per tant;perquè	semblança textual exploratòria; pendent d'audició
lead-rtva-020-monica-bonell	lead-yt-039-marta-roure	12	Andorra;a nivell;a veure;bueno;bé;clar;de fet;doncs;llavors;no?;per tant;perquè	semblança textual exploratòria; pendent d'audició
lead-rtva-020-monica-bonell	lead-yt-040-guillem-forne	14	Andorra;Ordino;a nivell;a veure;bueno;bé;clar;cultura;de fet;diguem;doncs;no?;parròquia;perquè	semblança textual exploratòria; pendent d'audició
lead-rtva-020-monica-bonell	lead-yt-041-guillem-areny	3	bueno;bé;perquè	semblança textual exploratòria; pendent d'audició
lead-rtva-020-monica-bonell	lead-yt-042-andreu-gonzalez	13	Andorra;a nivell;a veure;bueno;bé;clar;de fet;doncs;evidentment;llavors;no?;per tant;perquè	semblança textual exploratòria; pendent d'audició
lead-rtva-020-monica-bonell	lead-yt-043-oriol-agorreta	11	a veure;bueno;bé;clar;de fet;doncs;evidentment;llavors;no?;per tant;perquè	semblança textual exploratòria; pendent d'audició
lead-rtva-020-monica-bonell	lead-yt-044-laura-casanovas	11	Andorra;a veure;bueno;bé;clar;de fet;doncs;llavors;no?;per tant;perquè	semblança textual exploratòria; pendent d'audició
lead-rtva-020-monica-bonell	lead-yt-045-arnau-rius	11	a nivell;a veure;bueno;bé;clar;de fet;doncs;llavors;no?;per tant;perquè	semblança textual exploratòria; pendent d'audició
lead-rtva-020-monica-bonell	lead-yt-046-alberto-villagrasa	9	a veure;bueno;bé;clar;comú;doncs;evidentment;no?;perquè	semblança textual exploratòria; pendent d'audició
lead-rtva-020-monica-bonell	lead-yt-047-katia-ustina	6	Andorra;bueno;bé;doncs;no?;perquè	semblança textual exploratòria; pendent d'audició
lead-rtva-020-monica-bonell	lead-yt-048-ander-mirambell	12	Andorra;a nivell;a veure;bueno;bé;clar;comú;doncs;esports;no?;per tant;perquè	semblança textual exploratòria; pendent d'audició
lead-rtva-020-monica-bonell	lead-yt-049-joan-piquet	13	a nivell;a veure;bueno;bé;clar;de fet;diguem;doncs;evidentment;llavors;no?;per tant;perquè	semblança textual exploratòria; pendent d'audició
lead-rtva-020-monica-bonell	lead-yt-050-pau-chica	13	Andorra;a nivell;a veure;bueno;bé;clar;doncs;evidentment;llavors;no?;parròquia;per tant;perquè	semblança textual exploratòria; pendent d'audició
lead-rtva-020-monica-bonell	lead-yt-051-albert-vilaro	10	Andorra;a veure;bueno;bé;clar;diguem;doncs;no?;per tant;perquè	semblança textual exploratòria; pendent d'audició
lead-rtva-020-monica-bonell	lead-yt-052-valenti-closa	14	a nivell;a veure;bueno;bé;clar;comú;cultura;de fet;doncs;llavors;no?;parròquia;per tant;perquè	semblança textual exploratòria; pendent d'audició
lead-rtva-020-monica-bonell	lead-yt-053-sonia-andorrita	12	Andorra;a veure;bueno;bé;clar;comú;de fet;doncs;llavors;no?;per tant;perquè	semblança textual exploratòria; pendent d'audició
lead-rtva-020-monica-bonell	lead-yt-054-francesc-solana	14	Andorra;a veure;bueno;bé;clar;diguem;doncs;equip;evidentment;llavors;lliga;no?;per tant;perquè	semblança textual exploratòria; pendent d'audició
lead-rtva-020-monica-bonell	lead-yt-055-enric-flix	12	Andorra;Ordino;a veure;bueno;bé;clar;doncs;evidentment;llavors;no?;per tant;perquè	semblança textual exploratòria; pendent d'audició
lead-rtva-020-monica-bonell	lead-yt-056-arnau-fortuny	14	Andorra;a veure;bueno;bé;clar;de fet;diguem;doncs;evidentment;jocs;llavors;no?;per tant;perquè	semblança textual exploratòria; pendent d'audició
lead-rtva-020-monica-bonell	lead-yt-057-gabriel-lezkano	9	bueno;bé;clar;cultura;doncs;evidentment;no?;per tant;perquè	semblança textual exploratòria; pendent d'audició
lead-rtva-020-monica-bonell	lead-yt-058-nuria-pablos	11	Andorra;a veure;bueno;bé;clar;de fet;doncs;llavors;no?;per tant;perquè	semblança textual exploratòria; pendent d'audició
lead-rtva-021-bonaventura-riberaygua	lead-rtva-022-josep-marsal	20	Andorra;Govern;a veure;bueno;bé;clar;consell;conseller;de fet;diguem;doncs;evidentment;família;francès;llavors;no?;o sigui;per tant;perquè;és a dir	semblança textual exploratòria; pendent d'audició
lead-rtva-021-bonaventura-riberaygua	lead-rtva-023-josep-maria-cases	20	Andorra;Govern;a nivell;a veure;bueno;bé;clar;consell;diguem;doncs;empresa;empresari;família;llavors;negoci;no?;o sigui;per tant;perquè;vull dir	semblança textual exploratòria; pendent d'audició
lead-rtva-021-bonaventura-riberaygua	lead-rtva-024-denisa-font	18	Andorra;a nivell;a veure;bueno;bé;català;clar;cultura;de fet;doncs;família;llavors;no?;o sigui;per tant;perquè;vull dir;és a dir	semblança textual exploratòria; pendent d'audició
lead-rtva-021-bonaventura-riberaygua	lead-rtva-025-albert-gelabert	22	Andorra;Escaldes;Govern;a nivell;a veure;bueno;bé;català;clar;consell;conseller;de fet;diguem;doncs;evidentment;família;llavors;no?;o sigui;per tant;perquè;és a dir	semblança textual exploratòria; pendent d'audició
lead-rtva-021-bonaventura-riberaygua	lead-rtva-026-rosa-maria-mandico	20	Andorra;Govern;a nivell;a veure;bueno;bé;clar;consell;conseller;de fet;diguem;doncs;esports;família;llavors;no?;per tant;perquè;vull dir;és a dir	semblança textual exploratòria; pendent d'audició
lead-rtva-021-bonaventura-riberaygua	lead-rtva-027-jordi-guillamet	21	Andorra;Govern;a nivell;a veure;bueno;bé;català;clar;consell;de fet;doncs;evidentment;família;francès;llavors;ministres;no?;per tant;perquè;vull dir;és a dir	semblança textual exploratòria; pendent d'audició
lead-rtva-021-bonaventura-riberaygua	lead-rtva-028-pere-besoli	24	Andorra;Escaldes;Govern;a veure;bueno;bé;català;clar;comerç;de fet;diguem;doncs;empresa;empresari;evidentment;família;francès;llavors;no?;o sigui;per tant;perquè;vull dir;és a dir	semblança textual exploratòria; pendent d'audició
lead-rtva-021-bonaventura-riberaygua	lead-rtva-029-angelina-mas	18	Andorra;Escaldes;Govern;a veure;bueno;bé;clar;consell;de fet;doncs;família;francès;llavors;no?;per tant;perquè;vull dir;és a dir	semblança textual exploratòria; pendent d'audició
lead-rtva-021-bonaventura-riberaygua	lead-rtva-030-casimir-arajol	17	Andorra;Govern;a veure;bueno;bé;clar;comerç;consell;conseller;diguem;doncs;empresa;família;llavors;no?;per tant;perquè	semblança textual exploratòria; pendent d'audició
lead-rtva-021-bonaventura-riberaygua	lead-rtva-031-ramon-rossell	21	Escaldes;Govern;a veure;bueno;bé;català;clar;conseller;de fet;diguem;doncs;esports;evidentment;família;llavors;no?;o sigui;per tant;perquè;vull dir;és a dir	semblança textual exploratòria; pendent d'audició
lead-rtva-021-bonaventura-riberaygua	lead-rtva-032-anna-riberaygua	21	Andorra;Govern;a veure;bueno;bé;clar;comerç;consell;cultura;de fet;doncs;evidentment;família;francès;llavors;ministres;no?;o sigui;per tant;perquè;vull dir	semblança textual exploratòria; pendent d'audició
lead-rtva-021-bonaventura-riberaygua	lead-rtva-059-carles-ensenyat	5	Escaldes;bé;doncs;evidentment;perquè	semblança textual exploratòria; pendent d'audició
lead-rtva-021-bonaventura-riberaygua	lead-rtva-060-xavier-espot-actual	2	Govern;per tant	semblança textual exploratòria; pendent d'audició
lead-rtva-021-bonaventura-riberaygua	lead-rtva-061-antoni-morell	1	perquè	semblança textual exploratòria; pendent d'audició
lead-rtva-021-bonaventura-riberaygua	lead-yt-033-david-montane	3	clar;doncs;és a dir	semblança textual exploratòria; pendent d'audició
lead-rtva-021-bonaventura-riberaygua	lead-yt-034-antoni-marti	9	Andorra;a nivell;a veure;bé;català;evidentment;per tant;perquè;és a dir	semblança textual exploratòria; pendent d'audició
lead-rtva-021-bonaventura-riberaygua	lead-yt-035-cerni-escale	12	a nivell;bueno;bé;català;de fet;doncs;evidentment;llavors;no?;per tant;perquè;és a dir	semblança textual exploratòria; pendent d'audició
lead-rtva-021-bonaventura-riberaygua	lead-yt-036-xavier-espot	13	Andorra;a veure;bé;clar;cultura;de fet;diguem;doncs;evidentment;o sigui;per tant;perquè;és a dir	semblança textual exploratòria; pendent d'audició
lead-rtva-021-bonaventura-riberaygua	lead-yt-037-oscar-ribas	10	Andorra;a veure;bueno;bé;doncs;evidentment;llavors;o sigui;per tant;perquè	semblança textual exploratòria; pendent d'audició
lead-rtva-021-bonaventura-riberaygua	lead-yt-038-conxita-marsol	8	Andorra;bueno;bé;doncs;família;no?;per tant;perquè	semblança textual exploratòria; pendent d'audició
lead-rtva-021-bonaventura-riberaygua	lead-yt-039-marta-roure	15	Andorra;a nivell;a veure;bueno;bé;català;clar;de fet;doncs;família;llavors;no?;o sigui;per tant;perquè	semblança textual exploratòria; pendent d'audició
lead-rtva-021-bonaventura-riberaygua	lead-yt-040-guillem-forne	16	Andorra;a nivell;a veure;bueno;bé;clar;conseller;cultura;de fet;diguem;doncs;no?;o sigui;perquè;vull dir;és a dir	semblança textual exploratòria; pendent d'audició
lead-rtva-021-bonaventura-riberaygua	lead-yt-041-guillem-areny	3	bueno;bé;perquè	semblança textual exploratòria; pendent d'audició
lead-rtva-021-bonaventura-riberaygua	lead-yt-042-andreu-gonzalez	14	Andorra;a nivell;a veure;bueno;bé;clar;de fet;doncs;evidentment;llavors;no?;o sigui;per tant;perquè	semblança textual exploratòria; pendent d'audició
lead-rtva-021-bonaventura-riberaygua	lead-yt-043-oriol-agorreta	12	a veure;bueno;bé;clar;de fet;doncs;evidentment;llavors;no?;per tant;perquè;és a dir	semblança textual exploratòria; pendent d'audició
lead-rtva-021-bonaventura-riberaygua	lead-yt-044-laura-casanovas	14	Andorra;Escaldes;a veure;bueno;bé;català;clar;de fet;doncs;llavors;no?;per tant;perquè;és a dir	semblança textual exploratòria; pendent d'audició
lead-rtva-021-bonaventura-riberaygua	lead-yt-045-arnau-rius	12	a nivell;a veure;bueno;bé;clar;de fet;doncs;llavors;no?;per tant;perquè;vull dir	semblança textual exploratòria; pendent d'audició
lead-rtva-021-bonaventura-riberaygua	lead-yt-046-alberto-villagrasa	10	a veure;bueno;bé;clar;doncs;evidentment;no?;o sigui;perquè;és a dir	semblança textual exploratòria; pendent d'audició
lead-rtva-021-bonaventura-riberaygua	lead-yt-047-katia-ustina	7	Andorra;bueno;bé;doncs;no?;o sigui;perquè	semblança textual exploratòria; pendent d'audició
lead-rtva-021-bonaventura-riberaygua	lead-yt-048-ander-mirambell	13	Andorra;a nivell;a veure;bueno;bé;clar;doncs;esports;família;no?;per tant;perquè;és a dir	semblança textual exploratòria; pendent d'audició
lead-rtva-021-bonaventura-riberaygua	lead-yt-049-joan-piquet	16	a nivell;a veure;bueno;bé;clar;de fet;diguem;doncs;evidentment;llavors;no?;o sigui;per tant;perquè;vull dir;és a dir	semblança textual exploratòria; pendent d'audició
lead-rtva-021-bonaventura-riberaygua	lead-yt-050-pau-chica	16	Andorra;a nivell;a veure;bueno;bé;català;clar;doncs;evidentment;francès;llavors;no?;per tant;perquè;vull dir;és a dir	semblança textual exploratòria; pendent d'audició
lead-rtva-021-bonaventura-riberaygua	lead-yt-051-albert-vilaro	12	Andorra;a veure;bueno;bé;clar;diguem;doncs;no?;per tant;perquè;vull dir;és a dir	semblança textual exploratòria; pendent d'audició
lead-rtva-021-bonaventura-riberaygua	lead-yt-052-valenti-closa	15	Escaldes;a nivell;a veure;bueno;bé;clar;cultura;de fet;doncs;llavors;no?;o sigui;per tant;perquè;vull dir	semblança textual exploratòria; pendent d'audició
lead-rtva-021-bonaventura-riberaygua	lead-yt-053-sonia-andorrita	13	Andorra;Escaldes;a veure;bueno;bé;clar;de fet;doncs;llavors;no?;per tant;perquè;és a dir	semblança textual exploratòria; pendent d'audició
lead-rtva-021-bonaventura-riberaygua	lead-yt-054-francesc-solana	14	Andorra;a veure;bueno;bé;clar;diguem;doncs;evidentment;llavors;no?;o sigui;per tant;perquè;vull dir	semblança textual exploratòria; pendent d'audició
lead-rtva-021-bonaventura-riberaygua	lead-yt-055-enric-flix	15	Andorra;a veure;bueno;bé;clar;doncs;empresa;empresari;evidentment;llavors;no?;per tant;perquè;vull dir;és a dir	semblança textual exploratòria; pendent d'audició
lead-rtva-021-bonaventura-riberaygua	lead-yt-056-arnau-fortuny	18	Andorra;a veure;bueno;bé;clar;de fet;diguem;doncs;empresa;evidentment;llavors;negoci;no?;o sigui;per tant;perquè;vull dir;és a dir	semblança textual exploratòria; pendent d'audició
lead-rtva-021-bonaventura-riberaygua	lead-yt-057-gabriel-lezkano	11	bueno;bé;clar;cultura;doncs;evidentment;no?;o sigui;per tant;perquè;és a dir	semblança textual exploratòria; pendent d'audició
lead-rtva-021-bonaventura-riberaygua	lead-yt-058-nuria-pablos	15	Andorra;Escaldes;a veure;bueno;bé;clar;de fet;doncs;llavors;no?;o sigui;per tant;perquè;vull dir;és a dir	semblança textual exploratòria; pendent d'audició
lead-rtva-022-josep-marsal	lead-rtva-023-josep-maria-cases	18	Andorra;Govern;a veure;bueno;bé;clar;comú;consell;diguem;doncs;família;llavors;no?;o sigui;patrimoni;per tant;perquè;president	semblança textual exploratòria; pendent d'audició
lead-rtva-022-josep-marsal	lead-rtva-024-denisa-font	15	Andorra;a veure;bueno;bé;clar;comú;de fet;doncs;família;llavors;no?;o sigui;per tant;perquè;és a dir	semblança textual exploratòria; pendent d'audició
lead-rtva-022-josep-marsal	lead-rtva-025-albert-gelabert	23	Andorra;Govern;a veure;aleshores;bueno;bé;clar;comuns;comú;consell;conseller;de fet;diguem;doncs;evidentment;família;història;llavors;no?;o sigui;per tant;perquè;és a dir	semblança textual exploratòria; pendent d'audició
lead-rtva-022-josep-marsal	lead-rtva-026-rosa-maria-mandico	18	Andorra;Govern;a veure;bueno;bé;clar;comú;consell;conseller;de fet;diguem;doncs;família;llavors;no?;per tant;perquè;és a dir	semblança textual exploratòria; pendent d'audició
lead-rtva-022-josep-marsal	lead-rtva-027-jordi-guillamet	19	Andorra;Govern;a veure;bueno;bé;clar;consell;de fet;doncs;evidentment;família;francès;història;llavors;no?;patrimoni;per tant;perquè;és a dir	semblança textual exploratòria; pendent d'audició
lead-rtva-022-josep-marsal	lead-rtva-028-pere-besoli	20	Andorra;Govern;a veure;bueno;bé;clar;comú;de fet;diguem;doncs;evidentment;família;francès;història;llavors;no?;o sigui;per tant;perquè;és a dir	semblança textual exploratòria; pendent d'audició
lead-rtva-022-josep-marsal	lead-rtva-029-angelina-mas	18	Andorra;Govern;a veure;bueno;bé;clar;comú;consell;de fet;doncs;família;francès;història;llavors;no?;per tant;perquè;és a dir	semblança textual exploratòria; pendent d'audició
lead-rtva-022-josep-marsal	lead-rtva-030-casimir-arajol	16	Andorra;Govern;a veure;bueno;bé;clar;consell;conseller;diguem;doncs;família;història;llavors;no?;per tant;perquè	semblança textual exploratòria; pendent d'audició
lead-rtva-022-josep-marsal	lead-rtva-031-ramon-rossell	20	Govern;a veure;aleshores;bueno;bé;clar;conseller;de fet;diguem;doncs;evidentment;família;història;llavors;no?;o sigui;patrimoni;per tant;perquè;és a dir	semblança textual exploratòria; pendent d'audició
lead-rtva-022-josep-marsal	lead-rtva-032-anna-riberaygua	19	Andorra;Govern;a veure;bueno;bé;clar;comú;consell;de fet;doncs;evidentment;família;francès;història;llavors;no?;o sigui;per tant;perquè	semblança textual exploratòria; pendent d'audició
lead-rtva-022-josep-marsal	lead-rtva-059-carles-ensenyat	5	bé;comuns;doncs;evidentment;perquè	semblança textual exploratòria; pendent d'audició
lead-rtva-022-josep-marsal	lead-rtva-060-xavier-espot-actual	2	Govern;per tant	semblança textual exploratòria; pendent d'audició
lead-rtva-022-josep-marsal	lead-rtva-061-antoni-morell	1	perquè	semblança textual exploratòria; pendent d'audició
lead-rtva-022-josep-marsal	lead-yt-033-david-montane	4	clar;comuns;doncs;és a dir	semblança textual exploratòria; pendent d'audició
lead-rtva-022-josep-marsal	lead-yt-034-antoni-marti	7	Andorra;a veure;bé;evidentment;per tant;perquè;és a dir	semblança textual exploratòria; pendent d'audició
lead-rtva-022-josep-marsal	lead-yt-035-cerni-escale	13	aleshores;bueno;bé;comú;de fet;doncs;evidentment;llavors;no?;per tant;perquè;política;és a dir	semblança textual exploratòria; pendent d'audició
lead-rtva-022-josep-marsal	lead-yt-036-xavier-espot	15	Andorra;a veure;bé;clar;comuns;comú;de fet;diguem;doncs;evidentment;justícia;o sigui;per tant;perquè;és a dir	semblança textual exploratòria; pendent d'audició
lead-rtva-022-josep-marsal	lead-yt-037-oscar-ribas	11	Andorra;a veure;bueno;bé;comú;doncs;evidentment;llavors;o sigui;per tant;perquè	semblança textual exploratòria; pendent d'audició
lead-rtva-022-josep-marsal	lead-yt-038-conxita-marsol	9	Andorra;bueno;bé;doncs;família;no?;per tant;perquè;política	semblança textual exploratòria; pendent d'audició
lead-rtva-022-josep-marsal	lead-yt-039-marta-roure	13	Andorra;a veure;bueno;bé;clar;de fet;doncs;família;llavors;no?;o sigui;per tant;perquè	semblança textual exploratòria; pendent d'audició
lead-rtva-022-josep-marsal	lead-yt-040-guillem-forne	13	Andorra;a veure;bueno;bé;clar;conseller;de fet;diguem;doncs;no?;o sigui;perquè;és a dir	semblança textual exploratòria; pendent d'audició
lead-rtva-022-josep-marsal	lead-yt-041-guillem-areny	4	aleshores;bueno;bé;perquè	semblança textual exploratòria; pendent d'audició
lead-rtva-022-josep-marsal	lead-yt-042-andreu-gonzalez	13	Andorra;a veure;bueno;bé;clar;de fet;doncs;evidentment;llavors;no?;o sigui;per tant;perquè	semblança textual exploratòria; pendent d'audició
lead-rtva-022-josep-marsal	lead-yt-043-oriol-agorreta	12	a veure;bueno;bé;clar;de fet;doncs;evidentment;llavors;no?;per tant;perquè;és a dir	semblança textual exploratòria; pendent d'audició
lead-rtva-022-josep-marsal	lead-yt-044-laura-casanovas	12	Andorra;a veure;bueno;bé;clar;de fet;doncs;llavors;no?;per tant;perquè;és a dir	semblança textual exploratòria; pendent d'audició
lead-rtva-022-josep-marsal	lead-yt-045-arnau-rius	10	a veure;bueno;bé;clar;de fet;doncs;llavors;no?;per tant;perquè	semblança textual exploratòria; pendent d'audició
lead-rtva-022-josep-marsal	lead-yt-046-alberto-villagrasa	11	a veure;bueno;bé;clar;comú;doncs;evidentment;no?;o sigui;perquè;és a dir	semblança textual exploratòria; pendent d'audició
lead-rtva-022-josep-marsal	lead-yt-047-katia-ustina	7	Andorra;bueno;bé;doncs;no?;o sigui;perquè	semblança textual exploratòria; pendent d'audició
lead-rtva-022-josep-marsal	lead-yt-048-ander-mirambell	12	Andorra;a veure;bueno;bé;clar;comú;doncs;família;no?;per tant;perquè;és a dir	semblança textual exploratòria; pendent d'audició
lead-rtva-022-josep-marsal	lead-yt-049-joan-piquet	14	a veure;bueno;bé;clar;de fet;diguem;doncs;evidentment;llavors;no?;o sigui;per tant;perquè;és a dir	semblança textual exploratòria; pendent d'audició
lead-rtva-022-josep-marsal	lead-yt-050-pau-chica	14	Andorra;a veure;bueno;bé;clar;doncs;evidentment;francès;història;llavors;no?;per tant;perquè;és a dir	semblança textual exploratòria; pendent d'audició
lead-rtva-022-josep-marsal	lead-yt-051-albert-vilaro	11	Andorra;a veure;bueno;bé;clar;diguem;doncs;no?;per tant;perquè;és a dir	semblança textual exploratòria; pendent d'audició
lead-rtva-022-josep-marsal	lead-yt-052-valenti-closa	13	a veure;bueno;bé;clar;comú;de fet;doncs;llavors;no?;o sigui;padrí;per tant;perquè	semblança textual exploratòria; pendent d'audició
lead-rtva-022-josep-marsal	lead-yt-053-sonia-andorrita	13	Andorra;a veure;bueno;bé;clar;comú;de fet;doncs;llavors;no?;per tant;perquè;és a dir	semblança textual exploratòria; pendent d'audició
lead-rtva-022-josep-marsal	lead-yt-054-francesc-solana	13	Andorra;a veure;bueno;bé;clar;diguem;doncs;evidentment;llavors;no?;o sigui;per tant;perquè	semblança textual exploratòria; pendent d'audició
lead-rtva-022-josep-marsal	lead-yt-055-enric-flix	13	Andorra;a veure;aleshores;bueno;bé;clar;doncs;evidentment;llavors;no?;per tant;perquè;és a dir	semblança textual exploratòria; pendent d'audició
lead-rtva-022-josep-marsal	lead-yt-056-arnau-fortuny	15	Andorra;a veure;bueno;bé;clar;de fet;diguem;doncs;evidentment;llavors;no?;o sigui;per tant;perquè;és a dir	semblança textual exploratòria; pendent d'audició
lead-rtva-022-josep-marsal	lead-yt-057-gabriel-lezkano	10	bueno;bé;clar;doncs;evidentment;no?;o sigui;per tant;perquè;és a dir	semblança textual exploratòria; pendent d'audició
lead-rtva-022-josep-marsal	lead-yt-058-nuria-pablos	13	Andorra;a veure;bueno;bé;clar;de fet;doncs;llavors;no?;o sigui;per tant;perquè;és a dir	semblança textual exploratòria; pendent d'audició
lead-rtva-023-josep-maria-cases	lead-rtva-024-denisa-font	15	Andorra;a nivell;a veure;bueno;bé;clar;comú;doncs;família;llavors;no?;o sigui;per tant;perquè;vull dir	semblança textual exploratòria; pendent d'audició
lead-rtva-023-josep-maria-cases	lead-rtva-025-albert-gelabert	18	Andorra;Govern;a nivell;a veure;bueno;bé;clar;comú;consell;diguem;doncs;equip;família;llavors;no?;o sigui;per tant;perquè	semblança textual exploratòria; pendent d'audició
lead-rtva-023-josep-maria-cases	lead-rtva-026-rosa-maria-mandico	18	Andorra;Govern;a nivell;a veure;bueno;bé;clar;comú;consell;diguem;doncs;equip;família;llavors;no?;per tant;perquè;vull dir	semblança textual exploratòria; pendent d'audició
lead-rtva-023-josep-maria-cases	lead-rtva-027-jordi-guillamet	17	Andorra;Govern;Toni Martí;a nivell;a veure;bueno;bé;clar;consell;doncs;família;llavors;no?;patrimoni;per tant;perquè;vull dir	semblança textual exploratòria; pendent d'audició
lead-rtva-023-josep-maria-cases	lead-rtva-028-pere-besoli	19	Andorra;Govern;a veure;bueno;bé;clar;comú;diguem;doncs;empresa;empresari;equip;família;llavors;no?;o sigui;per tant;perquè;vull dir	semblança textual exploratòria; pendent d'audició
lead-rtva-023-josep-maria-cases	lead-rtva-029-angelina-mas	16	Andorra;Govern;a veure;bueno;bé;clar;comú;consell;doncs;equip;família;llavors;no?;per tant;perquè;vull dir	semblança textual exploratòria; pendent d'audició
lead-rtva-023-josep-maria-cases	lead-rtva-030-casimir-arajol	15	Andorra;Govern;a veure;bueno;bé;clar;consell;diguem;doncs;empresa;família;llavors;no?;per tant;perquè	semblança textual exploratòria; pendent d'audició
lead-rtva-023-josep-maria-cases	lead-rtva-031-ramon-rossell	15	Govern;a veure;bueno;bé;clar;diguem;doncs;família;llavors;no?;o sigui;patrimoni;per tant;perquè;vull dir	semblança textual exploratòria; pendent d'audició
lead-rtva-023-josep-maria-cases	lead-rtva-032-anna-riberaygua	17	Andorra;Govern;a veure;bueno;bé;clar;comú;consell;doncs;equip;família;llavors;no?;o sigui;per tant;perquè;vull dir	semblança textual exploratòria; pendent d'audició
lead-rtva-023-josep-maria-cases	lead-rtva-059-carles-ensenyat	3	bé;doncs;perquè	semblança textual exploratòria; pendent d'audició
lead-rtva-023-josep-maria-cases	lead-rtva-060-xavier-espot-actual	2	Govern;per tant	semblança textual exploratòria; pendent d'audició
lead-rtva-023-josep-maria-cases	lead-rtva-061-antoni-morell	1	perquè	semblança textual exploratòria; pendent d'audició
lead-rtva-023-josep-maria-cases	lead-yt-033-david-montane	2	clar;doncs	semblança textual exploratòria; pendent d'audició
lead-rtva-023-josep-maria-cases	lead-yt-034-antoni-marti	6	Andorra;a nivell;a veure;bé;per tant;perquè	semblança textual exploratòria; pendent d'audició
lead-rtva-023-josep-maria-cases	lead-yt-035-cerni-escale	9	a nivell;bueno;bé;comú;doncs;llavors;no?;per tant;perquè	semblança textual exploratòria; pendent d'audició
lead-rtva-023-josep-maria-cases	lead-yt-036-xavier-espot	11	Andorra;Ordino;a veure;bé;clar;comú;diguem;doncs;o sigui;per tant;perquè	semblança textual exploratòria; pendent d'audició
lead-rtva-023-josep-maria-cases	lead-yt-037-oscar-ribas	10	Andorra;a veure;bueno;bé;comú;doncs;llavors;o sigui;per tant;perquè	semblança textual exploratòria; pendent d'audició
lead-rtva-023-josep-maria-cases	lead-yt-038-conxita-marsol	8	Andorra;bueno;bé;doncs;família;no?;per tant;perquè	semblança textual exploratòria; pendent d'audició
lead-rtva-023-josep-maria-cases	lead-yt-039-marta-roure	13	Andorra;a nivell;a veure;bueno;bé;clar;doncs;família;llavors;no?;o sigui;per tant;perquè	semblança textual exploratòria; pendent d'audició
lead-rtva-023-josep-maria-cases	lead-yt-040-guillem-forne	13	Andorra;Ordino;a nivell;a veure;bueno;bé;clar;diguem;doncs;no?;o sigui;perquè;vull dir	semblança textual exploratòria; pendent d'audició
lead-rtva-023-josep-maria-cases	lead-yt-041-guillem-areny	3	bueno;bé;perquè	semblança textual exploratòria; pendent d'audició
lead-rtva-023-josep-maria-cases	lead-yt-042-andreu-gonzalez	12	Andorra;a nivell;a veure;bueno;bé;clar;doncs;llavors;no?;o sigui;per tant;perquè	semblança textual exploratòria; pendent d'audició
lead-rtva-023-josep-maria-cases	lead-yt-043-oriol-agorreta	9	a veure;bueno;bé;clar;doncs;llavors;no?;per tant;perquè	semblança textual exploratòria; pendent d'audició
lead-rtva-023-josep-maria-cases	lead-yt-044-laura-casanovas	10	Andorra;a veure;bueno;bé;clar;doncs;llavors;no?;per tant;perquè	semblança textual exploratòria; pendent d'audició
lead-rtva-023-josep-maria-cases	lead-yt-045-arnau-rius	11	a nivell;a veure;bueno;bé;clar;doncs;llavors;no?;per tant;perquè;vull dir	semblança textual exploratòria; pendent d'audició
lead-rtva-023-josep-maria-cases	lead-yt-046-alberto-villagrasa	9	a veure;bueno;bé;clar;comú;doncs;no?;o sigui;perquè	semblança textual exploratòria; pendent d'audició
lead-rtva-023-josep-maria-cases	lead-yt-047-katia-ustina	7	Andorra;bueno;bé;doncs;no?;o sigui;perquè	semblança textual exploratòria; pendent d'audició
lead-rtva-023-josep-maria-cases	lead-yt-048-ander-mirambell	12	Andorra;a nivell;a veure;bueno;bé;clar;comú;doncs;família;no?;per tant;perquè	semblança textual exploratòria; pendent d'audició
lead-rtva-023-josep-maria-cases	lead-yt-049-joan-piquet	13	a nivell;a veure;bueno;bé;clar;diguem;doncs;llavors;no?;o sigui;per tant;perquè;vull dir	semblança textual exploratòria; pendent d'audició
lead-rtva-023-josep-maria-cases	lead-yt-050-pau-chica	12	Andorra;a nivell;a veure;bueno;bé;clar;doncs;llavors;no?;per tant;perquè;vull dir	semblança textual exploratòria; pendent d'audició
lead-rtva-023-josep-maria-cases	lead-yt-051-albert-vilaro	11	Andorra;a veure;bueno;bé;clar;diguem;doncs;no?;per tant;perquè;vull dir	semblança textual exploratòria; pendent d'audició
lead-rtva-023-josep-maria-cases	lead-yt-052-valenti-closa	13	a nivell;a veure;bueno;bé;clar;comú;doncs;llavors;no?;o sigui;per tant;perquè;vull dir	semblança textual exploratòria; pendent d'audició
lead-rtva-023-josep-maria-cases	lead-yt-053-sonia-andorrita	11	Andorra;a veure;bueno;bé;clar;comú;doncs;llavors;no?;per tant;perquè	semblança textual exploratòria; pendent d'audició
lead-rtva-023-josep-maria-cases	lead-yt-054-francesc-solana	14	Andorra;a veure;bueno;bé;clar;diguem;doncs;equip;llavors;no?;o sigui;per tant;perquè;vull dir	semblança textual exploratòria; pendent d'audició
lead-rtva-023-josep-maria-cases	lead-yt-055-enric-flix	14	Andorra;Ordino;a veure;bueno;bé;clar;doncs;empresa;empresari;llavors;no?;per tant;perquè;vull dir	semblança textual exploratòria; pendent d'audició
lead-rtva-023-josep-maria-cases	lead-yt-056-arnau-fortuny	15	Andorra;a veure;bueno;bé;clar;diguem;doncs;empresa;llavors;negoci;no?;o sigui;per tant;perquè;vull dir	semblança textual exploratòria; pendent d'audició
lead-rtva-023-josep-maria-cases	lead-yt-057-gabriel-lezkano	8	bueno;bé;clar;doncs;no?;o sigui;per tant;perquè	semblança textual exploratòria; pendent d'audició
lead-rtva-023-josep-maria-cases	lead-yt-058-nuria-pablos	12	Andorra;a veure;bueno;bé;clar;doncs;llavors;no?;o sigui;per tant;perquè;vull dir	semblança textual exploratòria; pendent d'audició
lead-rtva-024-denisa-font	lead-rtva-025-albert-gelabert	19	Andorra;a nivell;a veure;bueno;bé;català;clar;comunals;comú;de fet;doncs;família;llavors;no?;o sigui;per tant;perquè;poble;és a dir	semblança textual exploratòria; pendent d'audició
lead-rtva-024-denisa-font	lead-rtva-026-rosa-maria-mandico	19	Andorra;Canillo;a nivell;a veure;bueno;bé;clar;comunal;comú;de fet;doncs;família;llavors;no?;per tant;perquè;poble;vull dir;és a dir	semblança textual exploratòria; pendent d'audició
lead-rtva-024-denisa-font	lead-rtva-027-jordi-guillamet	17	Andorra;a nivell;a veure;bueno;bé;català;clar;de fet;doncs;família;llavors;no?;per tant;perquè;poble;vull dir;és a dir	semblança textual exploratòria; pendent d'audició
lead-rtva-024-denisa-font	lead-rtva-028-pere-besoli	18	Andorra;a veure;bueno;bé;català;clar;comú;de fet;doncs;família;festa;llavors;no?;o sigui;per tant;perquè;vull dir;és a dir	semblança textual exploratòria; pendent d'audició
lead-rtva-024-denisa-font	lead-rtva-029-angelina-mas	17	Andorra;Canillo;a veure;bueno;bé;clar;comú;de fet;doncs;família;llavors;no?;per tant;perquè;poble;vull dir;és a dir	semblança textual exploratòria; pendent d'audició
lead-rtva-024-denisa-font	lead-rtva-030-casimir-arajol	12	Andorra;a veure;bueno;bé;clar;doncs;família;festa;llavors;no?;per tant;perquè	semblança textual exploratòria; pendent d'audició
lead-rtva-024-denisa-font	lead-rtva-031-ramon-rossell	18	Canillo;a veure;bueno;bé;català;clar;de fet;doncs;família;festa;llavors;no?;o sigui;per tant;perquè;poble;vull dir;és a dir	semblança textual exploratòria; pendent d'audició
lead-rtva-024-denisa-font	lead-rtva-032-anna-riberaygua	18	Andorra;a veure;bueno;bé;casa;clar;comú;cultura;de fet;doncs;família;llavors;no?;o sigui;per tant;perquè;poble;vull dir	semblança textual exploratòria; pendent d'audició
lead-rtva-024-denisa-font	lead-rtva-059-carles-ensenyat	3	bé;doncs;perquè	semblança textual exploratòria; pendent d'audició
lead-rtva-024-denisa-font	lead-rtva-060-xavier-espot-actual	1	per tant	semblança textual exploratòria; pendent d'audició
lead-rtva-024-denisa-font	lead-rtva-061-antoni-morell	2	comunal;perquè	semblança textual exploratòria; pendent d'audició
lead-rtva-024-denisa-font	lead-yt-033-david-montane	3	clar;doncs;és a dir	semblança textual exploratòria; pendent d'audició
lead-rtva-024-denisa-font	lead-yt-034-antoni-marti	8	Andorra;a nivell;a veure;bé;català;per tant;perquè;és a dir	semblança textual exploratòria; pendent d'audició
lead-rtva-024-denisa-font	lead-yt-035-cerni-escale	13	a nivell;bueno;bé;català;comunals;comú;de fet;doncs;llavors;no?;per tant;perquè;és a dir	semblança textual exploratòria; pendent d'audició
lead-rtva-024-denisa-font	lead-yt-036-xavier-espot	12	Andorra;a veure;bé;clar;comú;cultura;de fet;doncs;o sigui;per tant;perquè;és a dir	semblança textual exploratòria; pendent d'audició
lead-rtva-024-denisa-font	lead-yt-037-oscar-ribas	10	Andorra;a veure;bueno;bé;comú;doncs;llavors;o sigui;per tant;perquè	semblança textual exploratòria; pendent d'audició
lead-rtva-024-denisa-font	lead-yt-038-conxita-marsol	8	Andorra;bueno;bé;doncs;família;no?;per tant;perquè	semblança textual exploratòria; pendent d'audició
lead-rtva-024-denisa-font	lead-yt-039-marta-roure	15	Andorra;a nivell;a veure;bueno;bé;català;clar;de fet;doncs;família;llavors;no?;o sigui;per tant;perquè	semblança textual exploratòria; pendent d'audició
lead-rtva-024-denisa-font	lead-yt-040-guillem-forne	14	Andorra;a nivell;a veure;bueno;bé;clar;cultura;de fet;doncs;no?;o sigui;perquè;vull dir;és a dir	semblança textual exploratòria; pendent d'audició
lead-rtva-024-denisa-font	lead-yt-041-guillem-areny	3	bueno;bé;perquè	semblança textual exploratòria; pendent d'audició
lead-rtva-024-denisa-font	lead-yt-042-andreu-gonzalez	13	Andorra;a nivell;a veure;bueno;bé;clar;de fet;doncs;llavors;no?;o sigui;per tant;perquè	semblança textual exploratòria; pendent d'audició
lead-rtva-024-denisa-font	lead-yt-043-oriol-agorreta	11	a veure;bueno;bé;clar;de fet;doncs;llavors;no?;per tant;perquè;és a dir	semblança textual exploratòria; pendent d'audició
lead-rtva-024-denisa-font	lead-yt-044-laura-casanovas	14	Andorra;Canillo;a veure;bueno;bé;català;clar;de fet;doncs;llavors;no?;per tant;perquè;és a dir	semblança textual exploratòria; pendent d'audició
lead-rtva-024-denisa-font	lead-yt-045-arnau-rius	13	a nivell;a veure;bueno;bé;casa;clar;de fet;doncs;llavors;no?;per tant;perquè;vull dir	semblança textual exploratòria; pendent d'audició
lead-rtva-024-denisa-font	lead-yt-046-alberto-villagrasa	10	a veure;bueno;bé;clar;comú;doncs;no?;o sigui;perquè;és a dir	semblança textual exploratòria; pendent d'audició
lead-rtva-024-denisa-font	lead-yt-047-katia-ustina	7	Andorra;bueno;bé;doncs;no?;o sigui;perquè	semblança textual exploratòria; pendent d'audició
lead-rtva-024-denisa-font	lead-yt-048-ander-mirambell	13	Andorra;a nivell;a veure;bueno;bé;clar;comú;doncs;família;no?;per tant;perquè;és a dir	semblança textual exploratòria; pendent d'audició
lead-rtva-024-denisa-font	lead-yt-049-joan-piquet	14	a nivell;a veure;bueno;bé;clar;de fet;doncs;llavors;no?;o sigui;per tant;perquè;vull dir;és a dir	semblança textual exploratòria; pendent d'audició
lead-rtva-024-denisa-font	lead-yt-050-pau-chica	15	Andorra;a nivell;a veure;bueno;bé;català;clar;doncs;llavors;llibre;no?;per tant;perquè;vull dir;és a dir	semblança textual exploratòria; pendent d'audició
lead-rtva-024-denisa-font	lead-yt-051-albert-vilaro	11	Andorra;a veure;bueno;bé;clar;doncs;no?;per tant;perquè;vull dir;és a dir	semblança textual exploratòria; pendent d'audició
lead-rtva-024-denisa-font	lead-yt-052-valenti-closa	15	a nivell;a veure;bueno;bé;clar;comú;cultura;de fet;doncs;llavors;no?;o sigui;per tant;perquè;vull dir	semblança textual exploratòria; pendent d'audició
lead-rtva-024-denisa-font	lead-yt-053-sonia-andorrita	13	Andorra;a veure;bueno;bé;clar;comú;de fet;doncs;llavors;no?;per tant;perquè;és a dir	semblança textual exploratòria; pendent d'audició
lead-rtva-024-denisa-font	lead-yt-054-francesc-solana	12	Andorra;a veure;bueno;bé;clar;doncs;llavors;no?;o sigui;per tant;perquè;vull dir	semblança textual exploratòria; pendent d'audició
lead-rtva-024-denisa-font	lead-yt-055-enric-flix	12	Andorra;a veure;bueno;bé;clar;doncs;llavors;no?;per tant;perquè;vull dir;és a dir	semblança textual exploratòria; pendent d'audició
lead-rtva-024-denisa-font	lead-yt-056-arnau-fortuny	14	Andorra;a veure;bueno;bé;clar;de fet;doncs;llavors;no?;o sigui;per tant;perquè;vull dir;és a dir	semblança textual exploratòria; pendent d'audició
lead-rtva-024-denisa-font	lead-yt-057-gabriel-lezkano	10	bueno;bé;clar;cultura;doncs;no?;o sigui;per tant;perquè;és a dir	semblança textual exploratòria; pendent d'audició
lead-rtva-024-denisa-font	lead-yt-058-nuria-pablos	14	Andorra;a veure;bueno;bé;clar;de fet;doncs;llavors;no?;o sigui;per tant;perquè;vull dir;és a dir	semblança textual exploratòria; pendent d'audició
lead-rtva-025-albert-gelabert	lead-rtva-026-rosa-maria-mandico	24	Andorra;Govern;a nivell;a veure;bueno;bé;clar;comú;consell;conseller;de fet;diguem;doncs;educació;equip;escola;família;llavors;no?;parròquia;per tant;perquè;poble;és a dir	semblança textual exploratòria; pendent d'audició
lead-rtva-025-albert-gelabert	lead-rtva-027-jordi-guillamet	21	Andorra;Govern;a nivell;a veure;bueno;bé;català;clar;consell;de fet;doncs;escola;evidentment;família;història;llavors;no?;per tant;perquè;poble;és a dir	semblança textual exploratòria; pendent d'audició
lead-rtva-025-albert-gelabert	lead-rtva-028-pere-besoli	23	Andorra;Escaldes;Govern;a veure;bueno;bé;català;clar;comú;de fet;diguem;doncs;equip;escola;evidentment;família;història;llavors;no?;o sigui;per tant;perquè;és a dir	semblança textual exploratòria; pendent d'audició
lead-rtva-025-albert-gelabert	lead-rtva-029-angelina-mas	22	Andorra;Escaldes;Govern;a veure;bueno;bé;clar;comú;consell;de fet;doncs;educació;equip;escola;família;història;llavors;no?;per tant;perquè;poble;és a dir	semblança textual exploratòria; pendent d'audició
lead-rtva-025-albert-gelabert	lead-rtva-030-casimir-arajol	17	Andorra;Govern;a veure;bueno;bé;clar;consell;conseller;diguem;doncs;escola;família;història;llavors;no?;per tant;perquè	semblança textual exploratòria; pendent d'audició
lead-rtva-025-albert-gelabert	lead-rtva-031-ramon-rossell	25	Escaldes;Govern;a veure;aleshores;bueno;bé;català;clar;conseller;de fet;diguem;doncs;educació;escola;evidentment;família;història;llavors;no?;o sigui;parròquia;per tant;perquè;poble;és a dir	semblança textual exploratòria; pendent d'audició
lead-rtva-025-albert-gelabert	lead-rtva-032-anna-riberaygua	23	Andorra;Govern;a veure;andorrana;bueno;bé;clar;comú;consell;de fet;doncs;educació;equip;escola;evidentment;família;història;llavors;no?;o sigui;per tant;perquè;poble	semblança textual exploratòria; pendent d'audició
lead-rtva-025-albert-gelabert	lead-rtva-059-carles-ensenyat	6	Escaldes;bé;comuns;doncs;evidentment;perquè	semblança textual exploratòria; pendent d'audició
lead-rtva-025-albert-gelabert	lead-rtva-060-xavier-espot-actual	2	Govern;per tant	semblança textual exploratòria; pendent d'audició
lead-rtva-025-albert-gelabert	lead-rtva-061-antoni-morell	1	perquè	semblança textual exploratòria; pendent d'audició
lead-rtva-025-albert-gelabert	lead-yt-033-david-montane	4	clar;comuns;doncs;és a dir	semblança textual exploratòria; pendent d'audició
lead-rtva-025-albert-gelabert	lead-yt-034-antoni-marti	9	Andorra;a nivell;a veure;bé;català;evidentment;per tant;perquè;és a dir	semblança textual exploratòria; pendent d'audició
lead-rtva-025-albert-gelabert	lead-yt-035-cerni-escale	15	a nivell;aleshores;bueno;bé;català;comunals;comú;de fet;doncs;evidentment;llavors;no?;per tant;perquè;és a dir	semblança textual exploratòria; pendent d'audició
lead-rtva-025-albert-gelabert	lead-yt-036-xavier-espot	15	Andorra;a veure;bé;clar;comuns;comú;de fet;diguem;doncs;evidentment;o sigui;parròquia;per tant;perquè;és a dir	semblança textual exploratòria; pendent d'audició
lead-rtva-025-albert-gelabert	lead-yt-037-oscar-ribas	11	Andorra;a veure;bueno;bé;comú;doncs;evidentment;llavors;o sigui;per tant;perquè	semblança textual exploratòria; pendent d'audició
lead-rtva-025-albert-gelabert	lead-yt-038-conxita-marsol	8	Andorra;bueno;bé;doncs;família;no?;per tant;perquè	semblança textual exploratòria; pendent d'audició
lead-rtva-025-albert-gelabert	lead-yt-039-marta-roure	15	Andorra;a nivell;a veure;bueno;bé;català;clar;de fet;doncs;família;llavors;no?;o sigui;per tant;perquè	semblança textual exploratòria; pendent d'audició
lead-rtva-025-albert-gelabert	lead-yt-040-guillem-forne	17	Andorra;La Massana;Massana;a nivell;a veure;bueno;bé;clar;conseller;de fet;diguem;doncs;no?;o sigui;parròquia;perquè;és a dir	semblança textual exploratòria; pendent d'audició
lead-rtva-025-albert-gelabert	lead-yt-041-guillem-areny	4	aleshores;bueno;bé;perquè	semblança textual exploratòria; pendent d'audició
lead-rtva-025-albert-gelabert	lead-yt-042-andreu-gonzalez	14	Andorra;a nivell;a veure;bueno;bé;clar;de fet;doncs;evidentment;llavors;no?;o sigui;per tant;perquè	semblança textual exploratòria; pendent d'audició
lead-rtva-025-albert-gelabert	lead-yt-043-oriol-agorreta	12	a veure;bueno;bé;clar;de fet;doncs;evidentment;llavors;no?;per tant;perquè;és a dir	semblança textual exploratòria; pendent d'audició
lead-rtva-025-albert-gelabert	lead-yt-044-laura-casanovas	14	Andorra;Escaldes;a veure;bueno;bé;català;clar;de fet;doncs;llavors;no?;per tant;perquè;és a dir	semblança textual exploratòria; pendent d'audició
lead-rtva-025-albert-gelabert	lead-yt-045-arnau-rius	11	a nivell;a veure;bueno;bé;clar;de fet;doncs;llavors;no?;per tant;perquè	semblança textual exploratòria; pendent d'audició
lead-rtva-025-albert-gelabert	lead-yt-046-alberto-villagrasa	11	a veure;bueno;bé;clar;comú;doncs;evidentment;no?;o sigui;perquè;és a dir	semblança textual exploratòria; pendent d'audició
lead-rtva-025-albert-gelabert	lead-yt-047-katia-ustina	7	Andorra;bueno;bé;doncs;no?;o sigui;perquè	semblança textual exploratòria; pendent d'audició
lead-rtva-025-albert-gelabert	lead-yt-048-ander-mirambell	13	Andorra;a nivell;a veure;bueno;bé;clar;comú;doncs;família;no?;per tant;perquè;és a dir	semblança textual exploratòria; pendent d'audició
lead-rtva-025-albert-gelabert	lead-yt-049-joan-piquet	15	a nivell;a veure;bueno;bé;clar;de fet;diguem;doncs;evidentment;llavors;no?;o sigui;per tant;perquè;és a dir	semblança textual exploratòria; pendent d'audició
lead-rtva-025-albert-gelabert	lead-yt-050-pau-chica	16	Andorra;a nivell;a veure;bueno;bé;català;clar;doncs;evidentment;història;llavors;no?;parròquia;per tant;perquè;és a dir	semblança textual exploratòria; pendent d'audició
lead-rtva-025-albert-gelabert	lead-yt-051-albert-vilaro	11	Andorra;a veure;bueno;bé;clar;diguem;doncs;no?;per tant;perquè;és a dir	semblança textual exploratòria; pendent d'audició
lead-rtva-025-albert-gelabert	lead-yt-052-valenti-closa	15	Escaldes;a nivell;a veure;bueno;bé;clar;comú;de fet;doncs;llavors;no?;o sigui;parròquia;per tant;perquè	semblança textual exploratòria; pendent d'audició
lead-rtva-025-albert-gelabert	lead-yt-053-sonia-andorrita	14	Andorra;Escaldes;a veure;bueno;bé;clar;comú;de fet;doncs;llavors;no?;per tant;perquè;és a dir	semblança textual exploratòria; pendent d'audició
lead-rtva-025-albert-gelabert	lead-yt-054-francesc-solana	14	Andorra;a veure;bueno;bé;clar;diguem;doncs;equip;evidentment;llavors;no?;o sigui;per tant;perquè	semblança textual exploratòria; pendent d'audició
lead-rtva-025-albert-gelabert	lead-yt-055-enric-flix	13	Andorra;a veure;aleshores;bueno;bé;clar;doncs;evidentment;llavors;no?;per tant;perquè;és a dir	semblança textual exploratòria; pendent d'audició
lead-rtva-025-albert-gelabert	lead-yt-056-arnau-fortuny	15	Andorra;a veure;bueno;bé;clar;de fet;diguem;doncs;evidentment;llavors;no?;o sigui;per tant;perquè;és a dir	semblança textual exploratòria; pendent d'audició
lead-rtva-025-albert-gelabert	lead-yt-057-gabriel-lezkano	10	bueno;bé;clar;doncs;evidentment;no?;o sigui;per tant;perquè;és a dir	semblança textual exploratòria; pendent d'audició
lead-rtva-025-albert-gelabert	lead-yt-058-nuria-pablos	14	Andorra;Escaldes;a veure;bueno;bé;clar;de fet;doncs;llavors;no?;o sigui;per tant;perquè;és a dir	semblança textual exploratòria; pendent d'audició
lead-rtva-026-rosa-maria-mandico	lead-rtva-027-jordi-guillamet	20	Andorra;Govern;a nivell;a veure;bueno;bé;clar;consell;de fet;doncs;escola;família;llavors;muntanya;no?;per tant;perquè;poble;vull dir;és a dir	semblança textual exploratòria; pendent d'audició
lead-rtva-026-rosa-maria-mandico	lead-rtva-028-pere-besoli	19	Andorra;Govern;a veure;bueno;bé;clar;comú;de fet;diguem;doncs;equip;escola;família;llavors;no?;per tant;perquè;vull dir;és a dir	semblança textual exploratòria; pendent d'audició
lead-rtva-026-rosa-maria-mandico	lead-rtva-029-angelina-mas	23	Andorra;Canillo;Govern;Santa Coloma;a veure;bueno;bé;clar;comú;consell;de fet;doncs;educació;equip;escola;família;llavors;no?;per tant;perquè;poble;vull dir;és a dir	semblança textual exploratòria; pendent d'audició
lead-rtva-026-rosa-maria-mandico	lead-rtva-030-casimir-arajol	16	Andorra;Govern;a veure;bueno;bé;clar;consell;conseller;diguem;doncs;escola;família;llavors;no?;per tant;perquè	semblança textual exploratòria; pendent d'audició
lead-rtva-026-rosa-maria-mandico	lead-rtva-031-ramon-rossell	24	Canillo;Govern;Sant Julià;a veure;bueno;bé;clar;conseller;de fet;diguem;doncs;educació;escola;esports;família;llavors;muntanya;no?;parròquia;per tant;perquè;poble;vull dir;és a dir	semblança textual exploratòria; pendent d'audició
lead-rtva-026-rosa-maria-mandico	lead-rtva-032-anna-riberaygua	21	Andorra;Govern;a veure;bueno;bé;clar;comú;consell;de fet;doncs;educació;equip;escola;família;llavors;muntanya;no?;per tant;perquè;poble;vull dir	semblança textual exploratòria; pendent d'audició
lead-rtva-026-rosa-maria-mandico	lead-rtva-059-carles-ensenyat	3	bé;doncs;perquè	semblança textual exploratòria; pendent d'audició
lead-rtva-026-rosa-maria-mandico	lead-rtva-060-xavier-espot-actual	2	Govern;per tant	semblança textual exploratòria; pendent d'audició
lead-rtva-026-rosa-maria-mandico	lead-rtva-061-antoni-morell	2	comunal;perquè	semblança textual exploratòria; pendent d'audició
lead-rtva-026-rosa-maria-mandico	lead-yt-033-david-montane	3	clar;doncs;és a dir	semblança textual exploratòria; pendent d'audició
lead-rtva-026-rosa-maria-mandico	lead-yt-034-antoni-marti	8	Andorra;a nivell;a veure;bé;joventut;per tant;perquè;és a dir	semblança textual exploratòria; pendent d'audició
lead-rtva-026-rosa-maria-mandico	lead-yt-035-cerni-escale	12	a nivell;bueno;bé;comú;de fet;doncs;llavors;muntanya;no?;per tant;perquè;és a dir	semblança textual exploratòria; pendent d'audició
lead-rtva-026-rosa-maria-mandico	lead-yt-036-xavier-espot	13	Andorra;Sant Julià;a veure;bé;clar;comú;de fet;diguem;doncs;parròquia;per tant;perquè;és a dir	semblança textual exploratòria; pendent d'audició
lead-rtva-026-rosa-maria-mandico	lead-yt-037-oscar-ribas	9	Andorra;a veure;bueno;bé;comú;doncs;llavors;per tant;perquè	semblança textual exploratòria; pendent d'audició
lead-rtva-026-rosa-maria-mandico	lead-yt-038-conxita-marsol	8	Andorra;bueno;bé;doncs;família;no?;per tant;perquè	semblança textual exploratòria; pendent d'audició
lead-rtva-026-rosa-maria-mandico	lead-yt-039-marta-roure	13	Andorra;a nivell;a veure;bueno;bé;clar;de fet;doncs;família;llavors;no?;per tant;perquè	semblança textual exploratòria; pendent d'audició
lead-rtva-026-rosa-maria-mandico	lead-yt-040-guillem-forne	16	Andorra;Sant Julià;a nivell;a veure;bueno;bé;clar;conseller;de fet;diguem;doncs;no?;parròquia;perquè;vull dir;és a dir	semblança textual exploratòria; pendent d'audició
lead-rtva-026-rosa-maria-mandico	lead-yt-041-guillem-areny	3	bueno;bé;perquè	semblança textual exploratòria; pendent d'audició
lead-rtva-026-rosa-maria-mandico	lead-yt-042-andreu-gonzalez	13	Andorra;a nivell;a veure;bueno;bé;clar;de fet;doncs;llavors;muntanya;no?;per tant;perquè	semblança textual exploratòria; pendent d'audició
lead-rtva-026-rosa-maria-mandico	lead-yt-043-oriol-agorreta	11	a veure;bueno;bé;clar;de fet;doncs;llavors;no?;per tant;perquè;és a dir	semblança textual exploratòria; pendent d'audició
lead-rtva-026-rosa-maria-mandico	lead-yt-044-laura-casanovas	13	Andorra;Canillo;a veure;bueno;bé;clar;de fet;doncs;llavors;no?;per tant;perquè;és a dir	semblança textual exploratòria; pendent d'audició
lead-rtva-026-rosa-maria-mandico	lead-yt-045-arnau-rius	13	a nivell;a veure;bueno;bé;clar;de fet;doncs;llavors;muntanya;no?;per tant;perquè;vull dir	semblança textual exploratòria; pendent d'audició
lead-rtva-026-rosa-maria-mandico	lead-yt-046-alberto-villagrasa	9	a veure;bueno;bé;clar;comú;doncs;no?;perquè;és a dir	semblança textual exploratòria; pendent d'audició
lead-rtva-026-rosa-maria-mandico	lead-yt-047-katia-ustina	6	Andorra;bueno;bé;doncs;no?;perquè	semblança textual exploratòria; pendent d'audició
lead-rtva-026-rosa-maria-mandico	lead-yt-048-ander-mirambell	14	Andorra;a nivell;a veure;bueno;bé;clar;comú;doncs;esports;família;no?;per tant;perquè;és a dir	semblança textual exploratòria; pendent d'audició
lead-rtva-026-rosa-maria-mandico	lead-yt-049-joan-piquet	14	a nivell;a veure;bueno;bé;clar;de fet;diguem;doncs;llavors;no?;per tant;perquè;vull dir;és a dir	semblança textual exploratòria; pendent d'audició
lead-rtva-026-rosa-maria-mandico	lead-yt-050-pau-chica	14	Andorra;a nivell;a veure;bueno;bé;clar;doncs;llavors;no?;parròquia;per tant;perquè;vull dir;és a dir	semblança textual exploratòria; pendent d'audició
lead-rtva-026-rosa-maria-mandico	lead-yt-051-albert-vilaro	12	Andorra;a veure;bueno;bé;clar;diguem;doncs;no?;per tant;perquè;vull dir;és a dir	semblança textual exploratòria; pendent d'audició
lead-rtva-026-rosa-maria-mandico	lead-yt-052-valenti-closa	14	a nivell;a veure;bueno;bé;clar;comú;de fet;doncs;llavors;no?;parròquia;per tant;perquè;vull dir	semblança textual exploratòria; pendent d'audició
lead-rtva-026-rosa-maria-mandico	lead-yt-053-sonia-andorrita	13	Andorra;a veure;bueno;bé;clar;comú;de fet;doncs;llavors;no?;per tant;perquè;és a dir	semblança textual exploratòria; pendent d'audició
lead-rtva-026-rosa-maria-mandico	lead-yt-054-francesc-solana	13	Andorra;a veure;bueno;bé;clar;diguem;doncs;equip;llavors;no?;per tant;perquè;vull dir	semblança textual exploratòria; pendent d'audició
lead-rtva-026-rosa-maria-mandico	lead-yt-055-enric-flix	12	Andorra;a veure;bueno;bé;clar;doncs;llavors;no?;per tant;perquè;vull dir;és a dir	semblança textual exploratòria; pendent d'audició
lead-rtva-026-rosa-maria-mandico	lead-yt-056-arnau-fortuny	14	Andorra;a veure;bueno;bé;clar;de fet;diguem;doncs;llavors;no?;per tant;perquè;vull dir;és a dir	semblança textual exploratòria; pendent d'audició
lead-rtva-026-rosa-maria-mandico	lead-yt-057-gabriel-lezkano	8	bueno;bé;clar;doncs;no?;per tant;perquè;és a dir	semblança textual exploratòria; pendent d'audició
lead-rtva-026-rosa-maria-mandico	lead-yt-058-nuria-pablos	13	Andorra;a veure;bueno;bé;clar;de fet;doncs;llavors;no?;per tant;perquè;vull dir;és a dir	semblança textual exploratòria; pendent d'audició
lead-rtva-027-jordi-guillamet	lead-rtva-028-pere-besoli	22	Andorra;Govern;a veure;bueno;bé;català;clar;de fet;doncs;escola;evidentment;família;francès;història;jocs;llavors;no?;per tant;perquè;projecte;vull dir;és a dir	semblança textual exploratòria; pendent d'audició
lead-rtva-027-jordi-guillamet	lead-rtva-029-angelina-mas	21	Andorra;Govern;a veure;bueno;bé;clar;consell;de fet;doncs;escola;família;francès;història;llavors;no?;per tant;perquè;poble;projecte;vull dir;és a dir	semblança textual exploratòria; pendent d'audició
lead-rtva-027-jordi-guillamet	lead-rtva-030-casimir-arajol	15	Andorra;Govern;a veure;bueno;bé;clar;consell;doncs;escola;família;història;llavors;no?;per tant;perquè	semblança textual exploratòria; pendent d'audició
lead-rtva-027-jordi-guillamet	lead-rtva-031-ramon-rossell	21	Govern;a veure;bueno;bé;català;clar;de fet;doncs;escola;evidentment;família;història;llavors;muntanya;no?;patrimoni;per tant;perquè;poble;vull dir;és a dir	semblança textual exploratòria; pendent d'audició
lead-rtva-027-jordi-guillamet	lead-rtva-032-anna-riberaygua	23	Andorra;Govern;a veure;bueno;bé;clar;consell;de fet;doncs;escola;evidentment;família;francès;història;llavors;ministres;muntanya;no?;per tant;perquè;poble;projecte;vull dir	semblança textual exploratòria; pendent d'audició
lead-rtva-027-jordi-guillamet	lead-rtva-059-carles-ensenyat	4	bé;doncs;evidentment;perquè	semblança textual exploratòria; pendent d'audició
lead-rtva-027-jordi-guillamet	lead-rtva-060-xavier-espot-actual	2	Govern;per tant	semblança textual exploratòria; pendent d'audició
lead-rtva-027-jordi-guillamet	lead-rtva-061-antoni-morell	1	perquè	semblança textual exploratòria; pendent d'audició
lead-rtva-027-jordi-guillamet	lead-yt-033-david-montane	3	clar;doncs;és a dir	semblança textual exploratòria; pendent d'audició
lead-rtva-027-jordi-guillamet	lead-yt-034-antoni-marti	9	Andorra;a nivell;a veure;bé;català;evidentment;per tant;perquè;és a dir	semblança textual exploratòria; pendent d'audició
lead-rtva-027-jordi-guillamet	lead-yt-035-cerni-escale	13	a nivell;bueno;bé;català;de fet;doncs;evidentment;llavors;muntanya;no?;per tant;perquè;és a dir	semblança textual exploratòria; pendent d'audició
lead-rtva-027-jordi-guillamet	lead-yt-036-xavier-espot	10	Andorra;a veure;bé;clar;de fet;doncs;evidentment;per tant;perquè;és a dir	semblança textual exploratòria; pendent d'audició
lead-rtva-027-jordi-guillamet	lead-yt-037-oscar-ribas	9	Andorra;a veure;bueno;bé;doncs;evidentment;llavors;per tant;perquè	semblança textual exploratòria; pendent d'audició
lead-rtva-027-jordi-guillamet	lead-yt-038-conxita-marsol	8	Andorra;bueno;bé;doncs;família;no?;per tant;perquè	semblança textual exploratòria; pendent d'audició
lead-rtva-027-jordi-guillamet	lead-yt-039-marta-roure	14	Andorra;a nivell;a veure;bueno;bé;català;clar;de fet;doncs;família;llavors;no?;per tant;perquè	semblança textual exploratòria; pendent d'audició
lead-rtva-027-jordi-guillamet	lead-yt-040-guillem-forne	12	Andorra;a nivell;a veure;bueno;bé;clar;de fet;doncs;no?;perquè;vull dir;és a dir	semblança textual exploratòria; pendent d'audició
lead-rtva-027-jordi-guillamet	lead-yt-041-guillem-areny	3	bueno;bé;perquè	semblança textual exploratòria; pendent d'audició
lead-rtva-027-jordi-guillamet	lead-yt-042-andreu-gonzalez	14	Andorra;a nivell;a veure;bueno;bé;clar;de fet;doncs;evidentment;llavors;muntanya;no?;per tant;perquè	semblança textual exploratòria; pendent d'audició
lead-rtva-027-jordi-guillamet	lead-yt-043-oriol-agorreta	12	a veure;bueno;bé;clar;de fet;doncs;evidentment;llavors;no?;per tant;perquè;és a dir	semblança textual exploratòria; pendent d'audició
lead-rtva-027-jordi-guillamet	lead-yt-044-laura-casanovas	13	Andorra;a veure;bueno;bé;català;clar;de fet;doncs;llavors;no?;per tant;perquè;és a dir	semblança textual exploratòria; pendent d'audició
lead-rtva-027-jordi-guillamet	lead-yt-045-arnau-rius	13	a nivell;a veure;bueno;bé;clar;de fet;doncs;llavors;muntanya;no?;per tant;perquè;vull dir	semblança textual exploratòria; pendent d'audició
lead-rtva-027-jordi-guillamet	lead-yt-046-alberto-villagrasa	9	a veure;bueno;bé;clar;doncs;evidentment;no?;perquè;és a dir	semblança textual exploratòria; pendent d'audició
lead-rtva-027-jordi-guillamet	lead-yt-047-katia-ustina	6	Andorra;bueno;bé;doncs;no?;perquè	semblança textual exploratòria; pendent d'audició
lead-rtva-027-jordi-guillamet	lead-yt-048-ander-mirambell	12	Andorra;a nivell;a veure;bueno;bé;clar;doncs;família;no?;per tant;perquè;és a dir	semblança textual exploratòria; pendent d'audició
lead-rtva-027-jordi-guillamet	lead-yt-049-joan-piquet	14	a nivell;a veure;bueno;bé;clar;de fet;doncs;evidentment;llavors;no?;per tant;perquè;vull dir;és a dir	semblança textual exploratòria; pendent d'audició
lead-rtva-027-jordi-guillamet	lead-yt-050-pau-chica	17	Andorra;a nivell;a veure;bueno;bé;català;clar;doncs;evidentment;francès;història;llavors;no?;per tant;perquè;vull dir;és a dir	semblança textual exploratòria; pendent d'audició
lead-rtva-027-jordi-guillamet	lead-yt-051-albert-vilaro	11	Andorra;a veure;bueno;bé;clar;doncs;no?;per tant;perquè;vull dir;és a dir	semblança textual exploratòria; pendent d'audició
lead-rtva-027-jordi-guillamet	lead-yt-052-valenti-closa	12	a nivell;a veure;bueno;bé;clar;de fet;doncs;llavors;no?;per tant;perquè;vull dir	semblança textual exploratòria; pendent d'audició
lead-rtva-027-jordi-guillamet	lead-yt-053-sonia-andorrita	12	Andorra;a veure;bueno;bé;clar;de fet;doncs;llavors;no?;per tant;perquè;és a dir	semblança textual exploratòria; pendent d'audició
lead-rtva-027-jordi-guillamet	lead-yt-054-francesc-solana	12	Andorra;a veure;bueno;bé;clar;doncs;evidentment;llavors;no?;per tant;perquè;vull dir	semblança textual exploratòria; pendent d'audició
lead-rtva-027-jordi-guillamet	lead-yt-055-enric-flix	13	Andorra;a veure;bueno;bé;clar;doncs;evidentment;llavors;no?;per tant;perquè;vull dir;és a dir	semblança textual exploratòria; pendent d'audició
lead-rtva-027-jordi-guillamet	lead-yt-056-arnau-fortuny	15	Andorra;a veure;bueno;bé;clar;de fet;doncs;evidentment;jocs;llavors;no?;per tant;perquè;vull dir;és a dir	semblança textual exploratòria; pendent d'audició
lead-rtva-027-jordi-guillamet	lead-yt-057-gabriel-lezkano	9	bueno;bé;clar;doncs;evidentment;no?;per tant;perquè;és a dir	semblança textual exploratòria; pendent d'audició
lead-rtva-027-jordi-guillamet	lead-yt-058-nuria-pablos	13	Andorra;a veure;bueno;bé;clar;de fet;doncs;llavors;no?;per tant;perquè;vull dir;és a dir	semblança textual exploratòria; pendent d'audició
lead-rtva-028-pere-besoli	lead-rtva-029-angelina-mas	22	Andorra;Escaldes;Govern;a veure;bueno;bé;clar;comú;de fet;doncs;equip;escola;família;francès;història;llavors;no?;per tant;perquè;projecte;vull dir;és a dir	semblança textual exploratòria; pendent d'audició
lead-rtva-028-pere-besoli	lead-rtva-030-casimir-arajol	18	Andorra;Govern;a veure;bueno;bé;clar;comerç;diguem;doncs;empresa;escola;família;festa;història;llavors;no?;per tant;perquè	semblança textual exploratòria; pendent d'audició
lead-rtva-028-pere-besoli	lead-rtva-031-ramon-rossell	22	Escaldes;Govern;a veure;bueno;bé;català;clar;de fet;diguem;doncs;escola;evidentment;família;festa;història;llavors;no?;o sigui;per tant;perquè;vull dir;és a dir	semblança textual exploratòria; pendent d'audició
lead-rtva-028-pere-besoli	lead-rtva-032-anna-riberaygua	23	Andorra;Govern;a veure;bueno;bé;clar;comerç;comú;de fet;doncs;equip;escola;evidentment;família;francès;història;llavors;no?;o sigui;per tant;perquè;projecte;vull dir	semblança textual exploratòria; pendent d'audició
lead-rtva-028-pere-besoli	lead-rtva-059-carles-ensenyat	5	Escaldes;bé;doncs;evidentment;perquè	semblança textual exploratòria; pendent d'audició
lead-rtva-028-pere-besoli	lead-rtva-060-xavier-espot-actual	2	Govern;per tant	semblança textual exploratòria; pendent d'audició
lead-rtva-028-pere-besoli	lead-rtva-061-antoni-morell	1	perquè	semblança textual exploratòria; pendent d'audició
lead-rtva-028-pere-besoli	lead-yt-033-david-montane	3	clar;doncs;és a dir	semblança textual exploratòria; pendent d'audició
lead-rtva-028-pere-besoli	lead-yt-034-antoni-marti	8	Andorra;a veure;bé;català;evidentment;per tant;perquè;és a dir	semblança textual exploratòria; pendent d'audició
lead-rtva-028-pere-besoli	lead-yt-035-cerni-escale	12	bueno;bé;català;comú;de fet;doncs;evidentment;llavors;no?;per tant;perquè;és a dir	semblança textual exploratòria; pendent d'audició
lead-rtva-028-pere-besoli	lead-yt-036-xavier-espot	13	Andorra;a veure;bé;clar;comú;de fet;diguem;doncs;evidentment;o sigui;per tant;perquè;és a dir	semblança textual exploratòria; pendent d'audició
lead-rtva-028-pere-besoli	lead-yt-037-oscar-ribas	11	Andorra;a veure;bueno;bé;comú;doncs;evidentment;llavors;o sigui;per tant;perquè	semblança textual exploratòria; pendent d'audició
lead-rtva-028-pere-besoli	lead-yt-038-conxita-marsol	8	Andorra;bueno;bé;doncs;família;no?;per tant;perquè	semblança textual exploratòria; pendent d'audició
lead-rtva-028-pere-besoli	lead-yt-039-marta-roure	14	Andorra;a veure;bueno;bé;català;clar;de fet;doncs;família;llavors;no?;o sigui;per tant;perquè	semblança textual exploratòria; pendent d'audició
lead-rtva-028-pere-besoli	lead-yt-040-guillem-forne	13	Andorra;a veure;bueno;bé;clar;de fet;diguem;doncs;no?;o sigui;perquè;vull dir;és a dir	semblança textual exploratòria; pendent d'audició
lead-rtva-028-pere-besoli	lead-yt-041-guillem-areny	3	bueno;bé;perquè	semblança textual exploratòria; pendent d'audició
lead-rtva-028-pere-besoli	lead-yt-042-andreu-gonzalez	13	Andorra;a veure;bueno;bé;clar;de fet;doncs;evidentment;llavors;no?;o sigui;per tant;perquè	semblança textual exploratòria; pendent d'audició
lead-rtva-028-pere-besoli	lead-yt-043-oriol-agorreta	12	a veure;bueno;bé;clar;de fet;doncs;evidentment;llavors;no?;per tant;perquè;és a dir	semblança textual exploratòria; pendent d'audició
lead-rtva-028-pere-besoli	lead-yt-044-laura-casanovas	14	Andorra;Escaldes;a veure;bueno;bé;català;clar;de fet;doncs;llavors;no?;per tant;perquè;és a dir	semblança textual exploratòria; pendent d'audició
lead-rtva-028-pere-besoli	lead-yt-045-arnau-rius	11	a veure;bueno;bé;clar;de fet;doncs;llavors;no?;per tant;perquè;vull dir	semblança textual exploratòria; pendent d'audició
lead-rtva-028-pere-besoli	lead-yt-046-alberto-villagrasa	11	a veure;bueno;bé;clar;comú;doncs;evidentment;no?;o sigui;perquè;és a dir	semblança textual exploratòria; pendent d'audició
lead-rtva-028-pere-besoli	lead-yt-047-katia-ustina	7	Andorra;bueno;bé;doncs;no?;o sigui;perquè	semblança textual exploratòria; pendent d'audició
lead-rtva-028-pere-besoli	lead-yt-048-ander-mirambell	12	Andorra;a veure;bueno;bé;clar;comú;doncs;família;no?;per tant;perquè;és a dir	semblança textual exploratòria; pendent d'audició
lead-rtva-028-pere-besoli	lead-yt-049-joan-piquet	15	a veure;bueno;bé;clar;de fet;diguem;doncs;evidentment;llavors;no?;o sigui;per tant;perquè;vull dir;és a dir	semblança textual exploratòria; pendent d'audició
lead-rtva-028-pere-besoli	lead-yt-050-pau-chica	16	Andorra;a veure;bueno;bé;català;clar;doncs;evidentment;francès;història;llavors;no?;per tant;perquè;vull dir;és a dir	semblança textual exploratòria; pendent d'audició
lead-rtva-028-pere-besoli	lead-yt-051-albert-vilaro	12	Andorra;a veure;bueno;bé;clar;diguem;doncs;no?;per tant;perquè;vull dir;és a dir	semblança textual exploratòria; pendent d'audició
lead-rtva-028-pere-besoli	lead-yt-052-valenti-closa	14	Escaldes;a veure;bueno;bé;clar;comú;de fet;doncs;llavors;no?;o sigui;per tant;perquè;vull dir	semblança textual exploratòria; pendent d'audició
lead-rtva-028-pere-besoli	lead-yt-053-sonia-andorrita	14	Andorra;Escaldes;a veure;bueno;bé;clar;comú;de fet;doncs;llavors;no?;per tant;perquè;és a dir	semblança textual exploratòria; pendent d'audició
lead-rtva-028-pere-besoli	lead-yt-054-francesc-solana	15	Andorra;a veure;bueno;bé;clar;diguem;doncs;equip;evidentment;llavors;no?;o sigui;per tant;perquè;vull dir	semblança textual exploratòria; pendent d'audició
lead-rtva-028-pere-besoli	lead-yt-055-enric-flix	15	Andorra;a veure;bueno;bé;clar;doncs;empresa;empresari;evidentment;llavors;no?;per tant;perquè;vull dir;és a dir	semblança textual exploratòria; pendent d'audició
lead-rtva-028-pere-besoli	lead-yt-056-arnau-fortuny	18	Andorra;a veure;bueno;bé;clar;de fet;diguem;doncs;empresa;evidentment;jocs;llavors;no?;o sigui;per tant;perquè;vull dir;és a dir	semblança textual exploratòria; pendent d'audició
lead-rtva-028-pere-besoli	lead-yt-057-gabriel-lezkano	10	bueno;bé;clar;doncs;evidentment;no?;o sigui;per tant;perquè;és a dir	semblança textual exploratòria; pendent d'audició
lead-rtva-028-pere-besoli	lead-yt-058-nuria-pablos	15	Andorra;Escaldes;a veure;bueno;bé;clar;de fet;doncs;llavors;no?;o sigui;per tant;perquè;vull dir;és a dir	semblança textual exploratòria; pendent d'audició
lead-rtva-029-angelina-mas	lead-rtva-030-casimir-arajol	16	Andorra;Govern;a veure;bueno;bé;clar;consell;doncs;escola;família;història;llavors;memòria;no?;per tant;perquè	semblança textual exploratòria; pendent d'audició
lead-rtva-029-angelina-mas	lead-rtva-031-ramon-rossell	21	Canillo;Escaldes;Govern;a veure;bueno;bé;clar;de fet;doncs;educació;escola;família;història;llavors;memòria;no?;per tant;perquè;poble;vull dir;és a dir	semblança textual exploratòria; pendent d'audició
lead-rtva-029-angelina-mas	lead-rtva-032-anna-riberaygua	25	Andorra;Govern;a veure;aviam;bueno;bé;clar;comú;consell;de fet;doncs;educació;equip;escola;família;francès;història;llavors;memòria;no?;per tant;perquè;poble;projecte;vull dir	semblança textual exploratòria; pendent d'audició
lead-rtva-029-angelina-mas	lead-rtva-059-carles-ensenyat	4	Escaldes;bé;doncs;perquè	semblança textual exploratòria; pendent d'audició
lead-rtva-029-angelina-mas	lead-rtva-060-xavier-espot-actual	2	Govern;per tant	semblança textual exploratòria; pendent d'audició
lead-rtva-029-angelina-mas	lead-rtva-061-antoni-morell	1	perquè	semblança textual exploratòria; pendent d'audició
lead-rtva-029-angelina-mas	lead-yt-033-david-montane	3	clar;doncs;és a dir	semblança textual exploratòria; pendent d'audició
lead-rtva-029-angelina-mas	lead-yt-034-antoni-marti	6	Andorra;a veure;bé;per tant;perquè;és a dir	semblança textual exploratòria; pendent d'audició
lead-rtva-029-angelina-mas	lead-yt-035-cerni-escale	10	bueno;bé;comú;de fet;doncs;llavors;no?;per tant;perquè;és a dir	semblança textual exploratòria; pendent d'audició
lead-rtva-029-angelina-mas	lead-yt-036-xavier-espot	10	Andorra;a veure;bé;clar;comú;de fet;doncs;per tant;perquè;és a dir	semblança textual exploratòria; pendent d'audició
lead-rtva-029-angelina-mas	lead-yt-037-oscar-ribas	9	Andorra;a veure;bueno;bé;comú;doncs;llavors;per tant;perquè	semblança textual exploratòria; pendent d'audició
lead-rtva-029-angelina-mas	lead-yt-038-conxita-marsol	8	Andorra;bueno;bé;doncs;família;no?;per tant;perquè	semblança textual exploratòria; pendent d'audició
lead-rtva-029-angelina-mas	lead-yt-039-marta-roure	12	Andorra;a veure;bueno;bé;clar;de fet;doncs;família;llavors;no?;per tant;perquè	semblança textual exploratòria; pendent d'audició
lead-rtva-029-angelina-mas	lead-yt-040-guillem-forne	12	Andorra;a veure;aviam;bueno;bé;clar;de fet;doncs;no?;perquè;vull dir;és a dir	semblança textual exploratòria; pendent d'audició
lead-rtva-029-angelina-mas	lead-yt-041-guillem-areny	3	bueno;bé;perquè	semblança textual exploratòria; pendent d'audició
lead-rtva-029-angelina-mas	lead-yt-042-andreu-gonzalez	11	Andorra;a veure;bueno;bé;clar;de fet;doncs;llavors;no?;per tant;perquè	semblança textual exploratòria; pendent d'audició
lead-rtva-029-angelina-mas	lead-yt-043-oriol-agorreta	11	a veure;bueno;bé;clar;de fet;doncs;llavors;no?;per tant;perquè;és a dir	semblança textual exploratòria; pendent d'audició
lead-rtva-029-angelina-mas	lead-yt-044-laura-casanovas	14	Andorra;Canillo;Escaldes;a veure;bueno;bé;clar;de fet;doncs;llavors;no?;per tant;perquè;és a dir	semblança textual exploratòria; pendent d'audició
lead-rtva-029-angelina-mas	lead-yt-045-arnau-rius	11	a veure;bueno;bé;clar;de fet;doncs;llavors;no?;per tant;perquè;vull dir	semblança textual exploratòria; pendent d'audició
lead-rtva-029-angelina-mas	lead-yt-046-alberto-villagrasa	9	a veure;bueno;bé;clar;comú;doncs;no?;perquè;és a dir	semblança textual exploratòria; pendent d'audició
lead-rtva-029-angelina-mas	lead-yt-047-katia-ustina	6	Andorra;bueno;bé;doncs;no?;perquè	semblança textual exploratòria; pendent d'audició
lead-rtva-029-angelina-mas	lead-yt-048-ander-mirambell	12	Andorra;a veure;bueno;bé;clar;comú;doncs;família;no?;per tant;perquè;és a dir	semblança textual exploratòria; pendent d'audició
lead-rtva-029-angelina-mas	lead-yt-049-joan-piquet	13	a veure;aviam;bueno;bé;clar;de fet;doncs;llavors;no?;per tant;perquè;vull dir;és a dir	semblança textual exploratòria; pendent d'audició
lead-rtva-029-angelina-mas	lead-yt-050-pau-chica	15	Andorra;a veure;bueno;bé;clar;doncs;francès;història;llavors;memòria;no?;per tant;perquè;vull dir;és a dir	semblança textual exploratòria; pendent d'audició
lead-rtva-029-angelina-mas	lead-yt-051-albert-vilaro	12	Andorra;a veure;aviam;bueno;bé;clar;doncs;no?;per tant;perquè;vull dir;és a dir	semblança textual exploratòria; pendent d'audició
lead-rtva-029-angelina-mas	lead-yt-052-valenti-closa	14	Escaldes;a veure;aviam;bueno;bé;clar;comú;de fet;doncs;llavors;no?;per tant;perquè;vull dir	semblança textual exploratòria; pendent d'audició
lead-rtva-029-angelina-mas	lead-yt-053-sonia-andorrita	14	Andorra;Escaldes;a veure;bueno;bé;clar;comú;de fet;doncs;llavors;no?;per tant;perquè;és a dir	semblança textual exploratòria; pendent d'audició
lead-rtva-029-angelina-mas	lead-yt-054-francesc-solana	12	Andorra;a veure;bueno;bé;clar;doncs;equip;llavors;no?;per tant;perquè;vull dir	semblança textual exploratòria; pendent d'audició
lead-rtva-029-angelina-mas	lead-yt-055-enric-flix	13	Andorra;a veure;aviam;bueno;bé;clar;doncs;llavors;no?;per tant;perquè;vull dir;és a dir	semblança textual exploratòria; pendent d'audició
lead-rtva-029-angelina-mas	lead-yt-056-arnau-fortuny	13	Andorra;a veure;bueno;bé;clar;de fet;doncs;llavors;no?;per tant;perquè;vull dir;és a dir	semblança textual exploratòria; pendent d'audició
lead-rtva-029-angelina-mas	lead-yt-057-gabriel-lezkano	8	bueno;bé;clar;doncs;no?;per tant;perquè;és a dir	semblança textual exploratòria; pendent d'audició
lead-rtva-029-angelina-mas	lead-yt-058-nuria-pablos	14	Andorra;Escaldes;a veure;bueno;bé;clar;de fet;doncs;llavors;no?;per tant;perquè;vull dir;és a dir	semblança textual exploratòria; pendent d'audició
lead-rtva-030-casimir-arajol	lead-rtva-031-ramon-rossell	17	Govern;a veure;bueno;bé;clar;conseller;diguem;doncs;escola;família;festa;història;llavors;memòria;no?;per tant;perquè	semblança textual exploratòria; pendent d'audició
lead-rtva-030-casimir-arajol	lead-rtva-032-anna-riberaygua	18	Andorra;Govern;a veure;bueno;bé;clar;comerç;consell;doncs;escola;família;història;llavors;memòria;no?;per tant;perquè;tradició	semblança textual exploratòria; pendent d'audició
lead-rtva-030-casimir-arajol	lead-rtva-059-carles-ensenyat	3	bé;doncs;perquè	semblança textual exploratòria; pendent d'audició
lead-rtva-030-casimir-arajol	lead-rtva-060-xavier-espot-actual	2	Govern;per tant	semblança textual exploratòria; pendent d'audició
lead-rtva-030-casimir-arajol	lead-rtva-061-antoni-morell	1	perquè	semblança textual exploratòria; pendent d'audició
lead-rtva-030-casimir-arajol	lead-yt-033-david-montane	2	clar;doncs	semblança textual exploratòria; pendent d'audició
lead-rtva-030-casimir-arajol	lead-yt-034-antoni-marti	5	Andorra;a veure;bé;per tant;perquè	semblança textual exploratòria; pendent d'audició
lead-rtva-030-casimir-arajol	lead-yt-035-cerni-escale	7	bueno;bé;doncs;llavors;no?;per tant;perquè	semblança textual exploratòria; pendent d'audició
lead-rtva-030-casimir-arajol	lead-yt-036-xavier-espot	8	Andorra;a veure;bé;clar;diguem;doncs;per tant;perquè	semblança textual exploratòria; pendent d'audició
lead-rtva-030-casimir-arajol	lead-yt-037-oscar-ribas	8	Andorra;a veure;bueno;bé;doncs;llavors;per tant;perquè	semblança textual exploratòria; pendent d'audició
lead-rtva-030-casimir-arajol	lead-yt-038-conxita-marsol	8	Andorra;bueno;bé;doncs;família;no?;per tant;perquè	semblança textual exploratòria; pendent d'audició
lead-rtva-030-casimir-arajol	lead-yt-039-marta-roure	11	Andorra;a veure;bueno;bé;clar;doncs;família;llavors;no?;per tant;perquè	semblança textual exploratòria; pendent d'audició
lead-rtva-030-casimir-arajol	lead-yt-040-guillem-forne	11	Andorra;a veure;bueno;bé;clar;conseller;diguem;doncs;no?;perquè;tradició	semblança textual exploratòria; pendent d'audició
lead-rtva-030-casimir-arajol	lead-yt-041-guillem-areny	3	bueno;bé;perquè	semblança textual exploratòria; pendent d'audició
lead-rtva-030-casimir-arajol	lead-yt-042-andreu-gonzalez	10	Andorra;a veure;bueno;bé;clar;doncs;llavors;no?;per tant;perquè	semblança textual exploratòria; pendent d'audició
lead-rtva-030-casimir-arajol	lead-yt-043-oriol-agorreta	9	a veure;bueno;bé;clar;doncs;llavors;no?;per tant;perquè	semblança textual exploratòria; pendent d'audició
lead-rtva-030-casimir-arajol	lead-yt-044-laura-casanovas	10	Andorra;a veure;bueno;bé;clar;doncs;llavors;no?;per tant;perquè	semblança textual exploratòria; pendent d'audició
lead-rtva-030-casimir-arajol	lead-yt-045-arnau-rius	9	a veure;bueno;bé;clar;doncs;llavors;no?;per tant;perquè	semblança textual exploratòria; pendent d'audició
lead-rtva-030-casimir-arajol	lead-yt-046-alberto-villagrasa	7	a veure;bueno;bé;clar;doncs;no?;perquè	semblança textual exploratòria; pendent d'audició
lead-rtva-030-casimir-arajol	lead-yt-047-katia-ustina	6	Andorra;bueno;bé;doncs;no?;perquè	semblança textual exploratòria; pendent d'audició
lead-rtva-030-casimir-arajol	lead-yt-048-ander-mirambell	10	Andorra;a veure;bueno;bé;clar;doncs;família;no?;per tant;perquè	semblança textual exploratòria; pendent d'audició
lead-rtva-030-casimir-arajol	lead-yt-049-joan-piquet	10	a veure;bueno;bé;clar;diguem;doncs;llavors;no?;per tant;perquè	semblança textual exploratòria; pendent d'audició
lead-rtva-030-casimir-arajol	lead-yt-050-pau-chica	12	Andorra;a veure;bueno;bé;clar;doncs;història;llavors;memòria;no?;per tant;perquè	semblança textual exploratòria; pendent d'audició
lead-rtva-030-casimir-arajol	lead-yt-051-albert-vilaro	10	Andorra;a veure;bueno;bé;clar;diguem;doncs;no?;per tant;perquè	semblança textual exploratòria; pendent d'audició
lead-rtva-030-casimir-arajol	lead-yt-052-valenti-closa	9	a veure;bueno;bé;clar;doncs;llavors;no?;per tant;perquè	semblança textual exploratòria; pendent d'audició
lead-rtva-030-casimir-arajol	lead-yt-053-sonia-andorrita	10	Andorra;a veure;bueno;bé;clar;doncs;llavors;no?;per tant;perquè	semblança textual exploratòria; pendent d'audició
lead-rtva-030-casimir-arajol	lead-yt-054-francesc-solana	11	Andorra;a veure;bueno;bé;clar;diguem;doncs;llavors;no?;per tant;perquè	semblança textual exploratòria; pendent d'audició
lead-rtva-030-casimir-arajol	lead-yt-055-enric-flix	11	Andorra;a veure;bueno;bé;clar;doncs;empresa;llavors;no?;per tant;perquè	semblança textual exploratòria; pendent d'audició
lead-rtva-030-casimir-arajol	lead-yt-056-arnau-fortuny	12	Andorra;a veure;bueno;bé;clar;diguem;doncs;empresa;llavors;no?;per tant;perquè	semblança textual exploratòria; pendent d'audició
lead-rtva-030-casimir-arajol	lead-yt-057-gabriel-lezkano	7	bueno;bé;clar;doncs;no?;per tant;perquè	semblança textual exploratòria; pendent d'audició
lead-rtva-030-casimir-arajol	lead-yt-058-nuria-pablos	10	Andorra;a veure;bueno;bé;clar;doncs;llavors;no?;per tant;perquè	semblança textual exploratòria; pendent d'audició
lead-rtva-031-ramon-rossell	lead-rtva-032-anna-riberaygua	22	Govern;a veure;biblioteca;bueno;bé;clar;de fet;doncs;educació;escola;evidentment;família;història;llavors;memòria;muntanya;no?;o sigui;per tant;perquè;poble;vull dir	semblança textual exploratòria; pendent d'audició
lead-rtva-031-ramon-rossell	lead-rtva-059-carles-ensenyat	6	Escaldes;bé;doncs;evidentment;perquè;santuari	semblança textual exploratòria; pendent d'audició
lead-rtva-031-ramon-rossell	lead-rtva-060-xavier-espot-actual	3	Govern;per tant;santuari	semblança textual exploratòria; pendent d'audició
lead-rtva-031-ramon-rossell	lead-rtva-061-antoni-morell	1	perquè	semblança textual exploratòria; pendent d'audició
lead-rtva-031-ramon-rossell	lead-yt-033-david-montane	3	clar;doncs;és a dir	semblança textual exploratòria; pendent d'audició
lead-rtva-031-ramon-rossell	lead-yt-034-antoni-marti	7	a veure;bé;català;evidentment;per tant;perquè;és a dir	semblança textual exploratòria; pendent d'audició
lead-rtva-031-ramon-rossell	lead-yt-035-cerni-escale	13	aleshores;bueno;bé;català;de fet;doncs;evidentment;llavors;muntanya;no?;per tant;perquè;és a dir	semblança textual exploratòria; pendent d'audició
lead-rtva-031-ramon-rossell	lead-yt-036-xavier-espot	13	Sant Julià;a veure;bé;clar;de fet;diguem;doncs;evidentment;o sigui;parròquia;per tant;perquè;és a dir	semblança textual exploratòria; pendent d'audició
lead-rtva-031-ramon-rossell	lead-yt-037-oscar-ribas	9	a veure;bueno;bé;doncs;evidentment;llavors;o sigui;per tant;perquè	semblança textual exploratòria; pendent d'audició
lead-rtva-031-ramon-rossell	lead-yt-038-conxita-marsol	7	bueno;bé;doncs;família;no?;per tant;perquè	semblança textual exploratòria; pendent d'audició
lead-rtva-031-ramon-rossell	lead-yt-039-marta-roure	13	a veure;bueno;bé;català;clar;de fet;doncs;família;llavors;no?;o sigui;per tant;perquè	semblança textual exploratòria; pendent d'audició
lead-rtva-031-ramon-rossell	lead-yt-040-guillem-forne	15	Sant Julià;a veure;bueno;bé;clar;conseller;de fet;diguem;doncs;no?;o sigui;parròquia;perquè;vull dir;és a dir	semblança textual exploratòria; pendent d'audició
lead-rtva-031-ramon-rossell	lead-yt-041-guillem-areny	4	aleshores;bueno;bé;perquè	semblança textual exploratòria; pendent d'audició
lead-rtva-031-ramon-rossell	lead-yt-042-andreu-gonzalez	13	a veure;bueno;bé;clar;de fet;doncs;evidentment;llavors;muntanya;no?;o sigui;per tant;perquè	semblança textual exploratòria; pendent d'audició
lead-rtva-031-ramon-rossell	lead-yt-043-oriol-agorreta	12	a veure;bueno;bé;clar;de fet;doncs;evidentment;llavors;no?;per tant;perquè;és a dir	semblança textual exploratòria; pendent d'audició
lead-rtva-031-ramon-rossell	lead-yt-044-laura-casanovas	14	Canillo;Escaldes;a veure;bueno;bé;català;clar;de fet;doncs;llavors;no?;per tant;perquè;és a dir	semblança textual exploratòria; pendent d'audició
lead-rtva-031-ramon-rossell	lead-yt-045-arnau-rius	12	a veure;bueno;bé;clar;de fet;doncs;llavors;muntanya;no?;per tant;perquè;vull dir	semblança textual exploratòria; pendent d'audició
lead-rtva-031-ramon-rossell	lead-yt-046-alberto-villagrasa	10	a veure;bueno;bé;clar;doncs;evidentment;no?;o sigui;perquè;és a dir	semblança textual exploratòria; pendent d'audició
lead-rtva-031-ramon-rossell	lead-yt-047-katia-ustina	6	bueno;bé;doncs;no?;o sigui;perquè	semblança textual exploratòria; pendent d'audició
lead-rtva-031-ramon-rossell	lead-yt-048-ander-mirambell	11	a veure;bueno;bé;clar;doncs;esports;família;no?;per tant;perquè;és a dir	semblança textual exploratòria; pendent d'audició
lead-rtva-031-ramon-rossell	lead-yt-049-joan-piquet	15	a veure;bueno;bé;clar;de fet;diguem;doncs;evidentment;llavors;no?;o sigui;per tant;perquè;vull dir;és a dir	semblança textual exploratòria; pendent d'audició
lead-rtva-031-ramon-rossell	lead-yt-050-pau-chica	16	a veure;bueno;bé;català;clar;doncs;evidentment;història;llavors;memòria;no?;parròquia;per tant;perquè;vull dir;és a dir	semblança textual exploratòria; pendent d'audició
lead-rtva-031-ramon-rossell	lead-yt-051-albert-vilaro	11	a veure;bueno;bé;clar;diguem;doncs;no?;per tant;perquè;vull dir;és a dir	semblança textual exploratòria; pendent d'audició
lead-rtva-031-ramon-rossell	lead-yt-052-valenti-closa	14	Escaldes;a veure;bueno;bé;clar;de fet;doncs;llavors;no?;o sigui;parròquia;per tant;perquè;vull dir	semblança textual exploratòria; pendent d'audició
lead-rtva-031-ramon-rossell	lead-yt-053-sonia-andorrita	12	Escaldes;a veure;bueno;bé;clar;de fet;doncs;llavors;no?;per tant;perquè;és a dir	semblança textual exploratòria; pendent d'audició
lead-rtva-031-ramon-rossell	lead-yt-054-francesc-solana	13	a veure;bueno;bé;clar;diguem;doncs;evidentment;llavors;no?;o sigui;per tant;perquè;vull dir	semblança textual exploratòria; pendent d'audició
lead-rtva-031-ramon-rossell	lead-yt-055-enric-flix	13	a veure;aleshores;bueno;bé;clar;doncs;evidentment;llavors;no?;per tant;perquè;vull dir;és a dir	semblança textual exploratòria; pendent d'audició
lead-rtva-031-ramon-rossell	lead-yt-056-arnau-fortuny	15	a veure;bueno;bé;clar;de fet;diguem;doncs;evidentment;llavors;no?;o sigui;per tant;perquè;vull dir;és a dir	semblança textual exploratòria; pendent d'audició
lead-rtva-031-ramon-rossell	lead-yt-057-gabriel-lezkano	10	bueno;bé;clar;doncs;evidentment;no?;o sigui;per tant;perquè;és a dir	semblança textual exploratòria; pendent d'audició
lead-rtva-031-ramon-rossell	lead-yt-058-nuria-pablos	14	Escaldes;a veure;bueno;bé;clar;de fet;doncs;llavors;no?;o sigui;per tant;perquè;vull dir;és a dir	semblança textual exploratòria; pendent d'audició
lead-rtva-032-anna-riberaygua	lead-rtva-059-carles-ensenyat	4	bé;doncs;evidentment;perquè	semblança textual exploratòria; pendent d'audició
lead-rtva-032-anna-riberaygua	lead-rtva-060-xavier-espot-actual	2	Govern;per tant	semblança textual exploratòria; pendent d'audició
lead-rtva-032-anna-riberaygua	lead-rtva-061-antoni-morell	1	perquè	semblança textual exploratòria; pendent d'audició
lead-rtva-032-anna-riberaygua	lead-yt-033-david-montane	2	clar;doncs	semblança textual exploratòria; pendent d'audició
lead-rtva-032-anna-riberaygua	lead-yt-034-antoni-marti	6	Andorra;a veure;bé;evidentment;per tant;perquè	semblança textual exploratòria; pendent d'audició
lead-rtva-032-anna-riberaygua	lead-yt-035-cerni-escale	12	bueno;bé;comunitat;comú;de fet;doncs;evidentment;llavors;muntanya;no?;per tant;perquè	semblança textual exploratòria; pendent d'audició
lead-rtva-032-anna-riberaygua	lead-yt-036-xavier-espot	12	Andorra;a veure;bé;clar;comú;cultura;de fet;doncs;evidentment;o sigui;per tant;perquè	semblança textual exploratòria; pendent d'audició
lead-rtva-032-anna-riberaygua	lead-yt-037-oscar-ribas	11	Andorra;a veure;bueno;bé;comú;doncs;evidentment;llavors;o sigui;per tant;perquè	semblança textual exploratòria; pendent d'audició
lead-rtva-032-anna-riberaygua	lead-yt-038-conxita-marsol	8	Andorra;bueno;bé;doncs;família;no?;per tant;perquè	semblança textual exploratòria; pendent d'audició
lead-rtva-032-anna-riberaygua	lead-yt-039-marta-roure	13	Andorra;a veure;bueno;bé;clar;de fet;doncs;família;llavors;no?;o sigui;per tant;perquè	semblança textual exploratòria; pendent d'audició
lead-rtva-032-anna-riberaygua	lead-yt-040-guillem-forne	14	Andorra;a veure;aviam;bueno;bé;clar;cultura;de fet;doncs;no?;o sigui;perquè;tradició;vull dir	semblança textual exploratòria; pendent d'audició
lead-rtva-032-anna-riberaygua	lead-yt-041-guillem-areny	3	bueno;bé;perquè	semblança textual exploratòria; pendent d'audició
lead-rtva-032-anna-riberaygua	lead-yt-042-andreu-gonzalez	14	Andorra;a veure;bueno;bé;clar;de fet;doncs;evidentment;llavors;muntanya;no?;o sigui;per tant;perquè	semblança textual exploratòria; pendent d'audició
lead-rtva-032-anna-riberaygua	lead-yt-043-oriol-agorreta	11	a veure;bueno;bé;clar;de fet;doncs;evidentment;llavors;no?;per tant;perquè	semblança textual exploratòria; pendent d'audició
lead-rtva-032-anna-riberaygua	lead-yt-044-laura-casanovas	11	Andorra;a veure;bueno;bé;clar;de fet;doncs;llavors;no?;per tant;perquè	semblança textual exploratòria; pendent d'audició
lead-rtva-032-anna-riberaygua	lead-yt-045-arnau-rius	14	a veure;bueno;bé;casa;clar;de fet;doncs;llavors;muntanya;no?;paisatge;per tant;perquè;vull dir	semblança textual exploratòria; pendent d'audició
lead-rtva-032-anna-riberaygua	lead-yt-046-alberto-villagrasa	10	a veure;bueno;bé;clar;comú;doncs;evidentment;no?;o sigui;perquè	semblança textual exploratòria; pendent d'audició
lead-rtva-032-anna-riberaygua	lead-yt-047-katia-ustina	7	Andorra;bueno;bé;doncs;no?;o sigui;perquè	semblança textual exploratòria; pendent d'audició
lead-rtva-032-anna-riberaygua	lead-yt-048-ander-mirambell	11	Andorra;a veure;bueno;bé;clar;comú;doncs;família;no?;per tant;perquè	semblança textual exploratòria; pendent d'audició
lead-rtva-032-anna-riberaygua	lead-yt-049-joan-piquet	14	a veure;aviam;bueno;bé;clar;de fet;doncs;evidentment;llavors;no?;o sigui;per tant;perquè;vull dir	semblança textual exploratòria; pendent d'audició
lead-rtva-032-anna-riberaygua	lead-yt-050-pau-chica	15	Andorra;a veure;bueno;bé;clar;doncs;evidentment;francès;història;llavors;memòria;no?;per tant;perquè;vull dir	semblança textual exploratòria; pendent d'audició
lead-rtva-032-anna-riberaygua	lead-yt-051-albert-vilaro	11	Andorra;a veure;aviam;bueno;bé;clar;doncs;no?;per tant;perquè;vull dir	semblança textual exploratòria; pendent d'audició
lead-rtva-032-anna-riberaygua	lead-yt-052-valenti-closa	15	a veure;aviam;bueno;bé;clar;comú;cultura;de fet;doncs;llavors;no?;o sigui;per tant;perquè;vull dir	semblança textual exploratòria; pendent d'audició
lead-rtva-032-anna-riberaygua	lead-yt-053-sonia-andorrita	13	Andorra;a veure;bueno;bé;clar;comunitat;comú;de fet;doncs;llavors;no?;per tant;perquè	semblança textual exploratòria; pendent d'audició
lead-rtva-032-anna-riberaygua	lead-yt-054-francesc-solana	14	Andorra;a veure;bueno;bé;clar;doncs;equip;evidentment;llavors;no?;o sigui;per tant;perquè;vull dir	semblança textual exploratòria; pendent d'audició
lead-rtva-032-anna-riberaygua	lead-yt-055-enric-flix	13	Andorra;a veure;aviam;bueno;bé;clar;doncs;evidentment;llavors;no?;per tant;perquè;vull dir	semblança textual exploratòria; pendent d'audició
lead-rtva-032-anna-riberaygua	lead-yt-056-arnau-fortuny	14	Andorra;a veure;bueno;bé;clar;de fet;doncs;evidentment;llavors;no?;o sigui;per tant;perquè;vull dir	semblança textual exploratòria; pendent d'audició
lead-rtva-032-anna-riberaygua	lead-yt-057-gabriel-lezkano	10	bueno;bé;clar;cultura;doncs;evidentment;no?;o sigui;per tant;perquè	semblança textual exploratòria; pendent d'audició
lead-rtva-032-anna-riberaygua	lead-yt-058-nuria-pablos	13	Andorra;a veure;bueno;bé;clar;de fet;doncs;llavors;no?;o sigui;per tant;perquè;vull dir	semblança textual exploratòria; pendent d'audició
lead-rtva-059-carles-ensenyat	lead-rtva-060-xavier-espot-actual	1	santuari	semblança textual exploratòria; pendent d'audició
lead-rtva-059-carles-ensenyat	lead-rtva-061-antoni-morell	1	perquè	semblança textual exploratòria; pendent d'audició
lead-rtva-059-carles-ensenyat	lead-yt-033-david-montane	2	comuns;doncs	semblança textual exploratòria; pendent d'audició
lead-rtva-059-carles-ensenyat	lead-yt-034-antoni-marti	3	bé;evidentment;perquè	semblança textual exploratòria; pendent d'audició
lead-rtva-059-carles-ensenyat	lead-yt-035-cerni-escale	5	Consell General;bé;doncs;evidentment;perquè	semblança textual exploratòria; pendent d'audició
lead-rtva-059-carles-ensenyat	lead-yt-036-xavier-espot	6	bé;comuns;doncs;evidentment;habitatge;perquè	semblança textual exploratòria; pendent d'audició
lead-rtva-059-carles-ensenyat	lead-yt-037-oscar-ribas	4	bé;doncs;evidentment;perquè	semblança textual exploratòria; pendent d'audició
lead-rtva-059-carles-ensenyat	lead-yt-038-conxita-marsol	3	bé;doncs;perquè	semblança textual exploratòria; pendent d'audició
lead-rtva-059-carles-ensenyat	lead-yt-039-marta-roure	3	bé;doncs;perquè	semblança textual exploratòria; pendent d'audició
lead-rtva-059-carles-ensenyat	lead-yt-040-guillem-forne	3	bé;doncs;perquè	semblança textual exploratòria; pendent d'audició
lead-rtva-059-carles-ensenyat	lead-yt-041-guillem-areny	2	bé;perquè	semblança textual exploratòria; pendent d'audició
lead-rtva-059-carles-ensenyat	lead-yt-042-andreu-gonzalez	4	bé;doncs;evidentment;perquè	semblança textual exploratòria; pendent d'audició
lead-rtva-059-carles-ensenyat	lead-yt-043-oriol-agorreta	4	bé;doncs;evidentment;perquè	semblança textual exploratòria; pendent d'audició
lead-rtva-059-carles-ensenyat	lead-yt-044-laura-casanovas	4	Escaldes;bé;doncs;perquè	semblança textual exploratòria; pendent d'audició
lead-rtva-059-carles-ensenyat	lead-yt-045-arnau-rius	3	bé;doncs;perquè	semblança textual exploratòria; pendent d'audició
lead-rtva-059-carles-ensenyat	lead-yt-046-alberto-villagrasa	4	bé;doncs;evidentment;perquè	semblança textual exploratòria; pendent d'audició
lead-rtva-059-carles-ensenyat	lead-yt-047-katia-ustina	3	bé;doncs;perquè	semblança textual exploratòria; pendent d'audició
lead-rtva-059-carles-ensenyat	lead-yt-048-ander-mirambell	3	bé;doncs;perquè	semblança textual exploratòria; pendent d'audició
lead-rtva-059-carles-ensenyat	lead-yt-049-joan-piquet	4	bé;doncs;evidentment;perquè	semblança textual exploratòria; pendent d'audició
lead-rtva-059-carles-ensenyat	lead-yt-050-pau-chica	4	bé;doncs;evidentment;perquè	semblança textual exploratòria; pendent d'audició
lead-rtva-059-carles-ensenyat	lead-yt-051-albert-vilaro	3	bé;doncs;perquè	semblança textual exploratòria; pendent d'audició
lead-rtva-059-carles-ensenyat	lead-yt-052-valenti-closa	4	Escaldes;bé;doncs;perquè	semblança textual exploratòria; pendent d'audició
lead-rtva-059-carles-ensenyat	lead-yt-053-sonia-andorrita	4	Escaldes;bé;doncs;perquè	semblança textual exploratòria; pendent d'audició
lead-rtva-059-carles-ensenyat	lead-yt-054-francesc-solana	4	bé;doncs;evidentment;perquè	semblança textual exploratòria; pendent d'audició
lead-rtva-059-carles-ensenyat	lead-yt-055-enric-flix	4	bé;doncs;evidentment;perquè	semblança textual exploratòria; pendent d'audició
lead-rtva-059-carles-ensenyat	lead-yt-056-arnau-fortuny	4	bé;doncs;evidentment;perquè	semblança textual exploratòria; pendent d'audició
lead-rtva-059-carles-ensenyat	lead-yt-057-gabriel-lezkano	4	bé;doncs;evidentment;perquè	semblança textual exploratòria; pendent d'audició
lead-rtva-059-carles-ensenyat	lead-yt-058-nuria-pablos	4	Escaldes;bé;doncs;perquè	semblança textual exploratòria; pendent d'audició
lead-rtva-060-xavier-espot-actual	lead-yt-034-antoni-marti	1	per tant	semblança textual exploratòria; pendent d'audició
lead-rtva-060-xavier-espot-actual	lead-yt-035-cerni-escale	2	eleccions;per tant	semblança textual exploratòria; pendent d'audició
lead-rtva-060-xavier-espot-actual	lead-yt-036-xavier-espot	1	per tant	semblança textual exploratòria; pendent d'audició
lead-rtva-060-xavier-espot-actual	lead-yt-037-oscar-ribas	1	per tant	semblança textual exploratòria; pendent d'audició
lead-rtva-060-xavier-espot-actual	lead-yt-038-conxita-marsol	1	per tant	semblança textual exploratòria; pendent d'audició
lead-rtva-060-xavier-espot-actual	lead-yt-039-marta-roure	1	per tant	semblança textual exploratòria; pendent d'audició
lead-rtva-060-xavier-espot-actual	lead-yt-042-andreu-gonzalez	1	per tant	semblança textual exploratòria; pendent d'audició
lead-rtva-060-xavier-espot-actual	lead-yt-043-oriol-agorreta	1	per tant	semblança textual exploratòria; pendent d'audició
lead-rtva-060-xavier-espot-actual	lead-yt-044-laura-casanovas	1	per tant	semblança textual exploratòria; pendent d'audició
lead-rtva-060-xavier-espot-actual	lead-yt-045-arnau-rius	1	per tant	semblança textual exploratòria; pendent d'audició
lead-rtva-060-xavier-espot-actual	lead-yt-048-ander-mirambell	1	per tant	semblança textual exploratòria; pendent d'audició
lead-rtva-060-xavier-espot-actual	lead-yt-049-joan-piquet	1	per tant	semblança textual exploratòria; pendent d'audició
lead-rtva-060-xavier-espot-actual	lead-yt-050-pau-chica	1	per tant	semblança textual exploratòria; pendent d'audició
lead-rtva-060-xavier-espot-actual	lead-yt-051-albert-vilaro	1	per tant	semblança textual exploratòria; pendent d'audició
lead-rtva-060-xavier-espot-actual	lead-yt-052-valenti-closa	1	per tant	semblança textual exploratòria; pendent d'audició
lead-rtva-060-xavier-espot-actual	lead-yt-053-sonia-andorrita	1	per tant	semblança textual exploratòria; pendent d'audició
lead-rtva-060-xavier-espot-actual	lead-yt-054-francesc-solana	1	per tant	semblança textual exploratòria; pendent d'audició
lead-rtva-060-xavier-espot-actual	lead-yt-055-enric-flix	1	per tant	semblança textual exploratòria; pendent d'audició
lead-rtva-060-xavier-espot-actual	lead-yt-056-arnau-fortuny	1	per tant	semblança textual exploratòria; pendent d'audició
lead-rtva-060-xavier-espot-actual	lead-yt-057-gabriel-lezkano	1	per tant	semblança textual exploratòria; pendent d'audició
lead-rtva-060-xavier-espot-actual	lead-yt-058-nuria-pablos	1	per tant	semblança textual exploratòria; pendent d'audició
lead-rtva-061-antoni-morell	lead-yt-034-antoni-marti	1	perquè	semblança textual exploratòria; pendent d'audició
lead-rtva-061-antoni-morell	lead-yt-035-cerni-escale	1	perquè	semblança textual exploratòria; pendent d'audició
lead-rtva-061-antoni-morell	lead-yt-036-xavier-espot	1	perquè	semblança textual exploratòria; pendent d'audició
lead-rtva-061-antoni-morell	lead-yt-037-oscar-ribas	1	perquè	semblança textual exploratòria; pendent d'audició
lead-rtva-061-antoni-morell	lead-yt-038-conxita-marsol	1	perquè	semblança textual exploratòria; pendent d'audició
lead-rtva-061-antoni-morell	lead-yt-039-marta-roure	1	perquè	semblança textual exploratòria; pendent d'audició
lead-rtva-061-antoni-morell	lead-yt-040-guillem-forne	1	perquè	semblança textual exploratòria; pendent d'audició
lead-rtva-061-antoni-morell	lead-yt-041-guillem-areny	1	perquè	semblança textual exploratòria; pendent d'audició
lead-rtva-061-antoni-morell	lead-yt-042-andreu-gonzalez	1	perquè	semblança textual exploratòria; pendent d'audició
lead-rtva-061-antoni-morell	lead-yt-043-oriol-agorreta	1	perquè	semblança textual exploratòria; pendent d'audició
lead-rtva-061-antoni-morell	lead-yt-044-laura-casanovas	1	perquè	semblança textual exploratòria; pendent d'audició
lead-rtva-061-antoni-morell	lead-yt-045-arnau-rius	1	perquè	semblança textual exploratòria; pendent d'audició
lead-rtva-061-antoni-morell	lead-yt-046-alberto-villagrasa	1	perquè	semblança textual exploratòria; pendent d'audició
lead-rtva-061-antoni-morell	lead-yt-047-katia-ustina	1	perquè	semblança textual exploratòria; pendent d'audició
lead-rtva-061-antoni-morell	lead-yt-048-ander-mirambell	1	perquè	semblança textual exploratòria; pendent d'audició
lead-rtva-061-antoni-morell	lead-yt-049-joan-piquet	1	perquè	semblança textual exploratòria; pendent d'audició
lead-rtva-061-antoni-morell	lead-yt-050-pau-chica	1	perquè	semblança textual exploratòria; pendent d'audició
lead-rtva-061-antoni-morell	lead-yt-051-albert-vilaro	1	perquè	semblança textual exploratòria; pendent d'audició
lead-rtva-061-antoni-morell	lead-yt-052-valenti-closa	1	perquè	semblança textual exploratòria; pendent d'audició
lead-rtva-061-antoni-morell	lead-yt-053-sonia-andorrita	1	perquè	semblança textual exploratòria; pendent d'audició
lead-rtva-061-antoni-morell	lead-yt-054-francesc-solana	1	perquè	semblança textual exploratòria; pendent d'audició
lead-rtva-061-antoni-morell	lead-yt-055-enric-flix	1	perquè	semblança textual exploratòria; pendent d'audició
lead-rtva-061-antoni-morell	lead-yt-056-arnau-fortuny	1	perquè	semblança textual exploratòria; pendent d'audició
lead-rtva-061-antoni-morell	lead-yt-057-gabriel-lezkano	1	perquè	semblança textual exploratòria; pendent d'audició
lead-rtva-061-antoni-morell	lead-yt-058-nuria-pablos	1	perquè	semblança textual exploratòria; pendent d'audició
lead-yt-033-david-montane	lead-yt-034-antoni-marti	3	comunitat internacional;govern;és a dir	semblança textual exploratòria; pendent d'audició
lead-yt-033-david-montane	lead-yt-035-cerni-escale	2	doncs;és a dir	semblança textual exploratòria; pendent d'audició
lead-yt-033-david-montane	lead-yt-036-xavier-espot	5	clar;comuns;doncs;sostenibilitat;és a dir	semblança textual exploratòria; pendent d'audició
lead-yt-033-david-montane	lead-yt-037-oscar-ribas	2	doncs;govern	semblança textual exploratòria; pendent d'audició
lead-yt-033-david-montane	lead-yt-038-conxita-marsol	1	doncs	semblança textual exploratòria; pendent d'audició
lead-yt-033-david-montane	lead-yt-039-marta-roure	2	clar;doncs	semblança textual exploratòria; pendent d'audició
lead-yt-033-david-montane	lead-yt-040-guillem-forne	3	clar;doncs;és a dir	semblança textual exploratòria; pendent d'audició
lead-yt-033-david-montane	lead-yt-042-andreu-gonzalez	2	clar;doncs	semblança textual exploratòria; pendent d'audició
lead-yt-033-david-montane	lead-yt-043-oriol-agorreta	3	clar;doncs;és a dir	semblança textual exploratòria; pendent d'audició
lead-yt-033-david-montane	lead-yt-044-laura-casanovas	3	clar;doncs;és a dir	semblança textual exploratòria; pendent d'audició
lead-yt-033-david-montane	lead-yt-045-arnau-rius	2	clar;doncs	semblança textual exploratòria; pendent d'audició
lead-yt-033-david-montane	lead-yt-046-alberto-villagrasa	3	clar;doncs;és a dir	semblança textual exploratòria; pendent d'audició
lead-yt-033-david-montane	lead-yt-047-katia-ustina	1	doncs	semblança textual exploratòria; pendent d'audició
lead-yt-033-david-montane	lead-yt-048-ander-mirambell	3	clar;doncs;és a dir	semblança textual exploratòria; pendent d'audició
lead-yt-033-david-montane	lead-yt-049-joan-piquet	3	clar;doncs;és a dir	semblança textual exploratòria; pendent d'audició
lead-yt-033-david-montane	lead-yt-050-pau-chica	3	clar;doncs;és a dir	semblança textual exploratòria; pendent d'audició
lead-yt-033-david-montane	lead-yt-051-albert-vilaro	4	clar;doncs;inversió;és a dir	semblança textual exploratòria; pendent d'audició
lead-yt-033-david-montane	lead-yt-052-valenti-closa	2	clar;doncs	semblança textual exploratòria; pendent d'audició
lead-yt-033-david-montane	lead-yt-053-sonia-andorrita	3	clar;doncs;és a dir	semblança textual exploratòria; pendent d'audició
lead-yt-033-david-montane	lead-yt-054-francesc-solana	2	clar;doncs	semblança textual exploratòria; pendent d'audició
lead-yt-033-david-montane	lead-yt-055-enric-flix	3	clar;doncs;és a dir	semblança textual exploratòria; pendent d'audició
lead-yt-033-david-montane	lead-yt-056-arnau-fortuny	3	clar;doncs;és a dir	semblança textual exploratòria; pendent d'audició
lead-yt-033-david-montane	lead-yt-057-gabriel-lezkano	3	clar;doncs;és a dir	semblança textual exploratòria; pendent d'audició
lead-yt-033-david-montane	lead-yt-058-nuria-pablos	3	clar;doncs;és a dir	semblança textual exploratòria; pendent d'audició
lead-yt-034-antoni-marti	lead-yt-035-cerni-escale	10	Catalunya;Espanya;Unió Europea;a nivell;bé;català;evidentment;per tant;perquè;és a dir	semblança textual exploratòria; pendent d'audició
lead-yt-034-antoni-marti	lead-yt-036-xavier-espot	8	Andorra;Unió Europea;a veure;bé;evidentment;per tant;perquè;és a dir	semblança textual exploratòria; pendent d'audició
lead-yt-034-antoni-marti	lead-yt-037-oscar-ribas	8	Andorra;Catalunya;a veure;bé;evidentment;govern;per tant;perquè	semblança textual exploratòria; pendent d'audició
lead-yt-034-antoni-marti	lead-yt-038-conxita-marsol	4	Andorra;bé;per tant;perquè	semblança textual exploratòria; pendent d'audició
lead-yt-034-antoni-marti	lead-yt-039-marta-roure	9	Andorra;Catalunya;Espanya;a nivell;a veure;bé;català;per tant;perquè	semblança textual exploratòria; pendent d'audició
lead-yt-034-antoni-marti	lead-yt-040-guillem-forne	7	Andorra;Catalunya;a nivell;a veure;bé;perquè;és a dir	semblança textual exploratòria; pendent d'audició
lead-yt-034-antoni-marti	lead-yt-041-guillem-areny	2	bé;perquè	semblança textual exploratòria; pendent d'audició
lead-yt-034-antoni-marti	lead-yt-042-andreu-gonzalez	7	Andorra;a nivell;a veure;bé;evidentment;per tant;perquè	semblança textual exploratòria; pendent d'audició
lead-yt-034-antoni-marti	lead-yt-043-oriol-agorreta	6	a veure;bé;evidentment;per tant;perquè;és a dir	semblança textual exploratòria; pendent d'audició
lead-yt-034-antoni-marti	lead-yt-044-laura-casanovas	7	Andorra;a veure;bé;català;per tant;perquè;és a dir	semblança textual exploratòria; pendent d'audició
lead-yt-034-antoni-marti	lead-yt-045-arnau-rius	5	a nivell;a veure;bé;per tant;perquè	semblança textual exploratòria; pendent d'audició
lead-yt-034-antoni-marti	lead-yt-046-alberto-villagrasa	5	a veure;bé;evidentment;perquè;és a dir	semblança textual exploratòria; pendent d'audició
lead-yt-034-antoni-marti	lead-yt-047-katia-ustina	3	Andorra;bé;perquè	semblança textual exploratòria; pendent d'audició
lead-yt-034-antoni-marti	lead-yt-048-ander-mirambell	7	Andorra;a nivell;a veure;bé;per tant;perquè;és a dir	semblança textual exploratòria; pendent d'audició
lead-yt-034-antoni-marti	lead-yt-049-joan-piquet	7	a nivell;a veure;bé;evidentment;per tant;perquè;és a dir	semblança textual exploratòria; pendent d'audició
lead-yt-034-antoni-marti	lead-yt-050-pau-chica	9	Andorra;a nivell;a veure;bé;català;evidentment;per tant;perquè;és a dir	semblança textual exploratòria; pendent d'audició
lead-yt-034-antoni-marti	lead-yt-051-albert-vilaro	6	Andorra;a veure;bé;per tant;perquè;és a dir	semblança textual exploratòria; pendent d'audició
lead-yt-034-antoni-marti	lead-yt-052-valenti-closa	5	a nivell;a veure;bé;per tant;perquè	semblança textual exploratòria; pendent d'audició
lead-yt-034-antoni-marti	lead-yt-053-sonia-andorrita	6	Andorra;a veure;bé;per tant;perquè;és a dir	semblança textual exploratòria; pendent d'audició
lead-yt-034-antoni-marti	lead-yt-054-francesc-solana	6	Andorra;a veure;bé;evidentment;per tant;perquè	semblança textual exploratòria; pendent d'audició
lead-yt-034-antoni-marti	lead-yt-055-enric-flix	7	Andorra;a veure;bé;evidentment;per tant;perquè;és a dir	semblança textual exploratòria; pendent d'audició
lead-yt-034-antoni-marti	lead-yt-056-arnau-fortuny	8	Andorra;Catalunya;a veure;bé;evidentment;per tant;perquè;és a dir	semblança textual exploratòria; pendent d'audició
lead-yt-034-antoni-marti	lead-yt-057-gabriel-lezkano	5	bé;evidentment;per tant;perquè;és a dir	semblança textual exploratòria; pendent d'audició
lead-yt-034-antoni-marti	lead-yt-058-nuria-pablos	6	Andorra;a veure;bé;per tant;perquè;és a dir	semblança textual exploratòria; pendent d'audició
lead-yt-035-cerni-escale	lead-yt-036-xavier-espot	11	França;Unió Europea;bé;comú;de fet;doncs;evidentment;per tant;perquè;serveis;és a dir	semblança textual exploratòria; pendent d'audició
lead-yt-035-cerni-escale	lead-yt-037-oscar-ribas	12	Catalunya;França;aigua;bueno;bé;comú;doncs;evidentment;llavors;per tant;perquè;territori	semblança textual exploratòria; pendent d'audició
lead-yt-035-cerni-escale	lead-yt-038-conxita-marsol	7	bueno;bé;doncs;no?;per tant;perquè;política	semblança textual exploratòria; pendent d'audició
lead-yt-035-cerni-escale	lead-yt-039-marta-roure	13	Catalunya;Espanya;França;a nivell;bueno;bé;català;de fet;doncs;llavors;no?;per tant;perquè	semblança textual exploratòria; pendent d'audició
lead-yt-035-cerni-escale	lead-yt-040-guillem-forne	9	Catalunya;a nivell;bueno;bé;de fet;doncs;no?;perquè;és a dir	semblança textual exploratòria; pendent d'audició
lead-yt-035-cerni-escale	lead-yt-041-guillem-areny	4	aleshores;bueno;bé;perquè	semblança textual exploratòria; pendent d'audició
lead-yt-035-cerni-escale	lead-yt-042-andreu-gonzalez	11	a nivell;bueno;bé;de fet;doncs;evidentment;llavors;muntanya;no?;per tant;perquè	semblança textual exploratòria; pendent d'audició
lead-yt-035-cerni-escale	lead-yt-043-oriol-agorreta	10	bueno;bé;de fet;doncs;evidentment;llavors;no?;per tant;perquè;és a dir	semblança textual exploratòria; pendent d'audició
lead-yt-035-cerni-escale	lead-yt-044-laura-casanovas	10	bueno;bé;català;de fet;doncs;llavors;no?;per tant;perquè;és a dir	semblança textual exploratòria; pendent d'audició
lead-yt-035-cerni-escale	lead-yt-045-arnau-rius	10	a nivell;bueno;bé;de fet;doncs;llavors;muntanya;no?;per tant;perquè	semblança textual exploratòria; pendent d'audició
lead-yt-035-cerni-escale	lead-yt-046-alberto-villagrasa	8	bueno;bé;comú;doncs;evidentment;no?;perquè;és a dir	semblança textual exploratòria; pendent d'audició
lead-yt-035-cerni-escale	lead-yt-047-katia-ustina	5	bueno;bé;doncs;no?;perquè	semblança textual exploratòria; pendent d'audició
lead-yt-035-cerni-escale	lead-yt-048-ander-mirambell	9	a nivell;bueno;bé;comú;doncs;no?;per tant;perquè;és a dir	semblança textual exploratòria; pendent d'audició
lead-yt-035-cerni-escale	lead-yt-049-joan-piquet	11	a nivell;bueno;bé;de fet;doncs;evidentment;llavors;no?;per tant;perquè;és a dir	semblança textual exploratòria; pendent d'audició
lead-yt-035-cerni-escale	lead-yt-050-pau-chica	11	a nivell;bueno;bé;català;doncs;evidentment;llavors;no?;per tant;perquè;és a dir	semblança textual exploratòria; pendent d'audició
lead-yt-035-cerni-escale	lead-yt-051-albert-vilaro	7	bueno;bé;doncs;no?;per tant;perquè;és a dir	semblança textual exploratòria; pendent d'audició
lead-yt-035-cerni-escale	lead-yt-052-valenti-closa	10	a nivell;bueno;bé;comú;de fet;doncs;llavors;no?;per tant;perquè	semblança textual exploratòria; pendent d'audició
lead-yt-035-cerni-escale	lead-yt-053-sonia-andorrita	11	bueno;bé;comunitat;comú;de fet;doncs;llavors;no?;per tant;perquè;és a dir	semblança textual exploratòria; pendent d'audició
lead-yt-035-cerni-escale	lead-yt-054-francesc-solana	8	bueno;bé;doncs;evidentment;llavors;no?;per tant;perquè	semblança textual exploratòria; pendent d'audició
lead-yt-035-cerni-escale	lead-yt-055-enric-flix	10	aleshores;bueno;bé;doncs;evidentment;llavors;no?;per tant;perquè;és a dir	semblança textual exploratòria; pendent d'audició
lead-yt-035-cerni-escale	lead-yt-056-arnau-fortuny	11	Catalunya;bueno;bé;de fet;doncs;evidentment;llavors;no?;per tant;perquè;és a dir	semblança textual exploratòria; pendent d'audició
lead-yt-035-cerni-escale	lead-yt-057-gabriel-lezkano	8	bueno;bé;doncs;evidentment;no?;per tant;perquè;és a dir	semblança textual exploratòria; pendent d'audició
lead-yt-035-cerni-escale	lead-yt-058-nuria-pablos	9	bueno;bé;de fet;doncs;llavors;no?;per tant;perquè;és a dir	semblança textual exploratòria; pendent d'audició
lead-yt-036-xavier-espot	lead-yt-037-oscar-ribas	10	Andorra;França;a veure;bé;comú;doncs;evidentment;o sigui;per tant;perquè	semblança textual exploratòria; pendent d'audició
lead-yt-036-xavier-espot	lead-yt-038-conxita-marsol	5	Andorra;bé;doncs;per tant;perquè	semblança textual exploratòria; pendent d'audició
lead-yt-036-xavier-espot	lead-yt-039-marta-roure	11	Andorra;França;a veure;bé;clar;de fet;doncs;o sigui;pandèmia;per tant;perquè	semblança textual exploratòria; pendent d'audició
lead-yt-036-xavier-espot	lead-yt-040-guillem-forne	14	Andorra;Ordino;Sant Julià;a veure;bé;clar;cultura;de fet;diguem;doncs;o sigui;parròquia;perquè;és a dir	semblança textual exploratòria; pendent d'audició
lead-yt-036-xavier-espot	lead-yt-041-guillem-areny	2	bé;perquè	semblança textual exploratòria; pendent d'audició
lead-yt-036-xavier-espot	lead-yt-042-andreu-gonzalez	10	Andorra;a veure;bé;clar;de fet;doncs;evidentment;o sigui;per tant;perquè	semblança textual exploratòria; pendent d'audició
lead-yt-036-xavier-espot	lead-yt-043-oriol-agorreta	9	a veure;bé;clar;de fet;doncs;evidentment;per tant;perquè;és a dir	semblança textual exploratòria; pendent d'audició
lead-yt-036-xavier-espot	lead-yt-044-laura-casanovas	9	Andorra;a veure;bé;clar;de fet;doncs;per tant;perquè;és a dir	semblança textual exploratòria; pendent d'audició
lead-yt-036-xavier-espot	lead-yt-045-arnau-rius	7	a veure;bé;clar;de fet;doncs;per tant;perquè	semblança textual exploratòria; pendent d'audició
lead-yt-036-xavier-espot	lead-yt-046-alberto-villagrasa	9	a veure;bé;clar;comú;doncs;evidentment;o sigui;perquè;és a dir	semblança textual exploratòria; pendent d'audició
lead-yt-036-xavier-espot	lead-yt-047-katia-ustina	5	Andorra;bé;doncs;o sigui;perquè	semblança textual exploratòria; pendent d'audició
lead-yt-036-xavier-espot	lead-yt-048-ander-mirambell	9	Andorra;a veure;bé;clar;comú;doncs;per tant;perquè;és a dir	semblança textual exploratòria; pendent d'audició
lead-yt-036-xavier-espot	lead-yt-049-joan-piquet	11	a veure;bé;clar;de fet;diguem;doncs;evidentment;o sigui;per tant;perquè;és a dir	semblança textual exploratòria; pendent d'audició
lead-yt-036-xavier-espot	lead-yt-050-pau-chica	10	Andorra;a veure;bé;clar;doncs;evidentment;parròquia;per tant;perquè;és a dir	semblança textual exploratòria; pendent d'audició
lead-yt-036-xavier-espot	lead-yt-051-albert-vilaro	9	Andorra;a veure;bé;clar;diguem;doncs;per tant;perquè;és a dir	semblança textual exploratòria; pendent d'audició
lead-yt-036-xavier-espot	lead-yt-052-valenti-closa	11	a veure;bé;clar;comú;cultura;de fet;doncs;o sigui;parròquia;per tant;perquè	semblança textual exploratòria; pendent d'audició
lead-yt-036-xavier-espot	lead-yt-053-sonia-andorrita	10	Andorra;a veure;bé;clar;comú;de fet;doncs;per tant;perquè;és a dir	semblança textual exploratòria; pendent d'audició
lead-yt-036-xavier-espot	lead-yt-054-francesc-solana	10	Andorra;a veure;bé;clar;diguem;doncs;evidentment;o sigui;per tant;perquè	semblança textual exploratòria; pendent d'audició
lead-yt-036-xavier-espot	lead-yt-055-enric-flix	10	Andorra;Ordino;a veure;bé;clar;doncs;evidentment;per tant;perquè;és a dir	semblança textual exploratòria; pendent d'audició
lead-yt-036-xavier-espot	lead-yt-056-arnau-fortuny	12	Andorra;a veure;bé;clar;de fet;diguem;doncs;evidentment;o sigui;per tant;perquè;és a dir	semblança textual exploratòria; pendent d'audició
lead-yt-036-xavier-espot	lead-yt-057-gabriel-lezkano	9	bé;clar;cultura;doncs;evidentment;o sigui;per tant;perquè;és a dir	semblança textual exploratòria; pendent d'audició
lead-yt-036-xavier-espot	lead-yt-058-nuria-pablos	10	Andorra;a veure;bé;clar;de fet;doncs;o sigui;per tant;perquè;és a dir	semblança textual exploratòria; pendent d'audició
lead-yt-037-oscar-ribas	lead-yt-038-conxita-marsol	6	Andorra;bueno;bé;doncs;per tant;perquè	semblança textual exploratòria; pendent d'audició
lead-yt-037-oscar-ribas	lead-yt-039-marta-roure	11	Andorra;Catalunya;França;a veure;bueno;bé;doncs;llavors;o sigui;per tant;perquè	semblança textual exploratòria; pendent d'audició
lead-yt-037-oscar-ribas	lead-yt-040-guillem-forne	8	Andorra;Catalunya;a veure;bueno;bé;doncs;o sigui;perquè	semblança textual exploratòria; pendent d'audició
lead-yt-037-oscar-ribas	lead-yt-041-guillem-areny	3	bueno;bé;perquè	semblança textual exploratòria; pendent d'audició
lead-yt-037-oscar-ribas	lead-yt-042-andreu-gonzalez	10	Andorra;a veure;bueno;bé;doncs;evidentment;llavors;o sigui;per tant;perquè	semblança textual exploratòria; pendent d'audició
lead-yt-037-oscar-ribas	lead-yt-043-oriol-agorreta	8	a veure;bueno;bé;doncs;evidentment;llavors;per tant;perquè	semblança textual exploratòria; pendent d'audició
lead-yt-037-oscar-ribas	lead-yt-044-laura-casanovas	8	Andorra;a veure;bueno;bé;doncs;llavors;per tant;perquè	semblança textual exploratòria; pendent d'audició
lead-yt-037-oscar-ribas	lead-yt-045-arnau-rius	7	a veure;bueno;bé;doncs;llavors;per tant;perquè	semblança textual exploratòria; pendent d'audició
lead-yt-037-oscar-ribas	lead-yt-046-alberto-villagrasa	8	a veure;bueno;bé;comú;doncs;evidentment;o sigui;perquè	semblança textual exploratòria; pendent d'audició
lead-yt-037-oscar-ribas	lead-yt-047-katia-ustina	6	Andorra;bueno;bé;doncs;o sigui;perquè	semblança textual exploratòria; pendent d'audició
lead-yt-037-oscar-ribas	lead-yt-048-ander-mirambell	8	Andorra;a veure;bueno;bé;comú;doncs;per tant;perquè	semblança textual exploratòria; pendent d'audició
lead-yt-037-oscar-ribas	lead-yt-049-joan-piquet	9	a veure;bueno;bé;doncs;evidentment;llavors;o sigui;per tant;perquè	semblança textual exploratòria; pendent d'audició
lead-yt-037-oscar-ribas	lead-yt-050-pau-chica	9	Andorra;a veure;bueno;bé;doncs;evidentment;llavors;per tant;perquè	semblança textual exploratòria; pendent d'audició
lead-yt-037-oscar-ribas	lead-yt-051-albert-vilaro	7	Andorra;a veure;bueno;bé;doncs;per tant;perquè	semblança textual exploratòria; pendent d'audició
lead-yt-037-oscar-ribas	lead-yt-052-valenti-closa	9	a veure;bueno;bé;comú;doncs;llavors;o sigui;per tant;perquè	semblança textual exploratòria; pendent d'audició
lead-yt-037-oscar-ribas	lead-yt-053-sonia-andorrita	9	Andorra;a veure;bueno;bé;comú;doncs;llavors;per tant;perquè	semblança textual exploratòria; pendent d'audició
lead-yt-037-oscar-ribas	lead-yt-054-francesc-solana	10	Andorra;a veure;bueno;bé;doncs;evidentment;llavors;o sigui;per tant;perquè	semblança textual exploratòria; pendent d'audició
lead-yt-037-oscar-ribas	lead-yt-055-enric-flix	9	Andorra;a veure;bueno;bé;doncs;evidentment;llavors;per tant;perquè	semblança textual exploratòria; pendent d'audició
lead-yt-037-oscar-ribas	lead-yt-056-arnau-fortuny	11	Andorra;Catalunya;a veure;bueno;bé;doncs;evidentment;llavors;o sigui;per tant;perquè	semblança textual exploratòria; pendent d'audició
lead-yt-037-oscar-ribas	lead-yt-057-gabriel-lezkano	7	bueno;bé;doncs;evidentment;o sigui;per tant;perquè	semblança textual exploratòria; pendent d'audició
lead-yt-037-oscar-ribas	lead-yt-058-nuria-pablos	9	Andorra;a veure;bueno;bé;doncs;llavors;o sigui;per tant;perquè	semblança textual exploratòria; pendent d'audició
lead-yt-038-conxita-marsol	lead-yt-039-marta-roure	8	Andorra;bueno;bé;doncs;família;no?;per tant;perquè	semblança textual exploratòria; pendent d'audició
lead-yt-038-conxita-marsol	lead-yt-040-guillem-forne	6	Andorra;bueno;bé;doncs;no?;perquè	semblança textual exploratòria; pendent d'audició
lead-yt-038-conxita-marsol	lead-yt-041-guillem-areny	3	bueno;bé;perquè	semblança textual exploratòria; pendent d'audició
lead-yt-038-conxita-marsol	lead-yt-042-andreu-gonzalez	7	Andorra;bueno;bé;doncs;no?;per tant;perquè	semblança textual exploratòria; pendent d'audició
lead-yt-038-conxita-marsol	lead-yt-043-oriol-agorreta	6	bueno;bé;doncs;no?;per tant;perquè	semblança textual exploratòria; pendent d'audició
lead-yt-038-conxita-marsol	lead-yt-044-laura-casanovas	7	Andorra;bueno;bé;doncs;no?;per tant;perquè	semblança textual exploratòria; pendent d'audició
lead-yt-038-conxita-marsol	lead-yt-045-arnau-rius	6	bueno;bé;doncs;no?;per tant;perquè	semblança textual exploratòria; pendent d'audició
lead-yt-038-conxita-marsol	lead-yt-046-alberto-villagrasa	5	bueno;bé;doncs;no?;perquè	semblança textual exploratòria; pendent d'audició
lead-yt-038-conxita-marsol	lead-yt-047-katia-ustina	6	Andorra;bueno;bé;doncs;no?;perquè	semblança textual exploratòria; pendent d'audició
lead-yt-038-conxita-marsol	lead-yt-048-ander-mirambell	8	Andorra;bueno;bé;doncs;família;no?;per tant;perquè	semblança textual exploratòria; pendent d'audició
lead-yt-038-conxita-marsol	lead-yt-049-joan-piquet	6	bueno;bé;doncs;no?;per tant;perquè	semblança textual exploratòria; pendent d'audició
lead-yt-038-conxita-marsol	lead-yt-050-pau-chica	7	Andorra;bueno;bé;doncs;no?;per tant;perquè	semblança textual exploratòria; pendent d'audició
lead-yt-038-conxita-marsol	lead-yt-051-albert-vilaro	7	Andorra;bueno;bé;doncs;no?;per tant;perquè	semblança textual exploratòria; pendent d'audició
lead-yt-038-conxita-marsol	lead-yt-052-valenti-closa	6	bueno;bé;doncs;no?;per tant;perquè	semblança textual exploratòria; pendent d'audició
lead-yt-038-conxita-marsol	lead-yt-053-sonia-andorrita	7	Andorra;bueno;bé;doncs;no?;per tant;perquè	semblança textual exploratòria; pendent d'audició
lead-yt-038-conxita-marsol	lead-yt-054-francesc-solana	7	Andorra;bueno;bé;doncs;no?;per tant;perquè	semblança textual exploratòria; pendent d'audició
lead-yt-038-conxita-marsol	lead-yt-055-enric-flix	7	Andorra;bueno;bé;doncs;no?;per tant;perquè	semblança textual exploratòria; pendent d'audició
lead-yt-038-conxita-marsol	lead-yt-056-arnau-fortuny	7	Andorra;bueno;bé;doncs;no?;per tant;perquè	semblança textual exploratòria; pendent d'audició
lead-yt-038-conxita-marsol	lead-yt-057-gabriel-lezkano	6	bueno;bé;doncs;no?;per tant;perquè	semblança textual exploratòria; pendent d'audició
lead-yt-038-conxita-marsol	lead-yt-058-nuria-pablos	7	Andorra;bueno;bé;doncs;no?;per tant;perquè	semblança textual exploratòria; pendent d'audició
lead-yt-039-marta-roure	lead-yt-040-guillem-forne	12	Andorra;Catalunya;a nivell;a veure;bueno;bé;clar;de fet;doncs;no?;o sigui;perquè	semblança textual exploratòria; pendent d'audició
lead-yt-039-marta-roure	lead-yt-041-guillem-areny	3	bueno;bé;perquè	semblança textual exploratòria; pendent d'audició
lead-yt-039-marta-roure	lead-yt-042-andreu-gonzalez	13	Andorra;a nivell;a veure;bueno;bé;clar;de fet;doncs;llavors;no?;o sigui;per tant;perquè	semblança textual exploratòria; pendent d'audició
lead-yt-039-marta-roure	lead-yt-043-oriol-agorreta	10	a veure;bueno;bé;clar;de fet;doncs;llavors;no?;per tant;perquè	semblança textual exploratòria; pendent d'audició
lead-yt-039-marta-roure	lead-yt-044-laura-casanovas	12	Andorra;a veure;bueno;bé;català;clar;de fet;doncs;llavors;no?;per tant;perquè	semblança textual exploratòria; pendent d'audició
lead-yt-039-marta-roure	lead-yt-045-arnau-rius	11	a nivell;a veure;bueno;bé;clar;de fet;doncs;llavors;no?;per tant;perquè	semblança textual exploratòria; pendent d'audició
lead-yt-039-marta-roure	lead-yt-046-alberto-villagrasa	8	a veure;bueno;bé;clar;doncs;no?;o sigui;perquè	semblança textual exploratòria; pendent d'audició
lead-yt-039-marta-roure	lead-yt-047-katia-ustina	7	Andorra;bueno;bé;doncs;no?;o sigui;perquè	semblança textual exploratòria; pendent d'audició
lead-yt-039-marta-roure	lead-yt-048-ander-mirambell	11	Andorra;a nivell;a veure;bueno;bé;clar;doncs;família;no?;per tant;perquè	semblança textual exploratòria; pendent d'audició
lead-yt-039-marta-roure	lead-yt-049-joan-piquet	12	a nivell;a veure;bueno;bé;clar;de fet;doncs;llavors;no?;o sigui;per tant;perquè	semblança textual exploratòria; pendent d'audició
lead-yt-039-marta-roure	lead-yt-050-pau-chica	12	Andorra;a nivell;a veure;bueno;bé;català;clar;doncs;llavors;no?;per tant;perquè	semblança textual exploratòria; pendent d'audició
lead-yt-039-marta-roure	lead-yt-051-albert-vilaro	9	Andorra;a veure;bueno;bé;clar;doncs;no?;per tant;perquè	semblança textual exploratòria; pendent d'audició
lead-yt-039-marta-roure	lead-yt-052-valenti-closa	13	a nivell;a veure;bueno;bé;clar;de fet;doncs;festival;llavors;no?;o sigui;per tant;perquè	semblança textual exploratòria; pendent d'audició
lead-yt-039-marta-roure	lead-yt-053-sonia-andorrita	11	Andorra;a veure;bueno;bé;clar;de fet;doncs;llavors;no?;per tant;perquè	semblança textual exploratòria; pendent d'audició
lead-yt-039-marta-roure	lead-yt-054-francesc-solana	11	Andorra;a veure;bueno;bé;clar;doncs;llavors;no?;o sigui;per tant;perquè	semblança textual exploratòria; pendent d'audició
lead-yt-039-marta-roure	lead-yt-055-enric-flix	11	Andorra;a veure;bueno;bé;clar;doncs;llavors;no?;per tant;perquè;televisió	semblança textual exploratòria; pendent d'audició
lead-yt-039-marta-roure	lead-yt-056-arnau-fortuny	13	Andorra;Catalunya;a veure;bueno;bé;clar;de fet;doncs;llavors;no?;o sigui;per tant;perquè	semblança textual exploratòria; pendent d'audició
lead-yt-039-marta-roure	lead-yt-057-gabriel-lezkano	8	bueno;bé;clar;doncs;no?;o sigui;per tant;perquè	semblança textual exploratòria; pendent d'audició
lead-yt-039-marta-roure	lead-yt-058-nuria-pablos	12	Andorra;a veure;bueno;bé;clar;de fet;doncs;llavors;no?;o sigui;per tant;perquè	semblança textual exploratòria; pendent d'audició
lead-yt-040-guillem-forne	lead-yt-041-guillem-areny	3	bueno;bé;perquè	semblança textual exploratòria; pendent d'audició
lead-yt-040-guillem-forne	lead-yt-042-andreu-gonzalez	11	Andorra;a nivell;a veure;bueno;bé;clar;de fet;doncs;no?;o sigui;perquè	semblança textual exploratòria; pendent d'audició
lead-yt-040-guillem-forne	lead-yt-043-oriol-agorreta	10	a veure;bueno;bé;clar;de fet;doncs;no?;perquè;teatre;és a dir	semblança textual exploratòria; pendent d'audició
lead-yt-040-guillem-forne	lead-yt-044-laura-casanovas	12	Andorra;a veure;bueno;bé;clar;de fet;doncs;lectura;llibres;no?;perquè;és a dir	semblança textual exploratòria; pendent d'audició
lead-yt-040-guillem-forne	lead-yt-045-arnau-rius	10	a nivell;a veure;bueno;bé;clar;de fet;doncs;no?;perquè;vull dir	semblança textual exploratòria; pendent d'audició
lead-yt-040-guillem-forne	lead-yt-046-alberto-villagrasa	9	a veure;bueno;bé;clar;doncs;no?;o sigui;perquè;és a dir	semblança textual exploratòria; pendent d'audició
lead-yt-040-guillem-forne	lead-yt-047-katia-ustina	7	Andorra;bueno;bé;doncs;no?;o sigui;perquè	semblança textual exploratòria; pendent d'audició
lead-yt-040-guillem-forne	lead-yt-048-ander-mirambell	10	Andorra;a nivell;a veure;bueno;bé;clar;doncs;no?;perquè;és a dir	semblança textual exploratòria; pendent d'audició
lead-yt-040-guillem-forne	lead-yt-049-joan-piquet	14	a nivell;a veure;aviam;bueno;bé;clar;de fet;diguem;doncs;no?;o sigui;perquè;vull dir;és a dir	semblança textual exploratòria; pendent d'audició
lead-yt-040-guillem-forne	lead-yt-050-pau-chica	12	Andorra;a nivell;a veure;bueno;bé;clar;doncs;no?;parròquia;perquè;vull dir;és a dir	semblança textual exploratòria; pendent d'audició
lead-yt-040-guillem-forne	lead-yt-051-albert-vilaro	12	Andorra;a veure;aviam;bueno;bé;clar;diguem;doncs;no?;perquè;vull dir;és a dir	semblança textual exploratòria; pendent d'audició
lead-yt-040-guillem-forne	lead-yt-052-valenti-closa	14	a nivell;a veure;aviam;bueno;bé;clar;cultura;de fet;doncs;no?;o sigui;parròquia;perquè;vull dir	semblança textual exploratòria; pendent d'audició
lead-yt-040-guillem-forne	lead-yt-053-sonia-andorrita	10	Andorra;a veure;bueno;bé;clar;de fet;doncs;no?;perquè;és a dir	semblança textual exploratòria; pendent d'audició
lead-yt-040-guillem-forne	lead-yt-054-francesc-solana	11	Andorra;a veure;bueno;bé;clar;diguem;doncs;no?;o sigui;perquè;vull dir	semblança textual exploratòria; pendent d'audició
lead-yt-040-guillem-forne	lead-yt-055-enric-flix	12	Andorra;Ordino;a veure;aviam;bueno;bé;clar;doncs;no?;perquè;vull dir;és a dir	semblança textual exploratòria; pendent d'audició
lead-yt-040-guillem-forne	lead-yt-056-arnau-fortuny	14	Andorra;Catalunya;a veure;bueno;bé;clar;de fet;diguem;doncs;no?;o sigui;perquè;vull dir;és a dir	semblança textual exploratòria; pendent d'audició
lead-yt-040-guillem-forne	lead-yt-057-gabriel-lezkano	9	bueno;bé;clar;cultura;doncs;no?;o sigui;perquè;és a dir	semblança textual exploratòria; pendent d'audició
lead-yt-040-guillem-forne	lead-yt-058-nuria-pablos	12	Andorra;a veure;bueno;bé;clar;de fet;doncs;no?;o sigui;perquè;vull dir;és a dir	semblança textual exploratòria; pendent d'audició
lead-yt-041-guillem-areny	lead-yt-042-andreu-gonzalez	3	bueno;bé;perquè	semblança textual exploratòria; pendent d'audició
lead-yt-041-guillem-areny	lead-yt-043-oriol-agorreta	3	bueno;bé;perquè	semblança textual exploratòria; pendent d'audició
lead-yt-041-guillem-areny	lead-yt-044-laura-casanovas	3	bueno;bé;perquè	semblança textual exploratòria; pendent d'audició
lead-yt-041-guillem-areny	lead-yt-045-arnau-rius	3	bueno;bé;perquè	semblança textual exploratòria; pendent d'audició
lead-yt-041-guillem-areny	lead-yt-046-alberto-villagrasa	3	bueno;bé;perquè	semblança textual exploratòria; pendent d'audició
lead-yt-041-guillem-areny	lead-yt-047-katia-ustina	3	bueno;bé;perquè	semblança textual exploratòria; pendent d'audició
lead-yt-041-guillem-areny	lead-yt-048-ander-mirambell	3	bueno;bé;perquè	semblança textual exploratòria; pendent d'audició
lead-yt-041-guillem-areny	lead-yt-049-joan-piquet	3	bueno;bé;perquè	semblança textual exploratòria; pendent d'audició
lead-yt-041-guillem-areny	lead-yt-050-pau-chica	3	bueno;bé;perquè	semblança textual exploratòria; pendent d'audició
lead-yt-041-guillem-areny	lead-yt-051-albert-vilaro	3	bueno;bé;perquè	semblança textual exploratòria; pendent d'audició
lead-yt-041-guillem-areny	lead-yt-052-valenti-closa	3	bueno;bé;perquè	semblança textual exploratòria; pendent d'audició
lead-yt-041-guillem-areny	lead-yt-053-sonia-andorrita	3	bueno;bé;perquè	semblança textual exploratòria; pendent d'audició
lead-yt-041-guillem-areny	lead-yt-054-francesc-solana	3	bueno;bé;perquè	semblança textual exploratòria; pendent d'audició
lead-yt-041-guillem-areny	lead-yt-055-enric-flix	4	aleshores;bueno;bé;perquè	semblança textual exploratòria; pendent d'audició
lead-yt-041-guillem-areny	lead-yt-056-arnau-fortuny	3	bueno;bé;perquè	semblança textual exploratòria; pendent d'audició
lead-yt-041-guillem-areny	lead-yt-057-gabriel-lezkano	3	bueno;bé;perquè	semblança textual exploratòria; pendent d'audició
lead-yt-041-guillem-areny	lead-yt-058-nuria-pablos	3	bueno;bé;perquè	semblança textual exploratòria; pendent d'audició
lead-yt-042-andreu-gonzalez	lead-yt-043-oriol-agorreta	11	a veure;bueno;bé;clar;de fet;doncs;evidentment;llavors;no?;per tant;perquè	semblança textual exploratòria; pendent d'audició
lead-yt-042-andreu-gonzalez	lead-yt-044-laura-casanovas	12	Andorra;Pirineus;a veure;bueno;bé;clar;de fet;doncs;llavors;no?;per tant;perquè	semblança textual exploratòria; pendent d'audició
lead-yt-042-andreu-gonzalez	lead-yt-045-arnau-rius	12	a nivell;a veure;bueno;bé;clar;de fet;doncs;llavors;muntanya;no?;per tant;perquè	semblança textual exploratòria; pendent d'audició
lead-yt-042-andreu-gonzalez	lead-yt-046-alberto-villagrasa	9	a veure;bueno;bé;clar;doncs;evidentment;no?;o sigui;perquè	semblança textual exploratòria; pendent d'audició
lead-yt-042-andreu-gonzalez	lead-yt-047-katia-ustina	7	Andorra;bueno;bé;doncs;no?;o sigui;perquè	semblança textual exploratòria; pendent d'audició
lead-yt-042-andreu-gonzalez	lead-yt-048-ander-mirambell	10	Andorra;a nivell;a veure;bueno;bé;clar;doncs;no?;per tant;perquè	semblança textual exploratòria; pendent d'audició
lead-yt-042-andreu-gonzalez	lead-yt-049-joan-piquet	13	a nivell;a veure;bueno;bé;clar;de fet;doncs;evidentment;llavors;no?;o sigui;per tant;perquè	semblança textual exploratòria; pendent d'audició
lead-yt-042-andreu-gonzalez	lead-yt-050-pau-chica	12	Andorra;a nivell;a veure;bueno;bé;clar;doncs;evidentment;llavors;no?;per tant;perquè	semblança textual exploratòria; pendent d'audició
lead-yt-042-andreu-gonzalez	lead-yt-051-albert-vilaro	9	Andorra;a veure;bueno;bé;clar;doncs;no?;per tant;perquè	semblança textual exploratòria; pendent d'audició
lead-yt-042-andreu-gonzalez	lead-yt-052-valenti-closa	12	a nivell;a veure;bueno;bé;clar;de fet;doncs;llavors;no?;o sigui;per tant;perquè	semblança textual exploratòria; pendent d'audició
lead-yt-042-andreu-gonzalez	lead-yt-053-sonia-andorrita	11	Andorra;a veure;bueno;bé;clar;de fet;doncs;llavors;no?;per tant;perquè	semblança textual exploratòria; pendent d'audició
lead-yt-042-andreu-gonzalez	lead-yt-054-francesc-solana	12	Andorra;a veure;bueno;bé;clar;doncs;evidentment;llavors;no?;o sigui;per tant;perquè	semblança textual exploratòria; pendent d'audició
lead-yt-042-andreu-gonzalez	lead-yt-055-enric-flix	11	Andorra;a veure;bueno;bé;clar;doncs;evidentment;llavors;no?;per tant;perquè	semblança textual exploratòria; pendent d'audició
lead-yt-042-andreu-gonzalez	lead-yt-056-arnau-fortuny	13	Andorra;a veure;bueno;bé;clar;de fet;doncs;evidentment;llavors;no?;o sigui;per tant;perquè	semblança textual exploratòria; pendent d'audició
lead-yt-042-andreu-gonzalez	lead-yt-057-gabriel-lezkano	9	bueno;bé;clar;doncs;evidentment;no?;o sigui;per tant;perquè	semblança textual exploratòria; pendent d'audició
lead-yt-042-andreu-gonzalez	lead-yt-058-nuria-pablos	12	Andorra;a veure;bueno;bé;clar;de fet;doncs;llavors;no?;o sigui;per tant;perquè	semblança textual exploratòria; pendent d'audició
lead-yt-043-oriol-agorreta	lead-yt-044-laura-casanovas	13	a veure;bueno;bé;clar;contes;de fet;doncs;escriure;llavors;no?;per tant;perquè;és a dir	semblança textual exploratòria; pendent d'audició
lead-yt-043-oriol-agorreta	lead-yt-045-arnau-rius	10	a veure;bueno;bé;clar;de fet;doncs;llavors;no?;per tant;perquè	semblança textual exploratòria; pendent d'audició
lead-yt-043-oriol-agorreta	lead-yt-046-alberto-villagrasa	9	a veure;bueno;bé;clar;doncs;evidentment;no?;perquè;és a dir	semblança textual exploratòria; pendent d'audició
lead-yt-043-oriol-agorreta	lead-yt-047-katia-ustina	5	bueno;bé;doncs;no?;perquè	semblança textual exploratòria; pendent d'audició
lead-yt-043-oriol-agorreta	lead-yt-048-ander-mirambell	9	a veure;bueno;bé;clar;doncs;no?;per tant;perquè;és a dir	semblança textual exploratòria; pendent d'audició
lead-yt-043-oriol-agorreta	lead-yt-049-joan-piquet	12	a veure;bueno;bé;clar;de fet;doncs;evidentment;llavors;no?;per tant;perquè;és a dir	semblança textual exploratòria; pendent d'audició
lead-yt-043-oriol-agorreta	lead-yt-050-pau-chica	11	a veure;bueno;bé;clar;doncs;evidentment;llavors;no?;per tant;perquè;és a dir	semblança textual exploratòria; pendent d'audició
lead-yt-043-oriol-agorreta	lead-yt-051-albert-vilaro	9	a veure;bueno;bé;clar;doncs;no?;per tant;perquè;és a dir	semblança textual exploratòria; pendent d'audició
lead-yt-043-oriol-agorreta	lead-yt-052-valenti-closa	11	a veure;bueno;bé;clar;de fet;doncs;llavors;música;no?;per tant;perquè	semblança textual exploratòria; pendent d'audició
lead-yt-043-oriol-agorreta	lead-yt-053-sonia-andorrita	11	a veure;bueno;bé;clar;de fet;doncs;llavors;no?;per tant;perquè;és a dir	semblança textual exploratòria; pendent d'audició
lead-yt-043-oriol-agorreta	lead-yt-054-francesc-solana	10	a veure;bueno;bé;clar;doncs;evidentment;llavors;no?;per tant;perquè	semblança textual exploratòria; pendent d'audició
lead-yt-043-oriol-agorreta	lead-yt-055-enric-flix	11	a veure;bueno;bé;clar;doncs;evidentment;llavors;no?;per tant;perquè;és a dir	semblança textual exploratòria; pendent d'audició
lead-yt-043-oriol-agorreta	lead-yt-056-arnau-fortuny	12	a veure;bueno;bé;clar;de fet;doncs;evidentment;llavors;no?;per tant;perquè;és a dir	semblança textual exploratòria; pendent d'audició
lead-yt-043-oriol-agorreta	lead-yt-057-gabriel-lezkano	10	bueno;bé;clar;doncs;evidentment;música;no?;per tant;perquè;és a dir	semblança textual exploratòria; pendent d'audició
lead-yt-043-oriol-agorreta	lead-yt-058-nuria-pablos	11	a veure;bueno;bé;clar;de fet;doncs;llavors;no?;per tant;perquè;és a dir	semblança textual exploratòria; pendent d'audició
lead-yt-044-laura-casanovas	lead-yt-045-arnau-rius	10	a veure;bueno;bé;clar;de fet;doncs;llavors;no?;per tant;perquè	semblança textual exploratòria; pendent d'audició
lead-yt-044-laura-casanovas	lead-yt-046-alberto-villagrasa	8	a veure;bueno;bé;clar;doncs;no?;perquè;és a dir	semblança textual exploratòria; pendent d'audició
lead-yt-044-laura-casanovas	lead-yt-047-katia-ustina	6	Andorra;bueno;bé;doncs;no?;perquè	semblança textual exploratòria; pendent d'audició
lead-yt-044-laura-casanovas	lead-yt-048-ander-mirambell	10	Andorra;a veure;bueno;bé;clar;doncs;no?;per tant;perquè;és a dir	semblança textual exploratòria; pendent d'audició
lead-yt-044-laura-casanovas	lead-yt-049-joan-piquet	11	a veure;bueno;bé;clar;de fet;doncs;llavors;no?;per tant;perquè;és a dir	semblança textual exploratòria; pendent d'audició
lead-yt-044-laura-casanovas	lead-yt-050-pau-chica	12	Andorra;a veure;bueno;bé;català;clar;doncs;llavors;no?;per tant;perquè;és a dir	semblança textual exploratòria; pendent d'audició
lead-yt-044-laura-casanovas	lead-yt-051-albert-vilaro	10	Andorra;a veure;bueno;bé;clar;doncs;no?;per tant;perquè;és a dir	semblança textual exploratòria; pendent d'audició
lead-yt-044-laura-casanovas	lead-yt-052-valenti-closa	11	Escaldes;a veure;bueno;bé;clar;de fet;doncs;llavors;no?;per tant;perquè	semblança textual exploratòria; pendent d'audició
lead-yt-044-laura-casanovas	lead-yt-053-sonia-andorrita	13	Andorra;Escaldes;a veure;bueno;bé;clar;de fet;doncs;llavors;no?;per tant;perquè;és a dir	semblança textual exploratòria; pendent d'audició
lead-yt-044-laura-casanovas	lead-yt-054-francesc-solana	10	Andorra;a veure;bueno;bé;clar;doncs;llavors;no?;per tant;perquè	semblança textual exploratòria; pendent d'audició
lead-yt-044-laura-casanovas	lead-yt-055-enric-flix	11	Andorra;a veure;bueno;bé;clar;doncs;llavors;no?;per tant;perquè;és a dir	semblança textual exploratòria; pendent d'audició
lead-yt-044-laura-casanovas	lead-yt-056-arnau-fortuny	12	Andorra;a veure;bueno;bé;clar;de fet;doncs;llavors;no?;per tant;perquè;és a dir	semblança textual exploratòria; pendent d'audició
lead-yt-044-laura-casanovas	lead-yt-057-gabriel-lezkano	8	bueno;bé;clar;doncs;no?;per tant;perquè;és a dir	semblança textual exploratòria; pendent d'audició
lead-yt-044-laura-casanovas	lead-yt-058-nuria-pablos	13	Andorra;Escaldes;a veure;bueno;bé;clar;de fet;doncs;llavors;no?;per tant;perquè;és a dir	semblança textual exploratòria; pendent d'audició
lead-yt-045-arnau-rius	lead-yt-046-alberto-villagrasa	7	a veure;bueno;bé;clar;doncs;no?;perquè	semblança textual exploratòria; pendent d'audició
lead-yt-045-arnau-rius	lead-yt-047-katia-ustina	5	bueno;bé;doncs;no?;perquè	semblança textual exploratòria; pendent d'audició
lead-yt-045-arnau-rius	lead-yt-048-ander-mirambell	9	a nivell;a veure;bueno;bé;clar;doncs;no?;per tant;perquè	semblança textual exploratòria; pendent d'audició
lead-yt-045-arnau-rius	lead-yt-049-joan-piquet	12	a nivell;a veure;bueno;bé;clar;de fet;doncs;llavors;no?;per tant;perquè;vull dir	semblança textual exploratòria; pendent d'audició
lead-yt-045-arnau-rius	lead-yt-050-pau-chica	11	a nivell;a veure;bueno;bé;clar;doncs;llavors;no?;per tant;perquè;vull dir	semblança textual exploratòria; pendent d'audició
lead-yt-045-arnau-rius	lead-yt-051-albert-vilaro	9	a veure;bueno;bé;clar;doncs;no?;per tant;perquè;vull dir	semblança textual exploratòria; pendent d'audició
lead-yt-045-arnau-rius	lead-yt-052-valenti-closa	12	a nivell;a veure;bueno;bé;clar;de fet;doncs;llavors;no?;per tant;perquè;vull dir	semblança textual exploratòria; pendent d'audició
lead-yt-045-arnau-rius	lead-yt-053-sonia-andorrita	10	a veure;bueno;bé;clar;de fet;doncs;llavors;no?;per tant;perquè	semblança textual exploratòria; pendent d'audició
lead-yt-045-arnau-rius	lead-yt-054-francesc-solana	10	a veure;bueno;bé;clar;doncs;llavors;no?;per tant;perquè;vull dir	semblança textual exploratòria; pendent d'audició
lead-yt-045-arnau-rius	lead-yt-055-enric-flix	10	a veure;bueno;bé;clar;doncs;llavors;no?;per tant;perquè;vull dir	semblança textual exploratòria; pendent d'audició
lead-yt-045-arnau-rius	lead-yt-056-arnau-fortuny	11	a veure;bueno;bé;clar;de fet;doncs;llavors;no?;per tant;perquè;vull dir	semblança textual exploratòria; pendent d'audició
lead-yt-045-arnau-rius	lead-yt-057-gabriel-lezkano	7	bueno;bé;clar;doncs;no?;per tant;perquè	semblança textual exploratòria; pendent d'audició
lead-yt-045-arnau-rius	lead-yt-058-nuria-pablos	11	a veure;bueno;bé;clar;de fet;doncs;llavors;no?;per tant;perquè;vull dir	semblança textual exploratòria; pendent d'audició
lead-yt-046-alberto-villagrasa	lead-yt-047-katia-ustina	6	bueno;bé;doncs;no?;o sigui;perquè	semblança textual exploratòria; pendent d'audició
lead-yt-046-alberto-villagrasa	lead-yt-048-ander-mirambell	9	a veure;bueno;bé;clar;comú;doncs;no?;perquè;és a dir	semblança textual exploratòria; pendent d'audició
lead-yt-046-alberto-villagrasa	lead-yt-049-joan-piquet	10	a veure;bueno;bé;clar;doncs;evidentment;no?;o sigui;perquè;és a dir	semblança textual exploratòria; pendent d'audició
lead-yt-046-alberto-villagrasa	lead-yt-050-pau-chica	9	a veure;bueno;bé;clar;doncs;evidentment;no?;perquè;és a dir	semblança textual exploratòria; pendent d'audició
lead-yt-046-alberto-villagrasa	lead-yt-051-albert-vilaro	8	a veure;bueno;bé;clar;doncs;no?;perquè;és a dir	semblança textual exploratòria; pendent d'audició
lead-yt-046-alberto-villagrasa	lead-yt-052-valenti-closa	9	a veure;bueno;bé;clar;comú;doncs;no?;o sigui;perquè	semblança textual exploratòria; pendent d'audició
lead-yt-046-alberto-villagrasa	lead-yt-053-sonia-andorrita	9	a veure;bueno;bé;clar;comú;doncs;no?;perquè;és a dir	semblança textual exploratòria; pendent d'audició
lead-yt-046-alberto-villagrasa	lead-yt-054-francesc-solana	9	a veure;bueno;bé;clar;doncs;evidentment;no?;o sigui;perquè	semblança textual exploratòria; pendent d'audició
lead-yt-046-alberto-villagrasa	lead-yt-055-enric-flix	11	a veure;bueno;bé;clar;doncs;evidentment;internet;mòbil;no?;perquè;és a dir	semblança textual exploratòria; pendent d'audició
lead-yt-046-alberto-villagrasa	lead-yt-056-arnau-fortuny	10	a veure;bueno;bé;clar;doncs;evidentment;no?;o sigui;perquè;és a dir	semblança textual exploratòria; pendent d'audició
lead-yt-046-alberto-villagrasa	lead-yt-057-gabriel-lezkano	9	bueno;bé;clar;doncs;evidentment;no?;o sigui;perquè;és a dir	semblança textual exploratòria; pendent d'audició
lead-yt-046-alberto-villagrasa	lead-yt-058-nuria-pablos	9	a veure;bueno;bé;clar;doncs;no?;o sigui;perquè;és a dir	semblança textual exploratòria; pendent d'audició
lead-yt-047-katia-ustina	lead-yt-048-ander-mirambell	6	Andorra;bueno;bé;doncs;no?;perquè	semblança textual exploratòria; pendent d'audició
lead-yt-047-katia-ustina	lead-yt-049-joan-piquet	6	bueno;bé;doncs;no?;o sigui;perquè	semblança textual exploratòria; pendent d'audició
lead-yt-047-katia-ustina	lead-yt-050-pau-chica	6	Andorra;bueno;bé;doncs;no?;perquè	semblança textual exploratòria; pendent d'audició
lead-yt-047-katia-ustina	lead-yt-051-albert-vilaro	6	Andorra;bueno;bé;doncs;no?;perquè	semblança textual exploratòria; pendent d'audició
lead-yt-047-katia-ustina	lead-yt-052-valenti-closa	6	bueno;bé;doncs;no?;o sigui;perquè	semblança textual exploratòria; pendent d'audició
lead-yt-047-katia-ustina	lead-yt-053-sonia-andorrita	6	Andorra;bueno;bé;doncs;no?;perquè	semblança textual exploratòria; pendent d'audició
lead-yt-047-katia-ustina	lead-yt-054-francesc-solana	7	Andorra;bueno;bé;doncs;no?;o sigui;perquè	semblança textual exploratòria; pendent d'audició
lead-yt-047-katia-ustina	lead-yt-055-enric-flix	6	Andorra;bueno;bé;doncs;no?;perquè	semblança textual exploratòria; pendent d'audició
lead-yt-047-katia-ustina	lead-yt-056-arnau-fortuny	7	Andorra;bueno;bé;doncs;no?;o sigui;perquè	semblança textual exploratòria; pendent d'audició
lead-yt-047-katia-ustina	lead-yt-057-gabriel-lezkano	6	bueno;bé;doncs;no?;o sigui;perquè	semblança textual exploratòria; pendent d'audició
lead-yt-047-katia-ustina	lead-yt-058-nuria-pablos	7	Andorra;bueno;bé;doncs;no?;o sigui;perquè	semblança textual exploratòria; pendent d'audició
lead-yt-048-ander-mirambell	lead-yt-049-joan-piquet	10	a nivell;a veure;bueno;bé;clar;doncs;no?;per tant;perquè;és a dir	semblança textual exploratòria; pendent d'audició
lead-yt-048-ander-mirambell	lead-yt-050-pau-chica	11	Andorra;a nivell;a veure;bueno;bé;clar;doncs;no?;per tant;perquè;és a dir	semblança textual exploratòria; pendent d'audició
lead-yt-048-ander-mirambell	lead-yt-051-albert-vilaro	10	Andorra;a veure;bueno;bé;clar;doncs;no?;per tant;perquè;és a dir	semblança textual exploratòria; pendent d'audició
lead-yt-048-ander-mirambell	lead-yt-052-valenti-closa	10	a nivell;a veure;bueno;bé;clar;comú;doncs;no?;per tant;perquè	semblança textual exploratòria; pendent d'audició
lead-yt-048-ander-mirambell	lead-yt-053-sonia-andorrita	11	Andorra;a veure;bueno;bé;clar;comú;doncs;no?;per tant;perquè;és a dir	semblança textual exploratòria; pendent d'audició
lead-yt-048-ander-mirambell	lead-yt-054-francesc-solana	9	Andorra;a veure;bueno;bé;clar;doncs;no?;per tant;perquè	semblança textual exploratòria; pendent d'audició
lead-yt-048-ander-mirambell	lead-yt-055-enric-flix	10	Andorra;a veure;bueno;bé;clar;doncs;no?;per tant;perquè;és a dir	semblança textual exploratòria; pendent d'audició
lead-yt-048-ander-mirambell	lead-yt-056-arnau-fortuny	10	Andorra;a veure;bueno;bé;clar;doncs;no?;per tant;perquè;és a dir	semblança textual exploratòria; pendent d'audició
lead-yt-048-ander-mirambell	lead-yt-057-gabriel-lezkano	8	bueno;bé;clar;doncs;no?;per tant;perquè;és a dir	semblança textual exploratòria; pendent d'audició
lead-yt-048-ander-mirambell	lead-yt-058-nuria-pablos	10	Andorra;a veure;bueno;bé;clar;doncs;no?;per tant;perquè;és a dir	semblança textual exploratòria; pendent d'audició
lead-yt-049-joan-piquet	lead-yt-050-pau-chica	13	a nivell;a veure;bueno;bé;clar;doncs;evidentment;llavors;no?;per tant;perquè;vull dir;és a dir	semblança textual exploratòria; pendent d'audició
lead-yt-049-joan-piquet	lead-yt-051-albert-vilaro	12	a veure;aviam;bueno;bé;clar;diguem;doncs;no?;per tant;perquè;vull dir;és a dir	semblança textual exploratòria; pendent d'audició
lead-yt-049-joan-piquet	lead-yt-052-valenti-closa	14	a nivell;a veure;aviam;bueno;bé;clar;de fet;doncs;llavors;no?;o sigui;per tant;perquè;vull dir	semblança textual exploratòria; pendent d'audició
lead-yt-049-joan-piquet	lead-yt-053-sonia-andorrita	11	a veure;bueno;bé;clar;de fet;doncs;llavors;no?;per tant;perquè;és a dir	semblança textual exploratòria; pendent d'audició
lead-yt-049-joan-piquet	lead-yt-054-francesc-solana	13	a veure;bueno;bé;clar;diguem;doncs;evidentment;llavors;no?;o sigui;per tant;perquè;vull dir	semblança textual exploratòria; pendent d'audició
lead-yt-049-joan-piquet	lead-yt-055-enric-flix	13	a veure;aviam;bueno;bé;clar;doncs;evidentment;llavors;no?;per tant;perquè;vull dir;és a dir	semblança textual exploratòria; pendent d'audició
lead-yt-049-joan-piquet	lead-yt-056-arnau-fortuny	15	a veure;bueno;bé;clar;de fet;diguem;doncs;evidentment;llavors;no?;o sigui;per tant;perquè;vull dir;és a dir	semblança textual exploratòria; pendent d'audició
lead-yt-049-joan-piquet	lead-yt-057-gabriel-lezkano	10	bueno;bé;clar;doncs;evidentment;no?;o sigui;per tant;perquè;és a dir	semblança textual exploratòria; pendent d'audició
lead-yt-049-joan-piquet	lead-yt-058-nuria-pablos	13	a veure;bueno;bé;clar;de fet;doncs;llavors;no?;o sigui;per tant;perquè;vull dir;és a dir	semblança textual exploratòria; pendent d'audició
lead-yt-050-pau-chica	lead-yt-051-albert-vilaro	11	Andorra;a veure;bueno;bé;clar;doncs;no?;per tant;perquè;vull dir;és a dir	semblança textual exploratòria; pendent d'audició
lead-yt-050-pau-chica	lead-yt-052-valenti-closa	12	a nivell;a veure;bueno;bé;clar;doncs;llavors;no?;parròquia;per tant;perquè;vull dir	semblança textual exploratòria; pendent d'audició
lead-yt-050-pau-chica	lead-yt-053-sonia-andorrita	11	Andorra;a veure;bueno;bé;clar;doncs;llavors;no?;per tant;perquè;és a dir	semblança textual exploratòria; pendent d'audició
lead-yt-050-pau-chica	lead-yt-054-francesc-solana	12	Andorra;a veure;bueno;bé;clar;doncs;evidentment;llavors;no?;per tant;perquè;vull dir	semblança textual exploratòria; pendent d'audició
lead-yt-050-pau-chica	lead-yt-055-enric-flix	13	Andorra;a veure;bueno;bé;clar;doncs;evidentment;llavors;no?;per tant;perquè;vull dir;és a dir	semblança textual exploratòria; pendent d'audició
lead-yt-050-pau-chica	lead-yt-056-arnau-fortuny	13	Andorra;a veure;bueno;bé;clar;doncs;evidentment;llavors;no?;per tant;perquè;vull dir;és a dir	semblança textual exploratòria; pendent d'audició
lead-yt-050-pau-chica	lead-yt-057-gabriel-lezkano	9	bueno;bé;clar;doncs;evidentment;no?;per tant;perquè;és a dir	semblança textual exploratòria; pendent d'audició
lead-yt-050-pau-chica	lead-yt-058-nuria-pablos	12	Andorra;a veure;bueno;bé;clar;doncs;llavors;no?;per tant;perquè;vull dir;és a dir	semblança textual exploratòria; pendent d'audició
lead-yt-051-albert-vilaro	lead-yt-052-valenti-closa	10	a veure;aviam;bueno;bé;clar;doncs;no?;per tant;perquè;vull dir	semblança textual exploratòria; pendent d'audició
lead-yt-051-albert-vilaro	lead-yt-053-sonia-andorrita	10	Andorra;a veure;bueno;bé;clar;doncs;no?;per tant;perquè;és a dir	semblança textual exploratòria; pendent d'audició
lead-yt-051-albert-vilaro	lead-yt-054-francesc-solana	12	Andorra;a veure;bueno;bé;clar;diguem;doncs;no?;per tant;perquè;treball;vull dir	semblança textual exploratòria; pendent d'audició
lead-yt-051-albert-vilaro	lead-yt-055-enric-flix	12	Andorra;a veure;aviam;bueno;bé;clar;doncs;no?;per tant;perquè;vull dir;és a dir	semblança textual exploratòria; pendent d'audició
lead-yt-051-albert-vilaro	lead-yt-056-arnau-fortuny	12	Andorra;a veure;bueno;bé;clar;diguem;doncs;no?;per tant;perquè;vull dir;és a dir	semblança textual exploratòria; pendent d'audició
lead-yt-051-albert-vilaro	lead-yt-057-gabriel-lezkano	8	bueno;bé;clar;doncs;no?;per tant;perquè;és a dir	semblança textual exploratòria; pendent d'audició
lead-yt-051-albert-vilaro	lead-yt-058-nuria-pablos	11	Andorra;a veure;bueno;bé;clar;doncs;no?;per tant;perquè;vull dir;és a dir	semblança textual exploratòria; pendent d'audició
lead-yt-052-valenti-closa	lead-yt-053-sonia-andorrita	12	Escaldes;a veure;bueno;bé;clar;comú;de fet;doncs;llavors;no?;per tant;perquè	semblança textual exploratòria; pendent d'audició
lead-yt-052-valenti-closa	lead-yt-054-francesc-solana	11	a veure;bueno;bé;clar;doncs;llavors;no?;o sigui;per tant;perquè;vull dir	semblança textual exploratòria; pendent d'audició
lead-yt-052-valenti-closa	lead-yt-055-enric-flix	11	a veure;aviam;bueno;bé;clar;doncs;llavors;no?;per tant;perquè;vull dir	semblança textual exploratòria; pendent d'audició
lead-yt-052-valenti-closa	lead-yt-056-arnau-fortuny	12	a veure;bueno;bé;clar;de fet;doncs;llavors;no?;o sigui;per tant;perquè;vull dir	semblança textual exploratòria; pendent d'audició
lead-yt-052-valenti-closa	lead-yt-057-gabriel-lezkano	10	bueno;bé;clar;cultura;doncs;música;no?;o sigui;per tant;perquè	semblança textual exploratòria; pendent d'audició
lead-yt-052-valenti-closa	lead-yt-058-nuria-pablos	13	Escaldes;a veure;bueno;bé;clar;de fet;doncs;llavors;no?;o sigui;per tant;perquè;vull dir	semblança textual exploratòria; pendent d'audició
lead-yt-053-sonia-andorrita	lead-yt-054-francesc-solana	10	Andorra;a veure;bueno;bé;clar;doncs;llavors;no?;per tant;perquè	semblança textual exploratòria; pendent d'audició
lead-yt-053-sonia-andorrita	lead-yt-055-enric-flix	11	Andorra;a veure;bueno;bé;clar;doncs;llavors;no?;per tant;perquè;és a dir	semblança textual exploratòria; pendent d'audició
lead-yt-053-sonia-andorrita	lead-yt-056-arnau-fortuny	12	Andorra;a veure;bueno;bé;clar;de fet;doncs;llavors;no?;per tant;perquè;és a dir	semblança textual exploratòria; pendent d'audició
lead-yt-053-sonia-andorrita	lead-yt-057-gabriel-lezkano	8	bueno;bé;clar;doncs;no?;per tant;perquè;és a dir	semblança textual exploratòria; pendent d'audició
lead-yt-053-sonia-andorrita	lead-yt-058-nuria-pablos	13	Andorra;Escaldes;a veure;bueno;bé;clar;de fet;doncs;llavors;no?;per tant;perquè;és a dir	semblança textual exploratòria; pendent d'audició
lead-yt-054-francesc-solana	lead-yt-055-enric-flix	12	Andorra;a veure;bueno;bé;clar;doncs;evidentment;llavors;no?;per tant;perquè;vull dir	semblança textual exploratòria; pendent d'audició
lead-yt-054-francesc-solana	lead-yt-056-arnau-fortuny	14	Andorra;a veure;bueno;bé;clar;diguem;doncs;evidentment;llavors;no?;o sigui;per tant;perquè;vull dir	semblança textual exploratòria; pendent d'audició
lead-yt-054-francesc-solana	lead-yt-057-gabriel-lezkano	9	bueno;bé;clar;doncs;evidentment;no?;o sigui;per tant;perquè	semblança textual exploratòria; pendent d'audició
lead-yt-054-francesc-solana	lead-yt-058-nuria-pablos	12	Andorra;a veure;bueno;bé;clar;doncs;llavors;no?;o sigui;per tant;perquè;vull dir	semblança textual exploratòria; pendent d'audició
lead-yt-055-enric-flix	lead-yt-056-arnau-fortuny	15	Andorra;Barcelona;a veure;bueno;bé;clar;doncs;empresa;evidentment;llavors;no?;per tant;perquè;vull dir;és a dir	semblança textual exploratòria; pendent d'audició
lead-yt-055-enric-flix	lead-yt-057-gabriel-lezkano	10	Barcelona;bueno;bé;clar;doncs;evidentment;no?;per tant;perquè;és a dir	semblança textual exploratòria; pendent d'audició
lead-yt-055-enric-flix	lead-yt-058-nuria-pablos	12	Andorra;a veure;bueno;bé;clar;doncs;llavors;no?;per tant;perquè;vull dir;és a dir	semblança textual exploratòria; pendent d'audició
lead-yt-056-arnau-fortuny	lead-yt-057-gabriel-lezkano	11	Barcelona;bueno;bé;clar;doncs;evidentment;no?;o sigui;per tant;perquè;és a dir	semblança textual exploratòria; pendent d'audició
lead-yt-056-arnau-fortuny	lead-yt-058-nuria-pablos	14	Andorra;a veure;bueno;bé;clar;de fet;doncs;llavors;no?;o sigui;per tant;perquè;vull dir;és a dir	semblança textual exploratòria; pendent d'audició
lead-yt-057-gabriel-lezkano	lead-yt-058-nuria-pablos	9	bueno;bé;clar;doncs;no?;o sigui;per tant;perquè;és a dir	semblança textual exploratòria; pendent d'audició
