idDivision	taula	codi	serie	periode	valor
1544	Nombre de pensions no contributives	0106020300010001	Nombre de pensions no contributives. Total	2013	121
1544	Nombre de pensions no contributives	0106020300010001	Nombre de pensions no contributives. Total	2014	109
1544	Nombre de pensions no contributives	0106020300010001	Nombre de pensions no contributives. Total	2015	97
1544	Nombre de pensions no contributives	0106020300010001	Nombre de pensions no contributives. Total	2016	88
1544	Nombre de pensions no contributives	0106020300010001	Nombre de pensions no contributives. Total	2017	75
1544	Nombre de pensions no contributives	0106020300010001	Nombre de pensions no contributives. Total	2018	61
1544	Nombre de pensions no contributives	0106020300010001	Nombre de pensions no contributives. Total	2019	50
1544	Nombre de pensions no contributives	0106020300010001	Nombre de pensions no contributives. Total	2020	39
1544	Nombre de pensions no contributives	0106020300010001	Nombre de pensions no contributives. Total	2021	28
1544	Nombre de pensions no contributives	0106020300010001	Nombre de pensions no contributives. Total	2022	23
1544	Nombre de pensions no contributives	0106020300010001	Nombre de pensions no contributives. Total	2023	18
1544	Nombre de pensions no contributives	0106020300010001	Nombre de pensions no contributives. Total	2024	14
1544	Nombre de pensions no contributives	0106020300010001	Nombre de pensions no contributives. Total	2025	12
1545	Nombre de pensions no contributives per sexe	0106020300020001	Nombre de pensions no contributives per sexe. Femení	2013	110
1545	Nombre de pensions no contributives per sexe	0106020300020001	Nombre de pensions no contributives per sexe. Femení	2014	98
1545	Nombre de pensions no contributives per sexe	0106020300020001	Nombre de pensions no contributives per sexe. Femení	2015	89
1545	Nombre de pensions no contributives per sexe	0106020300020001	Nombre de pensions no contributives per sexe. Femení	2016	81
1545	Nombre de pensions no contributives per sexe	0106020300020001	Nombre de pensions no contributives per sexe. Femení	2017	71
1545	Nombre de pensions no contributives per sexe	0106020300020001	Nombre de pensions no contributives per sexe. Femení	2018	59
1545	Nombre de pensions no contributives per sexe	0106020300020001	Nombre de pensions no contributives per sexe. Femení	2019	48
1545	Nombre de pensions no contributives per sexe	0106020300020001	Nombre de pensions no contributives per sexe. Femení	2020	38
1545	Nombre de pensions no contributives per sexe	0106020300020001	Nombre de pensions no contributives per sexe. Femení	2021	27
1545	Nombre de pensions no contributives per sexe	0106020300020001	Nombre de pensions no contributives per sexe. Femení	2022	22
1545	Nombre de pensions no contributives per sexe	0106020300020001	Nombre de pensions no contributives per sexe. Femení	2023	17
1545	Nombre de pensions no contributives per sexe	0106020300020001	Nombre de pensions no contributives per sexe. Femení	2024	13
1545	Nombre de pensions no contributives per sexe	0106020300020001	Nombre de pensions no contributives per sexe. Femení	2025	11
1545	Nombre de pensions no contributives per sexe	0106020300020002	Nombre de pensions no contributives per sexe. Masculí	2013	11
1545	Nombre de pensions no contributives per sexe	0106020300020002	Nombre de pensions no contributives per sexe. Masculí	2014	10
1545	Nombre de pensions no contributives per sexe	0106020300020002	Nombre de pensions no contributives per sexe. Masculí	2015	8
1545	Nombre de pensions no contributives per sexe	0106020300020002	Nombre de pensions no contributives per sexe. Masculí	2016	7
1545	Nombre de pensions no contributives per sexe	0106020300020002	Nombre de pensions no contributives per sexe. Masculí	2017	5
1545	Nombre de pensions no contributives per sexe	0106020300020002	Nombre de pensions no contributives per sexe. Masculí	2018	2
1545	Nombre de pensions no contributives per sexe	0106020300020002	Nombre de pensions no contributives per sexe. Masculí	2019	2
1545	Nombre de pensions no contributives per sexe	0106020300020002	Nombre de pensions no contributives per sexe. Masculí	2020	1
1545	Nombre de pensions no contributives per sexe	0106020300020002	Nombre de pensions no contributives per sexe. Masculí	2021	1
1545	Nombre de pensions no contributives per sexe	0106020300020002	Nombre de pensions no contributives per sexe. Masculí	2022	1
1545	Nombre de pensions no contributives per sexe	0106020300020002	Nombre de pensions no contributives per sexe. Masculí	2023	1
1545	Nombre de pensions no contributives per sexe	0106020300020002	Nombre de pensions no contributives per sexe. Masculí	2024	1
1545	Nombre de pensions no contributives per sexe	0106020300020002	Nombre de pensions no contributives per sexe. Masculí	2025	1
1545	Nombre de pensions no contributives per sexe	0106020300020003	Nombre de pensions no contributives per sexe. Total	2013	121
1545	Nombre de pensions no contributives per sexe	0106020300020003	Nombre de pensions no contributives per sexe. Total	2014	109
1545	Nombre de pensions no contributives per sexe	0106020300020003	Nombre de pensions no contributives per sexe. Total	2015	97
1545	Nombre de pensions no contributives per sexe	0106020300020003	Nombre de pensions no contributives per sexe. Total	2016	88
1545	Nombre de pensions no contributives per sexe	0106020300020003	Nombre de pensions no contributives per sexe. Total	2017	75
1545	Nombre de pensions no contributives per sexe	0106020300020003	Nombre de pensions no contributives per sexe. Total	2018	61
1545	Nombre de pensions no contributives per sexe	0106020300020003	Nombre de pensions no contributives per sexe. Total	2019	50
1545	Nombre de pensions no contributives per sexe	0106020300020003	Nombre de pensions no contributives per sexe. Total	2020	39
1545	Nombre de pensions no contributives per sexe	0106020300020003	Nombre de pensions no contributives per sexe. Total	2021	28
1545	Nombre de pensions no contributives per sexe	0106020300020003	Nombre de pensions no contributives per sexe. Total	2022	23
1545	Nombre de pensions no contributives per sexe	0106020300020003	Nombre de pensions no contributives per sexe. Total	2023	18
1545	Nombre de pensions no contributives per sexe	0106020300020003	Nombre de pensions no contributives per sexe. Total	2024	14
1545	Nombre de pensions no contributives per sexe	0106020300020003	Nombre de pensions no contributives per sexe. Total	2025	12
1546	Nombre de pensions no contributives per edat	0106020300030001	Nombre de pensions no contributives per edat. Entre 86 i 95 anys	2013	110
1546	Nombre de pensions no contributives per edat	0106020300030001	Nombre de pensions no contributives per edat. Entre 86 i 95 anys	2014	98
1546	Nombre de pensions no contributives per edat	0106020300030001	Nombre de pensions no contributives per edat. Entre 86 i 95 anys	2015	88
1546	Nombre de pensions no contributives per edat	0106020300030001	Nombre de pensions no contributives per edat. Entre 86 i 95 anys	2016	76
1546	Nombre de pensions no contributives per edat	0106020300030001	Nombre de pensions no contributives per edat. Entre 86 i 95 anys	2017	64
1546	Nombre de pensions no contributives per edat	0106020300030001	Nombre de pensions no contributives per edat. Entre 86 i 95 anys	2018	47
1546	Nombre de pensions no contributives per edat	0106020300030001	Nombre de pensions no contributives per edat. Entre 86 i 95 anys	2019	34
1546	Nombre de pensions no contributives per edat	0106020300030001	Nombre de pensions no contributives per edat. Entre 86 i 95 anys	2020	22
1546	Nombre de pensions no contributives per edat	0106020300030001	Nombre de pensions no contributives per edat. Entre 86 i 95 anys	2021	14
1546	Nombre de pensions no contributives per edat	0106020300030001	Nombre de pensions no contributives per edat. Entre 86 i 95 anys	2022	5
1546	Nombre de pensions no contributives per edat	0106020300030001	Nombre de pensions no contributives per edat. Entre 86 i 95 anys	2023	0
1546	Nombre de pensions no contributives per edat	0106020300030001	Nombre de pensions no contributives per edat. Entre 86 i 95 anys	2024	0
1546	Nombre de pensions no contributives per edat	0106020300030001	Nombre de pensions no contributives per edat. Entre 86 i 95 anys	2025	0
1546	Nombre de pensions no contributives per edat	0106020300030002	Nombre de pensions no contributives per edat. Entre 96 i 100 anys	2013	8
1546	Nombre de pensions no contributives per edat	0106020300030002	Nombre de pensions no contributives per edat. Entre 96 i 100 anys	2014	7
1546	Nombre de pensions no contributives per edat	0106020300030002	Nombre de pensions no contributives per edat. Entre 96 i 100 anys	2015	6
1546	Nombre de pensions no contributives per edat	0106020300030002	Nombre de pensions no contributives per edat. Entre 96 i 100 anys	2016	9
1546	Nombre de pensions no contributives per edat	0106020300030002	Nombre de pensions no contributives per edat. Entre 96 i 100 anys	2017	10
1546	Nombre de pensions no contributives per edat	0106020300030002	Nombre de pensions no contributives per edat. Entre 96 i 100 anys	2018	13
1546	Nombre de pensions no contributives per edat	0106020300030002	Nombre de pensions no contributives per edat. Entre 96 i 100 anys	2019	15
1546	Nombre de pensions no contributives per edat	0106020300030002	Nombre de pensions no contributives per edat. Entre 96 i 100 anys	2020	14
1546	Nombre de pensions no contributives per edat	0106020300030002	Nombre de pensions no contributives per edat. Entre 96 i 100 anys	2021	11
1546	Nombre de pensions no contributives per edat	0106020300030002	Nombre de pensions no contributives per edat. Entre 96 i 100 anys	2022	14
1546	Nombre de pensions no contributives per edat	0106020300030002	Nombre de pensions no contributives per edat. Entre 96 i 100 anys	2023	13
1546	Nombre de pensions no contributives per edat	0106020300030002	Nombre de pensions no contributives per edat. Entre 96 i 100 anys	2024	10
1546	Nombre de pensions no contributives per edat	0106020300030002	Nombre de pensions no contributives per edat. Entre 96 i 100 anys	2025	9
1546	Nombre de pensions no contributives per edat	0106020300030003	Nombre de pensions no contributives per edat. Més de 100 anys	2013	2
1546	Nombre de pensions no contributives per edat	0106020300030003	Nombre de pensions no contributives per edat. Més de 100 anys	2014	4
1546	Nombre de pensions no contributives per edat	0106020300030003	Nombre de pensions no contributives per edat. Més de 100 anys	2015	3
1546	Nombre de pensions no contributives per edat	0106020300030003	Nombre de pensions no contributives per edat. Més de 100 anys	2016	3
1546	Nombre de pensions no contributives per edat	0106020300030003	Nombre de pensions no contributives per edat. Més de 100 anys	2017	1
1546	Nombre de pensions no contributives per edat	0106020300030003	Nombre de pensions no contributives per edat. Més de 100 anys	2018	1
1546	Nombre de pensions no contributives per edat	0106020300030003	Nombre de pensions no contributives per edat. Més de 100 anys	2019	1
1546	Nombre de pensions no contributives per edat	0106020300030003	Nombre de pensions no contributives per edat. Més de 100 anys	2020	2
1546	Nombre de pensions no contributives per edat	0106020300030003	Nombre de pensions no contributives per edat. Més de 100 anys	2021	3
1546	Nombre de pensions no contributives per edat	0106020300030003	Nombre de pensions no contributives per edat. Més de 100 anys	2022	4
1546	Nombre de pensions no contributives per edat	0106020300030003	Nombre de pensions no contributives per edat. Més de 100 anys	2023	4
1546	Nombre de pensions no contributives per edat	0106020300030003	Nombre de pensions no contributives per edat. Més de 100 anys	2024	4
1546	Nombre de pensions no contributives per edat	0106020300030003	Nombre de pensions no contributives per edat. Més de 100 anys	2025	3
1546	Nombre de pensions no contributives per edat	0106020300030004	Nombre de pensions no contributives per edat. Total	2013	121
1546	Nombre de pensions no contributives per edat	0106020300030004	Nombre de pensions no contributives per edat. Total	2014	109
1546	Nombre de pensions no contributives per edat	0106020300030004	Nombre de pensions no contributives per edat. Total	2015	97
1546	Nombre de pensions no contributives per edat	0106020300030004	Nombre de pensions no contributives per edat. Total	2016	88
1546	Nombre de pensions no contributives per edat	0106020300030004	Nombre de pensions no contributives per edat. Total	2017	75
1546	Nombre de pensions no contributives per edat	0106020300030004	Nombre de pensions no contributives per edat. Total	2018	61
1546	Nombre de pensions no contributives per edat	0106020300030004	Nombre de pensions no contributives per edat. Total	2019	50
1546	Nombre de pensions no contributives per edat	0106020300030004	Nombre de pensions no contributives per edat. Total	2020	39
1546	Nombre de pensions no contributives per edat	0106020300030004	Nombre de pensions no contributives per edat. Total	2021	28
1546	Nombre de pensions no contributives per edat	0106020300030004	Nombre de pensions no contributives per edat. Total	2022	23
1546	Nombre de pensions no contributives per edat	0106020300030004	Nombre de pensions no contributives per edat. Total	2023	18
1546	Nombre de pensions no contributives per edat	0106020300030004	Nombre de pensions no contributives per edat. Total	2024	14
1546	Nombre de pensions no contributives per edat	0106020300030004	Nombre de pensions no contributives per edat. Total	2025	12
1547	Nombre de pensions no contributives per nacionalitat	0106020300040001	Nombre de pensions no contributives per nacionalitat. Andorrana	2013	71
1547	Nombre de pensions no contributives per nacionalitat	0106020300040001	Nombre de pensions no contributives per nacionalitat. Andorrana	2014	64
1547	Nombre de pensions no contributives per nacionalitat	0106020300040001	Nombre de pensions no contributives per nacionalitat. Andorrana	2015	57
1547	Nombre de pensions no contributives per nacionalitat	0106020300040001	Nombre de pensions no contributives per nacionalitat. Andorrana	2016	50
1547	Nombre de pensions no contributives per nacionalitat	0106020300040001	Nombre de pensions no contributives per nacionalitat. Andorrana	2017	43
1547	Nombre de pensions no contributives per nacionalitat	0106020300040001	Nombre de pensions no contributives per nacionalitat. Andorrana	2018	35
1547	Nombre de pensions no contributives per nacionalitat	0106020300040001	Nombre de pensions no contributives per nacionalitat. Andorrana	2019	31
1547	Nombre de pensions no contributives per nacionalitat	0106020300040001	Nombre de pensions no contributives per nacionalitat. Andorrana	2020	23
1547	Nombre de pensions no contributives per nacionalitat	0106020300040001	Nombre de pensions no contributives per nacionalitat. Andorrana	2021	17
1547	Nombre de pensions no contributives per nacionalitat	0106020300040001	Nombre de pensions no contributives per nacionalitat. Andorrana	2022	13
1547	Nombre de pensions no contributives per nacionalitat	0106020300040001	Nombre de pensions no contributives per nacionalitat. Andorrana	2023	10
1547	Nombre de pensions no contributives per nacionalitat	0106020300040001	Nombre de pensions no contributives per nacionalitat. Andorrana	2024	9
1547	Nombre de pensions no contributives per nacionalitat	0106020300040001	Nombre de pensions no contributives per nacionalitat. Andorrana	2025	8
1547	Nombre de pensions no contributives per nacionalitat	0106020300040002	Nombre de pensions no contributives per nacionalitat. Espanyola	2013	48
1547	Nombre de pensions no contributives per nacionalitat	0106020300040002	Nombre de pensions no contributives per nacionalitat. Espanyola	2014	42
1547	Nombre de pensions no contributives per nacionalitat	0106020300040002	Nombre de pensions no contributives per nacionalitat. Espanyola	2015	38
1547	Nombre de pensions no contributives per nacionalitat	0106020300040002	Nombre de pensions no contributives per nacionalitat. Espanyola	2016	36
1547	Nombre de pensions no contributives per nacionalitat	0106020300040002	Nombre de pensions no contributives per nacionalitat. Espanyola	2017	30
1547	Nombre de pensions no contributives per nacionalitat	0106020300040002	Nombre de pensions no contributives per nacionalitat. Espanyola	2018	24
1547	Nombre de pensions no contributives per nacionalitat	0106020300040002	Nombre de pensions no contributives per nacionalitat. Espanyola	2019	19
1547	Nombre de pensions no contributives per nacionalitat	0106020300040002	Nombre de pensions no contributives per nacionalitat. Espanyola	2020	15
1547	Nombre de pensions no contributives per nacionalitat	0106020300040002	Nombre de pensions no contributives per nacionalitat. Espanyola	2021	11
1547	Nombre de pensions no contributives per nacionalitat	0106020300040002	Nombre de pensions no contributives per nacionalitat. Espanyola	2022	10
1547	Nombre de pensions no contributives per nacionalitat	0106020300040002	Nombre de pensions no contributives per nacionalitat. Espanyola	2023	8
1547	Nombre de pensions no contributives per nacionalitat	0106020300040002	Nombre de pensions no contributives per nacionalitat. Espanyola	2024	5
1547	Nombre de pensions no contributives per nacionalitat	0106020300040002	Nombre de pensions no contributives per nacionalitat. Espanyola	2025	4
1547	Nombre de pensions no contributives per nacionalitat	0106020300040003	Nombre de pensions no contributives per nacionalitat. Portuguesa	2013	0
1547	Nombre de pensions no contributives per nacionalitat	0106020300040003	Nombre de pensions no contributives per nacionalitat. Portuguesa	2014	0
1547	Nombre de pensions no contributives per nacionalitat	0106020300040003	Nombre de pensions no contributives per nacionalitat. Portuguesa	2015	0
1547	Nombre de pensions no contributives per nacionalitat	0106020300040003	Nombre de pensions no contributives per nacionalitat. Portuguesa	2016	0
1547	Nombre de pensions no contributives per nacionalitat	0106020300040003	Nombre de pensions no contributives per nacionalitat. Portuguesa	2017	0
1547	Nombre de pensions no contributives per nacionalitat	0106020300040003	Nombre de pensions no contributives per nacionalitat. Portuguesa	2018	0
1547	Nombre de pensions no contributives per nacionalitat	0106020300040003	Nombre de pensions no contributives per nacionalitat. Portuguesa	2019	0
1547	Nombre de pensions no contributives per nacionalitat	0106020300040003	Nombre de pensions no contributives per nacionalitat. Portuguesa	2020	0
1547	Nombre de pensions no contributives per nacionalitat	0106020300040003	Nombre de pensions no contributives per nacionalitat. Portuguesa	2021	0
1547	Nombre de pensions no contributives per nacionalitat	0106020300040003	Nombre de pensions no contributives per nacionalitat. Portuguesa	2022	0
1547	Nombre de pensions no contributives per nacionalitat	0106020300040003	Nombre de pensions no contributives per nacionalitat. Portuguesa	2023	0
1547	Nombre de pensions no contributives per nacionalitat	0106020300040003	Nombre de pensions no contributives per nacionalitat. Portuguesa	2024	0
1547	Nombre de pensions no contributives per nacionalitat	0106020300040003	Nombre de pensions no contributives per nacionalitat. Portuguesa	2025	0
1547	Nombre de pensions no contributives per nacionalitat	0106020300040004	Nombre de pensions no contributives per nacionalitat. Francesa	2013	2
1547	Nombre de pensions no contributives per nacionalitat	0106020300040004	Nombre de pensions no contributives per nacionalitat. Francesa	2014	2
1547	Nombre de pensions no contributives per nacionalitat	0106020300040004	Nombre de pensions no contributives per nacionalitat. Francesa	2015	2
1547	Nombre de pensions no contributives per nacionalitat	0106020300040004	Nombre de pensions no contributives per nacionalitat. Francesa	2016	2
1547	Nombre de pensions no contributives per nacionalitat	0106020300040004	Nombre de pensions no contributives per nacionalitat. Francesa	2017	1
1547	Nombre de pensions no contributives per nacionalitat	0106020300040004	Nombre de pensions no contributives per nacionalitat. Francesa	2018	1
1547	Nombre de pensions no contributives per nacionalitat	0106020300040004	Nombre de pensions no contributives per nacionalitat. Francesa	2019	1
1547	Nombre de pensions no contributives per nacionalitat	0106020300040004	Nombre de pensions no contributives per nacionalitat. Francesa	2020	1
1547	Nombre de pensions no contributives per nacionalitat	0106020300040004	Nombre de pensions no contributives per nacionalitat. Francesa	2021	0
1547	Nombre de pensions no contributives per nacionalitat	0106020300040004	Nombre de pensions no contributives per nacionalitat. Francesa	2022	0
1547	Nombre de pensions no contributives per nacionalitat	0106020300040004	Nombre de pensions no contributives per nacionalitat. Francesa	2023	0
1547	Nombre de pensions no contributives per nacionalitat	0106020300040004	Nombre de pensions no contributives per nacionalitat. Francesa	2024	0
1547	Nombre de pensions no contributives per nacionalitat	0106020300040004	Nombre de pensions no contributives per nacionalitat. Francesa	2025	0
1547	Nombre de pensions no contributives per nacionalitat	0106020300040005	Nombre de pensions no contributives per nacionalitat. Altres	2013	0
1547	Nombre de pensions no contributives per nacionalitat	0106020300040005	Nombre de pensions no contributives per nacionalitat. Altres	2014	0
1547	Nombre de pensions no contributives per nacionalitat	0106020300040005	Nombre de pensions no contributives per nacionalitat. Altres	2015	0
1547	Nombre de pensions no contributives per nacionalitat	0106020300040005	Nombre de pensions no contributives per nacionalitat. Altres	2016	0
1547	Nombre de pensions no contributives per nacionalitat	0106020300040005	Nombre de pensions no contributives per nacionalitat. Altres	2017	1
1547	Nombre de pensions no contributives per nacionalitat	0106020300040005	Nombre de pensions no contributives per nacionalitat. Altres	2018	1
1547	Nombre de pensions no contributives per nacionalitat	0106020300040005	Nombre de pensions no contributives per nacionalitat. Altres	2019	0
1547	Nombre de pensions no contributives per nacionalitat	0106020300040005	Nombre de pensions no contributives per nacionalitat. Altres	2020	0
1547	Nombre de pensions no contributives per nacionalitat	0106020300040005	Nombre de pensions no contributives per nacionalitat. Altres	2021	0
1547	Nombre de pensions no contributives per nacionalitat	0106020300040005	Nombre de pensions no contributives per nacionalitat. Altres	2022	0
1547	Nombre de pensions no contributives per nacionalitat	0106020300040005	Nombre de pensions no contributives per nacionalitat. Altres	2023	0
1547	Nombre de pensions no contributives per nacionalitat	0106020300040005	Nombre de pensions no contributives per nacionalitat. Altres	2024	0
1547	Nombre de pensions no contributives per nacionalitat	0106020300040005	Nombre de pensions no contributives per nacionalitat. Altres	2025	0
1547	Nombre de pensions no contributives per nacionalitat	0106020300040006	Nombre de pensions no contributives per nacionalitat. Total	2013	121
1547	Nombre de pensions no contributives per nacionalitat	0106020300040006	Nombre de pensions no contributives per nacionalitat. Total	2014	109
1547	Nombre de pensions no contributives per nacionalitat	0106020300040006	Nombre de pensions no contributives per nacionalitat. Total	2015	97
1547	Nombre de pensions no contributives per nacionalitat	0106020300040006	Nombre de pensions no contributives per nacionalitat. Total	2016	88
1547	Nombre de pensions no contributives per nacionalitat	0106020300040006	Nombre de pensions no contributives per nacionalitat. Total	2017	75
1547	Nombre de pensions no contributives per nacionalitat	0106020300040006	Nombre de pensions no contributives per nacionalitat. Total	2018	61
1547	Nombre de pensions no contributives per nacionalitat	0106020300040006	Nombre de pensions no contributives per nacionalitat. Total	2019	50
1547	Nombre de pensions no contributives per nacionalitat	0106020300040006	Nombre de pensions no contributives per nacionalitat. Total	2020	39
1547	Nombre de pensions no contributives per nacionalitat	0106020300040006	Nombre de pensions no contributives per nacionalitat. Total	2021	28
1547	Nombre de pensions no contributives per nacionalitat	0106020300040006	Nombre de pensions no contributives per nacionalitat. Total	2022	23
1547	Nombre de pensions no contributives per nacionalitat	0106020300040006	Nombre de pensions no contributives per nacionalitat. Total	2023	18
1547	Nombre de pensions no contributives per nacionalitat	0106020300040006	Nombre de pensions no contributives per nacionalitat. Total	2024	14
1547	Nombre de pensions no contributives per nacionalitat	0106020300040006	Nombre de pensions no contributives per nacionalitat. Total	2025	12
1548	Nombre de pensions no contributives per lloc de residència	0106020300050001	Nombre de pensions no contributives per lloc de residència. Canillo	2013	3
1548	Nombre de pensions no contributives per lloc de residència	0106020300050001	Nombre de pensions no contributives per lloc de residència. Canillo	2014	3
1548	Nombre de pensions no contributives per lloc de residència	0106020300050001	Nombre de pensions no contributives per lloc de residència. Canillo	2015	3
1548	Nombre de pensions no contributives per lloc de residència	0106020300050001	Nombre de pensions no contributives per lloc de residència. Canillo	2016	3
1548	Nombre de pensions no contributives per lloc de residència	0106020300050001	Nombre de pensions no contributives per lloc de residència. Canillo	2017	3
1548	Nombre de pensions no contributives per lloc de residència	0106020300050001	Nombre de pensions no contributives per lloc de residència. Canillo	2018	1
1548	Nombre de pensions no contributives per lloc de residència	0106020300050001	Nombre de pensions no contributives per lloc de residència. Canillo	2019	1
1548	Nombre de pensions no contributives per lloc de residència	0106020300050001	Nombre de pensions no contributives per lloc de residència. Canillo	2020	1
1548	Nombre de pensions no contributives per lloc de residència	0106020300050001	Nombre de pensions no contributives per lloc de residència. Canillo	2021	1
1548	Nombre de pensions no contributives per lloc de residència	0106020300050001	Nombre de pensions no contributives per lloc de residència. Canillo	2022	1
1548	Nombre de pensions no contributives per lloc de residència	0106020300050001	Nombre de pensions no contributives per lloc de residència. Canillo	2023	0
1548	Nombre de pensions no contributives per lloc de residència	0106020300050001	Nombre de pensions no contributives per lloc de residència. Canillo	2024	0
1548	Nombre de pensions no contributives per lloc de residència	0106020300050001	Nombre de pensions no contributives per lloc de residència. Canillo	2025	0
1548	Nombre de pensions no contributives per lloc de residència	0106020300050002	Nombre de pensions no contributives per lloc de residència. Encamp	2013	14
1548	Nombre de pensions no contributives per lloc de residència	0106020300050002	Nombre de pensions no contributives per lloc de residència. Encamp	2014	12
1548	Nombre de pensions no contributives per lloc de residència	0106020300050002	Nombre de pensions no contributives per lloc de residència. Encamp	2015	10
1548	Nombre de pensions no contributives per lloc de residència	0106020300050002	Nombre de pensions no contributives per lloc de residència. Encamp	2016	9
1548	Nombre de pensions no contributives per lloc de residència	0106020300050002	Nombre de pensions no contributives per lloc de residència. Encamp	2017	9
1548	Nombre de pensions no contributives per lloc de residència	0106020300050002	Nombre de pensions no contributives per lloc de residència. Encamp	2018	8
1548	Nombre de pensions no contributives per lloc de residència	0106020300050002	Nombre de pensions no contributives per lloc de residència. Encamp	2019	7
1548	Nombre de pensions no contributives per lloc de residència	0106020300050002	Nombre de pensions no contributives per lloc de residència. Encamp	2020	7
1548	Nombre de pensions no contributives per lloc de residència	0106020300050002	Nombre de pensions no contributives per lloc de residència. Encamp	2021	6
1548	Nombre de pensions no contributives per lloc de residència	0106020300050002	Nombre de pensions no contributives per lloc de residència. Encamp	2022	4
1548	Nombre de pensions no contributives per lloc de residència	0106020300050002	Nombre de pensions no contributives per lloc de residència. Encamp	2023	2
1548	Nombre de pensions no contributives per lloc de residència	0106020300050002	Nombre de pensions no contributives per lloc de residència. Encamp	2024	1
1548	Nombre de pensions no contributives per lloc de residència	0106020300050002	Nombre de pensions no contributives per lloc de residència. Encamp	2025	1
1548	Nombre de pensions no contributives per lloc de residència	0106020300050003	Nombre de pensions no contributives per lloc de residència. Ordino	2013	2
1548	Nombre de pensions no contributives per lloc de residència	0106020300050003	Nombre de pensions no contributives per lloc de residència. Ordino	2014	3
1548	Nombre de pensions no contributives per lloc de residència	0106020300050003	Nombre de pensions no contributives per lloc de residència. Ordino	2015	3
1548	Nombre de pensions no contributives per lloc de residència	0106020300050003	Nombre de pensions no contributives per lloc de residència. Ordino	2016	3
1548	Nombre de pensions no contributives per lloc de residència	0106020300050003	Nombre de pensions no contributives per lloc de residència. Ordino	2017	4
1548	Nombre de pensions no contributives per lloc de residència	0106020300050003	Nombre de pensions no contributives per lloc de residència. Ordino	2018	4
1548	Nombre de pensions no contributives per lloc de residència	0106020300050003	Nombre de pensions no contributives per lloc de residència. Ordino	2019	4
1548	Nombre de pensions no contributives per lloc de residència	0106020300050003	Nombre de pensions no contributives per lloc de residència. Ordino	2020	3
1548	Nombre de pensions no contributives per lloc de residència	0106020300050003	Nombre de pensions no contributives per lloc de residència. Ordino	2021	1
1548	Nombre de pensions no contributives per lloc de residència	0106020300050003	Nombre de pensions no contributives per lloc de residència. Ordino	2022	1
1548	Nombre de pensions no contributives per lloc de residència	0106020300050003	Nombre de pensions no contributives per lloc de residència. Ordino	2023	1
1548	Nombre de pensions no contributives per lloc de residència	0106020300050003	Nombre de pensions no contributives per lloc de residència. Ordino	2024	1
1548	Nombre de pensions no contributives per lloc de residència	0106020300050003	Nombre de pensions no contributives per lloc de residència. Ordino	2025	1
1548	Nombre de pensions no contributives per lloc de residència	0106020300050004	Nombre de pensions no contributives per lloc de residència. La Massana	2013	9
1548	Nombre de pensions no contributives per lloc de residència	0106020300050004	Nombre de pensions no contributives per lloc de residència. La Massana	2014	9
1548	Nombre de pensions no contributives per lloc de residència	0106020300050004	Nombre de pensions no contributives per lloc de residència. La Massana	2015	7
1548	Nombre de pensions no contributives per lloc de residència	0106020300050004	Nombre de pensions no contributives per lloc de residència. La Massana	2016	6
1548	Nombre de pensions no contributives per lloc de residència	0106020300050004	Nombre de pensions no contributives per lloc de residència. La Massana	2017	5
1548	Nombre de pensions no contributives per lloc de residència	0106020300050004	Nombre de pensions no contributives per lloc de residència. La Massana	2018	5
1548	Nombre de pensions no contributives per lloc de residència	0106020300050004	Nombre de pensions no contributives per lloc de residència. La Massana	2019	3
1548	Nombre de pensions no contributives per lloc de residència	0106020300050004	Nombre de pensions no contributives per lloc de residència. La Massana	2020	2
1548	Nombre de pensions no contributives per lloc de residència	0106020300050004	Nombre de pensions no contributives per lloc de residència. La Massana	2021	1
1548	Nombre de pensions no contributives per lloc de residència	0106020300050004	Nombre de pensions no contributives per lloc de residència. La Massana	2022	1
1548	Nombre de pensions no contributives per lloc de residència	0106020300050004	Nombre de pensions no contributives per lloc de residència. La Massana	2023	1
1548	Nombre de pensions no contributives per lloc de residència	0106020300050004	Nombre de pensions no contributives per lloc de residència. La Massana	2024	1
1548	Nombre de pensions no contributives per lloc de residència	0106020300050004	Nombre de pensions no contributives per lloc de residència. La Massana	2025	1
1548	Nombre de pensions no contributives per lloc de residència	0106020300050005	Nombre de pensions no contributives per lloc de residència. Andorra La Vella	2013	47
1548	Nombre de pensions no contributives per lloc de residència	0106020300050005	Nombre de pensions no contributives per lloc de residència. Andorra La Vella	2014	40
1548	Nombre de pensions no contributives per lloc de residència	0106020300050005	Nombre de pensions no contributives per lloc de residència. Andorra La Vella	2015	36
1548	Nombre de pensions no contributives per lloc de residència	0106020300050005	Nombre de pensions no contributives per lloc de residència. Andorra La Vella	2016	32
1548	Nombre de pensions no contributives per lloc de residència	0106020300050005	Nombre de pensions no contributives per lloc de residència. Andorra La Vella	2017	25
1548	Nombre de pensions no contributives per lloc de residència	0106020300050005	Nombre de pensions no contributives per lloc de residència. Andorra La Vella	2018	19
1548	Nombre de pensions no contributives per lloc de residència	0106020300050005	Nombre de pensions no contributives per lloc de residència. Andorra La Vella	2019	15
1548	Nombre de pensions no contributives per lloc de residència	0106020300050005	Nombre de pensions no contributives per lloc de residència. Andorra La Vella	2020	12
1548	Nombre de pensions no contributives per lloc de residència	0106020300050005	Nombre de pensions no contributives per lloc de residència. Andorra La Vella	2021	9
1548	Nombre de pensions no contributives per lloc de residència	0106020300050005	Nombre de pensions no contributives per lloc de residència. Andorra La Vella	2022	8
1548	Nombre de pensions no contributives per lloc de residència	0106020300050005	Nombre de pensions no contributives per lloc de residència. Andorra La Vella	2023	7
1548	Nombre de pensions no contributives per lloc de residència	0106020300050005	Nombre de pensions no contributives per lloc de residència. Andorra La Vella	2024	6
1548	Nombre de pensions no contributives per lloc de residència	0106020300050005	Nombre de pensions no contributives per lloc de residència. Andorra La Vella	2025	5
1548	Nombre de pensions no contributives per lloc de residència	0106020300050006	Nombre de pensions no contributives per lloc de residència. Sant Julià de Lòria	2013	12
1548	Nombre de pensions no contributives per lloc de residència	0106020300050006	Nombre de pensions no contributives per lloc de residència. Sant Julià de Lòria	2014	11
1548	Nombre de pensions no contributives per lloc de residència	0106020300050006	Nombre de pensions no contributives per lloc de residència. Sant Julià de Lòria	2015	9
1548	Nombre de pensions no contributives per lloc de residència	0106020300050006	Nombre de pensions no contributives per lloc de residència. Sant Julià de Lòria	2016	9
1548	Nombre de pensions no contributives per lloc de residència	0106020300050006	Nombre de pensions no contributives per lloc de residència. Sant Julià de Lòria	2017	8
1548	Nombre de pensions no contributives per lloc de residència	0106020300050006	Nombre de pensions no contributives per lloc de residència. Sant Julià de Lòria	2018	6
1548	Nombre de pensions no contributives per lloc de residència	0106020300050006	Nombre de pensions no contributives per lloc de residència. Sant Julià de Lòria	2019	5
1548	Nombre de pensions no contributives per lloc de residència	0106020300050006	Nombre de pensions no contributives per lloc de residència. Sant Julià de Lòria	2020	3
1548	Nombre de pensions no contributives per lloc de residència	0106020300050006	Nombre de pensions no contributives per lloc de residència. Sant Julià de Lòria	2021	2
1548	Nombre de pensions no contributives per lloc de residència	0106020300050006	Nombre de pensions no contributives per lloc de residència. Sant Julià de Lòria	2022	3
1548	Nombre de pensions no contributives per lloc de residència	0106020300050006	Nombre de pensions no contributives per lloc de residència. Sant Julià de Lòria	2023	2
1548	Nombre de pensions no contributives per lloc de residència	0106020300050006	Nombre de pensions no contributives per lloc de residència. Sant Julià de Lòria	2024	2
1548	Nombre de pensions no contributives per lloc de residència	0106020300050006	Nombre de pensions no contributives per lloc de residència. Sant Julià de Lòria	2025	2
1548	Nombre de pensions no contributives per lloc de residència	0106020300050007	Nombre de pensions no contributives per lloc de residència. Escaldes-Engordany	2013	27
1548	Nombre de pensions no contributives per lloc de residència	0106020300050007	Nombre de pensions no contributives per lloc de residència. Escaldes-Engordany	2014	24
1548	Nombre de pensions no contributives per lloc de residència	0106020300050007	Nombre de pensions no contributives per lloc de residència. Escaldes-Engordany	2015	21
1548	Nombre de pensions no contributives per lloc de residència	0106020300050007	Nombre de pensions no contributives per lloc de residència. Escaldes-Engordany	2016	19
1548	Nombre de pensions no contributives per lloc de residència	0106020300050007	Nombre de pensions no contributives per lloc de residència. Escaldes-Engordany	2017	15
1548	Nombre de pensions no contributives per lloc de residència	0106020300050007	Nombre de pensions no contributives per lloc de residència. Escaldes-Engordany	2018	13
1548	Nombre de pensions no contributives per lloc de residència	0106020300050007	Nombre de pensions no contributives per lloc de residència. Escaldes-Engordany	2019	11
1548	Nombre de pensions no contributives per lloc de residència	0106020300050007	Nombre de pensions no contributives per lloc de residència. Escaldes-Engordany	2020	9
1548	Nombre de pensions no contributives per lloc de residència	0106020300050007	Nombre de pensions no contributives per lloc de residència. Escaldes-Engordany	2021	6
1548	Nombre de pensions no contributives per lloc de residència	0106020300050007	Nombre de pensions no contributives per lloc de residència. Escaldes-Engordany	2022	5
1548	Nombre de pensions no contributives per lloc de residència	0106020300050007	Nombre de pensions no contributives per lloc de residència. Escaldes-Engordany	2023	4
1548	Nombre de pensions no contributives per lloc de residència	0106020300050007	Nombre de pensions no contributives per lloc de residència. Escaldes-Engordany	2024	3
1548	Nombre de pensions no contributives per lloc de residència	0106020300050007	Nombre de pensions no contributives per lloc de residència. Escaldes-Engordany	2025	2
1548	Nombre de pensions no contributives per lloc de residència	0106020300050008	Nombre de pensions no contributives per lloc de residència. Estranger	2013	8
1548	Nombre de pensions no contributives per lloc de residència	0106020300050008	Nombre de pensions no contributives per lloc de residència. Estranger	2014	7
1548	Nombre de pensions no contributives per lloc de residència	0106020300050008	Nombre de pensions no contributives per lloc de residència. Estranger	2015	9
1548	Nombre de pensions no contributives per lloc de residència	0106020300050008	Nombre de pensions no contributives per lloc de residència. Estranger	2016	7
1548	Nombre de pensions no contributives per lloc de residència	0106020300050008	Nombre de pensions no contributives per lloc de residència. Estranger	2017	7
1548	Nombre de pensions no contributives per lloc de residència	0106020300050008	Nombre de pensions no contributives per lloc de residència. Estranger	2018	5
1548	Nombre de pensions no contributives per lloc de residència	0106020300050008	Nombre de pensions no contributives per lloc de residència. Estranger	2019	4
1548	Nombre de pensions no contributives per lloc de residència	0106020300050008	Nombre de pensions no contributives per lloc de residència. Estranger	2020	3
1548	Nombre de pensions no contributives per lloc de residència	0106020300050008	Nombre de pensions no contributives per lloc de residència. Estranger	2021	2
1548	Nombre de pensions no contributives per lloc de residència	0106020300050008	Nombre de pensions no contributives per lloc de residència. Estranger	2022	0
1548	Nombre de pensions no contributives per lloc de residència	0106020300050008	Nombre de pensions no contributives per lloc de residència. Estranger	2023	0
1548	Nombre de pensions no contributives per lloc de residència	0106020300050008	Nombre de pensions no contributives per lloc de residència. Estranger	2024	0
1548	Nombre de pensions no contributives per lloc de residència	0106020300050008	Nombre de pensions no contributives per lloc de residència. Estranger	2025	0
1548	Nombre de pensions no contributives per lloc de residència	0106020300050009	Nombre de pensions no contributives per lloc de residència. Total	2013	121
1548	Nombre de pensions no contributives per lloc de residència	0106020300050009	Nombre de pensions no contributives per lloc de residència. Total	2014	109
1548	Nombre de pensions no contributives per lloc de residència	0106020300050009	Nombre de pensions no contributives per lloc de residència. Total	2015	97
1548	Nombre de pensions no contributives per lloc de residència	0106020300050009	Nombre de pensions no contributives per lloc de residència. Total	2016	88
1548	Nombre de pensions no contributives per lloc de residència	0106020300050009	Nombre de pensions no contributives per lloc de residència. Total	2017	75
1548	Nombre de pensions no contributives per lloc de residència	0106020300050009	Nombre de pensions no contributives per lloc de residència. Total	2018	61
1548	Nombre de pensions no contributives per lloc de residència	0106020300050009	Nombre de pensions no contributives per lloc de residència. Total	2019	50
1548	Nombre de pensions no contributives per lloc de residència	0106020300050009	Nombre de pensions no contributives per lloc de residència. Total	2020	39
1548	Nombre de pensions no contributives per lloc de residència	0106020300050009	Nombre de pensions no contributives per lloc de residència. Total	2021	28
1548	Nombre de pensions no contributives per lloc de residència	0106020300050009	Nombre de pensions no contributives per lloc de residència. Total	2022	23
1548	Nombre de pensions no contributives per lloc de residència	0106020300050009	Nombre de pensions no contributives per lloc de residència. Total	2023	18
1548	Nombre de pensions no contributives per lloc de residència	0106020300050009	Nombre de pensions no contributives per lloc de residència. Total	2024	14
1548	Nombre de pensions no contributives per lloc de residència	0106020300050009	Nombre de pensions no contributives per lloc de residència. Total	2025	12
1555	Import de pensions no contributives Total	0106020300120001	Import de pensions no contributives Total	2013	401948.74
1555	Import de pensions no contributives Total	0106020300120001	Import de pensions no contributives Total	2014	346815.34
1555	Import de pensions no contributives Total	0106020300120001	Import de pensions no contributives Total	2015	311372.44
1555	Import de pensions no contributives Total	0106020300120001	Import de pensions no contributives Total	2016	280917.8
1555	Import de pensions no contributives Total	0106020300120001	Import de pensions no contributives Total	2017	241704.68
1555	Import de pensions no contributives Total	0106020300120001	Import de pensions no contributives Total	2018	200070.8
1555	Import de pensions no contributives Total	0106020300120001	Import de pensions no contributives Total	2019	165556.59
1555	Import de pensions no contributives Total	0106020300120001	Import de pensions no contributives Total	2020	126807.22
1555	Import de pensions no contributives Total	0106020300120001	Import de pensions no contributives Total	2021	91554.99
1555	Import de pensions no contributives Total	0106020300120001	Import de pensions no contributives Total	2022	76090.01
1555	Import de pensions no contributives Total	0106020300120001	Import de pensions no contributives Total	2023	64602.89
1555	Import de pensions no contributives Total	0106020300120001	Import de pensions no contributives Total	2024	51469.11
1555	Import de pensions no contributives Total	0106020300120001	Import de pensions no contributives Total	2025	45721.2
1556	Import de pensions no contributives per sexe	0106020300130001	Import de pensions no contributives per sexe. Femení	2013	362830.28
1556	Import de pensions no contributives per sexe	0106020300130001	Import de pensions no contributives per sexe. Femení	2014	312947.68
1556	Import de pensions no contributives per sexe	0106020300130001	Import de pensions no contributives per sexe. Femení	2015	285643.52
1556	Import de pensions no contributives per sexe	0106020300130001	Import de pensions no contributives per sexe. Femení	2016	258864.44
1556	Import de pensions no contributives per sexe	0106020300130001	Import de pensions no contributives per sexe. Femení	2017	226152.87
1556	Import de pensions no contributives per sexe	0106020300130001	Import de pensions no contributives per sexe. Femení	2018	193039.36
1556	Import de pensions no contributives per sexe	0106020300130001	Import de pensions no contributives per sexe. Femení	2019	159020.67
1556	Import de pensions no contributives per sexe	0106020300130001	Import de pensions no contributives per sexe. Femení	2020	122681.47
1556	Import de pensions no contributives per sexe	0106020300130001	Import de pensions no contributives per sexe. Femení	2021	88254.39
1556	Import de pensions no contributives per sexe	0106020300130001	Import de pensions no contributives per sexe. Femení	2022	3409.56
1556	Import de pensions no contributives per sexe	0106020300130001	Import de pensions no contributives per sexe. Femení	2023	60951.29
1556	Import de pensions no contributives per sexe	0106020300130001	Import de pensions no contributives per sexe. Femení	2024	47792.75
1556	Import de pensions no contributives per sexe	0106020300130001	Import de pensions no contributives per sexe. Femení	2025	30480.8
1556	Import de pensions no contributives per sexe	0106020300130002	Import de pensions no contributives per sexe. Masculí	2013	39118.46
1556	Import de pensions no contributives per sexe	0106020300130002	Import de pensions no contributives per sexe. Masculí	2014	33867.66
1556	Import de pensions no contributives per sexe	0106020300130002	Import de pensions no contributives per sexe. Masculí	2015	25728.92
1556	Import de pensions no contributives per sexe	0106020300130002	Import de pensions no contributives per sexe. Masculí	2016	22053.36
1556	Import de pensions no contributives per sexe	0106020300130002	Import de pensions no contributives per sexe. Masculí	2017	15551.81
1556	Import de pensions no contributives per sexe	0106020300130002	Import de pensions no contributives per sexe. Masculí	2018	7031.44
1556	Import de pensions no contributives per sexe	0106020300130002	Import de pensions no contributives per sexe. Masculí	2019	6535.92
1556	Import de pensions no contributives per sexe	0106020300130002	Import de pensions no contributives per sexe. Masculí	2020	4125.75
1556	Import de pensions no contributives per sexe	0106020300130002	Import de pensions no contributives per sexe. Masculí	2021	3300.6
1556	Import de pensions no contributives per sexe	0106020300130002	Import de pensions no contributives per sexe. Masculí	2022	72680.45
1556	Import de pensions no contributives per sexe	0106020300130002	Import de pensions no contributives per sexe. Masculí	2023	3651.6
1556	Import de pensions no contributives per sexe	0106020300130002	Import de pensions no contributives per sexe. Masculí	2024	3676.37
1556	Import de pensions no contributives per sexe	0106020300130002	Import de pensions no contributives per sexe. Masculí	2025	15240.4
1556	Import de pensions no contributives per sexe	0106020300130003	Import de pensions no contributives per sexe. Total	2013	401948.74
1556	Import de pensions no contributives per sexe	0106020300130003	Import de pensions no contributives per sexe. Total	2014	346815.34
1556	Import de pensions no contributives per sexe	0106020300130003	Import de pensions no contributives per sexe. Total	2015	311372.44
1556	Import de pensions no contributives per sexe	0106020300130003	Import de pensions no contributives per sexe. Total	2016	280917.8
1556	Import de pensions no contributives per sexe	0106020300130003	Import de pensions no contributives per sexe. Total	2017	241704.68
1556	Import de pensions no contributives per sexe	0106020300130003	Import de pensions no contributives per sexe. Total	2018	200070.8
1556	Import de pensions no contributives per sexe	0106020300130003	Import de pensions no contributives per sexe. Total	2019	165556.59
1556	Import de pensions no contributives per sexe	0106020300130003	Import de pensions no contributives per sexe. Total	2020	126807.22
1556	Import de pensions no contributives per sexe	0106020300130003	Import de pensions no contributives per sexe. Total	2021	91554.99
1556	Import de pensions no contributives per sexe	0106020300130003	Import de pensions no contributives per sexe. Total	2022	76090.01
1556	Import de pensions no contributives per sexe	0106020300130003	Import de pensions no contributives per sexe. Total	2023	64602.89
1556	Import de pensions no contributives per sexe	0106020300130003	Import de pensions no contributives per sexe. Total	2024	51469.11
1556	Import de pensions no contributives per sexe	0106020300130003	Import de pensions no contributives per sexe. Total	2025	45721.2
1557	Import de pensions no contributives per edat	0106020300140001	Import de pensions no contributives per edat. Entre 86 i 95 anys	2013	360992.5
1557	Import de pensions no contributives per edat	0106020300140001	Import de pensions no contributives per edat. Entre 86 i 95 anys	2014	312685.14
1557	Import de pensions no contributives per edat	0106020300140001	Import de pensions no contributives per edat. Entre 86 i 95 anys	2015	278554.94
1557	Import de pensions no contributives per edat	0106020300140001	Import de pensions no contributives per edat. Entre 86 i 95 anys	2016	242324.42
1557	Import de pensions no contributives per edat	0106020300140001	Import de pensions no contributives per edat. Entre 86 i 95 anys	2017	204802.08
1557	Import de pensions no contributives per edat	0106020300140001	Import de pensions no contributives per edat. Entre 86 i 95 anys	2018	153332.63
1557	Import de pensions no contributives per edat	0106020300140001	Import de pensions no contributives per edat. Entre 86 i 95 anys	2019	113269.23
1557	Import de pensions no contributives per edat	0106020300140001	Import de pensions no contributives per edat. Entre 86 i 95 anys	2020	73044.11
1557	Import de pensions no contributives per edat	0106020300140001	Import de pensions no contributives per edat. Entre 86 i 95 anys	2021	45529.94
1557	Import de pensions no contributives per edat	0106020300140001	Import de pensions no contributives per edat. Entre 86 i 95 anys	2022	17616.06
1557	Import de pensions no contributives per edat	0106020300140001	Import de pensions no contributives per edat. Entre 86 i 95 anys	2023	0
1557	Import de pensions no contributives per edat	0106020300140001	Import de pensions no contributives per edat. Entre 86 i 95 anys	2024	0
1557	Import de pensions no contributives per edat	0106020300140001	Import de pensions no contributives per edat. Entre 86 i 95 anys	2025	0
1557	Import de pensions no contributives per edat	0106020300140002	Import de pensions no contributives per edat. Entre 96 i 100 anys	2013	32029.88
1557	Import de pensions no contributives per edat	0106020300140002	Import de pensions no contributives per edat. Entre 96 i 100 anys	2014	21528.28
1557	Import de pensions no contributives per edat	0106020300140002	Import de pensions no contributives per edat. Entre 96 i 100 anys	2015	22315.9
1557	Import de pensions no contributives per edat	0106020300140002	Import de pensions no contributives per edat. Entre 96 i 100 anys	2016	29141.94
1557	Import de pensions no contributives per edat	0106020300140002	Import de pensions no contributives per edat. Entre 96 i 100 anys	2017	32948.75
1557	Import de pensions no contributives per edat	0106020300140002	Import de pensions no contributives per edat. Entre 96 i 100 anys	2018	43492.89
1557	Import de pensions no contributives per edat	0106020300140002	Import de pensions no contributives per edat. Entre 96 i 100 anys	2019	49019.4
1557	Import de pensions no contributives per edat	0106020300140002	Import de pensions no contributives per edat. Entre 96 i 100 anys	2020	47161.91
1557	Import de pensions no contributives per edat	0106020300140002	Import de pensions no contributives per edat. Entre 96 i 100 anys	2021	35133.06
1557	Import de pensions no contributives per edat	0106020300140002	Import de pensions no contributives per edat. Entre 96 i 100 anys	2022	46824.62
1557	Import de pensions no contributives per edat	0106020300140002	Import de pensions no contributives per edat. Entre 96 i 100 anys	2023	48617
1557	Import de pensions no contributives per edat	0106020300140002	Import de pensions no contributives per edat. Entre 96 i 100 anys	2024	36763.65
1557	Import de pensions no contributives per edat	0106020300140002	Import de pensions no contributives per edat. Entre 96 i 100 anys	2025	34290.9
1557	Import de pensions no contributives per edat	0106020300140003	Import de pensions no contributives per edat. Més de 100 anys	2013	8926.36
1557	Import de pensions no contributives per edat	0106020300140003	Import de pensions no contributives per edat. Més de 100 anys	2014	12601.92
1557	Import de pensions no contributives per edat	0106020300140003	Import de pensions no contributives per edat. Més de 100 anys	2015	10501.6
1557	Import de pensions no contributives per edat	0106020300140003	Import de pensions no contributives per edat. Més de 100 anys	2016	9451.44
1557	Import de pensions no contributives per edat	0106020300140003	Import de pensions no contributives per edat. Més de 100 anys	2017	3953.85
1557	Import de pensions no contributives per edat	0106020300140003	Import de pensions no contributives per edat. Més de 100 anys	2018	3245.28
1557	Import de pensions no contributives per edat	0106020300140003	Import de pensions no contributives per edat. Més de 100 anys	2019	3267.96
1557	Import de pensions no contributives per edat	0106020300140003	Import de pensions no contributives per edat. Més de 100 anys	2020	6601.2
1557	Import de pensions no contributives per edat	0106020300140003	Import de pensions no contributives per edat. Més de 100 anys	2021	10891.99
1557	Import de pensions no contributives per edat	0106020300140003	Import de pensions no contributives per edat. Més de 100 anys	2022	11649.33
1557	Import de pensions no contributives per edat	0106020300140003	Import de pensions no contributives per edat. Més de 100 anys	2023	15985.89
1557	Import de pensions no contributives per edat	0106020300140003	Import de pensions no contributives per edat. Més de 100 anys	2024	14705.46
1557	Import de pensions no contributives per edat	0106020300140003	Import de pensions no contributives per edat. Més de 100 anys	2025	11430.3
1557	Import de pensions no contributives per edat	0106020300140004	Import de pensions no contributives per edat. Total	2013	401948.74
1557	Import de pensions no contributives per edat	0106020300140004	Import de pensions no contributives per edat. Total	2014	346815.34
1557	Import de pensions no contributives per edat	0106020300140004	Import de pensions no contributives per edat. Total	2015	311372.44
1557	Import de pensions no contributives per edat	0106020300140004	Import de pensions no contributives per edat. Total	2016	280917.8
1557	Import de pensions no contributives per edat	0106020300140004	Import de pensions no contributives per edat. Total	2017	241704.68
1557	Import de pensions no contributives per edat	0106020300140004	Import de pensions no contributives per edat. Total	2018	200070.8
1557	Import de pensions no contributives per edat	0106020300140004	Import de pensions no contributives per edat. Total	2019	165556.59
1557	Import de pensions no contributives per edat	0106020300140004	Import de pensions no contributives per edat. Total	2020	126807.22
1557	Import de pensions no contributives per edat	0106020300140004	Import de pensions no contributives per edat. Total	2021	91554.99
1557	Import de pensions no contributives per edat	0106020300140004	Import de pensions no contributives per edat. Total	2022	76090.01
1557	Import de pensions no contributives per edat	0106020300140004	Import de pensions no contributives per edat. Total	2023	64602.89
1557	Import de pensions no contributives per edat	0106020300140004	Import de pensions no contributives per edat. Total	2024	51469.11
1557	Import de pensions no contributives per edat	0106020300140004	Import de pensions no contributives per edat. Total	2025	45721.2
1558	Import de pensions no contributives per nacionalitat	0106020300150001	Import de pensions no contributives per nacionalitat. Andorrana	2013	240749.18
1558	Import de pensions no contributives per nacionalitat	0106020300150001	Import de pensions no contributives per nacionalitat. Andorrana	2014	206093.9
1558	Import de pensions no contributives per nacionalitat	0106020300150001	Import de pensions no contributives per nacionalitat. Andorrana	2015	185090.7
1558	Import de pensions no contributives per nacionalitat	0106020300150001	Import de pensions no contributives per nacionalitat. Andorrana	2016	160149.4
1558	Import de pensions no contributives per nacionalitat	0106020300150001	Import de pensions no contributives per nacionalitat. Andorrana	2017	138640.99
1558	Import de pensions no contributives per nacionalitat	0106020300150001	Import de pensions no contributives per nacionalitat. Andorrana	2018	115741.47
1558	Import de pensions no contributives per nacionalitat	0106020300150001	Import de pensions no contributives per nacionalitat. Andorrana	2019	100796.52
1558	Import de pensions no contributives per nacionalitat	0106020300150001	Import de pensions no contributives per nacionalitat. Andorrana	2020	74859.45
1558	Import de pensions no contributives per nacionalitat	0106020300150001	Import de pensions no contributives per nacionalitat. Andorrana	2021	55578.45
1558	Import de pensions no contributives per nacionalitat	0106020300150001	Import de pensions no contributives per nacionalitat. Andorrana	2022	43339.29
1558	Import de pensions no contributives per nacionalitat	0106020300150001	Import de pensions no contributives per nacionalitat. Andorrana	2023	36982.59
1558	Import de pensions no contributives per nacionalitat	0106020300150001	Import de pensions no contributives per nacionalitat. Andorrana	2024	33087.29
1558	Import de pensions no contributives per nacionalitat	0106020300150001	Import de pensions no contributives per nacionalitat. Andorrana	2025	30480.8
1558	Import de pensions no contributives per nacionalitat	0106020300150002	Import de pensions no contributives per nacionalitat. Espanyola	2013	152535.74
1558	Import de pensions no contributives per nacionalitat	0106020300150002	Import de pensions no contributives per nacionalitat. Espanyola	2014	133632.86
1558	Import de pensions no contributives per nacionalitat	0106020300150002	Import de pensions no contributives per nacionalitat. Espanyola	2015	118930.62
1558	Import de pensions no contributives per nacionalitat	0106020300150002	Import de pensions no contributives per nacionalitat. Espanyola	2016	114204.9
1558	Import de pensions no contributives per nacionalitat	0106020300150002	Import de pensions no contributives per nacionalitat. Espanyola	2017	96210.35
1558	Import de pensions no contributives per nacionalitat	0106020300150002	Import de pensions no contributives per nacionalitat. Espanyola	2018	76804.96
1558	Import de pensions no contributives per nacionalitat	0106020300150002	Import de pensions no contributives per nacionalitat. Espanyola	2019	61492.11
1558	Import de pensions no contributives per nacionalitat	0106020300150002	Import de pensions no contributives per nacionalitat. Espanyola	2020	50095.77
1558	Import de pensions no contributives per nacionalitat	0106020300150002	Import de pensions no contributives per nacionalitat. Espanyola	2021	35976.54
1558	Import de pensions no contributives per nacionalitat	0106020300150002	Import de pensions no contributives per nacionalitat. Espanyola	2022	32750.72
1558	Import de pensions no contributives per nacionalitat	0106020300150002	Import de pensions no contributives per nacionalitat. Espanyola	2023	27620.3
1558	Import de pensions no contributives per nacionalitat	0106020300150002	Import de pensions no contributives per nacionalitat. Espanyola	2024	18381.83
1558	Import de pensions no contributives per nacionalitat	0106020300150002	Import de pensions no contributives per nacionalitat. Espanyola	2025	15240.4
1558	Import de pensions no contributives per nacionalitat	0106020300150003	Import de pensions no contributives per nacionalitat. Portuguesa	2013	0
1558	Import de pensions no contributives per nacionalitat	0106020300150003	Import de pensions no contributives per nacionalitat. Portuguesa	2014	0
1558	Import de pensions no contributives per nacionalitat	0106020300150003	Import de pensions no contributives per nacionalitat. Portuguesa	2015	0
1558	Import de pensions no contributives per nacionalitat	0106020300150003	Import de pensions no contributives per nacionalitat. Portuguesa	2016	0
1558	Import de pensions no contributives per nacionalitat	0106020300150003	Import de pensions no contributives per nacionalitat. Portuguesa	2017	0
1558	Import de pensions no contributives per nacionalitat	0106020300150003	Import de pensions no contributives per nacionalitat. Portuguesa	2018	0
1558	Import de pensions no contributives per nacionalitat	0106020300150003	Import de pensions no contributives per nacionalitat. Portuguesa	2019	0
1558	Import de pensions no contributives per nacionalitat	0106020300150003	Import de pensions no contributives per nacionalitat. Portuguesa	2020	0
1558	Import de pensions no contributives per nacionalitat	0106020300150003	Import de pensions no contributives per nacionalitat. Portuguesa	2021	0
1558	Import de pensions no contributives per nacionalitat	0106020300150003	Import de pensions no contributives per nacionalitat. Portuguesa	2022	0
1558	Import de pensions no contributives per nacionalitat	0106020300150003	Import de pensions no contributives per nacionalitat. Portuguesa	2023	0
1558	Import de pensions no contributives per nacionalitat	0106020300150003	Import de pensions no contributives per nacionalitat. Portuguesa	2024	0
1558	Import de pensions no contributives per nacionalitat	0106020300150003	Import de pensions no contributives per nacionalitat. Portuguesa	2025	0
1558	Import de pensions no contributives per nacionalitat	0106020300150004	Import de pensions no contributives per nacionalitat. Francesa	2013	8663.82
1558	Import de pensions no contributives per nacionalitat	0106020300150004	Import de pensions no contributives per nacionalitat. Francesa	2014	6563.5
1558	Import de pensions no contributives per nacionalitat	0106020300150004	Import de pensions no contributives per nacionalitat. Francesa	2015	6038.42
1558	Import de pensions no contributives per nacionalitat	0106020300150004	Import de pensions no contributives per nacionalitat. Francesa	2016	6563.5
1558	Import de pensions no contributives per nacionalitat	0106020300150004	Import de pensions no contributives per nacionalitat. Francesa	2017	4481.03
1558	Import de pensions no contributives per nacionalitat	0106020300150004	Import de pensions no contributives per nacionalitat. Francesa	2018	3245.28
1558	Import de pensions no contributives per nacionalitat	0106020300150004	Import de pensions no contributives per nacionalitat. Francesa	2019	3267.96
1558	Import de pensions no contributives per nacionalitat	0106020300150004	Import de pensions no contributives per nacionalitat. Francesa	2020	1852
1558	Import de pensions no contributives per nacionalitat	0106020300150004	Import de pensions no contributives per nacionalitat. Francesa	2021	0
1558	Import de pensions no contributives per nacionalitat	0106020300150004	Import de pensions no contributives per nacionalitat. Francesa	2022	0
1558	Import de pensions no contributives per nacionalitat	0106020300150004	Import de pensions no contributives per nacionalitat. Francesa	2023	0
1558	Import de pensions no contributives per nacionalitat	0106020300150004	Import de pensions no contributives per nacionalitat. Francesa	2024	0
1558	Import de pensions no contributives per nacionalitat	0106020300150004	Import de pensions no contributives per nacionalitat. Francesa	2025	0
1558	Import de pensions no contributives per nacionalitat	0106020300150005	Import de pensions no contributives per nacionalitat. Altres	2013	0
1558	Import de pensions no contributives per nacionalitat	0106020300150005	Import de pensions no contributives per nacionalitat. Altres	2014	525.08
1558	Import de pensions no contributives per nacionalitat	0106020300150005	Import de pensions no contributives per nacionalitat. Altres	2015	1312.7
1558	Import de pensions no contributives per nacionalitat	0106020300150005	Import de pensions no contributives per nacionalitat. Altres	2016	0
1558	Import de pensions no contributives per nacionalitat	0106020300150005	Import de pensions no contributives per nacionalitat. Altres	2017	2372.31
1558	Import de pensions no contributives per nacionalitat	0106020300150005	Import de pensions no contributives per nacionalitat. Altres	2018	4279.09
1558	Import de pensions no contributives per nacionalitat	0106020300150005	Import de pensions no contributives per nacionalitat. Altres	2019	0
1558	Import de pensions no contributives per nacionalitat	0106020300150005	Import de pensions no contributives per nacionalitat. Altres	2020	0
1558	Import de pensions no contributives per nacionalitat	0106020300150005	Import de pensions no contributives per nacionalitat. Altres	2021	0
1558	Import de pensions no contributives per nacionalitat	0106020300150005	Import de pensions no contributives per nacionalitat. Altres	2022	0
1558	Import de pensions no contributives per nacionalitat	0106020300150005	Import de pensions no contributives per nacionalitat. Altres	2023	0
1558	Import de pensions no contributives per nacionalitat	0106020300150005	Import de pensions no contributives per nacionalitat. Altres	2024	0
1558	Import de pensions no contributives per nacionalitat	0106020300150005	Import de pensions no contributives per nacionalitat. Altres	2025	0
1558	Import de pensions no contributives per nacionalitat	0106020300150006	Import de pensions no contributives per nacionalitat. Total	2013	401948.74
1558	Import de pensions no contributives per nacionalitat	0106020300150006	Import de pensions no contributives per nacionalitat. Total	2014	346815.34
1558	Import de pensions no contributives per nacionalitat	0106020300150006	Import de pensions no contributives per nacionalitat. Total	2015	311372.44
1558	Import de pensions no contributives per nacionalitat	0106020300150006	Import de pensions no contributives per nacionalitat. Total	2016	280917.8
1558	Import de pensions no contributives per nacionalitat	0106020300150006	Import de pensions no contributives per nacionalitat. Total	2017	241704.68
1558	Import de pensions no contributives per nacionalitat	0106020300150006	Import de pensions no contributives per nacionalitat. Total	2018	200070.8
1558	Import de pensions no contributives per nacionalitat	0106020300150006	Import de pensions no contributives per nacionalitat. Total	2019	165556.59
1558	Import de pensions no contributives per nacionalitat	0106020300150006	Import de pensions no contributives per nacionalitat. Total	2020	126807.22
1558	Import de pensions no contributives per nacionalitat	0106020300150006	Import de pensions no contributives per nacionalitat. Total	2021	91554.99
1558	Import de pensions no contributives per nacionalitat	0106020300150006	Import de pensions no contributives per nacionalitat. Total	2022	76090.01
1558	Import de pensions no contributives per nacionalitat	0106020300150006	Import de pensions no contributives per nacionalitat. Total	2023	64602.89
1558	Import de pensions no contributives per nacionalitat	0106020300150006	Import de pensions no contributives per nacionalitat. Total	2024	51469.11
1558	Import de pensions no contributives per nacionalitat	0106020300150006	Import de pensions no contributives per nacionalitat. Total	2025	45721.2
1559	Import de pensions no contributives per lloc de residència	0106020300160001	Import de pensions no contributives per lloc de residència. Canillo	2013	15227.32
1559	Import de pensions no contributives per lloc de residència	0106020300160001	Import de pensions no contributives per lloc de residència. Canillo	2014	9451.44
1559	Import de pensions no contributives per lloc de residència	0106020300160001	Import de pensions no contributives per lloc de residència. Canillo	2015	9451.44
1559	Import de pensions no contributives per lloc de residència	0106020300160001	Import de pensions no contributives per lloc de residència. Canillo	2016	9451.44
1559	Import de pensions no contributives per lloc de residència	0106020300160001	Import de pensions no contributives per lloc de residència. Canillo	2017	9225.65
1559	Import de pensions no contributives per lloc de residència	0106020300160001	Import de pensions no contributives per lloc de residència. Canillo	2018	3245.28
1559	Import de pensions no contributives per lloc de residència	0106020300160001	Import de pensions no contributives per lloc de residència. Canillo	2019	3267.96
1559	Import de pensions no contributives per lloc de residència	0106020300160001	Import de pensions no contributives per lloc de residència. Canillo	2020	3300.6
1559	Import de pensions no contributives per lloc de residència	0106020300160001	Import de pensions no contributives per lloc de residència. Canillo	2021	3300.6
1559	Import de pensions no contributives per lloc de residència	0106020300160001	Import de pensions no contributives per lloc de residència. Canillo	2022	3229.61
1559	Import de pensions no contributives per lloc de residència	0106020300160001	Import de pensions no contributives per lloc de residència. Canillo	2023	0
1559	Import de pensions no contributives per lloc de residència	0106020300160001	Import de pensions no contributives per lloc de residència. Canillo	2024	0
1559	Import de pensions no contributives per lloc de residència	0106020300160001	Import de pensions no contributives per lloc de residència. Canillo	2025	0
1559	Import de pensions no contributives per lloc de residència	0106020300160002	Import de pensions no contributives per lloc de residència. Encamp	2013	45681.96
1559	Import de pensions no contributives per lloc de residència	0106020300160002	Import de pensions no contributives per lloc de residència. Encamp	2014	36493.06
1559	Import de pensions no contributives per lloc de residència	0106020300160002	Import de pensions no contributives per lloc de residència. Encamp	2015	29929.56
1559	Import de pensions no contributives per lloc de residència	0106020300160002	Import de pensions no contributives per lloc de residència. Encamp	2016	28354.32
1559	Import de pensions no contributives per lloc de residència	0106020300160002	Import de pensions no contributives per lloc de residència. Encamp	2017	28467.72
1559	Import de pensions no contributives per lloc de residència	0106020300160002	Import de pensions no contributives per lloc de residència. Encamp	2018	25962.24
1559	Import de pensions no contributives per lloc de residència	0106020300160002	Import de pensions no contributives per lloc de residència. Encamp	2019	22875.72
1559	Import de pensions no contributives per lloc de residència	0106020300160002	Import de pensions no contributives per lloc de residència. Encamp	2020	23104.2
1559	Import de pensions no contributives per lloc de residència	0106020300160002	Import de pensions no contributives per lloc de residència. Encamp	2021	20060.32
1559	Import de pensions no contributives per lloc de residència	0106020300160002	Import de pensions no contributives per lloc de residència. Encamp	2022	12217.59
1559	Import de pensions no contributives per lloc de residència	0106020300160002	Import de pensions no contributives per lloc de residència. Encamp	2023	7069.9
1559	Import de pensions no contributives per lloc de residència	0106020300160002	Import de pensions no contributives per lloc de residència. Encamp	2024	3812.53
1559	Import de pensions no contributives per lloc de residència	0106020300160002	Import de pensions no contributives per lloc de residència. Encamp	2025	3918.96
1559	Import de pensions no contributives per lloc de residència	0106020300160003	Import de pensions no contributives per lloc de residència. Ordino	2013	7088.58
1559	Import de pensions no contributives per lloc de residència	0106020300160003	Import de pensions no contributives per lloc de residència. Ordino	2014	9451.44
1559	Import de pensions no contributives per lloc de residència	0106020300160003	Import de pensions no contributives per lloc de residència. Ordino	2015	9451.44
1559	Import de pensions no contributives per lloc de residència	0106020300160003	Import de pensions no contributives per lloc de residència. Ordino	2016	9451.44
1559	Import de pensions no contributives per lloc de residència	0106020300160003	Import de pensions no contributives per lloc de residència. Ordino	2017	11597.96
1559	Import de pensions no contributives per lloc de residència	0106020300160003	Import de pensions no contributives per lloc de residència. Ordino	2018	12981.12
1559	Import de pensions no contributives per lloc de residència	0106020300160003	Import de pensions no contributives per lloc de residència. Ordino	2019	13071.84
1559	Import de pensions no contributives per lloc de residència	0106020300160003	Import de pensions no contributives per lloc de residència. Ordino	2020	8838.27
1559	Import de pensions no contributives per lloc de residència	0106020300160003	Import de pensions no contributives per lloc de residència. Ordino	2021	3438.13
1559	Import de pensions no contributives per lloc de residència	0106020300160003	Import de pensions no contributives per lloc de residència. Ordino	2022	3409.56
1559	Import de pensions no contributives per lloc de residència	0106020300160003	Import de pensions no contributives per lloc de residència. Ordino	2023	3651.6
1559	Import de pensions no contributives per lloc de residència	0106020300160003	Import de pensions no contributives per lloc de residència. Ordino	2024	3812.53
1559	Import de pensions no contributives per lloc de residència	0106020300160003	Import de pensions no contributives per lloc de residència. Ordino	2025	3918.96
1559	Import de pensions no contributives per lloc de residència	0106020300160004	Import de pensions no contributives per lloc de residència. La Massana	2013	26779.08
1559	Import de pensions no contributives per lloc de residència	0106020300160004	Import de pensions no contributives per lloc de residència. La Massana	2014	27304.16
1559	Import de pensions no contributives per lloc de residència	0106020300160004	Import de pensions no contributives per lloc de residència. La Massana	2015	22578.44
1559	Import de pensions no contributives per lloc de residència	0106020300160004	Import de pensions no contributives per lloc de residència. La Massana	2016	19953.04
1559	Import de pensions no contributives per lloc de residència	0106020300160004	Import de pensions no contributives per lloc de residència. La Massana	2017	15815.4
1559	Import de pensions no contributives per lloc de residència	0106020300160004	Import de pensions no contributives per lloc de residència. La Massana	2018	16226.4
1559	Import de pensions no contributives per lloc de residència	0106020300160004	Import de pensions no contributives per lloc de residència. La Massana	2019	9803.88
1559	Import de pensions no contributives per lloc de residència	0106020300160004	Import de pensions no contributives per lloc de residència. La Massana	2020	6601.2
1559	Import de pensions no contributives per lloc de residència	0106020300160004	Import de pensions no contributives per lloc de residència. La Massana	2021	4125.75
1559	Import de pensions no contributives per lloc de residència	0106020300160004	Import de pensions no contributives per lloc de residència. La Massana	2022	3409.56
1559	Import de pensions no contributives per lloc de residència	0106020300160004	Import de pensions no contributives per lloc de residència. La Massana	2023	3651.6
1559	Import de pensions no contributives per lloc de residència	0106020300160004	Import de pensions no contributives per lloc de residència. La Massana	2024	3812.53
1559	Import de pensions no contributives per lloc de residència	0106020300160004	Import de pensions no contributives per lloc de residència. La Massana	2025	3918.96
1559	Import de pensions no contributives per lloc de residència	0106020300160005	Import de pensions no contributives per lloc de residència. Andorra La Vella	2013	147810.02
1559	Import de pensions no contributives per lloc de residència	0106020300160005	Import de pensions no contributives per lloc de residència. Andorra La Vella	2014	127331.9
1559	Import de pensions no contributives per lloc de residència	0106020300160005	Import de pensions no contributives per lloc de residència. Andorra La Vella	2015	113154.74
1559	Import de pensions no contributives per lloc de residència	0106020300160005	Import de pensions no contributives per lloc de residència. Andorra La Vella	2016	99240.12
1559	Import de pensions no contributives per lloc de residència	0106020300160005	Import de pensions no contributives per lloc de residència. Andorra La Vella	2017	80131.36
1559	Import de pensions no contributives per lloc de residència	0106020300160005	Import de pensions no contributives per lloc de residència. Andorra La Vella	2018	61389.88
1559	Import de pensions no contributives per lloc de residència	0106020300160005	Import de pensions no contributives per lloc de residència. Andorra La Vella	2019	47930.08
1559	Import de pensions no contributives per lloc de residència	0106020300160005	Import de pensions no contributives per lloc de residència. Andorra La Vella	2020	37911.06
1559	Import de pensions no contributives per lloc de residència	0106020300160005	Import de pensions no contributives per lloc de residència. Andorra La Vella	2021	29705.4
1559	Import de pensions no contributives per lloc de residència	0106020300160005	Import de pensions no contributives per lloc de residència. Andorra La Vella	2022	27892.09
1559	Import de pensions no contributives per lloc de residència	0106020300160005	Import de pensions no contributives per lloc de residència. Andorra La Vella	2023	24972.89
1559	Import de pensions no contributives per lloc de residència	0106020300160005	Import de pensions no contributives per lloc de residència. Andorra La Vella	2024	21604.32
1559	Import de pensions no contributives per lloc de residència	0106020300160005	Import de pensions no contributives per lloc de residència. Andorra La Vella	2025	18288.48
1559	Import de pensions no contributives per lloc de residència	0106020300160006	Import de pensions no contributives per lloc de residència. Sant Julià de Lòria	2013	39906.08
1559	Import de pensions no contributives per lloc de residència	0106020300160006	Import de pensions no contributives per lloc de residència. Sant Julià de Lòria	2014	33867.66
1559	Import de pensions no contributives per lloc de residència	0106020300160006	Import de pensions no contributives per lloc de residència. Sant Julià de Lòria	2015	28616.86
1559	Import de pensions no contributives per lloc de residència	0106020300160006	Import de pensions no contributives per lloc de residència. Sant Julià de Lòria	2016	28354.32
1559	Import de pensions no contributives per lloc de residència	0106020300160006	Import de pensions no contributives per lloc de residència. Sant Julià de Lòria	2017	25568.23
1559	Import de pensions no contributives per lloc de residència	0106020300160006	Import de pensions no contributives per lloc de residència. Sant Julià de Lòria	2018	18660.36
1559	Import de pensions no contributives per lloc de residència	0106020300160006	Import de pensions no contributives per lloc de residència. Sant Julià de Lòria	2019	16013
1559	Import de pensions no contributives per lloc de residència	0106020300160006	Import de pensions no contributives per lloc de residència. Sant Julià de Lòria	2020	10745.29
1559	Import de pensions no contributives per lloc de residència	0106020300160006	Import de pensions no contributives per lloc de residència. Sant Julià de Lòria	2021	7499.7
1559	Import de pensions no contributives per lloc de residència	0106020300160006	Import de pensions no contributives per lloc de residència. Sant Julià de Lòria	2022	10228.68
1559	Import de pensions no contributives per lloc de residència	0106020300160006	Import de pensions no contributives per lloc de residència. Sant Julià de Lòria	2023	7303.2
1559	Import de pensions no contributives per lloc de residència	0106020300160006	Import de pensions no contributives per lloc de residència. Sant Julià de Lòria	2024	7625.05
1559	Import de pensions no contributives per lloc de residència	0106020300160006	Import de pensions no contributives per lloc de residència. Sant Julià de Lòria	2025	7837.92
1559	Import de pensions no contributives per lloc de residència	0106020300160007	Import de pensions no contributives per lloc de residència. Escaldes-Engordany	2013	85062.96
1559	Import de pensions no contributives per lloc de residència	0106020300160007	Import de pensions no contributives per lloc de residència. Escaldes-Engordany	2014	75348.98
1559	Import de pensions no contributives per lloc de residència	0106020300160007	Import de pensions no contributives per lloc de residència. Escaldes-Engordany	2015	64847.38
1559	Import de pensions no contributives per lloc de residència	0106020300160007	Import de pensions no contributives per lloc de residència. Escaldes-Engordany	2016	59596.58
1559	Import de pensions no contributives per lloc de residència	0106020300160007	Import de pensions no contributives per lloc de residència. Escaldes-Engordany	2017	47182.61
1559	Import de pensions no contributives per lloc de residència	0106020300160007	Import de pensions no contributives per lloc de residència. Escaldes-Engordany	2018	41106.88
1559	Import de pensions no contributives per lloc de residència	0106020300160007	Import de pensions no contributives per lloc de residència. Escaldes-Engordany	2019	37254.74
1559	Import de pensions no contributives per lloc de residència	0106020300160007	Import de pensions no contributives per lloc de residència. Escaldes-Engordany	2020	28055.1
1559	Import de pensions no contributives per lloc de residència	0106020300160007	Import de pensions no contributives per lloc de residència. Escaldes-Engordany	2021	18199.14
1559	Import de pensions no contributives per lloc de residència	0106020300160007	Import de pensions no contributives per lloc de residència. Escaldes-Engordany	2022	15702.92
1559	Import de pensions no contributives per lloc de residència	0106020300160007	Import de pensions no contributives per lloc de residència. Escaldes-Engordany	2023	14606.4
1559	Import de pensions no contributives per lloc de residència	0106020300160007	Import de pensions no contributives per lloc de residència. Escaldes-Engordany	2024	10802.16
1559	Import de pensions no contributives per lloc de residència	0106020300160007	Import de pensions no contributives per lloc de residència. Escaldes-Engordany	2025	7837.92
1559	Import de pensions no contributives per lloc de residència	0106020300160008	Import de pensions no contributives per lloc de residència. Estranger	2013	34392.74
1559	Import de pensions no contributives per lloc de residència	0106020300160008	Import de pensions no contributives per lloc de residència. Estranger	2014	27566.7
1559	Import de pensions no contributives per lloc de residència	0106020300160008	Import de pensions no contributives per lloc de residència. Estranger	2015	33342.58
1559	Import de pensions no contributives per lloc de residència	0106020300160008	Import de pensions no contributives per lloc de residència. Estranger	2016	26516.54
1559	Import de pensions no contributives per lloc de residència	0106020300160008	Import de pensions no contributives per lloc de residència. Estranger	2017	23715.75
1559	Import de pensions no contributives per lloc de residència	0106020300160008	Import de pensions no contributives per lloc de residència. Estranger	2018	20498.64
1559	Import de pensions no contributives per lloc de residència	0106020300160008	Import de pensions no contributives per lloc de residència. Estranger	2019	15339.37
1559	Import de pensions no contributives per lloc de residència	0106020300160008	Import de pensions no contributives per lloc de residència. Estranger	2020	8251.5
1559	Import de pensions no contributives per lloc de residència	0106020300160008	Import de pensions no contributives per lloc de residència. Estranger	2021	5225.95
1559	Import de pensions no contributives per lloc de residència	0106020300160008	Import de pensions no contributives per lloc de residència. Estranger	2022	0
1559	Import de pensions no contributives per lloc de residència	0106020300160008	Import de pensions no contributives per lloc de residència. Estranger	2023	3347.3
1559	Import de pensions no contributives per lloc de residència	0106020300160008	Import de pensions no contributives per lloc de residència. Estranger	2024	0
1559	Import de pensions no contributives per lloc de residència	0106020300160008	Import de pensions no contributives per lloc de residència. Estranger	2025	0
1559	Import de pensions no contributives per lloc de residència	0106020300160009	Import de pensions no contributives per lloc de residència. Total	2013	401948.74
1559	Import de pensions no contributives per lloc de residència	0106020300160009	Import de pensions no contributives per lloc de residència. Total	2014	346815.34
1559	Import de pensions no contributives per lloc de residència	0106020300160009	Import de pensions no contributives per lloc de residència. Total	2015	311372.44
1559	Import de pensions no contributives per lloc de residència	0106020300160009	Import de pensions no contributives per lloc de residència. Total	2016	280917.8
1559	Import de pensions no contributives per lloc de residència	0106020300160009	Import de pensions no contributives per lloc de residència. Total	2017	241704.68
1559	Import de pensions no contributives per lloc de residència	0106020300160009	Import de pensions no contributives per lloc de residència. Total	2018	200070.8
1559	Import de pensions no contributives per lloc de residència	0106020300160009	Import de pensions no contributives per lloc de residència. Total	2019	165556.59
1559	Import de pensions no contributives per lloc de residència	0106020300160009	Import de pensions no contributives per lloc de residència. Total	2020	126807.22
1559	Import de pensions no contributives per lloc de residència	0106020300160009	Import de pensions no contributives per lloc de residència. Total	2021	91554.99
1559	Import de pensions no contributives per lloc de residència	0106020300160009	Import de pensions no contributives per lloc de residència. Total	2022	76090.01
1559	Import de pensions no contributives per lloc de residència	0106020300160009	Import de pensions no contributives per lloc de residència. Total	2023	64602.89
1559	Import de pensions no contributives per lloc de residència	0106020300160009	Import de pensions no contributives per lloc de residència. Total	2024	51469.11
1559	Import de pensions no contributives per lloc de residència	0106020300160009	Import de pensions no contributives per lloc de residència. Total	2025	45721.2
1566	Nombre d'ajuts psgg total	0106020400010001	Nombre d'ajuts psgg total	2016	679
1566	Nombre d'ajuts psgg total	0106020400010001	Nombre d'ajuts psgg total	2017	770
1566	Nombre d'ajuts psgg total	0106020400010001	Nombre d'ajuts psgg total	2018	843
1566	Nombre d'ajuts psgg total	0106020400010001	Nombre d'ajuts psgg total	2019	936
1566	Nombre d'ajuts psgg total	0106020400010001	Nombre d'ajuts psgg total	2020	1001
1566	Nombre d'ajuts psgg total	0106020400010001	Nombre d'ajuts psgg total	2021	1072
1566	Nombre d'ajuts psgg total	0106020400010001	Nombre d'ajuts psgg total	2022	1189
1566	Nombre d'ajuts psgg total	0106020400010001	Nombre d'ajuts psgg total	2023	1223
1566	Nombre d'ajuts psgg total	0106020400010001	Nombre d'ajuts psgg total	2024	1312
1566	Nombre d'ajuts psgg total	0106020400010001	Nombre d'ajuts psgg total	2025	1425
1567	Nombre d'ajuts psgg per sexe	0106020400020001	Nombre d'ajuts psgg per sexe. Femení	2016	452
1567	Nombre d'ajuts psgg per sexe	0106020400020001	Nombre d'ajuts psgg per sexe. Femení	2017	516
1567	Nombre d'ajuts psgg per sexe	0106020400020001	Nombre d'ajuts psgg per sexe. Femení	2018	568
1567	Nombre d'ajuts psgg per sexe	0106020400020001	Nombre d'ajuts psgg per sexe. Femení	2019	629
1567	Nombre d'ajuts psgg per sexe	0106020400020001	Nombre d'ajuts psgg per sexe. Femení	2020	668
1567	Nombre d'ajuts psgg per sexe	0106020400020001	Nombre d'ajuts psgg per sexe. Femení	2021	712
1567	Nombre d'ajuts psgg per sexe	0106020400020001	Nombre d'ajuts psgg per sexe. Femení	2022	796
1567	Nombre d'ajuts psgg per sexe	0106020400020001	Nombre d'ajuts psgg per sexe. Femení	2023	822
1567	Nombre d'ajuts psgg per sexe	0106020400020001	Nombre d'ajuts psgg per sexe. Femení	2024	882
1567	Nombre d'ajuts psgg per sexe	0106020400020001	Nombre d'ajuts psgg per sexe. Femení	2025	962
1567	Nombre d'ajuts psgg per sexe	0106020400020002	Nombre d'ajuts psgg per sexe. Masculí	2016	226
1567	Nombre d'ajuts psgg per sexe	0106020400020002	Nombre d'ajuts psgg per sexe. Masculí	2017	254
1567	Nombre d'ajuts psgg per sexe	0106020400020002	Nombre d'ajuts psgg per sexe. Masculí	2018	275
1567	Nombre d'ajuts psgg per sexe	0106020400020002	Nombre d'ajuts psgg per sexe. Masculí	2019	307
1567	Nombre d'ajuts psgg per sexe	0106020400020002	Nombre d'ajuts psgg per sexe. Masculí	2020	333
1567	Nombre d'ajuts psgg per sexe	0106020400020002	Nombre d'ajuts psgg per sexe. Masculí	2021	360
1567	Nombre d'ajuts psgg per sexe	0106020400020002	Nombre d'ajuts psgg per sexe. Masculí	2022	393
1567	Nombre d'ajuts psgg per sexe	0106020400020002	Nombre d'ajuts psgg per sexe. Masculí	2023	401
1567	Nombre d'ajuts psgg per sexe	0106020400020002	Nombre d'ajuts psgg per sexe. Masculí	2024	430
1567	Nombre d'ajuts psgg per sexe	0106020400020002	Nombre d'ajuts psgg per sexe. Masculí	2025	463
1567	Nombre d'ajuts psgg per sexe	0106020400020003	Nombre d'ajuts psgg per sexe. Total	2016	679
1567	Nombre d'ajuts psgg per sexe	0106020400020003	Nombre d'ajuts psgg per sexe. Total	2017	770
1567	Nombre d'ajuts psgg per sexe	0106020400020003	Nombre d'ajuts psgg per sexe. Total	2018	843
1567	Nombre d'ajuts psgg per sexe	0106020400020003	Nombre d'ajuts psgg per sexe. Total	2019	936
1567	Nombre d'ajuts psgg per sexe	0106020400020003	Nombre d'ajuts psgg per sexe. Total	2020	1001
1567	Nombre d'ajuts psgg per sexe	0106020400020003	Nombre d'ajuts psgg per sexe. Total	2021	1072
1567	Nombre d'ajuts psgg per sexe	0106020400020003	Nombre d'ajuts psgg per sexe. Total	2022	1189
1567	Nombre d'ajuts psgg per sexe	0106020400020003	Nombre d'ajuts psgg per sexe. Total	2023	1223
1567	Nombre d'ajuts psgg per sexe	0106020400020003	Nombre d'ajuts psgg per sexe. Total	2024	1312
1567	Nombre d'ajuts psgg per sexe	0106020400020003	Nombre d'ajuts psgg per sexe. Total	2025	1425
1568	Nombre d'ajuts psgg per edat	0106020400030001	Nombre d'ajuts psgg per edat. Menys de 65 anys	2016	2
1568	Nombre d'ajuts psgg per edat	0106020400030001	Nombre d'ajuts psgg per edat. Menys de 65 anys	2017	2
1568	Nombre d'ajuts psgg per edat	0106020400030001	Nombre d'ajuts psgg per edat. Menys de 65 anys	2018	0
1568	Nombre d'ajuts psgg per edat	0106020400030001	Nombre d'ajuts psgg per edat. Menys de 65 anys	2019	0
1568	Nombre d'ajuts psgg per edat	0106020400030001	Nombre d'ajuts psgg per edat. Menys de 65 anys	2020	0
1568	Nombre d'ajuts psgg per edat	0106020400030001	Nombre d'ajuts psgg per edat. Menys de 65 anys	2021	0
1568	Nombre d'ajuts psgg per edat	0106020400030001	Nombre d'ajuts psgg per edat. Menys de 65 anys	2022	0
1568	Nombre d'ajuts psgg per edat	0106020400030001	Nombre d'ajuts psgg per edat. Menys de 65 anys	2023	1
1568	Nombre d'ajuts psgg per edat	0106020400030001	Nombre d'ajuts psgg per edat. Menys de 65 anys	2024	0
1568	Nombre d'ajuts psgg per edat	0106020400030001	Nombre d'ajuts psgg per edat. Menys de 65 anys	2025	5
1568	Nombre d'ajuts psgg per edat	0106020400030002	Nombre d'ajuts psgg per edat. Entre 65 i 75 anys	2016	355
1568	Nombre d'ajuts psgg per edat	0106020400030002	Nombre d'ajuts psgg per edat. Entre 65 i 75 anys	2017	402
1568	Nombre d'ajuts psgg per edat	0106020400030002	Nombre d'ajuts psgg per edat. Entre 65 i 75 anys	2018	441
1568	Nombre d'ajuts psgg per edat	0106020400030002	Nombre d'ajuts psgg per edat. Entre 65 i 75 anys	2019	488
1568	Nombre d'ajuts psgg per edat	0106020400030002	Nombre d'ajuts psgg per edat. Entre 65 i 75 anys	2020	527
1568	Nombre d'ajuts psgg per edat	0106020400030002	Nombre d'ajuts psgg per edat. Entre 65 i 75 anys	2021	575
1568	Nombre d'ajuts psgg per edat	0106020400030002	Nombre d'ajuts psgg per edat. Entre 65 i 75 anys	2022	664
1568	Nombre d'ajuts psgg per edat	0106020400030002	Nombre d'ajuts psgg per edat. Entre 65 i 75 anys	2023	676
1568	Nombre d'ajuts psgg per edat	0106020400030002	Nombre d'ajuts psgg per edat. Entre 65 i 75 anys	2024	727
1568	Nombre d'ajuts psgg per edat	0106020400030002	Nombre d'ajuts psgg per edat. Entre 65 i 75 anys	2025	796
1568	Nombre d'ajuts psgg per edat	0106020400030003	Nombre d'ajuts psgg per edat. Entre 76 i 85 anys	2016	240
1568	Nombre d'ajuts psgg per edat	0106020400030003	Nombre d'ajuts psgg per edat. Entre 76 i 85 anys	2017	273
1568	Nombre d'ajuts psgg per edat	0106020400030003	Nombre d'ajuts psgg per edat. Entre 76 i 85 anys	2018	295
1568	Nombre d'ajuts psgg per edat	0106020400030003	Nombre d'ajuts psgg per edat. Entre 76 i 85 anys	2019	323
1568	Nombre d'ajuts psgg per edat	0106020400030003	Nombre d'ajuts psgg per edat. Entre 76 i 85 anys	2020	345
1568	Nombre d'ajuts psgg per edat	0106020400030003	Nombre d'ajuts psgg per edat. Entre 76 i 85 anys	2021	360
1568	Nombre d'ajuts psgg per edat	0106020400030003	Nombre d'ajuts psgg per edat. Entre 76 i 85 anys	2022	385
1568	Nombre d'ajuts psgg per edat	0106020400030003	Nombre d'ajuts psgg per edat. Entre 76 i 85 anys	2023	403
1568	Nombre d'ajuts psgg per edat	0106020400030003	Nombre d'ajuts psgg per edat. Entre 76 i 85 anys	2024	443
1568	Nombre d'ajuts psgg per edat	0106020400030003	Nombre d'ajuts psgg per edat. Entre 76 i 85 anys	2025	477
1568	Nombre d'ajuts psgg per edat	0106020400030004	Nombre d'ajuts psgg per edat. Entre 86 i 95 anys	2016	80
1568	Nombre d'ajuts psgg per edat	0106020400030004	Nombre d'ajuts psgg per edat. Entre 86 i 95 anys	2017	91
1568	Nombre d'ajuts psgg per edat	0106020400030004	Nombre d'ajuts psgg per edat. Entre 86 i 95 anys	2018	102
1568	Nombre d'ajuts psgg per edat	0106020400030004	Nombre d'ajuts psgg per edat. Entre 86 i 95 anys	2019	119
1568	Nombre d'ajuts psgg per edat	0106020400030004	Nombre d'ajuts psgg per edat. Entre 86 i 95 anys	2020	125
1568	Nombre d'ajuts psgg per edat	0106020400030004	Nombre d'ajuts psgg per edat. Entre 86 i 95 anys	2021	133
1568	Nombre d'ajuts psgg per edat	0106020400030004	Nombre d'ajuts psgg per edat. Entre 86 i 95 anys	2022	139
1568	Nombre d'ajuts psgg per edat	0106020400030004	Nombre d'ajuts psgg per edat. Entre 86 i 95 anys	2023	133
1568	Nombre d'ajuts psgg per edat	0106020400030004	Nombre d'ajuts psgg per edat. Entre 86 i 95 anys	2024	132
1568	Nombre d'ajuts psgg per edat	0106020400030004	Nombre d'ajuts psgg per edat. Entre 86 i 95 anys	2025	133
1568	Nombre d'ajuts psgg per edat	0106020400030005	Nombre d'ajuts psgg per edat. Entre 96 i 100 anys	2016	2
1568	Nombre d'ajuts psgg per edat	0106020400030005	Nombre d'ajuts psgg per edat. Entre 96 i 100 anys	2017	3
1568	Nombre d'ajuts psgg per edat	0106020400030005	Nombre d'ajuts psgg per edat. Entre 96 i 100 anys	2018	5
1568	Nombre d'ajuts psgg per edat	0106020400030005	Nombre d'ajuts psgg per edat. Entre 96 i 100 anys	2019	6
1568	Nombre d'ajuts psgg per edat	0106020400030005	Nombre d'ajuts psgg per edat. Entre 96 i 100 anys	2020	4
1568	Nombre d'ajuts psgg per edat	0106020400030005	Nombre d'ajuts psgg per edat. Entre 96 i 100 anys	2021	4
1568	Nombre d'ajuts psgg per edat	0106020400030005	Nombre d'ajuts psgg per edat. Entre 96 i 100 anys	2022	1
1568	Nombre d'ajuts psgg per edat	0106020400030005	Nombre d'ajuts psgg per edat. Entre 96 i 100 anys	2023	8
1568	Nombre d'ajuts psgg per edat	0106020400030005	Nombre d'ajuts psgg per edat. Entre 96 i 100 anys	2024	9
1568	Nombre d'ajuts psgg per edat	0106020400030005	Nombre d'ajuts psgg per edat. Entre 96 i 100 anys	2025	14
1568	Nombre d'ajuts psgg per edat	0106020400030006	Nombre d'ajuts psgg per edat. Més de 100 anys	2016	0
1568	Nombre d'ajuts psgg per edat	0106020400030006	Nombre d'ajuts psgg per edat. Més de 100 anys	2017	0
1568	Nombre d'ajuts psgg per edat	0106020400030006	Nombre d'ajuts psgg per edat. Més de 100 anys	2018	0
1568	Nombre d'ajuts psgg per edat	0106020400030006	Nombre d'ajuts psgg per edat. Més de 100 anys	2019	0
1568	Nombre d'ajuts psgg per edat	0106020400030006	Nombre d'ajuts psgg per edat. Més de 100 anys	2020	0
1568	Nombre d'ajuts psgg per edat	0106020400030006	Nombre d'ajuts psgg per edat. Més de 100 anys	2021	0
1568	Nombre d'ajuts psgg per edat	0106020400030006	Nombre d'ajuts psgg per edat. Més de 100 anys	2022	0
1568	Nombre d'ajuts psgg per edat	0106020400030006	Nombre d'ajuts psgg per edat. Més de 100 anys	2023	1
1568	Nombre d'ajuts psgg per edat	0106020400030006	Nombre d'ajuts psgg per edat. Més de 100 anys	2024	1
1568	Nombre d'ajuts psgg per edat	0106020400030006	Nombre d'ajuts psgg per edat. Més de 100 anys	2025	0
1568	Nombre d'ajuts psgg per edat	0106020400030007	Nombre d'ajuts psgg per edat. Total	2016	679
1568	Nombre d'ajuts psgg per edat	0106020400030007	Nombre d'ajuts psgg per edat. Total	2017	770
1568	Nombre d'ajuts psgg per edat	0106020400030007	Nombre d'ajuts psgg per edat. Total	2018	843
1568	Nombre d'ajuts psgg per edat	0106020400030007	Nombre d'ajuts psgg per edat. Total	2019	936
1568	Nombre d'ajuts psgg per edat	0106020400030007	Nombre d'ajuts psgg per edat. Total	2020	1001
1568	Nombre d'ajuts psgg per edat	0106020400030007	Nombre d'ajuts psgg per edat. Total	2021	1072
1568	Nombre d'ajuts psgg per edat	0106020400030007	Nombre d'ajuts psgg per edat. Total	2022	1189
1568	Nombre d'ajuts psgg per edat	0106020400030007	Nombre d'ajuts psgg per edat. Total	2023	1223
1568	Nombre d'ajuts psgg per edat	0106020400030007	Nombre d'ajuts psgg per edat. Total	2024	1312
1568	Nombre d'ajuts psgg per edat	0106020400030007	Nombre d'ajuts psgg per edat. Total	2025	1425
1569	Nombre d'ajuts psgg per nacionalitat	0106020400040001	Nombre d'ajuts psgg per nacionalitat. Andorrana	2016	181
1569	Nombre d'ajuts psgg per nacionalitat	0106020400040001	Nombre d'ajuts psgg per nacionalitat. Andorrana	2017	202
1569	Nombre d'ajuts psgg per nacionalitat	0106020400040001	Nombre d'ajuts psgg per nacionalitat. Andorrana	2018	224
1569	Nombre d'ajuts psgg per nacionalitat	0106020400040001	Nombre d'ajuts psgg per nacionalitat. Andorrana	2019	250
1569	Nombre d'ajuts psgg per nacionalitat	0106020400040001	Nombre d'ajuts psgg per nacionalitat. Andorrana	2020	262
1569	Nombre d'ajuts psgg per nacionalitat	0106020400040001	Nombre d'ajuts psgg per nacionalitat. Andorrana	2021	276
1569	Nombre d'ajuts psgg per nacionalitat	0106020400040001	Nombre d'ajuts psgg per nacionalitat. Andorrana	2022	300
1569	Nombre d'ajuts psgg per nacionalitat	0106020400040001	Nombre d'ajuts psgg per nacionalitat. Andorrana	2023	301
1569	Nombre d'ajuts psgg per nacionalitat	0106020400040001	Nombre d'ajuts psgg per nacionalitat. Andorrana	2024	316
1569	Nombre d'ajuts psgg per nacionalitat	0106020400040001	Nombre d'ajuts psgg per nacionalitat. Andorrana	2025	346
1569	Nombre d'ajuts psgg per nacionalitat	0106020400040002	Nombre d'ajuts psgg per nacionalitat. Espanyola	2016	414
1569	Nombre d'ajuts psgg per nacionalitat	0106020400040002	Nombre d'ajuts psgg per nacionalitat. Espanyola	2017	468
1569	Nombre d'ajuts psgg per nacionalitat	0106020400040002	Nombre d'ajuts psgg per nacionalitat. Espanyola	2018	503
1569	Nombre d'ajuts psgg per nacionalitat	0106020400040002	Nombre d'ajuts psgg per nacionalitat. Espanyola	2019	546
1569	Nombre d'ajuts psgg per nacionalitat	0106020400040002	Nombre d'ajuts psgg per nacionalitat. Espanyola	2020	576
1569	Nombre d'ajuts psgg per nacionalitat	0106020400040002	Nombre d'ajuts psgg per nacionalitat. Espanyola	2021	588
1569	Nombre d'ajuts psgg per nacionalitat	0106020400040002	Nombre d'ajuts psgg per nacionalitat. Espanyola	2022	631
1569	Nombre d'ajuts psgg per nacionalitat	0106020400040002	Nombre d'ajuts psgg per nacionalitat. Espanyola	2023	644
1569	Nombre d'ajuts psgg per nacionalitat	0106020400040002	Nombre d'ajuts psgg per nacionalitat. Espanyola	2024	683
1569	Nombre d'ajuts psgg per nacionalitat	0106020400040002	Nombre d'ajuts psgg per nacionalitat. Espanyola	2025	725
1569	Nombre d'ajuts psgg per nacionalitat	0106020400040003	Nombre d'ajuts psgg per nacionalitat. Portuguesa	2016	16
1569	Nombre d'ajuts psgg per nacionalitat	0106020400040003	Nombre d'ajuts psgg per nacionalitat. Portuguesa	2017	26
1569	Nombre d'ajuts psgg per nacionalitat	0106020400040003	Nombre d'ajuts psgg per nacionalitat. Portuguesa	2018	32
1569	Nombre d'ajuts psgg per nacionalitat	0106020400040003	Nombre d'ajuts psgg per nacionalitat. Portuguesa	2019	45
1569	Nombre d'ajuts psgg per nacionalitat	0106020400040003	Nombre d'ajuts psgg per nacionalitat. Portuguesa	2020	60
1569	Nombre d'ajuts psgg per nacionalitat	0106020400040003	Nombre d'ajuts psgg per nacionalitat. Portuguesa	2021	82
1569	Nombre d'ajuts psgg per nacionalitat	0106020400040003	Nombre d'ajuts psgg per nacionalitat. Portuguesa	2022	105
1569	Nombre d'ajuts psgg per nacionalitat	0106020400040003	Nombre d'ajuts psgg per nacionalitat. Portuguesa	2023	119
1569	Nombre d'ajuts psgg per nacionalitat	0106020400040003	Nombre d'ajuts psgg per nacionalitat. Portuguesa	2024	139
1569	Nombre d'ajuts psgg per nacionalitat	0106020400040003	Nombre d'ajuts psgg per nacionalitat. Portuguesa	2025	170
1569	Nombre d'ajuts psgg per nacionalitat	0106020400040004	Nombre d'ajuts psgg per nacionalitat. Francesa	2016	15
1569	Nombre d'ajuts psgg per nacionalitat	0106020400040004	Nombre d'ajuts psgg per nacionalitat. Francesa	2017	18
1569	Nombre d'ajuts psgg per nacionalitat	0106020400040004	Nombre d'ajuts psgg per nacionalitat. Francesa	2018	19
1569	Nombre d'ajuts psgg per nacionalitat	0106020400040004	Nombre d'ajuts psgg per nacionalitat. Francesa	2019	21
1569	Nombre d'ajuts psgg per nacionalitat	0106020400040004	Nombre d'ajuts psgg per nacionalitat. Francesa	2020	21
1569	Nombre d'ajuts psgg per nacionalitat	0106020400040004	Nombre d'ajuts psgg per nacionalitat. Francesa	2021	25
1569	Nombre d'ajuts psgg per nacionalitat	0106020400040004	Nombre d'ajuts psgg per nacionalitat. Francesa	2022	32
1569	Nombre d'ajuts psgg per nacionalitat	0106020400040004	Nombre d'ajuts psgg per nacionalitat. Francesa	2023	31
1569	Nombre d'ajuts psgg per nacionalitat	0106020400040004	Nombre d'ajuts psgg per nacionalitat. Francesa	2024	38
1569	Nombre d'ajuts psgg per nacionalitat	0106020400040004	Nombre d'ajuts psgg per nacionalitat. Francesa	2025	43
1569	Nombre d'ajuts psgg per nacionalitat	0106020400040005	Nombre d'ajuts psgg per nacionalitat. Altres	2016	52
1569	Nombre d'ajuts psgg per nacionalitat	0106020400040005	Nombre d'ajuts psgg per nacionalitat. Altres	2017	57
1569	Nombre d'ajuts psgg per nacionalitat	0106020400040005	Nombre d'ajuts psgg per nacionalitat. Altres	2018	66
1569	Nombre d'ajuts psgg per nacionalitat	0106020400040005	Nombre d'ajuts psgg per nacionalitat. Altres	2019	75
1569	Nombre d'ajuts psgg per nacionalitat	0106020400040005	Nombre d'ajuts psgg per nacionalitat. Altres	2020	82
1569	Nombre d'ajuts psgg per nacionalitat	0106020400040005	Nombre d'ajuts psgg per nacionalitat. Altres	2021	101
1569	Nombre d'ajuts psgg per nacionalitat	0106020400040005	Nombre d'ajuts psgg per nacionalitat. Altres	2022	121
1569	Nombre d'ajuts psgg per nacionalitat	0106020400040005	Nombre d'ajuts psgg per nacionalitat. Altres	2023	127
1569	Nombre d'ajuts psgg per nacionalitat	0106020400040005	Nombre d'ajuts psgg per nacionalitat. Altres	2024	136
1569	Nombre d'ajuts psgg per nacionalitat	0106020400040005	Nombre d'ajuts psgg per nacionalitat. Altres	2025	141
1569	Nombre d'ajuts psgg per nacionalitat	0106020400040006	Nombre d'ajuts psgg per nacionalitat. Total	2016	679
1569	Nombre d'ajuts psgg per nacionalitat	0106020400040006	Nombre d'ajuts psgg per nacionalitat. Total	2017	770
1569	Nombre d'ajuts psgg per nacionalitat	0106020400040006	Nombre d'ajuts psgg per nacionalitat. Total	2018	843
1569	Nombre d'ajuts psgg per nacionalitat	0106020400040006	Nombre d'ajuts psgg per nacionalitat. Total	2019	936
1569	Nombre d'ajuts psgg per nacionalitat	0106020400040006	Nombre d'ajuts psgg per nacionalitat. Total	2020	1001
1569	Nombre d'ajuts psgg per nacionalitat	0106020400040006	Nombre d'ajuts psgg per nacionalitat. Total	2021	1072
1569	Nombre d'ajuts psgg per nacionalitat	0106020400040006	Nombre d'ajuts psgg per nacionalitat. Total	2022	1189
1569	Nombre d'ajuts psgg per nacionalitat	0106020400040006	Nombre d'ajuts psgg per nacionalitat. Total	2023	1223
1569	Nombre d'ajuts psgg per nacionalitat	0106020400040006	Nombre d'ajuts psgg per nacionalitat. Total	2024	1312
1569	Nombre d'ajuts psgg per nacionalitat	0106020400040006	Nombre d'ajuts psgg per nacionalitat. Total	2025	1425
1570	Nombre d'ajuts psgg per lloc de residència	0106020400050001	Nombre d'ajuts psgg per lloc de residència. Canillo	2016	7
1570	Nombre d'ajuts psgg per lloc de residència	0106020400050001	Nombre d'ajuts psgg per lloc de residència. Canillo	2017	9
1570	Nombre d'ajuts psgg per lloc de residència	0106020400050001	Nombre d'ajuts psgg per lloc de residència. Canillo	2018	10
1570	Nombre d'ajuts psgg per lloc de residència	0106020400050001	Nombre d'ajuts psgg per lloc de residència. Canillo	2019	13
1570	Nombre d'ajuts psgg per lloc de residència	0106020400050001	Nombre d'ajuts psgg per lloc de residència. Canillo	2020	11
1570	Nombre d'ajuts psgg per lloc de residència	0106020400050001	Nombre d'ajuts psgg per lloc de residència. Canillo	2021	12
1570	Nombre d'ajuts psgg per lloc de residència	0106020400050001	Nombre d'ajuts psgg per lloc de residència. Canillo	2022	19
1570	Nombre d'ajuts psgg per lloc de residència	0106020400050001	Nombre d'ajuts psgg per lloc de residència. Canillo	2023	19
1570	Nombre d'ajuts psgg per lloc de residència	0106020400050001	Nombre d'ajuts psgg per lloc de residència. Canillo	2024	22
1570	Nombre d'ajuts psgg per lloc de residència	0106020400050001	Nombre d'ajuts psgg per lloc de residència. Canillo	2025	24
1570	Nombre d'ajuts psgg per lloc de residència	0106020400050002	Nombre d'ajuts psgg per lloc de residència. Encamp	2016	73
1570	Nombre d'ajuts psgg per lloc de residència	0106020400050002	Nombre d'ajuts psgg per lloc de residència. Encamp	2017	92
1570	Nombre d'ajuts psgg per lloc de residència	0106020400050002	Nombre d'ajuts psgg per lloc de residència. Encamp	2018	107
1570	Nombre d'ajuts psgg per lloc de residència	0106020400050002	Nombre d'ajuts psgg per lloc de residència. Encamp	2019	127
1570	Nombre d'ajuts psgg per lloc de residència	0106020400050002	Nombre d'ajuts psgg per lloc de residència. Encamp	2020	140
1570	Nombre d'ajuts psgg per lloc de residència	0106020400050002	Nombre d'ajuts psgg per lloc de residència. Encamp	2021	154
1570	Nombre d'ajuts psgg per lloc de residència	0106020400050002	Nombre d'ajuts psgg per lloc de residència. Encamp	2022	176
1570	Nombre d'ajuts psgg per lloc de residència	0106020400050002	Nombre d'ajuts psgg per lloc de residència. Encamp	2023	174
1570	Nombre d'ajuts psgg per lloc de residència	0106020400050002	Nombre d'ajuts psgg per lloc de residència. Encamp	2024	187
1570	Nombre d'ajuts psgg per lloc de residència	0106020400050002	Nombre d'ajuts psgg per lloc de residència. Encamp	2025	204
1570	Nombre d'ajuts psgg per lloc de residència	0106020400050003	Nombre d'ajuts psgg per lloc de residència. Ordino	2016	21
1570	Nombre d'ajuts psgg per lloc de residència	0106020400050003	Nombre d'ajuts psgg per lloc de residència. Ordino	2017	24
1570	Nombre d'ajuts psgg per lloc de residència	0106020400050003	Nombre d'ajuts psgg per lloc de residència. Ordino	2018	28
1570	Nombre d'ajuts psgg per lloc de residència	0106020400050003	Nombre d'ajuts psgg per lloc de residència. Ordino	2019	29
1570	Nombre d'ajuts psgg per lloc de residència	0106020400050003	Nombre d'ajuts psgg per lloc de residència. Ordino	2020	30
1570	Nombre d'ajuts psgg per lloc de residència	0106020400050003	Nombre d'ajuts psgg per lloc de residència. Ordino	2021	30
1570	Nombre d'ajuts psgg per lloc de residència	0106020400050003	Nombre d'ajuts psgg per lloc de residència. Ordino	2022	32
1570	Nombre d'ajuts psgg per lloc de residència	0106020400050003	Nombre d'ajuts psgg per lloc de residència. Ordino	2023	34
1570	Nombre d'ajuts psgg per lloc de residència	0106020400050003	Nombre d'ajuts psgg per lloc de residència. Ordino	2024	41
1570	Nombre d'ajuts psgg per lloc de residència	0106020400050003	Nombre d'ajuts psgg per lloc de residència. Ordino	2025	47
1570	Nombre d'ajuts psgg per lloc de residència	0106020400050004	Nombre d'ajuts psgg per lloc de residència. La Massana	2016	37
1570	Nombre d'ajuts psgg per lloc de residència	0106020400050004	Nombre d'ajuts psgg per lloc de residència. La Massana	2017	40
1570	Nombre d'ajuts psgg per lloc de residència	0106020400050004	Nombre d'ajuts psgg per lloc de residència. La Massana	2018	45
1570	Nombre d'ajuts psgg per lloc de residència	0106020400050004	Nombre d'ajuts psgg per lloc de residència. La Massana	2019	52
1570	Nombre d'ajuts psgg per lloc de residència	0106020400050004	Nombre d'ajuts psgg per lloc de residència. La Massana	2020	57
1570	Nombre d'ajuts psgg per lloc de residència	0106020400050004	Nombre d'ajuts psgg per lloc de residència. La Massana	2021	65
1570	Nombre d'ajuts psgg per lloc de residència	0106020400050004	Nombre d'ajuts psgg per lloc de residència. La Massana	2022	74
1570	Nombre d'ajuts psgg per lloc de residència	0106020400050004	Nombre d'ajuts psgg per lloc de residència. La Massana	2023	76
1570	Nombre d'ajuts psgg per lloc de residència	0106020400050004	Nombre d'ajuts psgg per lloc de residència. La Massana	2024	81
1570	Nombre d'ajuts psgg per lloc de residència	0106020400050004	Nombre d'ajuts psgg per lloc de residència. La Massana	2025	92
1570	Nombre d'ajuts psgg per lloc de residència	0106020400050005	Nombre d'ajuts psgg per lloc de residència. Andorra La Vella	2016	279
1570	Nombre d'ajuts psgg per lloc de residència	0106020400050005	Nombre d'ajuts psgg per lloc de residència. Andorra La Vella	2017	315
1570	Nombre d'ajuts psgg per lloc de residència	0106020400050005	Nombre d'ajuts psgg per lloc de residència. Andorra La Vella	2018	335
1570	Nombre d'ajuts psgg per lloc de residència	0106020400050005	Nombre d'ajuts psgg per lloc de residència. Andorra La Vella	2019	369
1570	Nombre d'ajuts psgg per lloc de residència	0106020400050005	Nombre d'ajuts psgg per lloc de residència. Andorra La Vella	2020	385
1570	Nombre d'ajuts psgg per lloc de residència	0106020400050005	Nombre d'ajuts psgg per lloc de residència. Andorra La Vella	2021	414
1570	Nombre d'ajuts psgg per lloc de residència	0106020400050005	Nombre d'ajuts psgg per lloc de residència. Andorra La Vella	2022	469
1570	Nombre d'ajuts psgg per lloc de residència	0106020400050005	Nombre d'ajuts psgg per lloc de residència. Andorra La Vella	2023	484
1570	Nombre d'ajuts psgg per lloc de residència	0106020400050005	Nombre d'ajuts psgg per lloc de residència. Andorra La Vella	2024	519
1570	Nombre d'ajuts psgg per lloc de residència	0106020400050005	Nombre d'ajuts psgg per lloc de residència. Andorra La Vella	2025	562
1570	Nombre d'ajuts psgg per lloc de residència	0106020400050006	Nombre d'ajuts psgg per lloc de residència. Sant Julià de Lòria	2016	85
1570	Nombre d'ajuts psgg per lloc de residència	0106020400050006	Nombre d'ajuts psgg per lloc de residència. Sant Julià de Lòria	2017	95
1570	Nombre d'ajuts psgg per lloc de residència	0106020400050006	Nombre d'ajuts psgg per lloc de residència. Sant Julià de Lòria	2018	106
1570	Nombre d'ajuts psgg per lloc de residència	0106020400050006	Nombre d'ajuts psgg per lloc de residència. Sant Julià de Lòria	2019	122
1570	Nombre d'ajuts psgg per lloc de residència	0106020400050006	Nombre d'ajuts psgg per lloc de residència. Sant Julià de Lòria	2020	140
1570	Nombre d'ajuts psgg per lloc de residència	0106020400050006	Nombre d'ajuts psgg per lloc de residència. Sant Julià de Lòria	2021	146
1570	Nombre d'ajuts psgg per lloc de residència	0106020400050006	Nombre d'ajuts psgg per lloc de residència. Sant Julià de Lòria	2022	157
1570	Nombre d'ajuts psgg per lloc de residència	0106020400050006	Nombre d'ajuts psgg per lloc de residència. Sant Julià de Lòria	2023	163
1570	Nombre d'ajuts psgg per lloc de residència	0106020400050006	Nombre d'ajuts psgg per lloc de residència. Sant Julià de Lòria	2024	176
1570	Nombre d'ajuts psgg per lloc de residència	0106020400050006	Nombre d'ajuts psgg per lloc de residència. Sant Julià de Lòria	2025	194
1570	Nombre d'ajuts psgg per lloc de residència	0106020400050007	Nombre d'ajuts psgg per lloc de residència. Escaldes-Engordany	2016	170
1570	Nombre d'ajuts psgg per lloc de residència	0106020400050007	Nombre d'ajuts psgg per lloc de residència. Escaldes-Engordany	2017	188
1570	Nombre d'ajuts psgg per lloc de residència	0106020400050007	Nombre d'ajuts psgg per lloc de residència. Escaldes-Engordany	2018	207
1570	Nombre d'ajuts psgg per lloc de residència	0106020400050007	Nombre d'ajuts psgg per lloc de residència. Escaldes-Engordany	2019	217
1570	Nombre d'ajuts psgg per lloc de residència	0106020400050007	Nombre d'ajuts psgg per lloc de residència. Escaldes-Engordany	2020	231
1570	Nombre d'ajuts psgg per lloc de residència	0106020400050007	Nombre d'ajuts psgg per lloc de residència. Escaldes-Engordany	2021	246
1570	Nombre d'ajuts psgg per lloc de residència	0106020400050007	Nombre d'ajuts psgg per lloc de residència. Escaldes-Engordany	2022	261
1570	Nombre d'ajuts psgg per lloc de residència	0106020400050007	Nombre d'ajuts psgg per lloc de residència. Escaldes-Engordany	2023	271
1570	Nombre d'ajuts psgg per lloc de residència	0106020400050007	Nombre d'ajuts psgg per lloc de residència. Escaldes-Engordany	2024	280
1570	Nombre d'ajuts psgg per lloc de residència	0106020400050007	Nombre d'ajuts psgg per lloc de residència. Escaldes-Engordany	2025	300
1570	Nombre d'ajuts psgg per lloc de residència	0106020400050008	Nombre d'ajuts psgg per lloc de residència. Estranger	2016	8
1570	Nombre d'ajuts psgg per lloc de residència	0106020400050008	Nombre d'ajuts psgg per lloc de residència. Estranger	2017	7
1570	Nombre d'ajuts psgg per lloc de residència	0106020400050008	Nombre d'ajuts psgg per lloc de residència. Estranger	2018	5
1570	Nombre d'ajuts psgg per lloc de residència	0106020400050008	Nombre d'ajuts psgg per lloc de residència. Estranger	2019	7
1570	Nombre d'ajuts psgg per lloc de residència	0106020400050008	Nombre d'ajuts psgg per lloc de residència. Estranger	2020	6
1570	Nombre d'ajuts psgg per lloc de residència	0106020400050008	Nombre d'ajuts psgg per lloc de residència. Estranger	2021	6
1570	Nombre d'ajuts psgg per lloc de residència	0106020400050008	Nombre d'ajuts psgg per lloc de residència. Estranger	2022	2
1570	Nombre d'ajuts psgg per lloc de residència	0106020400050008	Nombre d'ajuts psgg per lloc de residència. Estranger	2023	2
1570	Nombre d'ajuts psgg per lloc de residència	0106020400050008	Nombre d'ajuts psgg per lloc de residència. Estranger	2024	6
1570	Nombre d'ajuts psgg per lloc de residència	0106020400050008	Nombre d'ajuts psgg per lloc de residència. Estranger	2025	4
1570	Nombre d'ajuts psgg per lloc de residència	0106020400050009	Nombre d'ajuts psgg per lloc de residència. Total	2016	679
1570	Nombre d'ajuts psgg per lloc de residència	0106020400050009	Nombre d'ajuts psgg per lloc de residència. Total	2017	770
1570	Nombre d'ajuts psgg per lloc de residència	0106020400050009	Nombre d'ajuts psgg per lloc de residència. Total	2018	843
1570	Nombre d'ajuts psgg per lloc de residència	0106020400050009	Nombre d'ajuts psgg per lloc de residència. Total	2019	936
1570	Nombre d'ajuts psgg per lloc de residència	0106020400050009	Nombre d'ajuts psgg per lloc de residència. Total	2020	1001
1570	Nombre d'ajuts psgg per lloc de residència	0106020400050009	Nombre d'ajuts psgg per lloc de residència. Total	2021	1072
1570	Nombre d'ajuts psgg per lloc de residència	0106020400050009	Nombre d'ajuts psgg per lloc de residència. Total	2022	1189
1570	Nombre d'ajuts psgg per lloc de residència	0106020400050009	Nombre d'ajuts psgg per lloc de residència. Total	2023	1223
1570	Nombre d'ajuts psgg per lloc de residència	0106020400050009	Nombre d'ajuts psgg per lloc de residència. Total	2024	1312
1570	Nombre d'ajuts psgg per lloc de residència	0106020400050009	Nombre d'ajuts psgg per lloc de residència. Total	2025	1425
1577	Import d'ajuts psgg total	0106020400120001	Import d'ajuts psgg total	2016	3162806.31
1577	Import d'ajuts psgg total	0106020400120001	Import d'ajuts psgg total	2017	3668110.74
1577	Import d'ajuts psgg total	0106020400120001	Import d'ajuts psgg total	2018	4082668.08
1577	Import d'ajuts psgg total	0106020400120001	Import d'ajuts psgg total	2019	4625686.56
1577	Import d'ajuts psgg total	0106020400120001	Import d'ajuts psgg total	2020	5084872.64
1577	Import d'ajuts psgg total	0106020400120001	Import d'ajuts psgg total	2021	5629921.79
1577	Import d'ajuts psgg total	0106020400120001	Import d'ajuts psgg total	2022	6714350.78
1577	Import d'ajuts psgg total	0106020400120001	Import d'ajuts psgg total	2023	7176657.82
1577	Import d'ajuts psgg total	0106020400120001	Import d'ajuts psgg total	2024	8242729.73
1577	Import d'ajuts psgg total	0106020400120001	Import d'ajuts psgg total	2025	9412763.37
1578	Import d'ajuts psgg per sexe	0106020400130001	Import d'ajuts psgg per sexe. Femení	2016	2235887.06
1578	Import d'ajuts psgg per sexe	0106020400130001	Import d'ajuts psgg per sexe. Femení	2017	2604989.44
1578	Import d'ajuts psgg per sexe	0106020400130001	Import d'ajuts psgg per sexe. Femení	2018	2921834.37
1578	Import d'ajuts psgg per sexe	0106020400130001	Import d'ajuts psgg per sexe. Femení	2019	3309134.26
1578	Import d'ajuts psgg per sexe	0106020400130001	Import d'ajuts psgg per sexe. Femení	2020	3604359.01
1578	Import d'ajuts psgg per sexe	0106020400130001	Import d'ajuts psgg per sexe. Femení	2021	3987577.02
1578	Import d'ajuts psgg per sexe	0106020400130001	Import d'ajuts psgg per sexe. Femení	2022	1906519.91
1578	Import d'ajuts psgg per sexe	0106020400130001	Import d'ajuts psgg per sexe. Femení	2023	5132973.35
1578	Import d'ajuts psgg per sexe	0106020400130001	Import d'ajuts psgg per sexe. Femení	2024	5541225.32
1578	Import d'ajuts psgg per sexe	0106020400130001	Import d'ajuts psgg per sexe. Femení	2025	6354440.96
1578	Import d'ajuts psgg per sexe	0106020400130002	Import d'ajuts psgg per sexe. Masculí	2016	926919.25
1578	Import d'ajuts psgg per sexe	0106020400130002	Import d'ajuts psgg per sexe. Masculí	2017	1063121.3
1578	Import d'ajuts psgg per sexe	0106020400130002	Import d'ajuts psgg per sexe. Masculí	2018	1160833.71
1578	Import d'ajuts psgg per sexe	0106020400130002	Import d'ajuts psgg per sexe. Masculí	2019	1316552.3
1578	Import d'ajuts psgg per sexe	0106020400130002	Import d'ajuts psgg per sexe. Masculí	2020	1480513.63
1578	Import d'ajuts psgg per sexe	0106020400130002	Import d'ajuts psgg per sexe. Masculí	2021	1642344.77
1578	Import d'ajuts psgg per sexe	0106020400130002	Import d'ajuts psgg per sexe. Masculí	2022	4807830.87
1578	Import d'ajuts psgg per sexe	0106020400130002	Import d'ajuts psgg per sexe. Masculí	2023	2043684.47
1578	Import d'ajuts psgg per sexe	0106020400130002	Import d'ajuts psgg per sexe. Masculí	2024	2701504.41
1578	Import d'ajuts psgg per sexe	0106020400130002	Import d'ajuts psgg per sexe. Masculí	2025	3058322.41
1578	Import d'ajuts psgg per sexe	0106020400130003	Import d'ajuts psgg per sexe. Total	2016	3162806.31
1578	Import d'ajuts psgg per sexe	0106020400130003	Import d'ajuts psgg per sexe. Total	2017	3668110.74
1578	Import d'ajuts psgg per sexe	0106020400130003	Import d'ajuts psgg per sexe. Total	2018	4082668.08
1578	Import d'ajuts psgg per sexe	0106020400130003	Import d'ajuts psgg per sexe. Total	2019	4625686.56
1578	Import d'ajuts psgg per sexe	0106020400130003	Import d'ajuts psgg per sexe. Total	2020	5084872.64
1578	Import d'ajuts psgg per sexe	0106020400130003	Import d'ajuts psgg per sexe. Total	2021	5629921.79
1578	Import d'ajuts psgg per sexe	0106020400130003	Import d'ajuts psgg per sexe. Total	2022	6714350.78
1578	Import d'ajuts psgg per sexe	0106020400130003	Import d'ajuts psgg per sexe. Total	2023	7176657.82
1578	Import d'ajuts psgg per sexe	0106020400130003	Import d'ajuts psgg per sexe. Total	2024	8242729.73
1578	Import d'ajuts psgg per sexe	0106020400130003	Import d'ajuts psgg per sexe. Total	2025	9412763.37
1579	Import d'ajuts psgg per edat	0106020400140001	Import d'ajuts psgg per edat. Menys de 65 anys	2016	8601.78
1579	Import d'ajuts psgg per edat	0106020400140001	Import d'ajuts psgg per edat. Menys de 65 anys	2017	9461.16
1579	Import d'ajuts psgg per edat	0106020400140001	Import d'ajuts psgg per edat. Menys de 65 anys	2018	0
1579	Import d'ajuts psgg per edat	0106020400140001	Import d'ajuts psgg per edat. Menys de 65 anys	2019	0
1579	Import d'ajuts psgg per edat	0106020400140001	Import d'ajuts psgg per edat. Menys de 65 anys	2020	0
1579	Import d'ajuts psgg per edat	0106020400140001	Import d'ajuts psgg per edat. Menys de 65 anys	2021	0
1579	Import d'ajuts psgg per edat	0106020400140001	Import d'ajuts psgg per edat. Menys de 65 anys	2022	4306.62
1579	Import d'ajuts psgg per edat	0106020400140001	Import d'ajuts psgg per edat. Menys de 65 anys	2023	5564.57
1579	Import d'ajuts psgg per edat	0106020400140001	Import d'ajuts psgg per edat. Menys de 65 anys	2024	0
1579	Import d'ajuts psgg per edat	0106020400140001	Import d'ajuts psgg per edat. Menys de 65 anys	2025	33027.24
1579	Import d'ajuts psgg per edat	0106020400140002	Import d'ajuts psgg per edat. Entre 65 i 75 anys	2016	1675091.68
1579	Import d'ajuts psgg per edat	0106020400140002	Import d'ajuts psgg per edat. Entre 65 i 75 anys	2017	1970756.28
1579	Import d'ajuts psgg per edat	0106020400140002	Import d'ajuts psgg per edat. Entre 65 i 75 anys	2018	2195646.01
1579	Import d'ajuts psgg per edat	0106020400140002	Import d'ajuts psgg per edat. Entre 65 i 75 anys	2019	2500110.5
1579	Import d'ajuts psgg per edat	0106020400140002	Import d'ajuts psgg per edat. Entre 65 i 75 anys	2020	2803700.66
1579	Import d'ajuts psgg per edat	0106020400140002	Import d'ajuts psgg per edat. Entre 65 i 75 anys	2021	3211155.91
1579	Import d'ajuts psgg per edat	0106020400140002	Import d'ajuts psgg per edat. Entre 65 i 75 anys	2022	4018151.14
1579	Import d'ajuts psgg per edat	0106020400140002	Import d'ajuts psgg per edat. Entre 65 i 75 anys	2023	4294435.53
1579	Import d'ajuts psgg per edat	0106020400140002	Import d'ajuts psgg per edat. Entre 65 i 75 anys	2024	4567427.22
1579	Import d'ajuts psgg per edat	0106020400140002	Import d'ajuts psgg per edat. Entre 65 i 75 anys	2025	5257936.59
1579	Import d'ajuts psgg per edat	0106020400140003	Import d'ajuts psgg per edat. Entre 76 i 85 anys	2016	1078717.8
1579	Import d'ajuts psgg per edat	0106020400140003	Import d'ajuts psgg per edat. Entre 76 i 85 anys	2017	1243605.18
1579	Import d'ajuts psgg per edat	0106020400140003	Import d'ajuts psgg per edat. Entre 76 i 85 anys	2018	1351490.07
1579	Import d'ajuts psgg per edat	0106020400140003	Import d'ajuts psgg per edat. Entre 76 i 85 anys	2019	1468772.86
1579	Import d'ajuts psgg per edat	0106020400140003	Import d'ajuts psgg per edat. Entre 76 i 85 anys	2020	1620726.51
1579	Import d'ajuts psgg per edat	0106020400140003	Import d'ajuts psgg per edat. Entre 76 i 85 anys	2021	1740855.76
1579	Import d'ajuts psgg per edat	0106020400140003	Import d'ajuts psgg per edat. Entre 76 i 85 anys	2022	1920445.68
1579	Import d'ajuts psgg per edat	0106020400140003	Import d'ajuts psgg per edat. Entre 76 i 85 anys	2023	2111465.24
1579	Import d'ajuts psgg per edat	0106020400140003	Import d'ajuts psgg per edat. Entre 76 i 85 anys	2024	2783177.8
1579	Import d'ajuts psgg per edat	0106020400140003	Import d'ajuts psgg per edat. Entre 76 i 85 anys	2025	3150798.69
1579	Import d'ajuts psgg per edat	0106020400140004	Import d'ajuts psgg per edat. Entre 86 i 95 anys	2016	392094.91
1579	Import d'ajuts psgg per edat	0106020400140004	Import d'ajuts psgg per edat. Entre 86 i 95 anys	2017	431661.47
1579	Import d'ajuts psgg per edat	0106020400140004	Import d'ajuts psgg per edat. Entre 86 i 95 anys	2018	508785.46
1579	Import d'ajuts psgg per edat	0106020400140004	Import d'ajuts psgg per edat. Entre 86 i 95 anys	2019	614242.79
1579	Import d'ajuts psgg per edat	0106020400140004	Import d'ajuts psgg per edat. Entre 86 i 95 anys	2020	641247.63
1579	Import d'ajuts psgg per edat	0106020400140004	Import d'ajuts psgg per edat. Entre 86 i 95 anys	2021	670280.39
1579	Import d'ajuts psgg per edat	0106020400140004	Import d'ajuts psgg per edat. Entre 86 i 95 anys	2022	760910.62
1579	Import d'ajuts psgg per edat	0106020400140004	Import d'ajuts psgg per edat. Entre 86 i 95 anys	2023	715007.82
1579	Import d'ajuts psgg per edat	0106020400140004	Import d'ajuts psgg per edat. Entre 86 i 95 anys	2024	829299.03
1579	Import d'ajuts psgg per edat	0106020400140004	Import d'ajuts psgg per edat. Entre 86 i 95 anys	2025	878524.58
1579	Import d'ajuts psgg per edat	0106020400140005	Import d'ajuts psgg per edat. Entre 96 i 100 anys	2016	8300.14
1579	Import d'ajuts psgg per edat	0106020400140005	Import d'ajuts psgg per edat. Entre 96 i 100 anys	2017	12626.65
1579	Import d'ajuts psgg per edat	0106020400140005	Import d'ajuts psgg per edat. Entre 96 i 100 anys	2018	26746.54
1579	Import d'ajuts psgg per edat	0106020400140005	Import d'ajuts psgg per edat. Entre 96 i 100 anys	2019	42560.41
1579	Import d'ajuts psgg per edat	0106020400140005	Import d'ajuts psgg per edat. Entre 96 i 100 anys	2020	19197.84
1579	Import d'ajuts psgg per edat	0106020400140005	Import d'ajuts psgg per edat. Entre 96 i 100 anys	2021	7629.73
1579	Import d'ajuts psgg per edat	0106020400140005	Import d'ajuts psgg per edat. Entre 96 i 100 anys	2022	10536.72
1579	Import d'ajuts psgg per edat	0106020400140005	Import d'ajuts psgg per edat. Entre 96 i 100 anys	2023	50104.26
1579	Import d'ajuts psgg per edat	0106020400140005	Import d'ajuts psgg per edat. Entre 96 i 100 anys	2024	56543.12
1579	Import d'ajuts psgg per edat	0106020400140005	Import d'ajuts psgg per edat. Entre 96 i 100 anys	2025	92476.27
1579	Import d'ajuts psgg per edat	0106020400140006	Import d'ajuts psgg per edat. Més de 100 anys	2016	0
1579	Import d'ajuts psgg per edat	0106020400140006	Import d'ajuts psgg per edat. Més de 100 anys	2017	0
1579	Import d'ajuts psgg per edat	0106020400140006	Import d'ajuts psgg per edat. Més de 100 anys	2018	0
1579	Import d'ajuts psgg per edat	0106020400140006	Import d'ajuts psgg per edat. Més de 100 anys	2019	0
1579	Import d'ajuts psgg per edat	0106020400140006	Import d'ajuts psgg per edat. Més de 100 anys	2020	0
1579	Import d'ajuts psgg per edat	0106020400140006	Import d'ajuts psgg per edat. Més de 100 anys	2021	0
1579	Import d'ajuts psgg per edat	0106020400140006	Import d'ajuts psgg per edat. Més de 100 anys	2022	0
1579	Import d'ajuts psgg per edat	0106020400140006	Import d'ajuts psgg per edat. Més de 100 anys	2023	80.4
1579	Import d'ajuts psgg per edat	0106020400140006	Import d'ajuts psgg per edat. Més de 100 anys	2024	6282.57
1579	Import d'ajuts psgg per edat	0106020400140006	Import d'ajuts psgg per edat. Més de 100 anys	2025	0
1579	Import d'ajuts psgg per edat	0106020400140007	Import d'ajuts psgg per edat. Total	2016	3162806.31
1579	Import d'ajuts psgg per edat	0106020400140007	Import d'ajuts psgg per edat. Total	2017	3668110.74
1579	Import d'ajuts psgg per edat	0106020400140007	Import d'ajuts psgg per edat. Total	2018	4082668.08
1579	Import d'ajuts psgg per edat	0106020400140007	Import d'ajuts psgg per edat. Total	2019	4625686.56
1579	Import d'ajuts psgg per edat	0106020400140007	Import d'ajuts psgg per edat. Total	2020	5084872.64
1579	Import d'ajuts psgg per edat	0106020400140007	Import d'ajuts psgg per edat. Total	2021	5629921.79
1579	Import d'ajuts psgg per edat	0106020400140007	Import d'ajuts psgg per edat. Total	2022	6714350.78
1579	Import d'ajuts psgg per edat	0106020400140007	Import d'ajuts psgg per edat. Total	2023	7176657.82
1579	Import d'ajuts psgg per edat	0106020400140007	Import d'ajuts psgg per edat. Total	2024	8242729.73
1579	Import d'ajuts psgg per edat	0106020400140007	Import d'ajuts psgg per edat. Total	2025	9412763.37
1580	Import d'ajuts psgg per nacionalitat	0106020400150001	Import d'ajuts psgg per nacionalitat. Andorrana	2016	885828.65
1580	Import d'ajuts psgg per nacionalitat	0106020400150001	Import d'ajuts psgg per nacionalitat. Andorrana	2017	1010553.76
1580	Import d'ajuts psgg per nacionalitat	0106020400150001	Import d'ajuts psgg per nacionalitat. Andorrana	2018	1128589.63
1580	Import d'ajuts psgg per nacionalitat	0106020400150001	Import d'ajuts psgg per nacionalitat. Andorrana	2019	1271377.82
1580	Import d'ajuts psgg per nacionalitat	0106020400150001	Import d'ajuts psgg per nacionalitat. Andorrana	2020	1376431.03
1580	Import d'ajuts psgg per nacionalitat	0106020400150001	Import d'ajuts psgg per nacionalitat. Andorrana	2021	1500942.23
1580	Import d'ajuts psgg per nacionalitat	0106020400150001	Import d'ajuts psgg per nacionalitat. Andorrana	2022	1733101.42
1580	Import d'ajuts psgg per nacionalitat	0106020400150001	Import d'ajuts psgg per nacionalitat. Andorrana	2023	1798663.17
1580	Import d'ajuts psgg per nacionalitat	0106020400150001	Import d'ajuts psgg per nacionalitat. Andorrana	2024	1985291.61
1580	Import d'ajuts psgg per nacionalitat	0106020400150001	Import d'ajuts psgg per nacionalitat. Andorrana	2025	2285485
1580	Import d'ajuts psgg per nacionalitat	0106020400150002	Import d'ajuts psgg per nacionalitat. Espanyola	2016	1811425.08
1580	Import d'ajuts psgg per nacionalitat	0106020400150002	Import d'ajuts psgg per nacionalitat. Espanyola	2017	2095198.23
1580	Import d'ajuts psgg per nacionalitat	0106020400150002	Import d'ajuts psgg per nacionalitat. Espanyola	2018	2281806.21
1580	Import d'ajuts psgg per nacionalitat	0106020400150002	Import d'ajuts psgg per nacionalitat. Espanyola	2019	2523350.75
1580	Import d'ajuts psgg per nacionalitat	0106020400150002	Import d'ajuts psgg per nacionalitat. Espanyola	2020	2733142.97
1580	Import d'ajuts psgg per nacionalitat	0106020400150002	Import d'ajuts psgg per nacionalitat. Espanyola	2021	2843523.8
1580	Import d'ajuts psgg per nacionalitat	0106020400150002	Import d'ajuts psgg per nacionalitat. Espanyola	2022	3250290.24
1580	Import d'ajuts psgg per nacionalitat	0106020400150002	Import d'ajuts psgg per nacionalitat. Espanyola	2023	3436517.43
1580	Import d'ajuts psgg per nacionalitat	0106020400150002	Import d'ajuts psgg per nacionalitat. Espanyola	2024	4290994.21
1580	Import d'ajuts psgg per nacionalitat	0106020400150002	Import d'ajuts psgg per nacionalitat. Espanyola	2025	4788949.78
1580	Import d'ajuts psgg per nacionalitat	0106020400150003	Import d'ajuts psgg per nacionalitat. Portuguesa	2016	100469.77
1580	Import d'ajuts psgg per nacionalitat	0106020400150003	Import d'ajuts psgg per nacionalitat. Portuguesa	2017	152332.55
1580	Import d'ajuts psgg per nacionalitat	0106020400150003	Import d'ajuts psgg per nacionalitat. Portuguesa	2018	187158.02
1580	Import d'ajuts psgg per nacionalitat	0106020400150003	Import d'ajuts psgg per nacionalitat. Portuguesa	2019	264939.09
1580	Import d'ajuts psgg per nacionalitat	0106020400150003	Import d'ajuts psgg per nacionalitat. Portuguesa	2020	349184.24
1580	Import d'ajuts psgg per nacionalitat	0106020400150003	Import d'ajuts psgg per nacionalitat. Portuguesa	2021	491750.08
1580	Import d'ajuts psgg per nacionalitat	0106020400150003	Import d'ajuts psgg per nacionalitat. Portuguesa	2022	661040.14
1580	Import d'ajuts psgg per nacionalitat	0106020400150003	Import d'ajuts psgg per nacionalitat. Portuguesa	2023	779000.9
1580	Import d'ajuts psgg per nacionalitat	0106020400150003	Import d'ajuts psgg per nacionalitat. Portuguesa	2024	873277.01
1580	Import d'ajuts psgg per nacionalitat	0106020400150003	Import d'ajuts psgg per nacionalitat. Portuguesa	2025	1122926.16
1580	Import d'ajuts psgg per nacionalitat	0106020400150004	Import d'ajuts psgg per nacionalitat. Francesa	2016	48290.86
1580	Import d'ajuts psgg per nacionalitat	0106020400150004	Import d'ajuts psgg per nacionalitat. Francesa	2017	70759.7
1580	Import d'ajuts psgg per nacionalitat	0106020400150004	Import d'ajuts psgg per nacionalitat. Francesa	2018	88780.21
1580	Import d'ajuts psgg per nacionalitat	0106020400150004	Import d'ajuts psgg per nacionalitat. Francesa	2019	98327.07
1580	Import d'ajuts psgg per nacionalitat	0106020400150004	Import d'ajuts psgg per nacionalitat. Francesa	2020	87022.08
1580	Import d'ajuts psgg per nacionalitat	0106020400150004	Import d'ajuts psgg per nacionalitat. Francesa	2021	119421.19
1580	Import d'ajuts psgg per nacionalitat	0106020400150004	Import d'ajuts psgg per nacionalitat. Francesa	2022	182470.91
1580	Import d'ajuts psgg per nacionalitat	0106020400150004	Import d'ajuts psgg per nacionalitat. Francesa	2023	190722.72
1580	Import d'ajuts psgg per nacionalitat	0106020400150004	Import d'ajuts psgg per nacionalitat. Francesa	2024	238737.6
1580	Import d'ajuts psgg per nacionalitat	0106020400150004	Import d'ajuts psgg per nacionalitat. Francesa	2025	284034.26
1580	Import d'ajuts psgg per nacionalitat	0106020400150005	Import d'ajuts psgg per nacionalitat. Altres	2016	316791.95
1580	Import d'ajuts psgg per nacionalitat	0106020400150005	Import d'ajuts psgg per nacionalitat. Altres	2017	339266.5
1580	Import d'ajuts psgg per nacionalitat	0106020400150005	Import d'ajuts psgg per nacionalitat. Altres	2018	396334.01
1580	Import d'ajuts psgg per nacionalitat	0106020400150005	Import d'ajuts psgg per nacionalitat. Altres	2019	467691.83
1580	Import d'ajuts psgg per nacionalitat	0106020400150005	Import d'ajuts psgg per nacionalitat. Altres	2020	539092.32
1580	Import d'ajuts psgg per nacionalitat	0106020400150005	Import d'ajuts psgg per nacionalitat. Altres	2021	674284.49
1580	Import d'ajuts psgg per nacionalitat	0106020400150005	Import d'ajuts psgg per nacionalitat. Altres	2022	887448.07
1580	Import d'ajuts psgg per nacionalitat	0106020400150005	Import d'ajuts psgg per nacionalitat. Altres	2023	971753.6
1580	Import d'ajuts psgg per nacionalitat	0106020400150005	Import d'ajuts psgg per nacionalitat. Altres	2024	854429.3
1580	Import d'ajuts psgg per nacionalitat	0106020400150005	Import d'ajuts psgg per nacionalitat. Altres	2025	931368.17
1580	Import d'ajuts psgg per nacionalitat	0106020400150006	Import d'ajuts psgg per nacionalitat. Total	2016	3162806.31
1580	Import d'ajuts psgg per nacionalitat	0106020400150006	Import d'ajuts psgg per nacionalitat. Total	2017	3668110.74
1580	Import d'ajuts psgg per nacionalitat	0106020400150006	Import d'ajuts psgg per nacionalitat. Total	2018	4082668.08
1580	Import d'ajuts psgg per nacionalitat	0106020400150006	Import d'ajuts psgg per nacionalitat. Total	2019	4625686.56
1580	Import d'ajuts psgg per nacionalitat	0106020400150006	Import d'ajuts psgg per nacionalitat. Total	2020	5084872.64
1580	Import d'ajuts psgg per nacionalitat	0106020400150006	Import d'ajuts psgg per nacionalitat. Total	2021	5629921.79
1580	Import d'ajuts psgg per nacionalitat	0106020400150006	Import d'ajuts psgg per nacionalitat. Total	2022	6714350.78
1580	Import d'ajuts psgg per nacionalitat	0106020400150006	Import d'ajuts psgg per nacionalitat. Total	2023	7176657.82
1580	Import d'ajuts psgg per nacionalitat	0106020400150006	Import d'ajuts psgg per nacionalitat. Total	2024	8242729.73
1580	Import d'ajuts psgg per nacionalitat	0106020400150006	Import d'ajuts psgg per nacionalitat. Total	2025	9412763.37
1581	Import d'ajuts psgg per lloc de residència	0106020400160001	Import d'ajuts psgg per lloc de residència. Canillo	2016	34000.33
1581	Import d'ajuts psgg per lloc de residència	0106020400160001	Import d'ajuts psgg per lloc de residència. Canillo	2017	43457.63
1581	Import d'ajuts psgg per lloc de residència	0106020400160001	Import d'ajuts psgg per lloc de residència. Canillo	2018	52258.8
1581	Import d'ajuts psgg per lloc de residència	0106020400160001	Import d'ajuts psgg per lloc de residència. Canillo	2019	70506.6
1581	Import d'ajuts psgg per lloc de residència	0106020400160001	Import d'ajuts psgg per lloc de residència. Canillo	2020	58176.81
1581	Import d'ajuts psgg per lloc de residència	0106020400160001	Import d'ajuts psgg per lloc de residència. Canillo	2021	64414.47
1581	Import d'ajuts psgg per lloc de residència	0106020400160001	Import d'ajuts psgg per lloc de residència. Canillo	2022	115216.09
1581	Import d'ajuts psgg per lloc de residència	0106020400160001	Import d'ajuts psgg per lloc de residència. Canillo	2023	119490.51
1581	Import d'ajuts psgg per lloc de residència	0106020400160001	Import d'ajuts psgg per lloc de residència. Canillo	2024	140789.53
1581	Import d'ajuts psgg per lloc de residència	0106020400160001	Import d'ajuts psgg per lloc de residència. Canillo	2025	155209.87
1581	Import d'ajuts psgg per lloc de residència	0106020400160002	Import d'ajuts psgg per lloc de residència. Encamp	2016	351005.14
1581	Import d'ajuts psgg per lloc de residència	0106020400160002	Import d'ajuts psgg per lloc de residència. Encamp	2017	448627.88
1581	Import d'ajuts psgg per lloc de residència	0106020400160002	Import d'ajuts psgg per lloc de residència. Encamp	2018	544069.29
1581	Import d'ajuts psgg per lloc de residència	0106020400160002	Import d'ajuts psgg per lloc de residència. Encamp	2019	655879.62
1581	Import d'ajuts psgg per lloc de residència	0106020400160002	Import d'ajuts psgg per lloc de residència. Encamp	2020	727963.06
1581	Import d'ajuts psgg per lloc de residència	0106020400160002	Import d'ajuts psgg per lloc de residència. Encamp	2021	794495.17
1581	Import d'ajuts psgg per lloc de residència	0106020400160002	Import d'ajuts psgg per lloc de residència. Encamp	2022	966778
1581	Import d'ajuts psgg per lloc de residència	0106020400160002	Import d'ajuts psgg per lloc de residència. Encamp	2023	989747.87
1581	Import d'ajuts psgg per lloc de residència	0106020400160002	Import d'ajuts psgg per lloc de residència. Encamp	2024	1176037.44
1581	Import d'ajuts psgg per lloc de residència	0106020400160002	Import d'ajuts psgg per lloc de residència. Encamp	2025	1344601.85
1581	Import d'ajuts psgg per lloc de residència	0106020400160003	Import d'ajuts psgg per lloc de residència. Ordino	2016	103889.92
1581	Import d'ajuts psgg per lloc de residència	0106020400160003	Import d'ajuts psgg per lloc de residència. Ordino	2017	135901.45
1581	Import d'ajuts psgg per lloc de residència	0106020400160003	Import d'ajuts psgg per lloc de residència. Ordino	2018	150378.25
1581	Import d'ajuts psgg per lloc de residència	0106020400160003	Import d'ajuts psgg per lloc de residència. Ordino	2019	159049.85
1581	Import d'ajuts psgg per lloc de residència	0106020400160003	Import d'ajuts psgg per lloc de residència. Ordino	2020	178143.28
1581	Import d'ajuts psgg per lloc de residència	0106020400160003	Import d'ajuts psgg per lloc de residència. Ordino	2021	181834.77
1581	Import d'ajuts psgg per lloc de residència	0106020400160003	Import d'ajuts psgg per lloc de residència. Ordino	2022	213957.98
1581	Import d'ajuts psgg per lloc de residència	0106020400160003	Import d'ajuts psgg per lloc de residència. Ordino	2023	222472.59
1581	Import d'ajuts psgg per lloc de residència	0106020400160003	Import d'ajuts psgg per lloc de residència. Ordino	2024	254886.62
1581	Import d'ajuts psgg per lloc de residència	0106020400160003	Import d'ajuts psgg per lloc de residència. Ordino	2025	310970.14
1581	Import d'ajuts psgg per lloc de residència	0106020400160004	Import d'ajuts psgg per lloc de residència. La Massana	2016	159469.91
1581	Import d'ajuts psgg per lloc de residència	0106020400160004	Import d'ajuts psgg per lloc de residència. La Massana	2017	187642.54
1581	Import d'ajuts psgg per lloc de residència	0106020400160004	Import d'ajuts psgg per lloc de residència. La Massana	2018	215387.42
1581	Import d'ajuts psgg per lloc de residència	0106020400160004	Import d'ajuts psgg per lloc de residència. La Massana	2019	258167.1
1581	Import d'ajuts psgg per lloc de residència	0106020400160004	Import d'ajuts psgg per lloc de residència. La Massana	2020	298922.17
1581	Import d'ajuts psgg per lloc de residència	0106020400160004	Import d'ajuts psgg per lloc de residència. La Massana	2021	334170.04
1581	Import d'ajuts psgg per lloc de residència	0106020400160004	Import d'ajuts psgg per lloc de residència. La Massana	2022	405539.83
1581	Import d'ajuts psgg per lloc de residència	0106020400160004	Import d'ajuts psgg per lloc de residència. La Massana	2023	429169.98
1581	Import d'ajuts psgg per lloc de residència	0106020400160004	Import d'ajuts psgg per lloc de residència. La Massana	2024	506632.95
1581	Import d'ajuts psgg per lloc de residència	0106020400160004	Import d'ajuts psgg per lloc de residència. La Massana	2025	604327.81
1581	Import d'ajuts psgg per lloc de residència	0106020400160005	Import d'ajuts psgg per lloc de residència. Andorra La Vella	2016	1370184.16
1581	Import d'ajuts psgg per lloc de residència	0106020400160005	Import d'ajuts psgg per lloc de residència. Andorra La Vella	2017	1557870.76
1581	Import d'ajuts psgg per lloc de residència	0106020400160005	Import d'ajuts psgg per lloc de residència. Andorra La Vella	2018	1671546.59
1581	Import d'ajuts psgg per lloc de residència	0106020400160005	Import d'ajuts psgg per lloc de residència. Andorra La Vella	2019	1869879.57
1581	Import d'ajuts psgg per lloc de residència	0106020400160005	Import d'ajuts psgg per lloc de residència. Andorra La Vella	2020	1986847.02
1581	Import d'ajuts psgg per lloc de residència	0106020400160005	Import d'ajuts psgg per lloc de residència. Andorra La Vella	2021	2219471.85
1581	Import d'ajuts psgg per lloc de residència	0106020400160005	Import d'ajuts psgg per lloc de residència. Andorra La Vella	2022	2701178.39
1581	Import d'ajuts psgg per lloc de residència	0106020400160005	Import d'ajuts psgg per lloc de residència. Andorra La Vella	2023	2892489.04
1581	Import d'ajuts psgg per lloc de residència	0106020400160005	Import d'ajuts psgg per lloc de residència. Andorra La Vella	2024	3259617.8
1581	Import d'ajuts psgg per lloc de residència	0106020400160005	Import d'ajuts psgg per lloc de residència. Andorra La Vella	2025	3714579.58
1581	Import d'ajuts psgg per lloc de residència	0106020400160006	Import d'ajuts psgg per lloc de residència. Sant Julià de Lòria	2016	352498.9
1581	Import d'ajuts psgg per lloc de residència	0106020400160006	Import d'ajuts psgg per lloc de residència. Sant Julià de Lòria	2017	391633.14
1581	Import d'ajuts psgg per lloc de residència	0106020400160006	Import d'ajuts psgg per lloc de residència. Sant Julià de Lòria	2018	452834.73
1581	Import d'ajuts psgg per lloc de residència	0106020400160006	Import d'ajuts psgg per lloc de residència. Sant Julià de Lòria	2019	544109.13
1581	Import d'ajuts psgg per lloc de residència	0106020400160006	Import d'ajuts psgg per lloc de residència. Sant Julià de Lòria	2020	665215.92
1581	Import d'ajuts psgg per lloc de residència	0106020400160006	Import d'ajuts psgg per lloc de residència. Sant Julià de Lòria	2021	707199.64
1581	Import d'ajuts psgg per lloc de residència	0106020400160006	Import d'ajuts psgg per lloc de residència. Sant Julià de Lòria	2022	810910.57
1581	Import d'ajuts psgg per lloc de residència	0106020400160006	Import d'ajuts psgg per lloc de residència. Sant Julià de Lòria	2023	888536.36
1581	Import d'ajuts psgg per lloc de residència	0106020400160006	Import d'ajuts psgg per lloc de residència. Sant Julià de Lòria	2024	1107997.89
1581	Import d'ajuts psgg per lloc de residència	0106020400160006	Import d'ajuts psgg per lloc de residència. Sant Julià de Lòria	2025	1278004.71
1581	Import d'ajuts psgg per lloc de residència	0106020400160007	Import d'ajuts psgg per lloc de residència. Escaldes-Engordany	2016	764480.89
1581	Import d'ajuts psgg per lloc de residència	0106020400160007	Import d'ajuts psgg per lloc de residència. Escaldes-Engordany	2017	875827.7
1581	Import d'ajuts psgg per lloc de residència	0106020400160007	Import d'ajuts psgg per lloc de residència. Escaldes-Engordany	2018	982780.87
1581	Import d'ajuts psgg per lloc de residència	0106020400160007	Import d'ajuts psgg per lloc de residència. Escaldes-Engordany	2019	1055153.9
1581	Import d'ajuts psgg per lloc de residència	0106020400160007	Import d'ajuts psgg per lloc de residència. Escaldes-Engordany	2020	1154168.6
1581	Import d'ajuts psgg per lloc de residència	0106020400160007	Import d'ajuts psgg per lloc de residència. Escaldes-Engordany	2021	1315466.21
1581	Import d'ajuts psgg per lloc de residència	0106020400160007	Import d'ajuts psgg per lloc de residència. Escaldes-Engordany	2022	1495942.32
1581	Import d'ajuts psgg per lloc de residència	0106020400160007	Import d'ajuts psgg per lloc de residència. Escaldes-Engordany	2023	1615682.59
1581	Import d'ajuts psgg per lloc de residència	0106020400160007	Import d'ajuts psgg per lloc de residència. Escaldes-Engordany	2024	1759084.04
1581	Import d'ajuts psgg per lloc de residència	0106020400160007	Import d'ajuts psgg per lloc de residència. Escaldes-Engordany	2025	1978650.7
1581	Import d'ajuts psgg per lloc de residència	0106020400160008	Import d'ajuts psgg per lloc de residència. Estranger	2016	27277.06
1581	Import d'ajuts psgg per lloc de residència	0106020400160008	Import d'ajuts psgg per lloc de residència. Estranger	2017	27149.64
1581	Import d'ajuts psgg per lloc de residència	0106020400160008	Import d'ajuts psgg per lloc de residència. Estranger	2018	13412.13
1581	Import d'ajuts psgg per lloc de residència	0106020400160008	Import d'ajuts psgg per lloc de residència. Estranger	2019	12940.79
1581	Import d'ajuts psgg per lloc de residència	0106020400160008	Import d'ajuts psgg per lloc de residència. Estranger	2020	15435.78
1581	Import d'ajuts psgg per lloc de residència	0106020400160008	Import d'ajuts psgg per lloc de residència. Estranger	2021	12869.64
1581	Import d'ajuts psgg per lloc de residència	0106020400160008	Import d'ajuts psgg per lloc de residència. Estranger	2022	4827.6
1581	Import d'ajuts psgg per lloc de residència	0106020400160008	Import d'ajuts psgg per lloc de residència. Estranger	2023	19068.88
1581	Import d'ajuts psgg per lloc de residència	0106020400160008	Import d'ajuts psgg per lloc de residència. Estranger	2024	37683.44
1581	Import d'ajuts psgg per lloc de residència	0106020400160008	Import d'ajuts psgg per lloc de residència. Estranger	2025	26418.7
1581	Import d'ajuts psgg per lloc de residència	0106020400160009	Import d'ajuts psgg per lloc de residència. Total	2016	3162806.31
1581	Import d'ajuts psgg per lloc de residència	0106020400160009	Import d'ajuts psgg per lloc de residència. Total	2017	3668110.74
1581	Import d'ajuts psgg per lloc de residència	0106020400160009	Import d'ajuts psgg per lloc de residència. Total	2018	4082668.08
1581	Import d'ajuts psgg per lloc de residència	0106020400160009	Import d'ajuts psgg per lloc de residència. Total	2019	4625686.56
1581	Import d'ajuts psgg per lloc de residència	0106020400160009	Import d'ajuts psgg per lloc de residència. Total	2020	5084872.64
1581	Import d'ajuts psgg per lloc de residència	0106020400160009	Import d'ajuts psgg per lloc de residència. Total	2021	5629921.79
1581	Import d'ajuts psgg per lloc de residència	0106020400160009	Import d'ajuts psgg per lloc de residència. Total	2022	6714350.78
1581	Import d'ajuts psgg per lloc de residència	0106020400160009	Import d'ajuts psgg per lloc de residència. Total	2023	7176657.82
1581	Import d'ajuts psgg per lloc de residència	0106020400160009	Import d'ajuts psgg per lloc de residència. Total	2024	8242729.73
1581	Import d'ajuts psgg per lloc de residència	0106020400160009	Import d'ajuts psgg per lloc de residència. Total	2025	9412763.37
1588	Nombre d'ajuts art-20	0106020400230001	Nombre d'ajuts art-20. Total	2013	165
1588	Nombre d'ajuts art-20	0106020400230001	Nombre d'ajuts art-20. Total	2014	194
1588	Nombre d'ajuts art-20	0106020400230001	Nombre d'ajuts art-20. Total	2015	160
1588	Nombre d'ajuts art-20	0106020400230001	Nombre d'ajuts art-20. Total	2016	145
1588	Nombre d'ajuts art-20	0106020400230001	Nombre d'ajuts art-20. Total	2017	163
1588	Nombre d'ajuts art-20	0106020400230001	Nombre d'ajuts art-20. Total	2018	202
1588	Nombre d'ajuts art-20	0106020400230001	Nombre d'ajuts art-20. Total	2019	237
1588	Nombre d'ajuts art-20	0106020400230001	Nombre d'ajuts art-20. Total	2020	262
1588	Nombre d'ajuts art-20	0106020400230001	Nombre d'ajuts art-20. Total	2021	286
1588	Nombre d'ajuts art-20	0106020400230001	Nombre d'ajuts art-20. Total	2022	301
1588	Nombre d'ajuts art-20	0106020400230001	Nombre d'ajuts art-20. Total	2023	324
1588	Nombre d'ajuts art-20	0106020400230001	Nombre d'ajuts art-20. Total	2024	360
1588	Nombre d'ajuts art-20	0106020400230001	Nombre d'ajuts art-20. Total	2025	399
1589	Nombre d'ajuts art-20 per sexe	0106020400240001	Nombre d'ajuts art-20 per sexe. Femení	2013	80
1589	Nombre d'ajuts art-20 per sexe	0106020400240001	Nombre d'ajuts art-20 per sexe. Femení	2014	93
1589	Nombre d'ajuts art-20 per sexe	0106020400240001	Nombre d'ajuts art-20 per sexe. Femení	2015	77
1589	Nombre d'ajuts art-20 per sexe	0106020400240001	Nombre d'ajuts art-20 per sexe. Femení	2016	71
1589	Nombre d'ajuts art-20 per sexe	0106020400240001	Nombre d'ajuts art-20 per sexe. Femení	2017	86
1589	Nombre d'ajuts art-20 per sexe	0106020400240001	Nombre d'ajuts art-20 per sexe. Femení	2018	114
1589	Nombre d'ajuts art-20 per sexe	0106020400240001	Nombre d'ajuts art-20 per sexe. Femení	2019	135
1589	Nombre d'ajuts art-20 per sexe	0106020400240001	Nombre d'ajuts art-20 per sexe. Femení	2020	145
1589	Nombre d'ajuts art-20 per sexe	0106020400240001	Nombre d'ajuts art-20 per sexe. Femení	2021	154
1589	Nombre d'ajuts art-20 per sexe	0106020400240001	Nombre d'ajuts art-20 per sexe. Femení	2022	162
1589	Nombre d'ajuts art-20 per sexe	0106020400240001	Nombre d'ajuts art-20 per sexe. Femení	2023	177
1589	Nombre d'ajuts art-20 per sexe	0106020400240001	Nombre d'ajuts art-20 per sexe. Femení	2024	200
1589	Nombre d'ajuts art-20 per sexe	0106020400240001	Nombre d'ajuts art-20 per sexe. Femení	2025	218
1589	Nombre d'ajuts art-20 per sexe	0106020400240002	Nombre d'ajuts art-20 per sexe. Masculí	2013	86
1589	Nombre d'ajuts art-20 per sexe	0106020400240002	Nombre d'ajuts art-20 per sexe. Masculí	2014	101
1589	Nombre d'ajuts art-20 per sexe	0106020400240002	Nombre d'ajuts art-20 per sexe. Masculí	2015	83
1589	Nombre d'ajuts art-20 per sexe	0106020400240002	Nombre d'ajuts art-20 per sexe. Masculí	2016	74
1589	Nombre d'ajuts art-20 per sexe	0106020400240002	Nombre d'ajuts art-20 per sexe. Masculí	2017	77
1589	Nombre d'ajuts art-20 per sexe	0106020400240002	Nombre d'ajuts art-20 per sexe. Masculí	2018	88
1589	Nombre d'ajuts art-20 per sexe	0106020400240002	Nombre d'ajuts art-20 per sexe. Masculí	2019	102
1589	Nombre d'ajuts art-20 per sexe	0106020400240002	Nombre d'ajuts art-20 per sexe. Masculí	2020	117
1589	Nombre d'ajuts art-20 per sexe	0106020400240002	Nombre d'ajuts art-20 per sexe. Masculí	2021	132
1589	Nombre d'ajuts art-20 per sexe	0106020400240002	Nombre d'ajuts art-20 per sexe. Masculí	2022	139
1589	Nombre d'ajuts art-20 per sexe	0106020400240002	Nombre d'ajuts art-20 per sexe. Masculí	2023	147
1589	Nombre d'ajuts art-20 per sexe	0106020400240002	Nombre d'ajuts art-20 per sexe. Masculí	2024	160
1589	Nombre d'ajuts art-20 per sexe	0106020400240002	Nombre d'ajuts art-20 per sexe. Masculí	2025	181
1589	Nombre d'ajuts art-20 per sexe	0106020400240003	Nombre d'ajuts art-20 per sexe. Total	2013	165
1589	Nombre d'ajuts art-20 per sexe	0106020400240003	Nombre d'ajuts art-20 per sexe. Total	2014	194
1589	Nombre d'ajuts art-20 per sexe	0106020400240003	Nombre d'ajuts art-20 per sexe. Total	2015	160
1589	Nombre d'ajuts art-20 per sexe	0106020400240003	Nombre d'ajuts art-20 per sexe. Total	2016	145
1589	Nombre d'ajuts art-20 per sexe	0106020400240003	Nombre d'ajuts art-20 per sexe. Total	2017	163
1589	Nombre d'ajuts art-20 per sexe	0106020400240003	Nombre d'ajuts art-20 per sexe. Total	2018	202
1589	Nombre d'ajuts art-20 per sexe	0106020400240003	Nombre d'ajuts art-20 per sexe. Total	2019	237
1589	Nombre d'ajuts art-20 per sexe	0106020400240003	Nombre d'ajuts art-20 per sexe. Total	2020	262
1589	Nombre d'ajuts art-20 per sexe	0106020400240003	Nombre d'ajuts art-20 per sexe. Total	2021	286
1589	Nombre d'ajuts art-20 per sexe	0106020400240003	Nombre d'ajuts art-20 per sexe. Total	2022	302
1589	Nombre d'ajuts art-20 per sexe	0106020400240003	Nombre d'ajuts art-20 per sexe. Total	2023	324
1589	Nombre d'ajuts art-20 per sexe	0106020400240003	Nombre d'ajuts art-20 per sexe. Total	2024	360
1589	Nombre d'ajuts art-20 per sexe	0106020400240003	Nombre d'ajuts art-20 per sexe. Total	2025	399
1590	Nombre d'ajuts art-20 per edat	0106020400250001	Nombre d'ajuts art-20 per edat. Entre 18 i 25 anys	2013	26
1590	Nombre d'ajuts art-20 per edat	0106020400250001	Nombre d'ajuts art-20 per edat. Entre 18 i 25 anys	2014	22
1590	Nombre d'ajuts art-20 per edat	0106020400250001	Nombre d'ajuts art-20 per edat. Entre 18 i 25 anys	2015	23
1590	Nombre d'ajuts art-20 per edat	0106020400250001	Nombre d'ajuts art-20 per edat. Entre 18 i 25 anys	2016	26
1590	Nombre d'ajuts art-20 per edat	0106020400250001	Nombre d'ajuts art-20 per edat. Entre 18 i 25 anys	2017	28
1590	Nombre d'ajuts art-20 per edat	0106020400250001	Nombre d'ajuts art-20 per edat. Entre 18 i 25 anys	2018	32
1590	Nombre d'ajuts art-20 per edat	0106020400250001	Nombre d'ajuts art-20 per edat. Entre 18 i 25 anys	2019	36
1590	Nombre d'ajuts art-20 per edat	0106020400250001	Nombre d'ajuts art-20 per edat. Entre 18 i 25 anys	2020	37
1590	Nombre d'ajuts art-20 per edat	0106020400250001	Nombre d'ajuts art-20 per edat. Entre 18 i 25 anys	2021	40
1590	Nombre d'ajuts art-20 per edat	0106020400250001	Nombre d'ajuts art-20 per edat. Entre 18 i 25 anys	2022	41
1590	Nombre d'ajuts art-20 per edat	0106020400250001	Nombre d'ajuts art-20 per edat. Entre 18 i 25 anys	2023	35
1590	Nombre d'ajuts art-20 per edat	0106020400250001	Nombre d'ajuts art-20 per edat. Entre 18 i 25 anys	2024	28
1590	Nombre d'ajuts art-20 per edat	0106020400250001	Nombre d'ajuts art-20 per edat. Entre 18 i 25 anys	2025	23
1590	Nombre d'ajuts art-20 per edat	0106020400250002	Nombre d'ajuts art-20 per edat. Entre 26 i 35 anys	2013	41
1590	Nombre d'ajuts art-20 per edat	0106020400250002	Nombre d'ajuts art-20 per edat. Entre 26 i 35 anys	2014	49
1590	Nombre d'ajuts art-20 per edat	0106020400250002	Nombre d'ajuts art-20 per edat. Entre 26 i 35 anys	2015	43
1590	Nombre d'ajuts art-20 per edat	0106020400250002	Nombre d'ajuts art-20 per edat. Entre 26 i 35 anys	2016	40
1590	Nombre d'ajuts art-20 per edat	0106020400250002	Nombre d'ajuts art-20 per edat. Entre 26 i 35 anys	2017	40
1590	Nombre d'ajuts art-20 per edat	0106020400250002	Nombre d'ajuts art-20 per edat. Entre 26 i 35 anys	2018	38
1590	Nombre d'ajuts art-20 per edat	0106020400250002	Nombre d'ajuts art-20 per edat. Entre 26 i 35 anys	2019	41
1590	Nombre d'ajuts art-20 per edat	0106020400250002	Nombre d'ajuts art-20 per edat. Entre 26 i 35 anys	2020	41
1590	Nombre d'ajuts art-20 per edat	0106020400250002	Nombre d'ajuts art-20 per edat. Entre 26 i 35 anys	2021	44
1590	Nombre d'ajuts art-20 per edat	0106020400250002	Nombre d'ajuts art-20 per edat. Entre 26 i 35 anys	2022	45
1590	Nombre d'ajuts art-20 per edat	0106020400250002	Nombre d'ajuts art-20 per edat. Entre 26 i 35 anys	2023	50
1590	Nombre d'ajuts art-20 per edat	0106020400250002	Nombre d'ajuts art-20 per edat. Entre 26 i 35 anys	2024	53
1590	Nombre d'ajuts art-20 per edat	0106020400250002	Nombre d'ajuts art-20 per edat. Entre 26 i 35 anys	2025	62
1590	Nombre d'ajuts art-20 per edat	0106020400250003	Nombre d'ajuts art-20 per edat. Entre 36 i 45 anys	2013	32
1590	Nombre d'ajuts art-20 per edat	0106020400250003	Nombre d'ajuts art-20 per edat. Entre 36 i 45 anys	2014	37
1590	Nombre d'ajuts art-20 per edat	0106020400250003	Nombre d'ajuts art-20 per edat. Entre 36 i 45 anys	2015	30
1590	Nombre d'ajuts art-20 per edat	0106020400250003	Nombre d'ajuts art-20 per edat. Entre 36 i 45 anys	2016	27
1590	Nombre d'ajuts art-20 per edat	0106020400250003	Nombre d'ajuts art-20 per edat. Entre 36 i 45 anys	2017	33
1590	Nombre d'ajuts art-20 per edat	0106020400250003	Nombre d'ajuts art-20 per edat. Entre 36 i 45 anys	2018	37
1590	Nombre d'ajuts art-20 per edat	0106020400250003	Nombre d'ajuts art-20 per edat. Entre 36 i 45 anys	2019	43
1590	Nombre d'ajuts art-20 per edat	0106020400250003	Nombre d'ajuts art-20 per edat. Entre 36 i 45 anys	2020	49
1590	Nombre d'ajuts art-20 per edat	0106020400250003	Nombre d'ajuts art-20 per edat. Entre 36 i 45 anys	2021	51
1590	Nombre d'ajuts art-20 per edat	0106020400250003	Nombre d'ajuts art-20 per edat. Entre 36 i 45 anys	2022	52
1590	Nombre d'ajuts art-20 per edat	0106020400250003	Nombre d'ajuts art-20 per edat. Entre 36 i 45 anys	2023	55
1590	Nombre d'ajuts art-20 per edat	0106020400250003	Nombre d'ajuts art-20 per edat. Entre 36 i 45 anys	2024	66
1590	Nombre d'ajuts art-20 per edat	0106020400250003	Nombre d'ajuts art-20 per edat. Entre 36 i 45 anys	2025	71
1590	Nombre d'ajuts art-20 per edat	0106020400250004	Nombre d'ajuts art-20 per edat. Entre 46 i 55 anys	2013	36
1590	Nombre d'ajuts art-20 per edat	0106020400250004	Nombre d'ajuts art-20 per edat. Entre 46 i 55 anys	2014	43
1590	Nombre d'ajuts art-20 per edat	0106020400250004	Nombre d'ajuts art-20 per edat. Entre 46 i 55 anys	2015	34
1590	Nombre d'ajuts art-20 per edat	0106020400250004	Nombre d'ajuts art-20 per edat. Entre 46 i 55 anys	2016	24
1590	Nombre d'ajuts art-20 per edat	0106020400250004	Nombre d'ajuts art-20 per edat. Entre 46 i 55 anys	2017	28
1590	Nombre d'ajuts art-20 per edat	0106020400250004	Nombre d'ajuts art-20 per edat. Entre 46 i 55 anys	2018	44
1590	Nombre d'ajuts art-20 per edat	0106020400250004	Nombre d'ajuts art-20 per edat. Entre 46 i 55 anys	2019	49
1590	Nombre d'ajuts art-20 per edat	0106020400250004	Nombre d'ajuts art-20 per edat. Entre 46 i 55 anys	2020	56
1590	Nombre d'ajuts art-20 per edat	0106020400250004	Nombre d'ajuts art-20 per edat. Entre 46 i 55 anys	2021	61
1590	Nombre d'ajuts art-20 per edat	0106020400250004	Nombre d'ajuts art-20 per edat. Entre 46 i 55 anys	2022	66
1590	Nombre d'ajuts art-20 per edat	0106020400250004	Nombre d'ajuts art-20 per edat. Entre 46 i 55 anys	2023	76
1590	Nombre d'ajuts art-20 per edat	0106020400250004	Nombre d'ajuts art-20 per edat. Entre 46 i 55 anys	2024	83
1590	Nombre d'ajuts art-20 per edat	0106020400250004	Nombre d'ajuts art-20 per edat. Entre 46 i 55 anys	2025	87
1590	Nombre d'ajuts art-20 per edat	0106020400250005	Nombre d'ajuts art-20 per edat. Entre 56 i 65 anys	2013	21
1590	Nombre d'ajuts art-20 per edat	0106020400250005	Nombre d'ajuts art-20 per edat. Entre 56 i 65 anys	2014	30
1590	Nombre d'ajuts art-20 per edat	0106020400250005	Nombre d'ajuts art-20 per edat. Entre 56 i 65 anys	2015	25
1590	Nombre d'ajuts art-20 per edat	0106020400250005	Nombre d'ajuts art-20 per edat. Entre 56 i 65 anys	2016	27
1590	Nombre d'ajuts art-20 per edat	0106020400250005	Nombre d'ajuts art-20 per edat. Entre 56 i 65 anys	2017	31
1590	Nombre d'ajuts art-20 per edat	0106020400250005	Nombre d'ajuts art-20 per edat. Entre 56 i 65 anys	2018	45
1590	Nombre d'ajuts art-20 per edat	0106020400250005	Nombre d'ajuts art-20 per edat. Entre 56 i 65 anys	2019	62
1590	Nombre d'ajuts art-20 per edat	0106020400250005	Nombre d'ajuts art-20 per edat. Entre 56 i 65 anys	2020	70
1590	Nombre d'ajuts art-20 per edat	0106020400250005	Nombre d'ajuts art-20 per edat. Entre 56 i 65 anys	2021	76
1590	Nombre d'ajuts art-20 per edat	0106020400250005	Nombre d'ajuts art-20 per edat. Entre 56 i 65 anys	2022	77
1590	Nombre d'ajuts art-20 per edat	0106020400250005	Nombre d'ajuts art-20 per edat. Entre 56 i 65 anys	2023	78
1590	Nombre d'ajuts art-20 per edat	0106020400250005	Nombre d'ajuts art-20 per edat. Entre 56 i 65 anys	2024	96
1590	Nombre d'ajuts art-20 per edat	0106020400250005	Nombre d'ajuts art-20 per edat. Entre 56 i 65 anys	2025	117
1590	Nombre d'ajuts art-20 per edat	0106020400250006	Nombre d'ajuts art-20 per edat. Entre 66 i 75 anys	2013	4
1590	Nombre d'ajuts art-20 per edat	0106020400250006	Nombre d'ajuts art-20 per edat. Entre 66 i 75 anys	2014	6
1590	Nombre d'ajuts art-20 per edat	0106020400250006	Nombre d'ajuts art-20 per edat. Entre 66 i 75 anys	2015	3
1590	Nombre d'ajuts art-20 per edat	0106020400250006	Nombre d'ajuts art-20 per edat. Entre 66 i 75 anys	2016	2
1590	Nombre d'ajuts art-20 per edat	0106020400250006	Nombre d'ajuts art-20 per edat. Entre 66 i 75 anys	2017	3
1590	Nombre d'ajuts art-20 per edat	0106020400250006	Nombre d'ajuts art-20 per edat. Entre 66 i 75 anys	2018	7
1590	Nombre d'ajuts art-20 per edat	0106020400250006	Nombre d'ajuts art-20 per edat. Entre 66 i 75 anys	2019	6
1590	Nombre d'ajuts art-20 per edat	0106020400250006	Nombre d'ajuts art-20 per edat. Entre 66 i 75 anys	2020	9
1590	Nombre d'ajuts art-20 per edat	0106020400250006	Nombre d'ajuts art-20 per edat. Entre 66 i 75 anys	2021	14
1590	Nombre d'ajuts art-20 per edat	0106020400250006	Nombre d'ajuts art-20 per edat. Entre 66 i 75 anys	2022	21
1590	Nombre d'ajuts art-20 per edat	0106020400250006	Nombre d'ajuts art-20 per edat. Entre 66 i 75 anys	2023	29
1590	Nombre d'ajuts art-20 per edat	0106020400250006	Nombre d'ajuts art-20 per edat. Entre 66 i 75 anys	2024	34
1590	Nombre d'ajuts art-20 per edat	0106020400250006	Nombre d'ajuts art-20 per edat. Entre 66 i 75 anys	2025	39
1590	Nombre d'ajuts art-20 per edat	0106020400250007	Nombre d'ajuts art-20 per edat. Entre 76 i 85 anys	2013	4
1590	Nombre d'ajuts art-20 per edat	0106020400250007	Nombre d'ajuts art-20 per edat. Entre 76 i 85 anys	2014	6
1590	Nombre d'ajuts art-20 per edat	0106020400250007	Nombre d'ajuts art-20 per edat. Entre 76 i 85 anys	2015	3
1590	Nombre d'ajuts art-20 per edat	0106020400250007	Nombre d'ajuts art-20 per edat. Entre 76 i 85 anys	2016	0
1590	Nombre d'ajuts art-20 per edat	0106020400250007	Nombre d'ajuts art-20 per edat. Entre 76 i 85 anys	2017	0
1590	Nombre d'ajuts art-20 per edat	0106020400250007	Nombre d'ajuts art-20 per edat. Entre 76 i 85 anys	2018	0
1590	Nombre d'ajuts art-20 per edat	0106020400250007	Nombre d'ajuts art-20 per edat. Entre 76 i 85 anys	2019	0
1590	Nombre d'ajuts art-20 per edat	0106020400250007	Nombre d'ajuts art-20 per edat. Entre 76 i 85 anys	2020	0
1590	Nombre d'ajuts art-20 per edat	0106020400250007	Nombre d'ajuts art-20 per edat. Entre 76 i 85 anys	2021	0
1590	Nombre d'ajuts art-20 per edat	0106020400250007	Nombre d'ajuts art-20 per edat. Entre 76 i 85 anys	2022	0
1590	Nombre d'ajuts art-20 per edat	0106020400250007	Nombre d'ajuts art-20 per edat. Entre 76 i 85 anys	2023	0
1590	Nombre d'ajuts art-20 per edat	0106020400250007	Nombre d'ajuts art-20 per edat. Entre 76 i 85 anys	2024	0
1590	Nombre d'ajuts art-20 per edat	0106020400250007	Nombre d'ajuts art-20 per edat. Entre 76 i 85 anys	2025	0
1590	Nombre d'ajuts art-20 per edat	0106020400250008	Nombre d'ajuts art-20 per edat. Entre 86 i 95 anys	2013	1
1590	Nombre d'ajuts art-20 per edat	0106020400250008	Nombre d'ajuts art-20 per edat. Entre 86 i 95 anys	2014	1
1590	Nombre d'ajuts art-20 per edat	0106020400250008	Nombre d'ajuts art-20 per edat. Entre 86 i 95 anys	2015	0
1590	Nombre d'ajuts art-20 per edat	0106020400250008	Nombre d'ajuts art-20 per edat. Entre 86 i 95 anys	2016	0
1590	Nombre d'ajuts art-20 per edat	0106020400250008	Nombre d'ajuts art-20 per edat. Entre 86 i 95 anys	2017	0
1590	Nombre d'ajuts art-20 per edat	0106020400250008	Nombre d'ajuts art-20 per edat. Entre 86 i 95 anys	2018	0
1590	Nombre d'ajuts art-20 per edat	0106020400250008	Nombre d'ajuts art-20 per edat. Entre 86 i 95 anys	2019	0
1590	Nombre d'ajuts art-20 per edat	0106020400250008	Nombre d'ajuts art-20 per edat. Entre 86 i 95 anys	2020	0
1590	Nombre d'ajuts art-20 per edat	0106020400250008	Nombre d'ajuts art-20 per edat. Entre 86 i 95 anys	2021	0
1590	Nombre d'ajuts art-20 per edat	0106020400250008	Nombre d'ajuts art-20 per edat. Entre 86 i 95 anys	2022	0
1590	Nombre d'ajuts art-20 per edat	0106020400250008	Nombre d'ajuts art-20 per edat. Entre 86 i 95 anys	2023	0
1590	Nombre d'ajuts art-20 per edat	0106020400250008	Nombre d'ajuts art-20 per edat. Entre 86 i 95 anys	2024	0
1590	Nombre d'ajuts art-20 per edat	0106020400250008	Nombre d'ajuts art-20 per edat. Entre 86 i 95 anys	2025	0
1590	Nombre d'ajuts art-20 per edat	0106020400250009	Nombre d'ajuts art-20 per edat. Entre 96 i 100 anys	2013	0
1590	Nombre d'ajuts art-20 per edat	0106020400250009	Nombre d'ajuts art-20 per edat. Entre 96 i 100 anys	2014	0
1590	Nombre d'ajuts art-20 per edat	0106020400250009	Nombre d'ajuts art-20 per edat. Entre 96 i 100 anys	2015	0
1590	Nombre d'ajuts art-20 per edat	0106020400250009	Nombre d'ajuts art-20 per edat. Entre 96 i 100 anys	2016	0
1590	Nombre d'ajuts art-20 per edat	0106020400250009	Nombre d'ajuts art-20 per edat. Entre 96 i 100 anys	2017	0
1590	Nombre d'ajuts art-20 per edat	0106020400250009	Nombre d'ajuts art-20 per edat. Entre 96 i 100 anys	2018	0
1590	Nombre d'ajuts art-20 per edat	0106020400250009	Nombre d'ajuts art-20 per edat. Entre 96 i 100 anys	2019	0
1590	Nombre d'ajuts art-20 per edat	0106020400250009	Nombre d'ajuts art-20 per edat. Entre 96 i 100 anys	2020	0
1590	Nombre d'ajuts art-20 per edat	0106020400250009	Nombre d'ajuts art-20 per edat. Entre 96 i 100 anys	2021	0
1590	Nombre d'ajuts art-20 per edat	0106020400250009	Nombre d'ajuts art-20 per edat. Entre 96 i 100 anys	2022	0
1590	Nombre d'ajuts art-20 per edat	0106020400250009	Nombre d'ajuts art-20 per edat. Entre 96 i 100 anys	2023	0
1590	Nombre d'ajuts art-20 per edat	0106020400250009	Nombre d'ajuts art-20 per edat. Entre 96 i 100 anys	2024	0
1590	Nombre d'ajuts art-20 per edat	0106020400250009	Nombre d'ajuts art-20 per edat. Entre 96 i 100 anys	2025	0
1590	Nombre d'ajuts art-20 per edat	0106020400250010	Nombre d'ajuts art-20 per edat. Total	2013	165
1590	Nombre d'ajuts art-20 per edat	0106020400250010	Nombre d'ajuts art-20 per edat. Total	2014	194
1590	Nombre d'ajuts art-20 per edat	0106020400250010	Nombre d'ajuts art-20 per edat. Total	2015	160
1590	Nombre d'ajuts art-20 per edat	0106020400250010	Nombre d'ajuts art-20 per edat. Total	2016	145
1590	Nombre d'ajuts art-20 per edat	0106020400250010	Nombre d'ajuts art-20 per edat. Total	2017	163
1590	Nombre d'ajuts art-20 per edat	0106020400250010	Nombre d'ajuts art-20 per edat. Total	2018	202
1590	Nombre d'ajuts art-20 per edat	0106020400250010	Nombre d'ajuts art-20 per edat. Total	2019	237
1590	Nombre d'ajuts art-20 per edat	0106020400250010	Nombre d'ajuts art-20 per edat. Total	2020	262
1590	Nombre d'ajuts art-20 per edat	0106020400250010	Nombre d'ajuts art-20 per edat. Total	2021	286
1590	Nombre d'ajuts art-20 per edat	0106020400250010	Nombre d'ajuts art-20 per edat. Total	2022	301
1590	Nombre d'ajuts art-20 per edat	0106020400250010	Nombre d'ajuts art-20 per edat. Total	2023	324
1590	Nombre d'ajuts art-20 per edat	0106020400250010	Nombre d'ajuts art-20 per edat. Total	2024	360
1590	Nombre d'ajuts art-20 per edat	0106020400250010	Nombre d'ajuts art-20 per edat. Total	2025	399
1591	Nombre d'ajuts art-20 per nacionalitat	0106020400260001	Nombre d'ajuts art-20 per nacionalitat. Andorrana	2013	113
1591	Nombre d'ajuts art-20 per nacionalitat	0106020400260001	Nombre d'ajuts art-20 per nacionalitat. Andorrana	2014	138
1591	Nombre d'ajuts art-20 per nacionalitat	0106020400260001	Nombre d'ajuts art-20 per nacionalitat. Andorrana	2015	108
1591	Nombre d'ajuts art-20 per nacionalitat	0106020400260001	Nombre d'ajuts art-20 per nacionalitat. Andorrana	2016	94
1591	Nombre d'ajuts art-20 per nacionalitat	0106020400260001	Nombre d'ajuts art-20 per nacionalitat. Andorrana	2017	102
1591	Nombre d'ajuts art-20 per nacionalitat	0106020400260001	Nombre d'ajuts art-20 per nacionalitat. Andorrana	2018	118
1591	Nombre d'ajuts art-20 per nacionalitat	0106020400260001	Nombre d'ajuts art-20 per nacionalitat. Andorrana	2019	139
1591	Nombre d'ajuts art-20 per nacionalitat	0106020400260001	Nombre d'ajuts art-20 per nacionalitat. Andorrana	2020	155
1591	Nombre d'ajuts art-20 per nacionalitat	0106020400260001	Nombre d'ajuts art-20 per nacionalitat. Andorrana	2021	165
1591	Nombre d'ajuts art-20 per nacionalitat	0106020400260001	Nombre d'ajuts art-20 per nacionalitat. Andorrana	2022	176
1591	Nombre d'ajuts art-20 per nacionalitat	0106020400260001	Nombre d'ajuts art-20 per nacionalitat. Andorrana	2023	184
1591	Nombre d'ajuts art-20 per nacionalitat	0106020400260001	Nombre d'ajuts art-20 per nacionalitat. Andorrana	2024	204
1591	Nombre d'ajuts art-20 per nacionalitat	0106020400260001	Nombre d'ajuts art-20 per nacionalitat. Andorrana	2025	227
1591	Nombre d'ajuts art-20 per nacionalitat	0106020400260002	Nombre d'ajuts art-20 per nacionalitat. Espanyola	2013	38
1591	Nombre d'ajuts art-20 per nacionalitat	0106020400260002	Nombre d'ajuts art-20 per nacionalitat. Espanyola	2014	40
1591	Nombre d'ajuts art-20 per nacionalitat	0106020400260002	Nombre d'ajuts art-20 per nacionalitat. Espanyola	2015	36
1591	Nombre d'ajuts art-20 per nacionalitat	0106020400260002	Nombre d'ajuts art-20 per nacionalitat. Espanyola	2016	33
1591	Nombre d'ajuts art-20 per nacionalitat	0106020400260002	Nombre d'ajuts art-20 per nacionalitat. Espanyola	2017	35
1591	Nombre d'ajuts art-20 per nacionalitat	0106020400260002	Nombre d'ajuts art-20 per nacionalitat. Espanyola	2018	48
1591	Nombre d'ajuts art-20 per nacionalitat	0106020400260002	Nombre d'ajuts art-20 per nacionalitat. Espanyola	2019	59
1591	Nombre d'ajuts art-20 per nacionalitat	0106020400260002	Nombre d'ajuts art-20 per nacionalitat. Espanyola	2020	68
1591	Nombre d'ajuts art-20 per nacionalitat	0106020400260002	Nombre d'ajuts art-20 per nacionalitat. Espanyola	2021	77
1591	Nombre d'ajuts art-20 per nacionalitat	0106020400260002	Nombre d'ajuts art-20 per nacionalitat. Espanyola	2022	79
1591	Nombre d'ajuts art-20 per nacionalitat	0106020400260002	Nombre d'ajuts art-20 per nacionalitat. Espanyola	2023	86
1591	Nombre d'ajuts art-20 per nacionalitat	0106020400260002	Nombre d'ajuts art-20 per nacionalitat. Espanyola	2024	92
1591	Nombre d'ajuts art-20 per nacionalitat	0106020400260002	Nombre d'ajuts art-20 per nacionalitat. Espanyola	2025	95
1591	Nombre d'ajuts art-20 per nacionalitat	0106020400260003	Nombre d'ajuts art-20 per nacionalitat. Portuguesa	2013	8
1591	Nombre d'ajuts art-20 per nacionalitat	0106020400260003	Nombre d'ajuts art-20 per nacionalitat. Portuguesa	2014	9
1591	Nombre d'ajuts art-20 per nacionalitat	0106020400260003	Nombre d'ajuts art-20 per nacionalitat. Portuguesa	2015	11
1591	Nombre d'ajuts art-20 per nacionalitat	0106020400260003	Nombre d'ajuts art-20 per nacionalitat. Portuguesa	2016	13
1591	Nombre d'ajuts art-20 per nacionalitat	0106020400260003	Nombre d'ajuts art-20 per nacionalitat. Portuguesa	2017	15
1591	Nombre d'ajuts art-20 per nacionalitat	0106020400260003	Nombre d'ajuts art-20 per nacionalitat. Portuguesa	2018	24
1591	Nombre d'ajuts art-20 per nacionalitat	0106020400260003	Nombre d'ajuts art-20 per nacionalitat. Portuguesa	2019	26
1591	Nombre d'ajuts art-20 per nacionalitat	0106020400260003	Nombre d'ajuts art-20 per nacionalitat. Portuguesa	2020	26
1591	Nombre d'ajuts art-20 per nacionalitat	0106020400260003	Nombre d'ajuts art-20 per nacionalitat. Portuguesa	2021	31
1591	Nombre d'ajuts art-20 per nacionalitat	0106020400260003	Nombre d'ajuts art-20 per nacionalitat. Portuguesa	2022	33
1591	Nombre d'ajuts art-20 per nacionalitat	0106020400260003	Nombre d'ajuts art-20 per nacionalitat. Portuguesa	2023	38
1591	Nombre d'ajuts art-20 per nacionalitat	0106020400260003	Nombre d'ajuts art-20 per nacionalitat. Portuguesa	2024	47
1591	Nombre d'ajuts art-20 per nacionalitat	0106020400260003	Nombre d'ajuts art-20 per nacionalitat. Portuguesa	2025	56
1591	Nombre d'ajuts art-20 per nacionalitat	0106020400260004	Nombre d'ajuts art-20 per nacionalitat. Francesa	2013	3
1591	Nombre d'ajuts art-20 per nacionalitat	0106020400260004	Nombre d'ajuts art-20 per nacionalitat. Francesa	2014	2
1591	Nombre d'ajuts art-20 per nacionalitat	0106020400260004	Nombre d'ajuts art-20 per nacionalitat. Francesa	2015	1
1591	Nombre d'ajuts art-20 per nacionalitat	0106020400260004	Nombre d'ajuts art-20 per nacionalitat. Francesa	2016	1
1591	Nombre d'ajuts art-20 per nacionalitat	0106020400260004	Nombre d'ajuts art-20 per nacionalitat. Francesa	2017	4
1591	Nombre d'ajuts art-20 per nacionalitat	0106020400260004	Nombre d'ajuts art-20 per nacionalitat. Francesa	2018	4
1591	Nombre d'ajuts art-20 per nacionalitat	0106020400260004	Nombre d'ajuts art-20 per nacionalitat. Francesa	2019	5
1591	Nombre d'ajuts art-20 per nacionalitat	0106020400260004	Nombre d'ajuts art-20 per nacionalitat. Francesa	2020	5
1591	Nombre d'ajuts art-20 per nacionalitat	0106020400260004	Nombre d'ajuts art-20 per nacionalitat. Francesa	2021	4
1591	Nombre d'ajuts art-20 per nacionalitat	0106020400260004	Nombre d'ajuts art-20 per nacionalitat. Francesa	2022	4
1591	Nombre d'ajuts art-20 per nacionalitat	0106020400260004	Nombre d'ajuts art-20 per nacionalitat. Francesa	2023	4
1591	Nombre d'ajuts art-20 per nacionalitat	0106020400260004	Nombre d'ajuts art-20 per nacionalitat. Francesa	2024	5
1591	Nombre d'ajuts art-20 per nacionalitat	0106020400260004	Nombre d'ajuts art-20 per nacionalitat. Francesa	2025	7
1591	Nombre d'ajuts art-20 per nacionalitat	0106020400260005	Nombre d'ajuts art-20 per nacionalitat. Altres	2013	4
1591	Nombre d'ajuts art-20 per nacionalitat	0106020400260005	Nombre d'ajuts art-20 per nacionalitat. Altres	2014	5
1591	Nombre d'ajuts art-20 per nacionalitat	0106020400260005	Nombre d'ajuts art-20 per nacionalitat. Altres	2015	4
1591	Nombre d'ajuts art-20 per nacionalitat	0106020400260005	Nombre d'ajuts art-20 per nacionalitat. Altres	2016	5
1591	Nombre d'ajuts art-20 per nacionalitat	0106020400260005	Nombre d'ajuts art-20 per nacionalitat. Altres	2017	7
1591	Nombre d'ajuts art-20 per nacionalitat	0106020400260005	Nombre d'ajuts art-20 per nacionalitat. Altres	2018	8
1591	Nombre d'ajuts art-20 per nacionalitat	0106020400260005	Nombre d'ajuts art-20 per nacionalitat. Altres	2019	9
1591	Nombre d'ajuts art-20 per nacionalitat	0106020400260005	Nombre d'ajuts art-20 per nacionalitat. Altres	2020	8
1591	Nombre d'ajuts art-20 per nacionalitat	0106020400260005	Nombre d'ajuts art-20 per nacionalitat. Altres	2021	9
1591	Nombre d'ajuts art-20 per nacionalitat	0106020400260005	Nombre d'ajuts art-20 per nacionalitat. Altres	2022	9
1591	Nombre d'ajuts art-20 per nacionalitat	0106020400260005	Nombre d'ajuts art-20 per nacionalitat. Altres	2023	11
1591	Nombre d'ajuts art-20 per nacionalitat	0106020400260005	Nombre d'ajuts art-20 per nacionalitat. Altres	2024	12
1591	Nombre d'ajuts art-20 per nacionalitat	0106020400260005	Nombre d'ajuts art-20 per nacionalitat. Altres	2025	14
1591	Nombre d'ajuts art-20 per nacionalitat	0106020400260006	Nombre d'ajuts art-20 per nacionalitat. Total	2013	165
1591	Nombre d'ajuts art-20 per nacionalitat	0106020400260006	Nombre d'ajuts art-20 per nacionalitat. Total	2014	194
1591	Nombre d'ajuts art-20 per nacionalitat	0106020400260006	Nombre d'ajuts art-20 per nacionalitat. Total	2015	160
1591	Nombre d'ajuts art-20 per nacionalitat	0106020400260006	Nombre d'ajuts art-20 per nacionalitat. Total	2016	145
1591	Nombre d'ajuts art-20 per nacionalitat	0106020400260006	Nombre d'ajuts art-20 per nacionalitat. Total	2017	163
1591	Nombre d'ajuts art-20 per nacionalitat	0106020400260006	Nombre d'ajuts art-20 per nacionalitat. Total	2018	202
1591	Nombre d'ajuts art-20 per nacionalitat	0106020400260006	Nombre d'ajuts art-20 per nacionalitat. Total	2019	237
1591	Nombre d'ajuts art-20 per nacionalitat	0106020400260006	Nombre d'ajuts art-20 per nacionalitat. Total	2020	262
1591	Nombre d'ajuts art-20 per nacionalitat	0106020400260006	Nombre d'ajuts art-20 per nacionalitat. Total	2021	286
1591	Nombre d'ajuts art-20 per nacionalitat	0106020400260006	Nombre d'ajuts art-20 per nacionalitat. Total	2022	301
1591	Nombre d'ajuts art-20 per nacionalitat	0106020400260006	Nombre d'ajuts art-20 per nacionalitat. Total	2023	324
1591	Nombre d'ajuts art-20 per nacionalitat	0106020400260006	Nombre d'ajuts art-20 per nacionalitat. Total	2024	360
1591	Nombre d'ajuts art-20 per nacionalitat	0106020400260006	Nombre d'ajuts art-20 per nacionalitat. Total	2025	399
1592	Nombre d'ajuts art-20 per lloc de residència	0106020400270001	Nombre d'ajuts art-20 per lloc de residència. Canillo	2013	2
1592	Nombre d'ajuts art-20 per lloc de residència	0106020400270001	Nombre d'ajuts art-20 per lloc de residència. Canillo	2014	2
1592	Nombre d'ajuts art-20 per lloc de residència	0106020400270001	Nombre d'ajuts art-20 per lloc de residència. Canillo	2015	1
1592	Nombre d'ajuts art-20 per lloc de residència	0106020400270001	Nombre d'ajuts art-20 per lloc de residència. Canillo	2016	2
1592	Nombre d'ajuts art-20 per lloc de residència	0106020400270001	Nombre d'ajuts art-20 per lloc de residència. Canillo	2017	3
1592	Nombre d'ajuts art-20 per lloc de residència	0106020400270001	Nombre d'ajuts art-20 per lloc de residència. Canillo	2018	4
1592	Nombre d'ajuts art-20 per lloc de residència	0106020400270001	Nombre d'ajuts art-20 per lloc de residència. Canillo	2019	4
1592	Nombre d'ajuts art-20 per lloc de residència	0106020400270001	Nombre d'ajuts art-20 per lloc de residència. Canillo	2020	3
1592	Nombre d'ajuts art-20 per lloc de residència	0106020400270001	Nombre d'ajuts art-20 per lloc de residència. Canillo	2021	4
1592	Nombre d'ajuts art-20 per lloc de residència	0106020400270001	Nombre d'ajuts art-20 per lloc de residència. Canillo	2022	5
1592	Nombre d'ajuts art-20 per lloc de residència	0106020400270001	Nombre d'ajuts art-20 per lloc de residència. Canillo	2023	7
1592	Nombre d'ajuts art-20 per lloc de residència	0106020400270001	Nombre d'ajuts art-20 per lloc de residència. Canillo	2024	9
1592	Nombre d'ajuts art-20 per lloc de residència	0106020400270001	Nombre d'ajuts art-20 per lloc de residència. Canillo	2025	12
1592	Nombre d'ajuts art-20 per lloc de residència	0106020400270002	Nombre d'ajuts art-20 per lloc de residència. Encamp	2013	20
1592	Nombre d'ajuts art-20 per lloc de residència	0106020400270002	Nombre d'ajuts art-20 per lloc de residència. Encamp	2014	21
1592	Nombre d'ajuts art-20 per lloc de residència	0106020400270002	Nombre d'ajuts art-20 per lloc de residència. Encamp	2015	18
1592	Nombre d'ajuts art-20 per lloc de residència	0106020400270002	Nombre d'ajuts art-20 per lloc de residència. Encamp	2016	17
1592	Nombre d'ajuts art-20 per lloc de residència	0106020400270002	Nombre d'ajuts art-20 per lloc de residència. Encamp	2017	19
1592	Nombre d'ajuts art-20 per lloc de residència	0106020400270002	Nombre d'ajuts art-20 per lloc de residència. Encamp	2018	22
1592	Nombre d'ajuts art-20 per lloc de residència	0106020400270002	Nombre d'ajuts art-20 per lloc de residència. Encamp	2019	27
1592	Nombre d'ajuts art-20 per lloc de residència	0106020400270002	Nombre d'ajuts art-20 per lloc de residència. Encamp	2020	32
1592	Nombre d'ajuts art-20 per lloc de residència	0106020400270002	Nombre d'ajuts art-20 per lloc de residència. Encamp	2021	35
1592	Nombre d'ajuts art-20 per lloc de residència	0106020400270002	Nombre d'ajuts art-20 per lloc de residència. Encamp	2022	37
1592	Nombre d'ajuts art-20 per lloc de residència	0106020400270002	Nombre d'ajuts art-20 per lloc de residència. Encamp	2023	37
1592	Nombre d'ajuts art-20 per lloc de residència	0106020400270002	Nombre d'ajuts art-20 per lloc de residència. Encamp	2024	44
1592	Nombre d'ajuts art-20 per lloc de residència	0106020400270002	Nombre d'ajuts art-20 per lloc de residència. Encamp	2025	55
1592	Nombre d'ajuts art-20 per lloc de residència	0106020400270003	Nombre d'ajuts art-20 per lloc de residència. Ordino	2013	3
1592	Nombre d'ajuts art-20 per lloc de residència	0106020400270003	Nombre d'ajuts art-20 per lloc de residència. Ordino	2014	4
1592	Nombre d'ajuts art-20 per lloc de residència	0106020400270003	Nombre d'ajuts art-20 per lloc de residència. Ordino	2015	2
1592	Nombre d'ajuts art-20 per lloc de residència	0106020400270003	Nombre d'ajuts art-20 per lloc de residència. Ordino	2016	3
1592	Nombre d'ajuts art-20 per lloc de residència	0106020400270003	Nombre d'ajuts art-20 per lloc de residència. Ordino	2017	3
1592	Nombre d'ajuts art-20 per lloc de residència	0106020400270003	Nombre d'ajuts art-20 per lloc de residència. Ordino	2018	4
1592	Nombre d'ajuts art-20 per lloc de residència	0106020400270003	Nombre d'ajuts art-20 per lloc de residència. Ordino	2019	5
1592	Nombre d'ajuts art-20 per lloc de residència	0106020400270003	Nombre d'ajuts art-20 per lloc de residència. Ordino	2020	5
1592	Nombre d'ajuts art-20 per lloc de residència	0106020400270003	Nombre d'ajuts art-20 per lloc de residència. Ordino	2021	5
1592	Nombre d'ajuts art-20 per lloc de residència	0106020400270003	Nombre d'ajuts art-20 per lloc de residència. Ordino	2022	4
1592	Nombre d'ajuts art-20 per lloc de residència	0106020400270003	Nombre d'ajuts art-20 per lloc de residència. Ordino	2023	6
1592	Nombre d'ajuts art-20 per lloc de residència	0106020400270003	Nombre d'ajuts art-20 per lloc de residència. Ordino	2024	7
1592	Nombre d'ajuts art-20 per lloc de residència	0106020400270003	Nombre d'ajuts art-20 per lloc de residència. Ordino	2025	7
1592	Nombre d'ajuts art-20 per lloc de residència	0106020400270004	Nombre d'ajuts art-20 per lloc de residència. La Massana	2013	11
1592	Nombre d'ajuts art-20 per lloc de residència	0106020400270004	Nombre d'ajuts art-20 per lloc de residència. La Massana	2014	13
1592	Nombre d'ajuts art-20 per lloc de residència	0106020400270004	Nombre d'ajuts art-20 per lloc de residència. La Massana	2015	10
1592	Nombre d'ajuts art-20 per lloc de residència	0106020400270004	Nombre d'ajuts art-20 per lloc de residència. La Massana	2016	11
1592	Nombre d'ajuts art-20 per lloc de residència	0106020400270004	Nombre d'ajuts art-20 per lloc de residència. La Massana	2017	10
1592	Nombre d'ajuts art-20 per lloc de residència	0106020400270004	Nombre d'ajuts art-20 per lloc de residència. La Massana	2018	11
1592	Nombre d'ajuts art-20 per lloc de residència	0106020400270004	Nombre d'ajuts art-20 per lloc de residència. La Massana	2019	14
1592	Nombre d'ajuts art-20 per lloc de residència	0106020400270004	Nombre d'ajuts art-20 per lloc de residència. La Massana	2020	15
1592	Nombre d'ajuts art-20 per lloc de residència	0106020400270004	Nombre d'ajuts art-20 per lloc de residència. La Massana	2021	16
1592	Nombre d'ajuts art-20 per lloc de residència	0106020400270004	Nombre d'ajuts art-20 per lloc de residència. La Massana	2022	17
1592	Nombre d'ajuts art-20 per lloc de residència	0106020400270004	Nombre d'ajuts art-20 per lloc de residència. La Massana	2023	18
1592	Nombre d'ajuts art-20 per lloc de residència	0106020400270004	Nombre d'ajuts art-20 per lloc de residència. La Massana	2024	19
1592	Nombre d'ajuts art-20 per lloc de residència	0106020400270004	Nombre d'ajuts art-20 per lloc de residència. La Massana	2025	20
1592	Nombre d'ajuts art-20 per lloc de residència	0106020400270005	Nombre d'ajuts art-20 per lloc de residència. Andorra La Vella	2013	77
1592	Nombre d'ajuts art-20 per lloc de residència	0106020400270005	Nombre d'ajuts art-20 per lloc de residència. Andorra La Vella	2014	93
1592	Nombre d'ajuts art-20 per lloc de residència	0106020400270005	Nombre d'ajuts art-20 per lloc de residència. Andorra La Vella	2015	77
1592	Nombre d'ajuts art-20 per lloc de residència	0106020400270005	Nombre d'ajuts art-20 per lloc de residència. Andorra La Vella	2016	69
1592	Nombre d'ajuts art-20 per lloc de residència	0106020400270005	Nombre d'ajuts art-20 per lloc de residència. Andorra La Vella	2017	76
1592	Nombre d'ajuts art-20 per lloc de residència	0106020400270005	Nombre d'ajuts art-20 per lloc de residència. Andorra La Vella	2018	95
1592	Nombre d'ajuts art-20 per lloc de residència	0106020400270005	Nombre d'ajuts art-20 per lloc de residència. Andorra La Vella	2019	105
1592	Nombre d'ajuts art-20 per lloc de residència	0106020400270005	Nombre d'ajuts art-20 per lloc de residència. Andorra La Vella	2020	114
1592	Nombre d'ajuts art-20 per lloc de residència	0106020400270005	Nombre d'ajuts art-20 per lloc de residència. Andorra La Vella	2021	118
1592	Nombre d'ajuts art-20 per lloc de residència	0106020400270005	Nombre d'ajuts art-20 per lloc de residència. Andorra La Vella	2022	119
1592	Nombre d'ajuts art-20 per lloc de residència	0106020400270005	Nombre d'ajuts art-20 per lloc de residència. Andorra La Vella	2023	128
1592	Nombre d'ajuts art-20 per lloc de residència	0106020400270005	Nombre d'ajuts art-20 per lloc de residència. Andorra La Vella	2024	146
1592	Nombre d'ajuts art-20 per lloc de residència	0106020400270005	Nombre d'ajuts art-20 per lloc de residència. Andorra La Vella	2025	158
1592	Nombre d'ajuts art-20 per lloc de residència	0106020400270006	Nombre d'ajuts art-20 per lloc de residència. Sant Julià de Lòria	2013	21
1592	Nombre d'ajuts art-20 per lloc de residència	0106020400270006	Nombre d'ajuts art-20 per lloc de residència. Sant Julià de Lòria	2014	23
1592	Nombre d'ajuts art-20 per lloc de residència	0106020400270006	Nombre d'ajuts art-20 per lloc de residència. Sant Julià de Lòria	2015	23
1592	Nombre d'ajuts art-20 per lloc de residència	0106020400270006	Nombre d'ajuts art-20 per lloc de residència. Sant Julià de Lòria	2016	21
1592	Nombre d'ajuts art-20 per lloc de residència	0106020400270006	Nombre d'ajuts art-20 per lloc de residència. Sant Julià de Lòria	2017	26
1592	Nombre d'ajuts art-20 per lloc de residència	0106020400270006	Nombre d'ajuts art-20 per lloc de residència. Sant Julià de Lòria	2018	35
1592	Nombre d'ajuts art-20 per lloc de residència	0106020400270006	Nombre d'ajuts art-20 per lloc de residència. Sant Julià de Lòria	2019	42
1592	Nombre d'ajuts art-20 per lloc de residència	0106020400270006	Nombre d'ajuts art-20 per lloc de residència. Sant Julià de Lòria	2020	47
1592	Nombre d'ajuts art-20 per lloc de residència	0106020400270006	Nombre d'ajuts art-20 per lloc de residència. Sant Julià de Lòria	2021	50
1592	Nombre d'ajuts art-20 per lloc de residència	0106020400270006	Nombre d'ajuts art-20 per lloc de residència. Sant Julià de Lòria	2022	55
1592	Nombre d'ajuts art-20 per lloc de residència	0106020400270006	Nombre d'ajuts art-20 per lloc de residència. Sant Julià de Lòria	2023	55
1592	Nombre d'ajuts art-20 per lloc de residència	0106020400270006	Nombre d'ajuts art-20 per lloc de residència. Sant Julià de Lòria	2024	56
1592	Nombre d'ajuts art-20 per lloc de residència	0106020400270006	Nombre d'ajuts art-20 per lloc de residència. Sant Julià de Lòria	2025	60
1592	Nombre d'ajuts art-20 per lloc de residència	0106020400270007	Nombre d'ajuts art-20 per lloc de residència. Escaldes-Engordany	2013	31
1592	Nombre d'ajuts art-20 per lloc de residència	0106020400270007	Nombre d'ajuts art-20 per lloc de residència. Escaldes-Engordany	2014	38
1592	Nombre d'ajuts art-20 per lloc de residència	0106020400270007	Nombre d'ajuts art-20 per lloc de residència. Escaldes-Engordany	2015	29
1592	Nombre d'ajuts art-20 per lloc de residència	0106020400270007	Nombre d'ajuts art-20 per lloc de residència. Escaldes-Engordany	2016	23
1592	Nombre d'ajuts art-20 per lloc de residència	0106020400270007	Nombre d'ajuts art-20 per lloc de residència. Escaldes-Engordany	2017	26
1592	Nombre d'ajuts art-20 per lloc de residència	0106020400270007	Nombre d'ajuts art-20 per lloc de residència. Escaldes-Engordany	2018	32
1592	Nombre d'ajuts art-20 per lloc de residència	0106020400270007	Nombre d'ajuts art-20 per lloc de residència. Escaldes-Engordany	2019	40
1592	Nombre d'ajuts art-20 per lloc de residència	0106020400270007	Nombre d'ajuts art-20 per lloc de residència. Escaldes-Engordany	2020	48
1592	Nombre d'ajuts art-20 per lloc de residència	0106020400270007	Nombre d'ajuts art-20 per lloc de residència. Escaldes-Engordany	2021	58
1592	Nombre d'ajuts art-20 per lloc de residència	0106020400270007	Nombre d'ajuts art-20 per lloc de residència. Escaldes-Engordany	2022	64
1592	Nombre d'ajuts art-20 per lloc de residència	0106020400270007	Nombre d'ajuts art-20 per lloc de residència. Escaldes-Engordany	2023	72
1592	Nombre d'ajuts art-20 per lloc de residència	0106020400270007	Nombre d'ajuts art-20 per lloc de residència. Escaldes-Engordany	2024	79
1592	Nombre d'ajuts art-20 per lloc de residència	0106020400270007	Nombre d'ajuts art-20 per lloc de residència. Escaldes-Engordany	2025	87
1592	Nombre d'ajuts art-20 per lloc de residència	0106020400270008	Nombre d'ajuts art-20 per lloc de residència. Estranger	2013	0
1592	Nombre d'ajuts art-20 per lloc de residència	0106020400270008	Nombre d'ajuts art-20 per lloc de residència. Estranger	2014	0
1592	Nombre d'ajuts art-20 per lloc de residència	0106020400270008	Nombre d'ajuts art-20 per lloc de residència. Estranger	2015	0
1592	Nombre d'ajuts art-20 per lloc de residència	0106020400270008	Nombre d'ajuts art-20 per lloc de residència. Estranger	2016	0
1592	Nombre d'ajuts art-20 per lloc de residència	0106020400270008	Nombre d'ajuts art-20 per lloc de residència. Estranger	2017	0
1592	Nombre d'ajuts art-20 per lloc de residència	0106020400270008	Nombre d'ajuts art-20 per lloc de residència. Estranger	2018	0
1592	Nombre d'ajuts art-20 per lloc de residència	0106020400270008	Nombre d'ajuts art-20 per lloc de residència. Estranger	2019	0
1592	Nombre d'ajuts art-20 per lloc de residència	0106020400270008	Nombre d'ajuts art-20 per lloc de residència. Estranger	2020	0
1592	Nombre d'ajuts art-20 per lloc de residència	0106020400270008	Nombre d'ajuts art-20 per lloc de residència. Estranger	2021	0
1592	Nombre d'ajuts art-20 per lloc de residència	0106020400270008	Nombre d'ajuts art-20 per lloc de residència. Estranger	2022	0
1592	Nombre d'ajuts art-20 per lloc de residència	0106020400270008	Nombre d'ajuts art-20 per lloc de residència. Estranger	2023	0
1592	Nombre d'ajuts art-20 per lloc de residència	0106020400270008	Nombre d'ajuts art-20 per lloc de residència. Estranger	2024	0
1592	Nombre d'ajuts art-20 per lloc de residència	0106020400270008	Nombre d'ajuts art-20 per lloc de residència. Estranger	2025	0
1592	Nombre d'ajuts art-20 per lloc de residència	0106020400270009	Nombre d'ajuts art-20 per lloc de residència. Total	2013	165
1592	Nombre d'ajuts art-20 per lloc de residència	0106020400270009	Nombre d'ajuts art-20 per lloc de residència. Total	2014	194
1592	Nombre d'ajuts art-20 per lloc de residència	0106020400270009	Nombre d'ajuts art-20 per lloc de residència. Total	2015	160
1592	Nombre d'ajuts art-20 per lloc de residència	0106020400270009	Nombre d'ajuts art-20 per lloc de residència. Total	2016	145
1592	Nombre d'ajuts art-20 per lloc de residència	0106020400270009	Nombre d'ajuts art-20 per lloc de residència. Total	2017	163
1592	Nombre d'ajuts art-20 per lloc de residència	0106020400270009	Nombre d'ajuts art-20 per lloc de residència. Total	2018	202
1592	Nombre d'ajuts art-20 per lloc de residència	0106020400270009	Nombre d'ajuts art-20 per lloc de residència. Total	2019	237
1592	Nombre d'ajuts art-20 per lloc de residència	0106020400270009	Nombre d'ajuts art-20 per lloc de residència. Total	2020	262
1592	Nombre d'ajuts art-20 per lloc de residència	0106020400270009	Nombre d'ajuts art-20 per lloc de residència. Total	2021	286
1592	Nombre d'ajuts art-20 per lloc de residència	0106020400270009	Nombre d'ajuts art-20 per lloc de residència. Total	2022	301
1592	Nombre d'ajuts art-20 per lloc de residència	0106020400270009	Nombre d'ajuts art-20 per lloc de residència. Total	2023	324
1592	Nombre d'ajuts art-20 per lloc de residència	0106020400270009	Nombre d'ajuts art-20 per lloc de residència. Total	2024	360
1592	Nombre d'ajuts art-20 per lloc de residència	0106020400270009	Nombre d'ajuts art-20 per lloc de residència. Total	2025	399
1599	Import d'ajuts art-20	0106020400340001	Import d'ajuts art-20. Total	2013	1249571.5
1599	Import d'ajuts art-20	0106020400340001	Import d'ajuts art-20. Total	2014	1486194.04
1599	Import d'ajuts art-20	0106020400340001	Import d'ajuts art-20. Total	2015	1438071.96
1599	Import d'ajuts art-20	0106020400340001	Import d'ajuts art-20. Total	2016	1407225.45
1599	Import d'ajuts art-20	0106020400340001	Import d'ajuts art-20. Total	2017	1593129.27
1599	Import d'ajuts art-20	0106020400340001	Import d'ajuts art-20. Total	2018	1983503.27
1599	Import d'ajuts art-20	0106020400340001	Import d'ajuts art-20. Total	2019	2428353.87
1599	Import d'ajuts art-20	0106020400340001	Import d'ajuts art-20. Total	2020	2819756.47
1599	Import d'ajuts art-20	0106020400340001	Import d'ajuts art-20. Total	2021	3175003.03
1599	Import d'ajuts art-20	0106020400340001	Import d'ajuts art-20. Total	2022	3494944.87
1599	Import d'ajuts art-20	0106020400340001	Import d'ajuts art-20. Total	2023	3987660.06
1599	Import d'ajuts art-20	0106020400340001	Import d'ajuts art-20. Total	2024	4672600.6
1599	Import d'ajuts art-20	0106020400340001	Import d'ajuts art-20. Total	2025	5356439.49
1600	Import d'ajuts art-20 per sexe	0106020400350001	Import d'ajuts art-20 per sexe. Femení	2013	611179.67
1600	Import d'ajuts art-20 per sexe	0106020400350001	Import d'ajuts art-20 per sexe. Femení	2014	718321.41
1600	Import d'ajuts art-20 per sexe	0106020400350001	Import d'ajuts art-20 per sexe. Femení	2015	700863.74
1600	Import d'ajuts art-20 per sexe	0106020400350001	Import d'ajuts art-20 per sexe. Femení	2016	691137.67
1600	Import d'ajuts art-20 per sexe	0106020400350001	Import d'ajuts art-20 per sexe. Femení	2017	834778.09
1600	Import d'ajuts art-20 per sexe	0106020400350001	Import d'ajuts art-20 per sexe. Femení	2018	1110653.04
1600	Import d'ajuts art-20 per sexe	0106020400350001	Import d'ajuts art-20 per sexe. Femení	2019	1381882.89
1600	Import d'ajuts art-20 per sexe	0106020400350001	Import d'ajuts art-20 per sexe. Femení	2020	1566391.43
1600	Import d'ajuts art-20 per sexe	0106020400350001	Import d'ajuts art-20 per sexe. Femení	2021	1720630.6
1600	Import d'ajuts art-20 per sexe	0106020400350001	Import d'ajuts art-20 per sexe. Femení	2022	1604946.43
1600	Import d'ajuts art-20 per sexe	0106020400350001	Import d'ajuts art-20 per sexe. Femení	2023	2174590.95
1600	Import d'ajuts art-20 per sexe	0106020400350001	Import d'ajuts art-20 per sexe. Femení	2024	2595889.22
1600	Import d'ajuts art-20 per sexe	0106020400350001	Import d'ajuts art-20 per sexe. Femení	2025	2926575.96
1600	Import d'ajuts art-20 per sexe	0106020400350002	Import d'ajuts art-20 per sexe. Masculí	2013	638391.83
1600	Import d'ajuts art-20 per sexe	0106020400350002	Import d'ajuts art-20 per sexe. Masculí	2014	767872.63
1600	Import d'ajuts art-20 per sexe	0106020400350002	Import d'ajuts art-20 per sexe. Masculí	2015	737208.22
1600	Import d'ajuts art-20 per sexe	0106020400350002	Import d'ajuts art-20 per sexe. Masculí	2016	716087.78
1600	Import d'ajuts art-20 per sexe	0106020400350002	Import d'ajuts art-20 per sexe. Masculí	2017	758351.18
1600	Import d'ajuts art-20 per sexe	0106020400350002	Import d'ajuts art-20 per sexe. Masculí	2018	872850.23
1600	Import d'ajuts art-20 per sexe	0106020400350002	Import d'ajuts art-20 per sexe. Masculí	2019	1046470.98
1600	Import d'ajuts art-20 per sexe	0106020400350002	Import d'ajuts art-20 per sexe. Masculí	2020	1253365.04
1600	Import d'ajuts art-20 per sexe	0106020400350002	Import d'ajuts art-20 per sexe. Masculí	2021	1454372.43
1600	Import d'ajuts art-20 per sexe	0106020400350002	Import d'ajuts art-20 per sexe. Masculí	2022	1889998.94
1600	Import d'ajuts art-20 per sexe	0106020400350002	Import d'ajuts art-20 per sexe. Masculí	2023	1813069.11
1600	Import d'ajuts art-20 per sexe	0106020400350002	Import d'ajuts art-20 per sexe. Masculí	2024	2076711.38
1600	Import d'ajuts art-20 per sexe	0106020400350002	Import d'ajuts art-20 per sexe. Masculí	2025	2429863.53
1600	Import d'ajuts art-20 per sexe	0106020400350003	Import d'ajuts art-20 per sexe. Total	2013	1249571.5
1600	Import d'ajuts art-20 per sexe	0106020400350003	Import d'ajuts art-20 per sexe. Total	2014	1486194.04
1600	Import d'ajuts art-20 per sexe	0106020400350003	Import d'ajuts art-20 per sexe. Total	2015	1438071.96
1600	Import d'ajuts art-20 per sexe	0106020400350003	Import d'ajuts art-20 per sexe. Total	2016	1407225.45
1600	Import d'ajuts art-20 per sexe	0106020400350003	Import d'ajuts art-20 per sexe. Total	2017	1593129.27
1600	Import d'ajuts art-20 per sexe	0106020400350003	Import d'ajuts art-20 per sexe. Total	2018	1983503.27
1600	Import d'ajuts art-20 per sexe	0106020400350003	Import d'ajuts art-20 per sexe. Total	2019	2428353.87
1600	Import d'ajuts art-20 per sexe	0106020400350003	Import d'ajuts art-20 per sexe. Total	2020	2819756.47
1600	Import d'ajuts art-20 per sexe	0106020400350003	Import d'ajuts art-20 per sexe. Total	2021	3175003.03
1600	Import d'ajuts art-20 per sexe	0106020400350003	Import d'ajuts art-20 per sexe. Total	2022	3494944.87
1600	Import d'ajuts art-20 per sexe	0106020400350003	Import d'ajuts art-20 per sexe. Total	2023	3987660.06
1600	Import d'ajuts art-20 per sexe	0106020400350003	Import d'ajuts art-20 per sexe. Total	2024	4672600.6
1600	Import d'ajuts art-20 per sexe	0106020400350003	Import d'ajuts art-20 per sexe. Total	2025	5356439.49
1601	Import d'ajuts art-20 per edat	0106020400360001	Import d'ajuts art-20 per edat. Entre 18 i 25 anys	2013	276490.21
1601	Import d'ajuts art-20 per edat	0106020400360001	Import d'ajuts art-20 per edat. Entre 18 i 25 anys	2014	239743.92
1601	Import d'ajuts art-20 per edat	0106020400360001	Import d'ajuts art-20 per edat. Entre 18 i 25 anys	2015	281771.11
1601	Import d'ajuts art-20 per edat	0106020400360001	Import d'ajuts art-20 per edat. Entre 18 i 25 anys	2016	299592.09
1601	Import d'ajuts art-20 per edat	0106020400360001	Import d'ajuts art-20 per edat. Entre 18 i 25 anys	2017	340074.21
1601	Import d'ajuts art-20 per edat	0106020400360001	Import d'ajuts art-20 per edat. Entre 18 i 25 anys	2018	388080.56
1601	Import d'ajuts art-20 per edat	0106020400360001	Import d'ajuts art-20 per edat. Entre 18 i 25 anys	2019	438122.7
1601	Import d'ajuts art-20 per edat	0106020400360001	Import d'ajuts art-20 per edat. Entre 18 i 25 anys	2020	477748.53
1601	Import d'ajuts art-20 per edat	0106020400360001	Import d'ajuts art-20 per edat. Entre 18 i 25 anys	2021	540548.54
1601	Import d'ajuts art-20 per edat	0106020400360001	Import d'ajuts art-20 per edat. Entre 18 i 25 anys	2022	580540.66
1601	Import d'ajuts art-20 per edat	0106020400360001	Import d'ajuts art-20 per edat. Entre 18 i 25 anys	2023	536830.66
1601	Import d'ajuts art-20 per edat	0106020400360001	Import d'ajuts art-20 per edat. Entre 18 i 25 anys	2024	363424.49
1601	Import d'ajuts art-20 per edat	0106020400360001	Import d'ajuts art-20 per edat. Entre 18 i 25 anys	2025	308767.19
1601	Import d'ajuts art-20 per edat	0106020400360002	Import d'ajuts art-20 per edat. Entre 26 i 35 anys	2013	333587.02
1601	Import d'ajuts art-20 per edat	0106020400360002	Import d'ajuts art-20 per edat. Entre 26 i 35 anys	2014	407086.62
1601	Import d'ajuts art-20 per edat	0106020400360002	Import d'ajuts art-20 per edat. Entre 26 i 35 anys	2015	409373.16
1601	Import d'ajuts art-20 per edat	0106020400360002	Import d'ajuts art-20 per edat. Entre 26 i 35 anys	2016	405565.07
1601	Import d'ajuts art-20 per edat	0106020400360002	Import d'ajuts art-20 per edat. Entre 26 i 35 anys	2017	405070.48
1601	Import d'ajuts art-20 per edat	0106020400360002	Import d'ajuts art-20 per edat. Entre 26 i 35 anys	2018	393884.81
1601	Import d'ajuts art-20 per edat	0106020400360002	Import d'ajuts art-20 per edat. Entre 26 i 35 anys	2019	465176.71
1601	Import d'ajuts art-20 per edat	0106020400360002	Import d'ajuts art-20 per edat. Entre 26 i 35 anys	2020	490750.18
1601	Import d'ajuts art-20 per edat	0106020400360002	Import d'ajuts art-20 per edat. Entre 26 i 35 anys	2021	555324.94
1601	Import d'ajuts art-20 per edat	0106020400360002	Import d'ajuts art-20 per edat. Entre 26 i 35 anys	2022	604927.69
1601	Import d'ajuts art-20 per edat	0106020400360002	Import d'ajuts art-20 per edat. Entre 26 i 35 anys	2023	741052.89
1601	Import d'ajuts art-20 per edat	0106020400360002	Import d'ajuts art-20 per edat. Entre 26 i 35 anys	2024	687910.64
1601	Import d'ajuts art-20 per edat	0106020400360002	Import d'ajuts art-20 per edat. Entre 26 i 35 anys	2025	832328.94
1601	Import d'ajuts art-20 per edat	0106020400360003	Import d'ajuts art-20 per edat. Entre 36 i 45 anys	2013	197672.71
1601	Import d'ajuts art-20 per edat	0106020400360003	Import d'ajuts art-20 per edat. Entre 36 i 45 anys	2014	254505.84
1601	Import d'ajuts art-20 per edat	0106020400360003	Import d'ajuts art-20 per edat. Entre 36 i 45 anys	2015	254081.4
1601	Import d'ajuts art-20 per edat	0106020400360003	Import d'ajuts art-20 per edat. Entre 36 i 45 anys	2016	247231.34
1601	Import d'ajuts art-20 per edat	0106020400360003	Import d'ajuts art-20 per edat. Entre 36 i 45 anys	2017	309689.01
1601	Import d'ajuts art-20 per edat	0106020400360003	Import d'ajuts art-20 per edat. Entre 36 i 45 anys	2018	366828.13
1601	Import d'ajuts art-20 per edat	0106020400360003	Import d'ajuts art-20 per edat. Entre 36 i 45 anys	2019	466205.85
1601	Import d'ajuts art-20 per edat	0106020400360003	Import d'ajuts art-20 per edat. Entre 36 i 45 anys	2020	556731.24
1601	Import d'ajuts art-20 per edat	0106020400360003	Import d'ajuts art-20 per edat. Entre 36 i 45 anys	2021	601016.95
1601	Import d'ajuts art-20 per edat	0106020400360003	Import d'ajuts art-20 per edat. Entre 36 i 45 anys	2022	636462.86
1601	Import d'ajuts art-20 per edat	0106020400360003	Import d'ajuts art-20 per edat. Entre 36 i 45 anys	2023	711321.98
1601	Import d'ajuts art-20 per edat	0106020400360003	Import d'ajuts art-20 per edat. Entre 36 i 45 anys	2024	856643.44
1601	Import d'ajuts art-20 per edat	0106020400360003	Import d'ajuts art-20 per edat. Entre 36 i 45 anys	2025	953150.89
1601	Import d'ajuts art-20 per edat	0106020400360004	Import d'ajuts art-20 per edat. Entre 46 i 55 anys	2013	242141.83
1601	Import d'ajuts art-20 per edat	0106020400360004	Import d'ajuts art-20 per edat. Entre 46 i 55 anys	2014	299367.6
1601	Import d'ajuts art-20 per edat	0106020400360004	Import d'ajuts art-20 per edat. Entre 46 i 55 anys	2015	273177.26
1601	Import d'ajuts art-20 per edat	0106020400360004	Import d'ajuts art-20 per edat. Entre 46 i 55 anys	2016	191519.32
1601	Import d'ajuts art-20 per edat	0106020400360004	Import d'ajuts art-20 per edat. Entre 46 i 55 anys	2017	228677.31
1601	Import d'ajuts art-20 per edat	0106020400360004	Import d'ajuts art-20 per edat. Entre 46 i 55 anys	2018	384478.23
1601	Import d'ajuts art-20 per edat	0106020400360004	Import d'ajuts art-20 per edat. Entre 46 i 55 anys	2019	460172.44
1601	Import d'ajuts art-20 per edat	0106020400360004	Import d'ajuts art-20 per edat. Entre 46 i 55 anys	2020	574257.37
1601	Import d'ajuts art-20 per edat	0106020400360004	Import d'ajuts art-20 per edat. Entre 46 i 55 anys	2021	626971.11
1601	Import d'ajuts art-20 per edat	0106020400360004	Import d'ajuts art-20 per edat. Entre 46 i 55 anys	2022	743169.58
1601	Import d'ajuts art-20 per edat	0106020400360004	Import d'ajuts art-20 per edat. Entre 46 i 55 anys	2023	895325.21
1601	Import d'ajuts art-20 per edat	0106020400360004	Import d'ajuts art-20 per edat. Entre 46 i 55 anys	2024	1077294.03
1601	Import d'ajuts art-20 per edat	0106020400360004	Import d'ajuts art-20 per edat. Entre 46 i 55 anys	2025	1167945.45
1601	Import d'ajuts art-20 per edat	0106020400360005	Import d'ajuts art-20 per edat. Entre 56 i 65 anys	2013	169397.49
1601	Import d'ajuts art-20 per edat	0106020400360005	Import d'ajuts art-20 per edat. Entre 56 i 65 anys	2014	236281.42
1601	Import d'ajuts art-20 per edat	0106020400360005	Import d'ajuts art-20 per edat. Entre 56 i 65 anys	2015	198534.55
1601	Import d'ajuts art-20 per edat	0106020400360005	Import d'ajuts art-20 per edat. Entre 56 i 65 anys	2016	249005.83
1601	Import d'ajuts art-20 per edat	0106020400360005	Import d'ajuts art-20 per edat. Entre 56 i 65 anys	2017	283030.76
1601	Import d'ajuts art-20 per edat	0106020400360005	Import d'ajuts art-20 per edat. Entre 56 i 65 anys	2018	396599.96
1601	Import d'ajuts art-20 per edat	0106020400360005	Import d'ajuts art-20 per edat. Entre 56 i 65 anys	2019	541812.79
1601	Import d'ajuts art-20 per edat	0106020400360005	Import d'ajuts art-20 per edat. Entre 56 i 65 anys	2020	645303.38
1601	Import d'ajuts art-20 per edat	0106020400360005	Import d'ajuts art-20 per edat. Entre 56 i 65 anys	2021	723111.79
1601	Import d'ajuts art-20 per edat	0106020400360005	Import d'ajuts art-20 per edat. Entre 56 i 65 anys	2022	763462.15
1601	Import d'ajuts art-20 per edat	0106020400360005	Import d'ajuts art-20 per edat. Entre 56 i 65 anys	2023	839755.21
1601	Import d'ajuts art-20 per edat	0106020400360005	Import d'ajuts art-20 per edat. Entre 56 i 65 anys	2024	1246026.83
1601	Import d'ajuts art-20 per edat	0106020400360005	Import d'ajuts art-20 per edat. Entre 56 i 65 anys	2025	1570685.26
1601	Import d'ajuts art-20 per edat	0106020400360006	Import d'ajuts art-20 per edat. Entre 66 i 75 anys	2013	15141.12
1601	Import d'ajuts art-20 per edat	0106020400360006	Import d'ajuts art-20 per edat. Entre 66 i 75 anys	2014	22711.68
1601	Import d'ajuts art-20 per edat	0106020400360006	Import d'ajuts art-20 per edat. Entre 66 i 75 anys	2015	9463.2
1601	Import d'ajuts art-20 per edat	0106020400360006	Import d'ajuts art-20 per edat. Entre 66 i 75 anys	2016	14311.8
1601	Import d'ajuts art-20 per edat	0106020400360006	Import d'ajuts art-20 per edat. Entre 66 i 75 anys	2017	26587.5
1601	Import d'ajuts art-20 per edat	0106020400360006	Import d'ajuts art-20 per edat. Entre 66 i 75 anys	2018	53631.58
1601	Import d'ajuts art-20 per edat	0106020400360006	Import d'ajuts art-20 per edat. Entre 66 i 75 anys	2019	56863.38
1601	Import d'ajuts art-20 per edat	0106020400360006	Import d'ajuts art-20 per edat. Entre 66 i 75 anys	2020	74965.77
1601	Import d'ajuts art-20 per edat	0106020400360006	Import d'ajuts art-20 per edat. Entre 66 i 75 anys	2021	128029.7
1601	Import d'ajuts art-20 per edat	0106020400360006	Import d'ajuts art-20 per edat. Entre 66 i 75 anys	2022	166381.93
1601	Import d'ajuts art-20 per edat	0106020400360006	Import d'ajuts art-20 per edat. Entre 66 i 75 anys	2023	263374.11
1601	Import d'ajuts art-20 per edat	0106020400360006	Import d'ajuts art-20 per edat. Entre 66 i 75 anys	2024	441301.17
1601	Import d'ajuts art-20 per edat	0106020400360006	Import d'ajuts art-20 per edat. Entre 66 i 75 anys	2025	523561.75
1601	Import d'ajuts art-20 per edat	0106020400360007	Import d'ajuts art-20 per edat. Entre 76 i 85 anys	2013	12617.6
1601	Import d'ajuts art-20 per edat	0106020400360007	Import d'ajuts art-20 per edat. Entre 76 i 85 anys	2014	22711.68
1601	Import d'ajuts art-20 per edat	0106020400360007	Import d'ajuts art-20 per edat. Entre 76 i 85 anys	2015	10094.08
1601	Import d'ajuts art-20 per edat	0106020400360007	Import d'ajuts art-20 per edat. Entre 76 i 85 anys	2016	0
1601	Import d'ajuts art-20 per edat	0106020400360007	Import d'ajuts art-20 per edat. Entre 76 i 85 anys	2017	0
1601	Import d'ajuts art-20 per edat	0106020400360007	Import d'ajuts art-20 per edat. Entre 76 i 85 anys	2018	0
1601	Import d'ajuts art-20 per edat	0106020400360007	Import d'ajuts art-20 per edat. Entre 76 i 85 anys	2019	0
1601	Import d'ajuts art-20 per edat	0106020400360007	Import d'ajuts art-20 per edat. Entre 76 i 85 anys	2020	0
1601	Import d'ajuts art-20 per edat	0106020400360007	Import d'ajuts art-20 per edat. Entre 76 i 85 anys	2021	0
1601	Import d'ajuts art-20 per edat	0106020400360007	Import d'ajuts art-20 per edat. Entre 76 i 85 anys	2022	0
1601	Import d'ajuts art-20 per edat	0106020400360007	Import d'ajuts art-20 per edat. Entre 76 i 85 anys	2023	0
1601	Import d'ajuts art-20 per edat	0106020400360007	Import d'ajuts art-20 per edat. Entre 76 i 85 anys	2024	0
1601	Import d'ajuts art-20 per edat	0106020400360007	Import d'ajuts art-20 per edat. Entre 76 i 85 anys	2025	0
1601	Import d'ajuts art-20 per edat	0106020400360008	Import d'ajuts art-20 per edat. Entre 86 i 95 anys	2013	2523.52
1601	Import d'ajuts art-20 per edat	0106020400360008	Import d'ajuts art-20 per edat. Entre 86 i 95 anys	2014	3785.28
1601	Import d'ajuts art-20 per edat	0106020400360008	Import d'ajuts art-20 per edat. Entre 86 i 95 anys	2015	0
1601	Import d'ajuts art-20 per edat	0106020400360008	Import d'ajuts art-20 per edat. Entre 86 i 95 anys	2016	0
1601	Import d'ajuts art-20 per edat	0106020400360008	Import d'ajuts art-20 per edat. Entre 86 i 95 anys	2017	0
1601	Import d'ajuts art-20 per edat	0106020400360008	Import d'ajuts art-20 per edat. Entre 86 i 95 anys	2018	0
1601	Import d'ajuts art-20 per edat	0106020400360008	Import d'ajuts art-20 per edat. Entre 86 i 95 anys	2019	0
1601	Import d'ajuts art-20 per edat	0106020400360008	Import d'ajuts art-20 per edat. Entre 86 i 95 anys	2020	0
1601	Import d'ajuts art-20 per edat	0106020400360008	Import d'ajuts art-20 per edat. Entre 86 i 95 anys	2021	0
1601	Import d'ajuts art-20 per edat	0106020400360008	Import d'ajuts art-20 per edat. Entre 86 i 95 anys	2022	0
1601	Import d'ajuts art-20 per edat	0106020400360008	Import d'ajuts art-20 per edat. Entre 86 i 95 anys	2023	0
1601	Import d'ajuts art-20 per edat	0106020400360008	Import d'ajuts art-20 per edat. Entre 86 i 95 anys	2024	0
1601	Import d'ajuts art-20 per edat	0106020400360008	Import d'ajuts art-20 per edat. Entre 86 i 95 anys	2025	0
1601	Import d'ajuts art-20 per edat	0106020400360009	Import d'ajuts art-20 per edat. Entre 96 i 100 anys	2013	0
1601	Import d'ajuts art-20 per edat	0106020400360009	Import d'ajuts art-20 per edat. Entre 96 i 100 anys	2014	0
1601	Import d'ajuts art-20 per edat	0106020400360009	Import d'ajuts art-20 per edat. Entre 96 i 100 anys	2015	1577.2
1601	Import d'ajuts art-20 per edat	0106020400360009	Import d'ajuts art-20 per edat. Entre 96 i 100 anys	2016	0
1601	Import d'ajuts art-20 per edat	0106020400360009	Import d'ajuts art-20 per edat. Entre 96 i 100 anys	2017	0
1601	Import d'ajuts art-20 per edat	0106020400360009	Import d'ajuts art-20 per edat. Entre 96 i 100 anys	2018	0
1601	Import d'ajuts art-20 per edat	0106020400360009	Import d'ajuts art-20 per edat. Entre 96 i 100 anys	2019	0
1601	Import d'ajuts art-20 per edat	0106020400360009	Import d'ajuts art-20 per edat. Entre 96 i 100 anys	2020	0
1601	Import d'ajuts art-20 per edat	0106020400360009	Import d'ajuts art-20 per edat. Entre 96 i 100 anys	2021	0
1601	Import d'ajuts art-20 per edat	0106020400360009	Import d'ajuts art-20 per edat. Entre 96 i 100 anys	2022	0
1601	Import d'ajuts art-20 per edat	0106020400360009	Import d'ajuts art-20 per edat. Entre 96 i 100 anys	2023	0
1601	Import d'ajuts art-20 per edat	0106020400360009	Import d'ajuts art-20 per edat. Entre 96 i 100 anys	2024	0
1601	Import d'ajuts art-20 per edat	0106020400360009	Import d'ajuts art-20 per edat. Entre 96 i 100 anys	2025	0
1601	Import d'ajuts art-20 per edat	0106020400360010	Import d'ajuts art-20 per edat. Total	2013	1249571.5
1601	Import d'ajuts art-20 per edat	0106020400360010	Import d'ajuts art-20 per edat. Total	2014	1486194.04
1601	Import d'ajuts art-20 per edat	0106020400360010	Import d'ajuts art-20 per edat. Total	2015	1438071.96
1601	Import d'ajuts art-20 per edat	0106020400360010	Import d'ajuts art-20 per edat. Total	2016	1407225.45
1601	Import d'ajuts art-20 per edat	0106020400360010	Import d'ajuts art-20 per edat. Total	2017	1593129.27
1601	Import d'ajuts art-20 per edat	0106020400360010	Import d'ajuts art-20 per edat. Total	2018	1983503.27
1601	Import d'ajuts art-20 per edat	0106020400360010	Import d'ajuts art-20 per edat. Total	2019	2428353.87
1601	Import d'ajuts art-20 per edat	0106020400360010	Import d'ajuts art-20 per edat. Total	2020	2819756.47
1601	Import d'ajuts art-20 per edat	0106020400360010	Import d'ajuts art-20 per edat. Total	2021	3175003.03
1601	Import d'ajuts art-20 per edat	0106020400360010	Import d'ajuts art-20 per edat. Total	2022	3494944.87
1601	Import d'ajuts art-20 per edat	0106020400360010	Import d'ajuts art-20 per edat. Total	2023	3987660.06
1601	Import d'ajuts art-20 per edat	0106020400360010	Import d'ajuts art-20 per edat. Total	2024	4672600.6
1601	Import d'ajuts art-20 per edat	0106020400360010	Import d'ajuts art-20 per edat. Total	2025	5356439.49
1602	Import d'ajuts art-20 per nacionalitat	0106020400370001	Import d'ajuts art-20 per nacionalitat. Andorrana	2013	789136.97
1602	Import d'ajuts art-20 per nacionalitat	0106020400370001	Import d'ajuts art-20 per nacionalitat. Andorrana	2014	992677.44
1602	Import d'ajuts art-20 per nacionalitat	0106020400370001	Import d'ajuts art-20 per nacionalitat. Andorrana	2015	924432.78
1602	Import d'ajuts art-20 per nacionalitat	0106020400370001	Import d'ajuts art-20 per nacionalitat. Andorrana	2016	895057.25
1602	Import d'ajuts art-20 per nacionalitat	0106020400370001	Import d'ajuts art-20 per nacionalitat. Andorrana	2017	981260.54
1602	Import d'ajuts art-20 per nacionalitat	0106020400370001	Import d'ajuts art-20 per nacionalitat. Andorrana	2018	1172239.76
1602	Import d'ajuts art-20 per nacionalitat	0106020400370001	Import d'ajuts art-20 per nacionalitat. Andorrana	2019	1484096.07
1602	Import d'ajuts art-20 per nacionalitat	0106020400370001	Import d'ajuts art-20 per nacionalitat. Andorrana	2020	1718432.77
1602	Import d'ajuts art-20 per nacionalitat	0106020400370001	Import d'ajuts art-20 per nacionalitat. Andorrana	2021	1911770.97
1602	Import d'ajuts art-20 per nacionalitat	0106020400370001	Import d'ajuts art-20 per nacionalitat. Andorrana	2022	2153881.63
1602	Import d'ajuts art-20 per nacionalitat	0106020400370001	Import d'ajuts art-20 per nacionalitat. Andorrana	2023	2408566.7
1602	Import d'ajuts art-20 per nacionalitat	0106020400370001	Import d'ajuts art-20 per nacionalitat. Andorrana	2024	2647807.01
1602	Import d'ajuts art-20 per nacionalitat	0106020400370001	Import d'ajuts art-20 per nacionalitat. Andorrana	2025	3047397.91
1602	Import d'ajuts art-20 per nacionalitat	0106020400370002	Import d'ajuts art-20 per nacionalitat. Espanyola	2013	313653.39
1602	Import d'ajuts art-20 per nacionalitat	0106020400370002	Import d'ajuts art-20 per nacionalitat. Espanyola	2014	332068.8
1602	Import d'ajuts art-20 per nacionalitat	0106020400370002	Import d'ajuts art-20 per nacionalitat. Espanyola	2015	338911.67
1602	Import d'ajuts art-20 per nacionalitat	0106020400370002	Import d'ajuts art-20 per nacionalitat. Espanyola	2016	325336.18
1602	Import d'ajuts art-20 per nacionalitat	0106020400370002	Import d'ajuts art-20 per nacionalitat. Espanyola	2017	356460.63
1602	Import d'ajuts art-20 per nacionalitat	0106020400370002	Import d'ajuts art-20 per nacionalitat. Espanyola	2018	461664.26
1602	Import d'ajuts art-20 per nacionalitat	0106020400370002	Import d'ajuts art-20 per nacionalitat. Espanyola	2019	566958.7
1602	Import d'ajuts art-20 per nacionalitat	0106020400370002	Import d'ajuts art-20 per nacionalitat. Espanyola	2020	693391.67
1602	Import d'ajuts art-20 per nacionalitat	0106020400370002	Import d'ajuts art-20 per nacionalitat. Espanyola	2021	807188.26
1602	Import d'ajuts art-20 per nacionalitat	0106020400370002	Import d'ajuts art-20 per nacionalitat. Espanyola	2022	860190.59
1602	Import d'ajuts art-20 per nacionalitat	0106020400370002	Import d'ajuts art-20 per nacionalitat. Espanyola	2023	982283.58
1602	Import d'ajuts art-20 per nacionalitat	0106020400370002	Import d'ajuts art-20 per nacionalitat. Espanyola	2024	1194109.04
1602	Import d'ajuts art-20 per nacionalitat	0106020400370002	Import d'ajuts art-20 per nacionalitat. Espanyola	2025	1275342.74
1602	Import d'ajuts art-20 per nacionalitat	0106020400370003	Import d'ajuts art-20 per nacionalitat. Portuguesa	2013	86218.93
1602	Import d'ajuts art-20 per nacionalitat	0106020400370003	Import d'ajuts art-20 per nacionalitat. Portuguesa	2014	88739.14
1602	Import d'ajuts art-20 per nacionalitat	0106020400370003	Import d'ajuts art-20 per nacionalitat. Portuguesa	2015	115226.66
1602	Import d'ajuts art-20 per nacionalitat	0106020400370003	Import d'ajuts art-20 per nacionalitat. Portuguesa	2016	125115.6
1602	Import d'ajuts art-20 per nacionalitat	0106020400370003	Import d'ajuts art-20 per nacionalitat. Portuguesa	2017	148591.79
1602	Import d'ajuts art-20 per nacionalitat	0106020400370003	Import d'ajuts art-20 per nacionalitat. Portuguesa	2018	221017.75
1602	Import d'ajuts art-20 per nacionalitat	0106020400370003	Import d'ajuts art-20 per nacionalitat. Portuguesa	2019	236905.45
1602	Import d'ajuts art-20 per nacionalitat	0106020400370003	Import d'ajuts art-20 per nacionalitat. Portuguesa	2020	264084.51
1602	Import d'ajuts art-20 per nacionalitat	0106020400370003	Import d'ajuts art-20 per nacionalitat. Portuguesa	2021	317911.85
1602	Import d'ajuts art-20 per nacionalitat	0106020400370003	Import d'ajuts art-20 per nacionalitat. Portuguesa	2022	347551.58
1602	Import d'ajuts art-20 per nacionalitat	0106020400370003	Import d'ajuts art-20 per nacionalitat. Portuguesa	2023	440904.16
1602	Import d'ajuts art-20 per nacionalitat	0106020400370003	Import d'ajuts art-20 per nacionalitat. Portuguesa	2024	610033.97
1602	Import d'ajuts art-20 per nacionalitat	0106020400370003	Import d'ajuts art-20 per nacionalitat. Portuguesa	2025	751780.98
1602	Import d'ajuts art-20 per nacionalitat	0106020400370004	Import d'ajuts art-20 per nacionalitat. Francesa	2013	22787.76
1602	Import d'ajuts art-20 per nacionalitat	0106020400370004	Import d'ajuts art-20 per nacionalitat. Francesa	2014	23749.76
1602	Import d'ajuts art-20 per nacionalitat	0106020400370004	Import d'ajuts art-20 per nacionalitat. Francesa	2015	13533.92
1602	Import d'ajuts art-20 per nacionalitat	0106020400370004	Import d'ajuts art-20 per nacionalitat. Francesa	2016	8901.03
1602	Import d'ajuts art-20 per nacionalitat	0106020400370004	Import d'ajuts art-20 per nacionalitat. Francesa	2017	40815.75
1602	Import d'ajuts art-20 per nacionalitat	0106020400370004	Import d'ajuts art-20 per nacionalitat. Francesa	2018	45041.42
1602	Import d'ajuts art-20 per nacionalitat	0106020400370004	Import d'ajuts art-20 per nacionalitat. Francesa	2019	54380.22
1602	Import d'ajuts art-20 per nacionalitat	0106020400370004	Import d'ajuts art-20 per nacionalitat. Francesa	2020	63718.52
1602	Import d'ajuts art-20 per nacionalitat	0106020400370004	Import d'ajuts art-20 per nacionalitat. Francesa	2021	55859.58
1602	Import d'ajuts art-20 per nacionalitat	0106020400370004	Import d'ajuts art-20 per nacionalitat. Francesa	2022	52013.32
1602	Import d'ajuts art-20 per nacionalitat	0106020400370004	Import d'ajuts art-20 per nacionalitat. Francesa	2023	57270.56
1602	Import d'ajuts art-20 per nacionalitat	0106020400370004	Import d'ajuts art-20 per nacionalitat. Francesa	2024	64897.23
1602	Import d'ajuts art-20 per nacionalitat	0106020400370004	Import d'ajuts art-20 per nacionalitat. Francesa	2025	93972.62
1602	Import d'ajuts art-20 per nacionalitat	0106020400370005	Import d'ajuts art-20 per nacionalitat. Altres	2013	37774.45
1602	Import d'ajuts art-20 per nacionalitat	0106020400370005	Import d'ajuts art-20 per nacionalitat. Altres	2014	48958.9
1602	Import d'ajuts art-20 per nacionalitat	0106020400370005	Import d'ajuts art-20 per nacionalitat. Altres	2015	45966.93
1602	Import d'ajuts art-20 per nacionalitat	0106020400370005	Import d'ajuts art-20 per nacionalitat. Altres	2016	52815.39
1602	Import d'ajuts art-20 per nacionalitat	0106020400370005	Import d'ajuts art-20 per nacionalitat. Altres	2017	66000.56
1602	Import d'ajuts art-20 per nacionalitat	0106020400370005	Import d'ajuts art-20 per nacionalitat. Altres	2018	83540.08
1602	Import d'ajuts art-20 per nacionalitat	0106020400370005	Import d'ajuts art-20 per nacionalitat. Altres	2019	86013.43
1602	Import d'ajuts art-20 per nacionalitat	0106020400370005	Import d'ajuts art-20 per nacionalitat. Altres	2020	80129
1602	Import d'ajuts art-20 per nacionalitat	0106020400370005	Import d'ajuts art-20 per nacionalitat. Altres	2021	82272.37
1602	Import d'ajuts art-20 per nacionalitat	0106020400370005	Import d'ajuts art-20 per nacionalitat. Altres	2022	81307.75
1602	Import d'ajuts art-20 per nacionalitat	0106020400370005	Import d'ajuts art-20 per nacionalitat. Altres	2023	98635.06
1602	Import d'ajuts art-20 per nacionalitat	0106020400370005	Import d'ajuts art-20 per nacionalitat. Altres	2024	155753.35
1602	Import d'ajuts art-20 per nacionalitat	0106020400370005	Import d'ajuts art-20 per nacionalitat. Altres	2025	187945.25
1602	Import d'ajuts art-20 per nacionalitat	0106020400370006	Import d'ajuts art-20 per nacionalitat. Total	2013	1249571.5
1602	Import d'ajuts art-20 per nacionalitat	0106020400370006	Import d'ajuts art-20 per nacionalitat. Total	2014	1486194.04
1602	Import d'ajuts art-20 per nacionalitat	0106020400370006	Import d'ajuts art-20 per nacionalitat. Total	2015	1438071.96
1602	Import d'ajuts art-20 per nacionalitat	0106020400370006	Import d'ajuts art-20 per nacionalitat. Total	2016	1407225.45
1602	Import d'ajuts art-20 per nacionalitat	0106020400370006	Import d'ajuts art-20 per nacionalitat. Total	2017	1593129.27
1602	Import d'ajuts art-20 per nacionalitat	0106020400370006	Import d'ajuts art-20 per nacionalitat. Total	2018	1983503.27
1602	Import d'ajuts art-20 per nacionalitat	0106020400370006	Import d'ajuts art-20 per nacionalitat. Total	2019	2428353.87
1602	Import d'ajuts art-20 per nacionalitat	0106020400370006	Import d'ajuts art-20 per nacionalitat. Total	2020	2819756.47
1602	Import d'ajuts art-20 per nacionalitat	0106020400370006	Import d'ajuts art-20 per nacionalitat. Total	2021	3175003.03
1602	Import d'ajuts art-20 per nacionalitat	0106020400370006	Import d'ajuts art-20 per nacionalitat. Total	2022	3494944.87
1602	Import d'ajuts art-20 per nacionalitat	0106020400370006	Import d'ajuts art-20 per nacionalitat. Total	2023	3987660.06
1602	Import d'ajuts art-20 per nacionalitat	0106020400370006	Import d'ajuts art-20 per nacionalitat. Total	2024	4672600.6
1602	Import d'ajuts art-20 per nacionalitat	0106020400370006	Import d'ajuts art-20 per nacionalitat. Total	2025	5356439.49
1603	Import d'ajuts art-20 per lloc de residència	0106020400380001	Import d'ajuts art-20 per lloc de residència. Canillo	2013	5047.04
1603	Import d'ajuts art-20 per lloc de residència	0106020400380001	Import d'ajuts art-20 per lloc de residència. Canillo	2014	11449.92
1603	Import d'ajuts art-20 per lloc de residència	0106020400380001	Import d'ajuts art-20 per lloc de residència. Canillo	2015	10913.12
1603	Import d'ajuts art-20 per lloc de residència	0106020400380001	Import d'ajuts art-20 per lloc de residència. Canillo	2016	15732.12
1603	Import d'ajuts art-20 per lloc de residència	0106020400380001	Import d'ajuts art-20 per lloc de residència. Canillo	2017	21517.41
1603	Import d'ajuts art-20 per lloc de residència	0106020400380001	Import d'ajuts art-20 per lloc de residència. Canillo	2018	32803.48
1603	Import d'ajuts art-20 per lloc de residència	0106020400380001	Import d'ajuts art-20 per lloc de residència. Canillo	2019	35467.35
1603	Import d'ajuts art-20 per lloc de residència	0106020400380001	Import d'ajuts art-20 per lloc de residència. Canillo	2020	31430.68
1603	Import d'ajuts art-20 per lloc de residència	0106020400380001	Import d'ajuts art-20 per lloc de residència. Canillo	2021	45004.49
1603	Import d'ajuts art-20 per lloc de residència	0106020400380001	Import d'ajuts art-20 per lloc de residència. Canillo	2022	56943.13
1603	Import d'ajuts art-20 per lloc de residència	0106020400380001	Import d'ajuts art-20 per lloc de residència. Canillo	2023	89860.91
1603	Import d'ajuts art-20 per lloc de residència	0106020400380001	Import d'ajuts art-20 per lloc de residència. Canillo	2024	113649.08
1603	Import d'ajuts art-20 per lloc de residència	0106020400380001	Import d'ajuts art-20 per lloc de residència. Canillo	2025	161095.92
1603	Import d'ajuts art-20 per lloc de residència	0106020400380002	Import d'ajuts art-20 per lloc de residència. Encamp	2013	176719.57
1603	Import d'ajuts art-20 per lloc de residència	0106020400380002	Import d'ajuts art-20 per lloc de residència. Encamp	2014	177183.46
1603	Import d'ajuts art-20 per lloc de residència	0106020400380002	Import d'ajuts art-20 per lloc de residència. Encamp	2015	170513.49
1603	Import d'ajuts art-20 per lloc de residència	0106020400380002	Import d'ajuts art-20 per lloc de residència. Encamp	2016	167900.43
1603	Import d'ajuts art-20 per lloc de residència	0106020400380002	Import d'ajuts art-20 per lloc de residència. Encamp	2017	191492.05
1603	Import d'ajuts art-20 per lloc de residència	0106020400380002	Import d'ajuts art-20 per lloc de residència. Encamp	2018	225684.1
1603	Import d'ajuts art-20 per lloc de residència	0106020400380002	Import d'ajuts art-20 per lloc de residència. Encamp	2019	290675.89
1603	Import d'ajuts art-20 per lloc de residència	0106020400380002	Import d'ajuts art-20 per lloc de residència. Encamp	2020	342070.75
1603	Import d'ajuts art-20 per lloc de residència	0106020400380002	Import d'ajuts art-20 per lloc de residència. Encamp	2021	388419.87
1603	Import d'ajuts art-20 per lloc de residència	0106020400380002	Import d'ajuts art-20 per lloc de residència. Encamp	2022	447381.78
1603	Import d'ajuts art-20 per lloc de residència	0106020400380002	Import d'ajuts art-20 per lloc de residència. Encamp	2023	487997.94
1603	Import d'ajuts art-20 per lloc de residència	0106020400380002	Import d'ajuts art-20 per lloc de residència. Encamp	2024	574739.62
1603	Import d'ajuts art-20 per lloc de residència	0106020400380002	Import d'ajuts art-20 per lloc de residència. Encamp	2025	738356.32
1603	Import d'ajuts art-20 per lloc de residència	0106020400380003	Import d'ajuts art-20 per lloc de residència. Ordino	2013	10094.08
1603	Import d'ajuts art-20 per lloc de residència	0106020400380003	Import d'ajuts art-20 per lloc de residència. Ordino	2014	15141.12
1603	Import d'ajuts art-20 per lloc de residència	0106020400380003	Import d'ajuts art-20 per lloc de residència. Ordino	2015	16184.48
1603	Import d'ajuts art-20 per lloc de residència	0106020400380003	Import d'ajuts art-20 per lloc de residència. Ordino	2016	31227.84
1603	Import d'ajuts art-20 per lloc de residència	0106020400380003	Import d'ajuts art-20 per lloc de residència. Ordino	2017	36684.39
1603	Import d'ajuts art-20 per lloc de residència	0106020400380003	Import d'ajuts art-20 per lloc de residència. Ordino	2018	40380.81
1603	Import d'ajuts art-20 per lloc de residència	0106020400380003	Import d'ajuts art-20 per lloc de residència. Ordino	2019	51082.59
1603	Import d'ajuts art-20 per lloc de residència	0106020400380003	Import d'ajuts art-20 per lloc de residència. Ordino	2020	57562.04
1603	Import d'ajuts art-20 per lloc de residència	0106020400380003	Import d'ajuts art-20 per lloc de residència. Ordino	2021	58574.61
1603	Import d'ajuts art-20 per lloc de residència	0106020400380003	Import d'ajuts art-20 per lloc de residència. Ordino	2022	57448.4
1603	Import d'ajuts art-20 per lloc de residència	0106020400380003	Import d'ajuts art-20 per lloc de residència. Ordino	2023	77188.17
1603	Import d'ajuts art-20 per lloc de residència	0106020400380003	Import d'ajuts art-20 per lloc de residència. Ordino	2024	90919.26
1603	Import d'ajuts art-20 per lloc de residència	0106020400380003	Import d'ajuts art-20 per lloc de residència. Ordino	2025	93972.62
1603	Import d'ajuts art-20 per lloc de residència	0106020400380004	Import d'ajuts art-20 per lloc de residència. La Massana	2013	83824.67
1603	Import d'ajuts art-20 per lloc de residència	0106020400380004	Import d'ajuts art-20 per lloc de residència. La Massana	2014	94850.34
1603	Import d'ajuts art-20 per lloc de residència	0106020400380004	Import d'ajuts art-20 per lloc de residència. La Massana	2015	80828.91
1603	Import d'ajuts art-20 per lloc de residència	0106020400380004	Import d'ajuts art-20 per lloc de residència. La Massana	2016	91012.44
1603	Import d'ajuts art-20 per lloc de residència	0106020400380004	Import d'ajuts art-20 per lloc de residència. La Massana	2017	85379.32
1603	Import d'ajuts art-20 per lloc de residència	0106020400380004	Import d'ajuts art-20 per lloc de residència. La Massana	2018	93131.22
1603	Import d'ajuts art-20 per lloc de residència	0106020400380004	Import d'ajuts art-20 per lloc de residència. La Massana	2019	140041.4
1603	Import d'ajuts art-20 per lloc de residència	0106020400380004	Import d'ajuts art-20 per lloc de residència. La Massana	2020	158543.92
1603	Import d'ajuts art-20 per lloc de residència	0106020400380004	Import d'ajuts art-20 per lloc de residència. La Massana	2021	171648.42
1603	Import d'ajuts art-20 per lloc de residència	0106020400380004	Import d'ajuts art-20 per lloc de residència. La Massana	2022	191117.24
1603	Import d'ajuts art-20 per lloc de residència	0106020400380004	Import d'ajuts art-20 per lloc de residència. La Massana	2023	229485.56
1603	Import d'ajuts art-20 per lloc de residència	0106020400380004	Import d'ajuts art-20 per lloc de residència. La Massana	2024	244616.11
1603	Import d'ajuts art-20 per lloc de residència	0106020400380004	Import d'ajuts art-20 per lloc de residència. La Massana	2025	268493.21
1603	Import d'ajuts art-20 per lloc de residència	0106020400380005	Import d'ajuts art-20 per lloc de residència. Andorra La Vella	2013	571488.03
1603	Import d'ajuts art-20 per lloc de residència	0106020400380005	Import d'ajuts art-20 per lloc de residència. Andorra La Vella	2014	702123.07
1603	Import d'ajuts art-20 per lloc de residència	0106020400380005	Import d'ajuts art-20 per lloc de residència. Andorra La Vella	2015	685234.94
1603	Import d'ajuts art-20 per lloc de residència	0106020400380005	Import d'ajuts art-20 per lloc de residència. Andorra La Vella	2016	669799
1603	Import d'ajuts art-20 per lloc de residència	0106020400380005	Import d'ajuts art-20 per lloc de residència. Andorra La Vella	2017	736783.44
1603	Import d'ajuts art-20 per lloc de residència	0106020400380005	Import d'ajuts art-20 per lloc de residència. Andorra La Vella	2018	913355.37
1603	Import d'ajuts art-20 per lloc de residència	0106020400380005	Import d'ajuts art-20 per lloc de residència. Andorra La Vella	2019	1078849.1
1603	Import d'ajuts art-20 per lloc de residència	0106020400380005	Import d'ajuts art-20 per lloc de residència. Andorra La Vella	2020	1233546.23
1603	Import d'ajuts art-20 per lloc de residència	0106020400380005	Import d'ajuts art-20 per lloc de residència. Andorra La Vella	2021	1317580.35
1603	Import d'ajuts art-20 per lloc de residència	0106020400380005	Import d'ajuts art-20 per lloc de residència. Andorra La Vella	2022	1373507.11
1603	Import d'ajuts art-20 per lloc de residència	0106020400380005	Import d'ajuts art-20 per lloc de residència. Andorra La Vella	2023	1540604.88
1603	Import d'ajuts art-20 per lloc de residència	0106020400380005	Import d'ajuts art-20 per lloc de residència. Andorra La Vella	2024	1897398.39
1603	Import d'ajuts art-20 per lloc de residència	0106020400380005	Import d'ajuts art-20 per lloc de residència. Andorra La Vella	2025	2121096.34
1603	Import d'ajuts art-20 per lloc de residència	0106020400380006	Import d'ajuts art-20 per lloc de residència. Sant Julià de Lòria	2013	186547.2
1603	Import d'ajuts art-20 per lloc de residència	0106020400380006	Import d'ajuts art-20 per lloc de residència. Sant Julià de Lòria	2014	208046.43
1603	Import d'ajuts art-20 per lloc de residència	0106020400380006	Import d'ajuts art-20 per lloc de residència. Sant Julià de Lòria	2015	229940.06
1603	Import d'ajuts art-20 per lloc de residència	0106020400380006	Import d'ajuts art-20 per lloc de residència. Sant Julià de Lòria	2016	218012.77
1603	Import d'ajuts art-20 per lloc de residència	0106020400380006	Import d'ajuts art-20 per lloc de residència. Sant Julià de Lòria	2017	271815.6
1603	Import d'ajuts art-20 per lloc de residència	0106020400380006	Import d'ajuts art-20 per lloc de residència. Sant Julià de Lòria	2018	357891.61
1603	Import d'ajuts art-20 per lloc de residència	0106020400380006	Import d'ajuts art-20 per lloc de residència. Sant Julià de Lòria	2019	438663.42
1603	Import d'ajuts art-20 per lloc de residència	0106020400380006	Import d'ajuts art-20 per lloc de residència. Sant Julià de Lòria	2020	515294.44
1603	Import d'ajuts art-20 per lloc de residència	0106020400380006	Import d'ajuts art-20 per lloc de residència. Sant Julià de Lòria	2021	572575.04
1603	Import d'ajuts art-20 per lloc de residència	0106020400380006	Import d'ajuts art-20 per lloc de residència. Sant Julià de Lòria	2022	649796.69
1603	Import d'ajuts art-20 per lloc de residència	0106020400380006	Import d'ajuts art-20 per lloc de residència. Sant Julià de Lòria	2023	709871.85
1603	Import d'ajuts art-20 per lloc de residència	0106020400380006	Import d'ajuts art-20 per lloc de residència. Sant Julià de Lòria	2024	723024.6
1603	Import d'ajuts art-20 per lloc de residència	0106020400380006	Import d'ajuts art-20 per lloc de residència. Sant Julià de Lòria	2025	805479.62
1603	Import d'ajuts art-20 per lloc de residència	0106020400380007	Import d'ajuts art-20 per lloc de residència. Escaldes-Engordany	2013	215850.91
1603	Import d'ajuts art-20 per lloc de residència	0106020400380007	Import d'ajuts art-20 per lloc de residència. Escaldes-Engordany	2014	277399.7
1603	Import d'ajuts art-20 per lloc de residència	0106020400380007	Import d'ajuts art-20 per lloc de residència. Escaldes-Engordany	2015	244456.96
1603	Import d'ajuts art-20 per lloc de residència	0106020400380007	Import d'ajuts art-20 per lloc de residència. Escaldes-Engordany	2016	213540.85
1603	Import d'ajuts art-20 per lloc de residència	0106020400380007	Import d'ajuts art-20 per lloc de residència. Escaldes-Engordany	2017	249457.06
1603	Import d'ajuts art-20 per lloc de residència	0106020400380007	Import d'ajuts art-20 per lloc de residència. Escaldes-Engordany	2018	317230.73
1603	Import d'ajuts art-20 per lloc de residència	0106020400380007	Import d'ajuts art-20 per lloc de residència. Escaldes-Engordany	2019	393574.12
1603	Import d'ajuts art-20 per lloc de residència	0106020400380007	Import d'ajuts art-20 per lloc de residència. Escaldes-Engordany	2020	481308.41
1603	Import d'ajuts art-20 per lloc de residència	0106020400380007	Import d'ajuts art-20 per lloc de residència. Escaldes-Engordany	2021	621200.25
1603	Import d'ajuts art-20 per lloc de residència	0106020400380007	Import d'ajuts art-20 per lloc de residència. Escaldes-Engordany	2022	718750.52
1603	Import d'ajuts art-20 per lloc de residència	0106020400380007	Import d'ajuts art-20 per lloc de residència. Escaldes-Engordany	2023	852650.75
1603	Import d'ajuts art-20 per lloc de residència	0106020400380007	Import d'ajuts art-20 per lloc de residència. Escaldes-Engordany	2024	1028253.55
1603	Import d'ajuts art-20 per lloc de residència	0106020400380007	Import d'ajuts art-20 per lloc de residència. Escaldes-Engordany	2025	1167945.45
1603	Import d'ajuts art-20 per lloc de residència	0106020400380008	Import d'ajuts art-20 per lloc de residència. Estranger	2013	0
1603	Import d'ajuts art-20 per lloc de residència	0106020400380008	Import d'ajuts art-20 per lloc de residència. Estranger	2014	0
1603	Import d'ajuts art-20 per lloc de residència	0106020400380008	Import d'ajuts art-20 per lloc de residència. Estranger	2015	0
1603	Import d'ajuts art-20 per lloc de residència	0106020400380008	Import d'ajuts art-20 per lloc de residència. Estranger	2016	0
1603	Import d'ajuts art-20 per lloc de residència	0106020400380008	Import d'ajuts art-20 per lloc de residència. Estranger	2017	0
1603	Import d'ajuts art-20 per lloc de residència	0106020400380008	Import d'ajuts art-20 per lloc de residència. Estranger	2018	3025.95
1603	Import d'ajuts art-20 per lloc de residència	0106020400380008	Import d'ajuts art-20 per lloc de residència. Estranger	2019	0
1603	Import d'ajuts art-20 per lloc de residència	0106020400380008	Import d'ajuts art-20 per lloc de residència. Estranger	2020	0
1603	Import d'ajuts art-20 per lloc de residència	0106020400380008	Import d'ajuts art-20 per lloc de residència. Estranger	2021	0
1603	Import d'ajuts art-20 per lloc de residència	0106020400380008	Import d'ajuts art-20 per lloc de residència. Estranger	2022	0
1603	Import d'ajuts art-20 per lloc de residència	0106020400380008	Import d'ajuts art-20 per lloc de residència. Estranger	2023	0
1603	Import d'ajuts art-20 per lloc de residència	0106020400380008	Import d'ajuts art-20 per lloc de residència. Estranger	2024	0
1603	Import d'ajuts art-20 per lloc de residència	0106020400380008	Import d'ajuts art-20 per lloc de residència. Estranger	2025	0
1603	Import d'ajuts art-20 per lloc de residència	0106020400380009	Import d'ajuts art-20 per lloc de residència. Total	2013	1249571.5
1603	Import d'ajuts art-20 per lloc de residència	0106020400380009	Import d'ajuts art-20 per lloc de residència. Total	2014	1486194.04
1603	Import d'ajuts art-20 per lloc de residència	0106020400380009	Import d'ajuts art-20 per lloc de residència. Total	2015	1438071.96
1603	Import d'ajuts art-20 per lloc de residència	0106020400380009	Import d'ajuts art-20 per lloc de residència. Total	2016	1407225.45
1603	Import d'ajuts art-20 per lloc de residència	0106020400380009	Import d'ajuts art-20 per lloc de residència. Total	2017	1593129.27
1603	Import d'ajuts art-20 per lloc de residència	0106020400380009	Import d'ajuts art-20 per lloc de residència. Total	2018	1983503.27
1603	Import d'ajuts art-20 per lloc de residència	0106020400380009	Import d'ajuts art-20 per lloc de residència. Total	2019	2428353.87
1603	Import d'ajuts art-20 per lloc de residència	0106020400380009	Import d'ajuts art-20 per lloc de residència. Total	2020	2819756.47
1603	Import d'ajuts art-20 per lloc de residència	0106020400380009	Import d'ajuts art-20 per lloc de residència. Total	2021	3175003.03
1603	Import d'ajuts art-20 per lloc de residència	0106020400380009	Import d'ajuts art-20 per lloc de residència. Total	2022	3494944.87
1603	Import d'ajuts art-20 per lloc de residència	0106020400380009	Import d'ajuts art-20 per lloc de residència. Total	2023	3987660.06
1603	Import d'ajuts art-20 per lloc de residència	0106020400380009	Import d'ajuts art-20 per lloc de residència. Total	2024	4672600.6
1603	Import d'ajuts art-20 per lloc de residència	0106020400380009	Import d'ajuts art-20 per lloc de residència. Total	2025	5356439.49
1610	Nombre de prestacions per fills total	0106020500010001	Nombre de prestacions per fills total	2017	506
1610	Nombre de prestacions per fills total	0106020500010001	Nombre de prestacions per fills total	2018	580
1610	Nombre de prestacions per fills total	0106020500010001	Nombre de prestacions per fills total	2019	599
1610	Nombre de prestacions per fills total	0106020500010001	Nombre de prestacions per fills total	2020	595
1610	Nombre de prestacions per fills total	0106020500010001	Nombre de prestacions per fills total	2021	604
1610	Nombre de prestacions per fills total	0106020500010001	Nombre de prestacions per fills total	2022	580
1610	Nombre de prestacions per fills total	0106020500010001	Nombre de prestacions per fills total	2023	549
1610	Nombre de prestacions per fills total	0106020500010001	Nombre de prestacions per fills total	2024	470
1610	Nombre de prestacions per fills total	0106020500010001	Nombre de prestacions per fills total	2025	472
1611	Nombre de prestacions per fills a càrrec per sexe	0106020500020001	Nombre de prestacions per fills a càrrec per sexe. Femení	2017	413
1611	Nombre de prestacions per fills a càrrec per sexe	0106020500020001	Nombre de prestacions per fills a càrrec per sexe. Femení	2018	472
1611	Nombre de prestacions per fills a càrrec per sexe	0106020500020001	Nombre de prestacions per fills a càrrec per sexe. Femení	2019	476
1611	Nombre de prestacions per fills a càrrec per sexe	0106020500020001	Nombre de prestacions per fills a càrrec per sexe. Femení	2020	470
1611	Nombre de prestacions per fills a càrrec per sexe	0106020500020001	Nombre de prestacions per fills a càrrec per sexe. Femení	2021	466
1611	Nombre de prestacions per fills a càrrec per sexe	0106020500020001	Nombre de prestacions per fills a càrrec per sexe. Femení	2022	466
1611	Nombre de prestacions per fills a càrrec per sexe	0106020500020001	Nombre de prestacions per fills a càrrec per sexe. Femení	2023	432
1611	Nombre de prestacions per fills a càrrec per sexe	0106020500020001	Nombre de prestacions per fills a càrrec per sexe. Femení	2024	373
1611	Nombre de prestacions per fills a càrrec per sexe	0106020500020001	Nombre de prestacions per fills a càrrec per sexe. Femení	2025	390
1611	Nombre de prestacions per fills a càrrec per sexe	0106020500020002	Nombre de prestacions per fills a càrrec per sexe. Masculí	2017	93
1611	Nombre de prestacions per fills a càrrec per sexe	0106020500020002	Nombre de prestacions per fills a càrrec per sexe. Masculí	2018	108
1611	Nombre de prestacions per fills a càrrec per sexe	0106020500020002	Nombre de prestacions per fills a càrrec per sexe. Masculí	2019	123
1611	Nombre de prestacions per fills a càrrec per sexe	0106020500020002	Nombre de prestacions per fills a càrrec per sexe. Masculí	2020	125
1611	Nombre de prestacions per fills a càrrec per sexe	0106020500020002	Nombre de prestacions per fills a càrrec per sexe. Masculí	2021	138
1611	Nombre de prestacions per fills a càrrec per sexe	0106020500020002	Nombre de prestacions per fills a càrrec per sexe. Masculí	2022	114
1611	Nombre de prestacions per fills a càrrec per sexe	0106020500020002	Nombre de prestacions per fills a càrrec per sexe. Masculí	2023	117
1611	Nombre de prestacions per fills a càrrec per sexe	0106020500020002	Nombre de prestacions per fills a càrrec per sexe. Masculí	2024	97
1611	Nombre de prestacions per fills a càrrec per sexe	0106020500020002	Nombre de prestacions per fills a càrrec per sexe. Masculí	2025	82
1611	Nombre de prestacions per fills a càrrec per sexe	0106020500020003	Nombre de prestacions per fills a càrrec per sexe. Total	2017	506
1611	Nombre de prestacions per fills a càrrec per sexe	0106020500020003	Nombre de prestacions per fills a càrrec per sexe. Total	2018	580
1611	Nombre de prestacions per fills a càrrec per sexe	0106020500020003	Nombre de prestacions per fills a càrrec per sexe. Total	2019	599
1611	Nombre de prestacions per fills a càrrec per sexe	0106020500020003	Nombre de prestacions per fills a càrrec per sexe. Total	2020	595
1611	Nombre de prestacions per fills a càrrec per sexe	0106020500020003	Nombre de prestacions per fills a càrrec per sexe. Total	2021	604
1611	Nombre de prestacions per fills a càrrec per sexe	0106020500020003	Nombre de prestacions per fills a càrrec per sexe. Total	2022	580
1611	Nombre de prestacions per fills a càrrec per sexe	0106020500020003	Nombre de prestacions per fills a càrrec per sexe. Total	2023	549
1611	Nombre de prestacions per fills a càrrec per sexe	0106020500020003	Nombre de prestacions per fills a càrrec per sexe. Total	2024	470
1611	Nombre de prestacions per fills a càrrec per sexe	0106020500020003	Nombre de prestacions per fills a càrrec per sexe. Total	2025	472
1612	Nombre de prestacions per fills a càrrec per edat	0106020500030001	Nombre de prestacions per fills a càrrec per edat. Menys de 25 anys	2017	8
1612	Nombre de prestacions per fills a càrrec per edat	0106020500030001	Nombre de prestacions per fills a càrrec per edat. Menys de 25 anys	2018	8
1612	Nombre de prestacions per fills a càrrec per edat	0106020500030001	Nombre de prestacions per fills a càrrec per edat. Menys de 25 anys	2019	12
1612	Nombre de prestacions per fills a càrrec per edat	0106020500030001	Nombre de prestacions per fills a càrrec per edat. Menys de 25 anys	2020	5
1612	Nombre de prestacions per fills a càrrec per edat	0106020500030001	Nombre de prestacions per fills a càrrec per edat. Menys de 25 anys	2021	5
1612	Nombre de prestacions per fills a càrrec per edat	0106020500030001	Nombre de prestacions per fills a càrrec per edat. Menys de 25 anys	2022	7
1612	Nombre de prestacions per fills a càrrec per edat	0106020500030001	Nombre de prestacions per fills a càrrec per edat. Menys de 25 anys	2023	7
1612	Nombre de prestacions per fills a càrrec per edat	0106020500030001	Nombre de prestacions per fills a càrrec per edat. Menys de 25 anys	2024	9
1612	Nombre de prestacions per fills a càrrec per edat	0106020500030001	Nombre de prestacions per fills a càrrec per edat. Menys de 25 anys	2025	4
1612	Nombre de prestacions per fills a càrrec per edat	0106020500030002	Nombre de prestacions per fills a càrrec per edat. 25-40 anys	2017	257
1612	Nombre de prestacions per fills a càrrec per edat	0106020500030002	Nombre de prestacions per fills a càrrec per edat. 25-40 anys	2018	282
1612	Nombre de prestacions per fills a càrrec per edat	0106020500030002	Nombre de prestacions per fills a càrrec per edat. 25-40 anys	2019	281
1612	Nombre de prestacions per fills a càrrec per edat	0106020500030002	Nombre de prestacions per fills a càrrec per edat. 25-40 anys	2020	269
1612	Nombre de prestacions per fills a càrrec per edat	0106020500030002	Nombre de prestacions per fills a càrrec per edat. 25-40 anys	2021	251
1612	Nombre de prestacions per fills a càrrec per edat	0106020500030002	Nombre de prestacions per fills a càrrec per edat. 25-40 anys	2022	211
1612	Nombre de prestacions per fills a càrrec per edat	0106020500030002	Nombre de prestacions per fills a càrrec per edat. 25-40 anys	2023	194
1612	Nombre de prestacions per fills a càrrec per edat	0106020500030002	Nombre de prestacions per fills a càrrec per edat. 25-40 anys	2024	151
1612	Nombre de prestacions per fills a càrrec per edat	0106020500030002	Nombre de prestacions per fills a càrrec per edat. 25-40 anys	2025	169
1612	Nombre de prestacions per fills a càrrec per edat	0106020500030003	Nombre de prestacions per fills a càrrec per edat. 41-60 anys	2017	232
1612	Nombre de prestacions per fills a càrrec per edat	0106020500030003	Nombre de prestacions per fills a càrrec per edat. 41-60 anys	2018	281
1612	Nombre de prestacions per fills a càrrec per edat	0106020500030003	Nombre de prestacions per fills a càrrec per edat. 41-60 anys	2019	289
1612	Nombre de prestacions per fills a càrrec per edat	0106020500030003	Nombre de prestacions per fills a càrrec per edat. 41-60 anys	2020	310
1612	Nombre de prestacions per fills a càrrec per edat	0106020500030003	Nombre de prestacions per fills a càrrec per edat. 41-60 anys	2021	336
1612	Nombre de prestacions per fills a càrrec per edat	0106020500030003	Nombre de prestacions per fills a càrrec per edat. 41-60 anys	2022	351
1612	Nombre de prestacions per fills a càrrec per edat	0106020500030003	Nombre de prestacions per fills a càrrec per edat. 41-60 anys	2023	332
1612	Nombre de prestacions per fills a càrrec per edat	0106020500030003	Nombre de prestacions per fills a càrrec per edat. 41-60 anys	2024	295
1612	Nombre de prestacions per fills a càrrec per edat	0106020500030003	Nombre de prestacions per fills a càrrec per edat. 41-60 anys	2025	287
1612	Nombre de prestacions per fills a càrrec per edat	0106020500030004	Nombre de prestacions per fills a càrrec per edat. Més de 60 anys	2017	9
1612	Nombre de prestacions per fills a càrrec per edat	0106020500030004	Nombre de prestacions per fills a càrrec per edat. Més de 60 anys	2018	9
1612	Nombre de prestacions per fills a càrrec per edat	0106020500030004	Nombre de prestacions per fills a càrrec per edat. Més de 60 anys	2019	17
1612	Nombre de prestacions per fills a càrrec per edat	0106020500030004	Nombre de prestacions per fills a càrrec per edat. Més de 60 anys	2020	11
1612	Nombre de prestacions per fills a càrrec per edat	0106020500030004	Nombre de prestacions per fills a càrrec per edat. Més de 60 anys	2021	12
1612	Nombre de prestacions per fills a càrrec per edat	0106020500030004	Nombre de prestacions per fills a càrrec per edat. Més de 60 anys	2022	11
1612	Nombre de prestacions per fills a càrrec per edat	0106020500030004	Nombre de prestacions per fills a càrrec per edat. Més de 60 anys	2023	16
1612	Nombre de prestacions per fills a càrrec per edat	0106020500030004	Nombre de prestacions per fills a càrrec per edat. Més de 60 anys	2024	15
1612	Nombre de prestacions per fills a càrrec per edat	0106020500030004	Nombre de prestacions per fills a càrrec per edat. Més de 60 anys	2025	12
1612	Nombre de prestacions per fills a càrrec per edat	0106020500030005	Nombre de prestacions per fills a càrrec per edat. Total	2017	506
1612	Nombre de prestacions per fills a càrrec per edat	0106020500030005	Nombre de prestacions per fills a càrrec per edat. Total	2018	580
1612	Nombre de prestacions per fills a càrrec per edat	0106020500030005	Nombre de prestacions per fills a càrrec per edat. Total	2019	599
1612	Nombre de prestacions per fills a càrrec per edat	0106020500030005	Nombre de prestacions per fills a càrrec per edat. Total	2020	595
1612	Nombre de prestacions per fills a càrrec per edat	0106020500030005	Nombre de prestacions per fills a càrrec per edat. Total	2021	604
1612	Nombre de prestacions per fills a càrrec per edat	0106020500030005	Nombre de prestacions per fills a càrrec per edat. Total	2022	580
1612	Nombre de prestacions per fills a càrrec per edat	0106020500030005	Nombre de prestacions per fills a càrrec per edat. Total	2023	549
1612	Nombre de prestacions per fills a càrrec per edat	0106020500030005	Nombre de prestacions per fills a càrrec per edat. Total	2024	470
1612	Nombre de prestacions per fills a càrrec per edat	0106020500030005	Nombre de prestacions per fills a càrrec per edat. Total	2025	472
1613	Nombre de prestacions per fills a càrrec per nacionalitat	0106020500040001	Nombre de prestacions per fills a càrrec per nacionalitat. Andorrana	2017	142
1613	Nombre de prestacions per fills a càrrec per nacionalitat	0106020500040001	Nombre de prestacions per fills a càrrec per nacionalitat. Andorrana	2018	167
1613	Nombre de prestacions per fills a càrrec per nacionalitat	0106020500040001	Nombre de prestacions per fills a càrrec per nacionalitat. Andorrana	2019	186
1613	Nombre de prestacions per fills a càrrec per nacionalitat	0106020500040001	Nombre de prestacions per fills a càrrec per nacionalitat. Andorrana	2020	194
1613	Nombre de prestacions per fills a càrrec per nacionalitat	0106020500040001	Nombre de prestacions per fills a càrrec per nacionalitat. Andorrana	2021	192
1613	Nombre de prestacions per fills a càrrec per nacionalitat	0106020500040001	Nombre de prestacions per fills a càrrec per nacionalitat. Andorrana	2022	188
1613	Nombre de prestacions per fills a càrrec per nacionalitat	0106020500040001	Nombre de prestacions per fills a càrrec per nacionalitat. Andorrana	2023	179
1613	Nombre de prestacions per fills a càrrec per nacionalitat	0106020500040001	Nombre de prestacions per fills a càrrec per nacionalitat. Andorrana	2024	150
1613	Nombre de prestacions per fills a càrrec per nacionalitat	0106020500040001	Nombre de prestacions per fills a càrrec per nacionalitat. Andorrana	2025	165
1613	Nombre de prestacions per fills a càrrec per nacionalitat	0106020500040002	Nombre de prestacions per fills a càrrec per nacionalitat. Espanyola	2017	112
1613	Nombre de prestacions per fills a càrrec per nacionalitat	0106020500040002	Nombre de prestacions per fills a càrrec per nacionalitat. Espanyola	2018	127
1613	Nombre de prestacions per fills a càrrec per nacionalitat	0106020500040002	Nombre de prestacions per fills a càrrec per nacionalitat. Espanyola	2019	140
1613	Nombre de prestacions per fills a càrrec per nacionalitat	0106020500040002	Nombre de prestacions per fills a càrrec per nacionalitat. Espanyola	2020	117
1613	Nombre de prestacions per fills a càrrec per nacionalitat	0106020500040002	Nombre de prestacions per fills a càrrec per nacionalitat. Espanyola	2021	126
1613	Nombre de prestacions per fills a càrrec per nacionalitat	0106020500040002	Nombre de prestacions per fills a càrrec per nacionalitat. Espanyola	2022	127
1613	Nombre de prestacions per fills a càrrec per nacionalitat	0106020500040002	Nombre de prestacions per fills a càrrec per nacionalitat. Espanyola	2023	129
1613	Nombre de prestacions per fills a càrrec per nacionalitat	0106020500040002	Nombre de prestacions per fills a càrrec per nacionalitat. Espanyola	2024	103
1613	Nombre de prestacions per fills a càrrec per nacionalitat	0106020500040002	Nombre de prestacions per fills a càrrec per nacionalitat. Espanyola	2025	108
1613	Nombre de prestacions per fills a càrrec per nacionalitat	0106020500040003	Nombre de prestacions per fills a càrrec per nacionalitat. Portuguesa	2017	148
1613	Nombre de prestacions per fills a càrrec per nacionalitat	0106020500040003	Nombre de prestacions per fills a càrrec per nacionalitat. Portuguesa	2018	156
1613	Nombre de prestacions per fills a càrrec per nacionalitat	0106020500040003	Nombre de prestacions per fills a càrrec per nacionalitat. Portuguesa	2019	150
1613	Nombre de prestacions per fills a càrrec per nacionalitat	0106020500040003	Nombre de prestacions per fills a càrrec per nacionalitat. Portuguesa	2020	153
1613	Nombre de prestacions per fills a càrrec per nacionalitat	0106020500040003	Nombre de prestacions per fills a càrrec per nacionalitat. Portuguesa	2021	157
1613	Nombre de prestacions per fills a càrrec per nacionalitat	0106020500040003	Nombre de prestacions per fills a càrrec per nacionalitat. Portuguesa	2022	148
1613	Nombre de prestacions per fills a càrrec per nacionalitat	0106020500040003	Nombre de prestacions per fills a càrrec per nacionalitat. Portuguesa	2023	120
1613	Nombre de prestacions per fills a càrrec per nacionalitat	0106020500040003	Nombre de prestacions per fills a càrrec per nacionalitat. Portuguesa	2024	116
1613	Nombre de prestacions per fills a càrrec per nacionalitat	0106020500040003	Nombre de prestacions per fills a càrrec per nacionalitat. Portuguesa	2025	99
1613	Nombre de prestacions per fills a càrrec per nacionalitat	0106020500040004	Nombre de prestacions per fills a càrrec per nacionalitat. Francesa	2017	7
1613	Nombre de prestacions per fills a càrrec per nacionalitat	0106020500040004	Nombre de prestacions per fills a càrrec per nacionalitat. Francesa	2018	8
1613	Nombre de prestacions per fills a càrrec per nacionalitat	0106020500040004	Nombre de prestacions per fills a càrrec per nacionalitat. Francesa	2019	10
1613	Nombre de prestacions per fills a càrrec per nacionalitat	0106020500040004	Nombre de prestacions per fills a càrrec per nacionalitat. Francesa	2020	11
1613	Nombre de prestacions per fills a càrrec per nacionalitat	0106020500040004	Nombre de prestacions per fills a càrrec per nacionalitat. Francesa	2021	10
1613	Nombre de prestacions per fills a càrrec per nacionalitat	0106020500040004	Nombre de prestacions per fills a càrrec per nacionalitat. Francesa	2022	8
1613	Nombre de prestacions per fills a càrrec per nacionalitat	0106020500040004	Nombre de prestacions per fills a càrrec per nacionalitat. Francesa	2023	3
1613	Nombre de prestacions per fills a càrrec per nacionalitat	0106020500040004	Nombre de prestacions per fills a càrrec per nacionalitat. Francesa	2024	1
1613	Nombre de prestacions per fills a càrrec per nacionalitat	0106020500040004	Nombre de prestacions per fills a càrrec per nacionalitat. Francesa	2025	1
1613	Nombre de prestacions per fills a càrrec per nacionalitat	0106020500040005	Nombre de prestacions per fills a càrrec per nacionalitat. Altres	2017	97
1613	Nombre de prestacions per fills a càrrec per nacionalitat	0106020500040005	Nombre de prestacions per fills a càrrec per nacionalitat. Altres	2018	122
1613	Nombre de prestacions per fills a càrrec per nacionalitat	0106020500040005	Nombre de prestacions per fills a càrrec per nacionalitat. Altres	2019	113
1613	Nombre de prestacions per fills a càrrec per nacionalitat	0106020500040005	Nombre de prestacions per fills a càrrec per nacionalitat. Altres	2020	120
1613	Nombre de prestacions per fills a càrrec per nacionalitat	0106020500040005	Nombre de prestacions per fills a càrrec per nacionalitat. Altres	2021	119
1613	Nombre de prestacions per fills a càrrec per nacionalitat	0106020500040005	Nombre de prestacions per fills a càrrec per nacionalitat. Altres	2022	109
1613	Nombre de prestacions per fills a càrrec per nacionalitat	0106020500040005	Nombre de prestacions per fills a càrrec per nacionalitat. Altres	2023	118
1613	Nombre de prestacions per fills a càrrec per nacionalitat	0106020500040005	Nombre de prestacions per fills a càrrec per nacionalitat. Altres	2024	100
1613	Nombre de prestacions per fills a càrrec per nacionalitat	0106020500040005	Nombre de prestacions per fills a càrrec per nacionalitat. Altres	2025	99
1613	Nombre de prestacions per fills a càrrec per nacionalitat	0106020500040006	Nombre de prestacions per fills a càrrec per nacionalitat. Total	2017	506
1613	Nombre de prestacions per fills a càrrec per nacionalitat	0106020500040006	Nombre de prestacions per fills a càrrec per nacionalitat. Total	2018	580
1613	Nombre de prestacions per fills a càrrec per nacionalitat	0106020500040006	Nombre de prestacions per fills a càrrec per nacionalitat. Total	2019	599
1613	Nombre de prestacions per fills a càrrec per nacionalitat	0106020500040006	Nombre de prestacions per fills a càrrec per nacionalitat. Total	2020	595
1613	Nombre de prestacions per fills a càrrec per nacionalitat	0106020500040006	Nombre de prestacions per fills a càrrec per nacionalitat. Total	2021	604
1613	Nombre de prestacions per fills a càrrec per nacionalitat	0106020500040006	Nombre de prestacions per fills a càrrec per nacionalitat. Total	2022	580
1613	Nombre de prestacions per fills a càrrec per nacionalitat	0106020500040006	Nombre de prestacions per fills a càrrec per nacionalitat. Total	2023	549
1613	Nombre de prestacions per fills a càrrec per nacionalitat	0106020500040006	Nombre de prestacions per fills a càrrec per nacionalitat. Total	2024	470
1613	Nombre de prestacions per fills a càrrec per nacionalitat	0106020500040006	Nombre de prestacions per fills a càrrec per nacionalitat. Total	2025	472
1614	Nombre de prestacions per fills a càrrec per lloc de residència	0106020500050001	Nombre de prestacions per fills a càrrec per lloc de residència. Canillo	2018	15
1614	Nombre de prestacions per fills a càrrec per lloc de residència	0106020500050001	Nombre de prestacions per fills a càrrec per lloc de residència. Canillo	2019	16
1614	Nombre de prestacions per fills a càrrec per lloc de residència	0106020500050001	Nombre de prestacions per fills a càrrec per lloc de residència. Canillo	2020	18
1614	Nombre de prestacions per fills a càrrec per lloc de residència	0106020500050001	Nombre de prestacions per fills a càrrec per lloc de residència. Canillo	2021	23
1614	Nombre de prestacions per fills a càrrec per lloc de residència	0106020500050001	Nombre de prestacions per fills a càrrec per lloc de residència. Canillo	2022	18
1614	Nombre de prestacions per fills a càrrec per lloc de residència	0106020500050001	Nombre de prestacions per fills a càrrec per lloc de residència. Canillo	2023	18
1614	Nombre de prestacions per fills a càrrec per lloc de residència	0106020500050001	Nombre de prestacions per fills a càrrec per lloc de residència. Canillo	2024	18
1614	Nombre de prestacions per fills a càrrec per lloc de residència	0106020500050001	Nombre de prestacions per fills a càrrec per lloc de residència. Canillo	2025	25
1614	Nombre de prestacions per fills a càrrec per lloc de residència	0106020500050002	Nombre de prestacions per fills a càrrec per lloc de residència. Encamp	2018	71
1614	Nombre de prestacions per fills a càrrec per lloc de residència	0106020500050002	Nombre de prestacions per fills a càrrec per lloc de residència. Encamp	2019	80
1614	Nombre de prestacions per fills a càrrec per lloc de residència	0106020500050002	Nombre de prestacions per fills a càrrec per lloc de residència. Encamp	2020	82
1614	Nombre de prestacions per fills a càrrec per lloc de residència	0106020500050002	Nombre de prestacions per fills a càrrec per lloc de residència. Encamp	2021	84
1614	Nombre de prestacions per fills a càrrec per lloc de residència	0106020500050002	Nombre de prestacions per fills a càrrec per lloc de residència. Encamp	2022	88
1614	Nombre de prestacions per fills a càrrec per lloc de residència	0106020500050002	Nombre de prestacions per fills a càrrec per lloc de residència. Encamp	2023	74
1614	Nombre de prestacions per fills a càrrec per lloc de residència	0106020500050002	Nombre de prestacions per fills a càrrec per lloc de residència. Encamp	2024	61
1614	Nombre de prestacions per fills a càrrec per lloc de residència	0106020500050002	Nombre de prestacions per fills a càrrec per lloc de residència. Encamp	2025	70
1614	Nombre de prestacions per fills a càrrec per lloc de residència	0106020500050003	Nombre de prestacions per fills a càrrec per lloc de residència. Ordino	2018	18
1614	Nombre de prestacions per fills a càrrec per lloc de residència	0106020500050003	Nombre de prestacions per fills a càrrec per lloc de residència. Ordino	2019	21
1614	Nombre de prestacions per fills a càrrec per lloc de residència	0106020500050003	Nombre de prestacions per fills a càrrec per lloc de residència. Ordino	2020	14
1614	Nombre de prestacions per fills a càrrec per lloc de residència	0106020500050003	Nombre de prestacions per fills a càrrec per lloc de residència. Ordino	2021	20
1614	Nombre de prestacions per fills a càrrec per lloc de residència	0106020500050003	Nombre de prestacions per fills a càrrec per lloc de residència. Ordino	2022	17
1614	Nombre de prestacions per fills a càrrec per lloc de residència	0106020500050003	Nombre de prestacions per fills a càrrec per lloc de residència. Ordino	2023	19
1614	Nombre de prestacions per fills a càrrec per lloc de residència	0106020500050003	Nombre de prestacions per fills a càrrec per lloc de residència. Ordino	2024	22
1614	Nombre de prestacions per fills a càrrec per lloc de residència	0106020500050003	Nombre de prestacions per fills a càrrec per lloc de residència. Ordino	2025	20
1614	Nombre de prestacions per fills a càrrec per lloc de residència	0106020500050004	Nombre de prestacions per fills a càrrec per lloc de residència. La Massana	2018	44
1614	Nombre de prestacions per fills a càrrec per lloc de residència	0106020500050004	Nombre de prestacions per fills a càrrec per lloc de residència. La Massana	2019	51
1614	Nombre de prestacions per fills a càrrec per lloc de residència	0106020500050004	Nombre de prestacions per fills a càrrec per lloc de residència. La Massana	2020	51
1614	Nombre de prestacions per fills a càrrec per lloc de residència	0106020500050004	Nombre de prestacions per fills a càrrec per lloc de residència. La Massana	2021	47
1614	Nombre de prestacions per fills a càrrec per lloc de residència	0106020500050004	Nombre de prestacions per fills a càrrec per lloc de residència. La Massana	2022	43
1614	Nombre de prestacions per fills a càrrec per lloc de residència	0106020500050004	Nombre de prestacions per fills a càrrec per lloc de residència. La Massana	2023	40
1614	Nombre de prestacions per fills a càrrec per lloc de residència	0106020500050004	Nombre de prestacions per fills a càrrec per lloc de residència. La Massana	2024	38
1614	Nombre de prestacions per fills a càrrec per lloc de residència	0106020500050004	Nombre de prestacions per fills a càrrec per lloc de residència. La Massana	2025	39
1614	Nombre de prestacions per fills a càrrec per lloc de residència	0106020500050005	Nombre de prestacions per fills a càrrec per lloc de residència. Andorra La Vella	2018	272
1614	Nombre de prestacions per fills a càrrec per lloc de residència	0106020500050005	Nombre de prestacions per fills a càrrec per lloc de residència. Andorra La Vella	2019	270
1614	Nombre de prestacions per fills a càrrec per lloc de residència	0106020500050005	Nombre de prestacions per fills a càrrec per lloc de residència. Andorra La Vella	2020	258
1614	Nombre de prestacions per fills a càrrec per lloc de residència	0106020500050005	Nombre de prestacions per fills a càrrec per lloc de residència. Andorra La Vella	2021	245
1614	Nombre de prestacions per fills a càrrec per lloc de residència	0106020500050005	Nombre de prestacions per fills a càrrec per lloc de residència. Andorra La Vella	2022	238
1614	Nombre de prestacions per fills a càrrec per lloc de residència	0106020500050005	Nombre de prestacions per fills a càrrec per lloc de residència. Andorra La Vella	2023	230
1614	Nombre de prestacions per fills a càrrec per lloc de residència	0106020500050005	Nombre de prestacions per fills a càrrec per lloc de residència. Andorra La Vella	2024	195
1614	Nombre de prestacions per fills a càrrec per lloc de residència	0106020500050005	Nombre de prestacions per fills a càrrec per lloc de residència. Andorra La Vella	2025	179
1614	Nombre de prestacions per fills a càrrec per lloc de residència	0106020500050006	Nombre de prestacions per fills a càrrec per lloc de residència. Sant Julià de Lòria	2018	64
1614	Nombre de prestacions per fills a càrrec per lloc de residència	0106020500050006	Nombre de prestacions per fills a càrrec per lloc de residència. Sant Julià de Lòria	2019	63
1614	Nombre de prestacions per fills a càrrec per lloc de residència	0106020500050006	Nombre de prestacions per fills a càrrec per lloc de residència. Sant Julià de Lòria	2020	69
1614	Nombre de prestacions per fills a càrrec per lloc de residència	0106020500050006	Nombre de prestacions per fills a càrrec per lloc de residència. Sant Julià de Lòria	2021	74
1614	Nombre de prestacions per fills a càrrec per lloc de residència	0106020500050006	Nombre de prestacions per fills a càrrec per lloc de residència. Sant Julià de Lòria	2022	74
1614	Nombre de prestacions per fills a càrrec per lloc de residència	0106020500050006	Nombre de prestacions per fills a càrrec per lloc de residència. Sant Julià de Lòria	2023	68
1614	Nombre de prestacions per fills a càrrec per lloc de residència	0106020500050006	Nombre de prestacions per fills a càrrec per lloc de residència. Sant Julià de Lòria	2024	54
1614	Nombre de prestacions per fills a càrrec per lloc de residència	0106020500050006	Nombre de prestacions per fills a càrrec per lloc de residència. Sant Julià de Lòria	2025	58
1614	Nombre de prestacions per fills a càrrec per lloc de residència	0106020500050007	Nombre de prestacions per fills a càrrec per lloc de residència. Escaldes-Engordany	2018	96
1614	Nombre de prestacions per fills a càrrec per lloc de residència	0106020500050007	Nombre de prestacions per fills a càrrec per lloc de residència. Escaldes-Engordany	2019	98
1614	Nombre de prestacions per fills a càrrec per lloc de residència	0106020500050007	Nombre de prestacions per fills a càrrec per lloc de residència. Escaldes-Engordany	2020	103
1614	Nombre de prestacions per fills a càrrec per lloc de residència	0106020500050007	Nombre de prestacions per fills a càrrec per lloc de residència. Escaldes-Engordany	2021	111
1614	Nombre de prestacions per fills a càrrec per lloc de residència	0106020500050007	Nombre de prestacions per fills a càrrec per lloc de residència. Escaldes-Engordany	2022	102
1614	Nombre de prestacions per fills a càrrec per lloc de residència	0106020500050007	Nombre de prestacions per fills a càrrec per lloc de residència. Escaldes-Engordany	2023	100
1614	Nombre de prestacions per fills a càrrec per lloc de residència	0106020500050007	Nombre de prestacions per fills a càrrec per lloc de residència. Escaldes-Engordany	2024	82
1614	Nombre de prestacions per fills a càrrec per lloc de residència	0106020500050007	Nombre de prestacions per fills a càrrec per lloc de residència. Escaldes-Engordany	2025	81
1614	Nombre de prestacions per fills a càrrec per lloc de residència	0106020500050008	Nombre de prestacions per fills a càrrec per lloc de residència. Estranger	2018	0
1614	Nombre de prestacions per fills a càrrec per lloc de residència	0106020500050008	Nombre de prestacions per fills a càrrec per lloc de residència. Estranger	2019	0
1614	Nombre de prestacions per fills a càrrec per lloc de residència	0106020500050008	Nombre de prestacions per fills a càrrec per lloc de residència. Estranger	2020	0
1614	Nombre de prestacions per fills a càrrec per lloc de residència	0106020500050008	Nombre de prestacions per fills a càrrec per lloc de residència. Estranger	2021	0
1614	Nombre de prestacions per fills a càrrec per lloc de residència	0106020500050008	Nombre de prestacions per fills a càrrec per lloc de residència. Estranger	2022	0
1614	Nombre de prestacions per fills a càrrec per lloc de residència	0106020500050008	Nombre de prestacions per fills a càrrec per lloc de residència. Estranger	2023	0
1614	Nombre de prestacions per fills a càrrec per lloc de residència	0106020500050008	Nombre de prestacions per fills a càrrec per lloc de residència. Estranger	2024	0
1614	Nombre de prestacions per fills a càrrec per lloc de residència	0106020500050008	Nombre de prestacions per fills a càrrec per lloc de residència. Estranger	2025	0
1614	Nombre de prestacions per fills a càrrec per lloc de residència	0106020500050009	Nombre de prestacions per fills a càrrec per lloc de residència. Total	2018	580
1614	Nombre de prestacions per fills a càrrec per lloc de residència	0106020500050009	Nombre de prestacions per fills a càrrec per lloc de residència. Total	2019	599
1614	Nombre de prestacions per fills a càrrec per lloc de residència	0106020500050009	Nombre de prestacions per fills a càrrec per lloc de residència. Total	2020	595
1614	Nombre de prestacions per fills a càrrec per lloc de residència	0106020500050009	Nombre de prestacions per fills a càrrec per lloc de residència. Total	2021	604
1614	Nombre de prestacions per fills a càrrec per lloc de residència	0106020500050009	Nombre de prestacions per fills a càrrec per lloc de residència. Total	2022	580
1614	Nombre de prestacions per fills a càrrec per lloc de residència	0106020500050009	Nombre de prestacions per fills a càrrec per lloc de residència. Total	2023	549
1614	Nombre de prestacions per fills a càrrec per lloc de residència	0106020500050009	Nombre de prestacions per fills a càrrec per lloc de residència. Total	2024	470
1614	Nombre de prestacions per fills a càrrec per lloc de residència	0106020500050009	Nombre de prestacions per fills a càrrec per lloc de residència. Total	2025	472
1615	Nombre de prestacions per fills a càrrec per nombre de fills a càrrec	0106020500060001	Nombre de prestacions per fills a càrrec per nombre de fills a càrrec. 1 fill	2017	206
1615	Nombre de prestacions per fills a càrrec per nombre de fills a càrrec	0106020500060001	Nombre de prestacions per fills a càrrec per nombre de fills a càrrec. 1 fill	2018	254
1615	Nombre de prestacions per fills a càrrec per nombre de fills a càrrec	0106020500060001	Nombre de prestacions per fills a càrrec per nombre de fills a càrrec. 1 fill	2019	251
1615	Nombre de prestacions per fills a càrrec per nombre de fills a càrrec	0106020500060001	Nombre de prestacions per fills a càrrec per nombre de fills a càrrec. 1 fill	2020	252
1615	Nombre de prestacions per fills a càrrec per nombre de fills a càrrec	0106020500060001	Nombre de prestacions per fills a càrrec per nombre de fills a càrrec. 1 fill	2021	249
1615	Nombre de prestacions per fills a càrrec per nombre de fills a càrrec	0106020500060001	Nombre de prestacions per fills a càrrec per nombre de fills a càrrec. 1 fill	2022	253
1615	Nombre de prestacions per fills a càrrec per nombre de fills a càrrec	0106020500060001	Nombre de prestacions per fills a càrrec per nombre de fills a càrrec. 1 fill	2023	234
1615	Nombre de prestacions per fills a càrrec per nombre de fills a càrrec	0106020500060001	Nombre de prestacions per fills a càrrec per nombre de fills a càrrec. 1 fill	2024	197
1615	Nombre de prestacions per fills a càrrec per nombre de fills a càrrec	0106020500060001	Nombre de prestacions per fills a càrrec per nombre de fills a càrrec. 1 fill	2025	200
1615	Nombre de prestacions per fills a càrrec per nombre de fills a càrrec	0106020500060002	Nombre de prestacions per fills a càrrec per nombre de fills a càrrec. 2 fills	2017	201
1615	Nombre de prestacions per fills a càrrec per nombre de fills a càrrec	0106020500060002	Nombre de prestacions per fills a càrrec per nombre de fills a càrrec. 2 fills	2018	209
1615	Nombre de prestacions per fills a càrrec per nombre de fills a càrrec	0106020500060002	Nombre de prestacions per fills a càrrec per nombre de fills a càrrec. 2 fills	2019	235
1615	Nombre de prestacions per fills a càrrec per nombre de fills a càrrec	0106020500060002	Nombre de prestacions per fills a càrrec per nombre de fills a càrrec. 2 fills	2020	235
1615	Nombre de prestacions per fills a càrrec per nombre de fills a càrrec	0106020500060002	Nombre de prestacions per fills a càrrec per nombre de fills a càrrec. 2 fills	2021	247
1615	Nombre de prestacions per fills a càrrec per nombre de fills a càrrec	0106020500060002	Nombre de prestacions per fills a càrrec per nombre de fills a càrrec. 2 fills	2022	230
1615	Nombre de prestacions per fills a càrrec per nombre de fills a càrrec	0106020500060002	Nombre de prestacions per fills a càrrec per nombre de fills a càrrec. 2 fills	2023	223
1615	Nombre de prestacions per fills a càrrec per nombre de fills a càrrec	0106020500060002	Nombre de prestacions per fills a càrrec per nombre de fills a càrrec. 2 fills	2024	187
1615	Nombre de prestacions per fills a càrrec per nombre de fills a càrrec	0106020500060002	Nombre de prestacions per fills a càrrec per nombre de fills a càrrec. 2 fills	2025	195
1615	Nombre de prestacions per fills a càrrec per nombre de fills a càrrec	0106020500060003	Nombre de prestacions per fills a càrrec per nombre de fills a càrrec. 3 fills	2017	77
1615	Nombre de prestacions per fills a càrrec per nombre de fills a càrrec	0106020500060003	Nombre de prestacions per fills a càrrec per nombre de fills a càrrec. 3 fills	2018	95
1615	Nombre de prestacions per fills a càrrec per nombre de fills a càrrec	0106020500060003	Nombre de prestacions per fills a càrrec per nombre de fills a càrrec. 3 fills	2019	96
1615	Nombre de prestacions per fills a càrrec per nombre de fills a càrrec	0106020500060003	Nombre de prestacions per fills a càrrec per nombre de fills a càrrec. 3 fills	2020	86
1615	Nombre de prestacions per fills a càrrec per nombre de fills a càrrec	0106020500060003	Nombre de prestacions per fills a càrrec per nombre de fills a càrrec. 3 fills	2021	90
1615	Nombre de prestacions per fills a càrrec per nombre de fills a càrrec	0106020500060003	Nombre de prestacions per fills a càrrec per nombre de fills a càrrec. 3 fills	2022	79
1615	Nombre de prestacions per fills a càrrec per nombre de fills a càrrec	0106020500060003	Nombre de prestacions per fills a càrrec per nombre de fills a càrrec. 3 fills	2023	79
1615	Nombre de prestacions per fills a càrrec per nombre de fills a càrrec	0106020500060003	Nombre de prestacions per fills a càrrec per nombre de fills a càrrec. 3 fills	2024	77
1615	Nombre de prestacions per fills a càrrec per nombre de fills a càrrec	0106020500060003	Nombre de prestacions per fills a càrrec per nombre de fills a càrrec. 3 fills	2025	68
1615	Nombre de prestacions per fills a càrrec per nombre de fills a càrrec	0106020500060004	Nombre de prestacions per fills a càrrec per nombre de fills a càrrec. 4 fills o mès	2017	22
1615	Nombre de prestacions per fills a càrrec per nombre de fills a càrrec	0106020500060004	Nombre de prestacions per fills a càrrec per nombre de fills a càrrec. 4 fills o mès	2018	22
1615	Nombre de prestacions per fills a càrrec per nombre de fills a càrrec	0106020500060004	Nombre de prestacions per fills a càrrec per nombre de fills a càrrec. 4 fills o mès	2019	17
1615	Nombre de prestacions per fills a càrrec per nombre de fills a càrrec	0106020500060004	Nombre de prestacions per fills a càrrec per nombre de fills a càrrec. 4 fills o mès	2020	22
1615	Nombre de prestacions per fills a càrrec per nombre de fills a càrrec	0106020500060004	Nombre de prestacions per fills a càrrec per nombre de fills a càrrec. 4 fills o mès	2021	18
1615	Nombre de prestacions per fills a càrrec per nombre de fills a càrrec	0106020500060004	Nombre de prestacions per fills a càrrec per nombre de fills a càrrec. 4 fills o mès	2022	18
1615	Nombre de prestacions per fills a càrrec per nombre de fills a càrrec	0106020500060004	Nombre de prestacions per fills a càrrec per nombre de fills a càrrec. 4 fills o mès	2023	13
1615	Nombre de prestacions per fills a càrrec per nombre de fills a càrrec	0106020500060004	Nombre de prestacions per fills a càrrec per nombre de fills a càrrec. 4 fills o mès	2024	9
1615	Nombre de prestacions per fills a càrrec per nombre de fills a càrrec	0106020500060004	Nombre de prestacions per fills a càrrec per nombre de fills a càrrec. 4 fills o mès	2025	9
1615	Nombre de prestacions per fills a càrrec per nombre de fills a càrrec	0106020500060005	Nombre de prestacions per fills a càrrec per nombre de fills a càrrec. Total	2017	506
1615	Nombre de prestacions per fills a càrrec per nombre de fills a càrrec	0106020500060005	Nombre de prestacions per fills a càrrec per nombre de fills a càrrec. Total	2018	580
1615	Nombre de prestacions per fills a càrrec per nombre de fills a càrrec	0106020500060005	Nombre de prestacions per fills a càrrec per nombre de fills a càrrec. Total	2019	599
1615	Nombre de prestacions per fills a càrrec per nombre de fills a càrrec	0106020500060005	Nombre de prestacions per fills a càrrec per nombre de fills a càrrec. Total	2020	595
1615	Nombre de prestacions per fills a càrrec per nombre de fills a càrrec	0106020500060005	Nombre de prestacions per fills a càrrec per nombre de fills a càrrec. Total	2021	604
1615	Nombre de prestacions per fills a càrrec per nombre de fills a càrrec	0106020500060005	Nombre de prestacions per fills a càrrec per nombre de fills a càrrec. Total	2022	580
1615	Nombre de prestacions per fills a càrrec per nombre de fills a càrrec	0106020500060005	Nombre de prestacions per fills a càrrec per nombre de fills a càrrec. Total	2023	549
1615	Nombre de prestacions per fills a càrrec per nombre de fills a càrrec	0106020500060005	Nombre de prestacions per fills a càrrec per nombre de fills a càrrec. Total	2024	470
1615	Nombre de prestacions per fills a càrrec per nombre de fills a càrrec	0106020500060005	Nombre de prestacions per fills a càrrec per nombre de fills a càrrec. Total	2025	472
1625	Import de prestacions per fills a càrrec total	0106020500160001	Import de prestacions per fills a càrrec total	2017	1085039.6
1625	Import de prestacions per fills a càrrec total	0106020500160001	Import de prestacions per fills a càrrec total	2018	1248647.74
1625	Import de prestacions per fills a càrrec total	0106020500160001	Import de prestacions per fills a càrrec total	2019	1301542.9
1625	Import de prestacions per fills a càrrec total	0106020500160001	Import de prestacions per fills a càrrec total	2020	1336479.6
1625	Import de prestacions per fills a càrrec total	0106020500160001	Import de prestacions per fills a càrrec total	2021	1367370.4
1625	Import de prestacions per fills a càrrec total	0106020500160001	Import de prestacions per fills a càrrec total	2022	1380130.47
1625	Import de prestacions per fills a càrrec total	0106020500160001	Import de prestacions per fills a càrrec total	2023	1361511.13
1625	Import de prestacions per fills a càrrec total	0106020500160001	Import de prestacions per fills a càrrec total	2024	1355717.55
1625	Import de prestacions per fills a càrrec total	0106020500160001	Import de prestacions per fills a càrrec total	2025	1361511.13
1670	Nombre de prestacions ocasionals total	0106020600010001	Nombre de prestacions ocasionals total	2016	2069
1670	Nombre de prestacions ocasionals total	0106020600010001	Nombre de prestacions ocasionals total	2017	2820
1670	Nombre de prestacions ocasionals total	0106020600010001	Nombre de prestacions ocasionals total	2018	2843
1670	Nombre de prestacions ocasionals total	0106020600010001	Nombre de prestacions ocasionals total	2019	2517
1670	Nombre de prestacions ocasionals total	0106020600010001	Nombre de prestacions ocasionals total	2020	3372
1670	Nombre de prestacions ocasionals total	0106020600010001	Nombre de prestacions ocasionals total	2021	3051
1670	Nombre de prestacions ocasionals total	0106020600010001	Nombre de prestacions ocasionals total	2022	2162
1670	Nombre de prestacions ocasionals total	0106020600010001	Nombre de prestacions ocasionals total	2023	2875
1670	Nombre de prestacions ocasionals total	0106020600010001	Nombre de prestacions ocasionals total	2024	2923
1670	Nombre de prestacions ocasionals total	0106020600010001	Nombre de prestacions ocasionals total	2025	2981
1671	Nombre de prestacions ocasionals per sexe	0106020600020001	Nombre de prestacions ocasionals per sexe. Femení	2016	1279
1671	Nombre de prestacions ocasionals per sexe	0106020600020001	Nombre de prestacions ocasionals per sexe. Femení	2017	1822
1671	Nombre de prestacions ocasionals per sexe	0106020600020001	Nombre de prestacions ocasionals per sexe. Femení	2018	1902
1671	Nombre de prestacions ocasionals per sexe	0106020600020001	Nombre de prestacions ocasionals per sexe. Femení	2019	1595
1671	Nombre de prestacions ocasionals per sexe	0106020600020001	Nombre de prestacions ocasionals per sexe. Femení	2020	2132
1671	Nombre de prestacions ocasionals per sexe	0106020600020001	Nombre de prestacions ocasionals per sexe. Femení	2021	1833
1671	Nombre de prestacions ocasionals per sexe	0106020600020001	Nombre de prestacions ocasionals per sexe. Femení	2022	1350
1671	Nombre de prestacions ocasionals per sexe	0106020600020001	Nombre de prestacions ocasionals per sexe. Femení	2023	1794
1671	Nombre de prestacions ocasionals per sexe	0106020600020001	Nombre de prestacions ocasionals per sexe. Femení	2024	1905
1671	Nombre de prestacions ocasionals per sexe	0106020600020001	Nombre de prestacions ocasionals per sexe. Femení	2025	1905
1671	Nombre de prestacions ocasionals per sexe	0106020600020002	Nombre de prestacions ocasionals per sexe. Masculí	2016	790
1671	Nombre de prestacions ocasionals per sexe	0106020600020002	Nombre de prestacions ocasionals per sexe. Masculí	2017	998
1671	Nombre de prestacions ocasionals per sexe	0106020600020002	Nombre de prestacions ocasionals per sexe. Masculí	2018	941
1671	Nombre de prestacions ocasionals per sexe	0106020600020002	Nombre de prestacions ocasionals per sexe. Masculí	2019	918
1671	Nombre de prestacions ocasionals per sexe	0106020600020002	Nombre de prestacions ocasionals per sexe. Masculí	2020	1238
1671	Nombre de prestacions ocasionals per sexe	0106020600020002	Nombre de prestacions ocasionals per sexe. Masculí	2021	1218
1671	Nombre de prestacions ocasionals per sexe	0106020600020002	Nombre de prestacions ocasionals per sexe. Masculí	2022	812
1671	Nombre de prestacions ocasionals per sexe	0106020600020002	Nombre de prestacions ocasionals per sexe. Masculí	2023	1081
1671	Nombre de prestacions ocasionals per sexe	0106020600020002	Nombre de prestacions ocasionals per sexe. Masculí	2024	1018
1671	Nombre de prestacions ocasionals per sexe	0106020600020002	Nombre de prestacions ocasionals per sexe. Masculí	2025	1076
1671	Nombre de prestacions ocasionals per sexe	0106020600020003	Nombre de prestacions ocasionals per sexe. Altres	2016	0
1671	Nombre de prestacions ocasionals per sexe	0106020600020003	Nombre de prestacions ocasionals per sexe. Altres	2017	0
1671	Nombre de prestacions ocasionals per sexe	0106020600020003	Nombre de prestacions ocasionals per sexe. Altres	2018	0
1671	Nombre de prestacions ocasionals per sexe	0106020600020003	Nombre de prestacions ocasionals per sexe. Altres	2019	4
1671	Nombre de prestacions ocasionals per sexe	0106020600020003	Nombre de prestacions ocasionals per sexe. Altres	2020	2
1671	Nombre de prestacions ocasionals per sexe	0106020600020003	Nombre de prestacions ocasionals per sexe. Altres	2021	0
1671	Nombre de prestacions ocasionals per sexe	0106020600020003	Nombre de prestacions ocasionals per sexe. Altres	2022	0
1671	Nombre de prestacions ocasionals per sexe	0106020600020003	Nombre de prestacions ocasionals per sexe. Altres	2023	0
1671	Nombre de prestacions ocasionals per sexe	0106020600020003	Nombre de prestacions ocasionals per sexe. Altres	2024	0
1671	Nombre de prestacions ocasionals per sexe	0106020600020003	Nombre de prestacions ocasionals per sexe. Altres	2025	0
1671	Nombre de prestacions ocasionals per sexe	0106020600020004	Nombre de prestacions ocasionals per sexe. Total	2016	2069
1671	Nombre de prestacions ocasionals per sexe	0106020600020004	Nombre de prestacions ocasionals per sexe. Total	2017	2820
1671	Nombre de prestacions ocasionals per sexe	0106020600020004	Nombre de prestacions ocasionals per sexe. Total	2018	2843
1671	Nombre de prestacions ocasionals per sexe	0106020600020004	Nombre de prestacions ocasionals per sexe. Total	2019	2517
1671	Nombre de prestacions ocasionals per sexe	0106020600020004	Nombre de prestacions ocasionals per sexe. Total	2020	3372
1671	Nombre de prestacions ocasionals per sexe	0106020600020004	Nombre de prestacions ocasionals per sexe. Total	2021	3051
1671	Nombre de prestacions ocasionals per sexe	0106020600020004	Nombre de prestacions ocasionals per sexe. Total	2022	2162
1671	Nombre de prestacions ocasionals per sexe	0106020600020004	Nombre de prestacions ocasionals per sexe. Total	2023	2875
1671	Nombre de prestacions ocasionals per sexe	0106020600020004	Nombre de prestacions ocasionals per sexe. Total	2024	2923
1671	Nombre de prestacions ocasionals per sexe	0106020600020004	Nombre de prestacions ocasionals per sexe. Total	2025	2981
1672	Nombre de prestacions ocasionals per edat	0106020600030001	Nombre de prestacions ocasionals per edat. Menys de 15 anys	2016	0
1672	Nombre de prestacions ocasionals per edat	0106020600030001	Nombre de prestacions ocasionals per edat. Menys de 15 anys	2017	0
1672	Nombre de prestacions ocasionals per edat	0106020600030001	Nombre de prestacions ocasionals per edat. Menys de 15 anys	2018	0
1672	Nombre de prestacions ocasionals per edat	0106020600030001	Nombre de prestacions ocasionals per edat. Menys de 15 anys	2019	2
1672	Nombre de prestacions ocasionals per edat	0106020600030001	Nombre de prestacions ocasionals per edat. Menys de 15 anys	2020	5
1672	Nombre de prestacions ocasionals per edat	0106020600030001	Nombre de prestacions ocasionals per edat. Menys de 15 anys	2021	1
1672	Nombre de prestacions ocasionals per edat	0106020600030001	Nombre de prestacions ocasionals per edat. Menys de 15 anys	2022	0
1672	Nombre de prestacions ocasionals per edat	0106020600030001	Nombre de prestacions ocasionals per edat. Menys de 15 anys	2023	6
1672	Nombre de prestacions ocasionals per edat	0106020600030001	Nombre de prestacions ocasionals per edat. Menys de 15 anys	2024	0
1672	Nombre de prestacions ocasionals per edat	0106020600030001	Nombre de prestacions ocasionals per edat. Menys de 15 anys	2025	1
1672	Nombre de prestacions ocasionals per edat	0106020600030002	Nombre de prestacions ocasionals per edat. Entre 15 i 19 anys	2016	44
1672	Nombre de prestacions ocasionals per edat	0106020600030002	Nombre de prestacions ocasionals per edat. Entre 15 i 19 anys	2017	81
1672	Nombre de prestacions ocasionals per edat	0106020600030002	Nombre de prestacions ocasionals per edat. Entre 15 i 19 anys	2018	70
1672	Nombre de prestacions ocasionals per edat	0106020600030002	Nombre de prestacions ocasionals per edat. Entre 15 i 19 anys	2019	46
1672	Nombre de prestacions ocasionals per edat	0106020600030002	Nombre de prestacions ocasionals per edat. Entre 15 i 19 anys	2020	60
1672	Nombre de prestacions ocasionals per edat	0106020600030002	Nombre de prestacions ocasionals per edat. Entre 15 i 19 anys	2021	40
1672	Nombre de prestacions ocasionals per edat	0106020600030002	Nombre de prestacions ocasionals per edat. Entre 15 i 19 anys	2022	39
1672	Nombre de prestacions ocasionals per edat	0106020600030002	Nombre de prestacions ocasionals per edat. Entre 15 i 19 anys	2023	36
1672	Nombre de prestacions ocasionals per edat	0106020600030002	Nombre de prestacions ocasionals per edat. Entre 15 i 19 anys	2024	25
1672	Nombre de prestacions ocasionals per edat	0106020600030002	Nombre de prestacions ocasionals per edat. Entre 15 i 19 anys	2025	32
1672	Nombre de prestacions ocasionals per edat	0106020600030003	Nombre de prestacions ocasionals per edat. Entre 20 i 24 anys	2016	87
1672	Nombre de prestacions ocasionals per edat	0106020600030003	Nombre de prestacions ocasionals per edat. Entre 20 i 24 anys	2017	105
1672	Nombre de prestacions ocasionals per edat	0106020600030003	Nombre de prestacions ocasionals per edat. Entre 20 i 24 anys	2018	159
1672	Nombre de prestacions ocasionals per edat	0106020600030003	Nombre de prestacions ocasionals per edat. Entre 20 i 24 anys	2019	82
1672	Nombre de prestacions ocasionals per edat	0106020600030003	Nombre de prestacions ocasionals per edat. Entre 20 i 24 anys	2020	121
1672	Nombre de prestacions ocasionals per edat	0106020600030003	Nombre de prestacions ocasionals per edat. Entre 20 i 24 anys	2021	96
1672	Nombre de prestacions ocasionals per edat	0106020600030003	Nombre de prestacions ocasionals per edat. Entre 20 i 24 anys	2022	54
1672	Nombre de prestacions ocasionals per edat	0106020600030003	Nombre de prestacions ocasionals per edat. Entre 20 i 24 anys	2023	71
1672	Nombre de prestacions ocasionals per edat	0106020600030003	Nombre de prestacions ocasionals per edat. Entre 20 i 24 anys	2024	72
1672	Nombre de prestacions ocasionals per edat	0106020600030003	Nombre de prestacions ocasionals per edat. Entre 20 i 24 anys	2025	33
1672	Nombre de prestacions ocasionals per edat	0106020600030004	Nombre de prestacions ocasionals per edat. Entre 25 i 29 anys	2016	109
1672	Nombre de prestacions ocasionals per edat	0106020600030004	Nombre de prestacions ocasionals per edat. Entre 25 i 29 anys	2017	235
1672	Nombre de prestacions ocasionals per edat	0106020600030004	Nombre de prestacions ocasionals per edat. Entre 25 i 29 anys	2018	278
1672	Nombre de prestacions ocasionals per edat	0106020600030004	Nombre de prestacions ocasionals per edat. Entre 25 i 29 anys	2019	232
1672	Nombre de prestacions ocasionals per edat	0106020600030004	Nombre de prestacions ocasionals per edat. Entre 25 i 29 anys	2020	307
1672	Nombre de prestacions ocasionals per edat	0106020600030004	Nombre de prestacions ocasionals per edat. Entre 25 i 29 anys	2021	214
1672	Nombre de prestacions ocasionals per edat	0106020600030004	Nombre de prestacions ocasionals per edat. Entre 25 i 29 anys	2022	109
1672	Nombre de prestacions ocasionals per edat	0106020600030004	Nombre de prestacions ocasionals per edat. Entre 25 i 29 anys	2023	131
1672	Nombre de prestacions ocasionals per edat	0106020600030004	Nombre de prestacions ocasionals per edat. Entre 25 i 29 anys	2024	81
1672	Nombre de prestacions ocasionals per edat	0106020600030004	Nombre de prestacions ocasionals per edat. Entre 25 i 29 anys	2025	66
1672	Nombre de prestacions ocasionals per edat	0106020600030005	Nombre de prestacions ocasionals per edat. Entre 30 i 34 anys	2016	203
1672	Nombre de prestacions ocasionals per edat	0106020600030005	Nombre de prestacions ocasionals per edat. Entre 30 i 34 anys	2017	241
1672	Nombre de prestacions ocasionals per edat	0106020600030005	Nombre de prestacions ocasionals per edat. Entre 30 i 34 anys	2018	191
1672	Nombre de prestacions ocasionals per edat	0106020600030005	Nombre de prestacions ocasionals per edat. Entre 30 i 34 anys	2019	171
1672	Nombre de prestacions ocasionals per edat	0106020600030005	Nombre de prestacions ocasionals per edat. Entre 30 i 34 anys	2020	311
1672	Nombre de prestacions ocasionals per edat	0106020600030005	Nombre de prestacions ocasionals per edat. Entre 30 i 34 anys	2021	314
1672	Nombre de prestacions ocasionals per edat	0106020600030005	Nombre de prestacions ocasionals per edat. Entre 30 i 34 anys	2022	186
1672	Nombre de prestacions ocasionals per edat	0106020600030005	Nombre de prestacions ocasionals per edat. Entre 30 i 34 anys	2023	306
1672	Nombre de prestacions ocasionals per edat	0106020600030005	Nombre de prestacions ocasionals per edat. Entre 30 i 34 anys	2024	215
1672	Nombre de prestacions ocasionals per edat	0106020600030005	Nombre de prestacions ocasionals per edat. Entre 30 i 34 anys	2025	252
1672	Nombre de prestacions ocasionals per edat	0106020600030006	Nombre de prestacions ocasionals per edat. Entre 35 i 39 anys	2016	317
1672	Nombre de prestacions ocasionals per edat	0106020600030006	Nombre de prestacions ocasionals per edat. Entre 35 i 39 anys	2017	382
1672	Nombre de prestacions ocasionals per edat	0106020600030006	Nombre de prestacions ocasionals per edat. Entre 35 i 39 anys	2018	396
1672	Nombre de prestacions ocasionals per edat	0106020600030006	Nombre de prestacions ocasionals per edat. Entre 35 i 39 anys	2019	267
1672	Nombre de prestacions ocasionals per edat	0106020600030006	Nombre de prestacions ocasionals per edat. Entre 35 i 39 anys	2020	333
1672	Nombre de prestacions ocasionals per edat	0106020600030006	Nombre de prestacions ocasionals per edat. Entre 35 i 39 anys	2021	295
1672	Nombre de prestacions ocasionals per edat	0106020600030006	Nombre de prestacions ocasionals per edat. Entre 35 i 39 anys	2022	202
1672	Nombre de prestacions ocasionals per edat	0106020600030006	Nombre de prestacions ocasionals per edat. Entre 35 i 39 anys	2023	276
1672	Nombre de prestacions ocasionals per edat	0106020600030006	Nombre de prestacions ocasionals per edat. Entre 35 i 39 anys	2024	291
1672	Nombre de prestacions ocasionals per edat	0106020600030006	Nombre de prestacions ocasionals per edat. Entre 35 i 39 anys	2025	303
1672	Nombre de prestacions ocasionals per edat	0106020600030007	Nombre de prestacions ocasionals per edat. Entre 40 i 44 anys	2016	301
1672	Nombre de prestacions ocasionals per edat	0106020600030007	Nombre de prestacions ocasionals per edat. Entre 40 i 44 anys	2017	327
1672	Nombre de prestacions ocasionals per edat	0106020600030007	Nombre de prestacions ocasionals per edat. Entre 40 i 44 anys	2018	403
1672	Nombre de prestacions ocasionals per edat	0106020600030007	Nombre de prestacions ocasionals per edat. Entre 40 i 44 anys	2019	347
1672	Nombre de prestacions ocasionals per edat	0106020600030007	Nombre de prestacions ocasionals per edat. Entre 40 i 44 anys	2020	522
1672	Nombre de prestacions ocasionals per edat	0106020600030007	Nombre de prestacions ocasionals per edat. Entre 40 i 44 anys	2021	401
1672	Nombre de prestacions ocasionals per edat	0106020600030007	Nombre de prestacions ocasionals per edat. Entre 40 i 44 anys	2022	267
1672	Nombre de prestacions ocasionals per edat	0106020600030007	Nombre de prestacions ocasionals per edat. Entre 40 i 44 anys	2023	298
1672	Nombre de prestacions ocasionals per edat	0106020600030007	Nombre de prestacions ocasionals per edat. Entre 40 i 44 anys	2024	228
1672	Nombre de prestacions ocasionals per edat	0106020600030007	Nombre de prestacions ocasionals per edat. Entre 40 i 44 anys	2025	255
1672	Nombre de prestacions ocasionals per edat	0106020600030008	Nombre de prestacions ocasionals per edat. Entre 45 i 49 anys	2016	226
1672	Nombre de prestacions ocasionals per edat	0106020600030008	Nombre de prestacions ocasionals per edat. Entre 45 i 49 anys	2017	401
1672	Nombre de prestacions ocasionals per edat	0106020600030008	Nombre de prestacions ocasionals per edat. Entre 45 i 49 anys	2018	355
1672	Nombre de prestacions ocasionals per edat	0106020600030008	Nombre de prestacions ocasionals per edat. Entre 45 i 49 anys	2019	303
1672	Nombre de prestacions ocasionals per edat	0106020600030008	Nombre de prestacions ocasionals per edat. Entre 45 i 49 anys	2020	477
1672	Nombre de prestacions ocasionals per edat	0106020600030008	Nombre de prestacions ocasionals per edat. Entre 45 i 49 anys	2021	464
1672	Nombre de prestacions ocasionals per edat	0106020600030008	Nombre de prestacions ocasionals per edat. Entre 45 i 49 anys	2022	290
1672	Nombre de prestacions ocasionals per edat	0106020600030008	Nombre de prestacions ocasionals per edat. Entre 45 i 49 anys	2023	363
1672	Nombre de prestacions ocasionals per edat	0106020600030008	Nombre de prestacions ocasionals per edat. Entre 45 i 49 anys	2024	298
1672	Nombre de prestacions ocasionals per edat	0106020600030008	Nombre de prestacions ocasionals per edat. Entre 45 i 49 anys	2025	274
1672	Nombre de prestacions ocasionals per edat	0106020600030009	Nombre de prestacions ocasionals per edat. Entre 50 i 54 anys	2016	290
1672	Nombre de prestacions ocasionals per edat	0106020600030009	Nombre de prestacions ocasionals per edat. Entre 50 i 54 anys	2017	354
1672	Nombre de prestacions ocasionals per edat	0106020600030009	Nombre de prestacions ocasionals per edat. Entre 50 i 54 anys	2018	281
1672	Nombre de prestacions ocasionals per edat	0106020600030009	Nombre de prestacions ocasionals per edat. Entre 50 i 54 anys	2019	279
1672	Nombre de prestacions ocasionals per edat	0106020600030009	Nombre de prestacions ocasionals per edat. Entre 50 i 54 anys	2020	349
1672	Nombre de prestacions ocasionals per edat	0106020600030009	Nombre de prestacions ocasionals per edat. Entre 50 i 54 anys	2021	378
1672	Nombre de prestacions ocasionals per edat	0106020600030009	Nombre de prestacions ocasionals per edat. Entre 50 i 54 anys	2022	318
1672	Nombre de prestacions ocasionals per edat	0106020600030009	Nombre de prestacions ocasionals per edat. Entre 50 i 54 anys	2023	442
1672	Nombre de prestacions ocasionals per edat	0106020600030009	Nombre de prestacions ocasionals per edat. Entre 50 i 54 anys	2024	540
1672	Nombre de prestacions ocasionals per edat	0106020600030009	Nombre de prestacions ocasionals per edat. Entre 50 i 54 anys	2025	433
1672	Nombre de prestacions ocasionals per edat	0106020600030010	Nombre de prestacions ocasionals per edat. Entre 55 i 59 anys	2016	227
1672	Nombre de prestacions ocasionals per edat	0106020600030010	Nombre de prestacions ocasionals per edat. Entre 55 i 59 anys	2017	294
1672	Nombre de prestacions ocasionals per edat	0106020600030010	Nombre de prestacions ocasionals per edat. Entre 55 i 59 anys	2018	294
1672	Nombre de prestacions ocasionals per edat	0106020600030010	Nombre de prestacions ocasionals per edat. Entre 55 i 59 anys	2019	289
1672	Nombre de prestacions ocasionals per edat	0106020600030010	Nombre de prestacions ocasionals per edat. Entre 55 i 59 anys	2020	396
1672	Nombre de prestacions ocasionals per edat	0106020600030010	Nombre de prestacions ocasionals per edat. Entre 55 i 59 anys	2021	350
1672	Nombre de prestacions ocasionals per edat	0106020600030010	Nombre de prestacions ocasionals per edat. Entre 55 i 59 anys	2022	243
1672	Nombre de prestacions ocasionals per edat	0106020600030010	Nombre de prestacions ocasionals per edat. Entre 55 i 59 anys	2023	309
1672	Nombre de prestacions ocasionals per edat	0106020600030010	Nombre de prestacions ocasionals per edat. Entre 55 i 59 anys	2024	333
1672	Nombre de prestacions ocasionals per edat	0106020600030010	Nombre de prestacions ocasionals per edat. Entre 55 i 59 anys	2025	286
1672	Nombre de prestacions ocasionals per edat	0106020600030011	Nombre de prestacions ocasionals per edat. Entre 60 i 64 anys	2016	174
1672	Nombre de prestacions ocasionals per edat	0106020600030011	Nombre de prestacions ocasionals per edat. Entre 60 i 64 anys	2017	255
1672	Nombre de prestacions ocasionals per edat	0106020600030011	Nombre de prestacions ocasionals per edat. Entre 60 i 64 anys	2018	253
1672	Nombre de prestacions ocasionals per edat	0106020600030011	Nombre de prestacions ocasionals per edat. Entre 60 i 64 anys	2019	300
1672	Nombre de prestacions ocasionals per edat	0106020600030011	Nombre de prestacions ocasionals per edat. Entre 60 i 64 anys	2020	291
1672	Nombre de prestacions ocasionals per edat	0106020600030011	Nombre de prestacions ocasionals per edat. Entre 60 i 64 anys	2021	306
1672	Nombre de prestacions ocasionals per edat	0106020600030011	Nombre de prestacions ocasionals per edat. Entre 60 i 64 anys	2022	239
1672	Nombre de prestacions ocasionals per edat	0106020600030011	Nombre de prestacions ocasionals per edat. Entre 60 i 64 anys	2023	329
1672	Nombre de prestacions ocasionals per edat	0106020600030011	Nombre de prestacions ocasionals per edat. Entre 60 i 64 anys	2024	342
1672	Nombre de prestacions ocasionals per edat	0106020600030011	Nombre de prestacions ocasionals per edat. Entre 60 i 64 anys	2025	397
1672	Nombre de prestacions ocasionals per edat	0106020600030012	Nombre de prestacions ocasionals per edat. Entre 65 i 69 anys	2016	35
1672	Nombre de prestacions ocasionals per edat	0106020600030012	Nombre de prestacions ocasionals per edat. Entre 65 i 69 anys	2017	60
1672	Nombre de prestacions ocasionals per edat	0106020600030012	Nombre de prestacions ocasionals per edat. Entre 65 i 69 anys	2018	72
1672	Nombre de prestacions ocasionals per edat	0106020600030012	Nombre de prestacions ocasionals per edat. Entre 65 i 69 anys	2019	71
1672	Nombre de prestacions ocasionals per edat	0106020600030012	Nombre de prestacions ocasionals per edat. Entre 65 i 69 anys	2020	66
1672	Nombre de prestacions ocasionals per edat	0106020600030012	Nombre de prestacions ocasionals per edat. Entre 65 i 69 anys	2021	70
1672	Nombre de prestacions ocasionals per edat	0106020600030012	Nombre de prestacions ocasionals per edat. Entre 65 i 69 anys	2022	70
1672	Nombre de prestacions ocasionals per edat	0106020600030012	Nombre de prestacions ocasionals per edat. Entre 65 i 69 anys	2023	107
1672	Nombre de prestacions ocasionals per edat	0106020600030012	Nombre de prestacions ocasionals per edat. Entre 65 i 69 anys	2024	177
1672	Nombre de prestacions ocasionals per edat	0106020600030012	Nombre de prestacions ocasionals per edat. Entre 65 i 69 anys	2025	226
1672	Nombre de prestacions ocasionals per edat	0106020600030013	Nombre de prestacions ocasionals per edat. Entre 70 i 74 anys	2016	14
1672	Nombre de prestacions ocasionals per edat	0106020600030013	Nombre de prestacions ocasionals per edat. Entre 70 i 74 anys	2017	33
1672	Nombre de prestacions ocasionals per edat	0106020600030013	Nombre de prestacions ocasionals per edat. Entre 70 i 74 anys	2018	30
1672	Nombre de prestacions ocasionals per edat	0106020600030013	Nombre de prestacions ocasionals per edat. Entre 70 i 74 anys	2019	25
1672	Nombre de prestacions ocasionals per edat	0106020600030013	Nombre de prestacions ocasionals per edat. Entre 70 i 74 anys	2020	39
1672	Nombre de prestacions ocasionals per edat	0106020600030013	Nombre de prestacions ocasionals per edat. Entre 70 i 74 anys	2021	30
1672	Nombre de prestacions ocasionals per edat	0106020600030013	Nombre de prestacions ocasionals per edat. Entre 70 i 74 anys	2022	38
1672	Nombre de prestacions ocasionals per edat	0106020600030013	Nombre de prestacions ocasionals per edat. Entre 70 i 74 anys	2023	54
1672	Nombre de prestacions ocasionals per edat	0106020600030013	Nombre de prestacions ocasionals per edat. Entre 70 i 74 anys	2024	96
1672	Nombre de prestacions ocasionals per edat	0106020600030013	Nombre de prestacions ocasionals per edat. Entre 70 i 74 anys	2025	110
1672	Nombre de prestacions ocasionals per edat	0106020600030014	Nombre de prestacions ocasionals per edat. Entre 75 i 79 anys	2016	6
1672	Nombre de prestacions ocasionals per edat	0106020600030014	Nombre de prestacions ocasionals per edat. Entre 75 i 79 anys	2017	17
1672	Nombre de prestacions ocasionals per edat	0106020600030014	Nombre de prestacions ocasionals per edat. Entre 75 i 79 anys	2018	22
1672	Nombre de prestacions ocasionals per edat	0106020600030014	Nombre de prestacions ocasionals per edat. Entre 75 i 79 anys	2019	42
1672	Nombre de prestacions ocasionals per edat	0106020600030014	Nombre de prestacions ocasionals per edat. Entre 75 i 79 anys	2020	23
1672	Nombre de prestacions ocasionals per edat	0106020600030014	Nombre de prestacions ocasionals per edat. Entre 75 i 79 anys	2021	31
1672	Nombre de prestacions ocasionals per edat	0106020600030014	Nombre de prestacions ocasionals per edat. Entre 75 i 79 anys	2022	41
1672	Nombre de prestacions ocasionals per edat	0106020600030014	Nombre de prestacions ocasionals per edat. Entre 75 i 79 anys	2023	59
1672	Nombre de prestacions ocasionals per edat	0106020600030014	Nombre de prestacions ocasionals per edat. Entre 75 i 79 anys	2024	68
1672	Nombre de prestacions ocasionals per edat	0106020600030014	Nombre de prestacions ocasionals per edat. Entre 75 i 79 anys	2025	101
1672	Nombre de prestacions ocasionals per edat	0106020600030015	Nombre de prestacions ocasionals per edat. Entre 80 i 84 anys	2016	7
1672	Nombre de prestacions ocasionals per edat	0106020600030015	Nombre de prestacions ocasionals per edat. Entre 80 i 84 anys	2017	7
1672	Nombre de prestacions ocasionals per edat	0106020600030015	Nombre de prestacions ocasionals per edat. Entre 80 i 84 anys	2018	14
1672	Nombre de prestacions ocasionals per edat	0106020600030015	Nombre de prestacions ocasionals per edat. Entre 80 i 84 anys	2019	21
1672	Nombre de prestacions ocasionals per edat	0106020600030015	Nombre de prestacions ocasionals per edat. Entre 80 i 84 anys	2020	25
1672	Nombre de prestacions ocasionals per edat	0106020600030015	Nombre de prestacions ocasionals per edat. Entre 80 i 84 anys	2021	20
1672	Nombre de prestacions ocasionals per edat	0106020600030015	Nombre de prestacions ocasionals per edat. Entre 80 i 84 anys	2022	17
1672	Nombre de prestacions ocasionals per edat	0106020600030015	Nombre de prestacions ocasionals per edat. Entre 80 i 84 anys	2023	23
1672	Nombre de prestacions ocasionals per edat	0106020600030015	Nombre de prestacions ocasionals per edat. Entre 80 i 84 anys	2024	65
1672	Nombre de prestacions ocasionals per edat	0106020600030015	Nombre de prestacions ocasionals per edat. Entre 80 i 84 anys	2025	81
1672	Nombre de prestacions ocasionals per edat	0106020600030016	Nombre de prestacions ocasionals per edat. Entre 85 i 89 anys	2016	12
1672	Nombre de prestacions ocasionals per edat	0106020600030016	Nombre de prestacions ocasionals per edat. Entre 85 i 89 anys	2017	10
1672	Nombre de prestacions ocasionals per edat	0106020600030016	Nombre de prestacions ocasionals per edat. Entre 85 i 89 anys	2018	11
1672	Nombre de prestacions ocasionals per edat	0106020600030016	Nombre de prestacions ocasionals per edat. Entre 85 i 89 anys	2019	12
1672	Nombre de prestacions ocasionals per edat	0106020600030016	Nombre de prestacions ocasionals per edat. Entre 85 i 89 anys	2020	18
1672	Nombre de prestacions ocasionals per edat	0106020600030016	Nombre de prestacions ocasionals per edat. Entre 85 i 89 anys	2021	13
1672	Nombre de prestacions ocasionals per edat	0106020600030016	Nombre de prestacions ocasionals per edat. Entre 85 i 89 anys	2022	20
1672	Nombre de prestacions ocasionals per edat	0106020600030016	Nombre de prestacions ocasionals per edat. Entre 85 i 89 anys	2023	24
1672	Nombre de prestacions ocasionals per edat	0106020600030016	Nombre de prestacions ocasionals per edat. Entre 85 i 89 anys	2024	43
1672	Nombre de prestacions ocasionals per edat	0106020600030016	Nombre de prestacions ocasionals per edat. Entre 85 i 89 anys	2025	61
1672	Nombre de prestacions ocasionals per edat	0106020600030017	Nombre de prestacions ocasionals per edat. Entre 90 i 94 anys	2016	17
1672	Nombre de prestacions ocasionals per edat	0106020600030017	Nombre de prestacions ocasionals per edat. Entre 90 i 94 anys	2017	15
1672	Nombre de prestacions ocasionals per edat	0106020600030017	Nombre de prestacions ocasionals per edat. Entre 90 i 94 anys	2018	13
1672	Nombre de prestacions ocasionals per edat	0106020600030017	Nombre de prestacions ocasionals per edat. Entre 90 i 94 anys	2019	19
1672	Nombre de prestacions ocasionals per edat	0106020600030017	Nombre de prestacions ocasionals per edat. Entre 90 i 94 anys	2020	19
1672	Nombre de prestacions ocasionals per edat	0106020600030017	Nombre de prestacions ocasionals per edat. Entre 90 i 94 anys	2021	21
1672	Nombre de prestacions ocasionals per edat	0106020600030017	Nombre de prestacions ocasionals per edat. Entre 90 i 94 anys	2022	21
1672	Nombre de prestacions ocasionals per edat	0106020600030017	Nombre de prestacions ocasionals per edat. Entre 90 i 94 anys	2023	33
1672	Nombre de prestacions ocasionals per edat	0106020600030017	Nombre de prestacions ocasionals per edat. Entre 90 i 94 anys	2024	21
1672	Nombre de prestacions ocasionals per edat	0106020600030017	Nombre de prestacions ocasionals per edat. Entre 90 i 94 anys	2025	35
1672	Nombre de prestacions ocasionals per edat	0106020600030018	Nombre de prestacions ocasionals per edat. Igual o més de 95 anys	2016	0
1672	Nombre de prestacions ocasionals per edat	0106020600030018	Nombre de prestacions ocasionals per edat. Igual o més de 95 anys	2017	3
1672	Nombre de prestacions ocasionals per edat	0106020600030018	Nombre de prestacions ocasionals per edat. Igual o més de 95 anys	2018	1
1672	Nombre de prestacions ocasionals per edat	0106020600030018	Nombre de prestacions ocasionals per edat. Igual o més de 95 anys	2019	4
1672	Nombre de prestacions ocasionals per edat	0106020600030018	Nombre de prestacions ocasionals per edat. Igual o més de 95 anys	2020	10
1672	Nombre de prestacions ocasionals per edat	0106020600030018	Nombre de prestacions ocasionals per edat. Igual o més de 95 anys	2021	7
1672	Nombre de prestacions ocasionals per edat	0106020600030018	Nombre de prestacions ocasionals per edat. Igual o més de 95 anys	2022	8
1672	Nombre de prestacions ocasionals per edat	0106020600030018	Nombre de prestacions ocasionals per edat. Igual o més de 95 anys	2023	8
1672	Nombre de prestacions ocasionals per edat	0106020600030018	Nombre de prestacions ocasionals per edat. Igual o més de 95 anys	2024	28
1672	Nombre de prestacions ocasionals per edat	0106020600030018	Nombre de prestacions ocasionals per edat. Igual o més de 95 anys	2025	35
1672	Nombre de prestacions ocasionals per edat	0106020600030019	Nombre de prestacions ocasionals per edat. No definida	2016	0
1672	Nombre de prestacions ocasionals per edat	0106020600030019	Nombre de prestacions ocasionals per edat. No definida	2017	0
1672	Nombre de prestacions ocasionals per edat	0106020600030019	Nombre de prestacions ocasionals per edat. No definida	2018	0
1672	Nombre de prestacions ocasionals per edat	0106020600030019	Nombre de prestacions ocasionals per edat. No definida	2019	5
1672	Nombre de prestacions ocasionals per edat	0106020600030019	Nombre de prestacions ocasionals per edat. No definida	2020	0
1672	Nombre de prestacions ocasionals per edat	0106020600030019	Nombre de prestacions ocasionals per edat. No definida	2021	0
1672	Nombre de prestacions ocasionals per edat	0106020600030019	Nombre de prestacions ocasionals per edat. No definida	2022	0
1672	Nombre de prestacions ocasionals per edat	0106020600030019	Nombre de prestacions ocasionals per edat. No definida	2023	0
1672	Nombre de prestacions ocasionals per edat	0106020600030019	Nombre de prestacions ocasionals per edat. No definida	2024	0
1672	Nombre de prestacions ocasionals per edat	0106020600030019	Nombre de prestacions ocasionals per edat. No definida	2025	0
1672	Nombre de prestacions ocasionals per edat	0106020600030020	Nombre de prestacions ocasionals per edat. Total	2016	2069
1672	Nombre de prestacions ocasionals per edat	0106020600030020	Nombre de prestacions ocasionals per edat. Total	2017	2820
1672	Nombre de prestacions ocasionals per edat	0106020600030020	Nombre de prestacions ocasionals per edat. Total	2018	2843
1672	Nombre de prestacions ocasionals per edat	0106020600030020	Nombre de prestacions ocasionals per edat. Total	2019	2517
1672	Nombre de prestacions ocasionals per edat	0106020600030020	Nombre de prestacions ocasionals per edat. Total	2020	3372
1672	Nombre de prestacions ocasionals per edat	0106020600030020	Nombre de prestacions ocasionals per edat. Total	2021	3051
1672	Nombre de prestacions ocasionals per edat	0106020600030020	Nombre de prestacions ocasionals per edat. Total	2022	2162
1672	Nombre de prestacions ocasionals per edat	0106020600030020	Nombre de prestacions ocasionals per edat. Total	2023	2875
1672	Nombre de prestacions ocasionals per edat	0106020600030020	Nombre de prestacions ocasionals per edat. Total	2024	2923
1672	Nombre de prestacions ocasionals per edat	0106020600030020	Nombre de prestacions ocasionals per edat. Total	2025	2981
1673	Nombre de prestacions ocasionals per nacionalitat	0106020600040001	Nombre de prestacions ocasionals per nacionalitat. Andorrana	2016	666
1673	Nombre de prestacions ocasionals per nacionalitat	0106020600040001	Nombre de prestacions ocasionals per nacionalitat. Andorrana	2017	961
1673	Nombre de prestacions ocasionals per nacionalitat	0106020600040001	Nombre de prestacions ocasionals per nacionalitat. Andorrana	2018	916
1673	Nombre de prestacions ocasionals per nacionalitat	0106020600040001	Nombre de prestacions ocasionals per nacionalitat. Andorrana	2019	804
1673	Nombre de prestacions ocasionals per nacionalitat	0106020600040001	Nombre de prestacions ocasionals per nacionalitat. Andorrana	2020	972
1673	Nombre de prestacions ocasionals per nacionalitat	0106020600040001	Nombre de prestacions ocasionals per nacionalitat. Andorrana	2021	891
1673	Nombre de prestacions ocasionals per nacionalitat	0106020600040001	Nombre de prestacions ocasionals per nacionalitat. Andorrana	2022	683
1673	Nombre de prestacions ocasionals per nacionalitat	0106020600040001	Nombre de prestacions ocasionals per nacionalitat. Andorrana	2023	906
1673	Nombre de prestacions ocasionals per nacionalitat	0106020600040001	Nombre de prestacions ocasionals per nacionalitat. Andorrana	2024	952
1673	Nombre de prestacions ocasionals per nacionalitat	0106020600040001	Nombre de prestacions ocasionals per nacionalitat. Andorrana	2025	1013
1673	Nombre de prestacions ocasionals per nacionalitat	0106020600040002	Nombre de prestacions ocasionals per nacionalitat. Espanyola	2016	680
1673	Nombre de prestacions ocasionals per nacionalitat	0106020600040002	Nombre de prestacions ocasionals per nacionalitat. Espanyola	2017	919
1673	Nombre de prestacions ocasionals per nacionalitat	0106020600040002	Nombre de prestacions ocasionals per nacionalitat. Espanyola	2018	967
1673	Nombre de prestacions ocasionals per nacionalitat	0106020600040002	Nombre de prestacions ocasionals per nacionalitat. Espanyola	2019	858
1673	Nombre de prestacions ocasionals per nacionalitat	0106020600040002	Nombre de prestacions ocasionals per nacionalitat. Espanyola	2020	1105
1673	Nombre de prestacions ocasionals per nacionalitat	0106020600040002	Nombre de prestacions ocasionals per nacionalitat. Espanyola	2021	132
1673	Nombre de prestacions ocasionals per nacionalitat	0106020600040002	Nombre de prestacions ocasionals per nacionalitat. Espanyola	2022	726
1673	Nombre de prestacions ocasionals per nacionalitat	0106020600040002	Nombre de prestacions ocasionals per nacionalitat. Espanyola	2023	931
1673	Nombre de prestacions ocasionals per nacionalitat	0106020600040002	Nombre de prestacions ocasionals per nacionalitat. Espanyola	2024	902
1673	Nombre de prestacions ocasionals per nacionalitat	0106020600040002	Nombre de prestacions ocasionals per nacionalitat. Espanyola	2025	967
1673	Nombre de prestacions ocasionals per nacionalitat	0106020600040003	Nombre de prestacions ocasionals per nacionalitat. Portuguesa	2016	418
1673	Nombre de prestacions ocasionals per nacionalitat	0106020600040003	Nombre de prestacions ocasionals per nacionalitat. Portuguesa	2017	514
1673	Nombre de prestacions ocasionals per nacionalitat	0106020600040003	Nombre de prestacions ocasionals per nacionalitat. Portuguesa	2018	493
1673	Nombre de prestacions ocasionals per nacionalitat	0106020600040003	Nombre de prestacions ocasionals per nacionalitat. Portuguesa	2019	403
1673	Nombre de prestacions ocasionals per nacionalitat	0106020600040003	Nombre de prestacions ocasionals per nacionalitat. Portuguesa	2020	493
1673	Nombre de prestacions ocasionals per nacionalitat	0106020600040003	Nombre de prestacions ocasionals per nacionalitat. Portuguesa	2021	1051
1673	Nombre de prestacions ocasionals per nacionalitat	0106020600040003	Nombre de prestacions ocasionals per nacionalitat. Portuguesa	2022	313
1673	Nombre de prestacions ocasionals per nacionalitat	0106020600040003	Nombre de prestacions ocasionals per nacionalitat. Portuguesa	2023	428
1673	Nombre de prestacions ocasionals per nacionalitat	0106020600040003	Nombre de prestacions ocasionals per nacionalitat. Portuguesa	2024	378
1673	Nombre de prestacions ocasionals per nacionalitat	0106020600040003	Nombre de prestacions ocasionals per nacionalitat. Portuguesa	2025	332
1673	Nombre de prestacions ocasionals per nacionalitat	0106020600040004	Nombre de prestacions ocasionals per nacionalitat. Francesa	2016	74
1673	Nombre de prestacions ocasionals per nacionalitat	0106020600040004	Nombre de prestacions ocasionals per nacionalitat. Francesa	2017	99
1673	Nombre de prestacions ocasionals per nacionalitat	0106020600040004	Nombre de prestacions ocasionals per nacionalitat. Francesa	2018	56
1673	Nombre de prestacions ocasionals per nacionalitat	0106020600040004	Nombre de prestacions ocasionals per nacionalitat. Francesa	2019	91
1673	Nombre de prestacions ocasionals per nacionalitat	0106020600040004	Nombre de prestacions ocasionals per nacionalitat. Francesa	2020	126
1673	Nombre de prestacions ocasionals per nacionalitat	0106020600040004	Nombre de prestacions ocasionals per nacionalitat. Francesa	2021	437
1673	Nombre de prestacions ocasionals per nacionalitat	0106020600040004	Nombre de prestacions ocasionals per nacionalitat. Francesa	2022	65
1673	Nombre de prestacions ocasionals per nacionalitat	0106020600040004	Nombre de prestacions ocasionals per nacionalitat. Francesa	2023	66
1673	Nombre de prestacions ocasionals per nacionalitat	0106020600040004	Nombre de prestacions ocasionals per nacionalitat. Francesa	2024	76
1673	Nombre de prestacions ocasionals per nacionalitat	0106020600040004	Nombre de prestacions ocasionals per nacionalitat. Francesa	2025	89
1673	Nombre de prestacions ocasionals per nacionalitat	0106020600040005	Nombre de prestacions ocasionals per nacionalitat. Altres	2016	231
1673	Nombre de prestacions ocasionals per nacionalitat	0106020600040005	Nombre de prestacions ocasionals per nacionalitat. Altres	2017	327
1673	Nombre de prestacions ocasionals per nacionalitat	0106020600040005	Nombre de prestacions ocasionals per nacionalitat. Altres	2018	411
1673	Nombre de prestacions ocasionals per nacionalitat	0106020600040005	Nombre de prestacions ocasionals per nacionalitat. Altres	2019	361
1673	Nombre de prestacions ocasionals per nacionalitat	0106020600040005	Nombre de prestacions ocasionals per nacionalitat. Altres	2020	676
1673	Nombre de prestacions ocasionals per nacionalitat	0106020600040005	Nombre de prestacions ocasionals per nacionalitat. Altres	2021	540
1673	Nombre de prestacions ocasionals per nacionalitat	0106020600040005	Nombre de prestacions ocasionals per nacionalitat. Altres	2022	375
1673	Nombre de prestacions ocasionals per nacionalitat	0106020600040005	Nombre de prestacions ocasionals per nacionalitat. Altres	2023	544
1673	Nombre de prestacions ocasionals per nacionalitat	0106020600040005	Nombre de prestacions ocasionals per nacionalitat. Altres	2024	615
1673	Nombre de prestacions ocasionals per nacionalitat	0106020600040005	Nombre de prestacions ocasionals per nacionalitat. Altres	2025	580
1673	Nombre de prestacions ocasionals per nacionalitat	0106020600040006	Nombre de prestacions ocasionals per nacionalitat. Total	2016	2069
1673	Nombre de prestacions ocasionals per nacionalitat	0106020600040006	Nombre de prestacions ocasionals per nacionalitat. Total	2017	2820
1673	Nombre de prestacions ocasionals per nacionalitat	0106020600040006	Nombre de prestacions ocasionals per nacionalitat. Total	2018	2843
1673	Nombre de prestacions ocasionals per nacionalitat	0106020600040006	Nombre de prestacions ocasionals per nacionalitat. Total	2019	2517
1673	Nombre de prestacions ocasionals per nacionalitat	0106020600040006	Nombre de prestacions ocasionals per nacionalitat. Total	2020	3372
1673	Nombre de prestacions ocasionals per nacionalitat	0106020600040006	Nombre de prestacions ocasionals per nacionalitat. Total	2021	3051
1673	Nombre de prestacions ocasionals per nacionalitat	0106020600040006	Nombre de prestacions ocasionals per nacionalitat. Total	2022	2162
1673	Nombre de prestacions ocasionals per nacionalitat	0106020600040006	Nombre de prestacions ocasionals per nacionalitat. Total	2023	2875
1673	Nombre de prestacions ocasionals per nacionalitat	0106020600040006	Nombre de prestacions ocasionals per nacionalitat. Total	2024	2923
1673	Nombre de prestacions ocasionals per nacionalitat	0106020600040006	Nombre de prestacions ocasionals per nacionalitat. Total	2025	2981
1674	Nombre de prestacions ocasionals per parròquia	0106020600050001	Nombre de prestacions ocasionals per parròquia. Canillo	2016	67
1674	Nombre de prestacions ocasionals per parròquia	0106020600050001	Nombre de prestacions ocasionals per parròquia. Canillo	2017	73
1674	Nombre de prestacions ocasionals per parròquia	0106020600050001	Nombre de prestacions ocasionals per parròquia. Canillo	2018	57
1674	Nombre de prestacions ocasionals per parròquia	0106020600050001	Nombre de prestacions ocasionals per parròquia. Canillo	2019	54
1674	Nombre de prestacions ocasionals per parròquia	0106020600050001	Nombre de prestacions ocasionals per parròquia. Canillo	2020	133
1674	Nombre de prestacions ocasionals per parròquia	0106020600050001	Nombre de prestacions ocasionals per parròquia. Canillo	2021	219
1674	Nombre de prestacions ocasionals per parròquia	0106020600050001	Nombre de prestacions ocasionals per parròquia. Canillo	2022	99
1674	Nombre de prestacions ocasionals per parròquia	0106020600050001	Nombre de prestacions ocasionals per parròquia. Canillo	2023	125
1674	Nombre de prestacions ocasionals per parròquia	0106020600050001	Nombre de prestacions ocasionals per parròquia. Canillo	2024	114
1674	Nombre de prestacions ocasionals per parròquia	0106020600050001	Nombre de prestacions ocasionals per parròquia. Canillo	2025	138
1674	Nombre de prestacions ocasionals per parròquia	0106020600050002	Nombre de prestacions ocasionals per parròquia. Encamp	2016	268
1674	Nombre de prestacions ocasionals per parròquia	0106020600050002	Nombre de prestacions ocasionals per parròquia. Encamp	2017	379
1674	Nombre de prestacions ocasionals per parròquia	0106020600050002	Nombre de prestacions ocasionals per parròquia. Encamp	2018	336
1674	Nombre de prestacions ocasionals per parròquia	0106020600050002	Nombre de prestacions ocasionals per parròquia. Encamp	2019	355
1674	Nombre de prestacions ocasionals per parròquia	0106020600050002	Nombre de prestacions ocasionals per parròquia. Encamp	2020	568
1674	Nombre de prestacions ocasionals per parròquia	0106020600050002	Nombre de prestacions ocasionals per parròquia. Encamp	2021	575
1674	Nombre de prestacions ocasionals per parròquia	0106020600050002	Nombre de prestacions ocasionals per parròquia. Encamp	2022	322
1674	Nombre de prestacions ocasionals per parròquia	0106020600050002	Nombre de prestacions ocasionals per parròquia. Encamp	2023	495
1674	Nombre de prestacions ocasionals per parròquia	0106020600050002	Nombre de prestacions ocasionals per parròquia. Encamp	2024	445
1674	Nombre de prestacions ocasionals per parròquia	0106020600050002	Nombre de prestacions ocasionals per parròquia. Encamp	2025	452
1674	Nombre de prestacions ocasionals per parròquia	0106020600050003	Nombre de prestacions ocasionals per parròquia. Ordino	2016	75
1674	Nombre de prestacions ocasionals per parròquia	0106020600050003	Nombre de prestacions ocasionals per parròquia. Ordino	2017	65
1674	Nombre de prestacions ocasionals per parròquia	0106020600050003	Nombre de prestacions ocasionals per parròquia. Ordino	2018	68
1674	Nombre de prestacions ocasionals per parròquia	0106020600050003	Nombre de prestacions ocasionals per parròquia. Ordino	2019	80
1674	Nombre de prestacions ocasionals per parròquia	0106020600050003	Nombre de prestacions ocasionals per parròquia. Ordino	2020	108
1674	Nombre de prestacions ocasionals per parròquia	0106020600050003	Nombre de prestacions ocasionals per parròquia. Ordino	2021	112
1674	Nombre de prestacions ocasionals per parròquia	0106020600050003	Nombre de prestacions ocasionals per parròquia. Ordino	2022	56
1674	Nombre de prestacions ocasionals per parròquia	0106020600050003	Nombre de prestacions ocasionals per parròquia. Ordino	2023	76
1674	Nombre de prestacions ocasionals per parròquia	0106020600050003	Nombre de prestacions ocasionals per parròquia. Ordino	2024	109
1674	Nombre de prestacions ocasionals per parròquia	0106020600050003	Nombre de prestacions ocasionals per parròquia. Ordino	2025	77
1674	Nombre de prestacions ocasionals per parròquia	0106020600050004	Nombre de prestacions ocasionals per parròquia. La Massana	2016	204
1674	Nombre de prestacions ocasionals per parròquia	0106020600050004	Nombre de prestacions ocasionals per parròquia. La Massana	2017	212
1674	Nombre de prestacions ocasionals per parròquia	0106020600050004	Nombre de prestacions ocasionals per parròquia. La Massana	2018	215
1674	Nombre de prestacions ocasionals per parròquia	0106020600050004	Nombre de prestacions ocasionals per parròquia. La Massana	2019	207
1674	Nombre de prestacions ocasionals per parròquia	0106020600050004	Nombre de prestacions ocasionals per parròquia. La Massana	2020	361
1674	Nombre de prestacions ocasionals per parròquia	0106020600050004	Nombre de prestacions ocasionals per parròquia. La Massana	2021	275
1674	Nombre de prestacions ocasionals per parròquia	0106020600050004	Nombre de prestacions ocasionals per parròquia. La Massana	2022	157
1674	Nombre de prestacions ocasionals per parròquia	0106020600050004	Nombre de prestacions ocasionals per parròquia. La Massana	2023	188
1674	Nombre de prestacions ocasionals per parròquia	0106020600050004	Nombre de prestacions ocasionals per parròquia. La Massana	2024	216
1674	Nombre de prestacions ocasionals per parròquia	0106020600050004	Nombre de prestacions ocasionals per parròquia. La Massana	2025	177
1674	Nombre de prestacions ocasionals per parròquia	0106020600050005	Nombre de prestacions ocasionals per parròquia. Andorra La Vella	2016	843
1674	Nombre de prestacions ocasionals per parròquia	0106020600050005	Nombre de prestacions ocasionals per parròquia. Andorra La Vella	2017	1187
1674	Nombre de prestacions ocasionals per parròquia	0106020600050005	Nombre de prestacions ocasionals per parròquia. Andorra La Vella	2018	1147
1674	Nombre de prestacions ocasionals per parròquia	0106020600050005	Nombre de prestacions ocasionals per parròquia. Andorra La Vella	2019	977
1674	Nombre de prestacions ocasionals per parròquia	0106020600050005	Nombre de prestacions ocasionals per parròquia. Andorra La Vella	2020	1166
1674	Nombre de prestacions ocasionals per parròquia	0106020600050005	Nombre de prestacions ocasionals per parròquia. Andorra La Vella	2021	897
1674	Nombre de prestacions ocasionals per parròquia	0106020600050005	Nombre de prestacions ocasionals per parròquia. Andorra La Vella	2022	750
1674	Nombre de prestacions ocasionals per parròquia	0106020600050005	Nombre de prestacions ocasionals per parròquia. Andorra La Vella	2023	1007
1674	Nombre de prestacions ocasionals per parròquia	0106020600050005	Nombre de prestacions ocasionals per parròquia. Andorra La Vella	2024	1012
1674	Nombre de prestacions ocasionals per parròquia	0106020600050005	Nombre de prestacions ocasionals per parròquia. Andorra La Vella	2025	1072
1674	Nombre de prestacions ocasionals per parròquia	0106020600050006	Nombre de prestacions ocasionals per parròquia. Sant Julià de Lòria	2016	212
1674	Nombre de prestacions ocasionals per parròquia	0106020600050006	Nombre de prestacions ocasionals per parròquia. Sant Julià de Lòria	2017	228
1674	Nombre de prestacions ocasionals per parròquia	0106020600050006	Nombre de prestacions ocasionals per parròquia. Sant Julià de Lòria	2018	276
1674	Nombre de prestacions ocasionals per parròquia	0106020600050006	Nombre de prestacions ocasionals per parròquia. Sant Julià de Lòria	2019	249
1674	Nombre de prestacions ocasionals per parròquia	0106020600050006	Nombre de prestacions ocasionals per parròquia. Sant Julià de Lòria	2020	335
1674	Nombre de prestacions ocasionals per parròquia	0106020600050006	Nombre de prestacions ocasionals per parròquia. Sant Julià de Lòria	2021	318
1674	Nombre de prestacions ocasionals per parròquia	0106020600050006	Nombre de prestacions ocasionals per parròquia. Sant Julià de Lòria	2022	263
1674	Nombre de prestacions ocasionals per parròquia	0106020600050006	Nombre de prestacions ocasionals per parròquia. Sant Julià de Lòria	2023	318
1674	Nombre de prestacions ocasionals per parròquia	0106020600050006	Nombre de prestacions ocasionals per parròquia. Sant Julià de Lòria	2024	359
1674	Nombre de prestacions ocasionals per parròquia	0106020600050006	Nombre de prestacions ocasionals per parròquia. Sant Julià de Lòria	2025	335
1674	Nombre de prestacions ocasionals per parròquia	0106020600050007	Nombre de prestacions ocasionals per parròquia. Escaldes-Engordany	2016	398
1674	Nombre de prestacions ocasionals per parròquia	0106020600050007	Nombre de prestacions ocasionals per parròquia. Escaldes-Engordany	2017	674
1674	Nombre de prestacions ocasionals per parròquia	0106020600050007	Nombre de prestacions ocasionals per parròquia. Escaldes-Engordany	2018	742
1674	Nombre de prestacions ocasionals per parròquia	0106020600050007	Nombre de prestacions ocasionals per parròquia. Escaldes-Engordany	2019	595
1674	Nombre de prestacions ocasionals per parròquia	0106020600050007	Nombre de prestacions ocasionals per parròquia. Escaldes-Engordany	2020	701
1674	Nombre de prestacions ocasionals per parròquia	0106020600050007	Nombre de prestacions ocasionals per parròquia. Escaldes-Engordany	2021	655
1674	Nombre de prestacions ocasionals per parròquia	0106020600050007	Nombre de prestacions ocasionals per parròquia. Escaldes-Engordany	2022	515
1674	Nombre de prestacions ocasionals per parròquia	0106020600050007	Nombre de prestacions ocasionals per parròquia. Escaldes-Engordany	2023	666
1674	Nombre de prestacions ocasionals per parròquia	0106020600050007	Nombre de prestacions ocasionals per parròquia. Escaldes-Engordany	2024	668
1674	Nombre de prestacions ocasionals per parròquia	0106020600050007	Nombre de prestacions ocasionals per parròquia. Escaldes-Engordany	2025	730
1674	Nombre de prestacions ocasionals per parròquia	0106020600050008	Nombre de prestacions ocasionals per parròquia. Altres	2016	2
1674	Nombre de prestacions ocasionals per parròquia	0106020600050008	Nombre de prestacions ocasionals per parròquia. Altres	2017	2
1674	Nombre de prestacions ocasionals per parròquia	0106020600050008	Nombre de prestacions ocasionals per parròquia. Altres	2018	2
1674	Nombre de prestacions ocasionals per parròquia	0106020600050008	Nombre de prestacions ocasionals per parròquia. Altres	2019	0
1674	Nombre de prestacions ocasionals per parròquia	0106020600050008	Nombre de prestacions ocasionals per parròquia. Altres	2020	0
1674	Nombre de prestacions ocasionals per parròquia	0106020600050008	Nombre de prestacions ocasionals per parròquia. Altres	2021	0
1674	Nombre de prestacions ocasionals per parròquia	0106020600050008	Nombre de prestacions ocasionals per parròquia. Altres	2022	0
1674	Nombre de prestacions ocasionals per parròquia	0106020600050008	Nombre de prestacions ocasionals per parròquia. Altres	2023	0
1674	Nombre de prestacions ocasionals per parròquia	0106020600050008	Nombre de prestacions ocasionals per parròquia. Altres	2024	0
1674	Nombre de prestacions ocasionals per parròquia	0106020600050008	Nombre de prestacions ocasionals per parròquia. Altres	2025	0
1674	Nombre de prestacions ocasionals per parròquia	0106020600050009	Nombre de prestacions ocasionals per parròquia. Total	2016	2069
1674	Nombre de prestacions ocasionals per parròquia	0106020600050009	Nombre de prestacions ocasionals per parròquia. Total	2017	2820
1674	Nombre de prestacions ocasionals per parròquia	0106020600050009	Nombre de prestacions ocasionals per parròquia. Total	2018	2843
1674	Nombre de prestacions ocasionals per parròquia	0106020600050009	Nombre de prestacions ocasionals per parròquia. Total	2019	2517
1674	Nombre de prestacions ocasionals per parròquia	0106020600050009	Nombre de prestacions ocasionals per parròquia. Total	2020	3372
1674	Nombre de prestacions ocasionals per parròquia	0106020600050009	Nombre de prestacions ocasionals per parròquia. Total	2021	3051
1674	Nombre de prestacions ocasionals per parròquia	0106020600050009	Nombre de prestacions ocasionals per parròquia. Total	2022	2162
1674	Nombre de prestacions ocasionals per parròquia	0106020600050009	Nombre de prestacions ocasionals per parròquia. Total	2023	2875
1674	Nombre de prestacions ocasionals per parròquia	0106020600050009	Nombre de prestacions ocasionals per parròquia. Total	2024	2923
1674	Nombre de prestacions ocasionals per parròquia	0106020600050009	Nombre de prestacions ocasionals per parròquia. Total	2025	2981
1675	Nombre de prestacions ocasionals per tipus de llar	0106020600060001	Nombre de prestacions ocasionals per tipus de llar. Extensa	2016	37
1675	Nombre de prestacions ocasionals per tipus de llar	0106020600060001	Nombre de prestacions ocasionals per tipus de llar. Extensa	2017	19
1675	Nombre de prestacions ocasionals per tipus de llar	0106020600060001	Nombre de prestacions ocasionals per tipus de llar. Extensa	2018	43
1675	Nombre de prestacions ocasionals per tipus de llar	0106020600060001	Nombre de prestacions ocasionals per tipus de llar. Extensa	2019	42
1675	Nombre de prestacions ocasionals per tipus de llar	0106020600060001	Nombre de prestacions ocasionals per tipus de llar. Extensa	2020	65
1675	Nombre de prestacions ocasionals per tipus de llar	0106020600060001	Nombre de prestacions ocasionals per tipus de llar. Extensa	2021	45
1675	Nombre de prestacions ocasionals per tipus de llar	0106020600060001	Nombre de prestacions ocasionals per tipus de llar. Extensa	2022	36
1675	Nombre de prestacions ocasionals per tipus de llar	0106020600060001	Nombre de prestacions ocasionals per tipus de llar. Extensa	2023	46
1675	Nombre de prestacions ocasionals per tipus de llar	0106020600060001	Nombre de prestacions ocasionals per tipus de llar. Extensa	2024	62
1675	Nombre de prestacions ocasionals per tipus de llar	0106020600060001	Nombre de prestacions ocasionals per tipus de llar. Extensa	2025	66
1675	Nombre de prestacions ocasionals per tipus de llar	0106020600060002	Nombre de prestacions ocasionals per tipus de llar. Fills > 18 anys - pares > 65 anys	2016	0
1675	Nombre de prestacions ocasionals per tipus de llar	0106020600060002	Nombre de prestacions ocasionals per tipus de llar. Fills > 18 anys - pares > 65 anys	2017	9
1675	Nombre de prestacions ocasionals per tipus de llar	0106020600060002	Nombre de prestacions ocasionals per tipus de llar. Fills > 18 anys - pares > 65 anys	2018	1
1675	Nombre de prestacions ocasionals per tipus de llar	0106020600060002	Nombre de prestacions ocasionals per tipus de llar. Fills > 18 anys - pares > 65 anys	2019	0
1675	Nombre de prestacions ocasionals per tipus de llar	0106020600060002	Nombre de prestacions ocasionals per tipus de llar. Fills > 18 anys - pares > 65 anys	2020	6
1675	Nombre de prestacions ocasionals per tipus de llar	0106020600060002	Nombre de prestacions ocasionals per tipus de llar. Fills > 18 anys - pares > 65 anys	2021	4
1675	Nombre de prestacions ocasionals per tipus de llar	0106020600060002	Nombre de prestacions ocasionals per tipus de llar. Fills > 18 anys - pares > 65 anys	2022	1
1675	Nombre de prestacions ocasionals per tipus de llar	0106020600060002	Nombre de prestacions ocasionals per tipus de llar. Fills > 18 anys - pares > 65 anys	2023	3
1675	Nombre de prestacions ocasionals per tipus de llar	0106020600060002	Nombre de prestacions ocasionals per tipus de llar. Fills > 18 anys - pares > 65 anys	2024	7
1675	Nombre de prestacions ocasionals per tipus de llar	0106020600060002	Nombre de prestacions ocasionals per tipus de llar. Fills > 18 anys - pares > 65 anys	2025	3
1675	Nombre de prestacions ocasionals per tipus de llar	0106020600060003	Nombre de prestacions ocasionals per tipus de llar. Monoparental	2016	688
1675	Nombre de prestacions ocasionals per tipus de llar	0106020600060003	Nombre de prestacions ocasionals per tipus de llar. Monoparental	2017	939
1675	Nombre de prestacions ocasionals per tipus de llar	0106020600060003	Nombre de prestacions ocasionals per tipus de llar. Monoparental	2018	975
1675	Nombre de prestacions ocasionals per tipus de llar	0106020600060003	Nombre de prestacions ocasionals per tipus de llar. Monoparental	2019	678
1675	Nombre de prestacions ocasionals per tipus de llar	0106020600060003	Nombre de prestacions ocasionals per tipus de llar. Monoparental	2020	968
1675	Nombre de prestacions ocasionals per tipus de llar	0106020600060003	Nombre de prestacions ocasionals per tipus de llar. Monoparental	2021	769
1675	Nombre de prestacions ocasionals per tipus de llar	0106020600060003	Nombre de prestacions ocasionals per tipus de llar. Monoparental	2022	615
1675	Nombre de prestacions ocasionals per tipus de llar	0106020600060003	Nombre de prestacions ocasionals per tipus de llar. Monoparental	2023	782
1675	Nombre de prestacions ocasionals per tipus de llar	0106020600060003	Nombre de prestacions ocasionals per tipus de llar. Monoparental	2024	799
1675	Nombre de prestacions ocasionals per tipus de llar	0106020600060003	Nombre de prestacions ocasionals per tipus de llar. Monoparental	2025	682
1675	Nombre de prestacions ocasionals per tipus de llar	0106020600060004	Nombre de prestacions ocasionals per tipus de llar. Nombrosa	2016	0
1675	Nombre de prestacions ocasionals per tipus de llar	0106020600060004	Nombre de prestacions ocasionals per tipus de llar. Nombrosa	2017	9
1675	Nombre de prestacions ocasionals per tipus de llar	0106020600060004	Nombre de prestacions ocasionals per tipus de llar. Nombrosa	2018	29
1675	Nombre de prestacions ocasionals per tipus de llar	0106020600060004	Nombre de prestacions ocasionals per tipus de llar. Nombrosa	2019	9
1675	Nombre de prestacions ocasionals per tipus de llar	0106020600060004	Nombre de prestacions ocasionals per tipus de llar. Nombrosa	2020	14
1675	Nombre de prestacions ocasionals per tipus de llar	0106020600060004	Nombre de prestacions ocasionals per tipus de llar. Nombrosa	2021	2
1675	Nombre de prestacions ocasionals per tipus de llar	0106020600060004	Nombre de prestacions ocasionals per tipus de llar. Nombrosa	2022	3
1675	Nombre de prestacions ocasionals per tipus de llar	0106020600060004	Nombre de prestacions ocasionals per tipus de llar. Nombrosa	2023	2
1675	Nombre de prestacions ocasionals per tipus de llar	0106020600060004	Nombre de prestacions ocasionals per tipus de llar. Nombrosa	2024	1
1675	Nombre de prestacions ocasionals per tipus de llar	0106020600060004	Nombre de prestacions ocasionals per tipus de llar. Nombrosa	2025	5
1675	Nombre de prestacions ocasionals per tipus de llar	0106020600060005	Nombre de prestacions ocasionals per tipus de llar. Nuclear	2016	161
1675	Nombre de prestacions ocasionals per tipus de llar	0106020600060005	Nombre de prestacions ocasionals per tipus de llar. Nuclear	2017	146
1675	Nombre de prestacions ocasionals per tipus de llar	0106020600060005	Nombre de prestacions ocasionals per tipus de llar. Nuclear	2018	115
1675	Nombre de prestacions ocasionals per tipus de llar	0106020600060005	Nombre de prestacions ocasionals per tipus de llar. Nuclear	2019	84
1675	Nombre de prestacions ocasionals per tipus de llar	0106020600060005	Nombre de prestacions ocasionals per tipus de llar. Nuclear	2020	112
1675	Nombre de prestacions ocasionals per tipus de llar	0106020600060005	Nombre de prestacions ocasionals per tipus de llar. Nuclear	2021	205
1675	Nombre de prestacions ocasionals per tipus de llar	0106020600060005	Nombre de prestacions ocasionals per tipus de llar. Nuclear	2022	119
1675	Nombre de prestacions ocasionals per tipus de llar	0106020600060005	Nombre de prestacions ocasionals per tipus de llar. Nuclear	2023	97
1675	Nombre de prestacions ocasionals per tipus de llar	0106020600060005	Nombre de prestacions ocasionals per tipus de llar. Nuclear	2024	108
1675	Nombre de prestacions ocasionals per tipus de llar	0106020600060005	Nombre de prestacions ocasionals per tipus de llar. Nuclear	2025	107
1675	Nombre de prestacions ocasionals per tipus de llar	0106020600060006	Nombre de prestacions ocasionals per tipus de llar. Pare - mare - fills > 25 anys	2016	16
1675	Nombre de prestacions ocasionals per tipus de llar	0106020600060006	Nombre de prestacions ocasionals per tipus de llar. Pare - mare - fills > 25 anys	2017	50
1675	Nombre de prestacions ocasionals per tipus de llar	0106020600060006	Nombre de prestacions ocasionals per tipus de llar. Pare - mare - fills > 25 anys	2018	15
1675	Nombre de prestacions ocasionals per tipus de llar	0106020600060006	Nombre de prestacions ocasionals per tipus de llar. Pare - mare - fills > 25 anys	2019	4
1675	Nombre de prestacions ocasionals per tipus de llar	0106020600060006	Nombre de prestacions ocasionals per tipus de llar. Pare - mare - fills > 25 anys	2020	25
1675	Nombre de prestacions ocasionals per tipus de llar	0106020600060006	Nombre de prestacions ocasionals per tipus de llar. Pare - mare - fills > 25 anys	2021	18
1675	Nombre de prestacions ocasionals per tipus de llar	0106020600060006	Nombre de prestacions ocasionals per tipus de llar. Pare - mare - fills > 25 anys	2022	9
1675	Nombre de prestacions ocasionals per tipus de llar	0106020600060006	Nombre de prestacions ocasionals per tipus de llar. Pare - mare - fills > 25 anys	2023	22
1675	Nombre de prestacions ocasionals per tipus de llar	0106020600060006	Nombre de prestacions ocasionals per tipus de llar. Pare - mare - fills > 25 anys	2024	4
1675	Nombre de prestacions ocasionals per tipus de llar	0106020600060006	Nombre de prestacions ocasionals per tipus de llar. Pare - mare - fills > 25 anys	2025	56
1675	Nombre de prestacions ocasionals per tipus de llar	0106020600060007	Nombre de prestacions ocasionals per tipus de llar. Parella	2016	127
1675	Nombre de prestacions ocasionals per tipus de llar	0106020600060007	Nombre de prestacions ocasionals per tipus de llar. Parella	2017	103
1675	Nombre de prestacions ocasionals per tipus de llar	0106020600060007	Nombre de prestacions ocasionals per tipus de llar. Parella	2018	136
1675	Nombre de prestacions ocasionals per tipus de llar	0106020600060007	Nombre de prestacions ocasionals per tipus de llar. Parella	2019	130
1675	Nombre de prestacions ocasionals per tipus de llar	0106020600060007	Nombre de prestacions ocasionals per tipus de llar. Parella	2020	117
1675	Nombre de prestacions ocasionals per tipus de llar	0106020600060007	Nombre de prestacions ocasionals per tipus de llar. Parella	2021	104
1675	Nombre de prestacions ocasionals per tipus de llar	0106020600060007	Nombre de prestacions ocasionals per tipus de llar. Parella	2022	84
1675	Nombre de prestacions ocasionals per tipus de llar	0106020600060007	Nombre de prestacions ocasionals per tipus de llar. Parella	2023	81
1675	Nombre de prestacions ocasionals per tipus de llar	0106020600060007	Nombre de prestacions ocasionals per tipus de llar. Parella	2024	125
1675	Nombre de prestacions ocasionals per tipus de llar	0106020600060007	Nombre de prestacions ocasionals per tipus de llar. Parella	2025	100
1675	Nombre de prestacions ocasionals per tipus de llar	0106020600060008	Nombre de prestacions ocasionals per tipus de llar. Reconstituïda	2016	25
1675	Nombre de prestacions ocasionals per tipus de llar	0106020600060008	Nombre de prestacions ocasionals per tipus de llar. Reconstituïda	2017	53
1675	Nombre de prestacions ocasionals per tipus de llar	0106020600060008	Nombre de prestacions ocasionals per tipus de llar. Reconstituïda	2018	20
1675	Nombre de prestacions ocasionals per tipus de llar	0106020600060008	Nombre de prestacions ocasionals per tipus de llar. Reconstituïda	2019	32
1675	Nombre de prestacions ocasionals per tipus de llar	0106020600060008	Nombre de prestacions ocasionals per tipus de llar. Reconstituïda	2020	32
1675	Nombre de prestacions ocasionals per tipus de llar	0106020600060008	Nombre de prestacions ocasionals per tipus de llar. Reconstituïda	2021	37
1675	Nombre de prestacions ocasionals per tipus de llar	0106020600060008	Nombre de prestacions ocasionals per tipus de llar. Reconstituïda	2022	34
1675	Nombre de prestacions ocasionals per tipus de llar	0106020600060008	Nombre de prestacions ocasionals per tipus de llar. Reconstituïda	2023	58
1675	Nombre de prestacions ocasionals per tipus de llar	0106020600060008	Nombre de prestacions ocasionals per tipus de llar. Reconstituïda	2024	29
1675	Nombre de prestacions ocasionals per tipus de llar	0106020600060008	Nombre de prestacions ocasionals per tipus de llar. Reconstituïda	2025	28
1675	Nombre de prestacions ocasionals per tipus de llar	0106020600060009	Nombre de prestacions ocasionals per tipus de llar. Tutelats per govern	2016	0
1675	Nombre de prestacions ocasionals per tipus de llar	0106020600060009	Nombre de prestacions ocasionals per tipus de llar. Tutelats per govern	2017	12
1675	Nombre de prestacions ocasionals per tipus de llar	0106020600060009	Nombre de prestacions ocasionals per tipus de llar. Tutelats per govern	2018	23
1675	Nombre de prestacions ocasionals per tipus de llar	0106020600060009	Nombre de prestacions ocasionals per tipus de llar. Tutelats per govern	2019	24
1675	Nombre de prestacions ocasionals per tipus de llar	0106020600060009	Nombre de prestacions ocasionals per tipus de llar. Tutelats per govern	2020	8
1675	Nombre de prestacions ocasionals per tipus de llar	0106020600060009	Nombre de prestacions ocasionals per tipus de llar. Tutelats per govern	2021	17
1675	Nombre de prestacions ocasionals per tipus de llar	0106020600060009	Nombre de prestacions ocasionals per tipus de llar. Tutelats per govern	2022	22
1675	Nombre de prestacions ocasionals per tipus de llar	0106020600060009	Nombre de prestacions ocasionals per tipus de llar. Tutelats per govern	2023	11
1675	Nombre de prestacions ocasionals per tipus de llar	0106020600060009	Nombre de prestacions ocasionals per tipus de llar. Tutelats per govern	2024	33
1675	Nombre de prestacions ocasionals per tipus de llar	0106020600060009	Nombre de prestacions ocasionals per tipus de llar. Tutelats per govern	2025	36
1675	Nombre de prestacions ocasionals per tipus de llar	0106020600060010	Nombre de prestacions ocasionals per tipus de llar. Unipersonal	2016	1015
1675	Nombre de prestacions ocasionals per tipus de llar	0106020600060010	Nombre de prestacions ocasionals per tipus de llar. Unipersonal	2017	1480
1675	Nombre de prestacions ocasionals per tipus de llar	0106020600060010	Nombre de prestacions ocasionals per tipus de llar. Unipersonal	2018	1486
1675	Nombre de prestacions ocasionals per tipus de llar	0106020600060010	Nombre de prestacions ocasionals per tipus de llar. Unipersonal	2019	1514
1675	Nombre de prestacions ocasionals per tipus de llar	0106020600060010	Nombre de prestacions ocasionals per tipus de llar. Unipersonal	2020	2025
1675	Nombre de prestacions ocasionals per tipus de llar	0106020600060010	Nombre de prestacions ocasionals per tipus de llar. Unipersonal	2021	1850
1675	Nombre de prestacions ocasionals per tipus de llar	0106020600060010	Nombre de prestacions ocasionals per tipus de llar. Unipersonal	2022	1239
1675	Nombre de prestacions ocasionals per tipus de llar	0106020600060010	Nombre de prestacions ocasionals per tipus de llar. Unipersonal	2023	1773
1675	Nombre de prestacions ocasionals per tipus de llar	0106020600060010	Nombre de prestacions ocasionals per tipus de llar. Unipersonal	2024	1755
1675	Nombre de prestacions ocasionals per tipus de llar	0106020600060010	Nombre de prestacions ocasionals per tipus de llar. Unipersonal	2025	1898
1675	Nombre de prestacions ocasionals per tipus de llar	0106020600060011	Nombre de prestacions ocasionals per tipus de llar. No definida	2016	0
1675	Nombre de prestacions ocasionals per tipus de llar	0106020600060011	Nombre de prestacions ocasionals per tipus de llar. No definida	2017	0
1675	Nombre de prestacions ocasionals per tipus de llar	0106020600060011	Nombre de prestacions ocasionals per tipus de llar. No definida	2018	0
1675	Nombre de prestacions ocasionals per tipus de llar	0106020600060011	Nombre de prestacions ocasionals per tipus de llar. No definida	2019	0
1675	Nombre de prestacions ocasionals per tipus de llar	0106020600060011	Nombre de prestacions ocasionals per tipus de llar. No definida	2020	0
1675	Nombre de prestacions ocasionals per tipus de llar	0106020600060011	Nombre de prestacions ocasionals per tipus de llar. No definida	2021	0
1675	Nombre de prestacions ocasionals per tipus de llar	0106020600060011	Nombre de prestacions ocasionals per tipus de llar. No definida	2022	0
1675	Nombre de prestacions ocasionals per tipus de llar	0106020600060011	Nombre de prestacions ocasionals per tipus de llar. No definida	2023	0
1675	Nombre de prestacions ocasionals per tipus de llar	0106020600060011	Nombre de prestacions ocasionals per tipus de llar. No definida	2024	0
1675	Nombre de prestacions ocasionals per tipus de llar	0106020600060011	Nombre de prestacions ocasionals per tipus de llar. No definida	2025	0
1675	Nombre de prestacions ocasionals per tipus de llar	0106020600060012	Nombre de prestacions ocasionals per tipus de llar. Total	2016	2069
1675	Nombre de prestacions ocasionals per tipus de llar	0106020600060012	Nombre de prestacions ocasionals per tipus de llar. Total	2017	2820
1675	Nombre de prestacions ocasionals per tipus de llar	0106020600060012	Nombre de prestacions ocasionals per tipus de llar. Total	2018	2843
1675	Nombre de prestacions ocasionals per tipus de llar	0106020600060012	Nombre de prestacions ocasionals per tipus de llar. Total	2019	2517
1675	Nombre de prestacions ocasionals per tipus de llar	0106020600060012	Nombre de prestacions ocasionals per tipus de llar. Total	2020	3372
1675	Nombre de prestacions ocasionals per tipus de llar	0106020600060012	Nombre de prestacions ocasionals per tipus de llar. Total	2021	3051
1675	Nombre de prestacions ocasionals per tipus de llar	0106020600060012	Nombre de prestacions ocasionals per tipus de llar. Total	2022	2162
1675	Nombre de prestacions ocasionals per tipus de llar	0106020600060012	Nombre de prestacions ocasionals per tipus de llar. Total	2023	2875
1675	Nombre de prestacions ocasionals per tipus de llar	0106020600060012	Nombre de prestacions ocasionals per tipus de llar. Total	2024	2923
1675	Nombre de prestacions ocasionals per tipus de llar	0106020600060012	Nombre de prestacions ocasionals per tipus de llar. Total	2025	2981
1676	Nombre de prestacions ocasionals per col·lectiu	0106020600070001	Nombre de prestacions ocasionals per col·lectiu. Adult	2016	1711
1676	Nombre de prestacions ocasionals per col·lectiu	0106020600070001	Nombre de prestacions ocasionals per col·lectiu. Adult	2017	1974
1676	Nombre de prestacions ocasionals per col·lectiu	0106020600070001	Nombre de prestacions ocasionals per col·lectiu. Adult	2018	1828
1676	Nombre de prestacions ocasionals per col·lectiu	0106020600070001	Nombre de prestacions ocasionals per col·lectiu. Adult	2019	1492
1676	Nombre de prestacions ocasionals per col·lectiu	0106020600070001	Nombre de prestacions ocasionals per col·lectiu. Adult	2020	2265
1676	Nombre de prestacions ocasionals per col·lectiu	0106020600070001	Nombre de prestacions ocasionals per col·lectiu. Adult	2021	2210
1676	Nombre de prestacions ocasionals per col·lectiu	0106020600070001	Nombre de prestacions ocasionals per col·lectiu. Adult	2022	1454
1676	Nombre de prestacions ocasionals per col·lectiu	0106020600070001	Nombre de prestacions ocasionals per col·lectiu. Adult	2023	1843
1676	Nombre de prestacions ocasionals per col·lectiu	0106020600070001	Nombre de prestacions ocasionals per col·lectiu. Adult	2024	1783
1676	Nombre de prestacions ocasionals per col·lectiu	0106020600070001	Nombre de prestacions ocasionals per col·lectiu. Adult	2025	1763
1676	Nombre de prestacions ocasionals per col·lectiu	0106020600070002	Nombre de prestacions ocasionals per col·lectiu. Infància	2016	16
1676	Nombre de prestacions ocasionals per col·lectiu	0106020600070002	Nombre de prestacions ocasionals per col·lectiu. Infància	2017	24
1676	Nombre de prestacions ocasionals per col·lectiu	0106020600070002	Nombre de prestacions ocasionals per col·lectiu. Infància	2018	25
1676	Nombre de prestacions ocasionals per col·lectiu	0106020600070002	Nombre de prestacions ocasionals per col·lectiu. Infància	2019	29
1676	Nombre de prestacions ocasionals per col·lectiu	0106020600070002	Nombre de prestacions ocasionals per col·lectiu. Infància	2020	22
1676	Nombre de prestacions ocasionals per col·lectiu	0106020600070002	Nombre de prestacions ocasionals per col·lectiu. Infància	2021	28
1676	Nombre de prestacions ocasionals per col·lectiu	0106020600070002	Nombre de prestacions ocasionals per col·lectiu. Infància	2022	39
1676	Nombre de prestacions ocasionals per col·lectiu	0106020600070002	Nombre de prestacions ocasionals per col·lectiu. Infància	2023	80
1676	Nombre de prestacions ocasionals per col·lectiu	0106020600070002	Nombre de prestacions ocasionals per col·lectiu. Infància	2024	66
1676	Nombre de prestacions ocasionals per col·lectiu	0106020600070002	Nombre de prestacions ocasionals per col·lectiu. Infància	2025	111
1676	Nombre de prestacions ocasionals per col·lectiu	0106020600070003	Nombre de prestacions ocasionals per col·lectiu. Joventut	2016	253
1676	Nombre de prestacions ocasionals per col·lectiu	0106020600070003	Nombre de prestacions ocasionals per col·lectiu. Joventut	2017	381
1676	Nombre de prestacions ocasionals per col·lectiu	0106020600070003	Nombre de prestacions ocasionals per col·lectiu. Joventut	2018	450
1676	Nombre de prestacions ocasionals per col·lectiu	0106020600070003	Nombre de prestacions ocasionals per col·lectiu. Joventut	2019	321
1676	Nombre de prestacions ocasionals per col·lectiu	0106020600070003	Nombre de prestacions ocasionals per col·lectiu. Joventut	2020	454
1676	Nombre de prestacions ocasionals per col·lectiu	0106020600070003	Nombre de prestacions ocasionals per col·lectiu. Joventut	2021	261
1676	Nombre de prestacions ocasionals per col·lectiu	0106020600070003	Nombre de prestacions ocasionals per col·lectiu. Joventut	2022	155
1676	Nombre de prestacions ocasionals per col·lectiu	0106020600070003	Nombre de prestacions ocasionals per col·lectiu. Joventut	2023	174
1676	Nombre de prestacions ocasionals per col·lectiu	0106020600070003	Nombre de prestacions ocasionals per col·lectiu. Joventut	2024	176
1676	Nombre de prestacions ocasionals per col·lectiu	0106020600070003	Nombre de prestacions ocasionals per col·lectiu. Joventut	2025	135
1676	Nombre de prestacions ocasionals per col·lectiu	0106020600070004	Nombre de prestacions ocasionals per col·lectiu. Persones amb discapacitat	2016	0
1676	Nombre de prestacions ocasionals per col·lectiu	0106020600070004	Nombre de prestacions ocasionals per col·lectiu. Persones amb discapacitat	2017	300
1676	Nombre de prestacions ocasionals per col·lectiu	0106020600070004	Nombre de prestacions ocasionals per col·lectiu. Persones amb discapacitat	2018	385
1676	Nombre de prestacions ocasionals per col·lectiu	0106020600070004	Nombre de prestacions ocasionals per col·lectiu. Persones amb discapacitat	2019	476
1676	Nombre de prestacions ocasionals per col·lectiu	0106020600070004	Nombre de prestacions ocasionals per col·lectiu. Persones amb discapacitat	2020	444
1676	Nombre de prestacions ocasionals per col·lectiu	0106020600070004	Nombre de prestacions ocasionals per col·lectiu. Persones amb discapacitat	2021	371
1676	Nombre de prestacions ocasionals per col·lectiu	0106020600070004	Nombre de prestacions ocasionals per col·lectiu. Persones amb discapacitat	2022	328
1676	Nombre de prestacions ocasionals per col·lectiu	0106020600070004	Nombre de prestacions ocasionals per col·lectiu. Persones amb discapacitat	2023	500
1676	Nombre de prestacions ocasionals per col·lectiu	0106020600070004	Nombre de prestacions ocasionals per col·lectiu. Persones amb discapacitat	2024	512
1676	Nombre de prestacions ocasionals per col·lectiu	0106020600070004	Nombre de prestacions ocasionals per col·lectiu. Persones amb discapacitat	2025	499
1676	Nombre de prestacions ocasionals per col·lectiu	0106020600070005	Nombre de prestacions ocasionals per col·lectiu. Vellesa	2016	89
1676	Nombre de prestacions ocasionals per col·lectiu	0106020600070005	Nombre de prestacions ocasionals per col·lectiu. Vellesa	2017	141
1676	Nombre de prestacions ocasionals per col·lectiu	0106020600070005	Nombre de prestacions ocasionals per col·lectiu. Vellesa	2018	155
1676	Nombre de prestacions ocasionals per col·lectiu	0106020600070005	Nombre de prestacions ocasionals per col·lectiu. Vellesa	2019	199
1676	Nombre de prestacions ocasionals per col·lectiu	0106020600070005	Nombre de prestacions ocasionals per col·lectiu. Vellesa	2020	187
1676	Nombre de prestacions ocasionals per col·lectiu	0106020600070005	Nombre de prestacions ocasionals per col·lectiu. Vellesa	2021	181
1676	Nombre de prestacions ocasionals per col·lectiu	0106020600070005	Nombre de prestacions ocasionals per col·lectiu. Vellesa	2022	186
1676	Nombre de prestacions ocasionals per col·lectiu	0106020600070005	Nombre de prestacions ocasionals per col·lectiu. Vellesa	2023	278
1676	Nombre de prestacions ocasionals per col·lectiu	0106020600070005	Nombre de prestacions ocasionals per col·lectiu. Vellesa	2024	365
1676	Nombre de prestacions ocasionals per col·lectiu	0106020600070005	Nombre de prestacions ocasionals per col·lectiu. Vellesa	2025	445
1676	Nombre de prestacions ocasionals per col·lectiu	0106020600070006	Nombre de prestacions ocasionals per col·lectiu. No definida	2016	0
1676	Nombre de prestacions ocasionals per col·lectiu	0106020600070006	Nombre de prestacions ocasionals per col·lectiu. No definida	2017	0
1676	Nombre de prestacions ocasionals per col·lectiu	0106020600070006	Nombre de prestacions ocasionals per col·lectiu. No definida	2018	0
1676	Nombre de prestacions ocasionals per col·lectiu	0106020600070006	Nombre de prestacions ocasionals per col·lectiu. No definida	2019	0
1676	Nombre de prestacions ocasionals per col·lectiu	0106020600070006	Nombre de prestacions ocasionals per col·lectiu. No definida	2020	0
1676	Nombre de prestacions ocasionals per col·lectiu	0106020600070006	Nombre de prestacions ocasionals per col·lectiu. No definida	2021	0
1676	Nombre de prestacions ocasionals per col·lectiu	0106020600070006	Nombre de prestacions ocasionals per col·lectiu. No definida	2022	0
1676	Nombre de prestacions ocasionals per col·lectiu	0106020600070006	Nombre de prestacions ocasionals per col·lectiu. No definida	2023	0
1676	Nombre de prestacions ocasionals per col·lectiu	0106020600070006	Nombre de prestacions ocasionals per col·lectiu. No definida	2024	21
1676	Nombre de prestacions ocasionals per col·lectiu	0106020600070006	Nombre de prestacions ocasionals per col·lectiu. No definida	2025	28
1676	Nombre de prestacions ocasionals per col·lectiu	0106020600070007	Nombre de prestacions ocasionals per col·lectiu. Total	2016	2069
1676	Nombre de prestacions ocasionals per col·lectiu	0106020600070007	Nombre de prestacions ocasionals per col·lectiu. Total	2017	2820
1676	Nombre de prestacions ocasionals per col·lectiu	0106020600070007	Nombre de prestacions ocasionals per col·lectiu. Total	2018	2843
1676	Nombre de prestacions ocasionals per col·lectiu	0106020600070007	Nombre de prestacions ocasionals per col·lectiu. Total	2019	2517
1676	Nombre de prestacions ocasionals per col·lectiu	0106020600070007	Nombre de prestacions ocasionals per col·lectiu. Total	2020	3372
1676	Nombre de prestacions ocasionals per col·lectiu	0106020600070007	Nombre de prestacions ocasionals per col·lectiu. Total	2021	3051
1676	Nombre de prestacions ocasionals per col·lectiu	0106020600070007	Nombre de prestacions ocasionals per col·lectiu. Total	2022	2162
1676	Nombre de prestacions ocasionals per col·lectiu	0106020600070007	Nombre de prestacions ocasionals per col·lectiu. Total	2023	2875
1676	Nombre de prestacions ocasionals per col·lectiu	0106020600070007	Nombre de prestacions ocasionals per col·lectiu. Total	2024	2923
1676	Nombre de prestacions ocasionals per col·lectiu	0106020600070007	Nombre de prestacions ocasionals per col·lectiu. Total	2025	2981
1677	Nombre de prestacions ocasionals per article	0106020600080001	Nombre de prestacions ocasionals per article. Article 15.1	2016	0
1677	Nombre de prestacions ocasionals per article	0106020600080001	Nombre de prestacions ocasionals per article. Article 15.1	2017	2524
1677	Nombre de prestacions ocasionals per article	0106020600080001	Nombre de prestacions ocasionals per article. Article 15.1	2018	2381
1677	Nombre de prestacions ocasionals per article	0106020600080001	Nombre de prestacions ocasionals per article. Article 15.1	2019	0
1677	Nombre de prestacions ocasionals per article	0106020600080001	Nombre de prestacions ocasionals per article. Article 15.1	2020	0
1677	Nombre de prestacions ocasionals per article	0106020600080001	Nombre de prestacions ocasionals per article. Article 15.1	2021	0
1677	Nombre de prestacions ocasionals per article	0106020600080001	Nombre de prestacions ocasionals per article. Article 15.1	2022	0
1677	Nombre de prestacions ocasionals per article	0106020600080001	Nombre de prestacions ocasionals per article. Article 15.1	2023	0
1677	Nombre de prestacions ocasionals per article	0106020600080001	Nombre de prestacions ocasionals per article. Article 15.1	2024	0
1677	Nombre de prestacions ocasionals per article	0106020600080001	Nombre de prestacions ocasionals per article. Article 15.1	2025	0
1677	Nombre de prestacions ocasionals per article	0106020600080002	Nombre de prestacions ocasionals per article. Article 15.2	2016	0
1677	Nombre de prestacions ocasionals per article	0106020600080002	Nombre de prestacions ocasionals per article. Article 15.2	2017	131
1677	Nombre de prestacions ocasionals per article	0106020600080002	Nombre de prestacions ocasionals per article. Article 15.2	2018	154
1677	Nombre de prestacions ocasionals per article	0106020600080002	Nombre de prestacions ocasionals per article. Article 15.2	2019	0
1677	Nombre de prestacions ocasionals per article	0106020600080002	Nombre de prestacions ocasionals per article. Article 15.2	2020	0
1677	Nombre de prestacions ocasionals per article	0106020600080002	Nombre de prestacions ocasionals per article. Article 15.2	2021	0
1677	Nombre de prestacions ocasionals per article	0106020600080002	Nombre de prestacions ocasionals per article. Article 15.2	2022	0
1677	Nombre de prestacions ocasionals per article	0106020600080002	Nombre de prestacions ocasionals per article. Article 15.2	2023	0
1677	Nombre de prestacions ocasionals per article	0106020600080002	Nombre de prestacions ocasionals per article. Article 15.2	2024	0
1677	Nombre de prestacions ocasionals per article	0106020600080002	Nombre de prestacions ocasionals per article. Article 15.2	2025	0
1677	Nombre de prestacions ocasionals per article	0106020600080003	Nombre de prestacions ocasionals per article. Article 15.3	2016	0
1677	Nombre de prestacions ocasionals per article	0106020600080003	Nombre de prestacions ocasionals per article. Article 15.3	2017	78
1677	Nombre de prestacions ocasionals per article	0106020600080003	Nombre de prestacions ocasionals per article. Article 15.3	2018	138
1677	Nombre de prestacions ocasionals per article	0106020600080003	Nombre de prestacions ocasionals per article. Article 15.3	2019	0
1677	Nombre de prestacions ocasionals per article	0106020600080003	Nombre de prestacions ocasionals per article. Article 15.3	2020	0
1677	Nombre de prestacions ocasionals per article	0106020600080003	Nombre de prestacions ocasionals per article. Article 15.3	2021	0
1677	Nombre de prestacions ocasionals per article	0106020600080003	Nombre de prestacions ocasionals per article. Article 15.3	2022	0
1677	Nombre de prestacions ocasionals per article	0106020600080003	Nombre de prestacions ocasionals per article. Article 15.3	2023	0
1677	Nombre de prestacions ocasionals per article	0106020600080003	Nombre de prestacions ocasionals per article. Article 15.3	2024	0
1677	Nombre de prestacions ocasionals per article	0106020600080003	Nombre de prestacions ocasionals per article. Article 15.3	2025	0
1677	Nombre de prestacions ocasionals per article	0106020600080004	Nombre de prestacions ocasionals per article. Article 15.4	2016	0
1677	Nombre de prestacions ocasionals per article	0106020600080004	Nombre de prestacions ocasionals per article. Article 15.4	2017	9
1677	Nombre de prestacions ocasionals per article	0106020600080004	Nombre de prestacions ocasionals per article. Article 15.4	2018	8
1677	Nombre de prestacions ocasionals per article	0106020600080004	Nombre de prestacions ocasionals per article. Article 15.4	2019	0
1677	Nombre de prestacions ocasionals per article	0106020600080004	Nombre de prestacions ocasionals per article. Article 15.4	2020	0
1677	Nombre de prestacions ocasionals per article	0106020600080004	Nombre de prestacions ocasionals per article. Article 15.4	2021	0
1677	Nombre de prestacions ocasionals per article	0106020600080004	Nombre de prestacions ocasionals per article. Article 15.4	2022	0
1677	Nombre de prestacions ocasionals per article	0106020600080004	Nombre de prestacions ocasionals per article. Article 15.4	2023	0
1677	Nombre de prestacions ocasionals per article	0106020600080004	Nombre de prestacions ocasionals per article. Article 15.4	2024	0
1677	Nombre de prestacions ocasionals per article	0106020600080004	Nombre de prestacions ocasionals per article. Article 15.4	2025	0
1677	Nombre de prestacions ocasionals per article	0106020600080005	Nombre de prestacions ocasionals per article. Article 15.5	2016	0
1677	Nombre de prestacions ocasionals per article	0106020600080005	Nombre de prestacions ocasionals per article. Article 15.5	2017	78
1677	Nombre de prestacions ocasionals per article	0106020600080005	Nombre de prestacions ocasionals per article. Article 15.5	2018	162
1677	Nombre de prestacions ocasionals per article	0106020600080005	Nombre de prestacions ocasionals per article. Article 15.5	2019	0
1677	Nombre de prestacions ocasionals per article	0106020600080005	Nombre de prestacions ocasionals per article. Article 15.5	2020	0
1677	Nombre de prestacions ocasionals per article	0106020600080005	Nombre de prestacions ocasionals per article. Article 15.5	2021	0
1677	Nombre de prestacions ocasionals per article	0106020600080005	Nombre de prestacions ocasionals per article. Article 15.5	2022	0
1677	Nombre de prestacions ocasionals per article	0106020600080005	Nombre de prestacions ocasionals per article. Article 15.5	2023	0
1677	Nombre de prestacions ocasionals per article	0106020600080005	Nombre de prestacions ocasionals per article. Article 15.5	2024	0
1677	Nombre de prestacions ocasionals per article	0106020600080005	Nombre de prestacions ocasionals per article. Article 15.5	2025	0
1677	Nombre de prestacions ocasionals per article	0106020600080006	Nombre de prestacions ocasionals per article. Article 18	2016	16
1677	Nombre de prestacions ocasionals per article	0106020600080006	Nombre de prestacions ocasionals per article. Article 18	2017	0
1677	Nombre de prestacions ocasionals per article	0106020600080006	Nombre de prestacions ocasionals per article. Article 18	2018	0
1677	Nombre de prestacions ocasionals per article	0106020600080006	Nombre de prestacions ocasionals per article. Article 18	2019	330
1677	Nombre de prestacions ocasionals per article	0106020600080006	Nombre de prestacions ocasionals per article. Article 18	2020	522
1677	Nombre de prestacions ocasionals per article	0106020600080006	Nombre de prestacions ocasionals per article. Article 18	2021	793
1677	Nombre de prestacions ocasionals per article	0106020600080006	Nombre de prestacions ocasionals per article. Article 18	2022	480
1677	Nombre de prestacions ocasionals per article	0106020600080006	Nombre de prestacions ocasionals per article. Article 18	2023	502
1677	Nombre de prestacions ocasionals per article	0106020600080006	Nombre de prestacions ocasionals per article. Article 18	2024	547
1677	Nombre de prestacions ocasionals per article	0106020600080006	Nombre de prestacions ocasionals per article. Article 18	2025	491
1677	Nombre de prestacions ocasionals per article	0106020600080007	Nombre de prestacions ocasionals per article. Article 19	2016	0
1677	Nombre de prestacions ocasionals per article	0106020600080007	Nombre de prestacions ocasionals per article. Article 19	2017	0
1677	Nombre de prestacions ocasionals per article	0106020600080007	Nombre de prestacions ocasionals per article. Article 19	2018	0
1677	Nombre de prestacions ocasionals per article	0106020600080007	Nombre de prestacions ocasionals per article. Article 19	2019	52
1677	Nombre de prestacions ocasionals per article	0106020600080007	Nombre de prestacions ocasionals per article. Article 19	2020	215
1677	Nombre de prestacions ocasionals per article	0106020600080007	Nombre de prestacions ocasionals per article. Article 19	2021	66
1677	Nombre de prestacions ocasionals per article	0106020600080007	Nombre de prestacions ocasionals per article. Article 19	2022	67
1677	Nombre de prestacions ocasionals per article	0106020600080007	Nombre de prestacions ocasionals per article. Article 19	2023	103
1677	Nombre de prestacions ocasionals per article	0106020600080007	Nombre de prestacions ocasionals per article. Article 19	2024	118
1677	Nombre de prestacions ocasionals per article	0106020600080007	Nombre de prestacions ocasionals per article. Article 19	2025	118
1677	Nombre de prestacions ocasionals per article	0106020600080008	Nombre de prestacions ocasionals per article. Article 20	2016	1823
1677	Nombre de prestacions ocasionals per article	0106020600080008	Nombre de prestacions ocasionals per article. Article 20	2017	0
1677	Nombre de prestacions ocasionals per article	0106020600080008	Nombre de prestacions ocasionals per article. Article 20	2018	0
1677	Nombre de prestacions ocasionals per article	0106020600080008	Nombre de prestacions ocasionals per article. Article 20	2019	24
1677	Nombre de prestacions ocasionals per article	0106020600080008	Nombre de prestacions ocasionals per article. Article 20	2020	29
1677	Nombre de prestacions ocasionals per article	0106020600080008	Nombre de prestacions ocasionals per article. Article 20	2021	29
1677	Nombre de prestacions ocasionals per article	0106020600080008	Nombre de prestacions ocasionals per article. Article 20	2022	26
1677	Nombre de prestacions ocasionals per article	0106020600080008	Nombre de prestacions ocasionals per article. Article 20	2023	30
1677	Nombre de prestacions ocasionals per article	0106020600080008	Nombre de prestacions ocasionals per article. Article 20	2024	31
1677	Nombre de prestacions ocasionals per article	0106020600080008	Nombre de prestacions ocasionals per article. Article 20	2025	11
1677	Nombre de prestacions ocasionals per article	0106020600080009	Nombre de prestacions ocasionals per article. Article 21	2016	84
1677	Nombre de prestacions ocasionals per article	0106020600080009	Nombre de prestacions ocasionals per article. Article 21	2017	0
1677	Nombre de prestacions ocasionals per article	0106020600080009	Nombre de prestacions ocasionals per article. Article 21	2018	0
1677	Nombre de prestacions ocasionals per article	0106020600080009	Nombre de prestacions ocasionals per article. Article 21	2019	0
1677	Nombre de prestacions ocasionals per article	0106020600080009	Nombre de prestacions ocasionals per article. Article 21	2020	3
1677	Nombre de prestacions ocasionals per article	0106020600080009	Nombre de prestacions ocasionals per article. Article 21	2021	4
1677	Nombre de prestacions ocasionals per article	0106020600080009	Nombre de prestacions ocasionals per article. Article 21	2022	3
1677	Nombre de prestacions ocasionals per article	0106020600080009	Nombre de prestacions ocasionals per article. Article 21	2023	1
1677	Nombre de prestacions ocasionals per article	0106020600080009	Nombre de prestacions ocasionals per article. Article 21	2024	1
1677	Nombre de prestacions ocasionals per article	0106020600080009	Nombre de prestacions ocasionals per article. Article 21	2025	0
1677	Nombre de prestacions ocasionals per article	0106020600080010	Nombre de prestacions ocasionals per article. Article 22	2016	123
1677	Nombre de prestacions ocasionals per article	0106020600080010	Nombre de prestacions ocasionals per article. Article 22	2017	0
1677	Nombre de prestacions ocasionals per article	0106020600080010	Nombre de prestacions ocasionals per article. Article 22	2018	0
1677	Nombre de prestacions ocasionals per article	0106020600080010	Nombre de prestacions ocasionals per article. Article 22	2019	0
1677	Nombre de prestacions ocasionals per article	0106020600080010	Nombre de prestacions ocasionals per article. Article 22	2020	5
1677	Nombre de prestacions ocasionals per article	0106020600080010	Nombre de prestacions ocasionals per article. Article 22	2021	7
1677	Nombre de prestacions ocasionals per article	0106020600080010	Nombre de prestacions ocasionals per article. Article 22	2022	2
1677	Nombre de prestacions ocasionals per article	0106020600080010	Nombre de prestacions ocasionals per article. Article 22	2023	1
1677	Nombre de prestacions ocasionals per article	0106020600080010	Nombre de prestacions ocasionals per article. Article 22	2024	6
1677	Nombre de prestacions ocasionals per article	0106020600080010	Nombre de prestacions ocasionals per article. Article 22	2025	0
1677	Nombre de prestacions ocasionals per article	0106020600080011	Nombre de prestacions ocasionals per article. Article 23	2016	23
1677	Nombre de prestacions ocasionals per article	0106020600080011	Nombre de prestacions ocasionals per article. Article 23	2017	0
1677	Nombre de prestacions ocasionals per article	0106020600080011	Nombre de prestacions ocasionals per article. Article 23	2018	0
1677	Nombre de prestacions ocasionals per article	0106020600080011	Nombre de prestacions ocasionals per article. Article 23	2019	4
1677	Nombre de prestacions ocasionals per article	0106020600080011	Nombre de prestacions ocasionals per article. Article 23	2020	49
1677	Nombre de prestacions ocasionals per article	0106020600080011	Nombre de prestacions ocasionals per article. Article 23	2021	34
1677	Nombre de prestacions ocasionals per article	0106020600080011	Nombre de prestacions ocasionals per article. Article 23	2022	22
1677	Nombre de prestacions ocasionals per article	0106020600080011	Nombre de prestacions ocasionals per article. Article 23	2023	44
1677	Nombre de prestacions ocasionals per article	0106020600080011	Nombre de prestacions ocasionals per article. Article 23	2024	16
1677	Nombre de prestacions ocasionals per article	0106020600080011	Nombre de prestacions ocasionals per article. Article 23	2025	3
1677	Nombre de prestacions ocasionals per article	0106020600080012	Nombre de prestacions ocasionals per article. Article 24	2016	0
1677	Nombre de prestacions ocasionals per article	0106020600080012	Nombre de prestacions ocasionals per article. Article 24	2017	0
1677	Nombre de prestacions ocasionals per article	0106020600080012	Nombre de prestacions ocasionals per article. Article 24	2018	0
1677	Nombre de prestacions ocasionals per article	0106020600080012	Nombre de prestacions ocasionals per article. Article 24	2019	78
1677	Nombre de prestacions ocasionals per article	0106020600080012	Nombre de prestacions ocasionals per article. Article 24	2020	74
1677	Nombre de prestacions ocasionals per article	0106020600080012	Nombre de prestacions ocasionals per article. Article 24	2021	65
1677	Nombre de prestacions ocasionals per article	0106020600080012	Nombre de prestacions ocasionals per article. Article 24	2022	65
1677	Nombre de prestacions ocasionals per article	0106020600080012	Nombre de prestacions ocasionals per article. Article 24	2023	77
1677	Nombre de prestacions ocasionals per article	0106020600080012	Nombre de prestacions ocasionals per article. Article 24	2024	100
1677	Nombre de prestacions ocasionals per article	0106020600080012	Nombre de prestacions ocasionals per article. Article 24	2025	78
1677	Nombre de prestacions ocasionals per article	0106020600080013	Nombre de prestacions ocasionals per article. Article 25	2016	0
1677	Nombre de prestacions ocasionals per article	0106020600080013	Nombre de prestacions ocasionals per article. Article 25	2017	0
1677	Nombre de prestacions ocasionals per article	0106020600080013	Nombre de prestacions ocasionals per article. Article 25	2018	0
1677	Nombre de prestacions ocasionals per article	0106020600080013	Nombre de prestacions ocasionals per article. Article 25	2019	5
1677	Nombre de prestacions ocasionals per article	0106020600080013	Nombre de prestacions ocasionals per article. Article 25	2020	1
1677	Nombre de prestacions ocasionals per article	0106020600080013	Nombre de prestacions ocasionals per article. Article 25	2021	5
1677	Nombre de prestacions ocasionals per article	0106020600080013	Nombre de prestacions ocasionals per article. Article 25	2022	11
1677	Nombre de prestacions ocasionals per article	0106020600080013	Nombre de prestacions ocasionals per article. Article 25	2023	5
1677	Nombre de prestacions ocasionals per article	0106020600080013	Nombre de prestacions ocasionals per article. Article 25	2024	2
1677	Nombre de prestacions ocasionals per article	0106020600080013	Nombre de prestacions ocasionals per article. Article 25	2025	9
1677	Nombre de prestacions ocasionals per article	0106020600080014	Nombre de prestacions ocasionals per article. Article 27	2016	0
1677	Nombre de prestacions ocasionals per article	0106020600080014	Nombre de prestacions ocasionals per article. Article 27	2017	0
1677	Nombre de prestacions ocasionals per article	0106020600080014	Nombre de prestacions ocasionals per article. Article 27	2018	0
1677	Nombre de prestacions ocasionals per article	0106020600080014	Nombre de prestacions ocasionals per article. Article 27	2019	1543
1677	Nombre de prestacions ocasionals per article	0106020600080014	Nombre de prestacions ocasionals per article. Article 27	2020	1647
1677	Nombre de prestacions ocasionals per article	0106020600080014	Nombre de prestacions ocasionals per article. Article 27	2021	1411
1677	Nombre de prestacions ocasionals per article	0106020600080014	Nombre de prestacions ocasionals per article. Article 27	2022	950
1677	Nombre de prestacions ocasionals per article	0106020600080014	Nombre de prestacions ocasionals per article. Article 27	2023	1384
1677	Nombre de prestacions ocasionals per article	0106020600080014	Nombre de prestacions ocasionals per article. Article 27	2024	1276
1677	Nombre de prestacions ocasionals per article	0106020600080014	Nombre de prestacions ocasionals per article. Article 27	2025	1432
1677	Nombre de prestacions ocasionals per article	0106020600080015	Nombre de prestacions ocasionals per article. Article 28	2016	0
1677	Nombre de prestacions ocasionals per article	0106020600080015	Nombre de prestacions ocasionals per article. Article 28	2017	0
1677	Nombre de prestacions ocasionals per article	0106020600080015	Nombre de prestacions ocasionals per article. Article 28	2018	0
1677	Nombre de prestacions ocasionals per article	0106020600080015	Nombre de prestacions ocasionals per article. Article 28	2019	34
1677	Nombre de prestacions ocasionals per article	0106020600080015	Nombre de prestacions ocasionals per article. Article 28	2020	190
1677	Nombre de prestacions ocasionals per article	0106020600080015	Nombre de prestacions ocasionals per article. Article 28	2021	299
1677	Nombre de prestacions ocasionals per article	0106020600080015	Nombre de prestacions ocasionals per article. Article 28	2022	220
1677	Nombre de prestacions ocasionals per article	0106020600080015	Nombre de prestacions ocasionals per article. Article 28	2023	206
1677	Nombre de prestacions ocasionals per article	0106020600080015	Nombre de prestacions ocasionals per article. Article 28	2024	220
1677	Nombre de prestacions ocasionals per article	0106020600080015	Nombre de prestacions ocasionals per article. Article 28	2025	211
1677	Nombre de prestacions ocasionals per article	0106020600080016	Nombre de prestacions ocasionals per article. Article 29	2016	0
1677	Nombre de prestacions ocasionals per article	0106020600080016	Nombre de prestacions ocasionals per article. Article 29	2017	0
1677	Nombre de prestacions ocasionals per article	0106020600080016	Nombre de prestacions ocasionals per article. Article 29	2018	0
1677	Nombre de prestacions ocasionals per article	0106020600080016	Nombre de prestacions ocasionals per article. Article 29	2019	0
1677	Nombre de prestacions ocasionals per article	0106020600080016	Nombre de prestacions ocasionals per article. Article 29	2020	2
1677	Nombre de prestacions ocasionals per article	0106020600080016	Nombre de prestacions ocasionals per article. Article 29	2021	0
1677	Nombre de prestacions ocasionals per article	0106020600080016	Nombre de prestacions ocasionals per article. Article 29	2022	0
1677	Nombre de prestacions ocasionals per article	0106020600080016	Nombre de prestacions ocasionals per article. Article 29	2023	1
1677	Nombre de prestacions ocasionals per article	0106020600080016	Nombre de prestacions ocasionals per article. Article 29	2024	0
1677	Nombre de prestacions ocasionals per article	0106020600080016	Nombre de prestacions ocasionals per article. Article 29	2025	3
1677	Nombre de prestacions ocasionals per article	0106020600080017	Nombre de prestacions ocasionals per article. Article 30	2016	0
1677	Nombre de prestacions ocasionals per article	0106020600080017	Nombre de prestacions ocasionals per article. Article 30	2017	0
1677	Nombre de prestacions ocasionals per article	0106020600080017	Nombre de prestacions ocasionals per article. Article 30	2018	0
1677	Nombre de prestacions ocasionals per article	0106020600080017	Nombre de prestacions ocasionals per article. Article 30	2019	213
1677	Nombre de prestacions ocasionals per article	0106020600080017	Nombre de prestacions ocasionals per article. Article 30	2020	172
1677	Nombre de prestacions ocasionals per article	0106020600080017	Nombre de prestacions ocasionals per article. Article 30	2021	107
1677	Nombre de prestacions ocasionals per article	0106020600080017	Nombre de prestacions ocasionals per article. Article 30	2022	53
1677	Nombre de prestacions ocasionals per article	0106020600080017	Nombre de prestacions ocasionals per article. Article 30	2023	64
1677	Nombre de prestacions ocasionals per article	0106020600080017	Nombre de prestacions ocasionals per article. Article 30	2024	59
1677	Nombre de prestacions ocasionals per article	0106020600080017	Nombre de prestacions ocasionals per article. Article 30	2025	87
1677	Nombre de prestacions ocasionals per article	0106020600080018	Nombre de prestacions ocasionals per article. Article 32	2016	0
1677	Nombre de prestacions ocasionals per article	0106020600080018	Nombre de prestacions ocasionals per article. Article 32	2017	0
1677	Nombre de prestacions ocasionals per article	0106020600080018	Nombre de prestacions ocasionals per article. Article 32	2018	0
1677	Nombre de prestacions ocasionals per article	0106020600080018	Nombre de prestacions ocasionals per article. Article 32	2019	4
1677	Nombre de prestacions ocasionals per article	0106020600080018	Nombre de prestacions ocasionals per article. Article 32	2020	8
1677	Nombre de prestacions ocasionals per article	0106020600080018	Nombre de prestacions ocasionals per article. Article 32	2021	8
1677	Nombre de prestacions ocasionals per article	0106020600080018	Nombre de prestacions ocasionals per article. Article 32	2022	11
1677	Nombre de prestacions ocasionals per article	0106020600080018	Nombre de prestacions ocasionals per article. Article 32	2023	29
1677	Nombre de prestacions ocasionals per article	0106020600080018	Nombre de prestacions ocasionals per article. Article 32	2024	37
1677	Nombre de prestacions ocasionals per article	0106020600080018	Nombre de prestacions ocasionals per article. Article 32	2025	30
1677	Nombre de prestacions ocasionals per article	0106020600080019	Nombre de prestacions ocasionals per article. Article 33	2016	0
1677	Nombre de prestacions ocasionals per article	0106020600080019	Nombre de prestacions ocasionals per article. Article 33	2017	0
1677	Nombre de prestacions ocasionals per article	0106020600080019	Nombre de prestacions ocasionals per article. Article 33	2018	0
1677	Nombre de prestacions ocasionals per article	0106020600080019	Nombre de prestacions ocasionals per article. Article 33	2019	15
1677	Nombre de prestacions ocasionals per article	0106020600080019	Nombre de prestacions ocasionals per article. Article 33	2020	10
1677	Nombre de prestacions ocasionals per article	0106020600080019	Nombre de prestacions ocasionals per article. Article 33	2021	4
1677	Nombre de prestacions ocasionals per article	0106020600080019	Nombre de prestacions ocasionals per article. Article 33	2022	16
1677	Nombre de prestacions ocasionals per article	0106020600080019	Nombre de prestacions ocasionals per article. Article 33	2023	19
1677	Nombre de prestacions ocasionals per article	0106020600080019	Nombre de prestacions ocasionals per article. Article 33	2024	45
1677	Nombre de prestacions ocasionals per article	0106020600080019	Nombre de prestacions ocasionals per article. Article 33	2025	91
1677	Nombre de prestacions ocasionals per article	0106020600080020	Nombre de prestacions ocasionals per article. Article 34	2016	0
1677	Nombre de prestacions ocasionals per article	0106020600080020	Nombre de prestacions ocasionals per article. Article 34	2017	0
1677	Nombre de prestacions ocasionals per article	0106020600080020	Nombre de prestacions ocasionals per article. Article 34	2018	0
1677	Nombre de prestacions ocasionals per article	0106020600080020	Nombre de prestacions ocasionals per article. Article 34	2019	87
1677	Nombre de prestacions ocasionals per article	0106020600080020	Nombre de prestacions ocasionals per article. Article 34	2020	106
1677	Nombre de prestacions ocasionals per article	0106020600080020	Nombre de prestacions ocasionals per article. Article 34	2021	86
1677	Nombre de prestacions ocasionals per article	0106020600080020	Nombre de prestacions ocasionals per article. Article 34	2022	113
1677	Nombre de prestacions ocasionals per article	0106020600080020	Nombre de prestacions ocasionals per article. Article 34	2023	160
1677	Nombre de prestacions ocasionals per article	0106020600080020	Nombre de prestacions ocasionals per article. Article 34	2024	209
1677	Nombre de prestacions ocasionals per article	0106020600080020	Nombre de prestacions ocasionals per article. Article 34	2025	277
1677	Nombre de prestacions ocasionals per article	0106020600080021	Nombre de prestacions ocasionals per article. Article 35	2016	0
1677	Nombre de prestacions ocasionals per article	0106020600080021	Nombre de prestacions ocasionals per article. Article 35	2017	0
1677	Nombre de prestacions ocasionals per article	0106020600080021	Nombre de prestacions ocasionals per article. Article 35	2018	0
1677	Nombre de prestacions ocasionals per article	0106020600080021	Nombre de prestacions ocasionals per article. Article 35	2019	5
1677	Nombre de prestacions ocasionals per article	0106020600080021	Nombre de prestacions ocasionals per article. Article 35	2020	3
1677	Nombre de prestacions ocasionals per article	0106020600080021	Nombre de prestacions ocasionals per article. Article 35	2021	3
1677	Nombre de prestacions ocasionals per article	0106020600080021	Nombre de prestacions ocasionals per article. Article 35	2022	1
1677	Nombre de prestacions ocasionals per article	0106020600080021	Nombre de prestacions ocasionals per article. Article 35	2023	2
1677	Nombre de prestacions ocasionals per article	0106020600080021	Nombre de prestacions ocasionals per article. Article 35	2024	1
1677	Nombre de prestacions ocasionals per article	0106020600080021	Nombre de prestacions ocasionals per article. Article 35	2025	2
1677	Nombre de prestacions ocasionals per article	0106020600080022	Nombre de prestacions ocasionals per article. Article 36	2016	0
1677	Nombre de prestacions ocasionals per article	0106020600080022	Nombre de prestacions ocasionals per article. Article 36	2017	0
1677	Nombre de prestacions ocasionals per article	0106020600080022	Nombre de prestacions ocasionals per article. Article 36	2018	0
1677	Nombre de prestacions ocasionals per article	0106020600080022	Nombre de prestacions ocasionals per article. Article 36	2019	116
1677	Nombre de prestacions ocasionals per article	0106020600080022	Nombre de prestacions ocasionals per article. Article 36	2020	330
1677	Nombre de prestacions ocasionals per article	0106020600080022	Nombre de prestacions ocasionals per article. Article 36	2021	123
1677	Nombre de prestacions ocasionals per article	0106020600080022	Nombre de prestacions ocasionals per article. Article 36	2022	119
1677	Nombre de prestacions ocasionals per article	0106020600080022	Nombre de prestacions ocasionals per article. Article 36	2023	235
1677	Nombre de prestacions ocasionals per article	0106020600080022	Nombre de prestacions ocasionals per article. Article 36	2024	242
1677	Nombre de prestacions ocasionals per article	0106020600080022	Nombre de prestacions ocasionals per article. Article 36	2025	133
1677	Nombre de prestacions ocasionals per article	0106020600080023	Nombre de prestacions ocasionals per article. Article 37	2016	0
1677	Nombre de prestacions ocasionals per article	0106020600080023	Nombre de prestacions ocasionals per article. Article 37	2017	0
1677	Nombre de prestacions ocasionals per article	0106020600080023	Nombre de prestacions ocasionals per article. Article 37	2018	0
1677	Nombre de prestacions ocasionals per article	0106020600080023	Nombre de prestacions ocasionals per article. Article 37	2019	1
1677	Nombre de prestacions ocasionals per article	0106020600080023	Nombre de prestacions ocasionals per article. Article 37	2020	0
1677	Nombre de prestacions ocasionals per article	0106020600080023	Nombre de prestacions ocasionals per article. Article 37	2021	1
1677	Nombre de prestacions ocasionals per article	0106020600080023	Nombre de prestacions ocasionals per article. Article 37	2022	1
1677	Nombre de prestacions ocasionals per article	0106020600080023	Nombre de prestacions ocasionals per article. Article 37	2023	6
1677	Nombre de prestacions ocasionals per article	0106020600080023	Nombre de prestacions ocasionals per article. Article 37	2024	3
1677	Nombre de prestacions ocasionals per article	0106020600080023	Nombre de prestacions ocasionals per article. Article 37	2025	2
1677	Nombre de prestacions ocasionals per article	0106020600080024	Nombre de prestacions ocasionals per article. Article 38	2016	0
1677	Nombre de prestacions ocasionals per article	0106020600080024	Nombre de prestacions ocasionals per article. Article 38	2017	0
1677	Nombre de prestacions ocasionals per article	0106020600080024	Nombre de prestacions ocasionals per article. Article 38	2018	0
1677	Nombre de prestacions ocasionals per article	0106020600080024	Nombre de prestacions ocasionals per article. Article 38	2019	6
1677	Nombre de prestacions ocasionals per article	0106020600080024	Nombre de prestacions ocasionals per article. Article 38	2020	2
1677	Nombre de prestacions ocasionals per article	0106020600080024	Nombre de prestacions ocasionals per article. Article 38	2021	5
1677	Nombre de prestacions ocasionals per article	0106020600080024	Nombre de prestacions ocasionals per article. Article 38	2022	2
1677	Nombre de prestacions ocasionals per article	0106020600080024	Nombre de prestacions ocasionals per article. Article 38	2023	4
1677	Nombre de prestacions ocasionals per article	0106020600080024	Nombre de prestacions ocasionals per article. Article 38	2024	7
1677	Nombre de prestacions ocasionals per article	0106020600080024	Nombre de prestacions ocasionals per article. Article 38	2025	3
1677	Nombre de prestacions ocasionals per article	0106020600080025	Nombre de prestacions ocasionals per article. Article 39	2016	0
1677	Nombre de prestacions ocasionals per article	0106020600080025	Nombre de prestacions ocasionals per article. Article 39	2017	0
1677	Nombre de prestacions ocasionals per article	0106020600080025	Nombre de prestacions ocasionals per article. Article 39	2018	0
1677	Nombre de prestacions ocasionals per article	0106020600080025	Nombre de prestacions ocasionals per article. Article 39	2019	0
1677	Nombre de prestacions ocasionals per article	0106020600080025	Nombre de prestacions ocasionals per article. Article 39	2020	4
1677	Nombre de prestacions ocasionals per article	0106020600080025	Nombre de prestacions ocasionals per article. Article 39	2021	1
1677	Nombre de prestacions ocasionals per article	0106020600080025	Nombre de prestacions ocasionals per article. Article 39	2022	0
1677	Nombre de prestacions ocasionals per article	0106020600080025	Nombre de prestacions ocasionals per article. Article 39	2023	2
1677	Nombre de prestacions ocasionals per article	0106020600080025	Nombre de prestacions ocasionals per article. Article 39	2024	3
1677	Nombre de prestacions ocasionals per article	0106020600080025	Nombre de prestacions ocasionals per article. Article 39	2025	0
1677	Nombre de prestacions ocasionals per article	0106020600080026	Nombre de prestacions ocasionals per article. Total	2016	2069
1677	Nombre de prestacions ocasionals per article	0106020600080026	Nombre de prestacions ocasionals per article. Total	2017	2820
1677	Nombre de prestacions ocasionals per article	0106020600080026	Nombre de prestacions ocasionals per article. Total	2018	2843
1677	Nombre de prestacions ocasionals per article	0106020600080026	Nombre de prestacions ocasionals per article. Total	2019	2517
1677	Nombre de prestacions ocasionals per article	0106020600080026	Nombre de prestacions ocasionals per article. Total	2020	3372
1677	Nombre de prestacions ocasionals per article	0106020600080026	Nombre de prestacions ocasionals per article. Total	2021	3051
1677	Nombre de prestacions ocasionals per article	0106020600080026	Nombre de prestacions ocasionals per article. Total	2022	2162
1677	Nombre de prestacions ocasionals per article	0106020600080026	Nombre de prestacions ocasionals per article. Total	2023	2875
1677	Nombre de prestacions ocasionals per article	0106020600080026	Nombre de prestacions ocasionals per article. Total	2024	2923
1677	Nombre de prestacions ocasionals per article	0106020600080026	Nombre de prestacions ocasionals per article. Total	2025	2981
1699	Import de prestacions ocasionals total	0106020600300001	Import de prestacions ocasionals total	2016	2470564
1699	Import de prestacions ocasionals total	0106020600300001	Import de prestacions ocasionals total	2017	2757260
1699	Import de prestacions ocasionals total	0106020600300001	Import de prestacions ocasionals total	2018	3318089
1699	Import de prestacions ocasionals total	0106020600300001	Import de prestacions ocasionals total	2019	2332081
1699	Import de prestacions ocasionals total	0106020600300001	Import de prestacions ocasionals total	2020	4530670
1699	Import de prestacions ocasionals total	0106020600300001	Import de prestacions ocasionals total	2021	4277760
1699	Import de prestacions ocasionals total	0106020600300001	Import de prestacions ocasionals total	2022	3391357
1699	Import de prestacions ocasionals total	0106020600300001	Import de prestacions ocasionals total	2023	3245122.51
1699	Import de prestacions ocasionals total	0106020600300001	Import de prestacions ocasionals total	2024	3497878.67
1699	Import de prestacions ocasionals total	0106020600300001	Import de prestacions ocasionals total	2025	3245122.51
1757	Nombre de prestacions de discapacitat total	0106020700010001	Nombre de prestacions de discapacitat total	2018	217
1757	Nombre de prestacions de discapacitat total	0106020700010001	Nombre de prestacions de discapacitat total	2019	251
1757	Nombre de prestacions de discapacitat total	0106020700010001	Nombre de prestacions de discapacitat total	2020	268
1757	Nombre de prestacions de discapacitat total	0106020700010001	Nombre de prestacions de discapacitat total	2021	295
1757	Nombre de prestacions de discapacitat total	0106020700010001	Nombre de prestacions de discapacitat total	2022	312
1757	Nombre de prestacions de discapacitat total	0106020700010001	Nombre de prestacions de discapacitat total	2023	343
1757	Nombre de prestacions de discapacitat total	0106020700010001	Nombre de prestacions de discapacitat total	2024	372
1757	Nombre de prestacions de discapacitat total	0106020700010001	Nombre de prestacions de discapacitat total	2025	419
1758	Nombre de prestacions de discapacitat per sexe	0106020700020001	Nombre de prestacions de discapacitat per sexe. Femení	2018	124
1758	Nombre de prestacions de discapacitat per sexe	0106020700020001	Nombre de prestacions de discapacitat per sexe. Femení	2019	142
1758	Nombre de prestacions de discapacitat per sexe	0106020700020001	Nombre de prestacions de discapacitat per sexe. Femení	2020	148
1758	Nombre de prestacions de discapacitat per sexe	0106020700020001	Nombre de prestacions de discapacitat per sexe. Femení	2021	158
1758	Nombre de prestacions de discapacitat per sexe	0106020700020001	Nombre de prestacions de discapacitat per sexe. Femení	2022	168
1758	Nombre de prestacions de discapacitat per sexe	0106020700020001	Nombre de prestacions de discapacitat per sexe. Femení	2023	189
1758	Nombre de prestacions de discapacitat per sexe	0106020700020001	Nombre de prestacions de discapacitat per sexe. Femení	2024	207
1758	Nombre de prestacions de discapacitat per sexe	0106020700020001	Nombre de prestacions de discapacitat per sexe. Femení	2025	189
1758	Nombre de prestacions de discapacitat per sexe	0106020700020002	Nombre de prestacions de discapacitat per sexe. Masculí	2018	93
1758	Nombre de prestacions de discapacitat per sexe	0106020700020002	Nombre de prestacions de discapacitat per sexe. Masculí	2019	109
1758	Nombre de prestacions de discapacitat per sexe	0106020700020002	Nombre de prestacions de discapacitat per sexe. Masculí	2020	120
1758	Nombre de prestacions de discapacitat per sexe	0106020700020002	Nombre de prestacions de discapacitat per sexe. Masculí	2021	137
1758	Nombre de prestacions de discapacitat per sexe	0106020700020002	Nombre de prestacions de discapacitat per sexe. Masculí	2022	144
1758	Nombre de prestacions de discapacitat per sexe	0106020700020002	Nombre de prestacions de discapacitat per sexe. Masculí	2023	154
1758	Nombre de prestacions de discapacitat per sexe	0106020700020002	Nombre de prestacions de discapacitat per sexe. Masculí	2024	165
1758	Nombre de prestacions de discapacitat per sexe	0106020700020002	Nombre de prestacions de discapacitat per sexe. Masculí	2025	230
1758	Nombre de prestacions de discapacitat per sexe	0106020700020003	Nombre de prestacions de discapacitat per sexe. Total	2018	217
1758	Nombre de prestacions de discapacitat per sexe	0106020700020003	Nombre de prestacions de discapacitat per sexe. Total	2019	251
1758	Nombre de prestacions de discapacitat per sexe	0106020700020003	Nombre de prestacions de discapacitat per sexe. Total	2020	268
1758	Nombre de prestacions de discapacitat per sexe	0106020700020003	Nombre de prestacions de discapacitat per sexe. Total	2021	295
1758	Nombre de prestacions de discapacitat per sexe	0106020700020003	Nombre de prestacions de discapacitat per sexe. Total	2022	312
1758	Nombre de prestacions de discapacitat per sexe	0106020700020003	Nombre de prestacions de discapacitat per sexe. Total	2023	343
1758	Nombre de prestacions de discapacitat per sexe	0106020700020003	Nombre de prestacions de discapacitat per sexe. Total	2024	372
1758	Nombre de prestacions de discapacitat per sexe	0106020700020003	Nombre de prestacions de discapacitat per sexe. Total	2025	419
1759	Nombre de prestacions de discapacitat per edat	0106020700030001	Nombre de prestacions de discapacitat per edat. Menys de 18 anys	2018	29
1759	Nombre de prestacions de discapacitat per edat	0106020700030001	Nombre de prestacions de discapacitat per edat. Menys de 18 anys	2019	0
1759	Nombre de prestacions de discapacitat per edat	0106020700030001	Nombre de prestacions de discapacitat per edat. Menys de 18 anys	2020	0
1759	Nombre de prestacions de discapacitat per edat	0106020700030001	Nombre de prestacions de discapacitat per edat. Menys de 18 anys	2021	0
1759	Nombre de prestacions de discapacitat per edat	0106020700030001	Nombre de prestacions de discapacitat per edat. Menys de 18 anys	2022	0
1759	Nombre de prestacions de discapacitat per edat	0106020700030001	Nombre de prestacions de discapacitat per edat. Menys de 18 anys	2023	0
1759	Nombre de prestacions de discapacitat per edat	0106020700030001	Nombre de prestacions de discapacitat per edat. Menys de 18 anys	2024	0
1759	Nombre de prestacions de discapacitat per edat	0106020700030001	Nombre de prestacions de discapacitat per edat. Menys de 18 anys	2025	1
1759	Nombre de prestacions de discapacitat per edat	0106020700030002	Nombre de prestacions de discapacitat per edat. Entre 18 i 25 anys	2018	46
1759	Nombre de prestacions de discapacitat per edat	0106020700030002	Nombre de prestacions de discapacitat per edat. Entre 18 i 25 anys	2019	39
1759	Nombre de prestacions de discapacitat per edat	0106020700030002	Nombre de prestacions de discapacitat per edat. Entre 18 i 25 anys	2020	38
1759	Nombre de prestacions de discapacitat per edat	0106020700030002	Nombre de prestacions de discapacitat per edat. Entre 18 i 25 anys	2021	39
1759	Nombre de prestacions de discapacitat per edat	0106020700030002	Nombre de prestacions de discapacitat per edat. Entre 18 i 25 anys	2022	41
1759	Nombre de prestacions de discapacitat per edat	0106020700030002	Nombre de prestacions de discapacitat per edat. Entre 18 i 25 anys	2023	36
1759	Nombre de prestacions de discapacitat per edat	0106020700030002	Nombre de prestacions de discapacitat per edat. Entre 18 i 25 anys	2024	28
1759	Nombre de prestacions de discapacitat per edat	0106020700030002	Nombre de prestacions de discapacitat per edat. Entre 18 i 25 anys	2025	23
1759	Nombre de prestacions de discapacitat per edat	0106020700030003	Nombre de prestacions de discapacitat per edat. Entre 26 i 30 anys	2018	18
1759	Nombre de prestacions de discapacitat per edat	0106020700030003	Nombre de prestacions de discapacitat per edat. Entre 26 i 30 anys	2019	19
1759	Nombre de prestacions de discapacitat per edat	0106020700030003	Nombre de prestacions de discapacitat per edat. Entre 26 i 30 anys	2020	19
1759	Nombre de prestacions de discapacitat per edat	0106020700030003	Nombre de prestacions de discapacitat per edat. Entre 26 i 30 anys	2021	19
1759	Nombre de prestacions de discapacitat per edat	0106020700030003	Nombre de prestacions de discapacitat per edat. Entre 26 i 30 anys	2022	18
1759	Nombre de prestacions de discapacitat per edat	0106020700030003	Nombre de prestacions de discapacitat per edat. Entre 26 i 30 anys	2023	25
1759	Nombre de prestacions de discapacitat per edat	0106020700030003	Nombre de prestacions de discapacitat per edat. Entre 26 i 30 anys	2024	32
1759	Nombre de prestacions de discapacitat per edat	0106020700030003	Nombre de prestacions de discapacitat per edat. Entre 26 i 30 anys	2025	41
1759	Nombre de prestacions de discapacitat per edat	0106020700030004	Nombre de prestacions de discapacitat per edat. Entre 31 i 35 anys	2018	10
1759	Nombre de prestacions de discapacitat per edat	0106020700030004	Nombre de prestacions de discapacitat per edat. Entre 31 i 35 anys	2019	23
1759	Nombre de prestacions de discapacitat per edat	0106020700030004	Nombre de prestacions de discapacitat per edat. Entre 31 i 35 anys	2020	22
1759	Nombre de prestacions de discapacitat per edat	0106020700030004	Nombre de prestacions de discapacitat per edat. Entre 31 i 35 anys	2021	26
1759	Nombre de prestacions de discapacitat per edat	0106020700030004	Nombre de prestacions de discapacitat per edat. Entre 31 i 35 anys	2022	25
1759	Nombre de prestacions de discapacitat per edat	0106020700030004	Nombre de prestacions de discapacitat per edat. Entre 31 i 35 anys	2023	24
1759	Nombre de prestacions de discapacitat per edat	0106020700030004	Nombre de prestacions de discapacitat per edat. Entre 31 i 35 anys	2024	23
1759	Nombre de prestacions de discapacitat per edat	0106020700030004	Nombre de prestacions de discapacitat per edat. Entre 31 i 35 anys	2025	22
1759	Nombre de prestacions de discapacitat per edat	0106020700030005	Nombre de prestacions de discapacitat per edat. Entre 36 i 40 anys	2018	13
1759	Nombre de prestacions de discapacitat per edat	0106020700030005	Nombre de prestacions de discapacitat per edat. Entre 36 i 40 anys	2019	22
1759	Nombre de prestacions de discapacitat per edat	0106020700030005	Nombre de prestacions de discapacitat per edat. Entre 36 i 40 anys	2020	26
1759	Nombre de prestacions de discapacitat per edat	0106020700030005	Nombre de prestacions de discapacitat per edat. Entre 36 i 40 anys	2021	26
1759	Nombre de prestacions de discapacitat per edat	0106020700030005	Nombre de prestacions de discapacitat per edat. Entre 36 i 40 anys	2022	26
1759	Nombre de prestacions de discapacitat per edat	0106020700030005	Nombre de prestacions de discapacitat per edat. Entre 36 i 40 anys	2023	25
1759	Nombre de prestacions de discapacitat per edat	0106020700030005	Nombre de prestacions de discapacitat per edat. Entre 36 i 40 anys	2024	30
1759	Nombre de prestacions de discapacitat per edat	0106020700030005	Nombre de prestacions de discapacitat per edat. Entre 36 i 40 anys	2025	33
1759	Nombre de prestacions de discapacitat per edat	0106020700030006	Nombre de prestacions de discapacitat per edat. Entre 41 i 45 anys	2018	17
1759	Nombre de prestacions de discapacitat per edat	0106020700030006	Nombre de prestacions de discapacitat per edat. Entre 41 i 45 anys	2019	25
1759	Nombre de prestacions de discapacitat per edat	0106020700030006	Nombre de prestacions de discapacitat per edat. Entre 41 i 45 anys	2020	22
1759	Nombre de prestacions de discapacitat per edat	0106020700030006	Nombre de prestacions de discapacitat per edat. Entre 41 i 45 anys	2021	25
1759	Nombre de prestacions de discapacitat per edat	0106020700030006	Nombre de prestacions de discapacitat per edat. Entre 41 i 45 anys	2022	27
1759	Nombre de prestacions de discapacitat per edat	0106020700030006	Nombre de prestacions de discapacitat per edat. Entre 41 i 45 anys	2023	38
1759	Nombre de prestacions de discapacitat per edat	0106020700030006	Nombre de prestacions de discapacitat per edat. Entre 41 i 45 anys	2024	39
1759	Nombre de prestacions de discapacitat per edat	0106020700030006	Nombre de prestacions de discapacitat per edat. Entre 41 i 45 anys	2025	43
1759	Nombre de prestacions de discapacitat per edat	0106020700030007	Nombre de prestacions de discapacitat per edat. Entre 46 i 50 anys	2018	30
1759	Nombre de prestacions de discapacitat per edat	0106020700030007	Nombre de prestacions de discapacitat per edat. Entre 46 i 50 anys	2019	25
1759	Nombre de prestacions de discapacitat per edat	0106020700030007	Nombre de prestacions de discapacitat per edat. Entre 46 i 50 anys	2020	24
1759	Nombre de prestacions de discapacitat per edat	0106020700030007	Nombre de prestacions de discapacitat per edat. Entre 46 i 50 anys	2021	32
1759	Nombre de prestacions de discapacitat per edat	0106020700030007	Nombre de prestacions de discapacitat per edat. Entre 46 i 50 anys	2022	35
1759	Nombre de prestacions de discapacitat per edat	0106020700030007	Nombre de prestacions de discapacitat per edat. Entre 46 i 50 anys	2023	34
1759	Nombre de prestacions de discapacitat per edat	0106020700030007	Nombre de prestacions de discapacitat per edat. Entre 46 i 50 anys	2024	31
1759	Nombre de prestacions de discapacitat per edat	0106020700030007	Nombre de prestacions de discapacitat per edat. Entre 46 i 50 anys	2025	42
1759	Nombre de prestacions de discapacitat per edat	0106020700030008	Nombre de prestacions de discapacitat per edat. Entre 51 i 55 anys	2018	19
1759	Nombre de prestacions de discapacitat per edat	0106020700030008	Nombre de prestacions de discapacitat per edat. Entre 51 i 55 anys	2019	25
1759	Nombre de prestacions de discapacitat per edat	0106020700030008	Nombre de prestacions de discapacitat per edat. Entre 51 i 55 anys	2020	35
1759	Nombre de prestacions de discapacitat per edat	0106020700030008	Nombre de prestacions de discapacitat per edat. Entre 51 i 55 anys	2021	30
1759	Nombre de prestacions de discapacitat per edat	0106020700030008	Nombre de prestacions de discapacitat per edat. Entre 51 i 55 anys	2022	37
1759	Nombre de prestacions de discapacitat per edat	0106020700030008	Nombre de prestacions de discapacitat per edat. Entre 51 i 55 anys	2023	44
1759	Nombre de prestacions de discapacitat per edat	0106020700030008	Nombre de prestacions de discapacitat per edat. Entre 51 i 55 anys	2024	58
1759	Nombre de prestacions de discapacitat per edat	0106020700030008	Nombre de prestacions de discapacitat per edat. Entre 51 i 55 anys	2025	55
1759	Nombre de prestacions de discapacitat per edat	0106020700030009	Nombre de prestacions de discapacitat per edat. Entre 56 i 60 anys	2018	21
1759	Nombre de prestacions de discapacitat per edat	0106020700030009	Nombre de prestacions de discapacitat per edat. Entre 56 i 60 anys	2019	37
1759	Nombre de prestacions de discapacitat per edat	0106020700030009	Nombre de prestacions de discapacitat per edat. Entre 56 i 60 anys	2020	34
1759	Nombre de prestacions de discapacitat per edat	0106020700030009	Nombre de prestacions de discapacitat per edat. Entre 56 i 60 anys	2021	35
1759	Nombre de prestacions de discapacitat per edat	0106020700030009	Nombre de prestacions de discapacitat per edat. Entre 56 i 60 anys	2022	39
1759	Nombre de prestacions de discapacitat per edat	0106020700030009	Nombre de prestacions de discapacitat per edat. Entre 56 i 60 anys	2023	42
1759	Nombre de prestacions de discapacitat per edat	0106020700030009	Nombre de prestacions de discapacitat per edat. Entre 56 i 60 anys	2024	42
1759	Nombre de prestacions de discapacitat per edat	0106020700030009	Nombre de prestacions de discapacitat per edat. Entre 56 i 60 anys	2025	65
1759	Nombre de prestacions de discapacitat per edat	0106020700030010	Nombre de prestacions de discapacitat per edat. Entre 61 i 65 anys	2018	14
1759	Nombre de prestacions de discapacitat per edat	0106020700030010	Nombre de prestacions de discapacitat per edat. Entre 61 i 65 anys	2019	30
1759	Nombre de prestacions de discapacitat per edat	0106020700030010	Nombre de prestacions de discapacitat per edat. Entre 61 i 65 anys	2020	38
1759	Nombre de prestacions de discapacitat per edat	0106020700030010	Nombre de prestacions de discapacitat per edat. Entre 61 i 65 anys	2021	47
1759	Nombre de prestacions de discapacitat per edat	0106020700030010	Nombre de prestacions de discapacitat per edat. Entre 61 i 65 anys	2022	42
1759	Nombre de prestacions de discapacitat per edat	0106020700030010	Nombre de prestacions de discapacitat per edat. Entre 61 i 65 anys	2023	47
1759	Nombre de prestacions de discapacitat per edat	0106020700030010	Nombre de prestacions de discapacitat per edat. Entre 61 i 65 anys	2024	57
1759	Nombre de prestacions de discapacitat per edat	0106020700030010	Nombre de prestacions de discapacitat per edat. Entre 61 i 65 anys	2025	54
1759	Nombre de prestacions de discapacitat per edat	0106020700030011	Nombre de prestacions de discapacitat per edat. Més de 65 anys	2018	0
1759	Nombre de prestacions de discapacitat per edat	0106020700030011	Nombre de prestacions de discapacitat per edat. Més de 65 anys	2019	6
1759	Nombre de prestacions de discapacitat per edat	0106020700030011	Nombre de prestacions de discapacitat per edat. Més de 65 anys	2020	10
1759	Nombre de prestacions de discapacitat per edat	0106020700030011	Nombre de prestacions de discapacitat per edat. Més de 65 anys	2021	16
1759	Nombre de prestacions de discapacitat per edat	0106020700030011	Nombre de prestacions de discapacitat per edat. Més de 65 anys	2022	22
1759	Nombre de prestacions de discapacitat per edat	0106020700030011	Nombre de prestacions de discapacitat per edat. Més de 65 anys	2023	28
1759	Nombre de prestacions de discapacitat per edat	0106020700030011	Nombre de prestacions de discapacitat per edat. Més de 65 anys	2024	32
1759	Nombre de prestacions de discapacitat per edat	0106020700030011	Nombre de prestacions de discapacitat per edat. Més de 65 anys	2025	40
1759	Nombre de prestacions de discapacitat per edat	0106020700030012	Nombre de prestacions de discapacitat per edat. Total	2018	217
1759	Nombre de prestacions de discapacitat per edat	0106020700030012	Nombre de prestacions de discapacitat per edat. Total	2019	251
1759	Nombre de prestacions de discapacitat per edat	0106020700030012	Nombre de prestacions de discapacitat per edat. Total	2020	268
1759	Nombre de prestacions de discapacitat per edat	0106020700030012	Nombre de prestacions de discapacitat per edat. Total	2021	295
1759	Nombre de prestacions de discapacitat per edat	0106020700030012	Nombre de prestacions de discapacitat per edat. Total	2022	312
1759	Nombre de prestacions de discapacitat per edat	0106020700030012	Nombre de prestacions de discapacitat per edat. Total	2023	343
1759	Nombre de prestacions de discapacitat per edat	0106020700030012	Nombre de prestacions de discapacitat per edat. Total	2024	372
1759	Nombre de prestacions de discapacitat per edat	0106020700030012	Nombre de prestacions de discapacitat per edat. Total	2025	419
1760	Nombre de prestacions de discapacitat per nacionalitat	0106020700040001	Nombre de prestacions de discapacitat per nacionalitat. Andorrana	2018	128
1760	Nombre de prestacions de discapacitat per nacionalitat	0106020700040001	Nombre de prestacions de discapacitat per nacionalitat. Andorrana	2019	147
1760	Nombre de prestacions de discapacitat per nacionalitat	0106020700040001	Nombre de prestacions de discapacitat per nacionalitat. Andorrana	2020	153
1760	Nombre de prestacions de discapacitat per nacionalitat	0106020700040001	Nombre de prestacions de discapacitat per nacionalitat. Andorrana	2021	167
1760	Nombre de prestacions de discapacitat per nacionalitat	0106020700040001	Nombre de prestacions de discapacitat per nacionalitat. Andorrana	2022	176
1760	Nombre de prestacions de discapacitat per nacionalitat	0106020700040001	Nombre de prestacions de discapacitat per nacionalitat. Andorrana	2023	189
1760	Nombre de prestacions de discapacitat per nacionalitat	0106020700040001	Nombre de prestacions de discapacitat per nacionalitat. Andorrana	2024	205
1760	Nombre de prestacions de discapacitat per nacionalitat	0106020700040001	Nombre de prestacions de discapacitat per nacionalitat. Andorrana	2025	233
1760	Nombre de prestacions de discapacitat per nacionalitat	0106020700040002	Nombre de prestacions de discapacitat per nacionalitat. Espanyola	2018	55
1760	Nombre de prestacions de discapacitat per nacionalitat	0106020700040002	Nombre de prestacions de discapacitat per nacionalitat. Espanyola	2019	66
1760	Nombre de prestacions de discapacitat per nacionalitat	0106020700040002	Nombre de prestacions de discapacitat per nacionalitat. Espanyola	2020	76
1760	Nombre de prestacions de discapacitat per nacionalitat	0106020700040002	Nombre de prestacions de discapacitat per nacionalitat. Espanyola	2021	82
1760	Nombre de prestacions de discapacitat per nacionalitat	0106020700040002	Nombre de prestacions de discapacitat per nacionalitat. Espanyola	2022	89
1760	Nombre de prestacions de discapacitat per nacionalitat	0106020700040002	Nombre de prestacions de discapacitat per nacionalitat. Espanyola	2023	94
1760	Nombre de prestacions de discapacitat per nacionalitat	0106020700040002	Nombre de prestacions de discapacitat per nacionalitat. Espanyola	2024	99
1760	Nombre de prestacions de discapacitat per nacionalitat	0106020700040002	Nombre de prestacions de discapacitat per nacionalitat. Espanyola	2025	99
1760	Nombre de prestacions de discapacitat per nacionalitat	0106020700040003	Nombre de prestacions de discapacitat per nacionalitat. Portuguesa	2018	24
1760	Nombre de prestacions de discapacitat per nacionalitat	0106020700040003	Nombre de prestacions de discapacitat per nacionalitat. Portuguesa	2019	27
1760	Nombre de prestacions de discapacitat per nacionalitat	0106020700040003	Nombre de prestacions de discapacitat per nacionalitat. Portuguesa	2020	28
1760	Nombre de prestacions de discapacitat per nacionalitat	0106020700040003	Nombre de prestacions de discapacitat per nacionalitat. Portuguesa	2021	34
1760	Nombre de prestacions de discapacitat per nacionalitat	0106020700040003	Nombre de prestacions de discapacitat per nacionalitat. Portuguesa	2022	34
1760	Nombre de prestacions de discapacitat per nacionalitat	0106020700040003	Nombre de prestacions de discapacitat per nacionalitat. Portuguesa	2023	45
1760	Nombre de prestacions de discapacitat per nacionalitat	0106020700040003	Nombre de prestacions de discapacitat per nacionalitat. Portuguesa	2024	52
1760	Nombre de prestacions de discapacitat per nacionalitat	0106020700040003	Nombre de prestacions de discapacitat per nacionalitat. Portuguesa	2025	64
1760	Nombre de prestacions de discapacitat per nacionalitat	0106020700040004	Nombre de prestacions de discapacitat per nacionalitat. Francesa	2018	3
1760	Nombre de prestacions de discapacitat per nacionalitat	0106020700040004	Nombre de prestacions de discapacitat per nacionalitat. Francesa	2019	4
1760	Nombre de prestacions de discapacitat per nacionalitat	0106020700040004	Nombre de prestacions de discapacitat per nacionalitat. Francesa	2020	4
1760	Nombre de prestacions de discapacitat per nacionalitat	0106020700040004	Nombre de prestacions de discapacitat per nacionalitat. Francesa	2021	3
1760	Nombre de prestacions de discapacitat per nacionalitat	0106020700040004	Nombre de prestacions de discapacitat per nacionalitat. Francesa	2022	3
1760	Nombre de prestacions de discapacitat per nacionalitat	0106020700040004	Nombre de prestacions de discapacitat per nacionalitat. Francesa	2023	3
1760	Nombre de prestacions de discapacitat per nacionalitat	0106020700040004	Nombre de prestacions de discapacitat per nacionalitat. Francesa	2024	5
1760	Nombre de prestacions de discapacitat per nacionalitat	0106020700040004	Nombre de prestacions de discapacitat per nacionalitat. Francesa	2025	8
1760	Nombre de prestacions de discapacitat per nacionalitat	0106020700040005	Nombre de prestacions de discapacitat per nacionalitat. Altres	2018	7
1760	Nombre de prestacions de discapacitat per nacionalitat	0106020700040005	Nombre de prestacions de discapacitat per nacionalitat. Altres	2019	7
1760	Nombre de prestacions de discapacitat per nacionalitat	0106020700040005	Nombre de prestacions de discapacitat per nacionalitat. Altres	2020	7
1760	Nombre de prestacions de discapacitat per nacionalitat	0106020700040005	Nombre de prestacions de discapacitat per nacionalitat. Altres	2021	9
1760	Nombre de prestacions de discapacitat per nacionalitat	0106020700040005	Nombre de prestacions de discapacitat per nacionalitat. Altres	2022	10
1760	Nombre de prestacions de discapacitat per nacionalitat	0106020700040005	Nombre de prestacions de discapacitat per nacionalitat. Altres	2023	12
1760	Nombre de prestacions de discapacitat per nacionalitat	0106020700040005	Nombre de prestacions de discapacitat per nacionalitat. Altres	2024	11
1760	Nombre de prestacions de discapacitat per nacionalitat	0106020700040005	Nombre de prestacions de discapacitat per nacionalitat. Altres	2025	15
1760	Nombre de prestacions de discapacitat per nacionalitat	0106020700040006	Nombre de prestacions de discapacitat per nacionalitat. Total	2018	217
1760	Nombre de prestacions de discapacitat per nacionalitat	0106020700040006	Nombre de prestacions de discapacitat per nacionalitat. Total	2019	251
1760	Nombre de prestacions de discapacitat per nacionalitat	0106020700040006	Nombre de prestacions de discapacitat per nacionalitat. Total	2020	268
1760	Nombre de prestacions de discapacitat per nacionalitat	0106020700040006	Nombre de prestacions de discapacitat per nacionalitat. Total	2021	295
1760	Nombre de prestacions de discapacitat per nacionalitat	0106020700040006	Nombre de prestacions de discapacitat per nacionalitat. Total	2022	312
1760	Nombre de prestacions de discapacitat per nacionalitat	0106020700040006	Nombre de prestacions de discapacitat per nacionalitat. Total	2023	343
1760	Nombre de prestacions de discapacitat per nacionalitat	0106020700040006	Nombre de prestacions de discapacitat per nacionalitat. Total	2024	372
1760	Nombre de prestacions de discapacitat per nacionalitat	0106020700040006	Nombre de prestacions de discapacitat per nacionalitat. Total	2025	419
1761	Nombre de prestacions de discapacitat per tipus de discapacitat	0106020700050001	Nombre de prestacions de discapacitat per tipus de discapacitat. Física	2018	27
1761	Nombre de prestacions de discapacitat per tipus de discapacitat	0106020700050001	Nombre de prestacions de discapacitat per tipus de discapacitat. Física	2019	35
1761	Nombre de prestacions de discapacitat per tipus de discapacitat	0106020700050001	Nombre de prestacions de discapacitat per tipus de discapacitat. Física	2020	36
1761	Nombre de prestacions de discapacitat per tipus de discapacitat	0106020700050001	Nombre de prestacions de discapacitat per tipus de discapacitat. Física	2021	40
1761	Nombre de prestacions de discapacitat per tipus de discapacitat	0106020700050001	Nombre de prestacions de discapacitat per tipus de discapacitat. Física	2022	35
1761	Nombre de prestacions de discapacitat per tipus de discapacitat	0106020700050001	Nombre de prestacions de discapacitat per tipus de discapacitat. Física	2023	39
1761	Nombre de prestacions de discapacitat per tipus de discapacitat	0106020700050001	Nombre de prestacions de discapacitat per tipus de discapacitat. Física	2024	41
1761	Nombre de prestacions de discapacitat per tipus de discapacitat	0106020700050001	Nombre de prestacions de discapacitat per tipus de discapacitat. Física	2025	47
1761	Nombre de prestacions de discapacitat per tipus de discapacitat	0106020700050002	Nombre de prestacions de discapacitat per tipus de discapacitat. Psíquica	2018	77
1761	Nombre de prestacions de discapacitat per tipus de discapacitat	0106020700050002	Nombre de prestacions de discapacitat per tipus de discapacitat. Psíquica	2019	88
1761	Nombre de prestacions de discapacitat per tipus de discapacitat	0106020700050002	Nombre de prestacions de discapacitat per tipus de discapacitat. Psíquica	2020	93
1761	Nombre de prestacions de discapacitat per tipus de discapacitat	0106020700050002	Nombre de prestacions de discapacitat per tipus de discapacitat. Psíquica	2021	93
1761	Nombre de prestacions de discapacitat per tipus de discapacitat	0106020700050002	Nombre de prestacions de discapacitat per tipus de discapacitat. Psíquica	2022	93
1761	Nombre de prestacions de discapacitat per tipus de discapacitat	0106020700050002	Nombre de prestacions de discapacitat per tipus de discapacitat. Psíquica	2023	93
1761	Nombre de prestacions de discapacitat per tipus de discapacitat	0106020700050002	Nombre de prestacions de discapacitat per tipus de discapacitat. Psíquica	2024	92
1761	Nombre de prestacions de discapacitat per tipus de discapacitat	0106020700050002	Nombre de prestacions de discapacitat per tipus de discapacitat. Psíquica	2025	86
1761	Nombre de prestacions de discapacitat per tipus de discapacitat	0106020700050003	Nombre de prestacions de discapacitat per tipus de discapacitat. Malaltia mental	2018	0
1761	Nombre de prestacions de discapacitat per tipus de discapacitat	0106020700050003	Nombre de prestacions de discapacitat per tipus de discapacitat. Malaltia mental	2019	0
1761	Nombre de prestacions de discapacitat per tipus de discapacitat	0106020700050003	Nombre de prestacions de discapacitat per tipus de discapacitat. Malaltia mental	2020	3
1761	Nombre de prestacions de discapacitat per tipus de discapacitat	0106020700050003	Nombre de prestacions de discapacitat per tipus de discapacitat. Malaltia mental	2021	12
1761	Nombre de prestacions de discapacitat per tipus de discapacitat	0106020700050003	Nombre de prestacions de discapacitat per tipus de discapacitat. Malaltia mental	2022	14
1761	Nombre de prestacions de discapacitat per tipus de discapacitat	0106020700050003	Nombre de prestacions de discapacitat per tipus de discapacitat. Malaltia mental	2023	23
1761	Nombre de prestacions de discapacitat per tipus de discapacitat	0106020700050003	Nombre de prestacions de discapacitat per tipus de discapacitat. Malaltia mental	2024	31
1761	Nombre de prestacions de discapacitat per tipus de discapacitat	0106020700050003	Nombre de prestacions de discapacitat per tipus de discapacitat. Malaltia mental	2025	40
1761	Nombre de prestacions de discapacitat per tipus de discapacitat	0106020700050004	Nombre de prestacions de discapacitat per tipus de discapacitat. Intel·lectual	2021	4
1761	Nombre de prestacions de discapacitat per tipus de discapacitat	0106020700050004	Nombre de prestacions de discapacitat per tipus de discapacitat. Intel·lectual	2022	15
1761	Nombre de prestacions de discapacitat per tipus de discapacitat	0106020700050004	Nombre de prestacions de discapacitat per tipus de discapacitat. Intel·lectual	2023	12
1761	Nombre de prestacions de discapacitat per tipus de discapacitat	0106020700050004	Nombre de prestacions de discapacitat per tipus de discapacitat. Intel·lectual	2024	14
1761	Nombre de prestacions de discapacitat per tipus de discapacitat	0106020700050004	Nombre de prestacions de discapacitat per tipus de discapacitat. Intel·lectual	2025	19
1761	Nombre de prestacions de discapacitat per tipus de discapacitat	0106020700050005	Nombre de prestacions de discapacitat per tipus de discapacitat. Sensorial	2018	5
1761	Nombre de prestacions de discapacitat per tipus de discapacitat	0106020700050005	Nombre de prestacions de discapacitat per tipus de discapacitat. Sensorial	2019	7
1761	Nombre de prestacions de discapacitat per tipus de discapacitat	0106020700050005	Nombre de prestacions de discapacitat per tipus de discapacitat. Sensorial	2020	8
1761	Nombre de prestacions de discapacitat per tipus de discapacitat	0106020700050005	Nombre de prestacions de discapacitat per tipus de discapacitat. Sensorial	2021	9
1761	Nombre de prestacions de discapacitat per tipus de discapacitat	0106020700050005	Nombre de prestacions de discapacitat per tipus de discapacitat. Sensorial	2022	9
1761	Nombre de prestacions de discapacitat per tipus de discapacitat	0106020700050005	Nombre de prestacions de discapacitat per tipus de discapacitat. Sensorial	2023	9
1761	Nombre de prestacions de discapacitat per tipus de discapacitat	0106020700050005	Nombre de prestacions de discapacitat per tipus de discapacitat. Sensorial	2024	9
1761	Nombre de prestacions de discapacitat per tipus de discapacitat	0106020700050005	Nombre de prestacions de discapacitat per tipus de discapacitat. Sensorial	2025	9
1761	Nombre de prestacions de discapacitat per tipus de discapacitat	0106020700050006	Nombre de prestacions de discapacitat per tipus de discapacitat. Pluridiscapacitat	2018	108
1761	Nombre de prestacions de discapacitat per tipus de discapacitat	0106020700050006	Nombre de prestacions de discapacitat per tipus de discapacitat. Pluridiscapacitat	2019	121
1761	Nombre de prestacions de discapacitat per tipus de discapacitat	0106020700050006	Nombre de prestacions de discapacitat per tipus de discapacitat. Pluridiscapacitat	2020	128
1761	Nombre de prestacions de discapacitat per tipus de discapacitat	0106020700050006	Nombre de prestacions de discapacitat per tipus de discapacitat. Pluridiscapacitat	2021	137
1761	Nombre de prestacions de discapacitat per tipus de discapacitat	0106020700050006	Nombre de prestacions de discapacitat per tipus de discapacitat. Pluridiscapacitat	2022	146
1761	Nombre de prestacions de discapacitat per tipus de discapacitat	0106020700050006	Nombre de prestacions de discapacitat per tipus de discapacitat. Pluridiscapacitat	2023	167
1761	Nombre de prestacions de discapacitat per tipus de discapacitat	0106020700050006	Nombre de prestacions de discapacitat per tipus de discapacitat. Pluridiscapacitat	2024	185
1761	Nombre de prestacions de discapacitat per tipus de discapacitat	0106020700050006	Nombre de prestacions de discapacitat per tipus de discapacitat. Pluridiscapacitat	2025	218
1761	Nombre de prestacions de discapacitat per tipus de discapacitat	0106020700050007	Nombre de prestacions de discapacitat per tipus de discapacitat. Total	2018	217
1761	Nombre de prestacions de discapacitat per tipus de discapacitat	0106020700050007	Nombre de prestacions de discapacitat per tipus de discapacitat. Total	2019	251
1761	Nombre de prestacions de discapacitat per tipus de discapacitat	0106020700050007	Nombre de prestacions de discapacitat per tipus de discapacitat. Total	2020	268
1761	Nombre de prestacions de discapacitat per tipus de discapacitat	0106020700050007	Nombre de prestacions de discapacitat per tipus de discapacitat. Total	2021	295
1761	Nombre de prestacions de discapacitat per tipus de discapacitat	0106020700050007	Nombre de prestacions de discapacitat per tipus de discapacitat. Total	2022	312
1761	Nombre de prestacions de discapacitat per tipus de discapacitat	0106020700050007	Nombre de prestacions de discapacitat per tipus de discapacitat. Total	2023	343
1761	Nombre de prestacions de discapacitat per tipus de discapacitat	0106020700050007	Nombre de prestacions de discapacitat per tipus de discapacitat. Total	2024	372
1761	Nombre de prestacions de discapacitat per tipus de discapacitat	0106020700050007	Nombre de prestacions de discapacitat per tipus de discapacitat. Total	2025	419
1762	Nombre de prestacions de discapacitat per grau de discapacitat	0106020700060001	Nombre de prestacions de discapacitat per grau de discapacitat. 0-10%	2018	0
1762	Nombre de prestacions de discapacitat per grau de discapacitat	0106020700060001	Nombre de prestacions de discapacitat per grau de discapacitat. 0-10%	2019	0
1762	Nombre de prestacions de discapacitat per grau de discapacitat	0106020700060001	Nombre de prestacions de discapacitat per grau de discapacitat. 0-10%	2020	0
1762	Nombre de prestacions de discapacitat per grau de discapacitat	0106020700060001	Nombre de prestacions de discapacitat per grau de discapacitat. 0-10%	2021	0
1762	Nombre de prestacions de discapacitat per grau de discapacitat	0106020700060001	Nombre de prestacions de discapacitat per grau de discapacitat. 0-10%	2022	0
1762	Nombre de prestacions de discapacitat per grau de discapacitat	0106020700060001	Nombre de prestacions de discapacitat per grau de discapacitat. 0-10%	2023	0
1762	Nombre de prestacions de discapacitat per grau de discapacitat	0106020700060001	Nombre de prestacions de discapacitat per grau de discapacitat. 0-10%	2024	0
1762	Nombre de prestacions de discapacitat per grau de discapacitat	0106020700060001	Nombre de prestacions de discapacitat per grau de discapacitat. 0-10%	2025	0
1762	Nombre de prestacions de discapacitat per grau de discapacitat	0106020700060002	Nombre de prestacions de discapacitat per grau de discapacitat. 10-20%	2018	0
1762	Nombre de prestacions de discapacitat per grau de discapacitat	0106020700060002	Nombre de prestacions de discapacitat per grau de discapacitat. 10-20%	2019	0
1762	Nombre de prestacions de discapacitat per grau de discapacitat	0106020700060002	Nombre de prestacions de discapacitat per grau de discapacitat. 10-20%	2020	0
1762	Nombre de prestacions de discapacitat per grau de discapacitat	0106020700060002	Nombre de prestacions de discapacitat per grau de discapacitat. 10-20%	2021	0
1762	Nombre de prestacions de discapacitat per grau de discapacitat	0106020700060002	Nombre de prestacions de discapacitat per grau de discapacitat. 10-20%	2022	0
1762	Nombre de prestacions de discapacitat per grau de discapacitat	0106020700060002	Nombre de prestacions de discapacitat per grau de discapacitat. 10-20%	2023	0
1762	Nombre de prestacions de discapacitat per grau de discapacitat	0106020700060002	Nombre de prestacions de discapacitat per grau de discapacitat. 10-20%	2024	0
1762	Nombre de prestacions de discapacitat per grau de discapacitat	0106020700060002	Nombre de prestacions de discapacitat per grau de discapacitat. 10-20%	2025	0
1762	Nombre de prestacions de discapacitat per grau de discapacitat	0106020700060003	Nombre de prestacions de discapacitat per grau de discapacitat. 20-30%	2018	0
1762	Nombre de prestacions de discapacitat per grau de discapacitat	0106020700060003	Nombre de prestacions de discapacitat per grau de discapacitat. 20-30%	2019	0
1762	Nombre de prestacions de discapacitat per grau de discapacitat	0106020700060003	Nombre de prestacions de discapacitat per grau de discapacitat. 20-30%	2020	0
1762	Nombre de prestacions de discapacitat per grau de discapacitat	0106020700060003	Nombre de prestacions de discapacitat per grau de discapacitat. 20-30%	2021	0
1762	Nombre de prestacions de discapacitat per grau de discapacitat	0106020700060003	Nombre de prestacions de discapacitat per grau de discapacitat. 20-30%	2022	0
1762	Nombre de prestacions de discapacitat per grau de discapacitat	0106020700060003	Nombre de prestacions de discapacitat per grau de discapacitat. 20-30%	2023	0
1762	Nombre de prestacions de discapacitat per grau de discapacitat	0106020700060003	Nombre de prestacions de discapacitat per grau de discapacitat. 20-30%	2024	0
1762	Nombre de prestacions de discapacitat per grau de discapacitat	0106020700060003	Nombre de prestacions de discapacitat per grau de discapacitat. 20-30%	2025	0
1762	Nombre de prestacions de discapacitat per grau de discapacitat	0106020700060004	Nombre de prestacions de discapacitat per grau de discapacitat. 30-40%	2018	0
1762	Nombre de prestacions de discapacitat per grau de discapacitat	0106020700060004	Nombre de prestacions de discapacitat per grau de discapacitat. 30-40%	2019	0
1762	Nombre de prestacions de discapacitat per grau de discapacitat	0106020700060004	Nombre de prestacions de discapacitat per grau de discapacitat. 30-40%	2020	0
1762	Nombre de prestacions de discapacitat per grau de discapacitat	0106020700060004	Nombre de prestacions de discapacitat per grau de discapacitat. 30-40%	2021	0
1762	Nombre de prestacions de discapacitat per grau de discapacitat	0106020700060004	Nombre de prestacions de discapacitat per grau de discapacitat. 30-40%	2022	0
1762	Nombre de prestacions de discapacitat per grau de discapacitat	0106020700060004	Nombre de prestacions de discapacitat per grau de discapacitat. 30-40%	2023	0
1762	Nombre de prestacions de discapacitat per grau de discapacitat	0106020700060004	Nombre de prestacions de discapacitat per grau de discapacitat. 30-40%	2024	0
1762	Nombre de prestacions de discapacitat per grau de discapacitat	0106020700060004	Nombre de prestacions de discapacitat per grau de discapacitat. 30-40%	2025	0
1762	Nombre de prestacions de discapacitat per grau de discapacitat	0106020700060005	Nombre de prestacions de discapacitat per grau de discapacitat. 40-50%	2018	1
1762	Nombre de prestacions de discapacitat per grau de discapacitat	0106020700060005	Nombre de prestacions de discapacitat per grau de discapacitat. 40-50%	2019	1
1762	Nombre de prestacions de discapacitat per grau de discapacitat	0106020700060005	Nombre de prestacions de discapacitat per grau de discapacitat. 40-50%	2020	2
1762	Nombre de prestacions de discapacitat per grau de discapacitat	0106020700060005	Nombre de prestacions de discapacitat per grau de discapacitat. 40-50%	2021	0
1762	Nombre de prestacions de discapacitat per grau de discapacitat	0106020700060005	Nombre de prestacions de discapacitat per grau de discapacitat. 40-50%	2022	1
1762	Nombre de prestacions de discapacitat per grau de discapacitat	0106020700060005	Nombre de prestacions de discapacitat per grau de discapacitat. 40-50%	2023	0
1762	Nombre de prestacions de discapacitat per grau de discapacitat	0106020700060005	Nombre de prestacions de discapacitat per grau de discapacitat. 40-50%	2024	0
1762	Nombre de prestacions de discapacitat per grau de discapacitat	0106020700060005	Nombre de prestacions de discapacitat per grau de discapacitat. 40-50%	2025	0
1762	Nombre de prestacions de discapacitat per grau de discapacitat	0106020700060006	Nombre de prestacions de discapacitat per grau de discapacitat. 50-60%	2018	2
1762	Nombre de prestacions de discapacitat per grau de discapacitat	0106020700060006	Nombre de prestacions de discapacitat per grau de discapacitat. 50-60%	2019	2
1762	Nombre de prestacions de discapacitat per grau de discapacitat	0106020700060006	Nombre de prestacions de discapacitat per grau de discapacitat. 50-60%	2020	2
1762	Nombre de prestacions de discapacitat per grau de discapacitat	0106020700060006	Nombre de prestacions de discapacitat per grau de discapacitat. 50-60%	2021	0
1762	Nombre de prestacions de discapacitat per grau de discapacitat	0106020700060006	Nombre de prestacions de discapacitat per grau de discapacitat. 50-60%	2022	1
1762	Nombre de prestacions de discapacitat per grau de discapacitat	0106020700060006	Nombre de prestacions de discapacitat per grau de discapacitat. 50-60%	2023	0
1762	Nombre de prestacions de discapacitat per grau de discapacitat	0106020700060006	Nombre de prestacions de discapacitat per grau de discapacitat. 50-60%	2024	0
1762	Nombre de prestacions de discapacitat per grau de discapacitat	0106020700060006	Nombre de prestacions de discapacitat per grau de discapacitat. 50-60%	2025	0
1762	Nombre de prestacions de discapacitat per grau de discapacitat	0106020700060007	Nombre de prestacions de discapacitat per grau de discapacitat. 60-70%	2018	106
1762	Nombre de prestacions de discapacitat per grau de discapacitat	0106020700060007	Nombre de prestacions de discapacitat per grau de discapacitat. 60-70%	2019	122
1762	Nombre de prestacions de discapacitat per grau de discapacitat	0106020700060007	Nombre de prestacions de discapacitat per grau de discapacitat. 60-70%	2020	135
1762	Nombre de prestacions de discapacitat per grau de discapacitat	0106020700060007	Nombre de prestacions de discapacitat per grau de discapacitat. 60-70%	2021	160
1762	Nombre de prestacions de discapacitat per grau de discapacitat	0106020700060007	Nombre de prestacions de discapacitat per grau de discapacitat. 60-70%	2022	176
1762	Nombre de prestacions de discapacitat per grau de discapacitat	0106020700060007	Nombre de prestacions de discapacitat per grau de discapacitat. 60-70%	2023	197
1762	Nombre de prestacions de discapacitat per grau de discapacitat	0106020700060007	Nombre de prestacions de discapacitat per grau de discapacitat. 60-70%	2024	220
1762	Nombre de prestacions de discapacitat per grau de discapacitat	0106020700060007	Nombre de prestacions de discapacitat per grau de discapacitat. 60-70%	2025	259
1762	Nombre de prestacions de discapacitat per grau de discapacitat	0106020700060008	Nombre de prestacions de discapacitat per grau de discapacitat. 70-80%	2018	69
1762	Nombre de prestacions de discapacitat per grau de discapacitat	0106020700060008	Nombre de prestacions de discapacitat per grau de discapacitat. 70-80%	2019	80
1762	Nombre de prestacions de discapacitat per grau de discapacitat	0106020700060008	Nombre de prestacions de discapacitat per grau de discapacitat. 70-80%	2020	83
1762	Nombre de prestacions de discapacitat per grau de discapacitat	0106020700060008	Nombre de prestacions de discapacitat per grau de discapacitat. 70-80%	2021	88
1762	Nombre de prestacions de discapacitat per grau de discapacitat	0106020700060008	Nombre de prestacions de discapacitat per grau de discapacitat. 70-80%	2022	90
1762	Nombre de prestacions de discapacitat per grau de discapacitat	0106020700060008	Nombre de prestacions de discapacitat per grau de discapacitat. 70-80%	2023	100
1762	Nombre de prestacions de discapacitat per grau de discapacitat	0106020700060008	Nombre de prestacions de discapacitat per grau de discapacitat. 70-80%	2024	105
1762	Nombre de prestacions de discapacitat per grau de discapacitat	0106020700060008	Nombre de prestacions de discapacitat per grau de discapacitat. 70-80%	2025	111
1762	Nombre de prestacions de discapacitat per grau de discapacitat	0106020700060009	Nombre de prestacions de discapacitat per grau de discapacitat. 80-90%	2018	26
1762	Nombre de prestacions de discapacitat per grau de discapacitat	0106020700060009	Nombre de prestacions de discapacitat per grau de discapacitat. 80-90%	2019	30
1762	Nombre de prestacions de discapacitat per grau de discapacitat	0106020700060009	Nombre de prestacions de discapacitat per grau de discapacitat. 80-90%	2020	30
1762	Nombre de prestacions de discapacitat per grau de discapacitat	0106020700060009	Nombre de prestacions de discapacitat per grau de discapacitat. 80-90%	2021	31
1762	Nombre de prestacions de discapacitat per grau de discapacitat	0106020700060009	Nombre de prestacions de discapacitat per grau de discapacitat. 80-90%	2022	30
1762	Nombre de prestacions de discapacitat per grau de discapacitat	0106020700060009	Nombre de prestacions de discapacitat per grau de discapacitat. 80-90%	2023	31
1762	Nombre de prestacions de discapacitat per grau de discapacitat	0106020700060009	Nombre de prestacions de discapacitat per grau de discapacitat. 80-90%	2024	33
1762	Nombre de prestacions de discapacitat per grau de discapacitat	0106020700060009	Nombre de prestacions de discapacitat per grau de discapacitat. 80-90%	2025	35
1762	Nombre de prestacions de discapacitat per grau de discapacitat	0106020700060010	Nombre de prestacions de discapacitat per grau de discapacitat. 90-100%	2018	13
1762	Nombre de prestacions de discapacitat per grau de discapacitat	0106020700060010	Nombre de prestacions de discapacitat per grau de discapacitat. 90-100%	2019	16
1762	Nombre de prestacions de discapacitat per grau de discapacitat	0106020700060010	Nombre de prestacions de discapacitat per grau de discapacitat. 90-100%	2020	16
1762	Nombre de prestacions de discapacitat per grau de discapacitat	0106020700060010	Nombre de prestacions de discapacitat per grau de discapacitat. 90-100%	2021	16
1762	Nombre de prestacions de discapacitat per grau de discapacitat	0106020700060010	Nombre de prestacions de discapacitat per grau de discapacitat. 90-100%	2022	14
1762	Nombre de prestacions de discapacitat per grau de discapacitat	0106020700060010	Nombre de prestacions de discapacitat per grau de discapacitat. 90-100%	2023	15
1762	Nombre de prestacions de discapacitat per grau de discapacitat	0106020700060010	Nombre de prestacions de discapacitat per grau de discapacitat. 90-100%	2024	14
1762	Nombre de prestacions de discapacitat per grau de discapacitat	0106020700060010	Nombre de prestacions de discapacitat per grau de discapacitat. 90-100%	2025	14
1762	Nombre de prestacions de discapacitat per grau de discapacitat	0106020700060011	Nombre de prestacions de discapacitat per grau de discapacitat. Total	2018	217
1762	Nombre de prestacions de discapacitat per grau de discapacitat	0106020700060011	Nombre de prestacions de discapacitat per grau de discapacitat. Total	2019	251
1762	Nombre de prestacions de discapacitat per grau de discapacitat	0106020700060011	Nombre de prestacions de discapacitat per grau de discapacitat. Total	2020	268
1762	Nombre de prestacions de discapacitat per grau de discapacitat	0106020700060011	Nombre de prestacions de discapacitat per grau de discapacitat. Total	2021	295
1762	Nombre de prestacions de discapacitat per grau de discapacitat	0106020700060011	Nombre de prestacions de discapacitat per grau de discapacitat. Total	2022	312
1762	Nombre de prestacions de discapacitat per grau de discapacitat	0106020700060011	Nombre de prestacions de discapacitat per grau de discapacitat. Total	2023	343
1762	Nombre de prestacions de discapacitat per grau de discapacitat	0106020700060011	Nombre de prestacions de discapacitat per grau de discapacitat. Total	2024	372
1762	Nombre de prestacions de discapacitat per grau de discapacitat	0106020700060011	Nombre de prestacions de discapacitat per grau de discapacitat. Total	2025	419
1771	Import de prestacions de discapacitat total	0106020700150001	Import de prestacions de discapacitat total	2018	2124751.58
1771	Import de prestacions de discapacitat total	0106020700150001	Import de prestacions de discapacitat total	2019	2522156.41
1771	Import de prestacions de discapacitat total	0106020700150001	Import de prestacions de discapacitat total	2020	2818802.05
1771	Import de prestacions de discapacitat total	0106020700150001	Import de prestacions de discapacitat total	2021	3175339.47
1771	Import de prestacions de discapacitat total	0106020700150001	Import de prestacions de discapacitat total	2022	3731841.82
1771	Import de prestacions de discapacitat total	0106020700150001	Import de prestacions de discapacitat total	2023	4266531.95
1771	Import de prestacions de discapacitat total	0106020700150001	Import de prestacions de discapacitat total	2024	4999686.75
1771	Import de prestacions de discapacitat total	0106020700150001	Import de prestacions de discapacitat total	2025	5731387.16
1785	Nombre de prestacions de l'habitatge	0106020800010001	Nombre de prestacions de l'habitatge. Total	2010	593
1785	Nombre de prestacions de l'habitatge	0106020800010001	Nombre de prestacions de l'habitatge. Total	2011	638
1785	Nombre de prestacions de l'habitatge	0106020800010001	Nombre de prestacions de l'habitatge. Total	2012	719
1785	Nombre de prestacions de l'habitatge	0106020800010001	Nombre de prestacions de l'habitatge. Total	2013	862
1785	Nombre de prestacions de l'habitatge	0106020800010001	Nombre de prestacions de l'habitatge. Total	2014	860
1785	Nombre de prestacions de l'habitatge	0106020800010001	Nombre de prestacions de l'habitatge. Total	2015	922
1785	Nombre de prestacions de l'habitatge	0106020800010001	Nombre de prestacions de l'habitatge. Total	2017	819
1785	Nombre de prestacions de l'habitatge	0106020800010001	Nombre de prestacions de l'habitatge. Total	2018	907
1785	Nombre de prestacions de l'habitatge	0106020800010001	Nombre de prestacions de l'habitatge. Total	2019	1059
1785	Nombre de prestacions de l'habitatge	0106020800010001	Nombre de prestacions de l'habitatge. Total	2020	1072
1785	Nombre de prestacions de l'habitatge	0106020800010001	Nombre de prestacions de l'habitatge. Total	2021	1395
1785	Nombre de prestacions de l'habitatge	0106020800010001	Nombre de prestacions de l'habitatge. Total	2022	1471
1785	Nombre de prestacions de l'habitatge	0106020800010001	Nombre de prestacions de l'habitatge. Total	2023	1445
1785	Nombre de prestacions de l'habitatge	0106020800010001	Nombre de prestacions de l'habitatge. Total	2024	1445
1785	Nombre de prestacions de l'habitatge	0106020800010001	Nombre de prestacions de l'habitatge. Total	2025	1847
1788	Nombre de prestacions de l'habitatge per nacionalitat	0106020800040001	Nombre de prestacions de l'habitatge per nacionalitat. Andorrana	2010	120
1788	Nombre de prestacions de l'habitatge per nacionalitat	0106020800040001	Nombre de prestacions de l'habitatge per nacionalitat. Andorrana	2011	124
1788	Nombre de prestacions de l'habitatge per nacionalitat	0106020800040001	Nombre de prestacions de l'habitatge per nacionalitat. Andorrana	2012	138
1788	Nombre de prestacions de l'habitatge per nacionalitat	0106020800040001	Nombre de prestacions de l'habitatge per nacionalitat. Andorrana	2013	168
1788	Nombre de prestacions de l'habitatge per nacionalitat	0106020800040001	Nombre de prestacions de l'habitatge per nacionalitat. Andorrana	2014	190
1788	Nombre de prestacions de l'habitatge per nacionalitat	0106020800040001	Nombre de prestacions de l'habitatge per nacionalitat. Andorrana	2015	214
1788	Nombre de prestacions de l'habitatge per nacionalitat	0106020800040001	Nombre de prestacions de l'habitatge per nacionalitat. Andorrana	2017	237
1788	Nombre de prestacions de l'habitatge per nacionalitat	0106020800040001	Nombre de prestacions de l'habitatge per nacionalitat. Andorrana	2018	267
1788	Nombre de prestacions de l'habitatge per nacionalitat	0106020800040001	Nombre de prestacions de l'habitatge per nacionalitat. Andorrana	2019	282
1788	Nombre de prestacions de l'habitatge per nacionalitat	0106020800040001	Nombre de prestacions de l'habitatge per nacionalitat. Andorrana	2020	303
1788	Nombre de prestacions de l'habitatge per nacionalitat	0106020800040001	Nombre de prestacions de l'habitatge per nacionalitat. Andorrana	2021	412
1788	Nombre de prestacions de l'habitatge per nacionalitat	0106020800040001	Nombre de prestacions de l'habitatge per nacionalitat. Andorrana	2022	444
1788	Nombre de prestacions de l'habitatge per nacionalitat	0106020800040001	Nombre de prestacions de l'habitatge per nacionalitat. Andorrana	2025	574
1788	Nombre de prestacions de l'habitatge per nacionalitat	0106020800040002	Nombre de prestacions de l'habitatge per nacionalitat. Espanyola	2010	239
1788	Nombre de prestacions de l'habitatge per nacionalitat	0106020800040002	Nombre de prestacions de l'habitatge per nacionalitat. Espanyola	2011	258
1788	Nombre de prestacions de l'habitatge per nacionalitat	0106020800040002	Nombre de prestacions de l'habitatge per nacionalitat. Espanyola	2012	275
1788	Nombre de prestacions de l'habitatge per nacionalitat	0106020800040002	Nombre de prestacions de l'habitatge per nacionalitat. Espanyola	2013	313
1788	Nombre de prestacions de l'habitatge per nacionalitat	0106020800040002	Nombre de prestacions de l'habitatge per nacionalitat. Espanyola	2014	287
1788	Nombre de prestacions de l'habitatge per nacionalitat	0106020800040002	Nombre de prestacions de l'habitatge per nacionalitat. Espanyola	2015	299
1788	Nombre de prestacions de l'habitatge per nacionalitat	0106020800040002	Nombre de prestacions de l'habitatge per nacionalitat. Espanyola	2017	272
1788	Nombre de prestacions de l'habitatge per nacionalitat	0106020800040002	Nombre de prestacions de l'habitatge per nacionalitat. Espanyola	2018	295
1788	Nombre de prestacions de l'habitatge per nacionalitat	0106020800040002	Nombre de prestacions de l'habitatge per nacionalitat. Espanyola	2019	352
1788	Nombre de prestacions de l'habitatge per nacionalitat	0106020800040002	Nombre de prestacions de l'habitatge per nacionalitat. Espanyola	2020	354
1788	Nombre de prestacions de l'habitatge per nacionalitat	0106020800040002	Nombre de prestacions de l'habitatge per nacionalitat. Espanyola	2021	439
1788	Nombre de prestacions de l'habitatge per nacionalitat	0106020800040002	Nombre de prestacions de l'habitatge per nacionalitat. Espanyola	2022	466
1788	Nombre de prestacions de l'habitatge per nacionalitat	0106020800040002	Nombre de prestacions de l'habitatge per nacionalitat. Espanyola	2025	634
1788	Nombre de prestacions de l'habitatge per nacionalitat	0106020800040003	Nombre de prestacions de l'habitatge per nacionalitat. Francesa	2010	22
1788	Nombre de prestacions de l'habitatge per nacionalitat	0106020800040003	Nombre de prestacions de l'habitatge per nacionalitat. Francesa	2011	24
1788	Nombre de prestacions de l'habitatge per nacionalitat	0106020800040003	Nombre de prestacions de l'habitatge per nacionalitat. Francesa	2012	27
1788	Nombre de prestacions de l'habitatge per nacionalitat	0106020800040003	Nombre de prestacions de l'habitatge per nacionalitat. Francesa	2013	23
1788	Nombre de prestacions de l'habitatge per nacionalitat	0106020800040003	Nombre de prestacions de l'habitatge per nacionalitat. Francesa	2014	23
1788	Nombre de prestacions de l'habitatge per nacionalitat	0106020800040003	Nombre de prestacions de l'habitatge per nacionalitat. Francesa	2015	25
1788	Nombre de prestacions de l'habitatge per nacionalitat	0106020800040003	Nombre de prestacions de l'habitatge per nacionalitat. Francesa	2017	17
1788	Nombre de prestacions de l'habitatge per nacionalitat	0106020800040003	Nombre de prestacions de l'habitatge per nacionalitat. Francesa	2018	20
1788	Nombre de prestacions de l'habitatge per nacionalitat	0106020800040003	Nombre de prestacions de l'habitatge per nacionalitat. Francesa	2019	22
1788	Nombre de prestacions de l'habitatge per nacionalitat	0106020800040003	Nombre de prestacions de l'habitatge per nacionalitat. Francesa	2020	24
1788	Nombre de prestacions de l'habitatge per nacionalitat	0106020800040003	Nombre de prestacions de l'habitatge per nacionalitat. Francesa	2021	34
1788	Nombre de prestacions de l'habitatge per nacionalitat	0106020800040003	Nombre de prestacions de l'habitatge per nacionalitat. Francesa	2022	37
1788	Nombre de prestacions de l'habitatge per nacionalitat	0106020800040003	Nombre de prestacions de l'habitatge per nacionalitat. Francesa	2025	38
1788	Nombre de prestacions de l'habitatge per nacionalitat	0106020800040004	Nombre de prestacions de l'habitatge per nacionalitat. Portuguesa	2010	134
1788	Nombre de prestacions de l'habitatge per nacionalitat	0106020800040004	Nombre de prestacions de l'habitatge per nacionalitat. Portuguesa	2011	150
1788	Nombre de prestacions de l'habitatge per nacionalitat	0106020800040004	Nombre de prestacions de l'habitatge per nacionalitat. Portuguesa	2012	177
1788	Nombre de prestacions de l'habitatge per nacionalitat	0106020800040004	Nombre de prestacions de l'habitatge per nacionalitat. Portuguesa	2013	226
1788	Nombre de prestacions de l'habitatge per nacionalitat	0106020800040004	Nombre de prestacions de l'habitatge per nacionalitat. Portuguesa	2014	232
1788	Nombre de prestacions de l'habitatge per nacionalitat	0106020800040004	Nombre de prestacions de l'habitatge per nacionalitat. Portuguesa	2015	251
1788	Nombre de prestacions de l'habitatge per nacionalitat	0106020800040004	Nombre de prestacions de l'habitatge per nacionalitat. Portuguesa	2017	192
1788	Nombre de prestacions de l'habitatge per nacionalitat	0106020800040004	Nombre de prestacions de l'habitatge per nacionalitat. Portuguesa	2018	216
1788	Nombre de prestacions de l'habitatge per nacionalitat	0106020800040004	Nombre de prestacions de l'habitatge per nacionalitat. Portuguesa	2019	258
1788	Nombre de prestacions de l'habitatge per nacionalitat	0106020800040004	Nombre de prestacions de l'habitatge per nacionalitat. Portuguesa	2020	246
1788	Nombre de prestacions de l'habitatge per nacionalitat	0106020800040004	Nombre de prestacions de l'habitatge per nacionalitat. Portuguesa	2021	303
1788	Nombre de prestacions de l'habitatge per nacionalitat	0106020800040004	Nombre de prestacions de l'habitatge per nacionalitat. Portuguesa	2022	292
1788	Nombre de prestacions de l'habitatge per nacionalitat	0106020800040004	Nombre de prestacions de l'habitatge per nacionalitat. Portuguesa	2025	349
1788	Nombre de prestacions de l'habitatge per nacionalitat	0106020800040005	Nombre de prestacions de l'habitatge per nacionalitat. Altres	2010	78
1788	Nombre de prestacions de l'habitatge per nacionalitat	0106020800040005	Nombre de prestacions de l'habitatge per nacionalitat. Altres	2011	82
1788	Nombre de prestacions de l'habitatge per nacionalitat	0106020800040005	Nombre de prestacions de l'habitatge per nacionalitat. Altres	2012	102
1788	Nombre de prestacions de l'habitatge per nacionalitat	0106020800040005	Nombre de prestacions de l'habitatge per nacionalitat. Altres	2013	132
1788	Nombre de prestacions de l'habitatge per nacionalitat	0106020800040005	Nombre de prestacions de l'habitatge per nacionalitat. Altres	2014	128
1788	Nombre de prestacions de l'habitatge per nacionalitat	0106020800040005	Nombre de prestacions de l'habitatge per nacionalitat. Altres	2015	133
1788	Nombre de prestacions de l'habitatge per nacionalitat	0106020800040005	Nombre de prestacions de l'habitatge per nacionalitat. Altres	2017	101
1788	Nombre de prestacions de l'habitatge per nacionalitat	0106020800040005	Nombre de prestacions de l'habitatge per nacionalitat. Altres	2018	109
1788	Nombre de prestacions de l'habitatge per nacionalitat	0106020800040005	Nombre de prestacions de l'habitatge per nacionalitat. Altres	2019	145
1788	Nombre de prestacions de l'habitatge per nacionalitat	0106020800040005	Nombre de prestacions de l'habitatge per nacionalitat. Altres	2020	145
1788	Nombre de prestacions de l'habitatge per nacionalitat	0106020800040005	Nombre de prestacions de l'habitatge per nacionalitat. Altres	2021	207
1788	Nombre de prestacions de l'habitatge per nacionalitat	0106020800040005	Nombre de prestacions de l'habitatge per nacionalitat. Altres	2022	232
1788	Nombre de prestacions de l'habitatge per nacionalitat	0106020800040005	Nombre de prestacions de l'habitatge per nacionalitat. Altres	2025	252
1788	Nombre de prestacions de l'habitatge per nacionalitat	0106020800040006	Nombre de prestacions de l'habitatge per nacionalitat. Total	2010	593
1788	Nombre de prestacions de l'habitatge per nacionalitat	0106020800040006	Nombre de prestacions de l'habitatge per nacionalitat. Total	2011	638
1788	Nombre de prestacions de l'habitatge per nacionalitat	0106020800040006	Nombre de prestacions de l'habitatge per nacionalitat. Total	2012	719
1788	Nombre de prestacions de l'habitatge per nacionalitat	0106020800040006	Nombre de prestacions de l'habitatge per nacionalitat. Total	2013	862
1788	Nombre de prestacions de l'habitatge per nacionalitat	0106020800040006	Nombre de prestacions de l'habitatge per nacionalitat. Total	2014	860
1788	Nombre de prestacions de l'habitatge per nacionalitat	0106020800040006	Nombre de prestacions de l'habitatge per nacionalitat. Total	2015	922
1788	Nombre de prestacions de l'habitatge per nacionalitat	0106020800040006	Nombre de prestacions de l'habitatge per nacionalitat. Total	2017	819
1788	Nombre de prestacions de l'habitatge per nacionalitat	0106020800040006	Nombre de prestacions de l'habitatge per nacionalitat. Total	2018	907
1788	Nombre de prestacions de l'habitatge per nacionalitat	0106020800040006	Nombre de prestacions de l'habitatge per nacionalitat. Total	2019	1059
1788	Nombre de prestacions de l'habitatge per nacionalitat	0106020800040006	Nombre de prestacions de l'habitatge per nacionalitat. Total	2020	1072
1788	Nombre de prestacions de l'habitatge per nacionalitat	0106020800040006	Nombre de prestacions de l'habitatge per nacionalitat. Total	2021	1395
1788	Nombre de prestacions de l'habitatge per nacionalitat	0106020800040006	Nombre de prestacions de l'habitatge per nacionalitat. Total	2022	1471
1788	Nombre de prestacions de l'habitatge per nacionalitat	0106020800040006	Nombre de prestacions de l'habitatge per nacionalitat. Total	2025	1847
1789	Nombre de prestacions de l'habitatge per parròquia	0106020800050001	Nombre de prestacions de l'habitatge per parròquia. Canillo	2010	12
1789	Nombre de prestacions de l'habitatge per parròquia	0106020800050001	Nombre de prestacions de l'habitatge per parròquia. Canillo	2011	12
1789	Nombre de prestacions de l'habitatge per parròquia	0106020800050001	Nombre de prestacions de l'habitatge per parròquia. Canillo	2012	17
1789	Nombre de prestacions de l'habitatge per parròquia	0106020800050001	Nombre de prestacions de l'habitatge per parròquia. Canillo	2013	24
1789	Nombre de prestacions de l'habitatge per parròquia	0106020800050001	Nombre de prestacions de l'habitatge per parròquia. Canillo	2014	35
1789	Nombre de prestacions de l'habitatge per parròquia	0106020800050001	Nombre de prestacions de l'habitatge per parròquia. Canillo	2015	23
1789	Nombre de prestacions de l'habitatge per parròquia	0106020800050001	Nombre de prestacions de l'habitatge per parròquia. Canillo	2017	67
1789	Nombre de prestacions de l'habitatge per parròquia	0106020800050001	Nombre de prestacions de l'habitatge per parròquia. Canillo	2018	73
1789	Nombre de prestacions de l'habitatge per parròquia	0106020800050001	Nombre de prestacions de l'habitatge per parròquia. Canillo	2019	98
1789	Nombre de prestacions de l'habitatge per parròquia	0106020800050001	Nombre de prestacions de l'habitatge per parròquia. Canillo	2020	33
1789	Nombre de prestacions de l'habitatge per parròquia	0106020800050001	Nombre de prestacions de l'habitatge per parròquia. Canillo	2021	55
1789	Nombre de prestacions de l'habitatge per parròquia	0106020800050001	Nombre de prestacions de l'habitatge per parròquia. Canillo	2022	55
1789	Nombre de prestacions de l'habitatge per parròquia	0106020800050001	Nombre de prestacions de l'habitatge per parròquia. Canillo	2025	73
1789	Nombre de prestacions de l'habitatge per parròquia	0106020800050002	Nombre de prestacions de l'habitatge per parròquia. Encamp	2010	80
1789	Nombre de prestacions de l'habitatge per parròquia	0106020800050002	Nombre de prestacions de l'habitatge per parròquia. Encamp	2011	73
1789	Nombre de prestacions de l'habitatge per parròquia	0106020800050002	Nombre de prestacions de l'habitatge per parròquia. Encamp	2012	88
1789	Nombre de prestacions de l'habitatge per parròquia	0106020800050002	Nombre de prestacions de l'habitatge per parròquia. Encamp	2013	107
1789	Nombre de prestacions de l'habitatge per parròquia	0106020800050002	Nombre de prestacions de l'habitatge per parròquia. Encamp	2014	121
1789	Nombre de prestacions de l'habitatge per parròquia	0106020800050002	Nombre de prestacions de l'habitatge per parròquia. Encamp	2015	142
1789	Nombre de prestacions de l'habitatge per parròquia	0106020800050002	Nombre de prestacions de l'habitatge per parròquia. Encamp	2017	85
1789	Nombre de prestacions de l'habitatge per parròquia	0106020800050002	Nombre de prestacions de l'habitatge per parròquia. Encamp	2018	85
1789	Nombre de prestacions de l'habitatge per parròquia	0106020800050002	Nombre de prestacions de l'habitatge per parròquia. Encamp	2019	110
1789	Nombre de prestacions de l'habitatge per parròquia	0106020800050002	Nombre de prestacions de l'habitatge per parròquia. Encamp	2020	142
1789	Nombre de prestacions de l'habitatge per parròquia	0106020800050002	Nombre de prestacions de l'habitatge per parròquia. Encamp	2021	186
1789	Nombre de prestacions de l'habitatge per parròquia	0106020800050002	Nombre de prestacions de l'habitatge per parròquia. Encamp	2022	199
1789	Nombre de prestacions de l'habitatge per parròquia	0106020800050002	Nombre de prestacions de l'habitatge per parròquia. Encamp	2025	259
1789	Nombre de prestacions de l'habitatge per parròquia	0106020800050003	Nombre de prestacions de l'habitatge per parròquia. Ordino	2010	9
1789	Nombre de prestacions de l'habitatge per parròquia	0106020800050003	Nombre de prestacions de l'habitatge per parròquia. Ordino	2011	18
1789	Nombre de prestacions de l'habitatge per parròquia	0106020800050003	Nombre de prestacions de l'habitatge per parròquia. Ordino	2012	18
1789	Nombre de prestacions de l'habitatge per parròquia	0106020800050003	Nombre de prestacions de l'habitatge per parròquia. Ordino	2013	20
1789	Nombre de prestacions de l'habitatge per parròquia	0106020800050003	Nombre de prestacions de l'habitatge per parròquia. Ordino	2014	18
1789	Nombre de prestacions de l'habitatge per parròquia	0106020800050003	Nombre de prestacions de l'habitatge per parròquia. Ordino	2015	18
1789	Nombre de prestacions de l'habitatge per parròquia	0106020800050003	Nombre de prestacions de l'habitatge per parròquia. Ordino	2017	18
1789	Nombre de prestacions de l'habitatge per parròquia	0106020800050003	Nombre de prestacions de l'habitatge per parròquia. Ordino	2018	22
1789	Nombre de prestacions de l'habitatge per parròquia	0106020800050003	Nombre de prestacions de l'habitatge per parròquia. Ordino	2019	19
1789	Nombre de prestacions de l'habitatge per parròquia	0106020800050003	Nombre de prestacions de l'habitatge per parròquia. Ordino	2020	23
1789	Nombre de prestacions de l'habitatge per parròquia	0106020800050003	Nombre de prestacions de l'habitatge per parròquia. Ordino	2021	37
1789	Nombre de prestacions de l'habitatge per parròquia	0106020800050003	Nombre de prestacions de l'habitatge per parròquia. Ordino	2022	44
1789	Nombre de prestacions de l'habitatge per parròquia	0106020800050003	Nombre de prestacions de l'habitatge per parròquia. Ordino	2025	59
1789	Nombre de prestacions de l'habitatge per parròquia	0106020800050004	Nombre de prestacions de l'habitatge per parròquia. La Massana	2010	38
1789	Nombre de prestacions de l'habitatge per parròquia	0106020800050004	Nombre de prestacions de l'habitatge per parròquia. La Massana	2011	43
1789	Nombre de prestacions de l'habitatge per parròquia	0106020800050004	Nombre de prestacions de l'habitatge per parròquia. La Massana	2012	52
1789	Nombre de prestacions de l'habitatge per parròquia	0106020800050004	Nombre de prestacions de l'habitatge per parròquia. La Massana	2013	61
1789	Nombre de prestacions de l'habitatge per parròquia	0106020800050004	Nombre de prestacions de l'habitatge per parròquia. La Massana	2014	62
1789	Nombre de prestacions de l'habitatge per parròquia	0106020800050004	Nombre de prestacions de l'habitatge per parròquia. La Massana	2015	68
1789	Nombre de prestacions de l'habitatge per parròquia	0106020800050004	Nombre de prestacions de l'habitatge per parròquia. La Massana	2017	51
1789	Nombre de prestacions de l'habitatge per parròquia	0106020800050004	Nombre de prestacions de l'habitatge per parròquia. La Massana	2018	51
1789	Nombre de prestacions de l'habitatge per parròquia	0106020800050004	Nombre de prestacions de l'habitatge per parròquia. La Massana	2019	58
1789	Nombre de prestacions de l'habitatge per parròquia	0106020800050004	Nombre de prestacions de l'habitatge per parròquia. La Massana	2020	77
1789	Nombre de prestacions de l'habitatge per parròquia	0106020800050004	Nombre de prestacions de l'habitatge per parròquia. La Massana	2021	114
1789	Nombre de prestacions de l'habitatge per parròquia	0106020800050004	Nombre de prestacions de l'habitatge per parròquia. La Massana	2022	104
1789	Nombre de prestacions de l'habitatge per parròquia	0106020800050004	Nombre de prestacions de l'habitatge per parròquia. La Massana	2025	139
1789	Nombre de prestacions de l'habitatge per parròquia	0106020800050005	Nombre de prestacions de l'habitatge per parròquia. Andorra La Vella	2010	247
1789	Nombre de prestacions de l'habitatge per parròquia	0106020800050005	Nombre de prestacions de l'habitatge per parròquia. Andorra La Vella	2011	265
1789	Nombre de prestacions de l'habitatge per parròquia	0106020800050005	Nombre de prestacions de l'habitatge per parròquia. Andorra La Vella	2012	295
1789	Nombre de prestacions de l'habitatge per parròquia	0106020800050005	Nombre de prestacions de l'habitatge per parròquia. Andorra La Vella	2013	363
1789	Nombre de prestacions de l'habitatge per parròquia	0106020800050005	Nombre de prestacions de l'habitatge per parròquia. Andorra La Vella	2014	350
1789	Nombre de prestacions de l'habitatge per parròquia	0106020800050005	Nombre de prestacions de l'habitatge per parròquia. Andorra La Vella	2015	378
1789	Nombre de prestacions de l'habitatge per parròquia	0106020800050005	Nombre de prestacions de l'habitatge per parròquia. Andorra La Vella	2017	298
1789	Nombre de prestacions de l'habitatge per parròquia	0106020800050005	Nombre de prestacions de l'habitatge per parròquia. Andorra La Vella	2018	297
1789	Nombre de prestacions de l'habitatge per parròquia	0106020800050005	Nombre de prestacions de l'habitatge per parròquia. Andorra La Vella	2019	349
1789	Nombre de prestacions de l'habitatge per parròquia	0106020800050005	Nombre de prestacions de l'habitatge per parròquia. Andorra La Vella	2020	446
1789	Nombre de prestacions de l'habitatge per parròquia	0106020800050005	Nombre de prestacions de l'habitatge per parròquia. Andorra La Vella	2021	540
1789	Nombre de prestacions de l'habitatge per parròquia	0106020800050005	Nombre de prestacions de l'habitatge per parròquia. Andorra La Vella	2022	601
1789	Nombre de prestacions de l'habitatge per parròquia	0106020800050005	Nombre de prestacions de l'habitatge per parròquia. Andorra La Vella	2025	740
1789	Nombre de prestacions de l'habitatge per parròquia	0106020800050006	Nombre de prestacions de l'habitatge per parròquia. Sant Julià de Lòria	2010	72
1789	Nombre de prestacions de l'habitatge per parròquia	0106020800050006	Nombre de prestacions de l'habitatge per parròquia. Sant Julià de Lòria	2011	78
1789	Nombre de prestacions de l'habitatge per parròquia	0106020800050006	Nombre de prestacions de l'habitatge per parròquia. Sant Julià de Lòria	2012	92
1789	Nombre de prestacions de l'habitatge per parròquia	0106020800050006	Nombre de prestacions de l'habitatge per parròquia. Sant Julià de Lòria	2013	117
1789	Nombre de prestacions de l'habitatge per parròquia	0106020800050006	Nombre de prestacions de l'habitatge per parròquia. Sant Julià de Lòria	2014	109
1789	Nombre de prestacions de l'habitatge per parròquia	0106020800050006	Nombre de prestacions de l'habitatge per parròquia. Sant Julià de Lòria	2015	120
1789	Nombre de prestacions de l'habitatge per parròquia	0106020800050006	Nombre de prestacions de l'habitatge per parròquia. Sant Julià de Lòria	2017	97
1789	Nombre de prestacions de l'habitatge per parròquia	0106020800050006	Nombre de prestacions de l'habitatge per parròquia. Sant Julià de Lòria	2018	109
1789	Nombre de prestacions de l'habitatge per parròquia	0106020800050006	Nombre de prestacions de l'habitatge per parròquia. Sant Julià de Lòria	2019	97
1789	Nombre de prestacions de l'habitatge per parròquia	0106020800050006	Nombre de prestacions de l'habitatge per parròquia. Sant Julià de Lòria	2020	161
1789	Nombre de prestacions de l'habitatge per parròquia	0106020800050006	Nombre de prestacions de l'habitatge per parròquia. Sant Julià de Lòria	2021	197
1789	Nombre de prestacions de l'habitatge per parròquia	0106020800050006	Nombre de prestacions de l'habitatge per parròquia. Sant Julià de Lòria	2022	194
1789	Nombre de prestacions de l'habitatge per parròquia	0106020800050006	Nombre de prestacions de l'habitatge per parròquia. Sant Julià de Lòria	2025	241
1789	Nombre de prestacions de l'habitatge per parròquia	0106020800050007	Nombre de prestacions de l'habitatge per parròquia. Escaldes-Engordany	2010	135
1789	Nombre de prestacions de l'habitatge per parròquia	0106020800050007	Nombre de prestacions de l'habitatge per parròquia. Escaldes-Engordany	2011	149
1789	Nombre de prestacions de l'habitatge per parròquia	0106020800050007	Nombre de prestacions de l'habitatge per parròquia. Escaldes-Engordany	2012	157
1789	Nombre de prestacions de l'habitatge per parròquia	0106020800050007	Nombre de prestacions de l'habitatge per parròquia. Escaldes-Engordany	2013	170
1789	Nombre de prestacions de l'habitatge per parròquia	0106020800050007	Nombre de prestacions de l'habitatge per parròquia. Escaldes-Engordany	2014	165
1789	Nombre de prestacions de l'habitatge per parròquia	0106020800050007	Nombre de prestacions de l'habitatge per parròquia. Escaldes-Engordany	2015	173
1789	Nombre de prestacions de l'habitatge per parròquia	0106020800050007	Nombre de prestacions de l'habitatge per parròquia. Escaldes-Engordany	2017	138
1789	Nombre de prestacions de l'habitatge per parròquia	0106020800050007	Nombre de prestacions de l'habitatge per parròquia. Escaldes-Engordany	2018	158
1789	Nombre de prestacions de l'habitatge per parròquia	0106020800050007	Nombre de prestacions de l'habitatge per parròquia. Escaldes-Engordany	2019	169
1789	Nombre de prestacions de l'habitatge per parròquia	0106020800050007	Nombre de prestacions de l'habitatge per parròquia. Escaldes-Engordany	2020	188
1789	Nombre de prestacions de l'habitatge per parròquia	0106020800050007	Nombre de prestacions de l'habitatge per parròquia. Escaldes-Engordany	2021	266
1789	Nombre de prestacions de l'habitatge per parròquia	0106020800050007	Nombre de prestacions de l'habitatge per parròquia. Escaldes-Engordany	2022	274
1789	Nombre de prestacions de l'habitatge per parròquia	0106020800050007	Nombre de prestacions de l'habitatge per parròquia. Escaldes-Engordany	2025	336
1789	Nombre de prestacions de l'habitatge per parròquia	0106020800050008	Nombre de prestacions de l'habitatge per parròquia. Desconeguda	2010	0
1789	Nombre de prestacions de l'habitatge per parròquia	0106020800050008	Nombre de prestacions de l'habitatge per parròquia. Desconeguda	2011	0
1789	Nombre de prestacions de l'habitatge per parròquia	0106020800050008	Nombre de prestacions de l'habitatge per parròquia. Desconeguda	2012	0
1789	Nombre de prestacions de l'habitatge per parròquia	0106020800050008	Nombre de prestacions de l'habitatge per parròquia. Desconeguda	2013	0
1789	Nombre de prestacions de l'habitatge per parròquia	0106020800050008	Nombre de prestacions de l'habitatge per parròquia. Desconeguda	2014	0
1789	Nombre de prestacions de l'habitatge per parròquia	0106020800050008	Nombre de prestacions de l'habitatge per parròquia. Desconeguda	2015	0
1789	Nombre de prestacions de l'habitatge per parròquia	0106020800050008	Nombre de prestacions de l'habitatge per parròquia. Desconeguda	2017	65
1789	Nombre de prestacions de l'habitatge per parròquia	0106020800050008	Nombre de prestacions de l'habitatge per parròquia. Desconeguda	2018	112
1789	Nombre de prestacions de l'habitatge per parròquia	0106020800050008	Nombre de prestacions de l'habitatge per parròquia. Desconeguda	2019	159
1789	Nombre de prestacions de l'habitatge per parròquia	0106020800050008	Nombre de prestacions de l'habitatge per parròquia. Desconeguda	2020	2
1789	Nombre de prestacions de l'habitatge per parròquia	0106020800050008	Nombre de prestacions de l'habitatge per parròquia. Desconeguda	2021	0
1789	Nombre de prestacions de l'habitatge per parròquia	0106020800050008	Nombre de prestacions de l'habitatge per parròquia. Desconeguda	2022	0
1789	Nombre de prestacions de l'habitatge per parròquia	0106020800050008	Nombre de prestacions de l'habitatge per parròquia. Desconeguda	2025	0
1789	Nombre de prestacions de l'habitatge per parròquia	0106020800050009	Nombre de prestacions de l'habitatge per parròquia. Total	2010	593
1789	Nombre de prestacions de l'habitatge per parròquia	0106020800050009	Nombre de prestacions de l'habitatge per parròquia. Total	2011	638
1789	Nombre de prestacions de l'habitatge per parròquia	0106020800050009	Nombre de prestacions de l'habitatge per parròquia. Total	2012	719
1789	Nombre de prestacions de l'habitatge per parròquia	0106020800050009	Nombre de prestacions de l'habitatge per parròquia. Total	2013	862
1789	Nombre de prestacions de l'habitatge per parròquia	0106020800050009	Nombre de prestacions de l'habitatge per parròquia. Total	2014	860
1789	Nombre de prestacions de l'habitatge per parròquia	0106020800050009	Nombre de prestacions de l'habitatge per parròquia. Total	2015	922
1789	Nombre de prestacions de l'habitatge per parròquia	0106020800050009	Nombre de prestacions de l'habitatge per parròquia. Total	2017	819
1789	Nombre de prestacions de l'habitatge per parròquia	0106020800050009	Nombre de prestacions de l'habitatge per parròquia. Total	2018	907
1789	Nombre de prestacions de l'habitatge per parròquia	0106020800050009	Nombre de prestacions de l'habitatge per parròquia. Total	2019	1059
1789	Nombre de prestacions de l'habitatge per parròquia	0106020800050009	Nombre de prestacions de l'habitatge per parròquia. Total	2020	1072
1789	Nombre de prestacions de l'habitatge per parròquia	0106020800050009	Nombre de prestacions de l'habitatge per parròquia. Total	2021	1395
1789	Nombre de prestacions de l'habitatge per parròquia	0106020800050009	Nombre de prestacions de l'habitatge per parròquia. Total	2022	1471
1789	Nombre de prestacions de l'habitatge per parròquia	0106020800050009	Nombre de prestacions de l'habitatge per parròquia. Total	2025	1847
1796	Import de prestacions de l'habitatge	0106020800300001	Import de prestacions de l'habitatge. Total	2010	1112378.34
1796	Import de prestacions de l'habitatge	0106020800300001	Import de prestacions de l'habitatge. Total	2011	1179055.76
1796	Import de prestacions de l'habitatge	0106020800300001	Import de prestacions de l'habitatge. Total	2012	1300708.48
1796	Import de prestacions de l'habitatge	0106020800300001	Import de prestacions de l'habitatge. Total	2013	1532669.74
1796	Import de prestacions de l'habitatge	0106020800300001	Import de prestacions de l'habitatge. Total	2014	1522543.8
1796	Import de prestacions de l'habitatge	0106020800300001	Import de prestacions de l'habitatge. Total	2015	1656443.4
1796	Import de prestacions de l'habitatge	0106020800300001	Import de prestacions de l'habitatge. Total	2017	1483325.34
1796	Import de prestacions de l'habitatge	0106020800300001	Import de prestacions de l'habitatge. Total	2018	1635047.16
1796	Import de prestacions de l'habitatge	0106020800300001	Import de prestacions de l'habitatge. Total	2019	1943300.04
1796	Import de prestacions de l'habitatge	0106020800300001	Import de prestacions de l'habitatge. Total	2020	2010790.2
1796	Import de prestacions de l'habitatge	0106020800300001	Import de prestacions de l'habitatge. Total	2021	2886395.76
1796	Import de prestacions de l'habitatge	0106020800300001	Import de prestacions de l'habitatge. Total	2022	3363063.31
1796	Import de prestacions de l'habitatge	0106020800300001	Import de prestacions de l'habitatge. Total	2023	3496141.08
1796	Import de prestacions de l'habitatge	0106020800300001	Import de prestacions de l'habitatge. Total	2024	3496141.08
1796	Import de prestacions de l'habitatge	0106020800300001	Import de prestacions de l'habitatge. Total	2025	4388842.68
1807	Despesa pública en protecció social (econòmica)	0106030100010001	Despesa pública en protecció social (econòmica). Despeses de funcionament	2010	122075790.01
1807	Despesa pública en protecció social (econòmica)	0106030100010001	Despesa pública en protecció social (econòmica). Despeses de funcionament	2011	129799584.25
1807	Despesa pública en protecció social (econòmica)	0106030100010001	Despesa pública en protecció social (econòmica). Despeses de funcionament	2012	137822068.12
1807	Despesa pública en protecció social (econòmica)	0106030100010001	Despesa pública en protecció social (econòmica). Despeses de funcionament	2013	147246948.8
1807	Despesa pública en protecció social (econòmica)	0106030100010001	Despesa pública en protecció social (econòmica). Despeses de funcionament	2014	154626969.65
1807	Despesa pública en protecció social (econòmica)	0106030100010001	Despesa pública en protecció social (econòmica). Despeses de funcionament	2015	161603573.4
1807	Despesa pública en protecció social (econòmica)	0106030100010001	Despesa pública en protecció social (econòmica). Despeses de funcionament	2016	168008349.5
1807	Despesa pública en protecció social (econòmica)	0106030100010001	Despesa pública en protecció social (econòmica). Despeses de funcionament	2017	176016696.18
1807	Despesa pública en protecció social (econòmica)	0106030100010001	Despesa pública en protecció social (econòmica). Despeses de funcionament	2018	189286064.84
1807	Despesa pública en protecció social (econòmica)	0106030100010001	Despesa pública en protecció social (econòmica). Despeses de funcionament	2019	204316870.44
1807	Despesa pública en protecció social (econòmica)	0106030100010001	Despesa pública en protecció social (econòmica). Despeses de funcionament	2020	228531962.76
1807	Despesa pública en protecció social (econòmica)	0106030100010001	Despesa pública en protecció social (econòmica). Despeses de funcionament	2021	238558802.98
1807	Despesa pública en protecció social (econòmica)	0106030100010001	Despesa pública en protecció social (econòmica). Despeses de funcionament	2022	248806358.84
1807	Despesa pública en protecció social (econòmica)	0106030100010001	Despesa pública en protecció social (econòmica). Despeses de funcionament	2023	282572398.47
1807	Despesa pública en protecció social (econòmica)	0106030100010001	Despesa pública en protecció social (econòmica). Despeses de funcionament	2024	316063403.87
1807	Despesa pública en protecció social (econòmica)	0106030100010002	Despesa pública en protecció social (econòmica). Cap1. Despeses de personal	2010	9210939.94
1807	Despesa pública en protecció social (econòmica)	0106030100010002	Despesa pública en protecció social (econòmica). Cap1. Despeses de personal	2011	9513624.07
1807	Despesa pública en protecció social (econòmica)	0106030100010002	Despesa pública en protecció social (econòmica). Cap1. Despeses de personal	2012	10386917.02
1807	Despesa pública en protecció social (econòmica)	0106030100010002	Despesa pública en protecció social (econòmica). Cap1. Despeses de personal	2013	10440370.08
1807	Despesa pública en protecció social (econòmica)	0106030100010002	Despesa pública en protecció social (econòmica). Cap1. Despeses de personal	2014	11102804.02
1807	Despesa pública en protecció social (econòmica)	0106030100010002	Despesa pública en protecció social (econòmica). Cap1. Despeses de personal	2015	12301567.68
1807	Despesa pública en protecció social (econòmica)	0106030100010002	Despesa pública en protecció social (econòmica). Cap1. Despeses de personal	2016	13200828.54
1807	Despesa pública en protecció social (econòmica)	0106030100010002	Despesa pública en protecció social (econòmica). Cap1. Despeses de personal	2017	14251410.05
1807	Despesa pública en protecció social (econòmica)	0106030100010002	Despesa pública en protecció social (econòmica). Cap1. Despeses de personal	2018	15142365.93
1807	Despesa pública en protecció social (econòmica)	0106030100010002	Despesa pública en protecció social (econòmica). Cap1. Despeses de personal	2019	15640251.49
1807	Despesa pública en protecció social (econòmica)	0106030100010002	Despesa pública en protecció social (econòmica). Cap1. Despeses de personal	2020	16415366.9
1807	Despesa pública en protecció social (econòmica)	0106030100010002	Despesa pública en protecció social (econòmica). Cap1. Despeses de personal	2021	17481698
1807	Despesa pública en protecció social (econòmica)	0106030100010002	Despesa pública en protecció social (econòmica). Cap1. Despeses de personal	2022	19129774.53
1807	Despesa pública en protecció social (econòmica)	0106030100010002	Despesa pública en protecció social (econòmica). Cap1. Despeses de personal	2023	22587313.01
1807	Despesa pública en protecció social (econòmica)	0106030100010002	Despesa pública en protecció social (econòmica). Cap1. Despeses de personal	2024	26060485.77
1807	Despesa pública en protecció social (econòmica)	0106030100010003	Despesa pública en protecció social (econòmica). Cap2. Despeses en béns i serveis	2010	2138585.68
1807	Despesa pública en protecció social (econòmica)	0106030100010003	Despesa pública en protecció social (econòmica). Cap2. Despeses en béns i serveis	2011	2035332.4
1807	Despesa pública en protecció social (econòmica)	0106030100010003	Despesa pública en protecció social (econòmica). Cap2. Despeses en béns i serveis	2012	1992244.94
1807	Despesa pública en protecció social (econòmica)	0106030100010003	Despesa pública en protecció social (econòmica). Cap2. Despeses en béns i serveis	2013	1898020.34
1807	Despesa pública en protecció social (econòmica)	0106030100010003	Despesa pública en protecció social (econòmica). Cap2. Despeses en béns i serveis	2014	1915827.19
1807	Despesa pública en protecció social (econòmica)	0106030100010003	Despesa pública en protecció social (econòmica). Cap2. Despeses en béns i serveis	2015	2090753.63
1807	Despesa pública en protecció social (econòmica)	0106030100010003	Despesa pública en protecció social (econòmica). Cap2. Despeses en béns i serveis	2016	2458635.92
1807	Despesa pública en protecció social (econòmica)	0106030100010003	Despesa pública en protecció social (econòmica). Cap2. Despeses en béns i serveis	2017	2875091.92
1807	Despesa pública en protecció social (econòmica)	0106030100010003	Despesa pública en protecció social (econòmica). Cap2. Despeses en béns i serveis	2018	2919905.1
1807	Despesa pública en protecció social (econòmica)	0106030100010003	Despesa pública en protecció social (econòmica). Cap2. Despeses en béns i serveis	2019	3144275.3
1807	Despesa pública en protecció social (econòmica)	0106030100010003	Despesa pública en protecció social (econòmica). Cap2. Despeses en béns i serveis	2020	2687811.01
1807	Despesa pública en protecció social (econòmica)	0106030100010003	Despesa pública en protecció social (econòmica). Cap2. Despeses en béns i serveis	2021	2981002.5
1807	Despesa pública en protecció social (econòmica)	0106030100010003	Despesa pública en protecció social (econòmica). Cap2. Despeses en béns i serveis	2022	3535888.52
1807	Despesa pública en protecció social (econòmica)	0106030100010003	Despesa pública en protecció social (econòmica). Cap2. Despeses en béns i serveis	2023	4302069.62
1807	Despesa pública en protecció social (econòmica)	0106030100010003	Despesa pública en protecció social (econòmica). Cap2. Despeses en béns i serveis	2024	4954736.84
1807	Despesa pública en protecció social (econòmica)	0106030100010004	Despesa pública en protecció social (econòmica). Cap3. Despeses financeres	2010	0
1807	Despesa pública en protecció social (econòmica)	0106030100010004	Despesa pública en protecció social (econòmica). Cap3. Despeses financeres	2011	0
1807	Despesa pública en protecció social (econòmica)	0106030100010004	Despesa pública en protecció social (econòmica). Cap3. Despeses financeres	2012	0
1807	Despesa pública en protecció social (econòmica)	0106030100010004	Despesa pública en protecció social (econòmica). Cap3. Despeses financeres	2013	0
1807	Despesa pública en protecció social (econòmica)	0106030100010004	Despesa pública en protecció social (econòmica). Cap3. Despeses financeres	2014	0
1807	Despesa pública en protecció social (econòmica)	0106030100010004	Despesa pública en protecció social (econòmica). Cap3. Despeses financeres	2015	0
1807	Despesa pública en protecció social (econòmica)	0106030100010004	Despesa pública en protecció social (econòmica). Cap3. Despeses financeres	2016	0
1807	Despesa pública en protecció social (econòmica)	0106030100010004	Despesa pública en protecció social (econòmica). Cap3. Despeses financeres	2017	0
1807	Despesa pública en protecció social (econòmica)	0106030100010004	Despesa pública en protecció social (econòmica). Cap3. Despeses financeres	2018	0
1807	Despesa pública en protecció social (econòmica)	0106030100010004	Despesa pública en protecció social (econòmica). Cap3. Despeses financeres	2019	0
1807	Despesa pública en protecció social (econòmica)	0106030100010004	Despesa pública en protecció social (econòmica). Cap3. Despeses financeres	2020	0
1807	Despesa pública en protecció social (econòmica)	0106030100010004	Despesa pública en protecció social (econòmica). Cap3. Despeses financeres	2021	0
1807	Despesa pública en protecció social (econòmica)	0106030100010004	Despesa pública en protecció social (econòmica). Cap3. Despeses financeres	2022	0
1807	Despesa pública en protecció social (econòmica)	0106030100010004	Despesa pública en protecció social (econòmica). Cap3. Despeses financeres	2023	0
1807	Despesa pública en protecció social (econòmica)	0106030100010004	Despesa pública en protecció social (econòmica). Cap3. Despeses financeres	2024	0
1807	Despesa pública en protecció social (econòmica)	0106030100010005	Despesa pública en protecció social (econòmica). Cap4. Transferències corrents	2010	110726264.4
1807	Despesa pública en protecció social (econòmica)	0106030100010005	Despesa pública en protecció social (econòmica). Cap4. Transferències corrents	2011	118250627.78
1807	Despesa pública en protecció social (econòmica)	0106030100010005	Despesa pública en protecció social (econòmica). Cap4. Transferències corrents	2012	125442906.17
1807	Despesa pública en protecció social (econòmica)	0106030100010005	Despesa pública en protecció social (econòmica). Cap4. Transferències corrents	2013	134908558.38
1807	Despesa pública en protecció social (econòmica)	0106030100010005	Despesa pública en protecció social (econòmica). Cap4. Transferències corrents	2014	141608338.44
1807	Despesa pública en protecció social (econòmica)	0106030100010005	Despesa pública en protecció social (econòmica). Cap4. Transferències corrents	2015	147211252.09
1807	Despesa pública en protecció social (econòmica)	0106030100010005	Despesa pública en protecció social (econòmica). Cap4. Transferències corrents	2016	152348885.04
1807	Despesa pública en protecció social (econòmica)	0106030100010005	Despesa pública en protecció social (econòmica). Cap4. Transferències corrents	2017	158890194.21
1807	Despesa pública en protecció social (econòmica)	0106030100010005	Despesa pública en protecció social (econòmica). Cap4. Transferències corrents	2018	171223793.8
1807	Despesa pública en protecció social (econòmica)	0106030100010005	Despesa pública en protecció social (econòmica). Cap4. Transferències corrents	2019	185532343.65
1807	Despesa pública en protecció social (econòmica)	0106030100010005	Despesa pública en protecció social (econòmica). Cap4. Transferències corrents	2020	209428784.86
1807	Despesa pública en protecció social (econòmica)	0106030100010005	Despesa pública en protecció social (econòmica). Cap4. Transferències corrents	2021	218096102.49
1807	Despesa pública en protecció social (econòmica)	0106030100010005	Despesa pública en protecció social (econòmica). Cap4. Transferències corrents	2022	226140695.79
1807	Despesa pública en protecció social (econòmica)	0106030100010005	Despesa pública en protecció social (econòmica). Cap4. Transferències corrents	2023	255683015.85
1807	Despesa pública en protecció social (econòmica)	0106030100010005	Despesa pública en protecció social (econòmica). Cap4. Transferències corrents	2024	285048181.25
1807	Despesa pública en protecció social (econòmica)	0106030100010006	Despesa pública en protecció social (econòmica). Despeses d'inversió	2010	1178672.12
1807	Despesa pública en protecció social (econòmica)	0106030100010006	Despesa pública en protecció social (econòmica). Despeses d'inversió	2011	2256655.38
1807	Despesa pública en protecció social (econòmica)	0106030100010006	Despesa pública en protecció social (econòmica). Despeses d'inversió	2012	439836.19
1807	Despesa pública en protecció social (econòmica)	0106030100010006	Despesa pública en protecció social (econòmica). Despeses d'inversió	2013	52800.95
1807	Despesa pública en protecció social (econòmica)	0106030100010006	Despesa pública en protecció social (econòmica). Despeses d'inversió	2014	250280.56
1807	Despesa pública en protecció social (econòmica)	0106030100010006	Despesa pública en protecció social (econòmica). Despeses d'inversió	2015	967197.42
1807	Despesa pública en protecció social (econòmica)	0106030100010006	Despesa pública en protecció social (econòmica). Despeses d'inversió	2016	269065.7
1807	Despesa pública en protecció social (econòmica)	0106030100010006	Despesa pública en protecció social (econòmica). Despeses d'inversió	2017	469751.54
1807	Despesa pública en protecció social (econòmica)	0106030100010006	Despesa pública en protecció social (econòmica). Despeses d'inversió	2018	216748.32
1807	Despesa pública en protecció social (econòmica)	0106030100010006	Despesa pública en protecció social (econòmica). Despeses d'inversió	2019	327550.78
1807	Despesa pública en protecció social (econòmica)	0106030100010006	Despesa pública en protecció social (econòmica). Despeses d'inversió	2020	413283.2
1807	Despesa pública en protecció social (econòmica)	0106030100010006	Despesa pública en protecció social (econòmica). Despeses d'inversió	2021	530123.3
1807	Despesa pública en protecció social (econòmica)	0106030100010006	Despesa pública en protecció social (econòmica). Despeses d'inversió	2022	645967.24
1807	Despesa pública en protecció social (econòmica)	0106030100010006	Despesa pública en protecció social (econòmica). Despeses d'inversió	2023	12351362.99
1807	Despesa pública en protecció social (econòmica)	0106030100010006	Despesa pública en protecció social (econòmica). Despeses d'inversió	2024	27641206.24
1807	Despesa pública en protecció social (econòmica)	0106030100010007	Despesa pública en protecció social (econòmica). Cap6. Inversions reals	2010	1160672.12
1807	Despesa pública en protecció social (econòmica)	0106030100010007	Despesa pública en protecció social (econòmica). Cap6. Inversions reals	2011	2256655.38
1807	Despesa pública en protecció social (econòmica)	0106030100010007	Despesa pública en protecció social (econòmica). Cap6. Inversions reals	2012	435410.74
1807	Despesa pública en protecció social (econòmica)	0106030100010007	Despesa pública en protecció social (econòmica). Cap6. Inversions reals	2013	52800.95
1807	Despesa pública en protecció social (econòmica)	0106030100010007	Despesa pública en protecció social (econòmica). Cap6. Inversions reals	2014	250280.56
1807	Despesa pública en protecció social (econòmica)	0106030100010007	Despesa pública en protecció social (econòmica). Cap6. Inversions reals	2015	421611.93
1807	Despesa pública en protecció social (econòmica)	0106030100010007	Despesa pública en protecció social (econòmica). Cap6. Inversions reals	2016	269065.7
1807	Despesa pública en protecció social (econòmica)	0106030100010007	Despesa pública en protecció social (econòmica). Cap6. Inversions reals	2017	469751.54
1807	Despesa pública en protecció social (econòmica)	0106030100010007	Despesa pública en protecció social (econòmica). Cap6. Inversions reals	2018	216748.32
1807	Despesa pública en protecció social (econòmica)	0106030100010007	Despesa pública en protecció social (econòmica). Cap6. Inversions reals	2019	327550.78
1807	Despesa pública en protecció social (econòmica)	0106030100010007	Despesa pública en protecció social (econòmica). Cap6. Inversions reals	2020	388698.81
1807	Despesa pública en protecció social (econòmica)	0106030100010007	Despesa pública en protecció social (econòmica). Cap6. Inversions reals	2021	492010.61
1807	Despesa pública en protecció social (econòmica)	0106030100010007	Despesa pública en protecció social (econòmica). Cap6. Inversions reals	2022	502846.91
1807	Despesa pública en protecció social (econòmica)	0106030100010007	Despesa pública en protecció social (econòmica). Cap6. Inversions reals	2023	12319885.99
1807	Despesa pública en protecció social (econòmica)	0106030100010007	Despesa pública en protecció social (econòmica). Cap6. Inversions reals	2024	27605371.04
1807	Despesa pública en protecció social (econòmica)	0106030100010008	Despesa pública en protecció social (econòmica). Cap7. Transferències de capital	2010	18000
1807	Despesa pública en protecció social (econòmica)	0106030100010008	Despesa pública en protecció social (econòmica). Cap7. Transferències de capital	2011	0
1807	Despesa pública en protecció social (econòmica)	0106030100010008	Despesa pública en protecció social (econòmica). Cap7. Transferències de capital	2012	4425.45
1807	Despesa pública en protecció social (econòmica)	0106030100010008	Despesa pública en protecció social (econòmica). Cap7. Transferències de capital	2013	0
1807	Despesa pública en protecció social (econòmica)	0106030100010008	Despesa pública en protecció social (econòmica). Cap7. Transferències de capital	2014	0
1807	Despesa pública en protecció social (econòmica)	0106030100010008	Despesa pública en protecció social (econòmica). Cap7. Transferències de capital	2015	545585.49
1807	Despesa pública en protecció social (econòmica)	0106030100010008	Despesa pública en protecció social (econòmica). Cap7. Transferències de capital	2016	0
1807	Despesa pública en protecció social (econòmica)	0106030100010008	Despesa pública en protecció social (econòmica). Cap7. Transferències de capital	2017	0
1807	Despesa pública en protecció social (econòmica)	0106030100010008	Despesa pública en protecció social (econòmica). Cap7. Transferències de capital	2018	0
1807	Despesa pública en protecció social (econòmica)	0106030100010008	Despesa pública en protecció social (econòmica). Cap7. Transferències de capital	2019	0
1807	Despesa pública en protecció social (econòmica)	0106030100010008	Despesa pública en protecció social (econòmica). Cap7. Transferències de capital	2020	24584.39
1807	Despesa pública en protecció social (econòmica)	0106030100010008	Despesa pública en protecció social (econòmica). Cap7. Transferències de capital	2021	38112.69
1807	Despesa pública en protecció social (econòmica)	0106030100010008	Despesa pública en protecció social (econòmica). Cap7. Transferències de capital	2022	143120.33
1807	Despesa pública en protecció social (econòmica)	0106030100010008	Despesa pública en protecció social (econòmica). Cap7. Transferències de capital	2023	31477
1807	Despesa pública en protecció social (econòmica)	0106030100010008	Despesa pública en protecció social (econòmica). Cap7. Transferències de capital	2024	35835.2
1807	Despesa pública en protecció social (econòmica)	0106030100010009	Despesa pública en protecció social (econòmica). Variació d'actius i passius financers	2010	0
1807	Despesa pública en protecció social (econòmica)	0106030100010009	Despesa pública en protecció social (econòmica). Variació d'actius i passius financers	2011	0
1807	Despesa pública en protecció social (econòmica)	0106030100010009	Despesa pública en protecció social (econòmica). Variació d'actius i passius financers	2012	0
1807	Despesa pública en protecció social (econòmica)	0106030100010009	Despesa pública en protecció social (econòmica). Variació d'actius i passius financers	2013	0
1807	Despesa pública en protecció social (econòmica)	0106030100010009	Despesa pública en protecció social (econòmica). Variació d'actius i passius financers	2014	0
1807	Despesa pública en protecció social (econòmica)	0106030100010009	Despesa pública en protecció social (econòmica). Variació d'actius i passius financers	2015	0
1807	Despesa pública en protecció social (econòmica)	0106030100010009	Despesa pública en protecció social (econòmica). Variació d'actius i passius financers	2016	0
1807	Despesa pública en protecció social (econòmica)	0106030100010009	Despesa pública en protecció social (econòmica). Variació d'actius i passius financers	2017	0
1807	Despesa pública en protecció social (econòmica)	0106030100010009	Despesa pública en protecció social (econòmica). Variació d'actius i passius financers	2018	0
1807	Despesa pública en protecció social (econòmica)	0106030100010009	Despesa pública en protecció social (econòmica). Variació d'actius i passius financers	2019	0
1807	Despesa pública en protecció social (econòmica)	0106030100010009	Despesa pública en protecció social (econòmica). Variació d'actius i passius financers	2020	0
1807	Despesa pública en protecció social (econòmica)	0106030100010009	Despesa pública en protecció social (econòmica). Variació d'actius i passius financers	2021	0
1807	Despesa pública en protecció social (econòmica)	0106030100010009	Despesa pública en protecció social (econòmica). Variació d'actius i passius financers	2022	0
1807	Despesa pública en protecció social (econòmica)	0106030100010009	Despesa pública en protecció social (econòmica). Variació d'actius i passius financers	2023	0
1807	Despesa pública en protecció social (econòmica)	0106030100010009	Despesa pública en protecció social (econòmica). Variació d'actius i passius financers	2024	0
1807	Despesa pública en protecció social (econòmica)	0106030100010010	Despesa pública en protecció social (econòmica). Cap8. Actius financers	2010	0
1807	Despesa pública en protecció social (econòmica)	0106030100010010	Despesa pública en protecció social (econòmica). Cap8. Actius financers	2011	0
1807	Despesa pública en protecció social (econòmica)	0106030100010010	Despesa pública en protecció social (econòmica). Cap8. Actius financers	2012	0
1807	Despesa pública en protecció social (econòmica)	0106030100010010	Despesa pública en protecció social (econòmica). Cap8. Actius financers	2013	0
1807	Despesa pública en protecció social (econòmica)	0106030100010010	Despesa pública en protecció social (econòmica). Cap8. Actius financers	2014	0
1807	Despesa pública en protecció social (econòmica)	0106030100010010	Despesa pública en protecció social (econòmica). Cap8. Actius financers	2015	0
1807	Despesa pública en protecció social (econòmica)	0106030100010010	Despesa pública en protecció social (econòmica). Cap8. Actius financers	2016	0
1807	Despesa pública en protecció social (econòmica)	0106030100010010	Despesa pública en protecció social (econòmica). Cap8. Actius financers	2017	0
1807	Despesa pública en protecció social (econòmica)	0106030100010010	Despesa pública en protecció social (econòmica). Cap8. Actius financers	2018	0
1807	Despesa pública en protecció social (econòmica)	0106030100010010	Despesa pública en protecció social (econòmica). Cap8. Actius financers	2019	0
1807	Despesa pública en protecció social (econòmica)	0106030100010010	Despesa pública en protecció social (econòmica). Cap8. Actius financers	2020	0
1807	Despesa pública en protecció social (econòmica)	0106030100010010	Despesa pública en protecció social (econòmica). Cap8. Actius financers	2021	0
1807	Despesa pública en protecció social (econòmica)	0106030100010010	Despesa pública en protecció social (econòmica). Cap8. Actius financers	2022	0
1807	Despesa pública en protecció social (econòmica)	0106030100010010	Despesa pública en protecció social (econòmica). Cap8. Actius financers	2023	0
1807	Despesa pública en protecció social (econòmica)	0106030100010010	Despesa pública en protecció social (econòmica). Cap8. Actius financers	2024	0
1807	Despesa pública en protecció social (econòmica)	0106030100010011	Despesa pública en protecció social (econòmica). Cap9. Passius financers	2010	0
1807	Despesa pública en protecció social (econòmica)	0106030100010011	Despesa pública en protecció social (econòmica). Cap9. Passius financers	2011	0
1807	Despesa pública en protecció social (econòmica)	0106030100010011	Despesa pública en protecció social (econòmica). Cap9. Passius financers	2012	0
1807	Despesa pública en protecció social (econòmica)	0106030100010011	Despesa pública en protecció social (econòmica). Cap9. Passius financers	2013	0
1807	Despesa pública en protecció social (econòmica)	0106030100010011	Despesa pública en protecció social (econòmica). Cap9. Passius financers	2014	0
1807	Despesa pública en protecció social (econòmica)	0106030100010011	Despesa pública en protecció social (econòmica). Cap9. Passius financers	2015	0
1807	Despesa pública en protecció social (econòmica)	0106030100010011	Despesa pública en protecció social (econòmica). Cap9. Passius financers	2016	0
1807	Despesa pública en protecció social (econòmica)	0106030100010011	Despesa pública en protecció social (econòmica). Cap9. Passius financers	2017	0
1807	Despesa pública en protecció social (econòmica)	0106030100010011	Despesa pública en protecció social (econòmica). Cap9. Passius financers	2018	0
1807	Despesa pública en protecció social (econòmica)	0106030100010011	Despesa pública en protecció social (econòmica). Cap9. Passius financers	2019	0
1807	Despesa pública en protecció social (econòmica)	0106030100010011	Despesa pública en protecció social (econòmica). Cap9. Passius financers	2020	0
1807	Despesa pública en protecció social (econòmica)	0106030100010011	Despesa pública en protecció social (econòmica). Cap9. Passius financers	2021	0
1807	Despesa pública en protecció social (econòmica)	0106030100010011	Despesa pública en protecció social (econòmica). Cap9. Passius financers	2022	0
1807	Despesa pública en protecció social (econòmica)	0106030100010011	Despesa pública en protecció social (econòmica). Cap9. Passius financers	2023	0
1807	Despesa pública en protecció social (econòmica)	0106030100010011	Despesa pública en protecció social (econòmica). Cap9. Passius financers	2024	0
1807	Despesa pública en protecció social (econòmica)	0106030100010012	Despesa pública en protecció social (econòmica). Total liquidació de despeses	2010	123254462.14
1807	Despesa pública en protecció social (econòmica)	0106030100010012	Despesa pública en protecció social (econòmica). Total liquidació de despeses	2011	132056239.63
1807	Despesa pública en protecció social (econòmica)	0106030100010012	Despesa pública en protecció social (econòmica). Total liquidació de despeses	2012	138261904.31
1807	Despesa pública en protecció social (econòmica)	0106030100010012	Despesa pública en protecció social (econòmica). Total liquidació de despeses	2013	147299749.74
1807	Despesa pública en protecció social (econòmica)	0106030100010012	Despesa pública en protecció social (econòmica). Total liquidació de despeses	2014	154877250.2
1807	Despesa pública en protecció social (econòmica)	0106030100010012	Despesa pública en protecció social (econòmica). Total liquidació de despeses	2015	162570770.82
1807	Despesa pública en protecció social (econòmica)	0106030100010012	Despesa pública en protecció social (econòmica). Total liquidació de despeses	2016	168277415.2
1807	Despesa pública en protecció social (econòmica)	0106030100010012	Despesa pública en protecció social (econòmica). Total liquidació de despeses	2017	176486447.72
1807	Despesa pública en protecció social (econòmica)	0106030100010012	Despesa pública en protecció social (econòmica). Total liquidació de despeses	2018	189502813.16
1807	Despesa pública en protecció social (econòmica)	0106030100010012	Despesa pública en protecció social (econòmica). Total liquidació de despeses	2019	204644421.22
1807	Despesa pública en protecció social (econòmica)	0106030100010012	Despesa pública en protecció social (econòmica). Total liquidació de despeses	2020	228945245.97
1807	Despesa pública en protecció social (econòmica)	0106030100010012	Despesa pública en protecció social (econòmica). Total liquidació de despeses	2021	239088926.28
1807	Despesa pública en protecció social (econòmica)	0106030100010012	Despesa pública en protecció social (econòmica). Total liquidació de despeses	2022	249452326.08
1807	Despesa pública en protecció social (econòmica)	0106030100010012	Despesa pública en protecció social (econòmica). Total liquidació de despeses	2023	294923761.46
1807	Despesa pública en protecció social (econòmica)	0106030100010012	Despesa pública en protecció social (econòmica). Total liquidació de despeses	2024	343704610.11
1808	Despesa pública en protecció social (COFOG - grups i classes)	0106030100030001	Despesa pública en protecció social (COFOG - grups i classes). 10. Protecció social	2010	123254462.14
1808	Despesa pública en protecció social (COFOG - grups i classes)	0106030100030001	Despesa pública en protecció social (COFOG - grups i classes). 10. Protecció social	2011	132056239.63
1808	Despesa pública en protecció social (COFOG - grups i classes)	0106030100030001	Despesa pública en protecció social (COFOG - grups i classes). 10. Protecció social	2012	138261904.31
1808	Despesa pública en protecció social (COFOG - grups i classes)	0106030100030001	Despesa pública en protecció social (COFOG - grups i classes). 10. Protecció social	2013	147299749.74
1808	Despesa pública en protecció social (COFOG - grups i classes)	0106030100030001	Despesa pública en protecció social (COFOG - grups i classes). 10. Protecció social	2014	154877250.2
1808	Despesa pública en protecció social (COFOG - grups i classes)	0106030100030001	Despesa pública en protecció social (COFOG - grups i classes). 10. Protecció social	2015	162570770.82
1808	Despesa pública en protecció social (COFOG - grups i classes)	0106030100030001	Despesa pública en protecció social (COFOG - grups i classes). 10. Protecció social	2016	168277415.2
1808	Despesa pública en protecció social (COFOG - grups i classes)	0106030100030001	Despesa pública en protecció social (COFOG - grups i classes). 10. Protecció social	2017	176486447.72
1808	Despesa pública en protecció social (COFOG - grups i classes)	0106030100030001	Despesa pública en protecció social (COFOG - grups i classes). 10. Protecció social	2018	189502813.16
1808	Despesa pública en protecció social (COFOG - grups i classes)	0106030100030001	Despesa pública en protecció social (COFOG - grups i classes). 10. Protecció social	2019	204644421.22
1808	Despesa pública en protecció social (COFOG - grups i classes)	0106030100030001	Despesa pública en protecció social (COFOG - grups i classes). 10. Protecció social	2020	228945245.97
1808	Despesa pública en protecció social (COFOG - grups i classes)	0106030100030001	Despesa pública en protecció social (COFOG - grups i classes). 10. Protecció social	2021	239088926.28
1808	Despesa pública en protecció social (COFOG - grups i classes)	0106030100030001	Despesa pública en protecció social (COFOG - grups i classes). 10. Protecció social	2022	249452326.08
1808	Despesa pública en protecció social (COFOG - grups i classes)	0106030100030001	Despesa pública en protecció social (COFOG - grups i classes). 10. Protecció social	2023	294923761.46
1808	Despesa pública en protecció social (COFOG - grups i classes)	0106030100030001	Despesa pública en protecció social (COFOG - grups i classes). 10. Protecció social	2024	343704610.11
1808	Despesa pública en protecció social (COFOG - grups i classes)	0106030100030002	Despesa pública en protecció social (COFOG - grups i classes). 10.1. Malaltia i discapacitat	2010	50057369.43
1808	Despesa pública en protecció social (COFOG - grups i classes)	0106030100030002	Despesa pública en protecció social (COFOG - grups i classes). 10.1. Malaltia i discapacitat	2011	51073592.79
1808	Despesa pública en protecció social (COFOG - grups i classes)	0106030100030002	Despesa pública en protecció social (COFOG - grups i classes). 10.1. Malaltia i discapacitat	2012	51456871.02
1808	Despesa pública en protecció social (COFOG - grups i classes)	0106030100030002	Despesa pública en protecció social (COFOG - grups i classes). 10.1. Malaltia i discapacitat	2013	53873598.54
1808	Despesa pública en protecció social (COFOG - grups i classes)	0106030100030002	Despesa pública en protecció social (COFOG - grups i classes). 10.1. Malaltia i discapacitat	2014	54312231.72
1808	Despesa pública en protecció social (COFOG - grups i classes)	0106030100030002	Despesa pública en protecció social (COFOG - grups i classes). 10.1. Malaltia i discapacitat	2015	55904752.27
1808	Despesa pública en protecció social (COFOG - grups i classes)	0106030100030002	Despesa pública en protecció social (COFOG - grups i classes). 10.1. Malaltia i discapacitat	2016	55338098.41
1808	Despesa pública en protecció social (COFOG - grups i classes)	0106030100030002	Despesa pública en protecció social (COFOG - grups i classes). 10.1. Malaltia i discapacitat	2017	56037741.26
1808	Despesa pública en protecció social (COFOG - grups i classes)	0106030100030002	Despesa pública en protecció social (COFOG - grups i classes). 10.1. Malaltia i discapacitat	2018	58339636.15
1808	Despesa pública en protecció social (COFOG - grups i classes)	0106030100030002	Despesa pública en protecció social (COFOG - grups i classes). 10.1. Malaltia i discapacitat	2019	62418346.03
1808	Despesa pública en protecció social (COFOG - grups i classes)	0106030100030002	Despesa pública en protecció social (COFOG - grups i classes). 10.1. Malaltia i discapacitat	2020	73041497.1
1808	Despesa pública en protecció social (COFOG - grups i classes)	0106030100030002	Despesa pública en protecció social (COFOG - grups i classes). 10.1. Malaltia i discapacitat	2021	67862034.9
1808	Despesa pública en protecció social (COFOG - grups i classes)	0106030100030002	Despesa pública en protecció social (COFOG - grups i classes). 10.1. Malaltia i discapacitat	2022	63762015.81
1808	Despesa pública en protecció social (COFOG - grups i classes)	0106030100030002	Despesa pública en protecció social (COFOG - grups i classes). 10.1. Malaltia i discapacitat	2023	69880342.09
1808	Despesa pública en protecció social (COFOG - grups i classes)	0106030100030002	Despesa pública en protecció social (COFOG - grups i classes). 10.1. Malaltia i discapacitat	2024	76569309.23
1808	Despesa pública en protecció social (COFOG - grups i classes)	0106030100030003	Despesa pública en protecció social (COFOG - grups i classes). 10.1.1. Malaltia (SI)	2010	27655479.27
1808	Despesa pública en protecció social (COFOG - grups i classes)	0106030100030003	Despesa pública en protecció social (COFOG - grups i classes). 10.1.1. Malaltia (SI)	2011	27148530.45
1808	Despesa pública en protecció social (COFOG - grups i classes)	0106030100030003	Despesa pública en protecció social (COFOG - grups i classes). 10.1.1. Malaltia (SI)	2012	25848477.64
1808	Despesa pública en protecció social (COFOG - grups i classes)	0106030100030003	Despesa pública en protecció social (COFOG - grups i classes). 10.1.1. Malaltia (SI)	2013	27531190.74
1808	Despesa pública en protecció social (COFOG - grups i classes)	0106030100030003	Despesa pública en protecció social (COFOG - grups i classes). 10.1.1. Malaltia (SI)	2014	27440159.91
1808	Despesa pública en protecció social (COFOG - grups i classes)	0106030100030003	Despesa pública en protecció social (COFOG - grups i classes). 10.1.1. Malaltia (SI)	2015	28245539.91
1808	Despesa pública en protecció social (COFOG - grups i classes)	0106030100030003	Despesa pública en protecció social (COFOG - grups i classes). 10.1.1. Malaltia (SI)	2016	27233064.41
1808	Despesa pública en protecció social (COFOG - grups i classes)	0106030100030003	Despesa pública en protecció social (COFOG - grups i classes). 10.1.1. Malaltia (SI)	2017	27984896.24
1808	Despesa pública en protecció social (COFOG - grups i classes)	0106030100030003	Despesa pública en protecció social (COFOG - grups i classes). 10.1.1. Malaltia (SI)	2018	29989734.32
1808	Despesa pública en protecció social (COFOG - grups i classes)	0106030100030003	Despesa pública en protecció social (COFOG - grups i classes). 10.1.1. Malaltia (SI)	2019	34020556.39
1808	Despesa pública en protecció social (COFOG - grups i classes)	0106030100030003	Despesa pública en protecció social (COFOG - grups i classes). 10.1.1. Malaltia (SI)	2020	44860455.37
1808	Despesa pública en protecció social (COFOG - grups i classes)	0106030100030003	Despesa pública en protecció social (COFOG - grups i classes). 10.1.1. Malaltia (SI)	2021	40436329.59
1808	Despesa pública en protecció social (COFOG - grups i classes)	0106030100030003	Despesa pública en protecció social (COFOG - grups i classes). 10.1.1. Malaltia (SI)	2022	36998519.05
1808	Despesa pública en protecció social (COFOG - grups i classes)	0106030100030003	Despesa pública en protecció social (COFOG - grups i classes). 10.1.1. Malaltia (SI)	2023	39911553.33
1808	Despesa pública en protecció social (COFOG - grups i classes)	0106030100030003	Despesa pública en protecció social (COFOG - grups i classes). 10.1.1. Malaltia (SI)	2024	47721260.93
1808	Despesa pública en protecció social (COFOG - grups i classes)	0106030100030004	Despesa pública en protecció social (COFOG - grups i classes). 10.1.2. Discapacitat (SI)	2010	22401890.16
1808	Despesa pública en protecció social (COFOG - grups i classes)	0106030100030004	Despesa pública en protecció social (COFOG - grups i classes). 10.1.2. Discapacitat (SI)	2011	23925062.34
1808	Despesa pública en protecció social (COFOG - grups i classes)	0106030100030004	Despesa pública en protecció social (COFOG - grups i classes). 10.1.2. Discapacitat (SI)	2012	25608393.38
1808	Despesa pública en protecció social (COFOG - grups i classes)	0106030100030004	Despesa pública en protecció social (COFOG - grups i classes). 10.1.2. Discapacitat (SI)	2013	26342407.8
1808	Despesa pública en protecció social (COFOG - grups i classes)	0106030100030004	Despesa pública en protecció social (COFOG - grups i classes). 10.1.2. Discapacitat (SI)	2014	26872071.81
1808	Despesa pública en protecció social (COFOG - grups i classes)	0106030100030004	Despesa pública en protecció social (COFOG - grups i classes). 10.1.2. Discapacitat (SI)	2015	27659212.36
1808	Despesa pública en protecció social (COFOG - grups i classes)	0106030100030004	Despesa pública en protecció social (COFOG - grups i classes). 10.1.2. Discapacitat (SI)	2016	28105034
1808	Despesa pública en protecció social (COFOG - grups i classes)	0106030100030004	Despesa pública en protecció social (COFOG - grups i classes). 10.1.2. Discapacitat (SI)	2017	28052845.02
1808	Despesa pública en protecció social (COFOG - grups i classes)	0106030100030004	Despesa pública en protecció social (COFOG - grups i classes). 10.1.2. Discapacitat (SI)	2018	28349901.83
1808	Despesa pública en protecció social (COFOG - grups i classes)	0106030100030004	Despesa pública en protecció social (COFOG - grups i classes). 10.1.2. Discapacitat (SI)	2019	28397789.64
1808	Despesa pública en protecció social (COFOG - grups i classes)	0106030100030004	Despesa pública en protecció social (COFOG - grups i classes). 10.1.2. Discapacitat (SI)	2020	28181041.73
1808	Despesa pública en protecció social (COFOG - grups i classes)	0106030100030004	Despesa pública en protecció social (COFOG - grups i classes). 10.1.2. Discapacitat (SI)	2021	27425705.31
1808	Despesa pública en protecció social (COFOG - grups i classes)	0106030100030004	Despesa pública en protecció social (COFOG - grups i classes). 10.1.2. Discapacitat (SI)	2022	26763496.76
1808	Despesa pública en protecció social (COFOG - grups i classes)	0106030100030004	Despesa pública en protecció social (COFOG - grups i classes). 10.1.2. Discapacitat (SI)	2023	29968788.76
1808	Despesa pública en protecció social (COFOG - grups i classes)	0106030100030004	Despesa pública en protecció social (COFOG - grups i classes). 10.1.2. Discapacitat (SI)	2024	28848048.3
1808	Despesa pública en protecció social (COFOG - grups i classes)	0106030100030005	Despesa pública en protecció social (COFOG - grups i classes). 10.2 Gent gran	2010	43803466.99
1808	Despesa pública en protecció social (COFOG - grups i classes)	0106030100030005	Despesa pública en protecció social (COFOG - grups i classes). 10.2 Gent gran	2011	48045373.1
1808	Despesa pública en protecció social (COFOG - grups i classes)	0106030100030005	Despesa pública en protecció social (COFOG - grups i classes). 10.2 Gent gran	2012	54433205.44
1808	Despesa pública en protecció social (COFOG - grups i classes)	0106030100030005	Despesa pública en protecció social (COFOG - grups i classes). 10.2 Gent gran	2013	59987347.09
1808	Despesa pública en protecció social (COFOG - grups i classes)	0106030100030005	Despesa pública en protecció social (COFOG - grups i classes). 10.2 Gent gran	2014	65301473.84
1808	Despesa pública en protecció social (COFOG - grups i classes)	0106030100030005	Despesa pública en protecció social (COFOG - grups i classes). 10.2 Gent gran	2015	71027561.96
1808	Despesa pública en protecció social (COFOG - grups i classes)	0106030100030005	Despesa pública en protecció social (COFOG - grups i classes). 10.2 Gent gran	2016	78306468.43
1808	Despesa pública en protecció social (COFOG - grups i classes)	0106030100030005	Despesa pública en protecció social (COFOG - grups i classes). 10.2 Gent gran	2017	83892683.96
1808	Despesa pública en protecció social (COFOG - grups i classes)	0106030100030005	Despesa pública en protecció social (COFOG - grups i classes). 10.2 Gent gran	2018	93040038.01
1808	Despesa pública en protecció social (COFOG - grups i classes)	0106030100030005	Despesa pública en protecció social (COFOG - grups i classes). 10.2 Gent gran	2019	102815465.74
1808	Despesa pública en protecció social (COFOG - grups i classes)	0106030100030005	Despesa pública en protecció social (COFOG - grups i classes). 10.2 Gent gran	2020	110675338.33
1808	Despesa pública en protecció social (COFOG - grups i classes)	0106030100030005	Despesa pública en protecció social (COFOG - grups i classes). 10.2 Gent gran	2021	122331323.15
1808	Despesa pública en protecció social (COFOG - grups i classes)	0106030100030005	Despesa pública en protecció social (COFOG - grups i classes). 10.2 Gent gran	2022	137220508.27
1808	Despesa pública en protecció social (COFOG - grups i classes)	0106030100030005	Despesa pública en protecció social (COFOG - grups i classes). 10.2 Gent gran	2023	159984355.7
1808	Despesa pública en protecció social (COFOG - grups i classes)	0106030100030005	Despesa pública en protecció social (COFOG - grups i classes). 10.2 Gent gran	2024	182159704.55
1808	Despesa pública en protecció social (COFOG - grups i classes)	0106030100030006	Despesa pública en protecció social (COFOG - grups i classes). 10.2.0. Gent gran (SI)	2010	43803466.99
1808	Despesa pública en protecció social (COFOG - grups i classes)	0106030100030006	Despesa pública en protecció social (COFOG - grups i classes). 10.2.0. Gent gran (SI)	2011	48045373.1
1808	Despesa pública en protecció social (COFOG - grups i classes)	0106030100030006	Despesa pública en protecció social (COFOG - grups i classes). 10.2.0. Gent gran (SI)	2012	54433205.44
1808	Despesa pública en protecció social (COFOG - grups i classes)	0106030100030006	Despesa pública en protecció social (COFOG - grups i classes). 10.2.0. Gent gran (SI)	2013	59987347.09
1808	Despesa pública en protecció social (COFOG - grups i classes)	0106030100030006	Despesa pública en protecció social (COFOG - grups i classes). 10.2.0. Gent gran (SI)	2014	65301473.84
1808	Despesa pública en protecció social (COFOG - grups i classes)	0106030100030006	Despesa pública en protecció social (COFOG - grups i classes). 10.2.0. Gent gran (SI)	2015	71027561.96
1808	Despesa pública en protecció social (COFOG - grups i classes)	0106030100030006	Despesa pública en protecció social (COFOG - grups i classes). 10.2.0. Gent gran (SI)	2016	78306468.43
1808	Despesa pública en protecció social (COFOG - grups i classes)	0106030100030006	Despesa pública en protecció social (COFOG - grups i classes). 10.2.0. Gent gran (SI)	2017	83892683.96
1808	Despesa pública en protecció social (COFOG - grups i classes)	0106030100030006	Despesa pública en protecció social (COFOG - grups i classes). 10.2.0. Gent gran (SI)	2018	93040038.01
1808	Despesa pública en protecció social (COFOG - grups i classes)	0106030100030006	Despesa pública en protecció social (COFOG - grups i classes). 10.2.0. Gent gran (SI)	2019	102815465.74
1808	Despesa pública en protecció social (COFOG - grups i classes)	0106030100030006	Despesa pública en protecció social (COFOG - grups i classes). 10.2.0. Gent gran (SI)	2020	110675338.33
1808	Despesa pública en protecció social (COFOG - grups i classes)	0106030100030006	Despesa pública en protecció social (COFOG - grups i classes). 10.2.0. Gent gran (SI)	2021	122331323.15
1808	Despesa pública en protecció social (COFOG - grups i classes)	0106030100030006	Despesa pública en protecció social (COFOG - grups i classes). 10.2.0. Gent gran (SI)	2022	137220508.27
1808	Despesa pública en protecció social (COFOG - grups i classes)	0106030100030006	Despesa pública en protecció social (COFOG - grups i classes). 10.2.0. Gent gran (SI)	2023	159984355.7
1808	Despesa pública en protecció social (COFOG - grups i classes)	0106030100030006	Despesa pública en protecció social (COFOG - grups i classes). 10.2.0. Gent gran (SI)	2024	182159704.55
1808	Despesa pública en protecció social (COFOG - grups i classes)	0106030100030007	Despesa pública en protecció social (COFOG - grups i classes). 10.3. Supervivents	2010	10151059.43
1808	Despesa pública en protecció social (COFOG - grups i classes)	0106030100030007	Despesa pública en protecció social (COFOG - grups i classes). 10.3. Supervivents	2011	11034199.72
1808	Despesa pública en protecció social (COFOG - grups i classes)	0106030100030007	Despesa pública en protecció social (COFOG - grups i classes). 10.3. Supervivents	2012	11949478.99
1808	Despesa pública en protecció social (COFOG - grups i classes)	0106030100030007	Despesa pública en protecció social (COFOG - grups i classes). 10.3. Supervivents	2013	12434497.85
1808	Despesa pública en protecció social (COFOG - grups i classes)	0106030100030007	Despesa pública en protecció social (COFOG - grups i classes). 10.3. Supervivents	2014	12877166.11
1808	Despesa pública en protecció social (COFOG - grups i classes)	0106030100030007	Despesa pública en protecció social (COFOG - grups i classes). 10.3. Supervivents	2015	12469990.3
1808	Despesa pública en protecció social (COFOG - grups i classes)	0106030100030007	Despesa pública en protecció social (COFOG - grups i classes). 10.3. Supervivents	2016	13276460.48
1808	Despesa pública en protecció social (COFOG - grups i classes)	0106030100030007	Despesa pública en protecció social (COFOG - grups i classes). 10.3. Supervivents	2017	13603168.06
1808	Despesa pública en protecció social (COFOG - grups i classes)	0106030100030007	Despesa pública en protecció social (COFOG - grups i classes). 10.3. Supervivents	2018	14428960.79
1808	Despesa pública en protecció social (COFOG - grups i classes)	0106030100030007	Despesa pública en protecció social (COFOG - grups i classes). 10.3. Supervivents	2019	14930927.42
1808	Despesa pública en protecció social (COFOG - grups i classes)	0106030100030007	Despesa pública en protecció social (COFOG - grups i classes). 10.3. Supervivents	2020	15873611.74
1808	Despesa pública en protecció social (COFOG - grups i classes)	0106030100030007	Despesa pública en protecció social (COFOG - grups i classes). 10.3. Supervivents	2021	16173439.36
1808	Despesa pública en protecció social (COFOG - grups i classes)	0106030100030007	Despesa pública en protecció social (COFOG - grups i classes). 10.3. Supervivents	2022	17517235.95
1808	Despesa pública en protecció social (COFOG - grups i classes)	0106030100030007	Despesa pública en protecció social (COFOG - grups i classes). 10.3. Supervivents	2023	19191394.89
1808	Despesa pública en protecció social (COFOG - grups i classes)	0106030100030007	Despesa pública en protecció social (COFOG - grups i classes). 10.3. Supervivents	2024	20722761.06
1808	Despesa pública en protecció social (COFOG - grups i classes)	0106030100030008	Despesa pública en protecció social (COFOG - grups i classes). 10.3.0. Supervivents (SI)	2010	10151059.43
1808	Despesa pública en protecció social (COFOG - grups i classes)	0106030100030008	Despesa pública en protecció social (COFOG - grups i classes). 10.3.0. Supervivents (SI)	2011	11034199.72
1808	Despesa pública en protecció social (COFOG - grups i classes)	0106030100030008	Despesa pública en protecció social (COFOG - grups i classes). 10.3.0. Supervivents (SI)	2012	11949478.99
1808	Despesa pública en protecció social (COFOG - grups i classes)	0106030100030008	Despesa pública en protecció social (COFOG - grups i classes). 10.3.0. Supervivents (SI)	2013	12434497.85
1808	Despesa pública en protecció social (COFOG - grups i classes)	0106030100030008	Despesa pública en protecció social (COFOG - grups i classes). 10.3.0. Supervivents (SI)	2014	12877166.11
1808	Despesa pública en protecció social (COFOG - grups i classes)	0106030100030008	Despesa pública en protecció social (COFOG - grups i classes). 10.3.0. Supervivents (SI)	2015	12469990.3
1808	Despesa pública en protecció social (COFOG - grups i classes)	0106030100030008	Despesa pública en protecció social (COFOG - grups i classes). 10.3.0. Supervivents (SI)	2016	13276460.48
1808	Despesa pública en protecció social (COFOG - grups i classes)	0106030100030008	Despesa pública en protecció social (COFOG - grups i classes). 10.3.0. Supervivents (SI)	2017	13603168.06
1808	Despesa pública en protecció social (COFOG - grups i classes)	0106030100030008	Despesa pública en protecció social (COFOG - grups i classes). 10.3.0. Supervivents (SI)	2018	14428960.79
1808	Despesa pública en protecció social (COFOG - grups i classes)	0106030100030008	Despesa pública en protecció social (COFOG - grups i classes). 10.3.0. Supervivents (SI)	2019	14930927.42
1808	Despesa pública en protecció social (COFOG - grups i classes)	0106030100030008	Despesa pública en protecció social (COFOG - grups i classes). 10.3.0. Supervivents (SI)	2020	15873611.74
1808	Despesa pública en protecció social (COFOG - grups i classes)	0106030100030008	Despesa pública en protecció social (COFOG - grups i classes). 10.3.0. Supervivents (SI)	2021	16173439.36
1808	Despesa pública en protecció social (COFOG - grups i classes)	0106030100030008	Despesa pública en protecció social (COFOG - grups i classes). 10.3.0. Supervivents (SI)	2022	17517235.95
1808	Despesa pública en protecció social (COFOG - grups i classes)	0106030100030008	Despesa pública en protecció social (COFOG - grups i classes). 10.3.0. Supervivents (SI)	2023	19191394.89
1808	Despesa pública en protecció social (COFOG - grups i classes)	0106030100030008	Despesa pública en protecció social (COFOG - grups i classes). 10.3.0. Supervivents (SI)	2024	20722761.06
1808	Despesa pública en protecció social (COFOG - grups i classes)	0106030100030009	Despesa pública en protecció social (COFOG - grups i classes). 10.4. Família i fills	2010	7162444.98
1808	Despesa pública en protecció social (COFOG - grups i classes)	0106030100030009	Despesa pública en protecció social (COFOG - grups i classes). 10.4. Família i fills	2011	7623216.02
1808	Despesa pública en protecció social (COFOG - grups i classes)	0106030100030009	Despesa pública en protecció social (COFOG - grups i classes). 10.4. Família i fills	2012	7328834.8
1808	Despesa pública en protecció social (COFOG - grups i classes)	0106030100030009	Despesa pública en protecció social (COFOG - grups i classes). 10.4. Família i fills	2013	7001293.22
1808	Despesa pública en protecció social (COFOG - grups i classes)	0106030100030009	Despesa pública en protecció social (COFOG - grups i classes). 10.4. Família i fills	2014	7046887.44
1808	Despesa pública en protecció social (COFOG - grups i classes)	0106030100030009	Despesa pública en protecció social (COFOG - grups i classes). 10.4. Família i fills	2015	7971478.96
1808	Despesa pública en protecció social (COFOG - grups i classes)	0106030100030009	Despesa pública en protecció social (COFOG - grups i classes). 10.4. Família i fills	2016	8080199.39
1808	Despesa pública en protecció social (COFOG - grups i classes)	0106030100030009	Despesa pública en protecció social (COFOG - grups i classes). 10.4. Família i fills	2017	8418548.33
1808	Despesa pública en protecció social (COFOG - grups i classes)	0106030100030009	Despesa pública en protecció social (COFOG - grups i classes). 10.4. Família i fills	2018	8383466.49
1808	Despesa pública en protecció social (COFOG - grups i classes)	0106030100030009	Despesa pública en protecció social (COFOG - grups i classes). 10.4. Família i fills	2019	8854699.85
1808	Despesa pública en protecció social (COFOG - grups i classes)	0106030100030009	Despesa pública en protecció social (COFOG - grups i classes). 10.4. Família i fills	2020	11956134.67
1808	Despesa pública en protecció social (COFOG - grups i classes)	0106030100030009	Despesa pública en protecció social (COFOG - grups i classes). 10.4. Família i fills	2021	10337696.16
1808	Despesa pública en protecció social (COFOG - grups i classes)	0106030100030009	Despesa pública en protecció social (COFOG - grups i classes). 10.4. Família i fills	2022	11156007
1808	Despesa pública en protecció social (COFOG - grups i classes)	0106030100030009	Despesa pública en protecció social (COFOG - grups i classes). 10.4. Família i fills	2023	12464254.62
1808	Despesa pública en protecció social (COFOG - grups i classes)	0106030100030009	Despesa pública en protecció social (COFOG - grups i classes). 10.4. Família i fills	2024	14075058.98
1808	Despesa pública en protecció social (COFOG - grups i classes)	0106030100030010	Despesa pública en protecció social (COFOG - grups i classes). 10.4.0. Família i fills (SI)	2010	7162444.98
1808	Despesa pública en protecció social (COFOG - grups i classes)	0106030100030010	Despesa pública en protecció social (COFOG - grups i classes). 10.4.0. Família i fills (SI)	2011	7623216.02
1808	Despesa pública en protecció social (COFOG - grups i classes)	0106030100030010	Despesa pública en protecció social (COFOG - grups i classes). 10.4.0. Família i fills (SI)	2012	7328834.8
1808	Despesa pública en protecció social (COFOG - grups i classes)	0106030100030010	Despesa pública en protecció social (COFOG - grups i classes). 10.4.0. Família i fills (SI)	2013	7001293.22
1808	Despesa pública en protecció social (COFOG - grups i classes)	0106030100030010	Despesa pública en protecció social (COFOG - grups i classes). 10.4.0. Família i fills (SI)	2014	7046887.44
1808	Despesa pública en protecció social (COFOG - grups i classes)	0106030100030010	Despesa pública en protecció social (COFOG - grups i classes). 10.4.0. Família i fills (SI)	2015	7971478.96
1808	Despesa pública en protecció social (COFOG - grups i classes)	0106030100030010	Despesa pública en protecció social (COFOG - grups i classes). 10.4.0. Família i fills (SI)	2016	8080199.39
1808	Despesa pública en protecció social (COFOG - grups i classes)	0106030100030010	Despesa pública en protecció social (COFOG - grups i classes). 10.4.0. Família i fills (SI)	2017	8418548.33
1808	Despesa pública en protecció social (COFOG - grups i classes)	0106030100030010	Despesa pública en protecció social (COFOG - grups i classes). 10.4.0. Família i fills (SI)	2018	8383466.49
1808	Despesa pública en protecció social (COFOG - grups i classes)	0106030100030010	Despesa pública en protecció social (COFOG - grups i classes). 10.4.0. Família i fills (SI)	2019	8854699.85
1808	Despesa pública en protecció social (COFOG - grups i classes)	0106030100030010	Despesa pública en protecció social (COFOG - grups i classes). 10.4.0. Família i fills (SI)	2020	11956134.67
1808	Despesa pública en protecció social (COFOG - grups i classes)	0106030100030010	Despesa pública en protecció social (COFOG - grups i classes). 10.4.0. Família i fills (SI)	2021	10337696.16
1808	Despesa pública en protecció social (COFOG - grups i classes)	0106030100030010	Despesa pública en protecció social (COFOG - grups i classes). 10.4.0. Família i fills (SI)	2022	11156007
1808	Despesa pública en protecció social (COFOG - grups i classes)	0106030100030010	Despesa pública en protecció social (COFOG - grups i classes). 10.4.0. Família i fills (SI)	2023	12464254.62
1808	Despesa pública en protecció social (COFOG - grups i classes)	0106030100030010	Despesa pública en protecció social (COFOG - grups i classes). 10.4.0. Família i fills (SI)	2024	14075058.98
1808	Despesa pública en protecció social (COFOG - grups i classes)	0106030100030011	Despesa pública en protecció social (COFOG - grups i classes). 10.5. Desocupació	2010	1497493.93
1808	Despesa pública en protecció social (COFOG - grups i classes)	0106030100030011	Despesa pública en protecció social (COFOG - grups i classes). 10.5. Desocupació	2011	1738564.68
1808	Despesa pública en protecció social (COFOG - grups i classes)	0106030100030011	Despesa pública en protecció social (COFOG - grups i classes). 10.5. Desocupació	2012	2856697.17
1808	Despesa pública en protecció social (COFOG - grups i classes)	0106030100030011	Despesa pública en protecció social (COFOG - grups i classes). 10.5. Desocupació	2013	3678981.66
1808	Despesa pública en protecció social (COFOG - grups i classes)	0106030100030011	Despesa pública en protecció social (COFOG - grups i classes). 10.5. Desocupació	2014	4033369.65
1808	Despesa pública en protecció social (COFOG - grups i classes)	0106030100030011	Despesa pública en protecció social (COFOG - grups i classes). 10.5. Desocupació	2015	3533221.35
1808	Despesa pública en protecció social (COFOG - grups i classes)	0106030100030011	Despesa pública en protecció social (COFOG - grups i classes). 10.5. Desocupació	2016	2019539.78
1808	Despesa pública en protecció social (COFOG - grups i classes)	0106030100030011	Despesa pública en protecció social (COFOG - grups i classes). 10.5. Desocupació	2017	1792781.34
1808	Despesa pública en protecció social (COFOG - grups i classes)	0106030100030011	Despesa pública en protecció social (COFOG - grups i classes). 10.5. Desocupació	2018	2047857.89
1808	Despesa pública en protecció social (COFOG - grups i classes)	0106030100030011	Despesa pública en protecció social (COFOG - grups i classes). 10.5. Desocupació	2019	1982577.66
1808	Despesa pública en protecció social (COFOG - grups i classes)	0106030100030011	Despesa pública en protecció social (COFOG - grups i classes). 10.5. Desocupació	2020	3767397.23
1808	Despesa pública en protecció social (COFOG - grups i classes)	0106030100030011	Despesa pública en protecció social (COFOG - grups i classes). 10.5. Desocupació	2021	7063625.83
1808	Despesa pública en protecció social (COFOG - grups i classes)	0106030100030011	Despesa pública en protecció social (COFOG - grups i classes). 10.5. Desocupació	2022	3139922.35
1808	Despesa pública en protecció social (COFOG - grups i classes)	0106030100030011	Despesa pública en protecció social (COFOG - grups i classes). 10.5. Desocupació	2023	2921198.3
1808	Despesa pública en protecció social (COFOG - grups i classes)	0106030100030011	Despesa pública en protecció social (COFOG - grups i classes). 10.5. Desocupació	2024	2883751.69
1808	Despesa pública en protecció social (COFOG - grups i classes)	0106030100030012	Despesa pública en protecció social (COFOG - grups i classes). 10.5.0. Desocupació (SI)	2010	1497493.93
1808	Despesa pública en protecció social (COFOG - grups i classes)	0106030100030012	Despesa pública en protecció social (COFOG - grups i classes). 10.5.0. Desocupació (SI)	2011	1738564.68
1808	Despesa pública en protecció social (COFOG - grups i classes)	0106030100030012	Despesa pública en protecció social (COFOG - grups i classes). 10.5.0. Desocupació (SI)	2012	2856697.17
1808	Despesa pública en protecció social (COFOG - grups i classes)	0106030100030012	Despesa pública en protecció social (COFOG - grups i classes). 10.5.0. Desocupació (SI)	2013	3678981.66
1808	Despesa pública en protecció social (COFOG - grups i classes)	0106030100030012	Despesa pública en protecció social (COFOG - grups i classes). 10.5.0. Desocupació (SI)	2014	4033369.65
1808	Despesa pública en protecció social (COFOG - grups i classes)	0106030100030012	Despesa pública en protecció social (COFOG - grups i classes). 10.5.0. Desocupació (SI)	2015	3533221.35
1808	Despesa pública en protecció social (COFOG - grups i classes)	0106030100030012	Despesa pública en protecció social (COFOG - grups i classes). 10.5.0. Desocupació (SI)	2016	2019539.78
1808	Despesa pública en protecció social (COFOG - grups i classes)	0106030100030012	Despesa pública en protecció social (COFOG - grups i classes). 10.5.0. Desocupació (SI)	2017	1792781.34
1808	Despesa pública en protecció social (COFOG - grups i classes)	0106030100030012	Despesa pública en protecció social (COFOG - grups i classes). 10.5.0. Desocupació (SI)	2018	2047857.89
1808	Despesa pública en protecció social (COFOG - grups i classes)	0106030100030012	Despesa pública en protecció social (COFOG - grups i classes). 10.5.0. Desocupació (SI)	2019	1982577.66
1808	Despesa pública en protecció social (COFOG - grups i classes)	0106030100030012	Despesa pública en protecció social (COFOG - grups i classes). 10.5.0. Desocupació (SI)	2020	3767397.23
1808	Despesa pública en protecció social (COFOG - grups i classes)	0106030100030012	Despesa pública en protecció social (COFOG - grups i classes). 10.5.0. Desocupació (SI)	2021	7063625.83
1808	Despesa pública en protecció social (COFOG - grups i classes)	0106030100030012	Despesa pública en protecció social (COFOG - grups i classes). 10.5.0. Desocupació (SI)	2022	3139922.35
1808	Despesa pública en protecció social (COFOG - grups i classes)	0106030100030012	Despesa pública en protecció social (COFOG - grups i classes). 10.5.0. Desocupació (SI)	2023	2921198.3
1808	Despesa pública en protecció social (COFOG - grups i classes)	0106030100030012	Despesa pública en protecció social (COFOG - grups i classes). 10.5.0. Desocupació (SI)	2024	2883751.69
1808	Despesa pública en protecció social (COFOG - grups i classes)	0106030100030013	Despesa pública en protecció social (COFOG - grups i classes). 10.6. Habitatge	2010	1576802.77
1808	Despesa pública en protecció social (COFOG - grups i classes)	0106030100030013	Despesa pública en protecció social (COFOG - grups i classes). 10.6. Habitatge	2011	1507245.44
1808	Despesa pública en protecció social (COFOG - grups i classes)	0106030100030013	Despesa pública en protecció social (COFOG - grups i classes). 10.6. Habitatge	2012	1757235.77
1808	Despesa pública en protecció social (COFOG - grups i classes)	0106030100030013	Despesa pública en protecció social (COFOG - grups i classes). 10.6. Habitatge	2013	1848318.84
1808	Despesa pública en protecció social (COFOG - grups i classes)	0106030100030013	Despesa pública en protecció social (COFOG - grups i classes). 10.6. Habitatge	2014	1935269.51
1808	Despesa pública en protecció social (COFOG - grups i classes)	0106030100030013	Despesa pública en protecció social (COFOG - grups i classes). 10.6. Habitatge	2015	1981580.17
1808	Despesa pública en protecció social (COFOG - grups i classes)	0106030100030013	Despesa pública en protecció social (COFOG - grups i classes). 10.6. Habitatge	2016	1950511.67
1808	Despesa pública en protecció social (COFOG - grups i classes)	0106030100030013	Despesa pública en protecció social (COFOG - grups i classes). 10.6. Habitatge	2017	1886758.7
1808	Despesa pública en protecció social (COFOG - grups i classes)	0106030100030013	Despesa pública en protecció social (COFOG - grups i classes). 10.6. Habitatge	2018	1787723.71
1808	Despesa pública en protecció social (COFOG - grups i classes)	0106030100030013	Despesa pública en protecció social (COFOG - grups i classes). 10.6. Habitatge	2019	2123778.91
1808	Despesa pública en protecció social (COFOG - grups i classes)	0106030100030013	Despesa pública en protecció social (COFOG - grups i classes). 10.6. Habitatge	2020	2149510.26
1808	Despesa pública en protecció social (COFOG - grups i classes)	0106030100030013	Despesa pública en protecció social (COFOG - grups i classes). 10.6. Habitatge	2021	3006024.74
1808	Despesa pública en protecció social (COFOG - grups i classes)	0106030100030013	Despesa pública en protecció social (COFOG - grups i classes). 10.6. Habitatge	2022	3686780.4
1808	Despesa pública en protecció social (COFOG - grups i classes)	0106030100030013	Despesa pública en protecció social (COFOG - grups i classes). 10.6. Habitatge	2023	14999892.81
1808	Despesa pública en protecció social (COFOG - grups i classes)	0106030100030013	Despesa pública en protecció social (COFOG - grups i classes). 10.6. Habitatge	2024	29309564.73
1808	Despesa pública en protecció social (COFOG - grups i classes)	0106030100030014	Despesa pública en protecció social (COFOG - grups i classes). 10.6.0. Habitatge (SI)	2010	1576802.77
1808	Despesa pública en protecció social (COFOG - grups i classes)	0106030100030014	Despesa pública en protecció social (COFOG - grups i classes). 10.6.0. Habitatge (SI)	2011	1507245.44
1808	Despesa pública en protecció social (COFOG - grups i classes)	0106030100030014	Despesa pública en protecció social (COFOG - grups i classes). 10.6.0. Habitatge (SI)	2012	1757235.77
1808	Despesa pública en protecció social (COFOG - grups i classes)	0106030100030014	Despesa pública en protecció social (COFOG - grups i classes). 10.6.0. Habitatge (SI)	2013	1848318.84
1808	Despesa pública en protecció social (COFOG - grups i classes)	0106030100030014	Despesa pública en protecció social (COFOG - grups i classes). 10.6.0. Habitatge (SI)	2014	1935269.51
1808	Despesa pública en protecció social (COFOG - grups i classes)	0106030100030014	Despesa pública en protecció social (COFOG - grups i classes). 10.6.0. Habitatge (SI)	2015	1981580.17
1808	Despesa pública en protecció social (COFOG - grups i classes)	0106030100030014	Despesa pública en protecció social (COFOG - grups i classes). 10.6.0. Habitatge (SI)	2016	1950511.67
1808	Despesa pública en protecció social (COFOG - grups i classes)	0106030100030014	Despesa pública en protecció social (COFOG - grups i classes). 10.6.0. Habitatge (SI)	2017	1886758.7
1808	Despesa pública en protecció social (COFOG - grups i classes)	0106030100030014	Despesa pública en protecció social (COFOG - grups i classes). 10.6.0. Habitatge (SI)	2018	1787723.71
1808	Despesa pública en protecció social (COFOG - grups i classes)	0106030100030014	Despesa pública en protecció social (COFOG - grups i classes). 10.6.0. Habitatge (SI)	2019	2123778.91
1808	Despesa pública en protecció social (COFOG - grups i classes)	0106030100030014	Despesa pública en protecció social (COFOG - grups i classes). 10.6.0. Habitatge (SI)	2020	2149510.26
1808	Despesa pública en protecció social (COFOG - grups i classes)	0106030100030014	Despesa pública en protecció social (COFOG - grups i classes). 10.6.0. Habitatge (SI)	2021	3006024.74
1808	Despesa pública en protecció social (COFOG - grups i classes)	0106030100030014	Despesa pública en protecció social (COFOG - grups i classes). 10.6.0. Habitatge (SI)	2022	3686780.4
1808	Despesa pública en protecció social (COFOG - grups i classes)	0106030100030014	Despesa pública en protecció social (COFOG - grups i classes). 10.6.0. Habitatge (SI)	2023	14999892.81
1808	Despesa pública en protecció social (COFOG - grups i classes)	0106030100030014	Despesa pública en protecció social (COFOG - grups i classes). 10.6.0. Habitatge (SI)	2024	29309564.73
1808	Despesa pública en protecció social (COFOG - grups i classes)	0106030100030015	Despesa pública en protecció social (COFOG - grups i classes). 10.7. Exclusió social nc	2010	551485.97
1808	Despesa pública en protecció social (COFOG - grups i classes)	0106030100030015	Despesa pública en protecció social (COFOG - grups i classes). 10.7. Exclusió social nc	2011	280569.32
1808	Despesa pública en protecció social (COFOG - grups i classes)	0106030100030015	Despesa pública en protecció social (COFOG - grups i classes). 10.7. Exclusió social nc	2012	571318.43
1808	Despesa pública en protecció social (COFOG - grups i classes)	0106030100030015	Despesa pública en protecció social (COFOG - grups i classes). 10.7. Exclusió social nc	2013	582989.35
1808	Despesa pública en protecció social (COFOG - grups i classes)	0106030100030015	Despesa pública en protecció social (COFOG - grups i classes). 10.7. Exclusió social nc	2014	563425.24
1808	Despesa pública en protecció social (COFOG - grups i classes)	0106030100030015	Despesa pública en protecció social (COFOG - grups i classes). 10.7. Exclusió social nc	2015	554039.29
1808	Despesa pública en protecció social (COFOG - grups i classes)	0106030100030015	Despesa pública en protecció social (COFOG - grups i classes). 10.7. Exclusió social nc	2016	611015.66
1808	Despesa pública en protecció social (COFOG - grups i classes)	0106030100030015	Despesa pública en protecció social (COFOG - grups i classes). 10.7. Exclusió social nc	2017	851920.27
1808	Despesa pública en protecció social (COFOG - grups i classes)	0106030100030015	Despesa pública en protecció social (COFOG - grups i classes). 10.7. Exclusió social nc	2018	945658.76
1808	Despesa pública en protecció social (COFOG - grups i classes)	0106030100030015	Despesa pública en protecció social (COFOG - grups i classes). 10.7. Exclusió social nc	2019	912441.4
1808	Despesa pública en protecció social (COFOG - grups i classes)	0106030100030015	Despesa pública en protecció social (COFOG - grups i classes). 10.7. Exclusió social nc	2020	1049170.12
1808	Despesa pública en protecció social (COFOG - grups i classes)	0106030100030015	Despesa pública en protecció social (COFOG - grups i classes). 10.7. Exclusió social nc	2021	1181370.28
1808	Despesa pública en protecció social (COFOG - grups i classes)	0106030100030015	Despesa pública en protecció social (COFOG - grups i classes). 10.7. Exclusió social nc	2022	1386929.82
1808	Despesa pública en protecció social (COFOG - grups i classes)	0106030100030015	Despesa pública en protecció social (COFOG - grups i classes). 10.7. Exclusió social nc	2023	1746520
1808	Despesa pública en protecció social (COFOG - grups i classes)	0106030100030015	Despesa pública en protecció social (COFOG - grups i classes). 10.7. Exclusió social nc	2024	1955331.71
1808	Despesa pública en protecció social (COFOG - grups i classes)	0106030100030016	Despesa pública en protecció social (COFOG - grups i classes). 10.7.0. Exclusió social nc (SI)	2010	551485.97
1808	Despesa pública en protecció social (COFOG - grups i classes)	0106030100030016	Despesa pública en protecció social (COFOG - grups i classes). 10.7.0. Exclusió social nc (SI)	2011	280569.32
1808	Despesa pública en protecció social (COFOG - grups i classes)	0106030100030016	Despesa pública en protecció social (COFOG - grups i classes). 10.7.0. Exclusió social nc (SI)	2012	571318.43
1808	Despesa pública en protecció social (COFOG - grups i classes)	0106030100030016	Despesa pública en protecció social (COFOG - grups i classes). 10.7.0. Exclusió social nc (SI)	2013	582989.35
1808	Despesa pública en protecció social (COFOG - grups i classes)	0106030100030016	Despesa pública en protecció social (COFOG - grups i classes). 10.7.0. Exclusió social nc (SI)	2014	563425.24
1808	Despesa pública en protecció social (COFOG - grups i classes)	0106030100030016	Despesa pública en protecció social (COFOG - grups i classes). 10.7.0. Exclusió social nc (SI)	2015	554039.29
1808	Despesa pública en protecció social (COFOG - grups i classes)	0106030100030016	Despesa pública en protecció social (COFOG - grups i classes). 10.7.0. Exclusió social nc (SI)	2016	611015.66
1808	Despesa pública en protecció social (COFOG - grups i classes)	0106030100030016	Despesa pública en protecció social (COFOG - grups i classes). 10.7.0. Exclusió social nc (SI)	2017	851920.27
1808	Despesa pública en protecció social (COFOG - grups i classes)	0106030100030016	Despesa pública en protecció social (COFOG - grups i classes). 10.7.0. Exclusió social nc (SI)	2018	945658.76
1808	Despesa pública en protecció social (COFOG - grups i classes)	0106030100030016	Despesa pública en protecció social (COFOG - grups i classes). 10.7.0. Exclusió social nc (SI)	2019	912441.4
1808	Despesa pública en protecció social (COFOG - grups i classes)	0106030100030016	Despesa pública en protecció social (COFOG - grups i classes). 10.7.0. Exclusió social nc (SI)	2020	1049170.12
1808	Despesa pública en protecció social (COFOG - grups i classes)	0106030100030016	Despesa pública en protecció social (COFOG - grups i classes). 10.7.0. Exclusió social nc (SI)	2021	1181370.28
1808	Despesa pública en protecció social (COFOG - grups i classes)	0106030100030016	Despesa pública en protecció social (COFOG - grups i classes). 10.7.0. Exclusió social nc (SI)	2022	1386929.82
1808	Despesa pública en protecció social (COFOG - grups i classes)	0106030100030016	Despesa pública en protecció social (COFOG - grups i classes). 10.7.0. Exclusió social nc (SI)	2023	1746520
1808	Despesa pública en protecció social (COFOG - grups i classes)	0106030100030016	Despesa pública en protecció social (COFOG - grups i classes). 10.7.0. Exclusió social nc (SI)	2024	1955331.71
1808	Despesa pública en protecció social (COFOG - grups i classes)	0106030100030017	Despesa pública en protecció social (COFOG - grups i classes). 10.8. Investigació i desenvolupament	2010	0
1808	Despesa pública en protecció social (COFOG - grups i classes)	0106030100030017	Despesa pública en protecció social (COFOG - grups i classes). 10.8. Investigació i desenvolupament	2011	0
1808	Despesa pública en protecció social (COFOG - grups i classes)	0106030100030017	Despesa pública en protecció social (COFOG - grups i classes). 10.8. Investigació i desenvolupament	2012	0
1808	Despesa pública en protecció social (COFOG - grups i classes)	0106030100030017	Despesa pública en protecció social (COFOG - grups i classes). 10.8. Investigació i desenvolupament	2013	0
1808	Despesa pública en protecció social (COFOG - grups i classes)	0106030100030017	Despesa pública en protecció social (COFOG - grups i classes). 10.8. Investigació i desenvolupament	2014	0
1808	Despesa pública en protecció social (COFOG - grups i classes)	0106030100030017	Despesa pública en protecció social (COFOG - grups i classes). 10.8. Investigació i desenvolupament	2015	0
1808	Despesa pública en protecció social (COFOG - grups i classes)	0106030100030017	Despesa pública en protecció social (COFOG - grups i classes). 10.8. Investigació i desenvolupament	2016	0
1808	Despesa pública en protecció social (COFOG - grups i classes)	0106030100030017	Despesa pública en protecció social (COFOG - grups i classes). 10.8. Investigació i desenvolupament	2017	0
1808	Despesa pública en protecció social (COFOG - grups i classes)	0106030100030017	Despesa pública en protecció social (COFOG - grups i classes). 10.8. Investigació i desenvolupament	2018	0
1808	Despesa pública en protecció social (COFOG - grups i classes)	0106030100030017	Despesa pública en protecció social (COFOG - grups i classes). 10.8. Investigació i desenvolupament	2019	0
1808	Despesa pública en protecció social (COFOG - grups i classes)	0106030100030017	Despesa pública en protecció social (COFOG - grups i classes). 10.8. Investigació i desenvolupament	2020	0
1808	Despesa pública en protecció social (COFOG - grups i classes)	0106030100030017	Despesa pública en protecció social (COFOG - grups i classes). 10.8. Investigació i desenvolupament	2021	0
1808	Despesa pública en protecció social (COFOG - grups i classes)	0106030100030017	Despesa pública en protecció social (COFOG - grups i classes). 10.8. Investigació i desenvolupament	2022	0
1808	Despesa pública en protecció social (COFOG - grups i classes)	0106030100030017	Despesa pública en protecció social (COFOG - grups i classes). 10.8. Investigació i desenvolupament	2023	0
1808	Despesa pública en protecció social (COFOG - grups i classes)	0106030100030017	Despesa pública en protecció social (COFOG - grups i classes). 10.8. Investigació i desenvolupament	2024	0
1808	Despesa pública en protecció social (COFOG - grups i classes)	0106030100030018	Despesa pública en protecció social (COFOG - grups i classes). 10.8.0. Investigació i desenvolupament	2010	0
1808	Despesa pública en protecció social (COFOG - grups i classes)	0106030100030018	Despesa pública en protecció social (COFOG - grups i classes). 10.8.0. Investigació i desenvolupament	2011	0
1808	Despesa pública en protecció social (COFOG - grups i classes)	0106030100030018	Despesa pública en protecció social (COFOG - grups i classes). 10.8.0. Investigació i desenvolupament	2012	0
1808	Despesa pública en protecció social (COFOG - grups i classes)	0106030100030018	Despesa pública en protecció social (COFOG - grups i classes). 10.8.0. Investigació i desenvolupament	2013	0
1808	Despesa pública en protecció social (COFOG - grups i classes)	0106030100030018	Despesa pública en protecció social (COFOG - grups i classes). 10.8.0. Investigació i desenvolupament	2014	0
1808	Despesa pública en protecció social (COFOG - grups i classes)	0106030100030018	Despesa pública en protecció social (COFOG - grups i classes). 10.8.0. Investigació i desenvolupament	2015	0
1808	Despesa pública en protecció social (COFOG - grups i classes)	0106030100030018	Despesa pública en protecció social (COFOG - grups i classes). 10.8.0. Investigació i desenvolupament	2016	0
1808	Despesa pública en protecció social (COFOG - grups i classes)	0106030100030018	Despesa pública en protecció social (COFOG - grups i classes). 10.8.0. Investigació i desenvolupament	2017	0
1808	Despesa pública en protecció social (COFOG - grups i classes)	0106030100030018	Despesa pública en protecció social (COFOG - grups i classes). 10.8.0. Investigació i desenvolupament	2018	0
1808	Despesa pública en protecció social (COFOG - grups i classes)	0106030100030018	Despesa pública en protecció social (COFOG - grups i classes). 10.8.0. Investigació i desenvolupament	2019	0
1808	Despesa pública en protecció social (COFOG - grups i classes)	0106030100030018	Despesa pública en protecció social (COFOG - grups i classes). 10.8.0. Investigació i desenvolupament	2020	0
1808	Despesa pública en protecció social (COFOG - grups i classes)	0106030100030018	Despesa pública en protecció social (COFOG - grups i classes). 10.8.0. Investigació i desenvolupament	2021	0
1808	Despesa pública en protecció social (COFOG - grups i classes)	0106030100030018	Despesa pública en protecció social (COFOG - grups i classes). 10.8.0. Investigació i desenvolupament	2022	0
1808	Despesa pública en protecció social (COFOG - grups i classes)	0106030100030018	Despesa pública en protecció social (COFOG - grups i classes). 10.8.0. Investigació i desenvolupament	2023	0
1808	Despesa pública en protecció social (COFOG - grups i classes)	0106030100030018	Despesa pública en protecció social (COFOG - grups i classes). 10.8.0. Investigació i desenvolupament	2024	0
1808	Despesa pública en protecció social (COFOG - grups i classes)	0106030100030019	Despesa pública en protecció social (COFOG - grups i classes). 10.9. Protecció social nc	2010	8454338.63
1808	Despesa pública en protecció social (COFOG - grups i classes)	0106030100030019	Despesa pública en protecció social (COFOG - grups i classes). 10.9. Protecció social nc	2011	10753478.56
1808	Despesa pública en protecció social (COFOG - grups i classes)	0106030100030019	Despesa pública en protecció social (COFOG - grups i classes). 10.9. Protecció social nc	2012	7908262.69
1808	Despesa pública en protecció social (COFOG - grups i classes)	0106030100030019	Despesa pública en protecció social (COFOG - grups i classes). 10.9. Protecció social nc	2013	7892723.19
1808	Despesa pública en protecció social (COFOG - grups i classes)	0106030100030019	Despesa pública en protecció social (COFOG - grups i classes). 10.9. Protecció social nc	2014	8807426.69
1808	Despesa pública en protecció social (COFOG - grups i classes)	0106030100030019	Despesa pública en protecció social (COFOG - grups i classes). 10.9. Protecció social nc	2015	9128146.51
1808	Despesa pública en protecció social (COFOG - grups i classes)	0106030100030019	Despesa pública en protecció social (COFOG - grups i classes). 10.9. Protecció social nc	2016	8695121.38
1808	Despesa pública en protecció social (COFOG - grups i classes)	0106030100030019	Despesa pública en protecció social (COFOG - grups i classes). 10.9. Protecció social nc	2017	10002845.8
1808	Despesa pública en protecció social (COFOG - grups i classes)	0106030100030019	Despesa pública en protecció social (COFOG - grups i classes). 10.9. Protecció social nc	2018	10529471.36
1808	Despesa pública en protecció social (COFOG - grups i classes)	0106030100030019	Despesa pública en protecció social (COFOG - grups i classes). 10.9. Protecció social nc	2019	10606184.21
1808	Despesa pública en protecció social (COFOG - grups i classes)	0106030100030019	Despesa pública en protecció social (COFOG - grups i classes). 10.9. Protecció social nc	2020	10432586.52
1808	Despesa pública en protecció social (COFOG - grups i classes)	0106030100030019	Despesa pública en protecció social (COFOG - grups i classes). 10.9. Protecció social nc	2021	11133411.86
1808	Despesa pública en protecció social (COFOG - grups i classes)	0106030100030019	Despesa pública en protecció social (COFOG - grups i classes). 10.9. Protecció social nc	2022	11582926.48
1808	Despesa pública en protecció social (COFOG - grups i classes)	0106030100030019	Despesa pública en protecció social (COFOG - grups i classes). 10.9. Protecció social nc	2023	13735803.05
1808	Despesa pública en protecció social (COFOG - grups i classes)	0106030100030019	Despesa pública en protecció social (COFOG - grups i classes). 10.9. Protecció social nc	2024	16029128.16
1808	Despesa pública en protecció social (COFOG - grups i classes)	0106030100030020	Despesa pública en protecció social (COFOG - grups i classes). 10.9.0. Protecció social nc (SC)	2010	8454338.63
1808	Despesa pública en protecció social (COFOG - grups i classes)	0106030100030020	Despesa pública en protecció social (COFOG - grups i classes). 10.9.0. Protecció social nc (SC)	2011	10753478.56
1808	Despesa pública en protecció social (COFOG - grups i classes)	0106030100030020	Despesa pública en protecció social (COFOG - grups i classes). 10.9.0. Protecció social nc (SC)	2012	7908262.69
1808	Despesa pública en protecció social (COFOG - grups i classes)	0106030100030020	Despesa pública en protecció social (COFOG - grups i classes). 10.9.0. Protecció social nc (SC)	2013	7892723.19
1808	Despesa pública en protecció social (COFOG - grups i classes)	0106030100030020	Despesa pública en protecció social (COFOG - grups i classes). 10.9.0. Protecció social nc (SC)	2014	8807426.69
1808	Despesa pública en protecció social (COFOG - grups i classes)	0106030100030020	Despesa pública en protecció social (COFOG - grups i classes). 10.9.0. Protecció social nc (SC)	2015	9128146.51
1808	Despesa pública en protecció social (COFOG - grups i classes)	0106030100030020	Despesa pública en protecció social (COFOG - grups i classes). 10.9.0. Protecció social nc (SC)	2016	8695121.38
1808	Despesa pública en protecció social (COFOG - grups i classes)	0106030100030020	Despesa pública en protecció social (COFOG - grups i classes). 10.9.0. Protecció social nc (SC)	2017	10002845.8
1808	Despesa pública en protecció social (COFOG - grups i classes)	0106030100030020	Despesa pública en protecció social (COFOG - grups i classes). 10.9.0. Protecció social nc (SC)	2018	10529471.36
1808	Despesa pública en protecció social (COFOG - grups i classes)	0106030100030020	Despesa pública en protecció social (COFOG - grups i classes). 10.9.0. Protecció social nc (SC)	2019	10606184.21
1808	Despesa pública en protecció social (COFOG - grups i classes)	0106030100030020	Despesa pública en protecció social (COFOG - grups i classes). 10.9.0. Protecció social nc (SC)	2020	10432586.52
1808	Despesa pública en protecció social (COFOG - grups i classes)	0106030100030020	Despesa pública en protecció social (COFOG - grups i classes). 10.9.0. Protecció social nc (SC)	2021	11133411.86
1808	Despesa pública en protecció social (COFOG - grups i classes)	0106030100030020	Despesa pública en protecció social (COFOG - grups i classes). 10.9.0. Protecció social nc (SC)	2022	11582926.48
1808	Despesa pública en protecció social (COFOG - grups i classes)	0106030100030020	Despesa pública en protecció social (COFOG - grups i classes). 10.9.0. Protecció social nc (SC)	2023	13735803.05
1808	Despesa pública en protecció social (COFOG - grups i classes)	0106030100030020	Despesa pública en protecció social (COFOG - grups i classes). 10.9.0. Protecció social nc (SC)	2024	16029128.16
2733	Classificació dels ingressos dels règims de protecció social per sectors institucionals (consolidats)	0106040100010001	Classificació dels ingressos dels règims de protecció social per sectors institucionals (consolidats). 1 Totes les unitats institucionals residents	2020	220734801.16
2733	Classificació dels ingressos dels règims de protecció social per sectors institucionals (consolidats)	0106040100010001	Classificació dels ingressos dels règims de protecció social per sectors institucionals (consolidats). 1 Totes les unitats institucionals residents	2024	327113656.39
2733	Classificació dels ingressos dels règims de protecció social per sectors institucionals (consolidats)	0106040100010002	Classificació dels ingressos dels règims de protecció social per sectors institucionals (consolidats). 1 Totes les unitats institucionals residents. 11 Empreses (no financeres i financeres)	2020	89588422.02
2733	Classificació dels ingressos dels règims de protecció social per sectors institucionals (consolidats)	0106040100010002	Classificació dels ingressos dels règims de protecció social per sectors institucionals (consolidats). 1 Totes les unitats institucionals residents. 11 Empreses (no financeres i financeres)	2024	129754552.06
2733	Classificació dels ingressos dels règims de protecció social per sectors institucionals (consolidats)	0106040100010003	Classificació dels ingressos dels règims de protecció social per sectors institucionals (consolidats). 1 Totes les unitats institucionals residents. 12 Administracions públiques	2020	79120306.28
2733	Classificació dels ingressos dels règims de protecció social per sectors institucionals (consolidats)	0106040100010003	Classificació dels ingressos dels règims de protecció social per sectors institucionals (consolidats). 1 Totes les unitats institucionals residents. 12 Administracions públiques	2024	120855927.8
2733	Classificació dels ingressos dels règims de protecció social per sectors institucionals (consolidats)	0106040100010004	Classificació dels ingressos dels règims de protecció social per sectors institucionals (consolidats). 1 Totes les unitats institucionals residents. 12 Administracions públiques. 121 Administració central	2020	46041196.32
2733	Classificació dels ingressos dels règims de protecció social per sectors institucionals (consolidats)	0106040100010004	Classificació dels ingressos dels règims de protecció social per sectors institucionals (consolidats). 1 Totes les unitats institucionals residents. 12 Administracions públiques. 121 Administració central	2024	107043666.71
2733	Classificació dels ingressos dels règims de protecció social per sectors institucionals (consolidats)	0106040100010005	Classificació dels ingressos dels règims de protecció social per sectors institucionals (consolidats). 1 Totes les unitats institucionals residents. 12 Administracions públiques. 122 Administració local	2020	6387894.43
2733	Classificació dels ingressos dels règims de protecció social per sectors institucionals (consolidats)	0106040100010005	Classificació dels ingressos dels règims de protecció social per sectors institucionals (consolidats). 1 Totes les unitats institucionals residents. 12 Administracions públiques. 122 Administració local	2024	10232178.04
2733	Classificació dels ingressos dels règims de protecció social per sectors institucionals (consolidats)	0106040100010006	Classificació dels ingressos dels règims de protecció social per sectors institucionals (consolidats). 1 Totes les unitats institucionals residents. 12 Administracions públiques. 123 Fons de la seguretat social	2020	2999576.4
2733	Classificació dels ingressos dels règims de protecció social per sectors institucionals (consolidats)	0106040100010006	Classificació dels ingressos dels règims de protecció social per sectors institucionals (consolidats). 1 Totes les unitats institucionals residents. 12 Administracions públiques. 123 Fons de la seguretat social	2024	3580083.04
2733	Classificació dels ingressos dels règims de protecció social per sectors institucionals (consolidats)	0106040100010007	Classificació dels ingressos dels règims de protecció social per sectors institucionals (consolidats). 1 Totes les unitats institucionals residents. 13 Llars	2020	47358472.85
2733	Classificació dels ingressos dels règims de protecció social per sectors institucionals (consolidats)	0106040100010007	Classificació dels ingressos dels règims de protecció social per sectors institucionals (consolidats). 1 Totes les unitats institucionals residents. 13 Llars	2024	68487701.22
2733	Classificació dels ingressos dels règims de protecció social per sectors institucionals (consolidats)	0106040100010008	Classificació dels ingressos dels règims de protecció social per sectors institucionals (consolidats). 1 Totes les unitats institucionals residents. 14 Institucions sense ànim de lucre al servei de les llars	2020	4667600.01
2733	Classificació dels ingressos dels règims de protecció social per sectors institucionals (consolidats)	0106040100010008	Classificació dels ingressos dels règims de protecció social per sectors institucionals (consolidats). 1 Totes les unitats institucionals residents. 14 Institucions sense ànim de lucre al servei de les llars	2024	8015475.32
2733	Classificació dels ingressos dels règims de protecció social per sectors institucionals (consolidats)	0106040100010009	Classificació dels ingressos dels règims de protecció social per sectors institucionals (consolidats). 2 Resta del món	2020	37195.93
2733	Classificació dels ingressos dels règims de protecció social per sectors institucionals (consolidats)	0106040100010009	Classificació dels ingressos dels règims de protecció social per sectors institucionals (consolidats). 2 Resta del món	2024	50675.92
2734	Classificació dels ingressos dels règims de protecció social per tipus (consolidats)	0106040100020001	Classificació dels ingressos dels règims de protecció social per tipus (consolidats). 1 Cotitzacions socials	2020	160290215.8
2734	Classificació dels ingressos dels règims de protecció social per tipus (consolidats)	0106040100020001	Classificació dels ingressos dels règims de protecció social per tipus (consolidats). 1 Cotitzacions socials	2024	251557601.59
2734	Classificació dels ingressos dels règims de protecció social per tipus (consolidats)	0106040100020002	Classificació dels ingressos dels règims de protecció social per tipus (consolidats). 1 Cotitzacions socials. 11 Cotitzacions socials patronals	2020	112931742.95
2734	Classificació dels ingressos dels règims de protecció social per tipus (consolidats)	0106040100020002	Classificació dels ingressos dels règims de protecció social per tipus (consolidats). 1 Cotitzacions socials. 11 Cotitzacions socials patronals	2024	183069900.37
2734	Classificació dels ingressos dels règims de protecció social per tipus (consolidats)	0106040100020003	Classificació dels ingressos dels règims de protecció social per tipus (consolidats). 1 Cotitzacions socials. 11 Cotitzacions socials patronals. 111 Cotitzacions socials patronals efectives	2020	112931742.95
2734	Classificació dels ingressos dels règims de protecció social per tipus (consolidats)	0106040100020003	Classificació dels ingressos dels règims de protecció social per tipus (consolidats). 1 Cotitzacions socials. 11 Cotitzacions socials patronals. 111 Cotitzacions socials patronals efectives	2024	183069900.37
2734	Classificació dels ingressos dels règims de protecció social per tipus (consolidats)	0106040100020004	Classificació dels ingressos dels règims de protecció social per tipus (consolidats). 1 Cotitzacions socials. 11 Cotitzacions socials patronals. 111 Cotitzacions socials patronals efectives. 1111 De les empreses (no financeres i financeres)	2020	89588422.02
2734	Classificació dels ingressos dels règims de protecció social per tipus (consolidats)	0106040100020004	Classificació dels ingressos dels règims de protecció social per tipus (consolidats). 1 Cotitzacions socials. 11 Cotitzacions socials patronals. 111 Cotitzacions socials patronals efectives. 1111 De les empreses (no financeres i financeres)	2024	129754552.06
2734	Classificació dels ingressos dels règims de protecció social per tipus (consolidats)	0106040100020005	Classificació dels ingressos dels règims de protecció social per tipus (consolidats). 1 Cotitzacions socials. 11 Cotitzacions socials patronals. 111 Cotitzacions socials patronals efectives. 1112 De l'Administració central	2020	13194546.27
2734	Classificació dels ingressos dels règims de protecció social per tipus (consolidats)	0106040100020005	Classificació dels ingressos dels règims de protecció social per tipus (consolidats). 1 Cotitzacions socials. 11 Cotitzacions socials patronals. 111 Cotitzacions socials patronals efectives. 1112 De l'Administració central	2024	36850344.2
2734	Classificació dels ingressos dels règims de protecció social per tipus (consolidats)	0106040100020006	Classificació dels ingressos dels règims de protecció social per tipus (consolidats). 1 Cotitzacions socials. 11 Cotitzacions socials patronals. 111 Cotitzacions socials patronals efectives. 1113 De l'Administració local	2020	4939108.03
2734	Classificació dels ingressos dels règims de protecció social per tipus (consolidats)	0106040100020006	Classificació dels ingressos dels règims de protecció social per tipus (consolidats). 1 Cotitzacions socials. 11 Cotitzacions socials patronals. 111 Cotitzacions socials patronals efectives. 1113 De l'Administració local	2024	7675001.24
2734	Classificació dels ingressos dels règims de protecció social per tipus (consolidats)	0106040100020007	Classificació dels ingressos dels règims de protecció social per tipus (consolidats). 1 Cotitzacions socials. 11 Cotitzacions socials patronals. 111 Cotitzacions socials patronals efectives. 1114 Del Fons de la seguretat social	2020	504870.69
2734	Classificació dels ingressos dels règims de protecció social per tipus (consolidats)	0106040100020007	Classificació dels ingressos dels règims de protecció social per tipus (consolidats). 1 Cotitzacions socials. 11 Cotitzacions socials patronals. 111 Cotitzacions socials patronals efectives. 1114 Del Fons de la seguretat social	2024	723851.63
2734	Classificació dels ingressos dels règims de protecció social per tipus (consolidats)	0106040100020008	Classificació dels ingressos dels règims de protecció social per tipus (consolidats). 1 Cotitzacions socials. 11 Cotitzacions socials patronals. 111 Cotitzacions socials patronals efectives. 1115 D'Institucions sense ànim de lucre al servei de les llars	2020	4667600.01
2734	Classificació dels ingressos dels règims de protecció social per tipus (consolidats)	0106040100020008	Classificació dels ingressos dels règims de protecció social per tipus (consolidats). 1 Cotitzacions socials. 11 Cotitzacions socials patronals. 111 Cotitzacions socials patronals efectives. 1115 D'Institucions sense ànim de lucre al servei de les llars	2024	8015475.32
2734	Classificació dels ingressos dels règims de protecció social per tipus (consolidats)	0106040100020009	Classificació dels ingressos dels règims de protecció social per tipus (consolidats). 1 Cotitzacions socials. 11 Cotitzacions socials patronals. 111 Cotitzacions socials patronals efectives. 1116 De la Resta del món	2020	37195.93
2734	Classificació dels ingressos dels règims de protecció social per tipus (consolidats)	0106040100020009	Classificació dels ingressos dels règims de protecció social per tipus (consolidats). 1 Cotitzacions socials. 11 Cotitzacions socials patronals. 111 Cotitzacions socials patronals efectives. 1116 De la Resta del món	2024	50675.92
2734	Classificació dels ingressos dels règims de protecció social per tipus (consolidats)	0106040100020010	Classificació dels ingressos dels règims de protecció social per tipus (consolidats). 1 Cotitzacions socials. 11 Cotitzacions socials patronals. 112 Cotizacions socials patronals imputades	2020	0
2734	Classificació dels ingressos dels règims de protecció social per tipus (consolidats)	0106040100020010	Classificació dels ingressos dels règims de protecció social per tipus (consolidats). 1 Cotitzacions socials. 11 Cotitzacions socials patronals. 112 Cotizacions socials patronals imputades	2024	0
2734	Classificació dels ingressos dels règims de protecció social per tipus (consolidats)	0106040100020011	Classificació dels ingressos dels règims de protecció social per tipus (consolidats). 1 Cotitzacions socials. 12 Cotitzacions socials de les persones protegides	2020	47358472.85
2734	Classificació dels ingressos dels règims de protecció social per tipus (consolidats)	0106040100020011	Classificació dels ingressos dels règims de protecció social per tipus (consolidats). 1 Cotitzacions socials. 12 Cotitzacions socials de les persones protegides	2024	68487701.22
2734	Classificació dels ingressos dels règims de protecció social per tipus (consolidats)	0106040100020012	Classificació dels ingressos dels règims de protecció social per tipus (consolidats). 1 Cotitzacions socials. 12 Cotitzacions socials de les persones protegides. 121 Treballadors per compte d'altri	2020	41211193.21
2734	Classificació dels ingressos dels règims de protecció social per tipus (consolidats)	0106040100020012	Classificació dels ingressos dels règims de protecció social per tipus (consolidats). 1 Cotitzacions socials. 12 Cotitzacions socials de les persones protegides. 121 Treballadors per compte d'altri	2024	57365711.3
2734	Classificació dels ingressos dels règims de protecció social per tipus (consolidats)	0106040100020013	Classificació dels ingressos dels règims de protecció social per tipus (consolidats). 1 Cotitzacions socials. 12 Cotitzacions socials de les persones protegides. 122 Treballadors per compte propi	2020	5324614.62
2734	Classificació dels ingressos dels règims de protecció social per tipus (consolidats)	0106040100020013	Classificació dels ingressos dels règims de protecció social per tipus (consolidats). 1 Cotitzacions socials. 12 Cotitzacions socials de les persones protegides. 122 Treballadors per compte propi	2024	9644446.96
2734	Classificació dels ingressos dels règims de protecció social per tipus (consolidats)	0106040100020014	Classificació dels ingressos dels règims de protecció social per tipus (consolidats). 1 Cotitzacions socials. 12 Cotitzacions socials de les persones protegides. 123 Pensionistes i altres	2020	822665.01
2734	Classificació dels ingressos dels règims de protecció social per tipus (consolidats)	0106040100020014	Classificació dels ingressos dels règims de protecció social per tipus (consolidats). 1 Cotitzacions socials. 12 Cotitzacions socials de les persones protegides. 123 Pensionistes i altres	2024	1477542.96
2734	Classificació dels ingressos dels règims de protecció social per tipus (consolidats)	0106040100020015	Classificació dels ingressos dels règims de protecció social per tipus (consolidats). 2 Cotitzacions (aportacions) de les administracions públiques	2020	34295436.45
2734	Classificació dels ingressos dels règims de protecció social per tipus (consolidats)	0106040100020015	Classificació dels ingressos dels règims de protecció social per tipus (consolidats). 2 Cotitzacions (aportacions) de les administracions públiques	2024	72750499.31
2734	Classificació dels ingressos dels règims de protecció social per tipus (consolidats)	0106040100020016	Classificació dels ingressos dels règims de protecció social per tipus (consolidats). 2 Cotitzacions (aportacions) de les administracions públiques. 21 Impostos específics	2020	0
2734	Classificació dels ingressos dels règims de protecció social per tipus (consolidats)	0106040100020016	Classificació dels ingressos dels règims de protecció social per tipus (consolidats). 2 Cotitzacions (aportacions) de les administracions públiques. 21 Impostos específics	2024	0
2734	Classificació dels ingressos dels règims de protecció social per tipus (consolidats)	0106040100020017	Classificació dels ingressos dels règims de protecció social per tipus (consolidats). 2 Cotitzacions (aportacions) de les administracions públiques. 22 Ingressos generals	2020	34295436.45
2734	Classificació dels ingressos dels règims de protecció social per tipus (consolidats)	0106040100020017	Classificació dels ingressos dels règims de protecció social per tipus (consolidats). 2 Cotitzacions (aportacions) de les administracions públiques. 22 Ingressos generals	2024	72750499.31
2734	Classificació dels ingressos dels règims de protecció social per tipus (consolidats)	0106040100020018	Classificació dels ingressos dels règims de protecció social per tipus (consolidats). 3 Transferències d'altres règims	2020	23691639.13
2734	Classificació dels ingressos dels règims de protecció social per tipus (consolidats)	0106040100020018	Classificació dels ingressos dels règims de protecció social per tipus (consolidats). 3 Transferències d'altres règims	2024	0
2734	Classificació dels ingressos dels règims de protecció social per tipus (consolidats)	0106040100020019	Classificació dels ingressos dels règims de protecció social per tipus (consolidats). 3 Transferències d'altres règims. 31 Cotitzacions socials desviades d'altres règims	2020	6312026.4
2734	Classificació dels ingressos dels règims de protecció social per tipus (consolidats)	0106040100020019	Classificació dels ingressos dels règims de protecció social per tipus (consolidats). 3 Transferències d'altres règims. 31 Cotitzacions socials desviades d'altres règims	2024	0
2734	Classificació dels ingressos dels règims de protecció social per tipus (consolidats)	0106040100020020	Classificació dels ingressos dels règims de protecció social per tipus (consolidats). 3 Transferències d'altres règims. 32 Altres transferències d'altres règims	2020	17379612.73
2734	Classificació dels ingressos dels règims de protecció social per tipus (consolidats)	0106040100020020	Classificació dels ingressos dels règims de protecció social per tipus (consolidats). 3 Transferències d'altres règims. 32 Altres transferències d'altres règims	2024	0
2734	Classificació dels ingressos dels règims de protecció social per tipus (consolidats)	0106040100020021	Classificació dels ingressos dels règims de protecció social per tipus (consolidats). 4 Altres ingressos	2020	2494705.71
2734	Classificació dels ingressos dels règims de protecció social per tipus (consolidats)	0106040100020021	Classificació dels ingressos dels règims de protecció social per tipus (consolidats). 4 Altres ingressos	2024	2856231.41
2734	Classificació dels ingressos dels règims de protecció social per tipus (consolidats)	0106040100020022	Classificació dels ingressos dels règims de protecció social per tipus (consolidats). 4 Altres ingressos. 41 Ingressos patrimonials (de la propietat)	2020	2368164.2
2734	Classificació dels ingressos dels règims de protecció social per tipus (consolidats)	0106040100020022	Classificació dels ingressos dels règims de protecció social per tipus (consolidats). 4 Altres ingressos. 41 Ingressos patrimonials (de la propietat)	2024	2435120.88
2734	Classificació dels ingressos dels règims de protecció social per tipus (consolidats)	0106040100020023	Classificació dels ingressos dels règims de protecció social per tipus (consolidats). 4 Altres ingressos. 42 Altres ingressos	2020	126541.52
2734	Classificació dels ingressos dels règims de protecció social per tipus (consolidats)	0106040100020023	Classificació dels ingressos dels règims de protecció social per tipus (consolidats). 4 Altres ingressos. 42 Altres ingressos	2024	421110.53
2735	Classificació de les despeses dels règims de protecció social per tipus (consolidats)	0106040100030001	Classificació de les despeses dels règims de protecció social per tipus (consolidats). 1 Prestacions socials	2020	213848482.92
2735	Classificació de les despeses dels règims de protecció social per tipus (consolidats)	0106040100030001	Classificació de les despeses dels règims de protecció social per tipus (consolidats). 1 Prestacions socials	2024	288579951.36
2735	Classificació de les despeses dels règims de protecció social per tipus (consolidats)	0106040100030002	Classificació de les despeses dels règims de protecció social per tipus (consolidats). 1 Prestacions socials. 11 Prestacions en metàl·lic	2020	209737167.64
2735	Classificació de les despeses dels règims de protecció social per tipus (consolidats)	0106040100030002	Classificació de les despeses dels règims de protecció social per tipus (consolidats). 1 Prestacions socials. 11 Prestacions en metàl·lic	2024	281764120.81
2735	Classificació de les despeses dels règims de protecció social per tipus (consolidats)	0106040100030003	Classificació de les despeses dels règims de protecció social per tipus (consolidats). 1 Prestacions socials. 11 Prestacions en metàl·lic. 111 Periòdiques	2020	153269704.19
2735	Classificació de les despeses dels règims de protecció social per tipus (consolidats)	0106040100030003	Classificació de les despeses dels règims de protecció social per tipus (consolidats). 1 Prestacions socials. 11 Prestacions en metàl·lic. 111 Periòdiques	2024	220670962.25
2735	Classificació de les despeses dels règims de protecció social per tipus (consolidats)	0106040100030004	Classificació de les despeses dels règims de protecció social per tipus (consolidats). 1 Prestacions socials. 11 Prestacions en metàl·lic. 111 Periòdiques. 1111 Funció Malaltia-Salut	2020	0
2735	Classificació de les despeses dels règims de protecció social per tipus (consolidats)	0106040100030004	Classificació de les despeses dels règims de protecció social per tipus (consolidats). 1 Prestacions socials. 11 Prestacions en metàl·lic. 111 Periòdiques. 1111 Funció Malaltia-Salut	2024	0
2735	Classificació de les despeses dels règims de protecció social per tipus (consolidats)	0106040100030005	Classificació de les despeses dels règims de protecció social per tipus (consolidats). 1 Prestacions socials. 11 Prestacions en metàl·lic. 111 Periòdiques. 1112 Funció Discapacitat	2020	26857513.41
2735	Classificació de les despeses dels règims de protecció social per tipus (consolidats)	0106040100030005	Classificació de les despeses dels règims de protecció social per tipus (consolidats). 1 Prestacions socials. 11 Prestacions en metàl·lic. 111 Periòdiques. 1112 Funció Discapacitat	2024	26947117.48
2735	Classificació de les despeses dels règims de protecció social per tipus (consolidats)	0106040100030006	Classificació de les despeses dels règims de protecció social per tipus (consolidats). 1 Prestacions socials. 11 Prestacions en metàl·lic. 111 Periòdiques. 1113 Funció Gent gran	2020	106032521.24
2735	Classificació de les despeses dels règims de protecció social per tipus (consolidats)	0106040100030006	Classificació de les despeses dels règims de protecció social per tipus (consolidats). 1 Prestacions socials. 11 Prestacions en metàl·lic. 111 Periòdiques. 1113 Funció Gent gran	2024	168256235.82
2735	Classificació de les despeses dels règims de protecció social per tipus (consolidats)	0106040100030007	Classificació de les despeses dels règims de protecció social per tipus (consolidats). 1 Prestacions socials. 11 Prestacions en metàl·lic. 111 Periòdiques. 1114 Funció Supervivents	2020	15873611.74
2735	Classificació de les despeses dels règims de protecció social per tipus (consolidats)	0106040100030007	Classificació de les despeses dels règims de protecció social per tipus (consolidats). 1 Prestacions socials. 11 Prestacions en metàl·lic. 111 Periòdiques. 1114 Funció Supervivents	2024	20722761.06
2735	Classificació de les despeses dels règims de protecció social per tipus (consolidats)	0106040100030008	Classificació de les despeses dels règims de protecció social per tipus (consolidats). 1 Prestacions socials. 11 Prestacions en metàl·lic. 111 Periòdiques. 1115 Funció Família-fills	2020	0
2735	Classificació de les despeses dels règims de protecció social per tipus (consolidats)	0106040100030008	Classificació de les despeses dels règims de protecció social per tipus (consolidats). 1 Prestacions socials. 11 Prestacions en metàl·lic. 111 Periòdiques. 1115 Funció Família-fills	2024	54187.78
2735	Classificació de les despeses dels règims de protecció social per tipus (consolidats)	0106040100030009	Classificació de les despeses dels règims de protecció social per tipus (consolidats). 1 Prestacions socials. 11 Prestacions en metàl·lic. 111 Periòdiques. 1116 Funció Desocupació	2020	2650547.54
2735	Classificació de les despeses dels règims de protecció social per tipus (consolidats)	0106040100030009	Classificació de les despeses dels règims de protecció social per tipus (consolidats). 1 Prestacions socials. 11 Prestacions en metàl·lic. 111 Periòdiques. 1116 Funció Desocupació	2024	1273328.34
2735	Classificació de les despeses dels règims de protecció social per tipus (consolidats)	0106040100030010	Classificació de les despeses dels règims de protecció social per tipus (consolidats). 1 Prestacions socials. 11 Prestacions en metàl·lic. 111 Periòdiques. 1117 Funció Habitatge	2020	1855510.26
2735	Classificació de les despeses dels règims de protecció social per tipus (consolidats)	0106040100030010	Classificació de les despeses dels règims de protecció social per tipus (consolidats). 1 Prestacions socials. 11 Prestacions en metàl·lic. 111 Periòdiques. 1117 Funció Habitatge	2024	3417331.77
2735	Classificació de les despeses dels règims de protecció social per tipus (consolidats)	0106040100030011	Classificació de les despeses dels règims de protecció social per tipus (consolidats). 1 Prestacions socials. 11 Prestacions en metàl·lic. 111 Periòdiques. 1118 Funció Exclusió social nc	2020	0
2735	Classificació de les despeses dels règims de protecció social per tipus (consolidats)	0106040100030011	Classificació de les despeses dels règims de protecció social per tipus (consolidats). 1 Prestacions socials. 11 Prestacions en metàl·lic. 111 Periòdiques. 1118 Funció Exclusió social nc	2024	0
2735	Classificació de les despeses dels règims de protecció social per tipus (consolidats)	0106040100030012	Classificació de les despeses dels règims de protecció social per tipus (consolidats). 1 Prestacions socials. 11 Prestacions en metàl·lic. 112 Úniques	2020	56467463.45
2735	Classificació de les despeses dels règims de protecció social per tipus (consolidats)	0106040100030012	Classificació de les despeses dels règims de protecció social per tipus (consolidats). 1 Prestacions socials. 11 Prestacions en metàl·lic. 112 Úniques	2024	61093158.56
2735	Classificació de les despeses dels règims de protecció social per tipus (consolidats)	0106040100030013	Classificació de les despeses dels règims de protecció social per tipus (consolidats). 1 Prestacions socials. 11 Prestacions en metàl·lic. 112 Úniques. 1121 Funció Malaltia-Salut	2020	44630651.89
2735	Classificació de les despeses dels règims de protecció social per tipus (consolidats)	0106040100030013	Classificació de les despeses dels règims de protecció social per tipus (consolidats). 1 Prestacions socials. 11 Prestacions en metàl·lic. 112 Úniques. 1121 Funció Malaltia-Salut	2024	47504950.96
2735	Classificació de les despeses dels règims de protecció social per tipus (consolidats)	0106040100030014	Classificació de les despeses dels règims de protecció social per tipus (consolidats). 1 Prestacions socials. 11 Prestacions en metàl·lic. 112 Úniques. 1122 Funció Discapacitat	2020	0
2735	Classificació de les despeses dels règims de protecció social per tipus (consolidats)	0106040100030014	Classificació de les despeses dels règims de protecció social per tipus (consolidats). 1 Prestacions socials. 11 Prestacions en metàl·lic. 112 Úniques. 1122 Funció Discapacitat	2024	0
2735	Classificació de les despeses dels règims de protecció social per tipus (consolidats)	0106040100030015	Classificació de les despeses dels règims de protecció social per tipus (consolidats). 1 Prestacions socials. 11 Prestacions en metàl·lic. 112 Úniques. 1123 Funció Gent gran	2020	0
2735	Classificació de les despeses dels règims de protecció social per tipus (consolidats)	0106040100030015	Classificació de les despeses dels règims de protecció social per tipus (consolidats). 1 Prestacions socials. 11 Prestacions en metàl·lic. 112 Úniques. 1123 Funció Gent gran	2024	0
2735	Classificació de les despeses dels règims de protecció social per tipus (consolidats)	0106040100030016	Classificació de les despeses dels règims de protecció social per tipus (consolidats). 1 Prestacions socials. 11 Prestacions en metàl·lic. 112 Úniques. 1124 Funció Supervivents	2020	0
2735	Classificació de les despeses dels règims de protecció social per tipus (consolidats)	0106040100030016	Classificació de les despeses dels règims de protecció social per tipus (consolidats). 1 Prestacions socials. 11 Prestacions en metàl·lic. 112 Úniques. 1124 Funció Supervivents	2024	0
2735	Classificació de les despeses dels règims de protecció social per tipus (consolidats)	0106040100030017	Classificació de les despeses dels règims de protecció social per tipus (consolidats). 1 Prestacions socials. 11 Prestacions en metàl·lic. 112 Úniques. 1125 Funció Família-fills	2020	11836811.56
2735	Classificació de les despeses dels règims de protecció social per tipus (consolidats)	0106040100030017	Classificació de les despeses dels règims de protecció social per tipus (consolidats). 1 Prestacions socials. 11 Prestacions en metàl·lic. 112 Úniques. 1125 Funció Família-fills	2024	13588207.6
2735	Classificació de les despeses dels règims de protecció social per tipus (consolidats)	0106040100030018	Classificació de les despeses dels règims de protecció social per tipus (consolidats). 1 Prestacions socials. 11 Prestacions en metàl·lic. 112 Úniques. 1126 Funció Desocupació	2020	0
2735	Classificació de les despeses dels règims de protecció social per tipus (consolidats)	0106040100030018	Classificació de les despeses dels règims de protecció social per tipus (consolidats). 1 Prestacions socials. 11 Prestacions en metàl·lic. 112 Úniques. 1126 Funció Desocupació	2024	0
2735	Classificació de les despeses dels règims de protecció social per tipus (consolidats)	0106040100030019	Classificació de les despeses dels règims de protecció social per tipus (consolidats). 1 Prestacions socials. 11 Prestacions en metàl·lic. 112 Úniques. 1127 Funció Habitatge	2020	0
2735	Classificació de les despeses dels règims de protecció social per tipus (consolidats)	0106040100030019	Classificació de les despeses dels règims de protecció social per tipus (consolidats). 1 Prestacions socials. 11 Prestacions en metàl·lic. 112 Úniques. 1127 Funció Habitatge	2024	0
2735	Classificació de les despeses dels règims de protecció social per tipus (consolidats)	0106040100030020	Classificació de les despeses dels règims de protecció social per tipus (consolidats). 1 Prestacions socials. 11 Prestacions en metàl·lic. 112 Úniques. 1128 Funció Exclusió social nc	2020	0
2735	Classificació de les despeses dels règims de protecció social per tipus (consolidats)	0106040100030020	Classificació de les despeses dels règims de protecció social per tipus (consolidats). 1 Prestacions socials. 11 Prestacions en metàl·lic. 112 Úniques. 1128 Funció Exclusió social nc	2024	0
2735	Classificació de les despeses dels règims de protecció social per tipus (consolidats)	0106040100030021	Classificació de les despeses dels règims de protecció social per tipus (consolidats). 1 Prestacions socials. 12 Prestacions en espècie	2020	4111315.28
2735	Classificació de les despeses dels règims de protecció social per tipus (consolidats)	0106040100030021	Classificació de les despeses dels règims de protecció social per tipus (consolidats). 1 Prestacions socials. 12 Prestacions en espècie	2024	6815830.55
2735	Classificació de les despeses dels règims de protecció social per tipus (consolidats)	0106040100030022	Classificació de les despeses dels règims de protecció social per tipus (consolidats). 1 Prestacions socials. 12 Prestacions en espècie. 121 Funció Malaltia-Salut	2020	229803.48
2735	Classificació de les despeses dels règims de protecció social per tipus (consolidats)	0106040100030022	Classificació de les despeses dels règims de protecció social per tipus (consolidats). 1 Prestacions socials. 12 Prestacions en espècie. 121 Funció Malaltia-Salut	2024	216309.97
2735	Classificació de les despeses dels règims de protecció social per tipus (consolidats)	0106040100030023	Classificació de les despeses dels règims de protecció social per tipus (consolidats). 1 Prestacions socials. 12 Prestacions en espècie. 122 Funció Discapacitat	2020	1267299.32
2735	Classificació de les despeses dels règims de protecció social per tipus (consolidats)	0106040100030023	Classificació de les despeses dels règims de protecció social per tipus (consolidats). 1 Prestacions socials. 12 Prestacions en espècie. 122 Funció Discapacitat	2024	1900930.82
2735	Classificació de les despeses dels règims de protecció social per tipus (consolidats)	0106040100030024	Classificació de les despeses dels règims de protecció social per tipus (consolidats). 1 Prestacions socials. 12 Prestacions en espècie. 123 Funció Gent gran	2020	2302670.21
2735	Classificació de les despeses dels règims de protecció social per tipus (consolidats)	0106040100030024	Classificació de les despeses dels règims de protecció social per tipus (consolidats). 1 Prestacions socials. 12 Prestacions en espècie. 123 Funció Gent gran	2024	4259853.6
2735	Classificació de les despeses dels règims de protecció social per tipus (consolidats)	0106040100030025	Classificació de les despeses dels règims de protecció social per tipus (consolidats). 1 Prestacions socials. 12 Prestacions en espècie. 124 Funció Supervivents	2020	0
2735	Classificació de les despeses dels règims de protecció social per tipus (consolidats)	0106040100030025	Classificació de les despeses dels règims de protecció social per tipus (consolidats). 1 Prestacions socials. 12 Prestacions en espècie. 124 Funció Supervivents	2024	0
2735	Classificació de les despeses dels règims de protecció social per tipus (consolidats)	0106040100030026	Classificació de les despeses dels règims de protecció social per tipus (consolidats). 1 Prestacions socials. 12 Prestacions en espècie. 125 Funció Família-fills	2020	6292.67
2735	Classificació de les despeses dels règims de protecció social per tipus (consolidats)	0106040100030026	Classificació de les despeses dels règims de protecció social per tipus (consolidats). 1 Prestacions socials. 12 Prestacions en espècie. 125 Funció Família-fills	2024	244510.6
2735	Classificació de les despeses dels règims de protecció social per tipus (consolidats)	0106040100030027	Classificació de les despeses dels règims de protecció social per tipus (consolidats). 1 Prestacions socials. 12 Prestacions en espècie. 126 Funció Desocupació	2020	0
2735	Classificació de les despeses dels règims de protecció social per tipus (consolidats)	0106040100030027	Classificació de les despeses dels règims de protecció social per tipus (consolidats). 1 Prestacions socials. 12 Prestacions en espècie. 126 Funció Desocupació	2024	0
2735	Classificació de les despeses dels règims de protecció social per tipus (consolidats)	0106040100030028	Classificació de les despeses dels règims de protecció social per tipus (consolidats). 1 Prestacions socials. 12 Prestacions en espècie. 127 Funció Habitatge	2020	294000
2735	Classificació de les despeses dels règims de protecció social per tipus (consolidats)	0106040100030028	Classificació de les despeses dels règims de protecció social per tipus (consolidats). 1 Prestacions socials. 12 Prestacions en espècie. 127 Funció Habitatge	2024	0
2735	Classificació de les despeses dels règims de protecció social per tipus (consolidats)	0106040100030029	Classificació de les despeses dels règims de protecció social per tipus (consolidats). 1 Prestacions socials. 12 Prestacions en espècie. 128 Funció Exclusió social nc	2020	11249.6
2735	Classificació de les despeses dels règims de protecció social per tipus (consolidats)	0106040100030029	Classificació de les despeses dels règims de protecció social per tipus (consolidats). 1 Prestacions socials. 12 Prestacions en espècie. 128 Funció Exclusió social nc	2024	194225.56
2735	Classificació de les despeses dels règims de protecció social per tipus (consolidats)	0106040100030030	Classificació de les despeses dels règims de protecció social per tipus (consolidats). 2 Despeses d'administració	2020	2096236.27
2735	Classificació de les despeses dels règims de protecció social per tipus (consolidats)	0106040100030030	Classificació de les despeses dels règims de protecció social per tipus (consolidats). 2 Despeses d'administració	2024	31165751.79
2735	Classificació de les despeses dels règims de protecció social per tipus (consolidats)	0106040100030031	Classificació de les despeses dels règims de protecció social per tipus (consolidats). 3 Transferències a altres règims	2020	0
2735	Classificació de les despeses dels règims de protecció social per tipus (consolidats)	0106040100030031	Classificació de les despeses dels règims de protecció social per tipus (consolidats). 3 Transferències a altres règims	2024	0
2735	Classificació de les despeses dels règims de protecció social per tipus (consolidats)	0106040100030032	Classificació de les despeses dels règims de protecció social per tipus (consolidats). 3 Transferències a altres règims. 31 Cotitzacions socials desviades a altres règims	2020	0
2735	Classificació de les despeses dels règims de protecció social per tipus (consolidats)	0106040100030032	Classificació de les despeses dels règims de protecció social per tipus (consolidats). 3 Transferències a altres règims. 31 Cotitzacions socials desviades a altres règims	2024	0
2735	Classificació de les despeses dels règims de protecció social per tipus (consolidats)	0106040100030033	Classificació de les despeses dels règims de protecció social per tipus (consolidats). 3 Transferències a altres règims. 32 Altres transferències a altres règims	2020	0
2735	Classificació de les despeses dels règims de protecció social per tipus (consolidats)	0106040100030033	Classificació de les despeses dels règims de protecció social per tipus (consolidats). 3 Transferències a altres règims. 32 Altres transferències a altres règims	2024	0
2735	Classificació de les despeses dels règims de protecció social per tipus (consolidats)	0106040100030034	Classificació de les despeses dels règims de protecció social per tipus (consolidats). 4 Altres despeses	2020	4827277.91
2735	Classificació de les despeses dels règims de protecció social per tipus (consolidats)	0106040100030034	Classificació de les despeses dels règims de protecció social per tipus (consolidats). 4 Altres despeses	2024	7418629.16
2735	Classificació de les despeses dels règims de protecció social per tipus (consolidats)	0106040100030035	Classificació de les despeses dels règims de protecció social per tipus (consolidats). 4 Altres despeses. 41 Rendes de la propietat	2020	0
2735	Classificació de les despeses dels règims de protecció social per tipus (consolidats)	0106040100030035	Classificació de les despeses dels règims de protecció social per tipus (consolidats). 4 Altres despeses. 41 Rendes de la propietat	2024	0
2735	Classificació de les despeses dels règims de protecció social per tipus (consolidats)	0106040100030036	Classificació de les despeses dels règims de protecció social per tipus (consolidats). 4 Altres despeses. 42 Altres despeses	2020	4827277.91
2735	Classificació de les despeses dels règims de protecció social per tipus (consolidats)	0106040100030036	Classificació de les despeses dels règims de protecció social per tipus (consolidats). 4 Altres despeses. 42 Altres despeses	2024	7418629.16
2736	Classificació de les Prestacions socials dels règims de protecció social per funcions (consolidats)	0106040100040001	Classificació de les Prestacions socials dels règims de protecció social per funcions (consolidats). a) Funció Malaltia-Salut	2020	44860455.37
2736	Classificació de les Prestacions socials dels règims de protecció social per funcions (consolidats)	0106040100040001	Classificació de les Prestacions socials dels règims de protecció social per funcions (consolidats). a) Funció Malaltia-Salut	2024	47721260.93
2736	Classificació de les Prestacions socials dels règims de protecció social per funcions (consolidats)	0106040100040002	Classificació de les Prestacions socials dels règims de protecció social per funcions (consolidats). a) Funció Malaltia-Salut. Prestacions en metàl·lic	2020	44630651.89
2736	Classificació de les Prestacions socials dels règims de protecció social per funcions (consolidats)	0106040100040002	Classificació de les Prestacions socials dels règims de protecció social per funcions (consolidats). a) Funció Malaltia-Salut. Prestacions en metàl·lic	2024	47504950.96
2736	Classificació de les Prestacions socials dels règims de protecció social per funcions (consolidats)	0106040100040005	Classificació de les Prestacions socials dels règims de protecció social per funcions (consolidats). a) Funció Malaltia-Salut. Prestacions en espècie	2020	229803.48
2736	Classificació de les Prestacions socials dels règims de protecció social per funcions (consolidats)	0106040100040005	Classificació de les Prestacions socials dels règims de protecció social per funcions (consolidats). a) Funció Malaltia-Salut. Prestacions en espècie	2024	216309.97
2736	Classificació de les Prestacions socials dels règims de protecció social per funcions (consolidats)	0106040100040014	Classificació de les Prestacions socials dels règims de protecció social per funcions (consolidats). b) Funció Discapacitat	2020	28124812.73
2736	Classificació de les Prestacions socials dels règims de protecció social per funcions (consolidats)	0106040100040014	Classificació de les Prestacions socials dels règims de protecció social per funcions (consolidats). b) Funció Discapacitat	2024	28848048.3
2736	Classificació de les Prestacions socials dels règims de protecció social per funcions (consolidats)	0106040100040015	Classificació de les Prestacions socials dels règims de protecció social per funcions (consolidats). b) Funció Discapacitat. Prestacions en metàl·lic	2020	26857513.41
2736	Classificació de les Prestacions socials dels règims de protecció social per funcions (consolidats)	0106040100040015	Classificació de les Prestacions socials dels règims de protecció social per funcions (consolidats). b) Funció Discapacitat. Prestacions en metàl·lic	2024	26947117.48
2736	Classificació de les Prestacions socials dels règims de protecció social per funcions (consolidats)	0106040100040021	Classificació de les Prestacions socials dels règims de protecció social per funcions (consolidats). b) Funció Discapacitat. Prestacions en espècie	2020	1267299.32
2736	Classificació de les Prestacions socials dels règims de protecció social per funcions (consolidats)	0106040100040021	Classificació de les Prestacions socials dels règims de protecció social per funcions (consolidats). b) Funció Discapacitat. Prestacions en espècie	2024	1900930.82
2736	Classificació de les Prestacions socials dels règims de protecció social per funcions (consolidats)	0106040100040026	Classificació de les Prestacions socials dels règims de protecció social per funcions (consolidats). c) Funció Gent gran	2020	108335191.45
2736	Classificació de les Prestacions socials dels règims de protecció social per funcions (consolidats)	0106040100040026	Classificació de les Prestacions socials dels règims de protecció social per funcions (consolidats). c) Funció Gent gran	2024	172516089.42
2736	Classificació de les Prestacions socials dels règims de protecció social per funcions (consolidats)	0106040100040027	Classificació de les Prestacions socials dels règims de protecció social per funcions (consolidats). c) Funció Gent gran. Prestacions en metàl·lic	2020	106032521.24
2736	Classificació de les Prestacions socials dels règims de protecció social per funcions (consolidats)	0106040100040027	Classificació de les Prestacions socials dels règims de protecció social per funcions (consolidats). c) Funció Gent gran. Prestacions en metàl·lic	2024	168256235.82
2736	Classificació de les Prestacions socials dels règims de protecció social per funcions (consolidats)	0106040100040033	Classificació de les Prestacions socials dels règims de protecció social per funcions (consolidats). c) Funció Gent gran. Prestacions en espècie	2020	2302670.21
2736	Classificació de les Prestacions socials dels règims de protecció social per funcions (consolidats)	0106040100040033	Classificació de les Prestacions socials dels règims de protecció social per funcions (consolidats). c) Funció Gent gran. Prestacions en espècie	2024	4259853.6
2736	Classificació de les Prestacions socials dels règims de protecció social per funcions (consolidats)	0106040100040037	Classificació de les Prestacions socials dels règims de protecció social per funcions (consolidats). d) Funció Supervivents	2020	15873611.74
2736	Classificació de les Prestacions socials dels règims de protecció social per funcions (consolidats)	0106040100040037	Classificació de les Prestacions socials dels règims de protecció social per funcions (consolidats). d) Funció Supervivents	2024	20722761.06
2736	Classificació de les Prestacions socials dels règims de protecció social per funcions (consolidats)	0106040100040038	Classificació de les Prestacions socials dels règims de protecció social per funcions (consolidats). d) Funció Supervivents. Prestacions en metàl·lic	2020	15873611.74
2736	Classificació de les Prestacions socials dels règims de protecció social per funcions (consolidats)	0106040100040038	Classificació de les Prestacions socials dels règims de protecció social per funcions (consolidats). d) Funció Supervivents. Prestacions en metàl·lic	2024	20722761.06
2736	Classificació de les Prestacions socials dels règims de protecció social per funcions (consolidats)	0106040100040042	Classificació de les Prestacions socials dels règims de protecció social per funcions (consolidats). d) Funció Supervivents. Prestacions en espècie	2020	0
2736	Classificació de les Prestacions socials dels règims de protecció social per funcions (consolidats)	0106040100040042	Classificació de les Prestacions socials dels règims de protecció social per funcions (consolidats). d) Funció Supervivents. Prestacions en espècie	2024	0
2736	Classificació de les Prestacions socials dels règims de protecció social per funcions (consolidats)	0106040100040045	Classificació de les Prestacions socials dels règims de protecció social per funcions (consolidats). e) Funció Família-fills	2020	11843104.23
2736	Classificació de les Prestacions socials dels règims de protecció social per funcions (consolidats)	0106040100040045	Classificació de les Prestacions socials dels règims de protecció social per funcions (consolidats). e) Funció Família-fills	2024	13886905.98
2736	Classificació de les Prestacions socials dels règims de protecció social per funcions (consolidats)	0106040100040046	Classificació de les Prestacions socials dels règims de protecció social per funcions (consolidats). e) Funció Família-fills. Prestacions en metàl·lic	2020	11836811.56
2736	Classificació de les Prestacions socials dels règims de protecció social per funcions (consolidats)	0106040100040046	Classificació de les Prestacions socials dels règims de protecció social per funcions (consolidats). e) Funció Família-fills. Prestacions en metàl·lic	2024	13642395.38
2736	Classificació de les Prestacions socials dels règims de protecció social per funcions (consolidats)	0106040100040052	Classificació de les Prestacions socials dels règims de protecció social per funcions (consolidats). e) Funció Família-fills. Prestacions en espècie	2020	6292.67
2736	Classificació de les Prestacions socials dels règims de protecció social per funcions (consolidats)	0106040100040052	Classificació de les Prestacions socials dels règims de protecció social per funcions (consolidats). e) Funció Família-fills. Prestacions en espècie	2024	244510.6
2736	Classificació de les Prestacions socials dels règims de protecció social per funcions (consolidats)	0106040100040057	Classificació de les Prestacions socials dels règims de protecció social per funcions (consolidats). f) Funció Desocupació	2020	2650547.54
2736	Classificació de les Prestacions socials dels règims de protecció social per funcions (consolidats)	0106040100040057	Classificació de les Prestacions socials dels règims de protecció social per funcions (consolidats). f) Funció Desocupació	2024	1273328.34
2736	Classificació de les Prestacions socials dels règims de protecció social per funcions (consolidats)	0106040100040058	Classificació de les Prestacions socials dels règims de protecció social per funcions (consolidats). f) Funció Desocupació. Prestacions en metàl·lic	2020	2650547.54
2736	Classificació de les Prestacions socials dels règims de protecció social per funcions (consolidats)	0106040100040058	Classificació de les Prestacions socials dels règims de protecció social per funcions (consolidats). f) Funció Desocupació. Prestacions en metàl·lic	2024	1273328.34
2736	Classificació de les Prestacions socials dels règims de protecció social per funcions (consolidats)	0106040100040065	Classificació de les Prestacions socials dels règims de protecció social per funcions (consolidats). f) Funció Desocupació. Prestacions en espècie	2020	0
2736	Classificació de les Prestacions socials dels règims de protecció social per funcions (consolidats)	0106040100040065	Classificació de les Prestacions socials dels règims de protecció social per funcions (consolidats). f) Funció Desocupació. Prestacions en espècie	2024	0
2736	Classificació de les Prestacions socials dels règims de protecció social per funcions (consolidats)	0106040100040070	Classificació de les Prestacions socials dels règims de protecció social per funcions (consolidats). g) Funció Habitatge	2020	2149510.26
2736	Classificació de les Prestacions socials dels règims de protecció social per funcions (consolidats)	0106040100040070	Classificació de les Prestacions socials dels règims de protecció social per funcions (consolidats). g) Funció Habitatge	2024	3417331.77
2736	Classificació de les Prestacions socials dels règims de protecció social per funcions (consolidats)	0106040100040071	Classificació de les Prestacions socials dels règims de protecció social per funcions (consolidats). g) Funció Habitatge. Prestacions en metàl·lic	2020	1855510.26
2736	Classificació de les Prestacions socials dels règims de protecció social per funcions (consolidats)	0106040100040071	Classificació de les Prestacions socials dels règims de protecció social per funcions (consolidats). g) Funció Habitatge. Prestacions en metàl·lic	2024	3417331.77
2736	Classificació de les Prestacions socials dels règims de protecció social per funcions (consolidats)	0106040100040072	Classificació de les Prestacions socials dels règims de protecció social per funcions (consolidats). g) Funció Habitatge. Prestacions en espècie	2020	294000
2736	Classificació de les Prestacions socials dels règims de protecció social per funcions (consolidats)	0106040100040072	Classificació de les Prestacions socials dels règims de protecció social per funcions (consolidats). g) Funció Habitatge. Prestacions en espècie	2024	0
2736	Classificació de les Prestacions socials dels règims de protecció social per funcions (consolidats)	0106040100040076	Classificació de les Prestacions socials dels règims de protecció social per funcions (consolidats). h) Funció Exclusió social nc	2020	11249.6
2736	Classificació de les Prestacions socials dels règims de protecció social per funcions (consolidats)	0106040100040076	Classificació de les Prestacions socials dels règims de protecció social per funcions (consolidats). h) Funció Exclusió social nc	2024	194225.56
2736	Classificació de les Prestacions socials dels règims de protecció social per funcions (consolidats)	0106040100040077	Classificació de les Prestacions socials dels règims de protecció social per funcions (consolidats). h) Funció Exclusió social nc. Prestacions en metàl·lic	2020	0
2736	Classificació de les Prestacions socials dels règims de protecció social per funcions (consolidats)	0106040100040077	Classificació de les Prestacions socials dels règims de protecció social per funcions (consolidats). h) Funció Exclusió social nc. Prestacions en metàl·lic	2024	0
2736	Classificació de les Prestacions socials dels règims de protecció social per funcions (consolidats)	0106040100040080	Classificació de les Prestacions socials dels règims de protecció social per funcions (consolidats). h) Funció Exclusió social nc. Prestacions en espècie	2020	11249.6
2736	Classificació de les Prestacions socials dels règims de protecció social per funcions (consolidats)	0106040100040080	Classificació de les Prestacions socials dels règims de protecció social per funcions (consolidats). h) Funció Exclusió social nc. Prestacions en espècie	2024	194225.56
2737	Classificació dels ingressos dels règims de protecció social per sectors institucionals  (S	0106040200010001	Classificació dels ingressos dels règims de protecció social per sectors institucionals  (S.11 Societats no financeres i S.15 Inst. sense finalitat de lucre al servei de les llars). 1 Totes les unitats institucionals residents	2020	1679166.45
2737	Classificació dels ingressos dels règims de protecció social per sectors institucionals  (S	0106040200010001	Classificació dels ingressos dels règims de protecció social per sectors institucionals  (S.11 Societats no financeres i S.15 Inst. sense finalitat de lucre al servei de les llars). 1 Totes les unitats institucionals residents	2024	4764201.59
2737	Classificació dels ingressos dels règims de protecció social per sectors institucionals  (S	0106040200010002	Classificació dels ingressos dels règims de protecció social per sectors institucionals  (S.11 Societats no financeres i S.15 Inst. sense finalitat de lucre al servei de les llars). 1 Totes les unitats institucionals residents. 11 Empreses (no financeres i financeres)	2020	1098822.15
2737	Classificació dels ingressos dels règims de protecció social per sectors institucionals  (S	0106040200010002	Classificació dels ingressos dels règims de protecció social per sectors institucionals  (S.11 Societats no financeres i S.15 Inst. sense finalitat de lucre al servei de les llars). 1 Totes les unitats institucionals residents. 11 Empreses (no financeres i financeres)	2024	2522048
2737	Classificació dels ingressos dels règims de protecció social per sectors institucionals  (S	0106040200010008	Classificació dels ingressos dels règims de protecció social per sectors institucionals  (S.11 Societats no financeres i S.15 Inst. sense finalitat de lucre al servei de les llars). 1 Totes les unitats institucionals residents. 14 Institucions sense ànim de lucre al servei de les llars	2020	580344.3
2737	Classificació dels ingressos dels règims de protecció social per sectors institucionals  (S	0106040200010008	Classificació dels ingressos dels règims de protecció social per sectors institucionals  (S.11 Societats no financeres i S.15 Inst. sense finalitat de lucre al servei de les llars). 1 Totes les unitats institucionals residents. 14 Institucions sense ànim de lucre al servei de les llars	2024	2242153.59
2737	Classificació dels ingressos dels règims de protecció social per sectors institucionals  (S	0106040200010009	Classificació dels ingressos dels règims de protecció social per sectors institucionals  (S.11 Societats no financeres i S.15 Inst. sense finalitat de lucre al servei de les llars). 2 Resta del món	2020	0
2737	Classificació dels ingressos dels règims de protecció social per sectors institucionals  (S	0106040200010009	Classificació dels ingressos dels règims de protecció social per sectors institucionals  (S.11 Societats no financeres i S.15 Inst. sense finalitat de lucre al servei de les llars). 2 Resta del món	2024	0
2738	Classificació dels ingressos dels règims de protecció social per tipus (S	0106040200020001	Classificació dels ingressos dels règims de protecció social per tipus (S.11 Societats no financeres i S.15 Inst. sense finalitat de lucre al servei de les llars). 1 Cotitzacions socials	2020	0
2738	Classificació dels ingressos dels règims de protecció social per tipus (S	0106040200020001	Classificació dels ingressos dels règims de protecció social per tipus (S.11 Societats no financeres i S.15 Inst. sense finalitat de lucre al servei de les llars). 1 Cotitzacions socials	2024	0
2738	Classificació dels ingressos dels règims de protecció social per tipus (S	0106040200020015	Classificació dels ingressos dels règims de protecció social per tipus (S.11 Societats no financeres i S.15 Inst. sense finalitat de lucre al servei de les llars). 2 Cotitzacions (aportacions) de les administracions públiques	2020	0
2738	Classificació dels ingressos dels règims de protecció social per tipus (S	0106040200020015	Classificació dels ingressos dels règims de protecció social per tipus (S.11 Societats no financeres i S.15 Inst. sense finalitat de lucre al servei de les llars). 2 Cotitzacions (aportacions) de les administracions públiques	2024	0
2738	Classificació dels ingressos dels règims de protecció social per tipus (S	0106040200020018	Classificació dels ingressos dels règims de protecció social per tipus (S.11 Societats no financeres i S.15 Inst. sense finalitat de lucre al servei de les llars). 3 Transferències d'altres règims	2020	0
2738	Classificació dels ingressos dels règims de protecció social per tipus (S	0106040200020018	Classificació dels ingressos dels règims de protecció social per tipus (S.11 Societats no financeres i S.15 Inst. sense finalitat de lucre al servei de les llars). 3 Transferències d'altres règims	2024	0
2738	Classificació dels ingressos dels règims de protecció social per tipus (S	0106040200020021	Classificació dels ingressos dels règims de protecció social per tipus (S.11 Societats no financeres i S.15 Inst. sense finalitat de lucre al servei de les llars). 4 Altres ingressos	2020	1679166.45
2738	Classificació dels ingressos dels règims de protecció social per tipus (S	0106040200020021	Classificació dels ingressos dels règims de protecció social per tipus (S.11 Societats no financeres i S.15 Inst. sense finalitat de lucre al servei de les llars). 4 Altres ingressos	2024	4764201.59
2738	Classificació dels ingressos dels règims de protecció social per tipus (S	0106040200020023	Classificació dels ingressos dels règims de protecció social per tipus (S.11 Societats no financeres i S.15 Inst. sense finalitat de lucre al servei de les llars). 4 Altres ingressos. 42 Altres ingressos	2020	1679166.45
2738	Classificació dels ingressos dels règims de protecció social per tipus (S	0106040200020023	Classificació dels ingressos dels règims de protecció social per tipus (S.11 Societats no financeres i S.15 Inst. sense finalitat de lucre al servei de les llars). 4 Altres ingressos. 42 Altres ingressos	2024	4764201.59
2739	Classificació de les despeses dels règims de protecció social per tipus (S	0106040200030001	Classificació de les despeses dels règims de protecció social per tipus (S.11 Societats no financeres i S.15 Inst. sense finalitat de lucre al servei de les llars). 1 Prestacions socials	2020	1679166.45
2739	Classificació de les despeses dels règims de protecció social per tipus (S	0106040200030001	Classificació de les despeses dels règims de protecció social per tipus (S.11 Societats no financeres i S.15 Inst. sense finalitat de lucre al servei de les llars). 1 Prestacions socials	2024	4764201.59
2739	Classificació de les despeses dels règims de protecció social per tipus (S	0106040200030021	Classificació de les despeses dels règims de protecció social per tipus (S.11 Societats no financeres i S.15 Inst. sense finalitat de lucre al servei de les llars). 1 Prestacions socials. 12 Prestacions en espècie	2020	1679166.45
2739	Classificació de les despeses dels règims de protecció social per tipus (S	0106040200030021	Classificació de les despeses dels règims de protecció social per tipus (S.11 Societats no financeres i S.15 Inst. sense finalitat de lucre al servei de les llars). 1 Prestacions socials. 12 Prestacions en espècie	2024	4764201.59
2739	Classificació de les despeses dels règims de protecció social per tipus (S	0106040200030030	Classificació de les despeses dels règims de protecció social per tipus (S.11 Societats no financeres i S.15 Inst. sense finalitat de lucre al servei de les llars). 2 Despeses d'administració	2020	0
2739	Classificació de les despeses dels règims de protecció social per tipus (S	0106040200030030	Classificació de les despeses dels règims de protecció social per tipus (S.11 Societats no financeres i S.15 Inst. sense finalitat de lucre al servei de les llars). 2 Despeses d'administració	2024	0
2739	Classificació de les despeses dels règims de protecció social per tipus (S	0106040200030031	Classificació de les despeses dels règims de protecció social per tipus (S.11 Societats no financeres i S.15 Inst. sense finalitat de lucre al servei de les llars). 3 Transferències a altres règims	2020	0
2739	Classificació de les despeses dels règims de protecció social per tipus (S	0106040200030031	Classificació de les despeses dels règims de protecció social per tipus (S.11 Societats no financeres i S.15 Inst. sense finalitat de lucre al servei de les llars). 3 Transferències a altres règims	2024	0
2739	Classificació de les despeses dels règims de protecció social per tipus (S	0106040200030034	Classificació de les despeses dels règims de protecció social per tipus (S.11 Societats no financeres i S.15 Inst. sense finalitat de lucre al servei de les llars). 4 Altres despeses	2020	0
2739	Classificació de les despeses dels règims de protecció social per tipus (S	0106040200030034	Classificació de les despeses dels règims de protecció social per tipus (S.11 Societats no financeres i S.15 Inst. sense finalitat de lucre al servei de les llars). 4 Altres despeses	2024	0
2741	Classificació dels ingressos dels règims de protecció social per sectors institucionals  (S	0106040300010001	Classificació dels ingressos dels règims de protecció social per sectors institucionals  (S.1311a Administració central). 1 Totes les unitats institucionals residents	2020	56425419.48
2741	Classificació dels ingressos dels règims de protecció social per sectors institucionals  (S	0106040300010001	Classificació dels ingressos dels règims de protecció social per sectors institucionals  (S.1311a Administració central). 1 Totes les unitats institucionals residents	2024	89401289.43
2741	Classificació dels ingressos dels règims de protecció social per sectors institucionals  (S	0106040300010002	Classificació dels ingressos dels règims de protecció social per sectors institucionals  (S.1311a Administració central). 1 Totes les unitats institucionals residents. 11 Empreses (no financeres i financeres)	2020	0
2741	Classificació dels ingressos dels règims de protecció social per sectors institucionals  (S	0106040300010002	Classificació dels ingressos dels règims de protecció social per sectors institucionals  (S.1311a Administració central). 1 Totes les unitats institucionals residents. 11 Empreses (no financeres i financeres)	2024	0
2741	Classificació dels ingressos dels règims de protecció social per sectors institucionals  (S	0106040300010003	Classificació dels ingressos dels règims de protecció social per sectors institucionals  (S.1311a Administració central). 1 Totes les unitats institucionals residents. 12 Administracions públiques	2020	56425419.48
2741	Classificació dels ingressos dels règims de protecció social per sectors institucionals  (S	0106040300010003	Classificació dels ingressos dels règims de protecció social per sectors institucionals  (S.1311a Administració central). 1 Totes les unitats institucionals residents. 12 Administracions públiques	2024	89401289.43
2741	Classificació dels ingressos dels règims de protecció social per sectors institucionals  (S	0106040300010004	Classificació dels ingressos dels règims de protecció social per sectors institucionals  (S.1311a Administració central). 1 Totes les unitats institucionals residents. 12 Administracions públiques. 121 Administració central	2020	56425419.48
2741	Classificació dels ingressos dels règims de protecció social per sectors institucionals  (S	0106040300010004	Classificació dels ingressos dels règims de protecció social per sectors institucionals  (S.1311a Administració central). 1 Totes les unitats institucionals residents. 12 Administracions públiques. 121 Administració central	2024	89401289.43
2741	Classificació dels ingressos dels règims de protecció social per sectors institucionals  (S	0106040300010007	Classificació dels ingressos dels règims de protecció social per sectors institucionals  (S.1311a Administració central). 1 Totes les unitats institucionals residents. 13 Llars	2020	0
2741	Classificació dels ingressos dels règims de protecció social per sectors institucionals  (S	0106040300010007	Classificació dels ingressos dels règims de protecció social per sectors institucionals  (S.1311a Administració central). 1 Totes les unitats institucionals residents. 13 Llars	2024	0
2741	Classificació dels ingressos dels règims de protecció social per sectors institucionals  (S	0106040300010008	Classificació dels ingressos dels règims de protecció social per sectors institucionals  (S.1311a Administració central). 1 Totes les unitats institucionals residents. 14 Institucions sense ànim de lucre al servei de les llars	2020	0
2741	Classificació dels ingressos dels règims de protecció social per sectors institucionals  (S	0106040300010008	Classificació dels ingressos dels règims de protecció social per sectors institucionals  (S.1311a Administració central). 1 Totes les unitats institucionals residents. 14 Institucions sense ànim de lucre al servei de les llars	2024	0
2741	Classificació dels ingressos dels règims de protecció social per sectors institucionals  (S	0106040300010009	Classificació dels ingressos dels règims de protecció social per sectors institucionals  (S.1311a Administració central). 2 Resta del món	2020	0
2741	Classificació dels ingressos dels règims de protecció social per sectors institucionals  (S	0106040300010009	Classificació dels ingressos dels règims de protecció social per sectors institucionals  (S.1311a Administració central). 2 Resta del món	2024	0
2742	Classificació dels ingressos dels règims de protecció social per tipus (S	0106040300020001	Classificació dels ingressos dels règims de protecció social per tipus (S.1311a Administració central). 1 Cotitzacions socials	2020	0
2742	Classificació dels ingressos dels règims de protecció social per tipus (S	0106040300020001	Classificació dels ingressos dels règims de protecció social per tipus (S.1311a Administració central). 1 Cotitzacions socials	2024	19207966.92
2742	Classificació dels ingressos dels règims de protecció social per tipus (S	0106040300020015	Classificació dels ingressos dels règims de protecció social per tipus (S.1311a Administració central). 2 Cotitzacions (aportacions) de les administracions públiques	2020	56425419.48
2742	Classificació dels ingressos dels règims de protecció social per tipus (S	0106040300020015	Classificació dels ingressos dels règims de protecció social per tipus (S.1311a Administració central). 2 Cotitzacions (aportacions) de les administracions públiques	2024	70193322.51
2742	Classificació dels ingressos dels règims de protecció social per tipus (S	0106040300020017	Classificació dels ingressos dels règims de protecció social per tipus (S.1311a Administració central). 2 Cotitzacions (aportacions) de les administracions públiques. 22 Ingressos generals	2020	56425419.48
2742	Classificació dels ingressos dels règims de protecció social per tipus (S	0106040300020017	Classificació dels ingressos dels règims de protecció social per tipus (S.1311a Administració central). 2 Cotitzacions (aportacions) de les administracions públiques. 22 Ingressos generals	2024	70193322.51
2742	Classificació dels ingressos dels règims de protecció social per tipus (S	0106040300020018	Classificació dels ingressos dels règims de protecció social per tipus (S.1311a Administració central). 3 Transferències d'altres règims	2020	0
2742	Classificació dels ingressos dels règims de protecció social per tipus (S	0106040300020018	Classificació dels ingressos dels règims de protecció social per tipus (S.1311a Administració central). 3 Transferències d'altres règims	2024	0
2742	Classificació dels ingressos dels règims de protecció social per tipus (S	0106040300020021	Classificació dels ingressos dels règims de protecció social per tipus (S.1311a Administració central). 4 Altres ingressos	2020	0
2742	Classificació dels ingressos dels règims de protecció social per tipus (S	0106040300020021	Classificació dels ingressos dels règims de protecció social per tipus (S.1311a Administració central). 4 Altres ingressos	2024	0
2743	Classificació de les despeses dels règims de protecció social per tipus (S	0106040300030001	Classificació de les despeses dels règims de protecció social per tipus (S.1311a Administració central). 1 Prestacions socials	2020	28412274.4
2743	Classificació de les despeses dels règims de protecció social per tipus (S	0106040300030001	Classificació de les despeses dels règims de protecció social per tipus (S.1311a Administració central). 1 Prestacions socials	2024	38151802.48
2743	Classificació de les despeses dels règims de protecció social per tipus (S	0106040300030002	Classificació de les despeses dels règims de protecció social per tipus (S.1311a Administració central). 1 Prestacions socials. 11 Prestacions en metàl·lic	2020	24613172.15
2743	Classificació de les despeses dels règims de protecció social per tipus (S	0106040300030002	Classificació de les despeses dels règims de protecció social per tipus (S.1311a Administració central). 1 Prestacions socials. 11 Prestacions en metàl·lic	2024	31748632.2
2743	Classificació de les despeses dels règims de protecció social per tipus (S	0106040300030003	Classificació de les despeses dels règims de protecció social per tipus (S.1311a Administració central). 1 Prestacions socials. 11 Prestacions en metàl·lic. 111 Periòdiques	2020	18300521.76
2743	Classificació de les despeses dels règims de protecció social per tipus (S	0106040300030003	Classificació de les despeses dels règims de protecció social per tipus (S.1311a Administració central). 1 Prestacions socials. 11 Prestacions en metàl·lic. 111 Periòdiques	2024	23740581.1
2743	Classificació de les despeses dels règims de protecció social per tipus (S	0106040300030004	Classificació de les despeses dels règims de protecció social per tipus (S.1311a Administració central). 1 Prestacions socials. 11 Prestacions en metàl·lic. 111 Periòdiques. 1111 Funció Malaltia-Salut	2020	0
2743	Classificació de les despeses dels règims de protecció social per tipus (S	0106040300030004	Classificació de les despeses dels règims de protecció social per tipus (S.1311a Administració central). 1 Prestacions socials. 11 Prestacions en metàl·lic. 111 Periòdiques. 1111 Funció Malaltia-Salut	2024	0
2743	Classificació de les despeses dels règims de protecció social per tipus (S	0106040300030005	Classificació de les despeses dels règims de protecció social per tipus (S.1311a Administració central). 1 Prestacions socials. 11 Prestacions en metàl·lic. 111 Periòdiques. 1112 Funció Discapacitat	2020	191636.14
2743	Classificació de les despeses dels règims de protecció social per tipus (S	0106040300030005	Classificació de les despeses dels règims de protecció social per tipus (S.1311a Administració central). 1 Prestacions socials. 11 Prestacions en metàl·lic. 111 Periòdiques. 1112 Funció Discapacitat	2024	190613.02
2743	Classificació de les despeses dels règims de protecció social per tipus (S	0106040300030006	Classificació de les despeses dels règims de protecció social per tipus (S.1311a Administració central). 1 Prestacions socials. 11 Prestacions en metàl·lic. 111 Periòdiques. 1113 Funció Gent gran	2020	13472662.23
2743	Classificació de les despeses dels règims de protecció social per tipus (S	0106040300030006	Classificació de les despeses dels règims de protecció social per tipus (S.1311a Administració central). 1 Prestacions socials. 11 Prestacions en metàl·lic. 111 Periòdiques. 1113 Funció Gent gran	2024	19207966.92
2743	Classificació de les despeses dels règims de protecció social per tipus (S	0106040300030007	Classificació de les despeses dels règims de protecció social per tipus (S.1311a Administració central). 1 Prestacions socials. 11 Prestacions en metàl·lic. 111 Periòdiques. 1114 Funció Supervivents	2020	0
2743	Classificació de les despeses dels règims de protecció social per tipus (S	0106040300030007	Classificació de les despeses dels règims de protecció social per tipus (S.1311a Administració central). 1 Prestacions socials. 11 Prestacions en metàl·lic. 111 Periòdiques. 1114 Funció Supervivents	2024	127166.05
2743	Classificació de les despeses dels règims de protecció social per tipus (S	0106040300030008	Classificació de les despeses dels règims de protecció social per tipus (S.1311a Administració central). 1 Prestacions socials. 11 Prestacions en metàl·lic. 111 Periòdiques. 1115 Funció Família-fills	2020	0
2743	Classificació de les despeses dels règims de protecció social per tipus (S	0106040300030008	Classificació de les despeses dels règims de protecció social per tipus (S.1311a Administració central). 1 Prestacions socials. 11 Prestacions en metàl·lic. 111 Periòdiques. 1115 Funció Família-fills	2024	0
2743	Classificació de les despeses dels règims de protecció social per tipus (S	0106040300030009	Classificació de les despeses dels règims de protecció social per tipus (S.1311a Administració central). 1 Prestacions socials. 11 Prestacions en metàl·lic. 111 Periòdiques. 1116 Funció Desocupació	2020	2650547.54
2743	Classificació de les despeses dels règims de protecció social per tipus (S	0106040300030009	Classificació de les despeses dels règims de protecció social per tipus (S.1311a Administració central). 1 Prestacions socials. 11 Prestacions en metàl·lic. 111 Periòdiques. 1116 Funció Desocupació	2024	1273328.34
2743	Classificació de les despeses dels règims de protecció social per tipus (S	0106040300030010	Classificació de les despeses dels règims de protecció social per tipus (S.1311a Administració central). 1 Prestacions socials. 11 Prestacions en metàl·lic. 111 Periòdiques. 1117 Funció Habitatge	2020	1855510.26
2743	Classificació de les despeses dels règims de protecció social per tipus (S	0106040300030010	Classificació de les despeses dels règims de protecció social per tipus (S.1311a Administració central). 1 Prestacions socials. 11 Prestacions en metàl·lic. 111 Periòdiques. 1117 Funció Habitatge	2024	2941506.77
2743	Classificació de les despeses dels règims de protecció social per tipus (S	0106040300030011	Classificació de les despeses dels règims de protecció social per tipus (S.1311a Administració central). 1 Prestacions socials. 11 Prestacions en metàl·lic. 111 Periòdiques. 1118 Funció Exclusió social nc	2020	0
2743	Classificació de les despeses dels règims de protecció social per tipus (S	0106040300030011	Classificació de les despeses dels règims de protecció social per tipus (S.1311a Administració central). 1 Prestacions socials. 11 Prestacions en metàl·lic. 111 Periòdiques. 1118 Funció Exclusió social nc	2024	0
2743	Classificació de les despeses dels règims de protecció social per tipus (S	0106040300030012	Classificació de les despeses dels règims de protecció social per tipus (S.1311a Administració central). 1 Prestacions socials. 11 Prestacions en metàl·lic. 112 Úniques	2020	6312650.39
2743	Classificació de les despeses dels règims de protecció social per tipus (S	0106040300030012	Classificació de les despeses dels règims de protecció social per tipus (S.1311a Administració central). 1 Prestacions socials. 11 Prestacions en metàl·lic. 112 Úniques	2024	8008051.1
2743	Classificació de les despeses dels règims de protecció social per tipus (S	0106040300030013	Classificació de les despeses dels règims de protecció social per tipus (S.1311a Administració central). 1 Prestacions socials. 11 Prestacions en metàl·lic. 112 Úniques. 1121 Funció Malaltia-Salut	2020	0
2743	Classificació de les despeses dels règims de protecció social per tipus (S	0106040300030013	Classificació de les despeses dels règims de protecció social per tipus (S.1311a Administració central). 1 Prestacions socials. 11 Prestacions en metàl·lic. 112 Úniques. 1121 Funció Malaltia-Salut	2024	0
2743	Classificació de les despeses dels règims de protecció social per tipus (S	0106040300030014	Classificació de les despeses dels règims de protecció social per tipus (S.1311a Administració central). 1 Prestacions socials. 11 Prestacions en metàl·lic. 112 Úniques. 1122 Funció Discapacitat	2020	0
2743	Classificació de les despeses dels règims de protecció social per tipus (S	0106040300030014	Classificació de les despeses dels règims de protecció social per tipus (S.1311a Administració central). 1 Prestacions socials. 11 Prestacions en metàl·lic. 112 Úniques. 1122 Funció Discapacitat	2024	0
2743	Classificació de les despeses dels règims de protecció social per tipus (S	0106040300030015	Classificació de les despeses dels règims de protecció social per tipus (S.1311a Administració central). 1 Prestacions socials. 11 Prestacions en metàl·lic. 112 Úniques. 1123 Funció Gent gran	2020	0
2743	Classificació de les despeses dels règims de protecció social per tipus (S	0106040300030015	Classificació de les despeses dels règims de protecció social per tipus (S.1311a Administració central). 1 Prestacions socials. 11 Prestacions en metàl·lic. 112 Úniques. 1123 Funció Gent gran	2024	0
2743	Classificació de les despeses dels règims de protecció social per tipus (S	0106040300030016	Classificació de les despeses dels règims de protecció social per tipus (S.1311a Administració central). 1 Prestacions socials. 11 Prestacions en metàl·lic. 112 Úniques. 1124 Funció Supervivents	2020	0
2743	Classificació de les despeses dels règims de protecció social per tipus (S	0106040300030016	Classificació de les despeses dels règims de protecció social per tipus (S.1311a Administració central). 1 Prestacions socials. 11 Prestacions en metàl·lic. 112 Úniques. 1124 Funció Supervivents	2024	0
2743	Classificació de les despeses dels règims de protecció social per tipus (S	0106040300030017	Classificació de les despeses dels règims de protecció social per tipus (S.1311a Administració central). 1 Prestacions socials. 11 Prestacions en metàl·lic. 112 Úniques. 1125 Funció Família-fills	2020	6312650.39
2743	Classificació de les despeses dels règims de protecció social per tipus (S	0106040300030017	Classificació de les despeses dels règims de protecció social per tipus (S.1311a Administració central). 1 Prestacions socials. 11 Prestacions en metàl·lic. 112 Úniques. 1125 Funció Família-fills	2024	8008051.1
2743	Classificació de les despeses dels règims de protecció social per tipus (S	0106040300030018	Classificació de les despeses dels règims de protecció social per tipus (S.1311a Administració central). 1 Prestacions socials. 11 Prestacions en metàl·lic. 112 Úniques. 1126 Funció Desocupació	2020	0
2743	Classificació de les despeses dels règims de protecció social per tipus (S	0106040300030018	Classificació de les despeses dels règims de protecció social per tipus (S.1311a Administració central). 1 Prestacions socials. 11 Prestacions en metàl·lic. 112 Úniques. 1126 Funció Desocupació	2024	0
2743	Classificació de les despeses dels règims de protecció social per tipus (S	0106040300030019	Classificació de les despeses dels règims de protecció social per tipus (S.1311a Administració central). 1 Prestacions socials. 11 Prestacions en metàl·lic. 112 Úniques. 1127 Funció Habitatge	2020	0
2743	Classificació de les despeses dels règims de protecció social per tipus (S	0106040300030019	Classificació de les despeses dels règims de protecció social per tipus (S.1311a Administració central). 1 Prestacions socials. 11 Prestacions en metàl·lic. 112 Úniques. 1127 Funció Habitatge	2024	0
2743	Classificació de les despeses dels règims de protecció social per tipus (S	0106040300030020	Classificació de les despeses dels règims de protecció social per tipus (S.1311a Administració central). 1 Prestacions socials. 11 Prestacions en metàl·lic. 112 Úniques. 1128 Funció Exclusió social nc	2020	0
2743	Classificació de les despeses dels règims de protecció social per tipus (S	0106040300030020	Classificació de les despeses dels règims de protecció social per tipus (S.1311a Administració central). 1 Prestacions socials. 11 Prestacions en metàl·lic. 112 Úniques. 1128 Funció Exclusió social nc	2024	0
2743	Classificació de les despeses dels règims de protecció social per tipus (S	0106040300030021	Classificació de les despeses dels règims de protecció social per tipus (S.1311a Administració central). 1 Prestacions socials. 12 Prestacions en espècie	2020	3799102.25
2743	Classificació de les despeses dels règims de protecció social per tipus (S	0106040300030021	Classificació de les despeses dels règims de protecció social per tipus (S.1311a Administració central). 1 Prestacions socials. 12 Prestacions en espècie	2024	6403170.28
2743	Classificació de les despeses dels règims de protecció social per tipus (S	0106040300030022	Classificació de les despeses dels règims de protecció social per tipus (S.1311a Administració central). 1 Prestacions socials. 12 Prestacions en espècie. 121 Funció Malaltia-Salut	2020	229803.48
2743	Classificació de les despeses dels règims de protecció social per tipus (S	0106040300030022	Classificació de les despeses dels règims de protecció social per tipus (S.1311a Administració central). 1 Prestacions socials. 12 Prestacions en espècie. 121 Funció Malaltia-Salut	2024	216309.97
2743	Classificació de les despeses dels règims de protecció social per tipus (S	0106040300030023	Classificació de les despeses dels règims de protecció social per tipus (S.1311a Administració central). 1 Prestacions socials. 12 Prestacions en espècie. 122 Funció Discapacitat	2020	1257331.56
2743	Classificació de les despeses dels règims de protecció social per tipus (S	0106040300030023	Classificació de les despeses dels règims de protecció social per tipus (S.1311a Administració central). 1 Prestacions socials. 12 Prestacions en espècie. 122 Funció Discapacitat	2024	1876488.93
2743	Classificació de les despeses dels règims de protecció social per tipus (S	0106040300030024	Classificació de les despeses dels règims de protecció social per tipus (S.1311a Administració central). 1 Prestacions socials. 12 Prestacions en espècie. 123 Funció Gent gran	2020	2294424.94
2743	Classificació de les despeses dels règims de protecció social per tipus (S	0106040300030024	Classificació de les despeses dels règims de protecció social per tipus (S.1311a Administració central). 1 Prestacions socials. 12 Prestacions en espècie. 123 Funció Gent gran	2024	4220819.89
2743	Classificació de les despeses dels règims de protecció social per tipus (S	0106040300030025	Classificació de les despeses dels règims de protecció social per tipus (S.1311a Administració central). 1 Prestacions socials. 12 Prestacions en espècie. 124 Funció Supervivents	2020	0
2743	Classificació de les despeses dels règims de protecció social per tipus (S	0106040300030025	Classificació de les despeses dels règims de protecció social per tipus (S.1311a Administració central). 1 Prestacions socials. 12 Prestacions en espècie. 124 Funció Supervivents	2024	0
2743	Classificació de les despeses dels règims de protecció social per tipus (S	0106040300030026	Classificació de les despeses dels règims de protecció social per tipus (S.1311a Administració central). 1 Prestacions socials. 12 Prestacions en espècie. 125 Funció Família-fills	2020	6292.67
2743	Classificació de les despeses dels règims de protecció social per tipus (S	0106040300030026	Classificació de les despeses dels règims de protecció social per tipus (S.1311a Administració central). 1 Prestacions socials. 12 Prestacions en espècie. 125 Funció Família-fills	2024	19414
2743	Classificació de les despeses dels règims de protecció social per tipus (S	0106040300030027	Classificació de les despeses dels règims de protecció social per tipus (S.1311a Administració central). 1 Prestacions socials. 12 Prestacions en espècie. 126 Funció Desocupació	2020	0
2743	Classificació de les despeses dels règims de protecció social per tipus (S	0106040300030027	Classificació de les despeses dels règims de protecció social per tipus (S.1311a Administració central). 1 Prestacions socials. 12 Prestacions en espècie. 126 Funció Desocupació	2024	70137.49
2743	Classificació de les despeses dels règims de protecció social per tipus (S	0106040300030028	Classificació de les despeses dels règims de protecció social per tipus (S.1311a Administració central). 1 Prestacions socials. 12 Prestacions en espècie. 127 Funció Habitatge	2020	0
2743	Classificació de les despeses dels règims de protecció social per tipus (S	0106040300030028	Classificació de les despeses dels règims de protecció social per tipus (S.1311a Administració central). 1 Prestacions socials. 12 Prestacions en espècie. 127 Funció Habitatge	2024	26154043.47
2743	Classificació de les despeses dels règims de protecció social per tipus (S	0106040300030029	Classificació de les despeses dels règims de protecció social per tipus (S.1311a Administració central). 1 Prestacions socials. 12 Prestacions en espècie. 128 Funció Exclusió social nc	2020	11249.6
2743	Classificació de les despeses dels règims de protecció social per tipus (S	0106040300030029	Classificació de les despeses dels règims de protecció social per tipus (S.1311a Administració central). 1 Prestacions socials. 12 Prestacions en espècie. 128 Funció Exclusió social nc	2024	0
2743	Classificació de les despeses dels règims de protecció social per tipus (S	0106040300030030	Classificació de les despeses dels règims de protecció social per tipus (S.1311a Administració central). 2 Despeses d'administració	2020	815442.52
2743	Classificació de les despeses dels règims de protecció social per tipus (S	0106040300030030	Classificació de les despeses dels règims de protecció social per tipus (S.1311a Administració central). 2 Despeses d'administració	2024	18827824
2743	Classificació de les despeses dels règims de protecció social per tipus (S	0106040300030031	Classificació de les despeses dels règims de protecció social per tipus (S.1311a Administració central). 3 Transferències a altres règims	2020	23578769.43
2743	Classificació de les despeses dels règims de protecció social per tipus (S	0106040300030031	Classificació de les despeses dels règims de protecció social per tipus (S.1311a Administració central). 3 Transferències a altres règims	2024	7923073.92
2743	Classificació de les despeses dels règims de protecció social per tipus (S	0106040300030033	Classificació de les despeses dels règims de protecció social per tipus (S.1311a Administració central). 3 Transferències a altres règims. 32 Altres transferències a altres règims	2020	23578769.43
2743	Classificació de les despeses dels règims de protecció social per tipus (S	0106040300030033	Classificació de les despeses dels règims de protecció social per tipus (S.1311a Administració central). 3 Transferències a altres règims. 32 Altres transferències a altres règims	2024	10904750.08
2743	Classificació de les despeses dels règims de protecció social per tipus (S	0106040300030034	Classificació de les despeses dels règims de protecció social per tipus (S.1311a Administració central). 4 Altres despeses	2020	3618933.13
2743	Classificació de les despeses dels règims de protecció social per tipus (S	0106040300030034	Classificació de les despeses dels règims de protecció social per tipus (S.1311a Administració central). 4 Altres despeses	2024	6267619.48
2743	Classificació de les despeses dels règims de protecció social per tipus (S	0106040300030035	Classificació de les despeses dels règims de protecció social per tipus (S.1311a Administració central). 4 Altres despeses. 41 Rendes de la propietat	2020	0
2743	Classificació de les despeses dels règims de protecció social per tipus (S	0106040300030035	Classificació de les despeses dels règims de protecció social per tipus (S.1311a Administració central). 4 Altres despeses. 41 Rendes de la propietat	2024	0
2743	Classificació de les despeses dels règims de protecció social per tipus (S	0106040300030036	Classificació de les despeses dels règims de protecció social per tipus (S.1311a Administració central). 4 Altres despeses. 42 Altres despeses	2020	3618933.13
2743	Classificació de les despeses dels règims de protecció social per tipus (S	0106040300030036	Classificació de les despeses dels règims de protecció social per tipus (S.1311a Administració central). 4 Altres despeses. 42 Altres despeses	2024	6267619.48
2744	Classificació de les despeses dels règims de protecció social per funcions (S	0106040300040001	Classificació de les despeses dels règims de protecció social per funcions (S.1311a Administració central). a) Funció Malaltia-Salut	2020	229803.48
2744	Classificació de les despeses dels règims de protecció social per funcions (S	0106040300040001	Classificació de les despeses dels règims de protecció social per funcions (S.1311a Administració central). a) Funció Malaltia-Salut	2024	216309.97
2744	Classificació de les despeses dels règims de protecció social per funcions (S	0106040300040002	Classificació de les despeses dels règims de protecció social per funcions (S.1311a Administració central). a) Funció Malaltia-Salut. Prestacions en metàl·lic	2020	0
2744	Classificació de les despeses dels règims de protecció social per funcions (S	0106040300040002	Classificació de les despeses dels règims de protecció social per funcions (S.1311a Administració central). a) Funció Malaltia-Salut. Prestacions en metàl·lic	2024	0
2744	Classificació de les despeses dels règims de protecció social per funcions (S	0106040300040005	Classificació de les despeses dels règims de protecció social per funcions (S.1311a Administració central). a) Funció Malaltia-Salut. Prestacions en espècie	2020	229803.48
2744	Classificació de les despeses dels règims de protecció social per funcions (S	0106040300040005	Classificació de les despeses dels règims de protecció social per funcions (S.1311a Administració central). a) Funció Malaltia-Salut. Prestacions en espècie	2024	216309.97
2744	Classificació de les despeses dels règims de protecció social per funcions (S	0106040300040014	Classificació de les despeses dels règims de protecció social per funcions (S.1311a Administració central). b) Funció Discapacitat	2020	1448967.7
2744	Classificació de les despeses dels règims de protecció social per funcions (S	0106040300040014	Classificació de les despeses dels règims de protecció social per funcions (S.1311a Administració central). b) Funció Discapacitat	2024	2067101.95
2744	Classificació de les despeses dels règims de protecció social per funcions (S	0106040300040015	Classificació de les despeses dels règims de protecció social per funcions (S.1311a Administració central). b) Funció Discapacitat. Prestacions en metàl·lic	2020	191636.14
2744	Classificació de les despeses dels règims de protecció social per funcions (S	0106040300040015	Classificació de les despeses dels règims de protecció social per funcions (S.1311a Administració central). b) Funció Discapacitat. Prestacions en metàl·lic	2024	190613.02
2744	Classificació de les despeses dels règims de protecció social per funcions (S	0106040300040021	Classificació de les despeses dels règims de protecció social per funcions (S.1311a Administració central). b) Funció Discapacitat. Prestacions en espècie	2020	1257331.56
2744	Classificació de les despeses dels règims de protecció social per funcions (S	0106040300040021	Classificació de les despeses dels règims de protecció social per funcions (S.1311a Administració central). b) Funció Discapacitat. Prestacions en espècie	2024	1876488.93
2744	Classificació de les despeses dels règims de protecció social per funcions (S	0106040300040026	Classificació de les despeses dels règims de protecció social per funcions (S.1311a Administració central). c) Funció Gent gran	2020	15767087.17
2744	Classificació de les despeses dels règims de protecció social per funcions (S	0106040300040026	Classificació de les despeses dels règims de protecció social per funcions (S.1311a Administració central). c) Funció Gent gran	2024	23428786.81
2744	Classificació de les despeses dels règims de protecció social per funcions (S	0106040300040027	Classificació de les despeses dels règims de protecció social per funcions (S.1311a Administració central). c) Funció Gent gran. Prestacions en metàl·lic	2020	13472662.23
2744	Classificació de les despeses dels règims de protecció social per funcions (S	0106040300040027	Classificació de les despeses dels règims de protecció social per funcions (S.1311a Administració central). c) Funció Gent gran. Prestacions en metàl·lic	2024	19207966.92
2744	Classificació de les despeses dels règims de protecció social per funcions (S	0106040300040033	Classificació de les despeses dels règims de protecció social per funcions (S.1311a Administració central). c) Funció Gent gran. Prestacions en espècie	2020	2294424.94
2744	Classificació de les despeses dels règims de protecció social per funcions (S	0106040300040033	Classificació de les despeses dels règims de protecció social per funcions (S.1311a Administració central). c) Funció Gent gran. Prestacions en espècie	2024	4220819.89
2744	Classificació de les despeses dels règims de protecció social per funcions (S	0106040300040037	Classificació de les despeses dels règims de protecció social per funcions (S.1311a Administració central). d) Funció Supervivents	2020	130165.59
2744	Classificació de les despeses dels règims de protecció social per funcions (S	0106040300040037	Classificació de les despeses dels règims de protecció social per funcions (S.1311a Administració central). d) Funció Supervivents	2024	127166.05
2744	Classificació de les despeses dels règims de protecció social per funcions (S	0106040300040038	Classificació de les despeses dels règims de protecció social per funcions (S.1311a Administració central). d) Funció Supervivents. Prestacions en metàl·lic	2020	130165.59
2744	Classificació de les despeses dels règims de protecció social per funcions (S	0106040300040038	Classificació de les despeses dels règims de protecció social per funcions (S.1311a Administració central). d) Funció Supervivents. Prestacions en metàl·lic	2024	127166.05
2744	Classificació de les despeses dels règims de protecció social per funcions (S	0106040300040042	Classificació de les despeses dels règims de protecció social per funcions (S.1311a Administració central). d) Funció Supervivents. Prestacions en espècie	2020	0
2744	Classificació de les despeses dels règims de protecció social per funcions (S	0106040300040042	Classificació de les despeses dels règims de protecció social per funcions (S.1311a Administració central). d) Funció Supervivents. Prestacions en espècie	2024	0
2744	Classificació de les despeses dels règims de protecció social per funcions (S	0106040300040045	Classificació de les despeses dels règims de protecció social per funcions (S.1311a Administració central). e) Funció Família-fills	2020	6318943.06
2744	Classificació de les despeses dels règims de protecció social per funcions (S	0106040300040045	Classificació de les despeses dels règims de protecció social per funcions (S.1311a Administració central). e) Funció Família-fills	2024	8027465.1
2744	Classificació de les despeses dels règims de protecció social per funcions (S	0106040300040046	Classificació de les despeses dels règims de protecció social per funcions (S.1311a Administració central). e) Funció Família-fills. Prestacions en metàl·lic	2020	6312650.39
2744	Classificació de les despeses dels règims de protecció social per funcions (S	0106040300040046	Classificació de les despeses dels règims de protecció social per funcions (S.1311a Administració central). e) Funció Família-fills. Prestacions en metàl·lic	2024	8008051.1
2744	Classificació de les despeses dels règims de protecció social per funcions (S	0106040300040052	Classificació de les despeses dels règims de protecció social per funcions (S.1311a Administració central). e) Funció Família-fills. Prestacions en espècie	2020	6292.67
2744	Classificació de les despeses dels règims de protecció social per funcions (S	0106040300040052	Classificació de les despeses dels règims de protecció social per funcions (S.1311a Administració central). e) Funció Família-fills. Prestacions en espècie	2024	19414
2744	Classificació de les despeses dels règims de protecció social per funcions (S	0106040300040057	Classificació de les despeses dels règims de protecció social per funcions (S.1311a Administració central). f) Funció Desocupació	2020	2650547.54
2744	Classificació de les despeses dels règims de protecció social per funcions (S	0106040300040057	Classificació de les despeses dels règims de protecció social per funcions (S.1311a Administració central). f) Funció Desocupació	2024	1273328.34
2744	Classificació de les despeses dels règims de protecció social per funcions (S	0106040300040058	Classificació de les despeses dels règims de protecció social per funcions (S.1311a Administració central). f) Funció Desocupació. Prestacions en metàl·lic	2020	2650547.54
2744	Classificació de les despeses dels règims de protecció social per funcions (S	0106040300040058	Classificació de les despeses dels règims de protecció social per funcions (S.1311a Administració central). f) Funció Desocupació. Prestacions en metàl·lic	2024	1273328.34
2744	Classificació de les despeses dels règims de protecció social per funcions (S	0106040300040065	Classificació de les despeses dels règims de protecció social per funcions (S.1311a Administració central). f) Funció Desocupació. Prestacions en espècie	2020	0
2744	Classificació de les despeses dels règims de protecció social per funcions (S	0106040300040065	Classificació de les despeses dels règims de protecció social per funcions (S.1311a Administració central). f) Funció Desocupació. Prestacions en espècie	2024	0
2744	Classificació de les despeses dels règims de protecció social per funcions (S	0106040300040070	Classificació de les despeses dels règims de protecció social per funcions (S.1311a Administració central). g) Funció Habitatge	2020	1855510.26
2744	Classificació de les despeses dels règims de protecció social per funcions (S	0106040300040070	Classificació de les despeses dels règims de protecció social per funcions (S.1311a Administració central). g) Funció Habitatge	2024	2941506.77
2744	Classificació de les despeses dels règims de protecció social per funcions (S	0106040300040071	Classificació de les despeses dels règims de protecció social per funcions (S.1311a Administració central). g) Funció Habitatge. Prestacions en metàl·lic	2020	1855510.26
2744	Classificació de les despeses dels règims de protecció social per funcions (S	0106040300040071	Classificació de les despeses dels règims de protecció social per funcions (S.1311a Administració central). g) Funció Habitatge. Prestacions en metàl·lic	2024	2941506.77
2744	Classificació de les despeses dels règims de protecció social per funcions (S	0106040300040072	Classificació de les despeses dels règims de protecció social per funcions (S.1311a Administració central). g) Funció Habitatge. Prestacions en espècie	2020	0
2744	Classificació de les despeses dels règims de protecció social per funcions (S	0106040300040072	Classificació de les despeses dels règims de protecció social per funcions (S.1311a Administració central). g) Funció Habitatge. Prestacions en espècie	2024	0
2744	Classificació de les despeses dels règims de protecció social per funcions (S	0106040300040076	Classificació de les despeses dels règims de protecció social per funcions (S.1311a Administració central). h) Funció Exclusió social nc	2020	11249.6
2744	Classificació de les despeses dels règims de protecció social per funcions (S	0106040300040076	Classificació de les despeses dels règims de protecció social per funcions (S.1311a Administració central). h) Funció Exclusió social nc	2024	70137.49
2744	Classificació de les despeses dels règims de protecció social per funcions (S	0106040300040077	Classificació de les despeses dels règims de protecció social per funcions (S.1311a Administració central). h) Funció Exclusió social nc. Prestacions en metàl·lic	2020	0
2744	Classificació de les despeses dels règims de protecció social per funcions (S	0106040300040077	Classificació de les despeses dels règims de protecció social per funcions (S.1311a Administració central). h) Funció Exclusió social nc. Prestacions en metàl·lic	2024	0
2744	Classificació de les despeses dels règims de protecció social per funcions (S	0106040300040080	Classificació de les despeses dels règims de protecció social per funcions (S.1311a Administració central). h) Funció Exclusió social nc. Prestacions en espècie	2020	11249.6
2744	Classificació de les despeses dels règims de protecció social per funcions (S	0106040300040080	Classificació de les despeses dels règims de protecció social per funcions (S.1311a Administració central). h) Funció Exclusió social nc. Prestacions en espècie	2024	70137.49
2745	Classificació dels ingressos dels règims de protecció social per sectors institucionals  (S	0106040400010001	Classificació dels ingressos dels règims de protecció social per sectors institucionals  (S.1313 Administració local). 1 Totes les unitats institucionals residents	2020	1448786.4
2745	Classificació dels ingressos dels règims de protecció social per sectors institucionals  (S	0106040400010001	Classificació dels ingressos dels règims de protecció social per sectors institucionals  (S.1313 Administració local). 1 Totes les unitats institucionals residents	2024	3102284.27
2745	Classificació dels ingressos dels règims de protecció social per sectors institucionals  (S	0106040400010003	Classificació dels ingressos dels règims de protecció social per sectors institucionals  (S.1313 Administració local). 1 Totes les unitats institucionals residents. 12 Administracions públiques	2020	1448786.4
2745	Classificació dels ingressos dels règims de protecció social per sectors institucionals  (S	0106040400010003	Classificació dels ingressos dels règims de protecció social per sectors institucionals  (S.1313 Administració local). 1 Totes les unitats institucionals residents. 12 Administracions públiques	2024	3102284.27
2745	Classificació dels ingressos dels règims de protecció social per sectors institucionals  (S	0106040400010005	Classificació dels ingressos dels règims de protecció social per sectors institucionals  (S.1313 Administració local). 1 Totes les unitats institucionals residents. 12 Administracions públiques. 122 Administració local	2020	1448786.4
2745	Classificació dels ingressos dels règims de protecció social per sectors institucionals  (S	0106040400010005	Classificació dels ingressos dels règims de protecció social per sectors institucionals  (S.1313 Administració local). 1 Totes les unitats institucionals residents. 12 Administracions públiques. 122 Administració local	2024	3102284.27
2745	Classificació dels ingressos dels règims de protecció social per sectors institucionals  (S	0106040400010007	Classificació dels ingressos dels règims de protecció social per sectors institucionals  (S.1313 Administració local). 1 Totes les unitats institucionals residents. 13 Llars	2020	0
2745	Classificació dels ingressos dels règims de protecció social per sectors institucionals  (S	0106040400010007	Classificació dels ingressos dels règims de protecció social per sectors institucionals  (S.1313 Administració local). 1 Totes les unitats institucionals residents. 13 Llars	2024	0
2745	Classificació dels ingressos dels règims de protecció social per sectors institucionals  (S	0106040400010008	Classificació dels ingressos dels règims de protecció social per sectors institucionals  (S.1313 Administració local). 1 Totes les unitats institucionals residents. 14 Institucions sense ànim de lucre al servei de les llars	2020	0
2745	Classificació dels ingressos dels règims de protecció social per sectors institucionals  (S	0106040400010008	Classificació dels ingressos dels règims de protecció social per sectors institucionals  (S.1313 Administració local). 1 Totes les unitats institucionals residents. 14 Institucions sense ànim de lucre al servei de les llars	2024	0
2745	Classificació dels ingressos dels règims de protecció social per sectors institucionals  (S	0106040400010009	Classificació dels ingressos dels règims de protecció social per sectors institucionals  (S.1313 Administració local). 2 Resta del món	2020	0
2745	Classificació dels ingressos dels règims de protecció social per sectors institucionals  (S	0106040400010009	Classificació dels ingressos dels règims de protecció social per sectors institucionals  (S.1313 Administració local). 2 Resta del món	2024	0
2746	Classificació dels ingressos dels règims de protecció social per tipus (S	0106040400020001	Classificació dels ingressos dels règims de protecció social per tipus (S.1313 Administració local). 1 Cotitzacions socials	2020	0
2746	Classificació dels ingressos dels règims de protecció social per tipus (S	0106040400020001	Classificació dels ingressos dels règims de protecció social per tipus (S.1313 Administració local). 1 Cotitzacions socials	2024	545107.47
2746	Classificació dels ingressos dels règims de protecció social per tipus (S	0106040400020015	Classificació dels ingressos dels règims de protecció social per tipus (S.1313 Administració local). 2 Cotitzacions (aportacions) de les administracions públiques	2020	1448786.4
2746	Classificació dels ingressos dels règims de protecció social per tipus (S	0106040400020015	Classificació dels ingressos dels règims de protecció social per tipus (S.1313 Administració local). 2 Cotitzacions (aportacions) de les administracions públiques	2024	2557176.8
2746	Classificació dels ingressos dels règims de protecció social per tipus (S	0106040400020017	Classificació dels ingressos dels règims de protecció social per tipus (S.1313 Administració local). 2 Cotitzacions (aportacions) de les administracions públiques. 22 Ingressos generals	2020	1448786.4
2746	Classificació dels ingressos dels règims de protecció social per tipus (S	0106040400020017	Classificació dels ingressos dels règims de protecció social per tipus (S.1313 Administració local). 2 Cotitzacions (aportacions) de les administracions públiques. 22 Ingressos generals	2024	2557176.8
2746	Classificació dels ingressos dels règims de protecció social per tipus (S	0106040400020018	Classificació dels ingressos dels règims de protecció social per tipus (S.1313 Administració local). 3 Transferències a altres règims	2020	0
2746	Classificació dels ingressos dels règims de protecció social per tipus (S	0106040400020018	Classificació dels ingressos dels règims de protecció social per tipus (S.1313 Administració local). 3 Transferències a altres règims	2024	0
2746	Classificació dels ingressos dels règims de protecció social per tipus (S	0106040400020021	Classificació dels ingressos dels règims de protecció social per tipus (S.1313 Administració local). 4 Altres ingressos	2020	0
2746	Classificació dels ingressos dels règims de protecció social per tipus (S	0106040400020021	Classificació dels ingressos dels règims de protecció social per tipus (S.1313 Administració local). 4 Altres ingressos	2024	0
2747	Classificació de les despeses dels règims de protecció social per tipus (S	0106040400030001	Classificació de les despeses dels règims de protecció social per tipus (S.1313 Administració local). 1 Prestacions socials	2020	635771.8
2747	Classificació de les despeses dels règims de protecció social per tipus (S	0106040400030001	Classificació de les despeses dels règims de protecció social per tipus (S.1313 Administració local). 1 Prestacions socials	2024	951834.55
2747	Classificació de les despeses dels règims de protecció social per tipus (S	0106040400030002	Classificació de les despeses dels règims de protecció social per tipus (S.1313 Administració local). 1 Prestacions socials. 11 Prestacions en metàl·lic	2020	323558.77
2747	Classificació de les despeses dels règims de protecció social per tipus (S	0106040400030002	Classificació de les despeses dels règims de protecció social per tipus (S.1313 Administració local). 1 Prestacions socials. 11 Prestacions en metàl·lic	2024	539174.28
2747	Classificació de les despeses dels règims de protecció social per tipus (S	0106040400030003	Classificació de les despeses dels règims de protecció social per tipus (S.1313 Administració local). 1 Prestacions socials. 11 Prestacions en metàl·lic. 111 Periòdiques	2020	323558.77
2747	Classificació de les despeses dels règims de protecció social per tipus (S	0106040400030003	Classificació de les despeses dels règims de protecció social per tipus (S.1313 Administració local). 1 Prestacions socials. 11 Prestacions en metàl·lic. 111 Periòdiques	2024	539174.28
2747	Classificació de les despeses dels règims de protecció social per tipus (S	0106040400030006	Classificació de les despeses dels règims de protecció social per tipus (S.1313 Administració local). 1 Prestacions socials. 11 Prestacions en metàl·lic. 111 Periòdiques. 1113 Funció Gent gran	2020	323558.77
2747	Classificació de les despeses dels règims de protecció social per tipus (S	0106040400030006	Classificació de les despeses dels règims de protecció social per tipus (S.1313 Administració local). 1 Prestacions socials. 11 Prestacions en metàl·lic. 111 Periòdiques. 1113 Funció Gent gran	2024	9161.5
2747	Classificació de les despeses dels règims de protecció social per tipus (S	0106040400030021	Classificació de les despeses dels règims de protecció social per tipus (S.1313 Administració local). 1 Prestacions socials. 12 Prestacions en espècie	2020	312213.03
2747	Classificació de les despeses dels règims de protecció social per tipus (S	0106040400030021	Classificació de les despeses dels règims de protecció social per tipus (S.1313 Administració local). 1 Prestacions socials. 12 Prestacions en espècie	2024	412660.27
2747	Classificació de les despeses dels règims de protecció social per tipus (S	0106040400030023	Classificació de les despeses dels règims de protecció social per tipus (S.1313 Administració local). 1 Prestacions socials. 12 Prestacions en espècie. 122 Funció Discapacitat	2020	9967.76
2747	Classificació de les despeses dels règims de protecció social per tipus (S	0106040400030023	Classificació de les despeses dels règims de protecció social per tipus (S.1313 Administració local). 1 Prestacions socials. 12 Prestacions en espècie. 122 Funció Discapacitat	2024	24441.89
2747	Classificació de les despeses dels règims de protecció social per tipus (S	0106040400030024	Classificació de les despeses dels règims de protecció social per tipus (S.1313 Administració local). 1 Prestacions socials. 12 Prestacions en espècie. 123 Funció Gent gran	2020	8245.27
2747	Classificació de les despeses dels règims de protecció social per tipus (S	0106040400030024	Classificació de les despeses dels règims de protecció social per tipus (S.1313 Administració local). 1 Prestacions socials. 12 Prestacions en espècie. 123 Funció Gent gran	2024	39033.71
2747	Classificació de les despeses dels règims de protecció social per tipus (S	0106040400030028	Classificació de les despeses dels règims de protecció social per tipus (S.1313 Administració local). 1 Prestacions socials. 12 Prestacions en espècie. 127 Funció Habitatge	2020	294000
2747	Classificació de les despeses dels règims de protecció social per tipus (S	0106040400030028	Classificació de les despeses dels règims de protecció social per tipus (S.1313 Administració local). 1 Prestacions socials. 12 Prestacions en espècie. 127 Funció Habitatge	2024	0
2747	Classificació de les despeses dels règims de protecció social per tipus (S	0106040400030030	Classificació de les despeses dels règims de protecció social per tipus (S.1313 Administració local). 2 Despeses d'administració	2020	517335.24
2747	Classificació de les despeses dels règims de protecció social per tipus (S	0106040400030030	Classificació de les despeses dels règims de protecció social per tipus (S.1313 Administració local). 2 Despeses d'administració	2024	2117553.71
2747	Classificació de les despeses dels règims de protecció social per tipus (S	0106040400030031	Classificació de les despeses dels règims de protecció social per tipus (S.1313 Administració local). 3 Transferències a d'altres règims	2020	0
2747	Classificació de les despeses dels règims de protecció social per tipus (S	0106040400030031	Classificació de les despeses dels règims de protecció social per tipus (S.1313 Administració local). 3 Transferències a d'altres règims	2024	0
2747	Classificació de les despeses dels règims de protecció social per tipus (S	0106040400030034	Classificació de les despeses dels règims de protecció social per tipus (S.1313 Administració local). 4 Altres despeses	2020	295679.36
2747	Classificació de les despeses dels règims de protecció social per tipus (S	0106040400030034	Classificació de les despeses dels règims de protecció social per tipus (S.1313 Administració local). 4 Altres despeses	2024	32896.01
2747	Classificació de les despeses dels règims de protecció social per tipus (S	0106040400030036	Classificació de les despeses dels règims de protecció social per tipus (S.1313 Administració local). 4 Altres despeses. 42 Altres despeses	2020	295679.36
2747	Classificació de les despeses dels règims de protecció social per tipus (S	0106040400030036	Classificació de les despeses dels règims de protecció social per tipus (S.1313 Administració local). 4 Altres despeses. 42 Altres despeses	2024	32896.01
2748	Classificació de les despeses dels règims de protecció social per funcions (S	0106040400040001	Classificació de les despeses dels règims de protecció social per funcions (S.1313 Administració local). a) Funció Malaltia-Salut	2020	0
2748	Classificació de les despeses dels règims de protecció social per funcions (S	0106040400040001	Classificació de les despeses dels règims de protecció social per funcions (S.1313 Administració local). a) Funció Malaltia-Salut	2024	0
2748	Classificació de les despeses dels règims de protecció social per funcions (S	0106040400040014	Classificació de les despeses dels règims de protecció social per funcions (S.1313 Administració local). b) Funció Discapacitat	2020	9967.76
2748	Classificació de les despeses dels règims de protecció social per funcions (S	0106040400040014	Classificació de les despeses dels règims de protecció social per funcions (S.1313 Administració local). b) Funció Discapacitat	2024	24441.89
2748	Classificació de les despeses dels règims de protecció social per funcions (S	0106040400040015	Classificació de les despeses dels règims de protecció social per funcions (S.1313 Administració local). b) Funció Discapacitat. Prestacions en metàl·lic	2020	0
2748	Classificació de les despeses dels règims de protecció social per funcions (S	0106040400040015	Classificació de les despeses dels règims de protecció social per funcions (S.1313 Administració local). b) Funció Discapacitat. Prestacions en metàl·lic	2024	0
2748	Classificació de les despeses dels règims de protecció social per funcions (S	0106040400040021	Classificació de les despeses dels règims de protecció social per funcions (S.1313 Administració local). b) Funció Discapacitat. Prestacions en espècie	2020	9967.76
2748	Classificació de les despeses dels règims de protecció social per funcions (S	0106040400040021	Classificació de les despeses dels règims de protecció social per funcions (S.1313 Administració local). b) Funció Discapacitat. Prestacions en espècie	2024	24441.89
2748	Classificació de les despeses dels règims de protecció social per funcions (S	0106040400040026	Classificació de les despeses dels règims de protecció social per funcions (S.1313 Administració local). c) Funció Gent gran	2020	331804.04
2748	Classificació de les despeses dels règims de protecció social per funcions (S	0106040400040026	Classificació de les despeses dels règims de protecció social per funcions (S.1313 Administració local). c) Funció Gent gran	2024	48195.21
2748	Classificació de les despeses dels règims de protecció social per funcions (S	0106040400040027	Classificació de les despeses dels règims de protecció social per funcions (S.1313 Administració local). c) Funció Gent gran. Prestacions en metàl·lic	2020	323558.77
2748	Classificació de les despeses dels règims de protecció social per funcions (S	0106040400040027	Classificació de les despeses dels règims de protecció social per funcions (S.1313 Administració local). c) Funció Gent gran. Prestacions en metàl·lic	2024	9161.5
2748	Classificació de les despeses dels règims de protecció social per funcions (S	0106040400040033	Classificació de les despeses dels règims de protecció social per funcions (S.1313 Administració local). c) Funció Gent gran. Prestacions en espècie	2020	8245.27
2748	Classificació de les despeses dels règims de protecció social per funcions (S	0106040400040033	Classificació de les despeses dels règims de protecció social per funcions (S.1313 Administració local). c) Funció Gent gran. Prestacions en espècie	2024	39033.71
2748	Classificació de les despeses dels règims de protecció social per funcions (S	0106040400040037	Classificació de les despeses dels règims de protecció social per funcions (S.1313 Administració local). d) Funció Supervivents	2020	0
2748	Classificació de les despeses dels règims de protecció social per funcions (S	0106040400040037	Classificació de les despeses dels règims de protecció social per funcions (S.1313 Administració local). d) Funció Supervivents	2024	0
2748	Classificació de les despeses dels règims de protecció social per funcions (S	0106040400040045	Classificació de les despeses dels règims de protecció social per funcions (S.1313 Administració local). e) Funció Família-fills	2020	0
2748	Classificació de les despeses dels règims de protecció social per funcions (S	0106040400040045	Classificació de les despeses dels règims de protecció social per funcions (S.1313 Administració local). e) Funció Família-fills	2024	279284.38
2748	Classificació de les despeses dels règims de protecció social per funcions (S	0106040400040057	Classificació de les despeses dels règims de protecció social per funcions (S.1313 Administració local). f) Funció Desocupació	2020	0
2748	Classificació de les despeses dels règims de protecció social per funcions (S	0106040400040057	Classificació de les despeses dels règims de protecció social per funcions (S.1313 Administració local). f) Funció Desocupació	2024	0
2748	Classificació de les despeses dels règims de protecció social per funcions (S	0106040400040070	Classificació de les despeses dels règims de protecció social per funcions (S.1313 Administració local). g) Funció Habitatge	2020	294000
2748	Classificació de les despeses dels règims de protecció social per funcions (S	0106040400040070	Classificació de les despeses dels règims de protecció social per funcions (S.1313 Administració local). g) Funció Habitatge	2024	475825
2748	Classificació de les despeses dels règims de protecció social per funcions (S	0106040400040071	Classificació de les despeses dels règims de protecció social per funcions (S.1313 Administració local). g) Funció Habitatge. Prestacions en metàl·lic	2020	0
2748	Classificació de les despeses dels règims de protecció social per funcions (S	0106040400040071	Classificació de les despeses dels règims de protecció social per funcions (S.1313 Administració local). g) Funció Habitatge. Prestacions en metàl·lic	2024	475825
2748	Classificació de les despeses dels règims de protecció social per funcions (S	0106040400040072	Classificació de les despeses dels règims de protecció social per funcions (S.1313 Administració local). g) Funció Habitatge. Prestacions en espècie	2020	294000
2748	Classificació de les despeses dels règims de protecció social per funcions (S	0106040400040072	Classificació de les despeses dels règims de protecció social per funcions (S.1313 Administració local). g) Funció Habitatge. Prestacions en espècie	2024	0
2748	Classificació de les despeses dels règims de protecció social per funcions (S	0106040400040076	Classificació de les despeses dels règims de protecció social per funcions (S.1313 Administració local). h) Funció Exclusió social nc	2020	0
2748	Classificació de les despeses dels règims de protecció social per funcions (S	0106040400040076	Classificació de les despeses dels règims de protecció social per funcions (S.1313 Administració local). h) Funció Exclusió social nc	2024	124088.07
2749	Classificació dels ingressos dels règims de protecció social per sectors institucionals  (S	0106040500010001	Classificació dels ingressos dels règims de protecció social per sectors institucionals  (S.1314 Fons de la Seguretat social). 1 Totes les unitats institucionals residents	2020	186439364.71
2749	Classificació dels ingressos dels règims de protecció social per sectors institucionals  (S	0106040500010001	Classificació dels ingressos dels règims de protecció social per sectors institucionals  (S.1314 Fons de la Seguretat social). 1 Totes les unitats institucionals residents	2024	253437906.69
2749	Classificació dels ingressos dels règims de protecció social per sectors institucionals  (S	0106040500010002	Classificació dels ingressos dels règims de protecció social per sectors institucionals  (S.1314 Fons de la Seguretat social). 1 Totes les unitats institucionals residents. 11 Empreses (no financeres i financeres)	2020	89588422.02
2749	Classificació dels ingressos dels règims de protecció social per sectors institucionals  (S	0106040500010002	Classificació dels ingressos dels règims de protecció social per sectors institucionals  (S.1314 Fons de la Seguretat social). 1 Totes les unitats institucionals residents. 11 Empreses (no financeres i financeres)	2024	129754552.06
2749	Classificació dels ingressos dels règims de protecció social per sectors institucionals  (S	0106040500010003	Classificació dels ingressos dels règims de protecció social per sectors institucionals  (S.1314 Fons de la Seguretat social). 1 Totes les unitats institucionals residents. 12 Administracions públiques	2020	44824869.83
2749	Classificació dels ingressos dels règims de protecció social per sectors institucionals  (S	0106040500010003	Classificació dels ingressos dels règims de protecció social per sectors institucionals  (S.1314 Fons de la Seguretat social). 1 Totes les unitats institucionals residents. 12 Administracions públiques	2024	47180178.1
2749	Classificació dels ingressos dels règims de protecció social per sectors institucionals  (S	0106040500010004	Classificació dels ingressos dels règims de protecció social per sectors institucionals  (S.1314 Fons de la Seguretat social). 1 Totes les unitats institucionals residents. 12 Administracions públiques. 121 Administració central	2020	36886185.4
2749	Classificació dels ingressos dels règims de protecció social per sectors institucionals  (S	0106040500010004	Classificació dels ingressos dels règims de protecció social per sectors institucionals  (S.1314 Fons de la Seguretat social). 1 Totes les unitats institucionals residents. 12 Administracions públiques. 121 Administració central	2024	36470201.28
2749	Classificació dels ingressos dels règims de protecció social per sectors institucionals  (S	0106040500010005	Classificació dels ingressos dels règims de protecció social per sectors institucionals  (S.1314 Fons de la Seguretat social). 1 Totes les unitats institucionals residents. 12 Administracions públiques. 122 Administració local	2020	4939108.03
2749	Classificació dels ingressos dels règims de protecció social per sectors institucionals  (S	0106040500010005	Classificació dels ingressos dels règims de protecció social per sectors institucionals  (S.1314 Fons de la Seguretat social). 1 Totes les unitats institucionals residents. 12 Administracions públiques. 122 Administració local	2024	7129893.77
2749	Classificació dels ingressos dels règims de protecció social per sectors institucionals  (S	0106040500010006	Classificació dels ingressos dels règims de protecció social per sectors institucionals  (S.1314 Fons de la Seguretat social). 1 Totes les unitats institucionals residents. 12 Administracions públiques. 123 Fons de la seguretat social	2020	2999576.4
2749	Classificació dels ingressos dels règims de protecció social per sectors institucionals  (S	0106040500010006	Classificació dels ingressos dels règims de protecció social per sectors institucionals  (S.1314 Fons de la Seguretat social). 1 Totes les unitats institucionals residents. 12 Administracions públiques. 123 Fons de la seguretat social	2024	3580083.04
2749	Classificació dels ingressos dels règims de protecció social per sectors institucionals  (S	0106040500010007	Classificació dels ingressos dels règims de protecció social per sectors institucionals  (S.1314 Fons de la Seguretat social). 1 Totes les unitats institucionals residents. 13 Llars	2020	47358472.85
2749	Classificació dels ingressos dels règims de protecció social per sectors institucionals  (S	0106040500010007	Classificació dels ingressos dels règims de protecció social per sectors institucionals  (S.1314 Fons de la Seguretat social). 1 Totes les unitats institucionals residents. 13 Llars	2024	68487701.22
2749	Classificació dels ingressos dels règims de protecció social per sectors institucionals  (S	0106040500010008	Classificació dels ingressos dels règims de protecció social per sectors institucionals  (S.1314 Fons de la Seguretat social). 1 Totes les unitats institucionals residents. 14 Institucions sense ànim de lucre al servei de les llars	2020	4667600.01
2749	Classificació dels ingressos dels règims de protecció social per sectors institucionals  (S	0106040500010008	Classificació dels ingressos dels règims de protecció social per sectors institucionals  (S.1314 Fons de la Seguretat social). 1 Totes les unitats institucionals residents. 14 Institucions sense ànim de lucre al servei de les llars	2024	8015475.32
2749	Classificació dels ingressos dels règims de protecció social per sectors institucionals  (S	0106040500010009	Classificació dels ingressos dels règims de protecció social per sectors institucionals  (S.1314 Fons de la Seguretat social). 2 Resta del món	2020	37195.93
2749	Classificació dels ingressos dels règims de protecció social per sectors institucionals  (S	0106040500010009	Classificació dels ingressos dels règims de protecció social per sectors institucionals  (S.1314 Fons de la Seguretat social). 2 Resta del món	2024	50675.92
2750	Classificació dels ingressos dels règims de protecció social per tipus (S	0106040500020001	Classificació dels ingressos dels règims de protecció social per tipus (S.1314 Fons de la Seguretat social). 1 Cotitzacions socials	2020	160290215.8
2750	Classificació dels ingressos dels règims de protecció social per tipus (S	0106040500020001	Classificació dels ingressos dels règims de protecció social per tipus (S.1314 Fons de la Seguretat social). 1 Cotitzacions socials	2024	231804527.2
2750	Classificació dels ingressos dels règims de protecció social per tipus (S	0106040500020002	Classificació dels ingressos dels règims de protecció social per tipus (S.1314 Fons de la Seguretat social). 1 Cotitzacions socials. 11 Cotitzacions socials patronals	2020	112931742.95
2750	Classificació dels ingressos dels règims de protecció social per tipus (S	0106040500020002	Classificació dels ingressos dels règims de protecció social per tipus (S.1314 Fons de la Seguretat social). 1 Cotitzacions socials. 11 Cotitzacions socials patronals	2024	163316825.98
2750	Classificació dels ingressos dels règims de protecció social per tipus (S	0106040500020003	Classificació dels ingressos dels règims de protecció social per tipus (S.1314 Fons de la Seguretat social). 1 Cotitzacions socials. 11 Cotitzacions socials patronals. 111 Cotitzacions socials patronals efectives	2020	112931742.95
2750	Classificació dels ingressos dels règims de protecció social per tipus (S	0106040500020003	Classificació dels ingressos dels règims de protecció social per tipus (S.1314 Fons de la Seguretat social). 1 Cotitzacions socials. 11 Cotitzacions socials patronals. 111 Cotitzacions socials patronals efectives	2024	163316825.98
2750	Classificació dels ingressos dels règims de protecció social per tipus (S	0106040500020004	Classificació dels ingressos dels règims de protecció social per tipus (S.1314 Fons de la Seguretat social). 1 Cotitzacions socials. 11 Cotitzacions socials patronals. 111 Cotitzacions socials patronals efectives. 1111 De les empreses (no financeres i financeres)	2020	89588422.02
2750	Classificació dels ingressos dels règims de protecció social per tipus (S	0106040500020004	Classificació dels ingressos dels règims de protecció social per tipus (S.1314 Fons de la Seguretat social). 1 Cotitzacions socials. 11 Cotitzacions socials patronals. 111 Cotitzacions socials patronals efectives. 1111 De les empreses (no financeres i financeres)	2024	129754552.06
2750	Classificació dels ingressos dels règims de protecció social per tipus (S	0106040500020005	Classificació dels ingressos dels règims de protecció social per tipus (S.1314 Fons de la Seguretat social). 1 Cotitzacions socials. 11 Cotitzacions socials patronals. 111 Cotitzacions socials patronals efectives. 1112 De l'Administració central	2020	13194546.27
2750	Classificació dels ingressos dels règims de protecció social per tipus (S	0106040500020005	Classificació dels ingressos dels règims de protecció social per tipus (S.1314 Fons de la Seguretat social). 1 Cotitzacions socials. 11 Cotitzacions socials patronals. 111 Cotitzacions socials patronals efectives. 1112 De l'Administració central	2024	17642377.28
2750	Classificació dels ingressos dels règims de protecció social per tipus (S	0106040500020006	Classificació dels ingressos dels règims de protecció social per tipus (S.1314 Fons de la Seguretat social). 1 Cotitzacions socials. 11 Cotitzacions socials patronals. 111 Cotitzacions socials patronals efectives. 1113 De l'Administració local	2020	4939108.03
2750	Classificació dels ingressos dels règims de protecció social per tipus (S	0106040500020006	Classificació dels ingressos dels règims de protecció social per tipus (S.1314 Fons de la Seguretat social). 1 Cotitzacions socials. 11 Cotitzacions socials patronals. 111 Cotitzacions socials patronals efectives. 1113 De l'Administració local	2024	7129893.77
2750	Classificació dels ingressos dels règims de protecció social per tipus (S	0106040500020007	Classificació dels ingressos dels règims de protecció social per tipus (S.1314 Fons de la Seguretat social). 1 Cotitzacions socials. 11 Cotitzacions socials patronals. 111 Cotitzacions socials patronals efectives. 1114 Del Fons de la seguretat social	2020	504870.69
2750	Classificació dels ingressos dels règims de protecció social per tipus (S	0106040500020007	Classificació dels ingressos dels règims de protecció social per tipus (S.1314 Fons de la Seguretat social). 1 Cotitzacions socials. 11 Cotitzacions socials patronals. 111 Cotitzacions socials patronals efectives. 1114 Del Fons de la seguretat social	2024	723851.63
2750	Classificació dels ingressos dels règims de protecció social per tipus (S	0106040500020008	Classificació dels ingressos dels règims de protecció social per tipus (S.1314 Fons de la Seguretat social). 1 Cotitzacions socials. 11 Cotitzacions socials patronals. 111 Cotitzacions socials patronals efectives. 1115 D'Institucions sense ànim de lucre al servei de les llars	2020	4667600.01
2750	Classificació dels ingressos dels règims de protecció social per tipus (S	0106040500020008	Classificació dels ingressos dels règims de protecció social per tipus (S.1314 Fons de la Seguretat social). 1 Cotitzacions socials. 11 Cotitzacions socials patronals. 111 Cotitzacions socials patronals efectives. 1115 D'Institucions sense ànim de lucre al servei de les llars	2024	8015475.32
2750	Classificació dels ingressos dels règims de protecció social per tipus (S	0106040500020009	Classificació dels ingressos dels règims de protecció social per tipus (S.1314 Fons de la Seguretat social). 1 Cotitzacions socials. 11 Cotitzacions socials patronals. 111 Cotitzacions socials patronals efectives. 1116 De la Resta del món	2020	37195.93
2750	Classificació dels ingressos dels règims de protecció social per tipus (S	0106040500020009	Classificació dels ingressos dels règims de protecció social per tipus (S.1314 Fons de la Seguretat social). 1 Cotitzacions socials. 11 Cotitzacions socials patronals. 111 Cotitzacions socials patronals efectives. 1116 De la Resta del món	2024	50675.92
2750	Classificació dels ingressos dels règims de protecció social per tipus (S	0106040500020011	Classificació dels ingressos dels règims de protecció social per tipus (S.1314 Fons de la Seguretat social). 1 Cotitzacions socials. 12 Cotitzacions socials de les persones protegides	2020	47358472.85
2750	Classificació dels ingressos dels règims de protecció social per tipus (S	0106040500020011	Classificació dels ingressos dels règims de protecció social per tipus (S.1314 Fons de la Seguretat social). 1 Cotitzacions socials. 12 Cotitzacions socials de les persones protegides	2024	68487701.22
2750	Classificació dels ingressos dels règims de protecció social per tipus (S	0106040500020012	Classificació dels ingressos dels règims de protecció social per tipus (S.1314 Fons de la Seguretat social). 1 Cotitzacions socials. 12 Cotitzacions socials de les persones protegides. 121 Treballadors per compte d'altri	2020	41211193.21
2750	Classificació dels ingressos dels règims de protecció social per tipus (S	0106040500020012	Classificació dels ingressos dels règims de protecció social per tipus (S.1314 Fons de la Seguretat social). 1 Cotitzacions socials. 12 Cotitzacions socials de les persones protegides. 121 Treballadors per compte d'altri	2024	57365711.3
2750	Classificació dels ingressos dels règims de protecció social per tipus (S	0106040500020013	Classificació dels ingressos dels règims de protecció social per tipus (S.1314 Fons de la Seguretat social). 1 Cotitzacions socials. 12 Cotitzacions socials de les persones protegides. 122 Treballadors per compte propi	2020	5324614.62
2750	Classificació dels ingressos dels règims de protecció social per tipus (S	0106040500020013	Classificació dels ingressos dels règims de protecció social per tipus (S.1314 Fons de la Seguretat social). 1 Cotitzacions socials. 12 Cotitzacions socials de les persones protegides. 122 Treballadors per compte propi	2024	9644446.96
2750	Classificació dels ingressos dels règims de protecció social per tipus (S	0106040500020014	Classificació dels ingressos dels règims de protecció social per tipus (S.1314 Fons de la Seguretat social). 1 Cotitzacions socials. 12 Cotitzacions socials de les persones protegides. 123 Pensionistes i altres	2020	822665.01
2750	Classificació dels ingressos dels règims de protecció social per tipus (S	0106040500020014	Classificació dels ingressos dels règims de protecció social per tipus (S.1314 Fons de la Seguretat social). 1 Cotitzacions socials. 12 Cotitzacions socials de les persones protegides. 123 Pensionistes i altres	2024	1477542.96
2750	Classificació dels ingressos dels règims de protecció social per tipus (S	0106040500020015	Classificació dels ingressos dels règims de protecció social per tipus (S.1314 Fons de la Seguretat social). 2 Cotitzacions (aportacions) de les administracions públiques	2020	0
2750	Classificació dels ingressos dels règims de protecció social per tipus (S	0106040500020015	Classificació dels ingressos dels règims de protecció social per tipus (S.1314 Fons de la Seguretat social). 2 Cotitzacions (aportacions) de les administracions públiques	2024	0
2750	Classificació dels ingressos dels règims de protecció social per tipus (S	0106040500020018	Classificació dels ingressos dels règims de protecció social per tipus (S.1314 Fons de la Seguretat social). 3 Transferències d'altres règims	2020	23691639.13
2750	Classificació dels ingressos dels règims de protecció social per tipus (S	0106040500020018	Classificació dels ingressos dels règims de protecció social per tipus (S.1314 Fons de la Seguretat social). 3 Transferències d'altres règims	2024	18827824
2750	Classificació dels ingressos dels règims de protecció social per tipus (S	0106040500020019	Classificació dels ingressos dels règims de protecció social per tipus (S.1314 Fons de la Seguretat social). 3 Transferències d'altres règims. 31 Cotitzacions socials desviades d'altres règims	2020	6312026.4
2750	Classificació dels ingressos dels règims de protecció social per tipus (S	0106040500020019	Classificació dels ingressos dels règims de protecció social per tipus (S.1314 Fons de la Seguretat social). 3 Transferències d'altres règims. 31 Cotitzacions socials desviades d'altres règims	2024	7923073.92
2750	Classificació dels ingressos dels règims de protecció social per tipus (S	0106040500020020	Classificació dels ingressos dels règims de protecció social per tipus (S.1314 Fons de la Seguretat social). 3 Transferències d'altres règims. 32 Altres transferències d'altres règims	2020	17379612.73
2750	Classificació dels ingressos dels règims de protecció social per tipus (S	0106040500020020	Classificació dels ingressos dels règims de protecció social per tipus (S.1314 Fons de la Seguretat social). 3 Transferències d'altres règims. 32 Altres transferències d'altres règims	2024	10904750.08
2750	Classificació dels ingressos dels règims de protecció social per tipus (S	0106040500020021	Classificació dels ingressos dels règims de protecció social per tipus (S.1314 Fons de la Seguretat social). 4 Altres ingressos	2020	2494705.71
2750	Classificació dels ingressos dels règims de protecció social per tipus (S	0106040500020021	Classificació dels ingressos dels règims de protecció social per tipus (S.1314 Fons de la Seguretat social). 4 Altres ingressos	2024	2856231.41
2750	Classificació dels ingressos dels règims de protecció social per tipus (S	0106040500020022	Classificació dels ingressos dels règims de protecció social per tipus (S.1314 Fons de la Seguretat social). 4 Altres ingressos. 41 Ingressos patrimonials (de la propietat)	2020	2368164.2
2750	Classificació dels ingressos dels règims de protecció social per tipus (S	0106040500020022	Classificació dels ingressos dels règims de protecció social per tipus (S.1314 Fons de la Seguretat social). 4 Altres ingressos. 41 Ingressos patrimonials (de la propietat)	2024	2435120.88
2750	Classificació dels ingressos dels règims de protecció social per tipus (S	0106040500020023	Classificació dels ingressos dels règims de protecció social per tipus (S.1314 Fons de la Seguretat social). 4 Altres ingressos. 42 Altres ingressos	2020	126541.52
2750	Classificació dels ingressos dels règims de protecció social per tipus (S	0106040500020023	Classificació dels ingressos dels règims de protecció social per tipus (S.1314 Fons de la Seguretat social). 4 Altres ingressos. 42 Altres ingressos	2024	421110.53
2751	Classificació de les despeses dels règims de protecció social per tipus (S	0106040500030001	Classificació de les despeses dels règims de protecció social per tipus (S.1314 Fons de la Seguretat social). 1 Prestacions socials	2020	184800436.72
2751	Classificació de les despeses dels règims de protecció social per tipus (S	0106040500030001	Classificació de les despeses dels règims de protecció social per tipus (S.1314 Fons de la Seguretat social). 1 Prestacions socials	2024	249476314.33
2751	Classificació de les despeses dels règims de protecció social per tipus (S	0106040500030002	Classificació de les despeses dels règims de protecció social per tipus (S.1314 Fons de la Seguretat social). 1 Prestacions socials. 11 Prestacions en metàl·lic	2020	184800436.72
2751	Classificació de les despeses dels règims de protecció social per tipus (S	0106040500030002	Classificació de les despeses dels règims de protecció social per tipus (S.1314 Fons de la Seguretat social). 1 Prestacions socials. 11 Prestacions en metàl·lic	2024	249476314.33
2751	Classificació de les despeses dels règims de protecció social per tipus (S	0106040500030003	Classificació de les despeses dels règims de protecció social per tipus (S.1314 Fons de la Seguretat social). 1 Prestacions socials. 11 Prestacions en metàl·lic. 111 Periòdiques	2020	134645623.66
2751	Classificació de les despeses dels règims de protecció social per tipus (S	0106040500030003	Classificació de les despeses dels règims de protecció social per tipus (S.1314 Fons de la Seguretat social). 1 Prestacions socials. 11 Prestacions en metàl·lic. 111 Periòdiques	2024	196391206.87
2751	Classificació de les despeses dels règims de protecció social per tipus (S	0106040500030005	Classificació de les despeses dels règims de protecció social per tipus (S.1314 Fons de la Seguretat social). 1 Prestacions socials. 11 Prestacions en metàl·lic. 111 Periòdiques. 1112 Funció Discapacitat	2020	26665877.27
2751	Classificació de les despeses dels règims de protecció social per tipus (S	0106040500030005	Classificació de les despeses dels règims de protecció social per tipus (S.1314 Fons de la Seguretat social). 1 Prestacions socials. 11 Prestacions en metàl·lic. 111 Periòdiques. 1112 Funció Discapacitat	2024	26756504.46
2751	Classificació de les despeses dels règims de protecció social per tipus (S	0106040500030006	Classificació de les despeses dels règims de protecció social per tipus (S.1314 Fons de la Seguretat social). 1 Prestacions socials. 11 Prestacions en metàl·lic. 111 Periòdiques. 1113 Funció Gent gran	2020	92236300.24
2751	Classificació de les despeses dels règims de protecció social per tipus (S	0106040500030006	Classificació de les despeses dels règims de protecció social per tipus (S.1314 Fons de la Seguretat social). 1 Prestacions socials. 11 Prestacions en metàl·lic. 111 Periòdiques. 1113 Funció Gent gran	2024	149039107.4
2751	Classificació de les despeses dels règims de protecció social per tipus (S	0106040500030007	Classificació de les despeses dels règims de protecció social per tipus (S.1314 Fons de la Seguretat social). 1 Prestacions socials. 11 Prestacions en metàl·lic. 111 Periòdiques. 1114 Funció Supervivents	2020	15743446.15
2751	Classificació de les despeses dels règims de protecció social per tipus (S	0106040500030007	Classificació de les despeses dels règims de protecció social per tipus (S.1314 Fons de la Seguretat social). 1 Prestacions socials. 11 Prestacions en metàl·lic. 111 Periòdiques. 1114 Funció Supervivents	2024	20595595.01
2751	Classificació de les despeses dels règims de protecció social per tipus (S	0106040500030012	Classificació de les despeses dels règims de protecció social per tipus (S.1314 Fons de la Seguretat social). 1 Prestacions socials. 11 Prestacions en metàl·lic. 112 Úniques	2020	50154813.06
2751	Classificació de les despeses dels règims de protecció social per tipus (S	0106040500030012	Classificació de les despeses dels règims de protecció social per tipus (S.1314 Fons de la Seguretat social). 1 Prestacions socials. 11 Prestacions en metàl·lic. 112 Úniques	2024	53085107.46
2751	Classificació de les despeses dels règims de protecció social per tipus (S	0106040500030013	Classificació de les despeses dels règims de protecció social per tipus (S.1314 Fons de la Seguretat social). 1 Prestacions socials. 11 Prestacions en metàl·lic. 112 Úniques. 1121 Funció Malaltia-Salut	2020	44630651.89
2751	Classificació de les despeses dels règims de protecció social per tipus (S	0106040500030013	Classificació de les despeses dels règims de protecció social per tipus (S.1314 Fons de la Seguretat social). 1 Prestacions socials. 11 Prestacions en metàl·lic. 112 Úniques. 1121 Funció Malaltia-Salut	2024	47504950.96
2751	Classificació de les despeses dels règims de protecció social per tipus (S	0106040500030017	Classificació de les despeses dels règims de protecció social per tipus (S.1314 Fons de la Seguretat social). 1 Prestacions socials. 11 Prestacions en metàl·lic. 112 Úniques. 1125 Funció Família-fills	2020	5524161.17
2751	Classificació de les despeses dels règims de protecció social per tipus (S	0106040500030017	Classificació de les despeses dels règims de protecció social per tipus (S.1314 Fons de la Seguretat social). 1 Prestacions socials. 11 Prestacions en metàl·lic. 112 Úniques. 1125 Funció Família-fills	2024	5580156.5
2751	Classificació de les despeses dels règims de protecció social per tipus (S	0106040500030030	Classificació de les despeses dels règims de protecció social per tipus (S.1314 Fons de la Seguretat social). 2 Despeses d'administració	2020	763458.51
2751	Classificació de les despeses dels règims de protecció social per tipus (S	0106040500030030	Classificació de les despeses dels règims de protecció social per tipus (S.1314 Fons de la Seguretat social). 2 Despeses d'administració	2024	2894154.61
2751	Classificació de les despeses dels règims de protecció social per tipus (S	0106040500030031	Classificació de les despeses dels règims de protecció social per tipus (S.1314 Fons de la Seguretat social). 3 Transferències a altres règims	2020	0
2751	Classificació de les despeses dels règims de protecció social per tipus (S	0106040500030031	Classificació de les despeses dels règims de protecció social per tipus (S.1314 Fons de la Seguretat social). 3 Transferències a altres règims	2024	0
2751	Classificació de les despeses dels règims de protecció social per tipus (S	0106040500030034	Classificació de les despeses dels règims de protecció social per tipus (S.1314 Fons de la Seguretat social). 4 Altres despeses	2020	912665.42
2751	Classificació de les despeses dels règims de protecció social per tipus (S	0106040500030034	Classificació de les despeses dels règims de protecció social per tipus (S.1314 Fons de la Seguretat social). 4 Altres despeses	2024	1118113.67
2751	Classificació de les despeses dels règims de protecció social per tipus (S	0106040500030036	Classificació de les despeses dels règims de protecció social per tipus (S.1314 Fons de la Seguretat social). 4 Altres despeses. 42 Altres despeses	2020	912665.42
2751	Classificació de les despeses dels règims de protecció social per tipus (S	0106040500030036	Classificació de les despeses dels règims de protecció social per tipus (S.1314 Fons de la Seguretat social). 4 Altres despeses. 42 Altres despeses	2024	1118113.67
2752	Classificació de les despeses dels règims de protecció social per funcions (S	0106040500040001	Classificació de les despeses dels règims de protecció social per funcions (S.1314 Fons de la Seguretat social). a) Funció Malaltia-Salut	2020	44630651.89
2752	Classificació de les despeses dels règims de protecció social per funcions (S	0106040500040001	Classificació de les despeses dels règims de protecció social per funcions (S.1314 Fons de la Seguretat social). a) Funció Malaltia-Salut	2024	47504950.96
2752	Classificació de les despeses dels règims de protecció social per funcions (S	0106040500040002	Classificació de les despeses dels règims de protecció social per funcions (S.1314 Fons de la Seguretat social). a) Funció Malaltia-Salut. Prestacions en metàl·lic	2020	44630651.89
2752	Classificació de les despeses dels règims de protecció social per funcions (S	0106040500040002	Classificació de les despeses dels règims de protecció social per funcions (S.1314 Fons de la Seguretat social). a) Funció Malaltia-Salut. Prestacions en metàl·lic	2024	47504950.96
2752	Classificació de les despeses dels règims de protecció social per funcions (S	0106040500040005	Classificació de les despeses dels règims de protecció social per funcions (S.1314 Fons de la Seguretat social). a) Funció Malaltia-Salut. Prestacions en espècie	2020	0
2752	Classificació de les despeses dels règims de protecció social per funcions (S	0106040500040005	Classificació de les despeses dels règims de protecció social per funcions (S.1314 Fons de la Seguretat social). a) Funció Malaltia-Salut. Prestacions en espècie	2024	0
2752	Classificació de les despeses dels règims de protecció social per funcions (S	0106040500040014	Classificació de les despeses dels règims de protecció social per funcions (S.1314 Fons de la Seguretat social). b) Funció Discapacitat	2020	26665877.27
2752	Classificació de les despeses dels règims de protecció social per funcions (S	0106040500040014	Classificació de les despeses dels règims de protecció social per funcions (S.1314 Fons de la Seguretat social). b) Funció Discapacitat	2024	26756504.46
2752	Classificació de les despeses dels règims de protecció social per funcions (S	0106040500040015	Classificació de les despeses dels règims de protecció social per funcions (S.1314 Fons de la Seguretat social). b) Funció Discapacitat. Prestacions en metàl·lic	2020	26665877.27
2752	Classificació de les despeses dels règims de protecció social per funcions (S	0106040500040015	Classificació de les despeses dels règims de protecció social per funcions (S.1314 Fons de la Seguretat social). b) Funció Discapacitat. Prestacions en metàl·lic	2024	26756504.46
2752	Classificació de les despeses dels règims de protecció social per funcions (S	0106040500040021	Classificació de les despeses dels règims de protecció social per funcions (S.1314 Fons de la Seguretat social). b) Funció Discapacitat. Prestacions en espècie	2020	0
2752	Classificació de les despeses dels règims de protecció social per funcions (S	0106040500040021	Classificació de les despeses dels règims de protecció social per funcions (S.1314 Fons de la Seguretat social). b) Funció Discapacitat. Prestacions en espècie	2024	0
2752	Classificació de les despeses dels règims de protecció social per funcions (S	0106040500040026	Classificació de les despeses dels règims de protecció social per funcions (S.1314 Fons de la Seguretat social). c) Funció Gent gran	2020	92236300.24
2752	Classificació de les despeses dels règims de protecció social per funcions (S	0106040500040026	Classificació de les despeses dels règims de protecció social per funcions (S.1314 Fons de la Seguretat social). c) Funció Gent gran	2024	149039107.4
2752	Classificació de les despeses dels règims de protecció social per funcions (S	0106040500040027	Classificació de les despeses dels règims de protecció social per funcions (S.1314 Fons de la Seguretat social). c) Funció Gent gran. Prestacions en metàl·lic	2020	92236300.24
2752	Classificació de les despeses dels règims de protecció social per funcions (S	0106040500040027	Classificació de les despeses dels règims de protecció social per funcions (S.1314 Fons de la Seguretat social). c) Funció Gent gran. Prestacions en metàl·lic	2024	149039107.4
2752	Classificació de les despeses dels règims de protecció social per funcions (S	0106040500040033	Classificació de les despeses dels règims de protecció social per funcions (S.1314 Fons de la Seguretat social). c) Funció Gent gran. Prestacions en espècie	2020	0
2752	Classificació de les despeses dels règims de protecció social per funcions (S	0106040500040033	Classificació de les despeses dels règims de protecció social per funcions (S.1314 Fons de la Seguretat social). c) Funció Gent gran. Prestacions en espècie	2024	0
2752	Classificació de les despeses dels règims de protecció social per funcions (S	0106040500040037	Classificació de les despeses dels règims de protecció social per funcions (S.1314 Fons de la Seguretat social). d) Funció Supervivents	2020	15743446.15
2752	Classificació de les despeses dels règims de protecció social per funcions (S	0106040500040037	Classificació de les despeses dels règims de protecció social per funcions (S.1314 Fons de la Seguretat social). d) Funció Supervivents	2024	20595595.01
2752	Classificació de les despeses dels règims de protecció social per funcions (S	0106040500040038	Classificació de les despeses dels règims de protecció social per funcions (S.1314 Fons de la Seguretat social). d) Funció Supervivents. Prestacions en metàl·lic	2020	15743446.15
2752	Classificació de les despeses dels règims de protecció social per funcions (S	0106040500040038	Classificació de les despeses dels règims de protecció social per funcions (S.1314 Fons de la Seguretat social). d) Funció Supervivents. Prestacions en metàl·lic	2024	20595595.01
2752	Classificació de les despeses dels règims de protecció social per funcions (S	0106040500040042	Classificació de les despeses dels règims de protecció social per funcions (S.1314 Fons de la Seguretat social). d) Funció Supervivents. Prestacions en espècie	2020	0
2752	Classificació de les despeses dels règims de protecció social per funcions (S	0106040500040042	Classificació de les despeses dels règims de protecció social per funcions (S.1314 Fons de la Seguretat social). d) Funció Supervivents. Prestacions en espècie	2024	0
2752	Classificació de les despeses dels règims de protecció social per funcions (S	0106040500040045	Classificació de les despeses dels règims de protecció social per funcions (S.1314 Fons de la Seguretat social). e) Funció Família-fills	2020	5524161.17
2752	Classificació de les despeses dels règims de protecció social per funcions (S	0106040500040045	Classificació de les despeses dels règims de protecció social per funcions (S.1314 Fons de la Seguretat social). e) Funció Família-fills	2024	5580156.5
2752	Classificació de les despeses dels règims de protecció social per funcions (S	0106040500040046	Classificació de les despeses dels règims de protecció social per funcions (S.1314 Fons de la Seguretat social). e) Funció Família-fills. Prestacions en metàl·lic	2020	5524161.17
2752	Classificació de les despeses dels règims de protecció social per funcions (S	0106040500040046	Classificació de les despeses dels règims de protecció social per funcions (S.1314 Fons de la Seguretat social). e) Funció Família-fills. Prestacions en metàl·lic	2024	5580156.5
2752	Classificació de les despeses dels règims de protecció social per funcions (S	0106040500040052	Classificació de les despeses dels règims de protecció social per funcions (S.1314 Fons de la Seguretat social). e) Funció Família-fills. Prestacions en espècie	2020	0
2752	Classificació de les despeses dels règims de protecció social per funcions (S	0106040500040052	Classificació de les despeses dels règims de protecció social per funcions (S.1314 Fons de la Seguretat social). e) Funció Família-fills. Prestacions en espècie	2024	0
2752	Classificació de les despeses dels règims de protecció social per funcions (S	0106040500040057	Classificació de les despeses dels règims de protecció social per funcions (S.1314 Fons de la Seguretat social). f) Funció Desocupació	2020	0
2752	Classificació de les despeses dels règims de protecció social per funcions (S	0106040500040057	Classificació de les despeses dels règims de protecció social per funcions (S.1314 Fons de la Seguretat social). f) Funció Desocupació	2024	0
2752	Classificació de les despeses dels règims de protecció social per funcions (S	0106040500040070	Classificació de les despeses dels règims de protecció social per funcions (S.1314 Fons de la Seguretat social). g) Funció Habitatge	2020	0
2752	Classificació de les despeses dels règims de protecció social per funcions (S	0106040500040070	Classificació de les despeses dels règims de protecció social per funcions (S.1314 Fons de la Seguretat social). g) Funció Habitatge	2024	0
2752	Classificació de les despeses dels règims de protecció social per funcions (S	0106040500040076	Classificació de les despeses dels règims de protecció social per funcions (S.1314 Fons de la Seguretat social). h) Funció Exclusió social nc	2020	0
2752	Classificació de les despeses dels règims de protecció social per funcions (S	0106040500040076	Classificació de les despeses dels règims de protecció social per funcions (S.1314 Fons de la Seguretat social). h) Funció Exclusió social nc	2024	0
2829	Nombre de sol·licituds de prestació per desocupació involuntària	0106020900010001	Nombre de sol·licituds de prestació per desocupació involuntària. Total	2015	386
2829	Nombre de sol·licituds de prestació per desocupació involuntària	0106020900010001	Nombre de sol·licituds de prestació per desocupació involuntària. Total	2016	337
2829	Nombre de sol·licituds de prestació per desocupació involuntària	0106020900010001	Nombre de sol·licituds de prestació per desocupació involuntària. Total	2017	177
2829	Nombre de sol·licituds de prestació per desocupació involuntària	0106020900010001	Nombre de sol·licituds de prestació per desocupació involuntària. Total	2018	126
2829	Nombre de sol·licituds de prestació per desocupació involuntària	0106020900010001	Nombre de sol·licituds de prestació per desocupació involuntària. Total	2019	139
2829	Nombre de sol·licituds de prestació per desocupació involuntària	0106020900010001	Nombre de sol·licituds de prestació per desocupació involuntària. Total	2020	500
2829	Nombre de sol·licituds de prestació per desocupació involuntària	0106020900010001	Nombre de sol·licituds de prestació per desocupació involuntària. Total	2021	684
2829	Nombre de sol·licituds de prestació per desocupació involuntària	0106020900010001	Nombre de sol·licituds de prestació per desocupació involuntària. Total	2022	138
2829	Nombre de sol·licituds de prestació per desocupació involuntària	0106020900010001	Nombre de sol·licituds de prestació per desocupació involuntària. Total	2023	120
2829	Nombre de sol·licituds de prestació per desocupació involuntària	0106020900010001	Nombre de sol·licituds de prestació per desocupació involuntària. Total	2024	107
2829	Nombre de sol·licituds de prestació per desocupació involuntària	0106020900010001	Nombre de sol·licituds de prestació per desocupació involuntària. Total	2025	59
2830	Nombre de sol·licituds de prestació per desocupació involuntària per resolució	0106020900020001	Nombre de sol·licituds de prestació per desocupació involuntària per resolució. Favorables	2015	235
2830	Nombre de sol·licituds de prestació per desocupació involuntària per resolució	0106020900020001	Nombre de sol·licituds de prestació per desocupació involuntària per resolució. Favorables	2016	255
2830	Nombre de sol·licituds de prestació per desocupació involuntària per resolució	0106020900020001	Nombre de sol·licituds de prestació per desocupació involuntària per resolució. Favorables	2017	107
2830	Nombre de sol·licituds de prestació per desocupació involuntària per resolució	0106020900020001	Nombre de sol·licituds de prestació per desocupació involuntària per resolució. Favorables	2018	74
2830	Nombre de sol·licituds de prestació per desocupació involuntària per resolució	0106020900020001	Nombre de sol·licituds de prestació per desocupació involuntària per resolució. Favorables	2019	97
2830	Nombre de sol·licituds de prestació per desocupació involuntària per resolució	0106020900020001	Nombre de sol·licituds de prestació per desocupació involuntària per resolució. Favorables	2020	290
2830	Nombre de sol·licituds de prestació per desocupació involuntària per resolució	0106020900020001	Nombre de sol·licituds de prestació per desocupació involuntària per resolució. Favorables	2021	385
2830	Nombre de sol·licituds de prestació per desocupació involuntària per resolució	0106020900020001	Nombre de sol·licituds de prestació per desocupació involuntària per resolució. Favorables	2022	83
2830	Nombre de sol·licituds de prestació per desocupació involuntària per resolució	0106020900020001	Nombre de sol·licituds de prestació per desocupació involuntària per resolució. Favorables	2023	70
2830	Nombre de sol·licituds de prestació per desocupació involuntària per resolució	0106020900020001	Nombre de sol·licituds de prestació per desocupació involuntària per resolució. Favorables	2024	71
2830	Nombre de sol·licituds de prestació per desocupació involuntària per resolució	0106020900020001	Nombre de sol·licituds de prestació per desocupació involuntària per resolució. Favorables	2025	31
2830	Nombre de sol·licituds de prestació per desocupació involuntària per resolució	0106020900020002	Nombre de sol·licituds de prestació per desocupació involuntària per resolució. Desfavorables	2015	151
2830	Nombre de sol·licituds de prestació per desocupació involuntària per resolució	0106020900020002	Nombre de sol·licituds de prestació per desocupació involuntària per resolució. Desfavorables	2016	82
2830	Nombre de sol·licituds de prestació per desocupació involuntària per resolució	0106020900020002	Nombre de sol·licituds de prestació per desocupació involuntària per resolució. Desfavorables	2017	70
2830	Nombre de sol·licituds de prestació per desocupació involuntària per resolució	0106020900020002	Nombre de sol·licituds de prestació per desocupació involuntària per resolució. Desfavorables	2018	52
2830	Nombre de sol·licituds de prestació per desocupació involuntària per resolució	0106020900020002	Nombre de sol·licituds de prestació per desocupació involuntària per resolució. Desfavorables	2019	42
2830	Nombre de sol·licituds de prestació per desocupació involuntària per resolució	0106020900020002	Nombre de sol·licituds de prestació per desocupació involuntària per resolució. Desfavorables	2020	210
2830	Nombre de sol·licituds de prestació per desocupació involuntària per resolució	0106020900020002	Nombre de sol·licituds de prestació per desocupació involuntària per resolució. Desfavorables	2021	299
2830	Nombre de sol·licituds de prestació per desocupació involuntària per resolució	0106020900020002	Nombre de sol·licituds de prestació per desocupació involuntària per resolució. Desfavorables	2022	55
2830	Nombre de sol·licituds de prestació per desocupació involuntària per resolució	0106020900020002	Nombre de sol·licituds de prestació per desocupació involuntària per resolució. Desfavorables	2023	50
2830	Nombre de sol·licituds de prestació per desocupació involuntària per resolució	0106020900020002	Nombre de sol·licituds de prestació per desocupació involuntària per resolució. Desfavorables	2024	36
2830	Nombre de sol·licituds de prestació per desocupació involuntària per resolució	0106020900020002	Nombre de sol·licituds de prestació per desocupació involuntària per resolució. Desfavorables	2025	28
2830	Nombre de sol·licituds de prestació per desocupació involuntària per resolució	0106020900020003	Nombre de sol·licituds de prestació per desocupació involuntària per resolució. Total	2015	386
2830	Nombre de sol·licituds de prestació per desocupació involuntària per resolució	0106020900020003	Nombre de sol·licituds de prestació per desocupació involuntària per resolució. Total	2016	337
2830	Nombre de sol·licituds de prestació per desocupació involuntària per resolució	0106020900020003	Nombre de sol·licituds de prestació per desocupació involuntària per resolució. Total	2017	177
2830	Nombre de sol·licituds de prestació per desocupació involuntària per resolució	0106020900020003	Nombre de sol·licituds de prestació per desocupació involuntària per resolució. Total	2018	126
2830	Nombre de sol·licituds de prestació per desocupació involuntària per resolució	0106020900020003	Nombre de sol·licituds de prestació per desocupació involuntària per resolució. Total	2019	139
2830	Nombre de sol·licituds de prestació per desocupació involuntària per resolució	0106020900020003	Nombre de sol·licituds de prestació per desocupació involuntària per resolució. Total	2020	500
2830	Nombre de sol·licituds de prestació per desocupació involuntària per resolució	0106020900020003	Nombre de sol·licituds de prestació per desocupació involuntària per resolució. Total	2021	684
2830	Nombre de sol·licituds de prestació per desocupació involuntària per resolució	0106020900020003	Nombre de sol·licituds de prestació per desocupació involuntària per resolució. Total	2022	138
2830	Nombre de sol·licituds de prestació per desocupació involuntària per resolució	0106020900020003	Nombre de sol·licituds de prestació per desocupació involuntària per resolució. Total	2023	120
2830	Nombre de sol·licituds de prestació per desocupació involuntària per resolució	0106020900020003	Nombre de sol·licituds de prestació per desocupació involuntària per resolució. Total	2024	107
2830	Nombre de sol·licituds de prestació per desocupació involuntària per resolució	0106020900020003	Nombre de sol·licituds de prestació per desocupació involuntària per resolució. Total	2025	59
2831	Nombre de prestacions econòmiques per desocupació involuntària	0106020900030001	Nombre de prestacions econòmiques per desocupació involuntària. Total	2015	235
2831	Nombre de prestacions econòmiques per desocupació involuntària	0106020900030001	Nombre de prestacions econòmiques per desocupació involuntària. Total	2016	255
2831	Nombre de prestacions econòmiques per desocupació involuntària	0106020900030001	Nombre de prestacions econòmiques per desocupació involuntària. Total	2017	107
2831	Nombre de prestacions econòmiques per desocupació involuntària	0106020900030001	Nombre de prestacions econòmiques per desocupació involuntària. Total	2018	74
2831	Nombre de prestacions econòmiques per desocupació involuntària	0106020900030001	Nombre de prestacions econòmiques per desocupació involuntària. Total	2019	97
2831	Nombre de prestacions econòmiques per desocupació involuntària	0106020900030001	Nombre de prestacions econòmiques per desocupació involuntària. Total	2020	290
2831	Nombre de prestacions econòmiques per desocupació involuntària	0106020900030001	Nombre de prestacions econòmiques per desocupació involuntària. Total	2021	385
2831	Nombre de prestacions econòmiques per desocupació involuntària	0106020900030001	Nombre de prestacions econòmiques per desocupació involuntària. Total	2022	83
2831	Nombre de prestacions econòmiques per desocupació involuntària	0106020900030001	Nombre de prestacions econòmiques per desocupació involuntària. Total	2023	70
2831	Nombre de prestacions econòmiques per desocupació involuntària	0106020900030001	Nombre de prestacions econòmiques per desocupació involuntària. Total	2024	71
2831	Nombre de prestacions econòmiques per desocupació involuntària	0106020900030001	Nombre de prestacions econòmiques per desocupació involuntària. Total	2025	31
2832	Nombre de prestacions econòmiques per desocupació involuntària per sexe	0106020900040001	Nombre de prestacions econòmiques per desocupació involuntària per sexe. Homes	2015	134
2832	Nombre de prestacions econòmiques per desocupació involuntària per sexe	0106020900040001	Nombre de prestacions econòmiques per desocupació involuntària per sexe. Homes	2016	134
2832	Nombre de prestacions econòmiques per desocupació involuntària per sexe	0106020900040001	Nombre de prestacions econòmiques per desocupació involuntària per sexe. Homes	2017	47
2832	Nombre de prestacions econòmiques per desocupació involuntària per sexe	0106020900040001	Nombre de prestacions econòmiques per desocupació involuntària per sexe. Homes	2018	41
2832	Nombre de prestacions econòmiques per desocupació involuntària per sexe	0106020900040001	Nombre de prestacions econòmiques per desocupació involuntària per sexe. Homes	2019	48
2832	Nombre de prestacions econòmiques per desocupació involuntària per sexe	0106020900040001	Nombre de prestacions econòmiques per desocupació involuntària per sexe. Homes	2020	116
2832	Nombre de prestacions econòmiques per desocupació involuntària per sexe	0106020900040001	Nombre de prestacions econòmiques per desocupació involuntària per sexe. Homes	2021	174
2832	Nombre de prestacions econòmiques per desocupació involuntària per sexe	0106020900040001	Nombre de prestacions econòmiques per desocupació involuntària per sexe. Homes	2022	43
2832	Nombre de prestacions econòmiques per desocupació involuntària per sexe	0106020900040001	Nombre de prestacions econòmiques per desocupació involuntària per sexe. Homes	2023	33
2832	Nombre de prestacions econòmiques per desocupació involuntària per sexe	0106020900040001	Nombre de prestacions econòmiques per desocupació involuntària per sexe. Homes	2024	23
2832	Nombre de prestacions econòmiques per desocupació involuntària per sexe	0106020900040001	Nombre de prestacions econòmiques per desocupació involuntària per sexe. Homes	2025	12
2832	Nombre de prestacions econòmiques per desocupació involuntària per sexe	0106020900040002	Nombre de prestacions econòmiques per desocupació involuntària per sexe. Dones	2015	101
2832	Nombre de prestacions econòmiques per desocupació involuntària per sexe	0106020900040002	Nombre de prestacions econòmiques per desocupació involuntària per sexe. Dones	2016	121
2832	Nombre de prestacions econòmiques per desocupació involuntària per sexe	0106020900040002	Nombre de prestacions econòmiques per desocupació involuntària per sexe. Dones	2017	60
2832	Nombre de prestacions econòmiques per desocupació involuntària per sexe	0106020900040002	Nombre de prestacions econòmiques per desocupació involuntària per sexe. Dones	2018	33
2832	Nombre de prestacions econòmiques per desocupació involuntària per sexe	0106020900040002	Nombre de prestacions econòmiques per desocupació involuntària per sexe. Dones	2019	49
2832	Nombre de prestacions econòmiques per desocupació involuntària per sexe	0106020900040002	Nombre de prestacions econòmiques per desocupació involuntària per sexe. Dones	2020	174
2832	Nombre de prestacions econòmiques per desocupació involuntària per sexe	0106020900040002	Nombre de prestacions econòmiques per desocupació involuntària per sexe. Dones	2021	211
2832	Nombre de prestacions econòmiques per desocupació involuntària per sexe	0106020900040002	Nombre de prestacions econòmiques per desocupació involuntària per sexe. Dones	2022	40
2832	Nombre de prestacions econòmiques per desocupació involuntària per sexe	0106020900040002	Nombre de prestacions econòmiques per desocupació involuntària per sexe. Dones	2023	37
2832	Nombre de prestacions econòmiques per desocupació involuntària per sexe	0106020900040002	Nombre de prestacions econòmiques per desocupació involuntària per sexe. Dones	2024	48
2832	Nombre de prestacions econòmiques per desocupació involuntària per sexe	0106020900040002	Nombre de prestacions econòmiques per desocupació involuntària per sexe. Dones	2025	19
2832	Nombre de prestacions econòmiques per desocupació involuntària per sexe	0106020900040003	Nombre de prestacions econòmiques per desocupació involuntària per sexe. Total	2015	235
2832	Nombre de prestacions econòmiques per desocupació involuntària per sexe	0106020900040003	Nombre de prestacions econòmiques per desocupació involuntària per sexe. Total	2016	255
2832	Nombre de prestacions econòmiques per desocupació involuntària per sexe	0106020900040003	Nombre de prestacions econòmiques per desocupació involuntària per sexe. Total	2017	107
2832	Nombre de prestacions econòmiques per desocupació involuntària per sexe	0106020900040003	Nombre de prestacions econòmiques per desocupació involuntària per sexe. Total	2018	74
2832	Nombre de prestacions econòmiques per desocupació involuntària per sexe	0106020900040003	Nombre de prestacions econòmiques per desocupació involuntària per sexe. Total	2019	97
2832	Nombre de prestacions econòmiques per desocupació involuntària per sexe	0106020900040003	Nombre de prestacions econòmiques per desocupació involuntària per sexe. Total	2020	290
2832	Nombre de prestacions econòmiques per desocupació involuntària per sexe	0106020900040003	Nombre de prestacions econòmiques per desocupació involuntària per sexe. Total	2021	385
2832	Nombre de prestacions econòmiques per desocupació involuntària per sexe	0106020900040003	Nombre de prestacions econòmiques per desocupació involuntària per sexe. Total	2022	83
2832	Nombre de prestacions econòmiques per desocupació involuntària per sexe	0106020900040003	Nombre de prestacions econòmiques per desocupació involuntària per sexe. Total	2023	70
2832	Nombre de prestacions econòmiques per desocupació involuntària per sexe	0106020900040003	Nombre de prestacions econòmiques per desocupació involuntària per sexe. Total	2024	71
2832	Nombre de prestacions econòmiques per desocupació involuntària per sexe	0106020900040003	Nombre de prestacions econòmiques per desocupació involuntària per sexe. Total	2025	31
2833	Nombre de prestacions econòmiques per desocupació involuntària per edat	0106020900050001	Nombre de prestacions econòmiques per desocupació involuntària per edat. 18-25 anys	2015	3
2833	Nombre de prestacions econòmiques per desocupació involuntària per edat	0106020900050001	Nombre de prestacions econòmiques per desocupació involuntària per edat. 18-25 anys	2016	12
2833	Nombre de prestacions econòmiques per desocupació involuntària per edat	0106020900050001	Nombre de prestacions econòmiques per desocupació involuntària per edat. 18-25 anys	2017	5
2833	Nombre de prestacions econòmiques per desocupació involuntària per edat	0106020900050001	Nombre de prestacions econòmiques per desocupació involuntària per edat. 18-25 anys	2018	1
2833	Nombre de prestacions econòmiques per desocupació involuntària per edat	0106020900050001	Nombre de prestacions econòmiques per desocupació involuntària per edat. 18-25 anys	2019	2
2833	Nombre de prestacions econòmiques per desocupació involuntària per edat	0106020900050001	Nombre de prestacions econòmiques per desocupació involuntària per edat. 18-25 anys	2020	10
2833	Nombre de prestacions econòmiques per desocupació involuntària per edat	0106020900050001	Nombre de prestacions econòmiques per desocupació involuntària per edat. 18-25 anys	2021	38
2833	Nombre de prestacions econòmiques per desocupació involuntària per edat	0106020900050001	Nombre de prestacions econòmiques per desocupació involuntària per edat. 18-25 anys	2022	3
2833	Nombre de prestacions econòmiques per desocupació involuntària per edat	0106020900050001	Nombre de prestacions econòmiques per desocupació involuntària per edat. 18-25 anys	2023	1
2833	Nombre de prestacions econòmiques per desocupació involuntària per edat	0106020900050001	Nombre de prestacions econòmiques per desocupació involuntària per edat. 18-25 anys	2024	0
2833	Nombre de prestacions econòmiques per desocupació involuntària per edat	0106020900050001	Nombre de prestacions econòmiques per desocupació involuntària per edat. 18-25 anys	2025	2
2833	Nombre de prestacions econòmiques per desocupació involuntària per edat	0106020900050002	Nombre de prestacions econòmiques per desocupació involuntària per edat. 26-30 anys	2015	8
2833	Nombre de prestacions econòmiques per desocupació involuntària per edat	0106020900050002	Nombre de prestacions econòmiques per desocupació involuntària per edat. 26-30 anys	2016	9
2833	Nombre de prestacions econòmiques per desocupació involuntària per edat	0106020900050002	Nombre de prestacions econòmiques per desocupació involuntària per edat. 26-30 anys	2017	3
2833	Nombre de prestacions econòmiques per desocupació involuntària per edat	0106020900050002	Nombre de prestacions econòmiques per desocupació involuntària per edat. 26-30 anys	2018	3
2833	Nombre de prestacions econòmiques per desocupació involuntària per edat	0106020900050002	Nombre de prestacions econòmiques per desocupació involuntària per edat. 26-30 anys	2019	3
2833	Nombre de prestacions econòmiques per desocupació involuntària per edat	0106020900050002	Nombre de prestacions econòmiques per desocupació involuntària per edat. 26-30 anys	2020	29
2833	Nombre de prestacions econòmiques per desocupació involuntària per edat	0106020900050002	Nombre de prestacions econòmiques per desocupació involuntària per edat. 26-30 anys	2021	39
2833	Nombre de prestacions econòmiques per desocupació involuntària per edat	0106020900050002	Nombre de prestacions econòmiques per desocupació involuntària per edat. 26-30 anys	2022	1
2833	Nombre de prestacions econòmiques per desocupació involuntària per edat	0106020900050002	Nombre de prestacions econòmiques per desocupació involuntària per edat. 26-30 anys	2023	3
2833	Nombre de prestacions econòmiques per desocupació involuntària per edat	0106020900050002	Nombre de prestacions econòmiques per desocupació involuntària per edat. 26-30 anys	2024	2
2833	Nombre de prestacions econòmiques per desocupació involuntària per edat	0106020900050002	Nombre de prestacions econòmiques per desocupació involuntària per edat. 26-30 anys	2025	2
2833	Nombre de prestacions econòmiques per desocupació involuntària per edat	0106020900050003	Nombre de prestacions econòmiques per desocupació involuntària per edat. 31-35 anys	2015	22
2833	Nombre de prestacions econòmiques per desocupació involuntària per edat	0106020900050003	Nombre de prestacions econòmiques per desocupació involuntària per edat. 31-35 anys	2016	14
2833	Nombre de prestacions econòmiques per desocupació involuntària per edat	0106020900050003	Nombre de prestacions econòmiques per desocupació involuntària per edat. 31-35 anys	2017	6
2833	Nombre de prestacions econòmiques per desocupació involuntària per edat	0106020900050003	Nombre de prestacions econòmiques per desocupació involuntària per edat. 31-35 anys	2018	5
2833	Nombre de prestacions econòmiques per desocupació involuntària per edat	0106020900050003	Nombre de prestacions econòmiques per desocupació involuntària per edat. 31-35 anys	2019	13
2833	Nombre de prestacions econòmiques per desocupació involuntària per edat	0106020900050003	Nombre de prestacions econòmiques per desocupació involuntària per edat. 31-35 anys	2020	28
2833	Nombre de prestacions econòmiques per desocupació involuntària per edat	0106020900050003	Nombre de prestacions econòmiques per desocupació involuntària per edat. 31-35 anys	2021	36
2833	Nombre de prestacions econòmiques per desocupació involuntària per edat	0106020900050003	Nombre de prestacions econòmiques per desocupació involuntària per edat. 31-35 anys	2022	9
2833	Nombre de prestacions econòmiques per desocupació involuntària per edat	0106020900050003	Nombre de prestacions econòmiques per desocupació involuntària per edat. 31-35 anys	2023	6
2833	Nombre de prestacions econòmiques per desocupació involuntària per edat	0106020900050003	Nombre de prestacions econòmiques per desocupació involuntària per edat. 31-35 anys	2024	10
2833	Nombre de prestacions econòmiques per desocupació involuntària per edat	0106020900050003	Nombre de prestacions econòmiques per desocupació involuntària per edat. 31-35 anys	2025	1
2833	Nombre de prestacions econòmiques per desocupació involuntària per edat	0106020900050004	Nombre de prestacions econòmiques per desocupació involuntària per edat. 36-40 anys	2015	33
2833	Nombre de prestacions econòmiques per desocupació involuntària per edat	0106020900050004	Nombre de prestacions econòmiques per desocupació involuntària per edat. 36-40 anys	2016	42
2833	Nombre de prestacions econòmiques per desocupació involuntària per edat	0106020900050004	Nombre de prestacions econòmiques per desocupació involuntària per edat. 36-40 anys	2017	8
2833	Nombre de prestacions econòmiques per desocupació involuntària per edat	0106020900050004	Nombre de prestacions econòmiques per desocupació involuntària per edat. 36-40 anys	2018	5
2833	Nombre de prestacions econòmiques per desocupació involuntària per edat	0106020900050004	Nombre de prestacions econòmiques per desocupació involuntària per edat. 36-40 anys	2019	7
2833	Nombre de prestacions econòmiques per desocupació involuntària per edat	0106020900050004	Nombre de prestacions econòmiques per desocupació involuntària per edat. 36-40 anys	2020	46
2833	Nombre de prestacions econòmiques per desocupació involuntària per edat	0106020900050004	Nombre de prestacions econòmiques per desocupació involuntària per edat. 36-40 anys	2021	45
2833	Nombre de prestacions econòmiques per desocupació involuntària per edat	0106020900050004	Nombre de prestacions econòmiques per desocupació involuntària per edat. 36-40 anys	2022	9
2833	Nombre de prestacions econòmiques per desocupació involuntària per edat	0106020900050004	Nombre de prestacions econòmiques per desocupació involuntària per edat. 36-40 anys	2023	5
2833	Nombre de prestacions econòmiques per desocupació involuntària per edat	0106020900050004	Nombre de prestacions econòmiques per desocupació involuntària per edat. 36-40 anys	2024	6
2833	Nombre de prestacions econòmiques per desocupació involuntària per edat	0106020900050004	Nombre de prestacions econòmiques per desocupació involuntària per edat. 36-40 anys	2025	2
2833	Nombre de prestacions econòmiques per desocupació involuntària per edat	0106020900050005	Nombre de prestacions econòmiques per desocupació involuntària per edat. 41-45 anys	2015	36
2833	Nombre de prestacions econòmiques per desocupació involuntària per edat	0106020900050005	Nombre de prestacions econòmiques per desocupació involuntària per edat. 41-45 anys	2016	31
2833	Nombre de prestacions econòmiques per desocupació involuntària per edat	0106020900050005	Nombre de prestacions econòmiques per desocupació involuntària per edat. 41-45 anys	2017	13
2833	Nombre de prestacions econòmiques per desocupació involuntària per edat	0106020900050005	Nombre de prestacions econòmiques per desocupació involuntària per edat. 41-45 anys	2018	9
2833	Nombre de prestacions econòmiques per desocupació involuntària per edat	0106020900050005	Nombre de prestacions econòmiques per desocupació involuntària per edat. 41-45 anys	2019	14
2833	Nombre de prestacions econòmiques per desocupació involuntària per edat	0106020900050005	Nombre de prestacions econòmiques per desocupació involuntària per edat. 41-45 anys	2020	41
2833	Nombre de prestacions econòmiques per desocupació involuntària per edat	0106020900050005	Nombre de prestacions econòmiques per desocupació involuntària per edat. 41-45 anys	2021	53
2833	Nombre de prestacions econòmiques per desocupació involuntària per edat	0106020900050005	Nombre de prestacions econòmiques per desocupació involuntària per edat. 41-45 anys	2022	10
2833	Nombre de prestacions econòmiques per desocupació involuntària per edat	0106020900050005	Nombre de prestacions econòmiques per desocupació involuntària per edat. 41-45 anys	2023	5
2833	Nombre de prestacions econòmiques per desocupació involuntària per edat	0106020900050005	Nombre de prestacions econòmiques per desocupació involuntària per edat. 41-45 anys	2024	6
2833	Nombre de prestacions econòmiques per desocupació involuntària per edat	0106020900050005	Nombre de prestacions econòmiques per desocupació involuntària per edat. 41-45 anys	2025	2
2833	Nombre de prestacions econòmiques per desocupació involuntària per edat	0106020900050006	Nombre de prestacions econòmiques per desocupació involuntària per edat. 46-50 anys	2015	22
2833	Nombre de prestacions econòmiques per desocupació involuntària per edat	0106020900050006	Nombre de prestacions econòmiques per desocupació involuntària per edat. 46-50 anys	2016	22
2833	Nombre de prestacions econòmiques per desocupació involuntària per edat	0106020900050006	Nombre de prestacions econòmiques per desocupació involuntària per edat. 46-50 anys	2017	10
2833	Nombre de prestacions econòmiques per desocupació involuntària per edat	0106020900050006	Nombre de prestacions econòmiques per desocupació involuntària per edat. 46-50 anys	2018	7
2833	Nombre de prestacions econòmiques per desocupació involuntària per edat	0106020900050006	Nombre de prestacions econòmiques per desocupació involuntària per edat. 46-50 anys	2019	12
2833	Nombre de prestacions econòmiques per desocupació involuntària per edat	0106020900050006	Nombre de prestacions econòmiques per desocupació involuntària per edat. 46-50 anys	2020	38
2833	Nombre de prestacions econòmiques per desocupació involuntària per edat	0106020900050006	Nombre de prestacions econòmiques per desocupació involuntària per edat. 46-50 anys	2021	46
2833	Nombre de prestacions econòmiques per desocupació involuntària per edat	0106020900050006	Nombre de prestacions econòmiques per desocupació involuntària per edat. 46-50 anys	2022	9
2833	Nombre de prestacions econòmiques per desocupació involuntària per edat	0106020900050006	Nombre de prestacions econòmiques per desocupació involuntària per edat. 46-50 anys	2023	10
2833	Nombre de prestacions econòmiques per desocupació involuntària per edat	0106020900050006	Nombre de prestacions econòmiques per desocupació involuntària per edat. 46-50 anys	2024	6
2833	Nombre de prestacions econòmiques per desocupació involuntària per edat	0106020900050006	Nombre de prestacions econòmiques per desocupació involuntària per edat. 46-50 anys	2025	6
2833	Nombre de prestacions econòmiques per desocupació involuntària per edat	0106020900050007	Nombre de prestacions econòmiques per desocupació involuntària per edat. 51-55 anys	2015	47
2833	Nombre de prestacions econòmiques per desocupació involuntària per edat	0106020900050007	Nombre de prestacions econòmiques per desocupació involuntària per edat. 51-55 anys	2016	53
2833	Nombre de prestacions econòmiques per desocupació involuntària per edat	0106020900050007	Nombre de prestacions econòmiques per desocupació involuntària per edat. 51-55 anys	2017	20
2833	Nombre de prestacions econòmiques per desocupació involuntària per edat	0106020900050007	Nombre de prestacions econòmiques per desocupació involuntària per edat. 51-55 anys	2018	13
2833	Nombre de prestacions econòmiques per desocupació involuntària per edat	0106020900050007	Nombre de prestacions econòmiques per desocupació involuntària per edat. 51-55 anys	2019	16
2833	Nombre de prestacions econòmiques per desocupació involuntària per edat	0106020900050007	Nombre de prestacions econòmiques per desocupació involuntària per edat. 51-55 anys	2020	32
2833	Nombre de prestacions econòmiques per desocupació involuntària per edat	0106020900050007	Nombre de prestacions econòmiques per desocupació involuntària per edat. 51-55 anys	2021	44
2833	Nombre de prestacions econòmiques per desocupació involuntària per edat	0106020900050007	Nombre de prestacions econòmiques per desocupació involuntària per edat. 51-55 anys	2022	15
2833	Nombre de prestacions econòmiques per desocupació involuntària per edat	0106020900050007	Nombre de prestacions econòmiques per desocupació involuntària per edat. 51-55 anys	2023	19
2833	Nombre de prestacions econòmiques per desocupació involuntària per edat	0106020900050007	Nombre de prestacions econòmiques per desocupació involuntària per edat. 51-55 anys	2024	10
2833	Nombre de prestacions econòmiques per desocupació involuntària per edat	0106020900050007	Nombre de prestacions econòmiques per desocupació involuntària per edat. 51-55 anys	2025	3
2833	Nombre de prestacions econòmiques per desocupació involuntària per edat	0106020900050008	Nombre de prestacions econòmiques per desocupació involuntària per edat. 56-60 anys	2015	37
2833	Nombre de prestacions econòmiques per desocupació involuntària per edat	0106020900050008	Nombre de prestacions econòmiques per desocupació involuntària per edat. 56-60 anys	2016	49
2833	Nombre de prestacions econòmiques per desocupació involuntària per edat	0106020900050008	Nombre de prestacions econòmiques per desocupació involuntària per edat. 56-60 anys	2017	21
2833	Nombre de prestacions econòmiques per desocupació involuntària per edat	0106020900050008	Nombre de prestacions econòmiques per desocupació involuntària per edat. 56-60 anys	2018	19
2833	Nombre de prestacions econòmiques per desocupació involuntària per edat	0106020900050008	Nombre de prestacions econòmiques per desocupació involuntària per edat. 56-60 anys	2019	19
2833	Nombre de prestacions econòmiques per desocupació involuntària per edat	0106020900050008	Nombre de prestacions econòmiques per desocupació involuntària per edat. 56-60 anys	2020	43
2833	Nombre de prestacions econòmiques per desocupació involuntària per edat	0106020900050008	Nombre de prestacions econòmiques per desocupació involuntària per edat. 56-60 anys	2021	54
2833	Nombre de prestacions econòmiques per desocupació involuntària per edat	0106020900050008	Nombre de prestacions econòmiques per desocupació involuntària per edat. 56-60 anys	2022	13
2833	Nombre de prestacions econòmiques per desocupació involuntària per edat	0106020900050008	Nombre de prestacions econòmiques per desocupació involuntària per edat. 56-60 anys	2023	4
2833	Nombre de prestacions econòmiques per desocupació involuntària per edat	0106020900050008	Nombre de prestacions econòmiques per desocupació involuntària per edat. 56-60 anys	2024	10
2833	Nombre de prestacions econòmiques per desocupació involuntària per edat	0106020900050008	Nombre de prestacions econòmiques per desocupació involuntària per edat. 56-60 anys	2025	7
2833	Nombre de prestacions econòmiques per desocupació involuntària per edat	0106020900050009	Nombre de prestacions econòmiques per desocupació involuntària per edat. 61-65 anys	2015	27
2833	Nombre de prestacions econòmiques per desocupació involuntària per edat	0106020900050009	Nombre de prestacions econòmiques per desocupació involuntària per edat. 61-65 anys	2016	23
2833	Nombre de prestacions econòmiques per desocupació involuntària per edat	0106020900050009	Nombre de prestacions econòmiques per desocupació involuntària per edat. 61-65 anys	2017	12
2833	Nombre de prestacions econòmiques per desocupació involuntària per edat	0106020900050009	Nombre de prestacions econòmiques per desocupació involuntària per edat. 61-65 anys	2018	12
2833	Nombre de prestacions econòmiques per desocupació involuntària per edat	0106020900050009	Nombre de prestacions econòmiques per desocupació involuntària per edat. 61-65 anys	2019	11
2833	Nombre de prestacions econòmiques per desocupació involuntària per edat	0106020900050009	Nombre de prestacions econòmiques per desocupació involuntària per edat. 61-65 anys	2020	23
2833	Nombre de prestacions econòmiques per desocupació involuntària per edat	0106020900050009	Nombre de prestacions econòmiques per desocupació involuntària per edat. 61-65 anys	2021	30
2833	Nombre de prestacions econòmiques per desocupació involuntària per edat	0106020900050009	Nombre de prestacions econòmiques per desocupació involuntària per edat. 61-65 anys	2022	14
2833	Nombre de prestacions econòmiques per desocupació involuntària per edat	0106020900050009	Nombre de prestacions econòmiques per desocupació involuntària per edat. 61-65 anys	2023	17
2833	Nombre de prestacions econòmiques per desocupació involuntària per edat	0106020900050009	Nombre de prestacions econòmiques per desocupació involuntària per edat. 61-65 anys	2024	14
2833	Nombre de prestacions econòmiques per desocupació involuntària per edat	0106020900050009	Nombre de prestacions econòmiques per desocupació involuntària per edat. 61-65 anys	2025	6
2833	Nombre de prestacions econòmiques per desocupació involuntària per edat	0106020900050010	Nombre de prestacions econòmiques per desocupació involuntària per edat. Altres	2015	0
2833	Nombre de prestacions econòmiques per desocupació involuntària per edat	0106020900050010	Nombre de prestacions econòmiques per desocupació involuntària per edat. Altres	2016	0
2833	Nombre de prestacions econòmiques per desocupació involuntària per edat	0106020900050010	Nombre de prestacions econòmiques per desocupació involuntària per edat. Altres	2017	9
2833	Nombre de prestacions econòmiques per desocupació involuntària per edat	0106020900050010	Nombre de prestacions econòmiques per desocupació involuntària per edat. Altres	2018	0
2833	Nombre de prestacions econòmiques per desocupació involuntària per edat	0106020900050010	Nombre de prestacions econòmiques per desocupació involuntària per edat. Altres	2019	0
2833	Nombre de prestacions econòmiques per desocupació involuntària per edat	0106020900050010	Nombre de prestacions econòmiques per desocupació involuntària per edat. Altres	2020	0
2833	Nombre de prestacions econòmiques per desocupació involuntària per edat	0106020900050010	Nombre de prestacions econòmiques per desocupació involuntària per edat. Altres	2021	0
2833	Nombre de prestacions econòmiques per desocupació involuntària per edat	0106020900050010	Nombre de prestacions econòmiques per desocupació involuntària per edat. Altres	2022	0
2833	Nombre de prestacions econòmiques per desocupació involuntària per edat	0106020900050010	Nombre de prestacions econòmiques per desocupació involuntària per edat. Altres	2023	0
2833	Nombre de prestacions econòmiques per desocupació involuntària per edat	0106020900050010	Nombre de prestacions econòmiques per desocupació involuntària per edat. Altres	2024	7
2833	Nombre de prestacions econòmiques per desocupació involuntària per edat	0106020900050010	Nombre de prestacions econòmiques per desocupació involuntària per edat. Altres	2025	0
2833	Nombre de prestacions econòmiques per desocupació involuntària per edat	0106020900050011	Nombre de prestacions econòmiques per desocupació involuntària per edat. Total	2015	235
2833	Nombre de prestacions econòmiques per desocupació involuntària per edat	0106020900050011	Nombre de prestacions econòmiques per desocupació involuntària per edat. Total	2016	255
2833	Nombre de prestacions econòmiques per desocupació involuntària per edat	0106020900050011	Nombre de prestacions econòmiques per desocupació involuntària per edat. Total	2017	107
2833	Nombre de prestacions econòmiques per desocupació involuntària per edat	0106020900050011	Nombre de prestacions econòmiques per desocupació involuntària per edat. Total	2018	74
2833	Nombre de prestacions econòmiques per desocupació involuntària per edat	0106020900050011	Nombre de prestacions econòmiques per desocupació involuntària per edat. Total	2019	97
2833	Nombre de prestacions econòmiques per desocupació involuntària per edat	0106020900050011	Nombre de prestacions econòmiques per desocupació involuntària per edat. Total	2020	290
2833	Nombre de prestacions econòmiques per desocupació involuntària per edat	0106020900050011	Nombre de prestacions econòmiques per desocupació involuntària per edat. Total	2021	385
2833	Nombre de prestacions econòmiques per desocupació involuntària per edat	0106020900050011	Nombre de prestacions econòmiques per desocupació involuntària per edat. Total	2022	83
2833	Nombre de prestacions econòmiques per desocupació involuntària per edat	0106020900050011	Nombre de prestacions econòmiques per desocupació involuntària per edat. Total	2023	70
2833	Nombre de prestacions econòmiques per desocupació involuntària per edat	0106020900050011	Nombre de prestacions econòmiques per desocupació involuntària per edat. Total	2024	71
2833	Nombre de prestacions econòmiques per desocupació involuntària per edat	0106020900050011	Nombre de prestacions econòmiques per desocupació involuntària per edat. Total	2025	31
2834	Nombre de prestacions econòmiques per desocupació involuntària per nacionalitat	0106020900060001	Nombre de prestacions econòmiques per desocupació involuntària per nacionalitat. Andorrana	2015	80
2834	Nombre de prestacions econòmiques per desocupació involuntària per nacionalitat	0106020900060001	Nombre de prestacions econòmiques per desocupació involuntària per nacionalitat. Andorrana	2016	80
2834	Nombre de prestacions econòmiques per desocupació involuntària per nacionalitat	0106020900060001	Nombre de prestacions econòmiques per desocupació involuntària per nacionalitat. Andorrana	2017	34
2834	Nombre de prestacions econòmiques per desocupació involuntària per nacionalitat	0106020900060001	Nombre de prestacions econòmiques per desocupació involuntària per nacionalitat. Andorrana	2018	34
2834	Nombre de prestacions econòmiques per desocupació involuntària per nacionalitat	0106020900060001	Nombre de prestacions econòmiques per desocupació involuntària per nacionalitat. Andorrana	2019	43
2834	Nombre de prestacions econòmiques per desocupació involuntària per nacionalitat	0106020900060001	Nombre de prestacions econòmiques per desocupació involuntària per nacionalitat. Andorrana	2020	83
2834	Nombre de prestacions econòmiques per desocupació involuntària per nacionalitat	0106020900060001	Nombre de prestacions econòmiques per desocupació involuntària per nacionalitat. Andorrana	2021	126
2834	Nombre de prestacions econòmiques per desocupació involuntària per nacionalitat	0106020900060001	Nombre de prestacions econòmiques per desocupació involuntària per nacionalitat. Andorrana	2022	38
2834	Nombre de prestacions econòmiques per desocupació involuntària per nacionalitat	0106020900060001	Nombre de prestacions econòmiques per desocupació involuntària per nacionalitat. Andorrana	2023	30
2834	Nombre de prestacions econòmiques per desocupació involuntària per nacionalitat	0106020900060001	Nombre de prestacions econòmiques per desocupació involuntària per nacionalitat. Andorrana	2024	34
2834	Nombre de prestacions econòmiques per desocupació involuntària per nacionalitat	0106020900060001	Nombre de prestacions econòmiques per desocupació involuntària per nacionalitat. Andorrana	2025	17
2834	Nombre de prestacions econòmiques per desocupació involuntària per nacionalitat	0106020900060002	Nombre de prestacions econòmiques per desocupació involuntària per nacionalitat. Espanyola	2015	72
2834	Nombre de prestacions econòmiques per desocupació involuntària per nacionalitat	0106020900060002	Nombre de prestacions econòmiques per desocupació involuntària per nacionalitat. Espanyola	2016	80
2834	Nombre de prestacions econòmiques per desocupació involuntària per nacionalitat	0106020900060002	Nombre de prestacions econòmiques per desocupació involuntària per nacionalitat. Espanyola	2017	36
2834	Nombre de prestacions econòmiques per desocupació involuntària per nacionalitat	0106020900060002	Nombre de prestacions econòmiques per desocupació involuntària per nacionalitat. Espanyola	2018	22
2834	Nombre de prestacions econòmiques per desocupació involuntària per nacionalitat	0106020900060002	Nombre de prestacions econòmiques per desocupació involuntària per nacionalitat. Espanyola	2019	30
2834	Nombre de prestacions econòmiques per desocupació involuntària per nacionalitat	0106020900060002	Nombre de prestacions econòmiques per desocupació involuntària per nacionalitat. Espanyola	2020	100
2834	Nombre de prestacions econòmiques per desocupació involuntària per nacionalitat	0106020900060002	Nombre de prestacions econòmiques per desocupació involuntària per nacionalitat. Espanyola	2021	119
2834	Nombre de prestacions econòmiques per desocupació involuntària per nacionalitat	0106020900060002	Nombre de prestacions econòmiques per desocupació involuntària per nacionalitat. Espanyola	2022	30
2834	Nombre de prestacions econòmiques per desocupació involuntària per nacionalitat	0106020900060002	Nombre de prestacions econòmiques per desocupació involuntària per nacionalitat. Espanyola	2023	25
2834	Nombre de prestacions econòmiques per desocupació involuntària per nacionalitat	0106020900060002	Nombre de prestacions econòmiques per desocupació involuntària per nacionalitat. Espanyola	2024	17
2834	Nombre de prestacions econòmiques per desocupació involuntària per nacionalitat	0106020900060002	Nombre de prestacions econòmiques per desocupació involuntària per nacionalitat. Espanyola	2025	5
2834	Nombre de prestacions econòmiques per desocupació involuntària per nacionalitat	0106020900060003	Nombre de prestacions econòmiques per desocupació involuntària per nacionalitat. Francesa	2015	6
2834	Nombre de prestacions econòmiques per desocupació involuntària per nacionalitat	0106020900060003	Nombre de prestacions econòmiques per desocupació involuntària per nacionalitat. Francesa	2016	10
2834	Nombre de prestacions econòmiques per desocupació involuntària per nacionalitat	0106020900060003	Nombre de prestacions econòmiques per desocupació involuntària per nacionalitat. Francesa	2017	6
2834	Nombre de prestacions econòmiques per desocupació involuntària per nacionalitat	0106020900060003	Nombre de prestacions econòmiques per desocupació involuntària per nacionalitat. Francesa	2018	1
2834	Nombre de prestacions econòmiques per desocupació involuntària per nacionalitat	0106020900060003	Nombre de prestacions econòmiques per desocupació involuntària per nacionalitat. Francesa	2019	2
2834	Nombre de prestacions econòmiques per desocupació involuntària per nacionalitat	0106020900060003	Nombre de prestacions econòmiques per desocupació involuntària per nacionalitat. Francesa	2020	5
2834	Nombre de prestacions econòmiques per desocupació involuntària per nacionalitat	0106020900060003	Nombre de prestacions econòmiques per desocupació involuntària per nacionalitat. Francesa	2021	9
2834	Nombre de prestacions econòmiques per desocupació involuntària per nacionalitat	0106020900060003	Nombre de prestacions econòmiques per desocupació involuntària per nacionalitat. Francesa	2022	1
2834	Nombre de prestacions econòmiques per desocupació involuntària per nacionalitat	0106020900060003	Nombre de prestacions econòmiques per desocupació involuntària per nacionalitat. Francesa	2023	2
2834	Nombre de prestacions econòmiques per desocupació involuntària per nacionalitat	0106020900060003	Nombre de prestacions econòmiques per desocupació involuntària per nacionalitat. Francesa	2024	4
2834	Nombre de prestacions econòmiques per desocupació involuntària per nacionalitat	0106020900060003	Nombre de prestacions econòmiques per desocupació involuntària per nacionalitat. Francesa	2025	2
2834	Nombre de prestacions econòmiques per desocupació involuntària per nacionalitat	0106020900060004	Nombre de prestacions econòmiques per desocupació involuntària per nacionalitat. Portuguesa	2015	53
2834	Nombre de prestacions econòmiques per desocupació involuntària per nacionalitat	0106020900060004	Nombre de prestacions econòmiques per desocupació involuntària per nacionalitat. Portuguesa	2016	51
2834	Nombre de prestacions econòmiques per desocupació involuntària per nacionalitat	0106020900060004	Nombre de prestacions econòmiques per desocupació involuntària per nacionalitat. Portuguesa	2017	13
2834	Nombre de prestacions econòmiques per desocupació involuntària per nacionalitat	0106020900060004	Nombre de prestacions econòmiques per desocupació involuntària per nacionalitat. Portuguesa	2018	7
2834	Nombre de prestacions econòmiques per desocupació involuntària per nacionalitat	0106020900060004	Nombre de prestacions econòmiques per desocupació involuntària per nacionalitat. Portuguesa	2019	10
2834	Nombre de prestacions econòmiques per desocupació involuntària per nacionalitat	0106020900060004	Nombre de prestacions econòmiques per desocupació involuntària per nacionalitat. Portuguesa	2020	36
2834	Nombre de prestacions econòmiques per desocupació involuntària per nacionalitat	0106020900060004	Nombre de prestacions econòmiques per desocupació involuntària per nacionalitat. Portuguesa	2021	36
2834	Nombre de prestacions econòmiques per desocupació involuntària per nacionalitat	0106020900060004	Nombre de prestacions econòmiques per desocupació involuntària per nacionalitat. Portuguesa	2022	6
2834	Nombre de prestacions econòmiques per desocupació involuntària per nacionalitat	0106020900060004	Nombre de prestacions econòmiques per desocupació involuntària per nacionalitat. Portuguesa	2023	6
2834	Nombre de prestacions econòmiques per desocupació involuntària per nacionalitat	0106020900060004	Nombre de prestacions econòmiques per desocupació involuntària per nacionalitat. Portuguesa	2024	4
2834	Nombre de prestacions econòmiques per desocupació involuntària per nacionalitat	0106020900060004	Nombre de prestacions econòmiques per desocupació involuntària per nacionalitat. Portuguesa	2025	0
2834	Nombre de prestacions econòmiques per desocupació involuntària per nacionalitat	0106020900060005	Nombre de prestacions econòmiques per desocupació involuntària per nacionalitat. Altres	2015	24
2834	Nombre de prestacions econòmiques per desocupació involuntària per nacionalitat	0106020900060005	Nombre de prestacions econòmiques per desocupació involuntària per nacionalitat. Altres	2016	34
2834	Nombre de prestacions econòmiques per desocupació involuntària per nacionalitat	0106020900060005	Nombre de prestacions econòmiques per desocupació involuntària per nacionalitat. Altres	2017	18
2834	Nombre de prestacions econòmiques per desocupació involuntària per nacionalitat	0106020900060005	Nombre de prestacions econòmiques per desocupació involuntària per nacionalitat. Altres	2018	10
2834	Nombre de prestacions econòmiques per desocupació involuntària per nacionalitat	0106020900060005	Nombre de prestacions econòmiques per desocupació involuntària per nacionalitat. Altres	2019	12
2834	Nombre de prestacions econòmiques per desocupació involuntària per nacionalitat	0106020900060005	Nombre de prestacions econòmiques per desocupació involuntària per nacionalitat. Altres	2020	66
2834	Nombre de prestacions econòmiques per desocupació involuntària per nacionalitat	0106020900060005	Nombre de prestacions econòmiques per desocupació involuntària per nacionalitat. Altres	2021	95
2834	Nombre de prestacions econòmiques per desocupació involuntària per nacionalitat	0106020900060005	Nombre de prestacions econòmiques per desocupació involuntària per nacionalitat. Altres	2022	8
2834	Nombre de prestacions econòmiques per desocupació involuntària per nacionalitat	0106020900060005	Nombre de prestacions econòmiques per desocupació involuntària per nacionalitat. Altres	2023	7
2834	Nombre de prestacions econòmiques per desocupació involuntària per nacionalitat	0106020900060005	Nombre de prestacions econòmiques per desocupació involuntària per nacionalitat. Altres	2024	12
2834	Nombre de prestacions econòmiques per desocupació involuntària per nacionalitat	0106020900060005	Nombre de prestacions econòmiques per desocupació involuntària per nacionalitat. Altres	2025	7
2834	Nombre de prestacions econòmiques per desocupació involuntària per nacionalitat	0106020900060006	Nombre de prestacions econòmiques per desocupació involuntària per nacionalitat. Total	2015	235
2834	Nombre de prestacions econòmiques per desocupació involuntària per nacionalitat	0106020900060006	Nombre de prestacions econòmiques per desocupació involuntària per nacionalitat. Total	2016	255
2834	Nombre de prestacions econòmiques per desocupació involuntària per nacionalitat	0106020900060006	Nombre de prestacions econòmiques per desocupació involuntària per nacionalitat. Total	2017	107
2834	Nombre de prestacions econòmiques per desocupació involuntària per nacionalitat	0106020900060006	Nombre de prestacions econòmiques per desocupació involuntària per nacionalitat. Total	2018	74
2834	Nombre de prestacions econòmiques per desocupació involuntària per nacionalitat	0106020900060006	Nombre de prestacions econòmiques per desocupació involuntària per nacionalitat. Total	2019	97
2834	Nombre de prestacions econòmiques per desocupació involuntària per nacionalitat	0106020900060006	Nombre de prestacions econòmiques per desocupació involuntària per nacionalitat. Total	2020	290
2834	Nombre de prestacions econòmiques per desocupació involuntària per nacionalitat	0106020900060006	Nombre de prestacions econòmiques per desocupació involuntària per nacionalitat. Total	2021	385
2834	Nombre de prestacions econòmiques per desocupació involuntària per nacionalitat	0106020900060006	Nombre de prestacions econòmiques per desocupació involuntària per nacionalitat. Total	2022	83
2834	Nombre de prestacions econòmiques per desocupació involuntària per nacionalitat	0106020900060006	Nombre de prestacions econòmiques per desocupació involuntària per nacionalitat. Total	2023	70
2834	Nombre de prestacions econòmiques per desocupació involuntària per nacionalitat	0106020900060006	Nombre de prestacions econòmiques per desocupació involuntària per nacionalitat. Total	2024	71
2834	Nombre de prestacions econòmiques per desocupació involuntària per nacionalitat	0106020900060006	Nombre de prestacions econòmiques per desocupació involuntària per nacionalitat. Total	2025	31
2835	Nombre de prestacions econòmiques per desocupació involuntària per parròquia	0106020900070001	Nombre de prestacions econòmiques per desocupació involuntària per parròquia. Canillo	2015	14
2835	Nombre de prestacions econòmiques per desocupació involuntària per parròquia	0106020900070001	Nombre de prestacions econòmiques per desocupació involuntària per parròquia. Canillo	2016	38
2835	Nombre de prestacions econòmiques per desocupació involuntària per parròquia	0106020900070001	Nombre de prestacions econòmiques per desocupació involuntària per parròquia. Canillo	2017	15
2835	Nombre de prestacions econòmiques per desocupació involuntària per parròquia	0106020900070001	Nombre de prestacions econòmiques per desocupació involuntària per parròquia. Canillo	2018	9
2835	Nombre de prestacions econòmiques per desocupació involuntària per parròquia	0106020900070001	Nombre de prestacions econòmiques per desocupació involuntària per parròquia. Canillo	2019	2
2835	Nombre de prestacions econòmiques per desocupació involuntària per parròquia	0106020900070001	Nombre de prestacions econòmiques per desocupació involuntària per parròquia. Canillo	2020	25
2835	Nombre de prestacions econòmiques per desocupació involuntària per parròquia	0106020900070001	Nombre de prestacions econòmiques per desocupació involuntària per parròquia. Canillo	2021	50
2835	Nombre de prestacions econòmiques per desocupació involuntària per parròquia	0106020900070001	Nombre de prestacions econòmiques per desocupació involuntària per parròquia. Canillo	2022	14
2835	Nombre de prestacions econòmiques per desocupació involuntària per parròquia	0106020900070001	Nombre de prestacions econòmiques per desocupació involuntària per parròquia. Canillo	2023	3
2835	Nombre de prestacions econòmiques per desocupació involuntària per parròquia	0106020900070001	Nombre de prestacions econòmiques per desocupació involuntària per parròquia. Canillo	2024	6
2835	Nombre de prestacions econòmiques per desocupació involuntària per parròquia	0106020900070001	Nombre de prestacions econòmiques per desocupació involuntària per parròquia. Canillo	2025	3
2835	Nombre de prestacions econòmiques per desocupació involuntària per parròquia	0106020900070002	Nombre de prestacions econòmiques per desocupació involuntària per parròquia. Encamp	2015	40
2835	Nombre de prestacions econòmiques per desocupació involuntària per parròquia	0106020900070002	Nombre de prestacions econòmiques per desocupació involuntària per parròquia. Encamp	2016	28
2835	Nombre de prestacions econòmiques per desocupació involuntària per parròquia	0106020900070002	Nombre de prestacions econòmiques per desocupació involuntària per parròquia. Encamp	2017	14
2835	Nombre de prestacions econòmiques per desocupació involuntària per parròquia	0106020900070002	Nombre de prestacions econòmiques per desocupació involuntària per parròquia. Encamp	2018	14
2835	Nombre de prestacions econòmiques per desocupació involuntària per parròquia	0106020900070002	Nombre de prestacions econòmiques per desocupació involuntària per parròquia. Encamp	2019	16
2835	Nombre de prestacions econòmiques per desocupació involuntària per parròquia	0106020900070002	Nombre de prestacions econòmiques per desocupació involuntària per parròquia. Encamp	2020	44
2835	Nombre de prestacions econòmiques per desocupació involuntària per parròquia	0106020900070002	Nombre de prestacions econòmiques per desocupació involuntària per parròquia. Encamp	2021	74
2835	Nombre de prestacions econòmiques per desocupació involuntària per parròquia	0106020900070002	Nombre de prestacions econòmiques per desocupació involuntària per parròquia. Encamp	2022	14
2835	Nombre de prestacions econòmiques per desocupació involuntària per parròquia	0106020900070002	Nombre de prestacions econòmiques per desocupació involuntària per parròquia. Encamp	2023	11
2835	Nombre de prestacions econòmiques per desocupació involuntària per parròquia	0106020900070002	Nombre de prestacions econòmiques per desocupació involuntària per parròquia. Encamp	2024	11
2835	Nombre de prestacions econòmiques per desocupació involuntària per parròquia	0106020900070002	Nombre de prestacions econòmiques per desocupació involuntària per parròquia. Encamp	2025	5
2835	Nombre de prestacions econòmiques per desocupació involuntària per parròquia	0106020900070003	Nombre de prestacions econòmiques per desocupació involuntària per parròquia. Ordino	2015	8
2835	Nombre de prestacions econòmiques per desocupació involuntària per parròquia	0106020900070003	Nombre de prestacions econòmiques per desocupació involuntària per parròquia. Ordino	2016	5
2835	Nombre de prestacions econòmiques per desocupació involuntària per parròquia	0106020900070003	Nombre de prestacions econòmiques per desocupació involuntària per parròquia. Ordino	2017	1
2835	Nombre de prestacions econòmiques per desocupació involuntària per parròquia	0106020900070003	Nombre de prestacions econòmiques per desocupació involuntària per parròquia. Ordino	2018	1
2835	Nombre de prestacions econòmiques per desocupació involuntària per parròquia	0106020900070003	Nombre de prestacions econòmiques per desocupació involuntària per parròquia. Ordino	2019	2
2835	Nombre de prestacions econòmiques per desocupació involuntària per parròquia	0106020900070003	Nombre de prestacions econòmiques per desocupació involuntària per parròquia. Ordino	2020	7
2835	Nombre de prestacions econòmiques per desocupació involuntària per parròquia	0106020900070003	Nombre de prestacions econòmiques per desocupació involuntària per parròquia. Ordino	2021	13
2835	Nombre de prestacions econòmiques per desocupació involuntària per parròquia	0106020900070003	Nombre de prestacions econòmiques per desocupació involuntària per parròquia. Ordino	2022	5
2835	Nombre de prestacions econòmiques per desocupació involuntària per parròquia	0106020900070003	Nombre de prestacions econòmiques per desocupació involuntària per parròquia. Ordino	2023	2
2835	Nombre de prestacions econòmiques per desocupació involuntària per parròquia	0106020900070003	Nombre de prestacions econòmiques per desocupació involuntària per parròquia. Ordino	2024	7
2835	Nombre de prestacions econòmiques per desocupació involuntària per parròquia	0106020900070003	Nombre de prestacions econòmiques per desocupació involuntària per parròquia. Ordino	2025	1
2835	Nombre de prestacions econòmiques per desocupació involuntària per parròquia	0106020900070004	Nombre de prestacions econòmiques per desocupació involuntària per parròquia. La Massana	2015	19
2835	Nombre de prestacions econòmiques per desocupació involuntària per parròquia	0106020900070004	Nombre de prestacions econòmiques per desocupació involuntària per parròquia. La Massana	2016	22
2835	Nombre de prestacions econòmiques per desocupació involuntària per parròquia	0106020900070004	Nombre de prestacions econòmiques per desocupació involuntària per parròquia. La Massana	2017	14
2835	Nombre de prestacions econòmiques per desocupació involuntària per parròquia	0106020900070004	Nombre de prestacions econòmiques per desocupació involuntària per parròquia. La Massana	2018	5
2835	Nombre de prestacions econòmiques per desocupació involuntària per parròquia	0106020900070004	Nombre de prestacions econòmiques per desocupació involuntària per parròquia. La Massana	2019	12
2835	Nombre de prestacions econòmiques per desocupació involuntària per parròquia	0106020900070004	Nombre de prestacions econòmiques per desocupació involuntària per parròquia. La Massana	2020	30
2835	Nombre de prestacions econòmiques per desocupació involuntària per parròquia	0106020900070004	Nombre de prestacions econòmiques per desocupació involuntària per parròquia. La Massana	2021	38
2835	Nombre de prestacions econòmiques per desocupació involuntària per parròquia	0106020900070004	Nombre de prestacions econòmiques per desocupació involuntària per parròquia. La Massana	2022	6
2835	Nombre de prestacions econòmiques per desocupació involuntària per parròquia	0106020900070004	Nombre de prestacions econòmiques per desocupació involuntària per parròquia. La Massana	2023	10
2835	Nombre de prestacions econòmiques per desocupació involuntària per parròquia	0106020900070004	Nombre de prestacions econòmiques per desocupació involuntària per parròquia. La Massana	2024	8
2835	Nombre de prestacions econòmiques per desocupació involuntària per parròquia	0106020900070004	Nombre de prestacions econòmiques per desocupació involuntària per parròquia. La Massana	2025	6
2835	Nombre de prestacions econòmiques per desocupació involuntària per parròquia	0106020900070005	Nombre de prestacions econòmiques per desocupació involuntària per parròquia. Andorra la Vella	2015	84
2835	Nombre de prestacions econòmiques per desocupació involuntària per parròquia	0106020900070005	Nombre de prestacions econòmiques per desocupació involuntària per parròquia. Andorra la Vella	2016	93
2835	Nombre de prestacions econòmiques per desocupació involuntària per parròquia	0106020900070005	Nombre de prestacions econòmiques per desocupació involuntària per parròquia. Andorra la Vella	2017	28
2835	Nombre de prestacions econòmiques per desocupació involuntària per parròquia	0106020900070005	Nombre de prestacions econòmiques per desocupació involuntària per parròquia. Andorra la Vella	2018	20
2835	Nombre de prestacions econòmiques per desocupació involuntària per parròquia	0106020900070005	Nombre de prestacions econòmiques per desocupació involuntària per parròquia. Andorra la Vella	2019	35
2835	Nombre de prestacions econòmiques per desocupació involuntària per parròquia	0106020900070005	Nombre de prestacions econòmiques per desocupació involuntària per parròquia. Andorra la Vella	2020	99
2835	Nombre de prestacions econòmiques per desocupació involuntària per parròquia	0106020900070005	Nombre de prestacions econòmiques per desocupació involuntària per parròquia. Andorra la Vella	2021	135
2835	Nombre de prestacions econòmiques per desocupació involuntària per parròquia	0106020900070005	Nombre de prestacions econòmiques per desocupació involuntària per parròquia. Andorra la Vella	2022	21
2835	Nombre de prestacions econòmiques per desocupació involuntària per parròquia	0106020900070005	Nombre de prestacions econòmiques per desocupació involuntària per parròquia. Andorra la Vella	2023	21
2835	Nombre de prestacions econòmiques per desocupació involuntària per parròquia	0106020900070005	Nombre de prestacions econòmiques per desocupació involuntària per parròquia. Andorra la Vella	2024	24
2835	Nombre de prestacions econòmiques per desocupació involuntària per parròquia	0106020900070005	Nombre de prestacions econòmiques per desocupació involuntària per parròquia. Andorra la Vella	2025	13
2835	Nombre de prestacions econòmiques per desocupació involuntària per parròquia	0106020900070006	Nombre de prestacions econòmiques per desocupació involuntària per parròquia. Sant Julià de Lòria	2015	24
2835	Nombre de prestacions econòmiques per desocupació involuntària per parròquia	0106020900070006	Nombre de prestacions econòmiques per desocupació involuntària per parròquia. Sant Julià de Lòria	2016	38
2835	Nombre de prestacions econòmiques per desocupació involuntària per parròquia	0106020900070006	Nombre de prestacions econòmiques per desocupació involuntària per parròquia. Sant Julià de Lòria	2017	15
2835	Nombre de prestacions econòmiques per desocupació involuntària per parròquia	0106020900070006	Nombre de prestacions econòmiques per desocupació involuntària per parròquia. Sant Julià de Lòria	2018	11
2835	Nombre de prestacions econòmiques per desocupació involuntària per parròquia	0106020900070006	Nombre de prestacions econòmiques per desocupació involuntària per parròquia. Sant Julià de Lòria	2019	13
2835	Nombre de prestacions econòmiques per desocupació involuntària per parròquia	0106020900070006	Nombre de prestacions econòmiques per desocupació involuntària per parròquia. Sant Julià de Lòria	2020	24
2835	Nombre de prestacions econòmiques per desocupació involuntària per parròquia	0106020900070006	Nombre de prestacions econòmiques per desocupació involuntària per parròquia. Sant Julià de Lòria	2021	35
2835	Nombre de prestacions econòmiques per desocupació involuntària per parròquia	0106020900070006	Nombre de prestacions econòmiques per desocupació involuntària per parròquia. Sant Julià de Lòria	2022	9
2835	Nombre de prestacions econòmiques per desocupació involuntària per parròquia	0106020900070006	Nombre de prestacions econòmiques per desocupació involuntària per parròquia. Sant Julià de Lòria	2023	4
2835	Nombre de prestacions econòmiques per desocupació involuntària per parròquia	0106020900070006	Nombre de prestacions econòmiques per desocupació involuntària per parròquia. Sant Julià de Lòria	2024	7
2835	Nombre de prestacions econòmiques per desocupació involuntària per parròquia	0106020900070006	Nombre de prestacions econòmiques per desocupació involuntària per parròquia. Sant Julià de Lòria	2025	1
2835	Nombre de prestacions econòmiques per desocupació involuntària per parròquia	0106020900070007	Nombre de prestacions econòmiques per desocupació involuntària per parròquia. Escaldes-Engordany	2015	46
2835	Nombre de prestacions econòmiques per desocupació involuntària per parròquia	0106020900070007	Nombre de prestacions econòmiques per desocupació involuntària per parròquia. Escaldes-Engordany	2016	31
2835	Nombre de prestacions econòmiques per desocupació involuntària per parròquia	0106020900070007	Nombre de prestacions econòmiques per desocupació involuntària per parròquia. Escaldes-Engordany	2017	20
2835	Nombre de prestacions econòmiques per desocupació involuntària per parròquia	0106020900070007	Nombre de prestacions econòmiques per desocupació involuntària per parròquia. Escaldes-Engordany	2018	14
2835	Nombre de prestacions econòmiques per desocupació involuntària per parròquia	0106020900070007	Nombre de prestacions econòmiques per desocupació involuntària per parròquia. Escaldes-Engordany	2019	17
2835	Nombre de prestacions econòmiques per desocupació involuntària per parròquia	0106020900070007	Nombre de prestacions econòmiques per desocupació involuntària per parròquia. Escaldes-Engordany	2020	61
2835	Nombre de prestacions econòmiques per desocupació involuntària per parròquia	0106020900070007	Nombre de prestacions econòmiques per desocupació involuntària per parròquia. Escaldes-Engordany	2021	40
2835	Nombre de prestacions econòmiques per desocupació involuntària per parròquia	0106020900070007	Nombre de prestacions econòmiques per desocupació involuntària per parròquia. Escaldes-Engordany	2022	14
2835	Nombre de prestacions econòmiques per desocupació involuntària per parròquia	0106020900070007	Nombre de prestacions econòmiques per desocupació involuntària per parròquia. Escaldes-Engordany	2023	19
2835	Nombre de prestacions econòmiques per desocupació involuntària per parròquia	0106020900070007	Nombre de prestacions econòmiques per desocupació involuntària per parròquia. Escaldes-Engordany	2024	8
2835	Nombre de prestacions econòmiques per desocupació involuntària per parròquia	0106020900070007	Nombre de prestacions econòmiques per desocupació involuntària per parròquia. Escaldes-Engordany	2025	2
2835	Nombre de prestacions econòmiques per desocupació involuntària per parròquia	0106020900070008	Nombre de prestacions econòmiques per desocupació involuntària per parròquia. Total	2015	235
2835	Nombre de prestacions econòmiques per desocupació involuntària per parròquia	0106020900070008	Nombre de prestacions econòmiques per desocupació involuntària per parròquia. Total	2016	255
2835	Nombre de prestacions econòmiques per desocupació involuntària per parròquia	0106020900070008	Nombre de prestacions econòmiques per desocupació involuntària per parròquia. Total	2017	107
2835	Nombre de prestacions econòmiques per desocupació involuntària per parròquia	0106020900070008	Nombre de prestacions econòmiques per desocupació involuntària per parròquia. Total	2018	74
2835	Nombre de prestacions econòmiques per desocupació involuntària per parròquia	0106020900070008	Nombre de prestacions econòmiques per desocupació involuntària per parròquia. Total	2019	97
2835	Nombre de prestacions econòmiques per desocupació involuntària per parròquia	0106020900070008	Nombre de prestacions econòmiques per desocupació involuntària per parròquia. Total	2020	290
2835	Nombre de prestacions econòmiques per desocupació involuntària per parròquia	0106020900070008	Nombre de prestacions econòmiques per desocupació involuntària per parròquia. Total	2021	385
2835	Nombre de prestacions econòmiques per desocupació involuntària per parròquia	0106020900070008	Nombre de prestacions econòmiques per desocupació involuntària per parròquia. Total	2022	83
2835	Nombre de prestacions econòmiques per desocupació involuntària per parròquia	0106020900070008	Nombre de prestacions econòmiques per desocupació involuntària per parròquia. Total	2023	70
2835	Nombre de prestacions econòmiques per desocupació involuntària per parròquia	0106020900070008	Nombre de prestacions econòmiques per desocupació involuntària per parròquia. Total	2024	71
2835	Nombre de prestacions econòmiques per desocupació involuntària per parròquia	0106020900070008	Nombre de prestacions econòmiques per desocupació involuntària per parròquia. Total	2025	31
2836	Nombre de prestacions econòmiques per desocupació involuntària per tipus de familia	0106020900080001	Nombre de prestacions econòmiques per desocupació involuntària per tipus de familia. Unipersonal	2015	91
2836	Nombre de prestacions econòmiques per desocupació involuntària per tipus de familia	0106020900080001	Nombre de prestacions econòmiques per desocupació involuntària per tipus de familia. Unipersonal	2016	111
2836	Nombre de prestacions econòmiques per desocupació involuntària per tipus de familia	0106020900080001	Nombre de prestacions econòmiques per desocupació involuntària per tipus de familia. Unipersonal	2017	54
2836	Nombre de prestacions econòmiques per desocupació involuntària per tipus de familia	0106020900080001	Nombre de prestacions econòmiques per desocupació involuntària per tipus de familia. Unipersonal	2018	33
2836	Nombre de prestacions econòmiques per desocupació involuntària per tipus de familia	0106020900080001	Nombre de prestacions econòmiques per desocupació involuntària per tipus de familia. Unipersonal	2019	44
2836	Nombre de prestacions econòmiques per desocupació involuntària per tipus de familia	0106020900080001	Nombre de prestacions econòmiques per desocupació involuntària per tipus de familia. Unipersonal	2020	113
2836	Nombre de prestacions econòmiques per desocupació involuntària per tipus de familia	0106020900080001	Nombre de prestacions econòmiques per desocupació involuntària per tipus de familia. Unipersonal	2021	179
2836	Nombre de prestacions econòmiques per desocupació involuntària per tipus de familia	0106020900080001	Nombre de prestacions econòmiques per desocupació involuntària per tipus de familia. Unipersonal	2022	54
2836	Nombre de prestacions econòmiques per desocupació involuntària per tipus de familia	0106020900080001	Nombre de prestacions econòmiques per desocupació involuntària per tipus de familia. Unipersonal	2023	28
2836	Nombre de prestacions econòmiques per desocupació involuntària per tipus de familia	0106020900080001	Nombre de prestacions econòmiques per desocupació involuntària per tipus de familia. Unipersonal	2024	26
2836	Nombre de prestacions econòmiques per desocupació involuntària per tipus de familia	0106020900080001	Nombre de prestacions econòmiques per desocupació involuntària per tipus de familia. Unipersonal	2025	15
2836	Nombre de prestacions econòmiques per desocupació involuntària per tipus de familia	0106020900080002	Nombre de prestacions econòmiques per desocupació involuntària per tipus de familia. Nuclear	2015	51
2836	Nombre de prestacions econòmiques per desocupació involuntària per tipus de familia	0106020900080002	Nombre de prestacions econòmiques per desocupació involuntària per tipus de familia. Nuclear	2016	57
2836	Nombre de prestacions econòmiques per desocupació involuntària per tipus de familia	0106020900080002	Nombre de prestacions econòmiques per desocupació involuntària per tipus de familia. Nuclear	2017	19
2836	Nombre de prestacions econòmiques per desocupació involuntària per tipus de familia	0106020900080002	Nombre de prestacions econòmiques per desocupació involuntària per tipus de familia. Nuclear	2018	16
2836	Nombre de prestacions econòmiques per desocupació involuntària per tipus de familia	0106020900080002	Nombre de prestacions econòmiques per desocupació involuntària per tipus de familia. Nuclear	2019	24
2836	Nombre de prestacions econòmiques per desocupació involuntària per tipus de familia	0106020900080002	Nombre de prestacions econòmiques per desocupació involuntària per tipus de familia. Nuclear	2020	57
2836	Nombre de prestacions econòmiques per desocupació involuntària per tipus de familia	0106020900080002	Nombre de prestacions econòmiques per desocupació involuntària per tipus de familia. Nuclear	2021	84
2836	Nombre de prestacions econòmiques per desocupació involuntària per tipus de familia	0106020900080002	Nombre de prestacions econòmiques per desocupació involuntària per tipus de familia. Nuclear	2022	6
2836	Nombre de prestacions econòmiques per desocupació involuntària per tipus de familia	0106020900080002	Nombre de prestacions econòmiques per desocupació involuntària per tipus de familia. Nuclear	2023	9
2836	Nombre de prestacions econòmiques per desocupació involuntària per tipus de familia	0106020900080002	Nombre de prestacions econòmiques per desocupació involuntària per tipus de familia. Nuclear	2024	12
2836	Nombre de prestacions econòmiques per desocupació involuntària per tipus de familia	0106020900080002	Nombre de prestacions econòmiques per desocupació involuntària per tipus de familia. Nuclear	2025	3
2836	Nombre de prestacions econòmiques per desocupació involuntària per tipus de familia	0106020900080003	Nombre de prestacions econòmiques per desocupació involuntària per tipus de familia. Monoparental	2015	33
2836	Nombre de prestacions econòmiques per desocupació involuntària per tipus de familia	0106020900080003	Nombre de prestacions econòmiques per desocupació involuntària per tipus de familia. Monoparental	2016	48
2836	Nombre de prestacions econòmiques per desocupació involuntària per tipus de familia	0106020900080003	Nombre de prestacions econòmiques per desocupació involuntària per tipus de familia. Monoparental	2017	14
2836	Nombre de prestacions econòmiques per desocupació involuntària per tipus de familia	0106020900080003	Nombre de prestacions econòmiques per desocupació involuntària per tipus de familia. Monoparental	2018	11
2836	Nombre de prestacions econòmiques per desocupació involuntària per tipus de familia	0106020900080003	Nombre de prestacions econòmiques per desocupació involuntària per tipus de familia. Monoparental	2019	20
2836	Nombre de prestacions econòmiques per desocupació involuntària per tipus de familia	0106020900080003	Nombre de prestacions econòmiques per desocupació involuntària per tipus de familia. Monoparental	2020	53
2836	Nombre de prestacions econòmiques per desocupació involuntària per tipus de familia	0106020900080003	Nombre de prestacions econòmiques per desocupació involuntària per tipus de familia. Monoparental	2021	53
2836	Nombre de prestacions econòmiques per desocupació involuntària per tipus de familia	0106020900080003	Nombre de prestacions econòmiques per desocupació involuntària per tipus de familia. Monoparental	2022	11
2836	Nombre de prestacions econòmiques per desocupació involuntària per tipus de familia	0106020900080003	Nombre de prestacions econòmiques per desocupació involuntària per tipus de familia. Monoparental	2023	14
2836	Nombre de prestacions econòmiques per desocupació involuntària per tipus de familia	0106020900080003	Nombre de prestacions econòmiques per desocupació involuntària per tipus de familia. Monoparental	2024	14
2836	Nombre de prestacions econòmiques per desocupació involuntària per tipus de familia	0106020900080003	Nombre de prestacions econòmiques per desocupació involuntària per tipus de familia. Monoparental	2025	1
2836	Nombre de prestacions econòmiques per desocupació involuntària per tipus de familia	0106020900080004	Nombre de prestacions econòmiques per desocupació involuntària per tipus de familia. Parella	2015	44
2836	Nombre de prestacions econòmiques per desocupació involuntària per tipus de familia	0106020900080004	Nombre de prestacions econòmiques per desocupació involuntària per tipus de familia. Parella	2016	30
2836	Nombre de prestacions econòmiques per desocupació involuntària per tipus de familia	0106020900080004	Nombre de prestacions econòmiques per desocupació involuntària per tipus de familia. Parella	2017	12
2836	Nombre de prestacions econòmiques per desocupació involuntària per tipus de familia	0106020900080004	Nombre de prestacions econòmiques per desocupació involuntària per tipus de familia. Parella	2018	8
2836	Nombre de prestacions econòmiques per desocupació involuntària per tipus de familia	0106020900080004	Nombre de prestacions econòmiques per desocupació involuntària per tipus de familia. Parella	2019	5
2836	Nombre de prestacions econòmiques per desocupació involuntària per tipus de familia	0106020900080004	Nombre de prestacions econòmiques per desocupació involuntària per tipus de familia. Parella	2020	29
2836	Nombre de prestacions econòmiques per desocupació involuntària per tipus de familia	0106020900080004	Nombre de prestacions econòmiques per desocupació involuntària per tipus de familia. Parella	2021	42
2836	Nombre de prestacions econòmiques per desocupació involuntària per tipus de familia	0106020900080004	Nombre de prestacions econòmiques per desocupació involuntària per tipus de familia. Parella	2022	6
2836	Nombre de prestacions econòmiques per desocupació involuntària per tipus de familia	0106020900080004	Nombre de prestacions econòmiques per desocupació involuntària per tipus de familia. Parella	2023	6
2836	Nombre de prestacions econòmiques per desocupació involuntària per tipus de familia	0106020900080004	Nombre de prestacions econòmiques per desocupació involuntària per tipus de familia. Parella	2024	3
2836	Nombre de prestacions econòmiques per desocupació involuntària per tipus de familia	0106020900080004	Nombre de prestacions econòmiques per desocupació involuntària per tipus de familia. Parella	2025	3
2836	Nombre de prestacions econòmiques per desocupació involuntària per tipus de familia	0106020900080005	Nombre de prestacions econòmiques per desocupació involuntària per tipus de familia. Pare - Mare / Fills > 25 anys	2015	0
2836	Nombre de prestacions econòmiques per desocupació involuntària per tipus de familia	0106020900080005	Nombre de prestacions econòmiques per desocupació involuntària per tipus de familia. Pare - Mare / Fills > 25 anys	2016	2
2836	Nombre de prestacions econòmiques per desocupació involuntària per tipus de familia	0106020900080005	Nombre de prestacions econòmiques per desocupació involuntària per tipus de familia. Pare - Mare / Fills > 25 anys	2017	3
2836	Nombre de prestacions econòmiques per desocupació involuntària per tipus de familia	0106020900080005	Nombre de prestacions econòmiques per desocupació involuntària per tipus de familia. Pare - Mare / Fills > 25 anys	2018	0
2836	Nombre de prestacions econòmiques per desocupació involuntària per tipus de familia	0106020900080005	Nombre de prestacions econòmiques per desocupació involuntària per tipus de familia. Pare - Mare / Fills > 25 anys	2019	1
2836	Nombre de prestacions econòmiques per desocupació involuntària per tipus de familia	0106020900080005	Nombre de prestacions econòmiques per desocupació involuntària per tipus de familia. Pare - Mare / Fills > 25 anys	2020	1
2836	Nombre de prestacions econòmiques per desocupació involuntària per tipus de familia	0106020900080005	Nombre de prestacions econòmiques per desocupació involuntària per tipus de familia. Pare - Mare / Fills > 25 anys	2021	15
2836	Nombre de prestacions econòmiques per desocupació involuntària per tipus de familia	0106020900080005	Nombre de prestacions econòmiques per desocupació involuntària per tipus de familia. Pare - Mare / Fills > 25 anys	2022	1
2836	Nombre de prestacions econòmiques per desocupació involuntària per tipus de familia	0106020900080005	Nombre de prestacions econòmiques per desocupació involuntària per tipus de familia. Pare - Mare / Fills > 25 anys	2023	3
2836	Nombre de prestacions econòmiques per desocupació involuntària per tipus de familia	0106020900080005	Nombre de prestacions econòmiques per desocupació involuntària per tipus de familia. Pare - Mare / Fills > 25 anys	2024	11
2836	Nombre de prestacions econòmiques per desocupació involuntària per tipus de familia	0106020900080005	Nombre de prestacions econòmiques per desocupació involuntària per tipus de familia. Pare - Mare / Fills > 25 anys	2025	3
2836	Nombre de prestacions econòmiques per desocupació involuntària per tipus de familia	0106020900080006	Nombre de prestacions econòmiques per desocupació involuntària per tipus de familia. Extensa	2015	3
2836	Nombre de prestacions econòmiques per desocupació involuntària per tipus de familia	0106020900080006	Nombre de prestacions econòmiques per desocupació involuntària per tipus de familia. Extensa	2016	2
2836	Nombre de prestacions econòmiques per desocupació involuntària per tipus de familia	0106020900080006	Nombre de prestacions econòmiques per desocupació involuntària per tipus de familia. Extensa	2017	2
2836	Nombre de prestacions econòmiques per desocupació involuntària per tipus de familia	0106020900080006	Nombre de prestacions econòmiques per desocupació involuntària per tipus de familia. Extensa	2018	0
2836	Nombre de prestacions econòmiques per desocupació involuntària per tipus de familia	0106020900080006	Nombre de prestacions econòmiques per desocupació involuntària per tipus de familia. Extensa	2019	0
2836	Nombre de prestacions econòmiques per desocupació involuntària per tipus de familia	0106020900080006	Nombre de prestacions econòmiques per desocupació involuntària per tipus de familia. Extensa	2020	30
2836	Nombre de prestacions econòmiques per desocupació involuntària per tipus de familia	0106020900080006	Nombre de prestacions econòmiques per desocupació involuntària per tipus de familia. Extensa	2021	7
2836	Nombre de prestacions econòmiques per desocupació involuntària per tipus de familia	0106020900080006	Nombre de prestacions econòmiques per desocupació involuntària per tipus de familia. Extensa	2022	0
2836	Nombre de prestacions econòmiques per desocupació involuntària per tipus de familia	0106020900080006	Nombre de prestacions econòmiques per desocupació involuntària per tipus de familia. Extensa	2023	3
2836	Nombre de prestacions econòmiques per desocupació involuntària per tipus de familia	0106020900080006	Nombre de prestacions econòmiques per desocupació involuntària per tipus de familia. Extensa	2024	4
2836	Nombre de prestacions econòmiques per desocupació involuntària per tipus de familia	0106020900080006	Nombre de prestacions econòmiques per desocupació involuntària per tipus de familia. Extensa	2025	1
2836	Nombre de prestacions econòmiques per desocupació involuntària per tipus de familia	0106020900080007	Nombre de prestacions econòmiques per desocupació involuntària per tipus de familia. Reconstituïda	2015	5
2836	Nombre de prestacions econòmiques per desocupació involuntària per tipus de familia	0106020900080007	Nombre de prestacions econòmiques per desocupació involuntària per tipus de familia. Reconstituïda	2016	0
2836	Nombre de prestacions econòmiques per desocupació involuntària per tipus de familia	0106020900080007	Nombre de prestacions econòmiques per desocupació involuntària per tipus de familia. Reconstituïda	2017	0
2836	Nombre de prestacions econòmiques per desocupació involuntària per tipus de familia	0106020900080007	Nombre de prestacions econòmiques per desocupació involuntària per tipus de familia. Reconstituïda	2018	0
2836	Nombre de prestacions econòmiques per desocupació involuntària per tipus de familia	0106020900080007	Nombre de prestacions econòmiques per desocupació involuntària per tipus de familia. Reconstituïda	2019	2
2836	Nombre de prestacions econòmiques per desocupació involuntària per tipus de familia	0106020900080007	Nombre de prestacions econòmiques per desocupació involuntària per tipus de familia. Reconstituïda	2020	1
2836	Nombre de prestacions econòmiques per desocupació involuntària per tipus de familia	0106020900080007	Nombre de prestacions econòmiques per desocupació involuntària per tipus de familia. Reconstituïda	2021	5
2836	Nombre de prestacions econòmiques per desocupació involuntària per tipus de familia	0106020900080007	Nombre de prestacions econòmiques per desocupació involuntària per tipus de familia. Reconstituïda	2022	0
2836	Nombre de prestacions econòmiques per desocupació involuntària per tipus de familia	0106020900080007	Nombre de prestacions econòmiques per desocupació involuntària per tipus de familia. Reconstituïda	2023	1
2836	Nombre de prestacions econòmiques per desocupació involuntària per tipus de familia	0106020900080007	Nombre de prestacions econòmiques per desocupació involuntària per tipus de familia. Reconstituïda	2024	1
2836	Nombre de prestacions econòmiques per desocupació involuntària per tipus de familia	0106020900080007	Nombre de prestacions econòmiques per desocupació involuntària per tipus de familia. Reconstituïda	2025	0
2836	Nombre de prestacions econòmiques per desocupació involuntària per tipus de familia	0106020900080008	Nombre de prestacions econòmiques per desocupació involuntària per tipus de familia. Fills +45 amb pares +65	2015	0
2836	Nombre de prestacions econòmiques per desocupació involuntària per tipus de familia	0106020900080008	Nombre de prestacions econòmiques per desocupació involuntària per tipus de familia. Fills +45 amb pares +65	2016	0
2836	Nombre de prestacions econòmiques per desocupació involuntària per tipus de familia	0106020900080008	Nombre de prestacions econòmiques per desocupació involuntària per tipus de familia. Fills +45 amb pares +65	2017	0
2836	Nombre de prestacions econòmiques per desocupació involuntària per tipus de familia	0106020900080008	Nombre de prestacions econòmiques per desocupació involuntària per tipus de familia. Fills +45 amb pares +65	2018	0
2836	Nombre de prestacions econòmiques per desocupació involuntària per tipus de familia	0106020900080008	Nombre de prestacions econòmiques per desocupació involuntària per tipus de familia. Fills +45 amb pares +65	2019	0
2836	Nombre de prestacions econòmiques per desocupació involuntària per tipus de familia	0106020900080008	Nombre de prestacions econòmiques per desocupació involuntària per tipus de familia. Fills +45 amb pares +65	2020	1
2836	Nombre de prestacions econòmiques per desocupació involuntària per tipus de familia	0106020900080008	Nombre de prestacions econòmiques per desocupació involuntària per tipus de familia. Fills +45 amb pares +65	2021	0
2836	Nombre de prestacions econòmiques per desocupació involuntària per tipus de familia	0106020900080008	Nombre de prestacions econòmiques per desocupació involuntària per tipus de familia. Fills +45 amb pares +65	2022	1
2836	Nombre de prestacions econòmiques per desocupació involuntària per tipus de familia	0106020900080008	Nombre de prestacions econòmiques per desocupació involuntària per tipus de familia. Fills +45 amb pares +65	2023	4
2836	Nombre de prestacions econòmiques per desocupació involuntària per tipus de familia	0106020900080008	Nombre de prestacions econòmiques per desocupació involuntària per tipus de familia. Fills +45 amb pares +65	2024	0
2836	Nombre de prestacions econòmiques per desocupació involuntària per tipus de familia	0106020900080008	Nombre de prestacions econòmiques per desocupació involuntària per tipus de familia. Fills +45 amb pares +65	2025	0
2836	Nombre de prestacions econòmiques per desocupació involuntària per tipus de familia	0106020900080009	Nombre de prestacions econòmiques per desocupació involuntària per tipus de familia. Nombrosa	2015	8
2836	Nombre de prestacions econòmiques per desocupació involuntària per tipus de familia	0106020900080009	Nombre de prestacions econòmiques per desocupació involuntària per tipus de familia. Nombrosa	2016	5
2836	Nombre de prestacions econòmiques per desocupació involuntària per tipus de familia	0106020900080009	Nombre de prestacions econòmiques per desocupació involuntària per tipus de familia. Nombrosa	2017	3
2836	Nombre de prestacions econòmiques per desocupació involuntària per tipus de familia	0106020900080009	Nombre de prestacions econòmiques per desocupació involuntària per tipus de familia. Nombrosa	2018	4
2836	Nombre de prestacions econòmiques per desocupació involuntària per tipus de familia	0106020900080009	Nombre de prestacions econòmiques per desocupació involuntària per tipus de familia. Nombrosa	2019	1
2836	Nombre de prestacions econòmiques per desocupació involuntària per tipus de familia	0106020900080009	Nombre de prestacions econòmiques per desocupació involuntària per tipus de familia. Nombrosa	2020	3
2836	Nombre de prestacions econòmiques per desocupació involuntària per tipus de familia	0106020900080009	Nombre de prestacions econòmiques per desocupació involuntària per tipus de familia. Nombrosa	2021	0
2836	Nombre de prestacions econòmiques per desocupació involuntària per tipus de familia	0106020900080009	Nombre de prestacions econòmiques per desocupació involuntària per tipus de familia. Nombrosa	2022	3
2836	Nombre de prestacions econòmiques per desocupació involuntària per tipus de familia	0106020900080009	Nombre de prestacions econòmiques per desocupació involuntària per tipus de familia. Nombrosa	2023	1
2836	Nombre de prestacions econòmiques per desocupació involuntària per tipus de familia	0106020900080009	Nombre de prestacions econòmiques per desocupació involuntària per tipus de familia. Nombrosa	2024	0
2836	Nombre de prestacions econòmiques per desocupació involuntària per tipus de familia	0106020900080009	Nombre de prestacions econòmiques per desocupació involuntària per tipus de familia. Nombrosa	2025	0
2836	Nombre de prestacions econòmiques per desocupació involuntària per tipus de familia	0106020900080010	Nombre de prestacions econòmiques per desocupació involuntària per tipus de familia. Altres	2015	0
2836	Nombre de prestacions econòmiques per desocupació involuntària per tipus de familia	0106020900080010	Nombre de prestacions econòmiques per desocupació involuntària per tipus de familia. Altres	2016	0
2836	Nombre de prestacions econòmiques per desocupació involuntària per tipus de familia	0106020900080010	Nombre de prestacions econòmiques per desocupació involuntària per tipus de familia. Altres	2017	0
2836	Nombre de prestacions econòmiques per desocupació involuntària per tipus de familia	0106020900080010	Nombre de prestacions econòmiques per desocupació involuntària per tipus de familia. Altres	2018	2
2836	Nombre de prestacions econòmiques per desocupació involuntària per tipus de familia	0106020900080010	Nombre de prestacions econòmiques per desocupació involuntària per tipus de familia. Altres	2019	0
2836	Nombre de prestacions econòmiques per desocupació involuntària per tipus de familia	0106020900080010	Nombre de prestacions econòmiques per desocupació involuntària per tipus de familia. Altres	2020	2
2836	Nombre de prestacions econòmiques per desocupació involuntària per tipus de familia	0106020900080010	Nombre de prestacions econòmiques per desocupació involuntària per tipus de familia. Altres	2021	0
2836	Nombre de prestacions econòmiques per desocupació involuntària per tipus de familia	0106020900080010	Nombre de prestacions econòmiques per desocupació involuntària per tipus de familia. Altres	2022	1
2836	Nombre de prestacions econòmiques per desocupació involuntària per tipus de familia	0106020900080010	Nombre de prestacions econòmiques per desocupació involuntària per tipus de familia. Altres	2023	1
2836	Nombre de prestacions econòmiques per desocupació involuntària per tipus de familia	0106020900080010	Nombre de prestacions econòmiques per desocupació involuntària per tipus de familia. Altres	2024	0
2836	Nombre de prestacions econòmiques per desocupació involuntària per tipus de familia	0106020900080010	Nombre de prestacions econòmiques per desocupació involuntària per tipus de familia. Altres	2025	5
2836	Nombre de prestacions econòmiques per desocupació involuntària per tipus de familia	0106020900080011	Nombre de prestacions econòmiques per desocupació involuntària per tipus de familia. Total	2015	235
2836	Nombre de prestacions econòmiques per desocupació involuntària per tipus de familia	0106020900080011	Nombre de prestacions econòmiques per desocupació involuntària per tipus de familia. Total	2016	255
2836	Nombre de prestacions econòmiques per desocupació involuntària per tipus de familia	0106020900080011	Nombre de prestacions econòmiques per desocupació involuntària per tipus de familia. Total	2017	107
2836	Nombre de prestacions econòmiques per desocupació involuntària per tipus de familia	0106020900080011	Nombre de prestacions econòmiques per desocupació involuntària per tipus de familia. Total	2018	74
2836	Nombre de prestacions econòmiques per desocupació involuntària per tipus de familia	0106020900080011	Nombre de prestacions econòmiques per desocupació involuntària per tipus de familia. Total	2019	97
2836	Nombre de prestacions econòmiques per desocupació involuntària per tipus de familia	0106020900080011	Nombre de prestacions econòmiques per desocupació involuntària per tipus de familia. Total	2020	290
2836	Nombre de prestacions econòmiques per desocupació involuntària per tipus de familia	0106020900080011	Nombre de prestacions econòmiques per desocupació involuntària per tipus de familia. Total	2021	385
2836	Nombre de prestacions econòmiques per desocupació involuntària per tipus de familia	0106020900080011	Nombre de prestacions econòmiques per desocupació involuntària per tipus de familia. Total	2022	83
2836	Nombre de prestacions econòmiques per desocupació involuntària per tipus de familia	0106020900080011	Nombre de prestacions econòmiques per desocupació involuntària per tipus de familia. Total	2023	70
2836	Nombre de prestacions econòmiques per desocupació involuntària per tipus de familia	0106020900080011	Nombre de prestacions econòmiques per desocupació involuntària per tipus de familia. Total	2024	71
2836	Nombre de prestacions econòmiques per desocupació involuntària per tipus de familia	0106020900080011	Nombre de prestacions econòmiques per desocupació involuntària per tipus de familia. Total	2025	31
2837	Nombre de prestacions econòmiques per desocupació involuntària per nombre de fills a càrrec	0106020900090001	Nombre de prestacions econòmiques per desocupació involuntària per nombre de fills a càrrec. 1 fill	2015	50
2837	Nombre de prestacions econòmiques per desocupació involuntària per nombre de fills a càrrec	0106020900090001	Nombre de prestacions econòmiques per desocupació involuntària per nombre de fills a càrrec. 1 fill	2016	54
2837	Nombre de prestacions econòmiques per desocupació involuntària per nombre de fills a càrrec	0106020900090001	Nombre de prestacions econòmiques per desocupació involuntària per nombre de fills a càrrec. 1 fill	2017	21
2837	Nombre de prestacions econòmiques per desocupació involuntària per nombre de fills a càrrec	0106020900090001	Nombre de prestacions econòmiques per desocupació involuntària per nombre de fills a càrrec. 1 fill	2018	13
2837	Nombre de prestacions econòmiques per desocupació involuntària per nombre de fills a càrrec	0106020900090001	Nombre de prestacions econòmiques per desocupació involuntària per nombre de fills a càrrec. 1 fill	2019	22
2837	Nombre de prestacions econòmiques per desocupació involuntària per nombre de fills a càrrec	0106020900090001	Nombre de prestacions econòmiques per desocupació involuntària per nombre de fills a càrrec. 1 fill	2020	64
2837	Nombre de prestacions econòmiques per desocupació involuntària per nombre de fills a càrrec	0106020900090001	Nombre de prestacions econòmiques per desocupació involuntària per nombre de fills a càrrec. 1 fill	2021	76
2837	Nombre de prestacions econòmiques per desocupació involuntària per nombre de fills a càrrec	0106020900090001	Nombre de prestacions econòmiques per desocupació involuntària per nombre de fills a càrrec. 1 fill	2022	18
2837	Nombre de prestacions econòmiques per desocupació involuntària per nombre de fills a càrrec	0106020900090001	Nombre de prestacions econòmiques per desocupació involuntària per nombre de fills a càrrec. 1 fill	2023	17
2837	Nombre de prestacions econòmiques per desocupació involuntària per nombre de fills a càrrec	0106020900090001	Nombre de prestacions econòmiques per desocupació involuntària per nombre de fills a càrrec. 1 fill	2024	16
2837	Nombre de prestacions econòmiques per desocupació involuntària per nombre de fills a càrrec	0106020900090001	Nombre de prestacions econòmiques per desocupació involuntària per nombre de fills a càrrec. 1 fill	2025	6
2837	Nombre de prestacions econòmiques per desocupació involuntària per nombre de fills a càrrec	0106020900090002	Nombre de prestacions econòmiques per desocupació involuntària per nombre de fills a càrrec. 2 fills	2015	31
2837	Nombre de prestacions econòmiques per desocupació involuntària per nombre de fills a càrrec	0106020900090002	Nombre de prestacions econòmiques per desocupació involuntària per nombre de fills a càrrec. 2 fills	2016	22
2837	Nombre de prestacions econòmiques per desocupació involuntària per nombre de fills a càrrec	0106020900090002	Nombre de prestacions econòmiques per desocupació involuntària per nombre de fills a càrrec. 2 fills	2017	19
2837	Nombre de prestacions econòmiques per desocupació involuntària per nombre de fills a càrrec	0106020900090002	Nombre de prestacions econòmiques per desocupació involuntària per nombre de fills a càrrec. 2 fills	2018	8
2837	Nombre de prestacions econòmiques per desocupació involuntària per nombre de fills a càrrec	0106020900090002	Nombre de prestacions econòmiques per desocupació involuntària per nombre de fills a càrrec. 2 fills	2019	13
2837	Nombre de prestacions econòmiques per desocupació involuntària per nombre de fills a càrrec	0106020900090002	Nombre de prestacions econòmiques per desocupació involuntària per nombre de fills a càrrec. 2 fills	2020	43
2837	Nombre de prestacions econòmiques per desocupació involuntària per nombre de fills a càrrec	0106020900090002	Nombre de prestacions econòmiques per desocupació involuntària per nombre de fills a càrrec. 2 fills	2021	45
2837	Nombre de prestacions econòmiques per desocupació involuntària per nombre de fills a càrrec	0106020900090002	Nombre de prestacions econòmiques per desocupació involuntària per nombre de fills a càrrec. 2 fills	2022	2
2837	Nombre de prestacions econòmiques per desocupació involuntària per nombre de fills a càrrec	0106020900090002	Nombre de prestacions econòmiques per desocupació involuntària per nombre de fills a càrrec. 2 fills	2023	5
2837	Nombre de prestacions econòmiques per desocupació involuntària per nombre de fills a càrrec	0106020900090002	Nombre de prestacions econòmiques per desocupació involuntària per nombre de fills a càrrec. 2 fills	2024	7
2837	Nombre de prestacions econòmiques per desocupació involuntària per nombre de fills a càrrec	0106020900090002	Nombre de prestacions econòmiques per desocupació involuntària per nombre de fills a càrrec. 2 fills	2025	2
2837	Nombre de prestacions econòmiques per desocupació involuntària per nombre de fills a càrrec	0106020900090003	Nombre de prestacions econòmiques per desocupació involuntària per nombre de fills a càrrec. 3 fills	2015	4
2837	Nombre de prestacions econòmiques per desocupació involuntària per nombre de fills a càrrec	0106020900090003	Nombre de prestacions econòmiques per desocupació involuntària per nombre de fills a càrrec. 3 fills	2016	6
2837	Nombre de prestacions econòmiques per desocupació involuntària per nombre de fills a càrrec	0106020900090003	Nombre de prestacions econòmiques per desocupació involuntària per nombre de fills a càrrec. 3 fills	2017	2
2837	Nombre de prestacions econòmiques per desocupació involuntària per nombre de fills a càrrec	0106020900090003	Nombre de prestacions econòmiques per desocupació involuntària per nombre de fills a càrrec. 3 fills	2018	4
2837	Nombre de prestacions econòmiques per desocupació involuntària per nombre de fills a càrrec	0106020900090003	Nombre de prestacions econòmiques per desocupació involuntària per nombre de fills a càrrec. 3 fills	2019	6
2837	Nombre de prestacions econòmiques per desocupació involuntària per nombre de fills a càrrec	0106020900090003	Nombre de prestacions econòmiques per desocupació involuntària per nombre de fills a càrrec. 3 fills	2020	13
2837	Nombre de prestacions econòmiques per desocupació involuntària per nombre de fills a càrrec	0106020900090003	Nombre de prestacions econòmiques per desocupació involuntària per nombre de fills a càrrec. 3 fills	2021	19
2837	Nombre de prestacions econòmiques per desocupació involuntària per nombre de fills a càrrec	0106020900090003	Nombre de prestacions econòmiques per desocupació involuntària per nombre de fills a càrrec. 3 fills	2022	3
2837	Nombre de prestacions econòmiques per desocupació involuntària per nombre de fills a càrrec	0106020900090003	Nombre de prestacions econòmiques per desocupació involuntària per nombre de fills a càrrec. 3 fills	2023	3
2837	Nombre de prestacions econòmiques per desocupació involuntària per nombre de fills a càrrec	0106020900090003	Nombre de prestacions econòmiques per desocupació involuntària per nombre de fills a càrrec. 3 fills	2024	2
2837	Nombre de prestacions econòmiques per desocupació involuntària per nombre de fills a càrrec	0106020900090003	Nombre de prestacions econòmiques per desocupació involuntària per nombre de fills a càrrec. 3 fills	2025	1
2837	Nombre de prestacions econòmiques per desocupació involuntària per nombre de fills a càrrec	0106020900090004	Nombre de prestacions econòmiques per desocupació involuntària per nombre de fills a càrrec. 4 fills o més	2015	1
2837	Nombre de prestacions econòmiques per desocupació involuntària per nombre de fills a càrrec	0106020900090004	Nombre de prestacions econòmiques per desocupació involuntària per nombre de fills a càrrec. 4 fills o més	2016	2
2837	Nombre de prestacions econòmiques per desocupació involuntària per nombre de fills a càrrec	0106020900090004	Nombre de prestacions econòmiques per desocupació involuntària per nombre de fills a càrrec. 4 fills o més	2017	1
2837	Nombre de prestacions econòmiques per desocupació involuntària per nombre de fills a càrrec	0106020900090004	Nombre de prestacions econòmiques per desocupació involuntària per nombre de fills a càrrec. 4 fills o més	2018	1
2837	Nombre de prestacions econòmiques per desocupació involuntària per nombre de fills a càrrec	0106020900090004	Nombre de prestacions econòmiques per desocupació involuntària per nombre de fills a càrrec. 4 fills o més	2019	0
2837	Nombre de prestacions econòmiques per desocupació involuntària per nombre de fills a càrrec	0106020900090004	Nombre de prestacions econòmiques per desocupació involuntària per nombre de fills a càrrec. 4 fills o més	2020	2
2837	Nombre de prestacions econòmiques per desocupació involuntària per nombre de fills a càrrec	0106020900090004	Nombre de prestacions econòmiques per desocupació involuntària per nombre de fills a càrrec. 4 fills o més	2021	1
2837	Nombre de prestacions econòmiques per desocupació involuntària per nombre de fills a càrrec	0106020900090004	Nombre de prestacions econòmiques per desocupació involuntària per nombre de fills a càrrec. 4 fills o més	2022	0
2837	Nombre de prestacions econòmiques per desocupació involuntària per nombre de fills a càrrec	0106020900090004	Nombre de prestacions econòmiques per desocupació involuntària per nombre de fills a càrrec. 4 fills o més	2023	1
2837	Nombre de prestacions econòmiques per desocupació involuntària per nombre de fills a càrrec	0106020900090004	Nombre de prestacions econòmiques per desocupació involuntària per nombre de fills a càrrec. 4 fills o més	2024	0
2837	Nombre de prestacions econòmiques per desocupació involuntària per nombre de fills a càrrec	0106020900090004	Nombre de prestacions econòmiques per desocupació involuntària per nombre de fills a càrrec. 4 fills o més	2025	0
2837	Nombre de prestacions econòmiques per desocupació involuntària per nombre de fills a càrrec	0106020900090005	Nombre de prestacions econòmiques per desocupació involuntària per nombre de fills a càrrec. Sense fills	2015	149
2837	Nombre de prestacions econòmiques per desocupació involuntària per nombre de fills a càrrec	0106020900090005	Nombre de prestacions econòmiques per desocupació involuntària per nombre de fills a càrrec. Sense fills	2016	171
2837	Nombre de prestacions econòmiques per desocupació involuntària per nombre de fills a càrrec	0106020900090005	Nombre de prestacions econòmiques per desocupació involuntària per nombre de fills a càrrec. Sense fills	2017	64
2837	Nombre de prestacions econòmiques per desocupació involuntària per nombre de fills a càrrec	0106020900090005	Nombre de prestacions econòmiques per desocupació involuntària per nombre de fills a càrrec. Sense fills	2018	48
2837	Nombre de prestacions econòmiques per desocupació involuntària per nombre de fills a càrrec	0106020900090005	Nombre de prestacions econòmiques per desocupació involuntària per nombre de fills a càrrec. Sense fills	2019	56
2837	Nombre de prestacions econòmiques per desocupació involuntària per nombre de fills a càrrec	0106020900090005	Nombre de prestacions econòmiques per desocupació involuntària per nombre de fills a càrrec. Sense fills	2020	168
2837	Nombre de prestacions econòmiques per desocupació involuntària per nombre de fills a càrrec	0106020900090005	Nombre de prestacions econòmiques per desocupació involuntària per nombre de fills a càrrec. Sense fills	2021	244
2837	Nombre de prestacions econòmiques per desocupació involuntària per nombre de fills a càrrec	0106020900090005	Nombre de prestacions econòmiques per desocupació involuntària per nombre de fills a càrrec. Sense fills	2022	60
2837	Nombre de prestacions econòmiques per desocupació involuntària per nombre de fills a càrrec	0106020900090005	Nombre de prestacions econòmiques per desocupació involuntària per nombre de fills a càrrec. Sense fills	2023	44
2837	Nombre de prestacions econòmiques per desocupació involuntària per nombre de fills a càrrec	0106020900090005	Nombre de prestacions econòmiques per desocupació involuntària per nombre de fills a càrrec. Sense fills	2024	46
2837	Nombre de prestacions econòmiques per desocupació involuntària per nombre de fills a càrrec	0106020900090005	Nombre de prestacions econòmiques per desocupació involuntària per nombre de fills a càrrec. Sense fills	2025	22
2837	Nombre de prestacions econòmiques per desocupació involuntària per nombre de fills a càrrec	0106020900090006	Nombre de prestacions econòmiques per desocupació involuntària per nombre de fills a càrrec. Total	2015	235
2837	Nombre de prestacions econòmiques per desocupació involuntària per nombre de fills a càrrec	0106020900090006	Nombre de prestacions econòmiques per desocupació involuntària per nombre de fills a càrrec. Total	2016	255
2837	Nombre de prestacions econòmiques per desocupació involuntària per nombre de fills a càrrec	0106020900090006	Nombre de prestacions econòmiques per desocupació involuntària per nombre de fills a càrrec. Total	2017	107
2837	Nombre de prestacions econòmiques per desocupació involuntària per nombre de fills a càrrec	0106020900090006	Nombre de prestacions econòmiques per desocupació involuntària per nombre de fills a càrrec. Total	2018	74
2837	Nombre de prestacions econòmiques per desocupació involuntària per nombre de fills a càrrec	0106020900090006	Nombre de prestacions econòmiques per desocupació involuntària per nombre de fills a càrrec. Total	2019	97
2837	Nombre de prestacions econòmiques per desocupació involuntària per nombre de fills a càrrec	0106020900090006	Nombre de prestacions econòmiques per desocupació involuntària per nombre de fills a càrrec. Total	2020	290
2837	Nombre de prestacions econòmiques per desocupació involuntària per nombre de fills a càrrec	0106020900090006	Nombre de prestacions econòmiques per desocupació involuntària per nombre de fills a càrrec. Total	2021	385
2837	Nombre de prestacions econòmiques per desocupació involuntària per nombre de fills a càrrec	0106020900090006	Nombre de prestacions econòmiques per desocupació involuntària per nombre de fills a càrrec. Total	2022	83
2837	Nombre de prestacions econòmiques per desocupació involuntària per nombre de fills a càrrec	0106020900090006	Nombre de prestacions econòmiques per desocupació involuntària per nombre de fills a càrrec. Total	2023	70
2837	Nombre de prestacions econòmiques per desocupació involuntària per nombre de fills a càrrec	0106020900090006	Nombre de prestacions econòmiques per desocupació involuntària per nombre de fills a càrrec. Total	2024	71
2837	Nombre de prestacions econòmiques per desocupació involuntària per nombre de fills a càrrec	0106020900090006	Nombre de prestacions econòmiques per desocupació involuntària per nombre de fills a càrrec. Total	2025	31
2838	Nombre de prestacions econòmiques per desocupació involuntària per sexe i edat	0106020900100001	Nombre de prestacions econòmiques per desocupació involuntària per sexe i edat. Homes. 18-25 anys	2015	2
2838	Nombre de prestacions econòmiques per desocupació involuntària per sexe i edat	0106020900100001	Nombre de prestacions econòmiques per desocupació involuntària per sexe i edat. Homes. 18-25 anys	2016	3
2838	Nombre de prestacions econòmiques per desocupació involuntària per sexe i edat	0106020900100001	Nombre de prestacions econòmiques per desocupació involuntària per sexe i edat. Homes. 18-25 anys	2017	1
2838	Nombre de prestacions econòmiques per desocupació involuntària per sexe i edat	0106020900100001	Nombre de prestacions econòmiques per desocupació involuntària per sexe i edat. Homes. 18-25 anys	2018	1
2838	Nombre de prestacions econòmiques per desocupació involuntària per sexe i edat	0106020900100001	Nombre de prestacions econòmiques per desocupació involuntària per sexe i edat. Homes. 18-25 anys	2019	0
2838	Nombre de prestacions econòmiques per desocupació involuntària per sexe i edat	0106020900100001	Nombre de prestacions econòmiques per desocupació involuntària per sexe i edat. Homes. 18-25 anys	2020	1
2838	Nombre de prestacions econòmiques per desocupació involuntària per sexe i edat	0106020900100001	Nombre de prestacions econòmiques per desocupació involuntària per sexe i edat. Homes. 18-25 anys	2021	16
2838	Nombre de prestacions econòmiques per desocupació involuntària per sexe i edat	0106020900100001	Nombre de prestacions econòmiques per desocupació involuntària per sexe i edat. Homes. 18-25 anys	2022	2
2838	Nombre de prestacions econòmiques per desocupació involuntària per sexe i edat	0106020900100001	Nombre de prestacions econòmiques per desocupació involuntària per sexe i edat. Homes. 18-25 anys	2023	1
2838	Nombre de prestacions econòmiques per desocupació involuntària per sexe i edat	0106020900100001	Nombre de prestacions econòmiques per desocupació involuntària per sexe i edat. Homes. 18-25 anys	2024	0
2838	Nombre de prestacions econòmiques per desocupació involuntària per sexe i edat	0106020900100001	Nombre de prestacions econòmiques per desocupació involuntària per sexe i edat. Homes. 18-25 anys	2025	1
2838	Nombre de prestacions econòmiques per desocupació involuntària per sexe i edat	0106020900100002	Nombre de prestacions econòmiques per desocupació involuntària per sexe i edat. Homes. 26-30 anys	2015	5
2838	Nombre de prestacions econòmiques per desocupació involuntària per sexe i edat	0106020900100002	Nombre de prestacions econòmiques per desocupació involuntària per sexe i edat. Homes. 26-30 anys	2016	6
2838	Nombre de prestacions econòmiques per desocupació involuntària per sexe i edat	0106020900100002	Nombre de prestacions econòmiques per desocupació involuntària per sexe i edat. Homes. 26-30 anys	2017	1
2838	Nombre de prestacions econòmiques per desocupació involuntària per sexe i edat	0106020900100002	Nombre de prestacions econòmiques per desocupació involuntària per sexe i edat. Homes. 26-30 anys	2018	2
2838	Nombre de prestacions econòmiques per desocupació involuntària per sexe i edat	0106020900100002	Nombre de prestacions econòmiques per desocupació involuntària per sexe i edat. Homes. 26-30 anys	2019	1
2838	Nombre de prestacions econòmiques per desocupació involuntària per sexe i edat	0106020900100002	Nombre de prestacions econòmiques per desocupació involuntària per sexe i edat. Homes. 26-30 anys	2020	8
2838	Nombre de prestacions econòmiques per desocupació involuntària per sexe i edat	0106020900100002	Nombre de prestacions econòmiques per desocupació involuntària per sexe i edat. Homes. 26-30 anys	2021	16
2838	Nombre de prestacions econòmiques per desocupació involuntària per sexe i edat	0106020900100002	Nombre de prestacions econòmiques per desocupació involuntària per sexe i edat. Homes. 26-30 anys	2022	0
2838	Nombre de prestacions econòmiques per desocupació involuntària per sexe i edat	0106020900100002	Nombre de prestacions econòmiques per desocupació involuntària per sexe i edat. Homes. 26-30 anys	2023	2
2838	Nombre de prestacions econòmiques per desocupació involuntària per sexe i edat	0106020900100002	Nombre de prestacions econòmiques per desocupació involuntària per sexe i edat. Homes. 26-30 anys	2024	1
2838	Nombre de prestacions econòmiques per desocupació involuntària per sexe i edat	0106020900100002	Nombre de prestacions econòmiques per desocupació involuntària per sexe i edat. Homes. 26-30 anys	2025	1
2838	Nombre de prestacions econòmiques per desocupació involuntària per sexe i edat	0106020900100003	Nombre de prestacions econòmiques per desocupació involuntària per sexe i edat. Homes. 31-35 anys	2015	10
2838	Nombre de prestacions econòmiques per desocupació involuntària per sexe i edat	0106020900100003	Nombre de prestacions econòmiques per desocupació involuntària per sexe i edat. Homes. 31-35 anys	2016	4
2838	Nombre de prestacions econòmiques per desocupació involuntària per sexe i edat	0106020900100003	Nombre de prestacions econòmiques per desocupació involuntària per sexe i edat. Homes. 31-35 anys	2017	2
2838	Nombre de prestacions econòmiques per desocupació involuntària per sexe i edat	0106020900100003	Nombre de prestacions econòmiques per desocupació involuntària per sexe i edat. Homes. 31-35 anys	2018	2
2838	Nombre de prestacions econòmiques per desocupació involuntària per sexe i edat	0106020900100003	Nombre de prestacions econòmiques per desocupació involuntària per sexe i edat. Homes. 31-35 anys	2019	6
2838	Nombre de prestacions econòmiques per desocupació involuntària per sexe i edat	0106020900100003	Nombre de prestacions econòmiques per desocupació involuntària per sexe i edat. Homes. 31-35 anys	2020	13
2838	Nombre de prestacions econòmiques per desocupació involuntària per sexe i edat	0106020900100003	Nombre de prestacions econòmiques per desocupació involuntària per sexe i edat. Homes. 31-35 anys	2021	15
2838	Nombre de prestacions econòmiques per desocupació involuntària per sexe i edat	0106020900100003	Nombre de prestacions econòmiques per desocupació involuntària per sexe i edat. Homes. 31-35 anys	2022	3
2838	Nombre de prestacions econòmiques per desocupació involuntària per sexe i edat	0106020900100003	Nombre de prestacions econòmiques per desocupació involuntària per sexe i edat. Homes. 31-35 anys	2023	1
2838	Nombre de prestacions econòmiques per desocupació involuntària per sexe i edat	0106020900100003	Nombre de prestacions econòmiques per desocupació involuntària per sexe i edat. Homes. 31-35 anys	2024	3
2838	Nombre de prestacions econòmiques per desocupació involuntària per sexe i edat	0106020900100003	Nombre de prestacions econòmiques per desocupació involuntària per sexe i edat. Homes. 31-35 anys	2025	0
2838	Nombre de prestacions econòmiques per desocupació involuntària per sexe i edat	0106020900100004	Nombre de prestacions econòmiques per desocupació involuntària per sexe i edat. Homes. 36-40 anys	2015	14
2838	Nombre de prestacions econòmiques per desocupació involuntària per sexe i edat	0106020900100004	Nombre de prestacions econòmiques per desocupació involuntària per sexe i edat. Homes. 36-40 anys	2016	17
2838	Nombre de prestacions econòmiques per desocupació involuntària per sexe i edat	0106020900100004	Nombre de prestacions econòmiques per desocupació involuntària per sexe i edat. Homes. 36-40 anys	2017	2
2838	Nombre de prestacions econòmiques per desocupació involuntària per sexe i edat	0106020900100004	Nombre de prestacions econòmiques per desocupació involuntària per sexe i edat. Homes. 36-40 anys	2018	0
2838	Nombre de prestacions econòmiques per desocupació involuntària per sexe i edat	0106020900100004	Nombre de prestacions econòmiques per desocupació involuntària per sexe i edat. Homes. 36-40 anys	2019	2
2838	Nombre de prestacions econòmiques per desocupació involuntària per sexe i edat	0106020900100004	Nombre de prestacions econòmiques per desocupació involuntària per sexe i edat. Homes. 36-40 anys	2020	18
2838	Nombre de prestacions econòmiques per desocupació involuntària per sexe i edat	0106020900100004	Nombre de prestacions econòmiques per desocupació involuntària per sexe i edat. Homes. 36-40 anys	2021	23
2838	Nombre de prestacions econòmiques per desocupació involuntària per sexe i edat	0106020900100004	Nombre de prestacions econòmiques per desocupació involuntària per sexe i edat. Homes. 36-40 anys	2022	4
2838	Nombre de prestacions econòmiques per desocupació involuntària per sexe i edat	0106020900100004	Nombre de prestacions econòmiques per desocupació involuntària per sexe i edat. Homes. 36-40 anys	2023	1
2838	Nombre de prestacions econòmiques per desocupació involuntària per sexe i edat	0106020900100004	Nombre de prestacions econòmiques per desocupació involuntària per sexe i edat. Homes. 36-40 anys	2024	3
2838	Nombre de prestacions econòmiques per desocupació involuntària per sexe i edat	0106020900100004	Nombre de prestacions econòmiques per desocupació involuntària per sexe i edat. Homes. 36-40 anys	2025	1
2838	Nombre de prestacions econòmiques per desocupació involuntària per sexe i edat	0106020900100005	Nombre de prestacions econòmiques per desocupació involuntària per sexe i edat. Homes. 41-45 anys	2015	17
2838	Nombre de prestacions econòmiques per desocupació involuntària per sexe i edat	0106020900100005	Nombre de prestacions econòmiques per desocupació involuntària per sexe i edat. Homes. 41-45 anys	2016	16
2838	Nombre de prestacions econòmiques per desocupació involuntària per sexe i edat	0106020900100005	Nombre de prestacions econòmiques per desocupació involuntària per sexe i edat. Homes. 41-45 anys	2017	4
2838	Nombre de prestacions econòmiques per desocupació involuntària per sexe i edat	0106020900100005	Nombre de prestacions econòmiques per desocupació involuntària per sexe i edat. Homes. 41-45 anys	2018	5
2838	Nombre de prestacions econòmiques per desocupació involuntària per sexe i edat	0106020900100005	Nombre de prestacions econòmiques per desocupació involuntària per sexe i edat. Homes. 41-45 anys	2019	2
2838	Nombre de prestacions econòmiques per desocupació involuntària per sexe i edat	0106020900100005	Nombre de prestacions econòmiques per desocupació involuntària per sexe i edat. Homes. 41-45 anys	2020	6
2838	Nombre de prestacions econòmiques per desocupació involuntària per sexe i edat	0106020900100005	Nombre de prestacions econòmiques per desocupació involuntària per sexe i edat. Homes. 41-45 anys	2021	24
2838	Nombre de prestacions econòmiques per desocupació involuntària per sexe i edat	0106020900100005	Nombre de prestacions econòmiques per desocupació involuntària per sexe i edat. Homes. 41-45 anys	2022	5
2838	Nombre de prestacions econòmiques per desocupació involuntària per sexe i edat	0106020900100005	Nombre de prestacions econòmiques per desocupació involuntària per sexe i edat. Homes. 41-45 anys	2023	0
2838	Nombre de prestacions econòmiques per desocupació involuntària per sexe i edat	0106020900100005	Nombre de prestacions econòmiques per desocupació involuntària per sexe i edat. Homes. 41-45 anys	2024	0
2838	Nombre de prestacions econòmiques per desocupació involuntària per sexe i edat	0106020900100005	Nombre de prestacions econòmiques per desocupació involuntària per sexe i edat. Homes. 41-45 anys	2025	1
2838	Nombre de prestacions econòmiques per desocupació involuntària per sexe i edat	0106020900100006	Nombre de prestacions econòmiques per desocupació involuntària per sexe i edat. Homes. 46-50 anys	2015	13
2838	Nombre de prestacions econòmiques per desocupació involuntària per sexe i edat	0106020900100006	Nombre de prestacions econòmiques per desocupació involuntària per sexe i edat. Homes. 46-50 anys	2016	14
2838	Nombre de prestacions econòmiques per desocupació involuntària per sexe i edat	0106020900100006	Nombre de prestacions econòmiques per desocupació involuntària per sexe i edat. Homes. 46-50 anys	2017	3
2838	Nombre de prestacions econòmiques per desocupació involuntària per sexe i edat	0106020900100006	Nombre de prestacions econòmiques per desocupació involuntària per sexe i edat. Homes. 46-50 anys	2018	2
2838	Nombre de prestacions econòmiques per desocupació involuntària per sexe i edat	0106020900100006	Nombre de prestacions econòmiques per desocupació involuntària per sexe i edat. Homes. 46-50 anys	2019	7
2838	Nombre de prestacions econòmiques per desocupació involuntària per sexe i edat	0106020900100006	Nombre de prestacions econòmiques per desocupació involuntària per sexe i edat. Homes. 46-50 anys	2020	20
2838	Nombre de prestacions econòmiques per desocupació involuntària per sexe i edat	0106020900100006	Nombre de prestacions econòmiques per desocupació involuntària per sexe i edat. Homes. 46-50 anys	2021	15
2838	Nombre de prestacions econòmiques per desocupació involuntària per sexe i edat	0106020900100006	Nombre de prestacions econòmiques per desocupació involuntària per sexe i edat. Homes. 46-50 anys	2022	5
2838	Nombre de prestacions econòmiques per desocupació involuntària per sexe i edat	0106020900100006	Nombre de prestacions econòmiques per desocupació involuntària per sexe i edat. Homes. 46-50 anys	2023	5
2838	Nombre de prestacions econòmiques per desocupació involuntària per sexe i edat	0106020900100006	Nombre de prestacions econòmiques per desocupació involuntària per sexe i edat. Homes. 46-50 anys	2024	2
2838	Nombre de prestacions econòmiques per desocupació involuntària per sexe i edat	0106020900100006	Nombre de prestacions econòmiques per desocupació involuntària per sexe i edat. Homes. 46-50 anys	2025	1
2838	Nombre de prestacions econòmiques per desocupació involuntària per sexe i edat	0106020900100007	Nombre de prestacions econòmiques per desocupació involuntària per sexe i edat. Homes. 51-55 anys	2015	31
2838	Nombre de prestacions econòmiques per desocupació involuntària per sexe i edat	0106020900100007	Nombre de prestacions econòmiques per desocupació involuntària per sexe i edat. Homes. 51-55 anys	2016	27
2838	Nombre de prestacions econòmiques per desocupació involuntària per sexe i edat	0106020900100007	Nombre de prestacions econòmiques per desocupació involuntària per sexe i edat. Homes. 51-55 anys	2017	13
2838	Nombre de prestacions econòmiques per desocupació involuntària per sexe i edat	0106020900100007	Nombre de prestacions econòmiques per desocupació involuntària per sexe i edat. Homes. 51-55 anys	2018	9
2838	Nombre de prestacions econòmiques per desocupació involuntària per sexe i edat	0106020900100007	Nombre de prestacions econòmiques per desocupació involuntària per sexe i edat. Homes. 51-55 anys	2019	10
2838	Nombre de prestacions econòmiques per desocupació involuntària per sexe i edat	0106020900100007	Nombre de prestacions econòmiques per desocupació involuntària per sexe i edat. Homes. 51-55 anys	2020	12
2838	Nombre de prestacions econòmiques per desocupació involuntària per sexe i edat	0106020900100007	Nombre de prestacions econòmiques per desocupació involuntària per sexe i edat. Homes. 51-55 anys	2021	19
2838	Nombre de prestacions econòmiques per desocupació involuntària per sexe i edat	0106020900100007	Nombre de prestacions econòmiques per desocupació involuntària per sexe i edat. Homes. 51-55 anys	2022	9
2838	Nombre de prestacions econòmiques per desocupació involuntària per sexe i edat	0106020900100007	Nombre de prestacions econòmiques per desocupació involuntària per sexe i edat. Homes. 51-55 anys	2023	11
2838	Nombre de prestacions econòmiques per desocupació involuntària per sexe i edat	0106020900100007	Nombre de prestacions econòmiques per desocupació involuntària per sexe i edat. Homes. 51-55 anys	2024	2
2838	Nombre de prestacions econòmiques per desocupació involuntària per sexe i edat	0106020900100007	Nombre de prestacions econòmiques per desocupació involuntària per sexe i edat. Homes. 51-55 anys	2025	0
2838	Nombre de prestacions econòmiques per desocupació involuntària per sexe i edat	0106020900100008	Nombre de prestacions econòmiques per desocupació involuntària per sexe i edat. Homes. 56-60 anys	2015	23
2838	Nombre de prestacions econòmiques per desocupació involuntària per sexe i edat	0106020900100008	Nombre de prestacions econòmiques per desocupació involuntària per sexe i edat. Homes. 56-60 anys	2016	33
2838	Nombre de prestacions econòmiques per desocupació involuntària per sexe i edat	0106020900100008	Nombre de prestacions econòmiques per desocupació involuntària per sexe i edat. Homes. 56-60 anys	2017	14
2838	Nombre de prestacions econòmiques per desocupació involuntària per sexe i edat	0106020900100008	Nombre de prestacions econòmiques per desocupació involuntària per sexe i edat. Homes. 56-60 anys	2018	12
2838	Nombre de prestacions econòmiques per desocupació involuntària per sexe i edat	0106020900100008	Nombre de prestacions econòmiques per desocupació involuntària per sexe i edat. Homes. 56-60 anys	2019	11
2838	Nombre de prestacions econòmiques per desocupació involuntària per sexe i edat	0106020900100008	Nombre de prestacions econòmiques per desocupació involuntària per sexe i edat. Homes. 56-60 anys	2020	21
2838	Nombre de prestacions econòmiques per desocupació involuntària per sexe i edat	0106020900100008	Nombre de prestacions econòmiques per desocupació involuntària per sexe i edat. Homes. 56-60 anys	2021	28
2838	Nombre de prestacions econòmiques per desocupació involuntària per sexe i edat	0106020900100008	Nombre de prestacions econòmiques per desocupació involuntària per sexe i edat. Homes. 56-60 anys	2022	4
2838	Nombre de prestacions econòmiques per desocupació involuntària per sexe i edat	0106020900100008	Nombre de prestacions econòmiques per desocupació involuntària per sexe i edat. Homes. 56-60 anys	2023	2
2838	Nombre de prestacions econòmiques per desocupació involuntària per sexe i edat	0106020900100008	Nombre de prestacions econòmiques per desocupació involuntària per sexe i edat. Homes. 56-60 anys	2024	3
2838	Nombre de prestacions econòmiques per desocupació involuntària per sexe i edat	0106020900100008	Nombre de prestacions econòmiques per desocupació involuntària per sexe i edat. Homes. 56-60 anys	2025	5
2838	Nombre de prestacions econòmiques per desocupació involuntària per sexe i edat	0106020900100009	Nombre de prestacions econòmiques per desocupació involuntària per sexe i edat. Homes. 61-65 anys	2015	19
2838	Nombre de prestacions econòmiques per desocupació involuntària per sexe i edat	0106020900100009	Nombre de prestacions econòmiques per desocupació involuntària per sexe i edat. Homes. 61-65 anys	2016	14
2838	Nombre de prestacions econòmiques per desocupació involuntària per sexe i edat	0106020900100009	Nombre de prestacions econòmiques per desocupació involuntària per sexe i edat. Homes. 61-65 anys	2017	7
2838	Nombre de prestacions econòmiques per desocupació involuntària per sexe i edat	0106020900100009	Nombre de prestacions econòmiques per desocupació involuntària per sexe i edat. Homes. 61-65 anys	2018	8
2838	Nombre de prestacions econòmiques per desocupació involuntària per sexe i edat	0106020900100009	Nombre de prestacions econòmiques per desocupació involuntària per sexe i edat. Homes. 61-65 anys	2019	9
2838	Nombre de prestacions econòmiques per desocupació involuntària per sexe i edat	0106020900100009	Nombre de prestacions econòmiques per desocupació involuntària per sexe i edat. Homes. 61-65 anys	2020	17
2838	Nombre de prestacions econòmiques per desocupació involuntària per sexe i edat	0106020900100009	Nombre de prestacions econòmiques per desocupació involuntària per sexe i edat. Homes. 61-65 anys	2021	18
2838	Nombre de prestacions econòmiques per desocupació involuntària per sexe i edat	0106020900100009	Nombre de prestacions econòmiques per desocupació involuntària per sexe i edat. Homes. 61-65 anys	2022	11
2838	Nombre de prestacions econòmiques per desocupació involuntària per sexe i edat	0106020900100009	Nombre de prestacions econòmiques per desocupació involuntària per sexe i edat. Homes. 61-65 anys	2023	10
2838	Nombre de prestacions econòmiques per desocupació involuntària per sexe i edat	0106020900100009	Nombre de prestacions econòmiques per desocupació involuntària per sexe i edat. Homes. 61-65 anys	2024	9
2838	Nombre de prestacions econòmiques per desocupació involuntària per sexe i edat	0106020900100009	Nombre de prestacions econòmiques per desocupació involuntària per sexe i edat. Homes. 61-65 anys	2025	2
2838	Nombre de prestacions econòmiques per desocupació involuntària per sexe i edat	0106020900100010	Nombre de prestacions econòmiques per desocupació involuntària per sexe i edat. Dones. 18-25 anys	2015	1
2838	Nombre de prestacions econòmiques per desocupació involuntària per sexe i edat	0106020900100010	Nombre de prestacions econòmiques per desocupació involuntària per sexe i edat. Dones. 18-25 anys	2016	9
2838	Nombre de prestacions econòmiques per desocupació involuntària per sexe i edat	0106020900100010	Nombre de prestacions econòmiques per desocupació involuntària per sexe i edat. Dones. 18-25 anys	2017	5
2838	Nombre de prestacions econòmiques per desocupació involuntària per sexe i edat	0106020900100010	Nombre de prestacions econòmiques per desocupació involuntària per sexe i edat. Dones. 18-25 anys	2018	0
2838	Nombre de prestacions econòmiques per desocupació involuntària per sexe i edat	0106020900100010	Nombre de prestacions econòmiques per desocupació involuntària per sexe i edat. Dones. 18-25 anys	2019	2
2838	Nombre de prestacions econòmiques per desocupació involuntària per sexe i edat	0106020900100010	Nombre de prestacions econòmiques per desocupació involuntària per sexe i edat. Dones. 18-25 anys	2020	9
2838	Nombre de prestacions econòmiques per desocupació involuntària per sexe i edat	0106020900100010	Nombre de prestacions econòmiques per desocupació involuntària per sexe i edat. Dones. 18-25 anys	2021	22
2838	Nombre de prestacions econòmiques per desocupació involuntària per sexe i edat	0106020900100010	Nombre de prestacions econòmiques per desocupació involuntària per sexe i edat. Dones. 18-25 anys	2022	1
2838	Nombre de prestacions econòmiques per desocupació involuntària per sexe i edat	0106020900100010	Nombre de prestacions econòmiques per desocupació involuntària per sexe i edat. Dones. 18-25 anys	2023	0
2838	Nombre de prestacions econòmiques per desocupació involuntària per sexe i edat	0106020900100010	Nombre de prestacions econòmiques per desocupació involuntària per sexe i edat. Dones. 18-25 anys	2024	0
2838	Nombre de prestacions econòmiques per desocupació involuntària per sexe i edat	0106020900100010	Nombre de prestacions econòmiques per desocupació involuntària per sexe i edat. Dones. 18-25 anys	2025	1
2838	Nombre de prestacions econòmiques per desocupació involuntària per sexe i edat	0106020900100011	Nombre de prestacions econòmiques per desocupació involuntària per sexe i edat. Dones. 26-30 anys	2015	3
2838	Nombre de prestacions econòmiques per desocupació involuntària per sexe i edat	0106020900100011	Nombre de prestacions econòmiques per desocupació involuntària per sexe i edat. Dones. 26-30 anys	2016	3
2838	Nombre de prestacions econòmiques per desocupació involuntària per sexe i edat	0106020900100011	Nombre de prestacions econòmiques per desocupació involuntària per sexe i edat. Dones. 26-30 anys	2017	3
2838	Nombre de prestacions econòmiques per desocupació involuntària per sexe i edat	0106020900100011	Nombre de prestacions econòmiques per desocupació involuntària per sexe i edat. Dones. 26-30 anys	2018	1
2838	Nombre de prestacions econòmiques per desocupació involuntària per sexe i edat	0106020900100011	Nombre de prestacions econòmiques per desocupació involuntària per sexe i edat. Dones. 26-30 anys	2019	2
2838	Nombre de prestacions econòmiques per desocupació involuntària per sexe i edat	0106020900100011	Nombre de prestacions econòmiques per desocupació involuntària per sexe i edat. Dones. 26-30 anys	2020	21
2838	Nombre de prestacions econòmiques per desocupació involuntària per sexe i edat	0106020900100011	Nombre de prestacions econòmiques per desocupació involuntària per sexe i edat. Dones. 26-30 anys	2021	23
2838	Nombre de prestacions econòmiques per desocupació involuntària per sexe i edat	0106020900100011	Nombre de prestacions econòmiques per desocupació involuntària per sexe i edat. Dones. 26-30 anys	2022	1
2838	Nombre de prestacions econòmiques per desocupació involuntària per sexe i edat	0106020900100011	Nombre de prestacions econòmiques per desocupació involuntària per sexe i edat. Dones. 26-30 anys	2023	1
2838	Nombre de prestacions econòmiques per desocupació involuntària per sexe i edat	0106020900100011	Nombre de prestacions econòmiques per desocupació involuntària per sexe i edat. Dones. 26-30 anys	2024	1
2838	Nombre de prestacions econòmiques per desocupació involuntària per sexe i edat	0106020900100011	Nombre de prestacions econòmiques per desocupació involuntària per sexe i edat. Dones. 26-30 anys	2025	1
2838	Nombre de prestacions econòmiques per desocupació involuntària per sexe i edat	0106020900100012	Nombre de prestacions econòmiques per desocupació involuntària per sexe i edat. Dones. 31-35 anys	2015	12
2838	Nombre de prestacions econòmiques per desocupació involuntària per sexe i edat	0106020900100012	Nombre de prestacions econòmiques per desocupació involuntària per sexe i edat. Dones. 31-35 anys	2016	10
2838	Nombre de prestacions econòmiques per desocupació involuntària per sexe i edat	0106020900100012	Nombre de prestacions econòmiques per desocupació involuntària per sexe i edat. Dones. 31-35 anys	2017	6
2838	Nombre de prestacions econòmiques per desocupació involuntària per sexe i edat	0106020900100012	Nombre de prestacions econòmiques per desocupació involuntària per sexe i edat. Dones. 31-35 anys	2018	3
2838	Nombre de prestacions econòmiques per desocupació involuntària per sexe i edat	0106020900100012	Nombre de prestacions econòmiques per desocupació involuntària per sexe i edat. Dones. 31-35 anys	2019	7
2838	Nombre de prestacions econòmiques per desocupació involuntària per sexe i edat	0106020900100012	Nombre de prestacions econòmiques per desocupació involuntària per sexe i edat. Dones. 31-35 anys	2020	15
2838	Nombre de prestacions econòmiques per desocupació involuntària per sexe i edat	0106020900100012	Nombre de prestacions econòmiques per desocupació involuntària per sexe i edat. Dones. 31-35 anys	2021	21
2838	Nombre de prestacions econòmiques per desocupació involuntària per sexe i edat	0106020900100012	Nombre de prestacions econòmiques per desocupació involuntària per sexe i edat. Dones. 31-35 anys	2022	6
2838	Nombre de prestacions econòmiques per desocupació involuntària per sexe i edat	0106020900100012	Nombre de prestacions econòmiques per desocupació involuntària per sexe i edat. Dones. 31-35 anys	2023	5
2838	Nombre de prestacions econòmiques per desocupació involuntària per sexe i edat	0106020900100012	Nombre de prestacions econòmiques per desocupació involuntària per sexe i edat. Dones. 31-35 anys	2024	7
2838	Nombre de prestacions econòmiques per desocupació involuntària per sexe i edat	0106020900100012	Nombre de prestacions econòmiques per desocupació involuntària per sexe i edat. Dones. 31-35 anys	2025	1
2838	Nombre de prestacions econòmiques per desocupació involuntària per sexe i edat	0106020900100013	Nombre de prestacions econòmiques per desocupació involuntària per sexe i edat. Dones. 36-40 anys	2015	19
2838	Nombre de prestacions econòmiques per desocupació involuntària per sexe i edat	0106020900100013	Nombre de prestacions econòmiques per desocupació involuntària per sexe i edat. Dones. 36-40 anys	2016	25
2838	Nombre de prestacions econòmiques per desocupació involuntària per sexe i edat	0106020900100013	Nombre de prestacions econòmiques per desocupació involuntària per sexe i edat. Dones. 36-40 anys	2017	8
2838	Nombre de prestacions econòmiques per desocupació involuntària per sexe i edat	0106020900100013	Nombre de prestacions econòmiques per desocupació involuntària per sexe i edat. Dones. 36-40 anys	2018	5
2838	Nombre de prestacions econòmiques per desocupació involuntària per sexe i edat	0106020900100013	Nombre de prestacions econòmiques per desocupació involuntària per sexe i edat. Dones. 36-40 anys	2019	5
2838	Nombre de prestacions econòmiques per desocupació involuntària per sexe i edat	0106020900100013	Nombre de prestacions econòmiques per desocupació involuntària per sexe i edat. Dones. 36-40 anys	2020	28
2838	Nombre de prestacions econòmiques per desocupació involuntària per sexe i edat	0106020900100013	Nombre de prestacions econòmiques per desocupació involuntària per sexe i edat. Dones. 36-40 anys	2021	22
2838	Nombre de prestacions econòmiques per desocupació involuntària per sexe i edat	0106020900100013	Nombre de prestacions econòmiques per desocupació involuntària per sexe i edat. Dones. 36-40 anys	2022	5
2838	Nombre de prestacions econòmiques per desocupació involuntària per sexe i edat	0106020900100013	Nombre de prestacions econòmiques per desocupació involuntària per sexe i edat. Dones. 36-40 anys	2023	4
2838	Nombre de prestacions econòmiques per desocupació involuntària per sexe i edat	0106020900100013	Nombre de prestacions econòmiques per desocupació involuntària per sexe i edat. Dones. 36-40 anys	2024	3
2838	Nombre de prestacions econòmiques per desocupació involuntària per sexe i edat	0106020900100013	Nombre de prestacions econòmiques per desocupació involuntària per sexe i edat. Dones. 36-40 anys	2025	1
2838	Nombre de prestacions econòmiques per desocupació involuntària per sexe i edat	0106020900100014	Nombre de prestacions econòmiques per desocupació involuntària per sexe i edat. Dones. 41-45 anys	2015	19
2838	Nombre de prestacions econòmiques per desocupació involuntària per sexe i edat	0106020900100014	Nombre de prestacions econòmiques per desocupació involuntària per sexe i edat. Dones. 41-45 anys	2016	15
2838	Nombre de prestacions econòmiques per desocupació involuntària per sexe i edat	0106020900100014	Nombre de prestacions econòmiques per desocupació involuntària per sexe i edat. Dones. 41-45 anys	2017	9
2838	Nombre de prestacions econòmiques per desocupació involuntària per sexe i edat	0106020900100014	Nombre de prestacions econòmiques per desocupació involuntària per sexe i edat. Dones. 41-45 anys	2018	4
2838	Nombre de prestacions econòmiques per desocupació involuntària per sexe i edat	0106020900100014	Nombre de prestacions econòmiques per desocupació involuntària per sexe i edat. Dones. 41-45 anys	2019	12
2838	Nombre de prestacions econòmiques per desocupació involuntària per sexe i edat	0106020900100014	Nombre de prestacions econòmiques per desocupació involuntària per sexe i edat. Dones. 41-45 anys	2020	35
2838	Nombre de prestacions econòmiques per desocupació involuntària per sexe i edat	0106020900100014	Nombre de prestacions econòmiques per desocupació involuntària per sexe i edat. Dones. 41-45 anys	2021	29
2838	Nombre de prestacions econòmiques per desocupació involuntària per sexe i edat	0106020900100014	Nombre de prestacions econòmiques per desocupació involuntària per sexe i edat. Dones. 41-45 anys	2022	5
2838	Nombre de prestacions econòmiques per desocupació involuntària per sexe i edat	0106020900100014	Nombre de prestacions econòmiques per desocupació involuntària per sexe i edat. Dones. 41-45 anys	2023	5
2838	Nombre de prestacions econòmiques per desocupació involuntària per sexe i edat	0106020900100014	Nombre de prestacions econòmiques per desocupació involuntària per sexe i edat. Dones. 41-45 anys	2024	6
2838	Nombre de prestacions econòmiques per desocupació involuntària per sexe i edat	0106020900100014	Nombre de prestacions econòmiques per desocupació involuntària per sexe i edat. Dones. 41-45 anys	2025	1
2838	Nombre de prestacions econòmiques per desocupació involuntària per sexe i edat	0106020900100015	Nombre de prestacions econòmiques per desocupació involuntària per sexe i edat. Dones. 46-50 anys	2015	9
2838	Nombre de prestacions econòmiques per desocupació involuntària per sexe i edat	0106020900100015	Nombre de prestacions econòmiques per desocupació involuntària per sexe i edat. Dones. 46-50 anys	2016	8
2838	Nombre de prestacions econòmiques per desocupació involuntària per sexe i edat	0106020900100015	Nombre de prestacions econòmiques per desocupació involuntària per sexe i edat. Dones. 46-50 anys	2017	10
2838	Nombre de prestacions econòmiques per desocupació involuntària per sexe i edat	0106020900100015	Nombre de prestacions econòmiques per desocupació involuntària per sexe i edat. Dones. 46-50 anys	2018	5
2838	Nombre de prestacions econòmiques per desocupació involuntària per sexe i edat	0106020900100015	Nombre de prestacions econòmiques per desocupació involuntària per sexe i edat. Dones. 46-50 anys	2019	5
2838	Nombre de prestacions econòmiques per desocupació involuntària per sexe i edat	0106020900100015	Nombre de prestacions econòmiques per desocupació involuntària per sexe i edat. Dones. 46-50 anys	2020	18
2838	Nombre de prestacions econòmiques per desocupació involuntària per sexe i edat	0106020900100015	Nombre de prestacions econòmiques per desocupació involuntària per sexe i edat. Dones. 46-50 anys	2021	31
2838	Nombre de prestacions econòmiques per desocupació involuntària per sexe i edat	0106020900100015	Nombre de prestacions econòmiques per desocupació involuntària per sexe i edat. Dones. 46-50 anys	2022	4
2838	Nombre de prestacions econòmiques per desocupació involuntària per sexe i edat	0106020900100015	Nombre de prestacions econòmiques per desocupació involuntària per sexe i edat. Dones. 46-50 anys	2023	5
2838	Nombre de prestacions econòmiques per desocupació involuntària per sexe i edat	0106020900100015	Nombre de prestacions econòmiques per desocupació involuntària per sexe i edat. Dones. 46-50 anys	2024	4
2838	Nombre de prestacions econòmiques per desocupació involuntària per sexe i edat	0106020900100015	Nombre de prestacions econòmiques per desocupació involuntària per sexe i edat. Dones. 46-50 anys	2025	5
2838	Nombre de prestacions econòmiques per desocupació involuntària per sexe i edat	0106020900100016	Nombre de prestacions econòmiques per desocupació involuntària per sexe i edat. Dones. 51-55 anys	2015	16
2838	Nombre de prestacions econòmiques per desocupació involuntària per sexe i edat	0106020900100016	Nombre de prestacions econòmiques per desocupació involuntària per sexe i edat. Dones. 51-55 anys	2016	26
2838	Nombre de prestacions econòmiques per desocupació involuntària per sexe i edat	0106020900100016	Nombre de prestacions econòmiques per desocupació involuntària per sexe i edat. Dones. 51-55 anys	2017	7
2838	Nombre de prestacions econòmiques per desocupació involuntària per sexe i edat	0106020900100016	Nombre de prestacions econòmiques per desocupació involuntària per sexe i edat. Dones. 51-55 anys	2018	4
2838	Nombre de prestacions econòmiques per desocupació involuntària per sexe i edat	0106020900100016	Nombre de prestacions econòmiques per desocupació involuntària per sexe i edat. Dones. 51-55 anys	2019	6
2838	Nombre de prestacions econòmiques per desocupació involuntària per sexe i edat	0106020900100016	Nombre de prestacions econòmiques per desocupació involuntària per sexe i edat. Dones. 51-55 anys	2020	20
2838	Nombre de prestacions econòmiques per desocupació involuntària per sexe i edat	0106020900100016	Nombre de prestacions econòmiques per desocupació involuntària per sexe i edat. Dones. 51-55 anys	2021	25
2838	Nombre de prestacions econòmiques per desocupació involuntària per sexe i edat	0106020900100016	Nombre de prestacions econòmiques per desocupació involuntària per sexe i edat. Dones. 51-55 anys	2022	6
2838	Nombre de prestacions econòmiques per desocupació involuntària per sexe i edat	0106020900100016	Nombre de prestacions econòmiques per desocupació involuntària per sexe i edat. Dones. 51-55 anys	2023	8
2838	Nombre de prestacions econòmiques per desocupació involuntària per sexe i edat	0106020900100016	Nombre de prestacions econòmiques per desocupació involuntària per sexe i edat. Dones. 51-55 anys	2024	8
2838	Nombre de prestacions econòmiques per desocupació involuntària per sexe i edat	0106020900100016	Nombre de prestacions econòmiques per desocupació involuntària per sexe i edat. Dones. 51-55 anys	2025	3
2838	Nombre de prestacions econòmiques per desocupació involuntària per sexe i edat	0106020900100017	Nombre de prestacions econòmiques per desocupació involuntària per sexe i edat. Dones. 56-60 anys	2015	14
2838	Nombre de prestacions econòmiques per desocupació involuntària per sexe i edat	0106020900100017	Nombre de prestacions econòmiques per desocupació involuntària per sexe i edat. Dones. 56-60 anys	2016	16
2838	Nombre de prestacions econòmiques per desocupació involuntària per sexe i edat	0106020900100017	Nombre de prestacions econòmiques per desocupació involuntària per sexe i edat. Dones. 56-60 anys	2017	7
2838	Nombre de prestacions econòmiques per desocupació involuntària per sexe i edat	0106020900100017	Nombre de prestacions econòmiques per desocupació involuntària per sexe i edat. Dones. 56-60 anys	2018	7
2838	Nombre de prestacions econòmiques per desocupació involuntària per sexe i edat	0106020900100017	Nombre de prestacions econòmiques per desocupació involuntària per sexe i edat. Dones. 56-60 anys	2019	8
2838	Nombre de prestacions econòmiques per desocupació involuntària per sexe i edat	0106020900100017	Nombre de prestacions econòmiques per desocupació involuntària per sexe i edat. Dones. 56-60 anys	2020	22
2838	Nombre de prestacions econòmiques per desocupació involuntària per sexe i edat	0106020900100017	Nombre de prestacions econòmiques per desocupació involuntària per sexe i edat. Dones. 56-60 anys	2021	26
2838	Nombre de prestacions econòmiques per desocupació involuntària per sexe i edat	0106020900100017	Nombre de prestacions econòmiques per desocupació involuntària per sexe i edat. Dones. 56-60 anys	2022	9
2838	Nombre de prestacions econòmiques per desocupació involuntària per sexe i edat	0106020900100017	Nombre de prestacions econòmiques per desocupació involuntària per sexe i edat. Dones. 56-60 anys	2023	2
2838	Nombre de prestacions econòmiques per desocupació involuntària per sexe i edat	0106020900100017	Nombre de prestacions econòmiques per desocupació involuntària per sexe i edat. Dones. 56-60 anys	2024	7
2838	Nombre de prestacions econòmiques per desocupació involuntària per sexe i edat	0106020900100017	Nombre de prestacions econòmiques per desocupació involuntària per sexe i edat. Dones. 56-60 anys	2025	2
2838	Nombre de prestacions econòmiques per desocupació involuntària per sexe i edat	0106020900100018	Nombre de prestacions econòmiques per desocupació involuntària per sexe i edat. Dones. 61-65 anys	2015	8
2838	Nombre de prestacions econòmiques per desocupació involuntària per sexe i edat	0106020900100018	Nombre de prestacions econòmiques per desocupació involuntària per sexe i edat. Dones. 61-65 anys	2016	9
2838	Nombre de prestacions econòmiques per desocupació involuntària per sexe i edat	0106020900100018	Nombre de prestacions econòmiques per desocupació involuntària per sexe i edat. Dones. 61-65 anys	2017	5
2838	Nombre de prestacions econòmiques per desocupació involuntària per sexe i edat	0106020900100018	Nombre de prestacions econòmiques per desocupació involuntària per sexe i edat. Dones. 61-65 anys	2018	4
2838	Nombre de prestacions econòmiques per desocupació involuntària per sexe i edat	0106020900100018	Nombre de prestacions econòmiques per desocupació involuntària per sexe i edat. Dones. 61-65 anys	2019	2
2838	Nombre de prestacions econòmiques per desocupació involuntària per sexe i edat	0106020900100018	Nombre de prestacions econòmiques per desocupació involuntària per sexe i edat. Dones. 61-65 anys	2020	6
2838	Nombre de prestacions econòmiques per desocupació involuntària per sexe i edat	0106020900100018	Nombre de prestacions econòmiques per desocupació involuntària per sexe i edat. Dones. 61-65 anys	2021	12
2838	Nombre de prestacions econòmiques per desocupació involuntària per sexe i edat	0106020900100018	Nombre de prestacions econòmiques per desocupació involuntària per sexe i edat. Dones. 61-65 anys	2022	3
2838	Nombre de prestacions econòmiques per desocupació involuntària per sexe i edat	0106020900100018	Nombre de prestacions econòmiques per desocupació involuntària per sexe i edat. Dones. 61-65 anys	2023	7
2838	Nombre de prestacions econòmiques per desocupació involuntària per sexe i edat	0106020900100018	Nombre de prestacions econòmiques per desocupació involuntària per sexe i edat. Dones. 61-65 anys	2024	12
2838	Nombre de prestacions econòmiques per desocupació involuntària per sexe i edat	0106020900100018	Nombre de prestacions econòmiques per desocupació involuntària per sexe i edat. Dones. 61-65 anys	2025	4
2838	Nombre de prestacions econòmiques per desocupació involuntària per sexe i edat	0106020900100019	Nombre de prestacions econòmiques per desocupació involuntària per sexe i edat. Total	2015	235
2838	Nombre de prestacions econòmiques per desocupació involuntària per sexe i edat	0106020900100019	Nombre de prestacions econòmiques per desocupació involuntària per sexe i edat. Total	2016	255
2838	Nombre de prestacions econòmiques per desocupació involuntària per sexe i edat	0106020900100019	Nombre de prestacions econòmiques per desocupació involuntària per sexe i edat. Total	2017	107
2838	Nombre de prestacions econòmiques per desocupació involuntària per sexe i edat	0106020900100019	Nombre de prestacions econòmiques per desocupació involuntària per sexe i edat. Total	2018	74
2838	Nombre de prestacions econòmiques per desocupació involuntària per sexe i edat	0106020900100019	Nombre de prestacions econòmiques per desocupació involuntària per sexe i edat. Total	2019	97
2838	Nombre de prestacions econòmiques per desocupació involuntària per sexe i edat	0106020900100019	Nombre de prestacions econòmiques per desocupació involuntària per sexe i edat. Total	2020	290
2838	Nombre de prestacions econòmiques per desocupació involuntària per sexe i edat	0106020900100019	Nombre de prestacions econòmiques per desocupació involuntària per sexe i edat. Total	2021	385
2838	Nombre de prestacions econòmiques per desocupació involuntària per sexe i edat	0106020900100019	Nombre de prestacions econòmiques per desocupació involuntària per sexe i edat. Total	2022	83
2838	Nombre de prestacions econòmiques per desocupació involuntària per sexe i edat	0106020900100019	Nombre de prestacions econòmiques per desocupació involuntària per sexe i edat. Total	2023	70
2838	Nombre de prestacions econòmiques per desocupació involuntària per sexe i edat	0106020900100019	Nombre de prestacions econòmiques per desocupació involuntària per sexe i edat. Total	2024	71
2838	Nombre de prestacions econòmiques per desocupació involuntària per sexe i edat	0106020900100019	Nombre de prestacions econòmiques per desocupació involuntària per sexe i edat. Total	2025	31
2839	Nombre de prestacions econòmiques per desocupació involuntària per sexe i nacionalitat	0106020900110001	Nombre de prestacions econòmiques per desocupació involuntària per sexe i nacionalitat. Homes. Andorrana	2015	40
2839	Nombre de prestacions econòmiques per desocupació involuntària per sexe i nacionalitat	0106020900110001	Nombre de prestacions econòmiques per desocupació involuntària per sexe i nacionalitat. Homes. Andorrana	2016	41
2839	Nombre de prestacions econòmiques per desocupació involuntària per sexe i nacionalitat	0106020900110001	Nombre de prestacions econòmiques per desocupació involuntària per sexe i nacionalitat. Homes. Andorrana	2017	13
2839	Nombre de prestacions econòmiques per desocupació involuntària per sexe i nacionalitat	0106020900110001	Nombre de prestacions econòmiques per desocupació involuntària per sexe i nacionalitat. Homes. Andorrana	2018	20
2839	Nombre de prestacions econòmiques per desocupació involuntària per sexe i nacionalitat	0106020900110001	Nombre de prestacions econòmiques per desocupació involuntària per sexe i nacionalitat. Homes. Andorrana	2019	20
2839	Nombre de prestacions econòmiques per desocupació involuntària per sexe i nacionalitat	0106020900110001	Nombre de prestacions econòmiques per desocupació involuntària per sexe i nacionalitat. Homes. Andorrana	2020	29
2839	Nombre de prestacions econòmiques per desocupació involuntària per sexe i nacionalitat	0106020900110001	Nombre de prestacions econòmiques per desocupació involuntària per sexe i nacionalitat. Homes. Andorrana	2021	58
2839	Nombre de prestacions econòmiques per desocupació involuntària per sexe i nacionalitat	0106020900110001	Nombre de prestacions econòmiques per desocupació involuntària per sexe i nacionalitat. Homes. Andorrana	2022	16
2839	Nombre de prestacions econòmiques per desocupació involuntària per sexe i nacionalitat	0106020900110001	Nombre de prestacions econòmiques per desocupació involuntària per sexe i nacionalitat. Homes. Andorrana	2023	16
2839	Nombre de prestacions econòmiques per desocupació involuntària per sexe i nacionalitat	0106020900110001	Nombre de prestacions econòmiques per desocupació involuntària per sexe i nacionalitat. Homes. Andorrana	2024	10
2839	Nombre de prestacions econòmiques per desocupació involuntària per sexe i nacionalitat	0106020900110001	Nombre de prestacions econòmiques per desocupació involuntària per sexe i nacionalitat. Homes. Andorrana	2025	7
2839	Nombre de prestacions econòmiques per desocupació involuntària per sexe i nacionalitat	0106020900110002	Nombre de prestacions econòmiques per desocupació involuntària per sexe i nacionalitat. Homes. Espanyola	2015	43
2839	Nombre de prestacions econòmiques per desocupació involuntària per sexe i nacionalitat	0106020900110002	Nombre de prestacions econòmiques per desocupació involuntària per sexe i nacionalitat. Homes. Espanyola	2016	48
2839	Nombre de prestacions econòmiques per desocupació involuntària per sexe i nacionalitat	0106020900110002	Nombre de prestacions econòmiques per desocupació involuntària per sexe i nacionalitat. Homes. Espanyola	2017	23
2839	Nombre de prestacions econòmiques per desocupació involuntària per sexe i nacionalitat	0106020900110002	Nombre de prestacions econòmiques per desocupació involuntària per sexe i nacionalitat. Homes. Espanyola	2018	13
2839	Nombre de prestacions econòmiques per desocupació involuntària per sexe i nacionalitat	0106020900110002	Nombre de prestacions econòmiques per desocupació involuntària per sexe i nacionalitat. Homes. Espanyola	2019	16
2839	Nombre de prestacions econòmiques per desocupació involuntària per sexe i nacionalitat	0106020900110002	Nombre de prestacions econòmiques per desocupació involuntària per sexe i nacionalitat. Homes. Espanyola	2020	52
2839	Nombre de prestacions econòmiques per desocupació involuntària per sexe i nacionalitat	0106020900110002	Nombre de prestacions econòmiques per desocupació involuntària per sexe i nacionalitat. Homes. Espanyola	2021	66
2839	Nombre de prestacions econòmiques per desocupació involuntària per sexe i nacionalitat	0106020900110002	Nombre de prestacions econòmiques per desocupació involuntària per sexe i nacionalitat. Homes. Espanyola	2022	22
2839	Nombre de prestacions econòmiques per desocupació involuntària per sexe i nacionalitat	0106020900110002	Nombre de prestacions econòmiques per desocupació involuntària per sexe i nacionalitat. Homes. Espanyola	2023	12
2839	Nombre de prestacions econòmiques per desocupació involuntària per sexe i nacionalitat	0106020900110002	Nombre de prestacions econòmiques per desocupació involuntària per sexe i nacionalitat. Homes. Espanyola	2024	8
2839	Nombre de prestacions econòmiques per desocupació involuntària per sexe i nacionalitat	0106020900110002	Nombre de prestacions econòmiques per desocupació involuntària per sexe i nacionalitat. Homes. Espanyola	2025	2
2839	Nombre de prestacions econòmiques per desocupació involuntària per sexe i nacionalitat	0106020900110003	Nombre de prestacions econòmiques per desocupació involuntària per sexe i nacionalitat. Homes. Francesa	2015	1
2839	Nombre de prestacions econòmiques per desocupació involuntària per sexe i nacionalitat	0106020900110003	Nombre de prestacions econòmiques per desocupació involuntària per sexe i nacionalitat. Homes. Francesa	2016	1
2839	Nombre de prestacions econòmiques per desocupació involuntària per sexe i nacionalitat	0106020900110003	Nombre de prestacions econòmiques per desocupació involuntària per sexe i nacionalitat. Homes. Francesa	2017	0
2839	Nombre de prestacions econòmiques per desocupació involuntària per sexe i nacionalitat	0106020900110003	Nombre de prestacions econòmiques per desocupació involuntària per sexe i nacionalitat. Homes. Francesa	2018	0
2839	Nombre de prestacions econòmiques per desocupació involuntària per sexe i nacionalitat	0106020900110003	Nombre de prestacions econòmiques per desocupació involuntària per sexe i nacionalitat. Homes. Francesa	2019	0
2839	Nombre de prestacions econòmiques per desocupació involuntària per sexe i nacionalitat	0106020900110003	Nombre de prestacions econòmiques per desocupació involuntària per sexe i nacionalitat. Homes. Francesa	2020	3
2839	Nombre de prestacions econòmiques per desocupació involuntària per sexe i nacionalitat	0106020900110003	Nombre de prestacions econòmiques per desocupació involuntària per sexe i nacionalitat. Homes. Francesa	2021	4
2839	Nombre de prestacions econòmiques per desocupació involuntària per sexe i nacionalitat	0106020900110003	Nombre de prestacions econòmiques per desocupació involuntària per sexe i nacionalitat. Homes. Francesa	2022	1
2839	Nombre de prestacions econòmiques per desocupació involuntària per sexe i nacionalitat	0106020900110003	Nombre de prestacions econòmiques per desocupació involuntària per sexe i nacionalitat. Homes. Francesa	2023	1
2839	Nombre de prestacions econòmiques per desocupació involuntària per sexe i nacionalitat	0106020900110003	Nombre de prestacions econòmiques per desocupació involuntària per sexe i nacionalitat. Homes. Francesa	2024	0
2839	Nombre de prestacions econòmiques per desocupació involuntària per sexe i nacionalitat	0106020900110003	Nombre de prestacions econòmiques per desocupació involuntària per sexe i nacionalitat. Homes. Francesa	2025	0
2839	Nombre de prestacions econòmiques per desocupació involuntària per sexe i nacionalitat	0106020900110004	Nombre de prestacions econòmiques per desocupació involuntària per sexe i nacionalitat. Homes. Portuguesa	2015	36
2839	Nombre de prestacions econòmiques per desocupació involuntària per sexe i nacionalitat	0106020900110004	Nombre de prestacions econòmiques per desocupació involuntària per sexe i nacionalitat. Homes. Portuguesa	2016	32
2839	Nombre de prestacions econòmiques per desocupació involuntària per sexe i nacionalitat	0106020900110004	Nombre de prestacions econòmiques per desocupació involuntària per sexe i nacionalitat. Homes. Portuguesa	2017	6
2839	Nombre de prestacions econòmiques per desocupació involuntària per sexe i nacionalitat	0106020900110004	Nombre de prestacions econòmiques per desocupació involuntària per sexe i nacionalitat. Homes. Portuguesa	2018	5
2839	Nombre de prestacions econòmiques per desocupació involuntària per sexe i nacionalitat	0106020900110004	Nombre de prestacions econòmiques per desocupació involuntària per sexe i nacionalitat. Homes. Portuguesa	2019	8
2839	Nombre de prestacions econòmiques per desocupació involuntària per sexe i nacionalitat	0106020900110004	Nombre de prestacions econòmiques per desocupació involuntària per sexe i nacionalitat. Homes. Portuguesa	2020	15
2839	Nombre de prestacions econòmiques per desocupació involuntària per sexe i nacionalitat	0106020900110004	Nombre de prestacions econòmiques per desocupació involuntària per sexe i nacionalitat. Homes. Portuguesa	2021	15
2839	Nombre de prestacions econòmiques per desocupació involuntària per sexe i nacionalitat	0106020900110004	Nombre de prestacions econòmiques per desocupació involuntària per sexe i nacionalitat. Homes. Portuguesa	2022	4
2839	Nombre de prestacions econòmiques per desocupació involuntària per sexe i nacionalitat	0106020900110004	Nombre de prestacions econòmiques per desocupació involuntària per sexe i nacionalitat. Homes. Portuguesa	2023	1
2839	Nombre de prestacions econòmiques per desocupació involuntària per sexe i nacionalitat	0106020900110004	Nombre de prestacions econòmiques per desocupació involuntària per sexe i nacionalitat. Homes. Portuguesa	2024	1
2839	Nombre de prestacions econòmiques per desocupació involuntària per sexe i nacionalitat	0106020900110004	Nombre de prestacions econòmiques per desocupació involuntària per sexe i nacionalitat. Homes. Portuguesa	2025	0
2839	Nombre de prestacions econòmiques per desocupació involuntària per sexe i nacionalitat	0106020900110005	Nombre de prestacions econòmiques per desocupació involuntària per sexe i nacionalitat. Homes. Altres	2015	14
2839	Nombre de prestacions econòmiques per desocupació involuntària per sexe i nacionalitat	0106020900110005	Nombre de prestacions econòmiques per desocupació involuntària per sexe i nacionalitat. Homes. Altres	2016	12
2839	Nombre de prestacions econòmiques per desocupació involuntària per sexe i nacionalitat	0106020900110005	Nombre de prestacions econòmiques per desocupació involuntària per sexe i nacionalitat. Homes. Altres	2017	5
2839	Nombre de prestacions econòmiques per desocupació involuntària per sexe i nacionalitat	0106020900110005	Nombre de prestacions econòmiques per desocupació involuntària per sexe i nacionalitat. Homes. Altres	2018	3
2839	Nombre de prestacions econòmiques per desocupació involuntària per sexe i nacionalitat	0106020900110005	Nombre de prestacions econòmiques per desocupació involuntària per sexe i nacionalitat. Homes. Altres	2019	4
2839	Nombre de prestacions econòmiques per desocupació involuntària per sexe i nacionalitat	0106020900110005	Nombre de prestacions econòmiques per desocupació involuntària per sexe i nacionalitat. Homes. Altres	2020	17
2839	Nombre de prestacions econòmiques per desocupació involuntària per sexe i nacionalitat	0106020900110005	Nombre de prestacions econòmiques per desocupació involuntària per sexe i nacionalitat. Homes. Altres	2021	31
2839	Nombre de prestacions econòmiques per desocupació involuntària per sexe i nacionalitat	0106020900110005	Nombre de prestacions econòmiques per desocupació involuntària per sexe i nacionalitat. Homes. Altres	2022	0
2839	Nombre de prestacions econòmiques per desocupació involuntària per sexe i nacionalitat	0106020900110005	Nombre de prestacions econòmiques per desocupació involuntària per sexe i nacionalitat. Homes. Altres	2023	3
2839	Nombre de prestacions econòmiques per desocupació involuntària per sexe i nacionalitat	0106020900110005	Nombre de prestacions econòmiques per desocupació involuntària per sexe i nacionalitat. Homes. Altres	2024	4
2839	Nombre de prestacions econòmiques per desocupació involuntària per sexe i nacionalitat	0106020900110005	Nombre de prestacions econòmiques per desocupació involuntària per sexe i nacionalitat. Homes. Altres	2025	3
2839	Nombre de prestacions econòmiques per desocupació involuntària per sexe i nacionalitat	0106020900110006	Nombre de prestacions econòmiques per desocupació involuntària per sexe i nacionalitat. Dones. Andorrana	2015	40
2839	Nombre de prestacions econòmiques per desocupació involuntària per sexe i nacionalitat	0106020900110006	Nombre de prestacions econòmiques per desocupació involuntària per sexe i nacionalitat. Dones. Andorrana	2016	39
2839	Nombre de prestacions econòmiques per desocupació involuntària per sexe i nacionalitat	0106020900110006	Nombre de prestacions econòmiques per desocupació involuntària per sexe i nacionalitat. Dones. Andorrana	2017	21
2839	Nombre de prestacions econòmiques per desocupació involuntària per sexe i nacionalitat	0106020900110006	Nombre de prestacions econòmiques per desocupació involuntària per sexe i nacionalitat. Dones. Andorrana	2018	14
2839	Nombre de prestacions econòmiques per desocupació involuntària per sexe i nacionalitat	0106020900110006	Nombre de prestacions econòmiques per desocupació involuntària per sexe i nacionalitat. Dones. Andorrana	2019	23
2839	Nombre de prestacions econòmiques per desocupació involuntària per sexe i nacionalitat	0106020900110006	Nombre de prestacions econòmiques per desocupació involuntària per sexe i nacionalitat. Dones. Andorrana	2020	54
2839	Nombre de prestacions econòmiques per desocupació involuntària per sexe i nacionalitat	0106020900110006	Nombre de prestacions econòmiques per desocupació involuntària per sexe i nacionalitat. Dones. Andorrana	2021	68
2839	Nombre de prestacions econòmiques per desocupació involuntària per sexe i nacionalitat	0106020900110006	Nombre de prestacions econòmiques per desocupació involuntària per sexe i nacionalitat. Dones. Andorrana	2022	22
2839	Nombre de prestacions econòmiques per desocupació involuntària per sexe i nacionalitat	0106020900110006	Nombre de prestacions econòmiques per desocupació involuntària per sexe i nacionalitat. Dones. Andorrana	2023	14
2839	Nombre de prestacions econòmiques per desocupació involuntària per sexe i nacionalitat	0106020900110006	Nombre de prestacions econòmiques per desocupació involuntària per sexe i nacionalitat. Dones. Andorrana	2024	24
2839	Nombre de prestacions econòmiques per desocupació involuntària per sexe i nacionalitat	0106020900110006	Nombre de prestacions econòmiques per desocupació involuntària per sexe i nacionalitat. Dones. Andorrana	2025	10
2839	Nombre de prestacions econòmiques per desocupació involuntària per sexe i nacionalitat	0106020900110007	Nombre de prestacions econòmiques per desocupació involuntària per sexe i nacionalitat. Dones. Espanyola	2015	29
2839	Nombre de prestacions econòmiques per desocupació involuntària per sexe i nacionalitat	0106020900110007	Nombre de prestacions econòmiques per desocupació involuntària per sexe i nacionalitat. Dones. Espanyola	2016	32
2839	Nombre de prestacions econòmiques per desocupació involuntària per sexe i nacionalitat	0106020900110007	Nombre de prestacions econòmiques per desocupació involuntària per sexe i nacionalitat. Dones. Espanyola	2017	13
2839	Nombre de prestacions econòmiques per desocupació involuntària per sexe i nacionalitat	0106020900110007	Nombre de prestacions econòmiques per desocupació involuntària per sexe i nacionalitat. Dones. Espanyola	2018	9
2839	Nombre de prestacions econòmiques per desocupació involuntària per sexe i nacionalitat	0106020900110007	Nombre de prestacions econòmiques per desocupació involuntària per sexe i nacionalitat. Dones. Espanyola	2019	14
2839	Nombre de prestacions econòmiques per desocupació involuntària per sexe i nacionalitat	0106020900110007	Nombre de prestacions econòmiques per desocupació involuntària per sexe i nacionalitat. Dones. Espanyola	2020	50
2839	Nombre de prestacions econòmiques per desocupació involuntària per sexe i nacionalitat	0106020900110007	Nombre de prestacions econòmiques per desocupació involuntària per sexe i nacionalitat. Dones. Espanyola	2021	53
2839	Nombre de prestacions econòmiques per desocupació involuntària per sexe i nacionalitat	0106020900110007	Nombre de prestacions econòmiques per desocupació involuntària per sexe i nacionalitat. Dones. Espanyola	2022	8
2839	Nombre de prestacions econòmiques per desocupació involuntària per sexe i nacionalitat	0106020900110007	Nombre de prestacions econòmiques per desocupació involuntària per sexe i nacionalitat. Dones. Espanyola	2023	13
2839	Nombre de prestacions econòmiques per desocupació involuntària per sexe i nacionalitat	0106020900110007	Nombre de prestacions econòmiques per desocupació involuntària per sexe i nacionalitat. Dones. Espanyola	2024	9
2839	Nombre de prestacions econòmiques per desocupació involuntària per sexe i nacionalitat	0106020900110007	Nombre de prestacions econòmiques per desocupació involuntària per sexe i nacionalitat. Dones. Espanyola	2025	3
2839	Nombre de prestacions econòmiques per desocupació involuntària per sexe i nacionalitat	0106020900110008	Nombre de prestacions econòmiques per desocupació involuntària per sexe i nacionalitat. Dones. Francesa	2015	5
2839	Nombre de prestacions econòmiques per desocupació involuntària per sexe i nacionalitat	0106020900110008	Nombre de prestacions econòmiques per desocupació involuntària per sexe i nacionalitat. Dones. Francesa	2016	9
2839	Nombre de prestacions econòmiques per desocupació involuntària per sexe i nacionalitat	0106020900110008	Nombre de prestacions econòmiques per desocupació involuntària per sexe i nacionalitat. Dones. Francesa	2017	6
2839	Nombre de prestacions econòmiques per desocupació involuntària per sexe i nacionalitat	0106020900110008	Nombre de prestacions econòmiques per desocupació involuntària per sexe i nacionalitat. Dones. Francesa	2018	1
2839	Nombre de prestacions econòmiques per desocupació involuntària per sexe i nacionalitat	0106020900110008	Nombre de prestacions econòmiques per desocupació involuntària per sexe i nacionalitat. Dones. Francesa	2019	2
2839	Nombre de prestacions econòmiques per desocupació involuntària per sexe i nacionalitat	0106020900110008	Nombre de prestacions econòmiques per desocupació involuntària per sexe i nacionalitat. Dones. Francesa	2020	2
2839	Nombre de prestacions econòmiques per desocupació involuntària per sexe i nacionalitat	0106020900110008	Nombre de prestacions econòmiques per desocupació involuntària per sexe i nacionalitat. Dones. Francesa	2021	5
2839	Nombre de prestacions econòmiques per desocupació involuntària per sexe i nacionalitat	0106020900110008	Nombre de prestacions econòmiques per desocupació involuntària per sexe i nacionalitat. Dones. Francesa	2022	0
2839	Nombre de prestacions econòmiques per desocupació involuntària per sexe i nacionalitat	0106020900110008	Nombre de prestacions econòmiques per desocupació involuntària per sexe i nacionalitat. Dones. Francesa	2023	1
2839	Nombre de prestacions econòmiques per desocupació involuntària per sexe i nacionalitat	0106020900110008	Nombre de prestacions econòmiques per desocupació involuntària per sexe i nacionalitat. Dones. Francesa	2024	4
2839	Nombre de prestacions econòmiques per desocupació involuntària per sexe i nacionalitat	0106020900110008	Nombre de prestacions econòmiques per desocupació involuntària per sexe i nacionalitat. Dones. Francesa	2025	2
2839	Nombre de prestacions econòmiques per desocupació involuntària per sexe i nacionalitat	0106020900110009	Nombre de prestacions econòmiques per desocupació involuntària per sexe i nacionalitat. Dones. Portuguesa	2015	17
2839	Nombre de prestacions econòmiques per desocupació involuntària per sexe i nacionalitat	0106020900110009	Nombre de prestacions econòmiques per desocupació involuntària per sexe i nacionalitat. Dones. Portuguesa	2016	19
2839	Nombre de prestacions econòmiques per desocupació involuntària per sexe i nacionalitat	0106020900110009	Nombre de prestacions econòmiques per desocupació involuntària per sexe i nacionalitat. Dones. Portuguesa	2017	7
2839	Nombre de prestacions econòmiques per desocupació involuntària per sexe i nacionalitat	0106020900110009	Nombre de prestacions econòmiques per desocupació involuntària per sexe i nacionalitat. Dones. Portuguesa	2018	2
2839	Nombre de prestacions econòmiques per desocupació involuntària per sexe i nacionalitat	0106020900110009	Nombre de prestacions econòmiques per desocupació involuntària per sexe i nacionalitat. Dones. Portuguesa	2019	2
2839	Nombre de prestacions econòmiques per desocupació involuntària per sexe i nacionalitat	0106020900110009	Nombre de prestacions econòmiques per desocupació involuntària per sexe i nacionalitat. Dones. Portuguesa	2020	21
2839	Nombre de prestacions econòmiques per desocupació involuntària per sexe i nacionalitat	0106020900110009	Nombre de prestacions econòmiques per desocupació involuntària per sexe i nacionalitat. Dones. Portuguesa	2021	21
2839	Nombre de prestacions econòmiques per desocupació involuntària per sexe i nacionalitat	0106020900110009	Nombre de prestacions econòmiques per desocupació involuntària per sexe i nacionalitat. Dones. Portuguesa	2022	2
2839	Nombre de prestacions econòmiques per desocupació involuntària per sexe i nacionalitat	0106020900110009	Nombre de prestacions econòmiques per desocupació involuntària per sexe i nacionalitat. Dones. Portuguesa	2023	5
2839	Nombre de prestacions econòmiques per desocupació involuntària per sexe i nacionalitat	0106020900110009	Nombre de prestacions econòmiques per desocupació involuntària per sexe i nacionalitat. Dones. Portuguesa	2024	3
2839	Nombre de prestacions econòmiques per desocupació involuntària per sexe i nacionalitat	0106020900110009	Nombre de prestacions econòmiques per desocupació involuntària per sexe i nacionalitat. Dones. Portuguesa	2025	0
2839	Nombre de prestacions econòmiques per desocupació involuntària per sexe i nacionalitat	0106020900110010	Nombre de prestacions econòmiques per desocupació involuntària per sexe i nacionalitat. Dones. Altres	2015	10
2839	Nombre de prestacions econòmiques per desocupació involuntària per sexe i nacionalitat	0106020900110010	Nombre de prestacions econòmiques per desocupació involuntària per sexe i nacionalitat. Dones. Altres	2016	22
2839	Nombre de prestacions econòmiques per desocupació involuntària per sexe i nacionalitat	0106020900110010	Nombre de prestacions econòmiques per desocupació involuntària per sexe i nacionalitat. Dones. Altres	2017	13
2839	Nombre de prestacions econòmiques per desocupació involuntària per sexe i nacionalitat	0106020900110010	Nombre de prestacions econòmiques per desocupació involuntària per sexe i nacionalitat. Dones. Altres	2018	7
2839	Nombre de prestacions econòmiques per desocupació involuntària per sexe i nacionalitat	0106020900110010	Nombre de prestacions econòmiques per desocupació involuntària per sexe i nacionalitat. Dones. Altres	2019	8
2839	Nombre de prestacions econòmiques per desocupació involuntària per sexe i nacionalitat	0106020900110010	Nombre de prestacions econòmiques per desocupació involuntària per sexe i nacionalitat. Dones. Altres	2020	47
2839	Nombre de prestacions econòmiques per desocupació involuntària per sexe i nacionalitat	0106020900110010	Nombre de prestacions econòmiques per desocupació involuntària per sexe i nacionalitat. Dones. Altres	2021	64
2839	Nombre de prestacions econòmiques per desocupació involuntària per sexe i nacionalitat	0106020900110010	Nombre de prestacions econòmiques per desocupació involuntària per sexe i nacionalitat. Dones. Altres	2022	8
2839	Nombre de prestacions econòmiques per desocupació involuntària per sexe i nacionalitat	0106020900110010	Nombre de prestacions econòmiques per desocupació involuntària per sexe i nacionalitat. Dones. Altres	2023	4
2839	Nombre de prestacions econòmiques per desocupació involuntària per sexe i nacionalitat	0106020900110010	Nombre de prestacions econòmiques per desocupació involuntària per sexe i nacionalitat. Dones. Altres	2024	8
2839	Nombre de prestacions econòmiques per desocupació involuntària per sexe i nacionalitat	0106020900110010	Nombre de prestacions econòmiques per desocupació involuntària per sexe i nacionalitat. Dones. Altres	2025	4
2839	Nombre de prestacions econòmiques per desocupació involuntària per sexe i nacionalitat	0106020900110011	Nombre de prestacions econòmiques per desocupació involuntària per sexe i nacionalitat. Total	2015	235
2839	Nombre de prestacions econòmiques per desocupació involuntària per sexe i nacionalitat	0106020900110011	Nombre de prestacions econòmiques per desocupació involuntària per sexe i nacionalitat. Total	2016	255
2839	Nombre de prestacions econòmiques per desocupació involuntària per sexe i nacionalitat	0106020900110011	Nombre de prestacions econòmiques per desocupació involuntària per sexe i nacionalitat. Total	2017	107
2839	Nombre de prestacions econòmiques per desocupació involuntària per sexe i nacionalitat	0106020900110011	Nombre de prestacions econòmiques per desocupació involuntària per sexe i nacionalitat. Total	2018	74
2839	Nombre de prestacions econòmiques per desocupació involuntària per sexe i nacionalitat	0106020900110011	Nombre de prestacions econòmiques per desocupació involuntària per sexe i nacionalitat. Total	2019	97
2839	Nombre de prestacions econòmiques per desocupació involuntària per sexe i nacionalitat	0106020900110011	Nombre de prestacions econòmiques per desocupació involuntària per sexe i nacionalitat. Total	2020	290
2839	Nombre de prestacions econòmiques per desocupació involuntària per sexe i nacionalitat	0106020900110011	Nombre de prestacions econòmiques per desocupació involuntària per sexe i nacionalitat. Total	2021	385
2839	Nombre de prestacions econòmiques per desocupació involuntària per sexe i nacionalitat	0106020900110011	Nombre de prestacions econòmiques per desocupació involuntària per sexe i nacionalitat. Total	2022	83
2839	Nombre de prestacions econòmiques per desocupació involuntària per sexe i nacionalitat	0106020900110011	Nombre de prestacions econòmiques per desocupació involuntària per sexe i nacionalitat. Total	2023	70
2839	Nombre de prestacions econòmiques per desocupació involuntària per sexe i nacionalitat	0106020900110011	Nombre de prestacions econòmiques per desocupació involuntària per sexe i nacionalitat. Total	2024	71
2839	Nombre de prestacions econòmiques per desocupació involuntària per sexe i nacionalitat	0106020900110011	Nombre de prestacions econòmiques per desocupació involuntària per sexe i nacionalitat. Total	2025	31
2840	Nombre de prestacions econòmiques per desocupació involuntària per sexe i nombre de fills a càrrec	0106020900120001	Nombre de prestacions econòmiques per desocupació involuntària per sexe i nombre de fills a càrrec. Homes. 1 fill	2015	30
2840	Nombre de prestacions econòmiques per desocupació involuntària per sexe i nombre de fills a càrrec	0106020900120001	Nombre de prestacions econòmiques per desocupació involuntària per sexe i nombre de fills a càrrec. Homes. 1 fill	2016	14
2840	Nombre de prestacions econòmiques per desocupació involuntària per sexe i nombre de fills a càrrec	0106020900120001	Nombre de prestacions econòmiques per desocupació involuntària per sexe i nombre de fills a càrrec. Homes. 1 fill	2017	5
2840	Nombre de prestacions econòmiques per desocupació involuntària per sexe i nombre de fills a càrrec	0106020900120001	Nombre de prestacions econòmiques per desocupació involuntària per sexe i nombre de fills a càrrec. Homes. 1 fill	2018	4
2840	Nombre de prestacions econòmiques per desocupació involuntària per sexe i nombre de fills a càrrec	0106020900120001	Nombre de prestacions econòmiques per desocupació involuntària per sexe i nombre de fills a càrrec. Homes. 1 fill	2019	7
2840	Nombre de prestacions econòmiques per desocupació involuntària per sexe i nombre de fills a càrrec	0106020900120001	Nombre de prestacions econòmiques per desocupació involuntària per sexe i nombre de fills a càrrec. Homes. 1 fill	2020	15
2840	Nombre de prestacions econòmiques per desocupació involuntària per sexe i nombre de fills a càrrec	0106020900120001	Nombre de prestacions econòmiques per desocupació involuntària per sexe i nombre de fills a càrrec. Homes. 1 fill	2021	20
2840	Nombre de prestacions econòmiques per desocupació involuntària per sexe i nombre de fills a càrrec	0106020900120001	Nombre de prestacions econòmiques per desocupació involuntària per sexe i nombre de fills a càrrec. Homes. 1 fill	2022	4
2840	Nombre de prestacions econòmiques per desocupació involuntària per sexe i nombre de fills a càrrec	0106020900120001	Nombre de prestacions econòmiques per desocupació involuntària per sexe i nombre de fills a càrrec. Homes. 1 fill	2023	2
2840	Nombre de prestacions econòmiques per desocupació involuntària per sexe i nombre de fills a càrrec	0106020900120001	Nombre de prestacions econòmiques per desocupació involuntària per sexe i nombre de fills a càrrec. Homes. 1 fill	2024	4
2840	Nombre de prestacions econòmiques per desocupació involuntària per sexe i nombre de fills a càrrec	0106020900120001	Nombre de prestacions econòmiques per desocupació involuntària per sexe i nombre de fills a càrrec. Homes. 1 fill	2025	0
2840	Nombre de prestacions econòmiques per desocupació involuntària per sexe i nombre de fills a càrrec	0106020900120002	Nombre de prestacions econòmiques per desocupació involuntària per sexe i nombre de fills a càrrec. Homes. 2 fills	2015	18
2840	Nombre de prestacions econòmiques per desocupació involuntària per sexe i nombre de fills a càrrec	0106020900120002	Nombre de prestacions econòmiques per desocupació involuntària per sexe i nombre de fills a càrrec. Homes. 2 fills	2016	8
2840	Nombre de prestacions econòmiques per desocupació involuntària per sexe i nombre de fills a càrrec	0106020900120002	Nombre de prestacions econòmiques per desocupació involuntària per sexe i nombre de fills a càrrec. Homes. 2 fills	2017	5
2840	Nombre de prestacions econòmiques per desocupació involuntària per sexe i nombre de fills a càrrec	0106020900120002	Nombre de prestacions econòmiques per desocupació involuntària per sexe i nombre de fills a càrrec. Homes. 2 fills	2018	2
2840	Nombre de prestacions econòmiques per desocupació involuntària per sexe i nombre de fills a càrrec	0106020900120002	Nombre de prestacions econòmiques per desocupació involuntària per sexe i nombre de fills a càrrec. Homes. 2 fills	2019	1
2840	Nombre de prestacions econòmiques per desocupació involuntària per sexe i nombre de fills a càrrec	0106020900120002	Nombre de prestacions econòmiques per desocupació involuntària per sexe i nombre de fills a càrrec. Homes. 2 fills	2020	13
2840	Nombre de prestacions econòmiques per desocupació involuntària per sexe i nombre de fills a càrrec	0106020900120002	Nombre de prestacions econòmiques per desocupació involuntària per sexe i nombre de fills a càrrec. Homes. 2 fills	2021	14
2840	Nombre de prestacions econòmiques per desocupació involuntària per sexe i nombre de fills a càrrec	0106020900120002	Nombre de prestacions econòmiques per desocupació involuntària per sexe i nombre de fills a càrrec. Homes. 2 fills	2022	0
2840	Nombre de prestacions econòmiques per desocupació involuntària per sexe i nombre de fills a càrrec	0106020900120002	Nombre de prestacions econòmiques per desocupació involuntària per sexe i nombre de fills a càrrec. Homes. 2 fills	2023	5
2840	Nombre de prestacions econòmiques per desocupació involuntària per sexe i nombre de fills a càrrec	0106020900120002	Nombre de prestacions econòmiques per desocupació involuntària per sexe i nombre de fills a càrrec. Homes. 2 fills	2024	0
2840	Nombre de prestacions econòmiques per desocupació involuntària per sexe i nombre de fills a càrrec	0106020900120002	Nombre de prestacions econòmiques per desocupació involuntària per sexe i nombre de fills a càrrec. Homes. 2 fills	2025	0
2840	Nombre de prestacions econòmiques per desocupació involuntària per sexe i nombre de fills a càrrec	0106020900120003	Nombre de prestacions econòmiques per desocupació involuntària per sexe i nombre de fills a càrrec. Homes. 3 fills	2015	2
2840	Nombre de prestacions econòmiques per desocupació involuntària per sexe i nombre de fills a càrrec	0106020900120003	Nombre de prestacions econòmiques per desocupació involuntària per sexe i nombre de fills a càrrec. Homes. 3 fills	2016	3
2840	Nombre de prestacions econòmiques per desocupació involuntària per sexe i nombre de fills a càrrec	0106020900120003	Nombre de prestacions econòmiques per desocupació involuntària per sexe i nombre de fills a càrrec. Homes. 3 fills	2017	1
2840	Nombre de prestacions econòmiques per desocupació involuntària per sexe i nombre de fills a càrrec	0106020900120003	Nombre de prestacions econòmiques per desocupació involuntària per sexe i nombre de fills a càrrec. Homes. 3 fills	2018	2
2840	Nombre de prestacions econòmiques per desocupació involuntària per sexe i nombre de fills a càrrec	0106020900120003	Nombre de prestacions econòmiques per desocupació involuntària per sexe i nombre de fills a càrrec. Homes. 3 fills	2019	5
2840	Nombre de prestacions econòmiques per desocupació involuntària per sexe i nombre de fills a càrrec	0106020900120003	Nombre de prestacions econòmiques per desocupació involuntària per sexe i nombre de fills a càrrec. Homes. 3 fills	2020	4
2840	Nombre de prestacions econòmiques per desocupació involuntària per sexe i nombre de fills a càrrec	0106020900120003	Nombre de prestacions econòmiques per desocupació involuntària per sexe i nombre de fills a càrrec. Homes. 3 fills	2021	8
2840	Nombre de prestacions econòmiques per desocupació involuntària per sexe i nombre de fills a càrrec	0106020900120003	Nombre de prestacions econòmiques per desocupació involuntària per sexe i nombre de fills a càrrec. Homes. 3 fills	2022	1
2840	Nombre de prestacions econòmiques per desocupació involuntària per sexe i nombre de fills a càrrec	0106020900120003	Nombre de prestacions econòmiques per desocupació involuntària per sexe i nombre de fills a càrrec. Homes. 3 fills	2023	0
2840	Nombre de prestacions econòmiques per desocupació involuntària per sexe i nombre de fills a càrrec	0106020900120003	Nombre de prestacions econòmiques per desocupació involuntària per sexe i nombre de fills a càrrec. Homes. 3 fills	2024	0
2840	Nombre de prestacions econòmiques per desocupació involuntària per sexe i nombre de fills a càrrec	0106020900120003	Nombre de prestacions econòmiques per desocupació involuntària per sexe i nombre de fills a càrrec. Homes. 3 fills	2025	1
2840	Nombre de prestacions econòmiques per desocupació involuntària per sexe i nombre de fills a càrrec	0106020900120004	Nombre de prestacions econòmiques per desocupació involuntària per sexe i nombre de fills a càrrec. Homes. 4 fills o més	2015	0
2840	Nombre de prestacions econòmiques per desocupació involuntària per sexe i nombre de fills a càrrec	0106020900120004	Nombre de prestacions econòmiques per desocupació involuntària per sexe i nombre de fills a càrrec. Homes. 4 fills o més	2016	2
2840	Nombre de prestacions econòmiques per desocupació involuntària per sexe i nombre de fills a càrrec	0106020900120004	Nombre de prestacions econòmiques per desocupació involuntària per sexe i nombre de fills a càrrec. Homes. 4 fills o més	2017	1
2840	Nombre de prestacions econòmiques per desocupació involuntària per sexe i nombre de fills a càrrec	0106020900120004	Nombre de prestacions econòmiques per desocupació involuntària per sexe i nombre de fills a càrrec. Homes. 4 fills o més	2018	1
2840	Nombre de prestacions econòmiques per desocupació involuntària per sexe i nombre de fills a càrrec	0106020900120004	Nombre de prestacions econòmiques per desocupació involuntària per sexe i nombre de fills a càrrec. Homes. 4 fills o més	2019	0
2840	Nombre de prestacions econòmiques per desocupació involuntària per sexe i nombre de fills a càrrec	0106020900120004	Nombre de prestacions econòmiques per desocupació involuntària per sexe i nombre de fills a càrrec. Homes. 4 fills o més	2020	0
2840	Nombre de prestacions econòmiques per desocupació involuntària per sexe i nombre de fills a càrrec	0106020900120004	Nombre de prestacions econòmiques per desocupació involuntària per sexe i nombre de fills a càrrec. Homes. 4 fills o més	2021	0
2840	Nombre de prestacions econòmiques per desocupació involuntària per sexe i nombre de fills a càrrec	0106020900120004	Nombre de prestacions econòmiques per desocupació involuntària per sexe i nombre de fills a càrrec. Homes. 4 fills o més	2022	0
2840	Nombre de prestacions econòmiques per desocupació involuntària per sexe i nombre de fills a càrrec	0106020900120004	Nombre de prestacions econòmiques per desocupació involuntària per sexe i nombre de fills a càrrec. Homes. 4 fills o més	2023	0
2840	Nombre de prestacions econòmiques per desocupació involuntària per sexe i nombre de fills a càrrec	0106020900120004	Nombre de prestacions econòmiques per desocupació involuntària per sexe i nombre de fills a càrrec. Homes. 4 fills o més	2024	0
2840	Nombre de prestacions econòmiques per desocupació involuntària per sexe i nombre de fills a càrrec	0106020900120004	Nombre de prestacions econòmiques per desocupació involuntària per sexe i nombre de fills a càrrec. Homes. 4 fills o més	2025	0
2840	Nombre de prestacions econòmiques per desocupació involuntària per sexe i nombre de fills a càrrec	0106020900120005	Nombre de prestacions econòmiques per desocupació involuntària per sexe i nombre de fills a càrrec. Homes. Sense fills	2015	51
2840	Nombre de prestacions econòmiques per desocupació involuntària per sexe i nombre de fills a càrrec	0106020900120005	Nombre de prestacions econòmiques per desocupació involuntària per sexe i nombre de fills a càrrec. Homes. Sense fills	2016	107
2840	Nombre de prestacions econòmiques per desocupació involuntària per sexe i nombre de fills a càrrec	0106020900120005	Nombre de prestacions econòmiques per desocupació involuntària per sexe i nombre de fills a càrrec. Homes. Sense fills	2017	35
2840	Nombre de prestacions econòmiques per desocupació involuntària per sexe i nombre de fills a càrrec	0106020900120005	Nombre de prestacions econòmiques per desocupació involuntària per sexe i nombre de fills a càrrec. Homes. Sense fills	2018	32
2840	Nombre de prestacions econòmiques per desocupació involuntària per sexe i nombre de fills a càrrec	0106020900120005	Nombre de prestacions econòmiques per desocupació involuntària per sexe i nombre de fills a càrrec. Homes. Sense fills	2019	35
2840	Nombre de prestacions econòmiques per desocupació involuntària per sexe i nombre de fills a càrrec	0106020900120005	Nombre de prestacions econòmiques per desocupació involuntària per sexe i nombre de fills a càrrec. Homes. Sense fills	2020	84
2840	Nombre de prestacions econòmiques per desocupació involuntària per sexe i nombre de fills a càrrec	0106020900120005	Nombre de prestacions econòmiques per desocupació involuntària per sexe i nombre de fills a càrrec. Homes. Sense fills	2021	132
2840	Nombre de prestacions econòmiques per desocupació involuntària per sexe i nombre de fills a càrrec	0106020900120005	Nombre de prestacions econòmiques per desocupació involuntària per sexe i nombre de fills a càrrec. Homes. Sense fills	2022	38
2840	Nombre de prestacions econòmiques per desocupació involuntària per sexe i nombre de fills a càrrec	0106020900120005	Nombre de prestacions econòmiques per desocupació involuntària per sexe i nombre de fills a càrrec. Homes. Sense fills	2023	26
2840	Nombre de prestacions econòmiques per desocupació involuntària per sexe i nombre de fills a càrrec	0106020900120005	Nombre de prestacions econòmiques per desocupació involuntària per sexe i nombre de fills a càrrec. Homes. Sense fills	2024	19
2840	Nombre de prestacions econòmiques per desocupació involuntària per sexe i nombre de fills a càrrec	0106020900120005	Nombre de prestacions econòmiques per desocupació involuntària per sexe i nombre de fills a càrrec. Homes. Sense fills	2025	11
2840	Nombre de prestacions econòmiques per desocupació involuntària per sexe i nombre de fills a càrrec	0106020900120006	Nombre de prestacions econòmiques per desocupació involuntària per sexe i nombre de fills a càrrec. Dones. 1 fill	2015	20
2840	Nombre de prestacions econòmiques per desocupació involuntària per sexe i nombre de fills a càrrec	0106020900120006	Nombre de prestacions econòmiques per desocupació involuntària per sexe i nombre de fills a càrrec. Dones. 1 fill	2016	40
2840	Nombre de prestacions econòmiques per desocupació involuntària per sexe i nombre de fills a càrrec	0106020900120006	Nombre de prestacions econòmiques per desocupació involuntària per sexe i nombre de fills a càrrec. Dones. 1 fill	2017	16
2840	Nombre de prestacions econòmiques per desocupació involuntària per sexe i nombre de fills a càrrec	0106020900120006	Nombre de prestacions econòmiques per desocupació involuntària per sexe i nombre de fills a càrrec. Dones. 1 fill	2018	9
2840	Nombre de prestacions econòmiques per desocupació involuntària per sexe i nombre de fills a càrrec	0106020900120006	Nombre de prestacions econòmiques per desocupació involuntària per sexe i nombre de fills a càrrec. Dones. 1 fill	2019	15
2840	Nombre de prestacions econòmiques per desocupació involuntària per sexe i nombre de fills a càrrec	0106020900120006	Nombre de prestacions econòmiques per desocupació involuntària per sexe i nombre de fills a càrrec. Dones. 1 fill	2020	49
2840	Nombre de prestacions econòmiques per desocupació involuntària per sexe i nombre de fills a càrrec	0106020900120006	Nombre de prestacions econòmiques per desocupació involuntària per sexe i nombre de fills a càrrec. Dones. 1 fill	2021	56
2840	Nombre de prestacions econòmiques per desocupació involuntària per sexe i nombre de fills a càrrec	0106020900120006	Nombre de prestacions econòmiques per desocupació involuntària per sexe i nombre de fills a càrrec. Dones. 1 fill	2022	14
2840	Nombre de prestacions econòmiques per desocupació involuntària per sexe i nombre de fills a càrrec	0106020900120006	Nombre de prestacions econòmiques per desocupació involuntària per sexe i nombre de fills a càrrec. Dones. 1 fill	2023	15
2840	Nombre de prestacions econòmiques per desocupació involuntària per sexe i nombre de fills a càrrec	0106020900120006	Nombre de prestacions econòmiques per desocupació involuntària per sexe i nombre de fills a càrrec. Dones. 1 fill	2024	12
2840	Nombre de prestacions econòmiques per desocupació involuntària per sexe i nombre de fills a càrrec	0106020900120006	Nombre de prestacions econòmiques per desocupació involuntària per sexe i nombre de fills a càrrec. Dones. 1 fill	2025	6
2840	Nombre de prestacions econòmiques per desocupació involuntària per sexe i nombre de fills a càrrec	0106020900120007	Nombre de prestacions econòmiques per desocupació involuntària per sexe i nombre de fills a càrrec. Dones. 2 fills	2015	13
2840	Nombre de prestacions econòmiques per desocupació involuntària per sexe i nombre de fills a càrrec	0106020900120007	Nombre de prestacions econòmiques per desocupació involuntària per sexe i nombre de fills a càrrec. Dones. 2 fills	2016	14
2840	Nombre de prestacions econòmiques per desocupació involuntària per sexe i nombre de fills a càrrec	0106020900120007	Nombre de prestacions econòmiques per desocupació involuntària per sexe i nombre de fills a càrrec. Dones. 2 fills	2017	14
2840	Nombre de prestacions econòmiques per desocupació involuntària per sexe i nombre de fills a càrrec	0106020900120007	Nombre de prestacions econòmiques per desocupació involuntària per sexe i nombre de fills a càrrec. Dones. 2 fills	2018	6
2840	Nombre de prestacions econòmiques per desocupació involuntària per sexe i nombre de fills a càrrec	0106020900120007	Nombre de prestacions econòmiques per desocupació involuntària per sexe i nombre de fills a càrrec. Dones. 2 fills	2019	12
2840	Nombre de prestacions econòmiques per desocupació involuntària per sexe i nombre de fills a càrrec	0106020900120007	Nombre de prestacions econòmiques per desocupació involuntària per sexe i nombre de fills a càrrec. Dones. 2 fills	2020	30
2840	Nombre de prestacions econòmiques per desocupació involuntària per sexe i nombre de fills a càrrec	0106020900120007	Nombre de prestacions econòmiques per desocupació involuntària per sexe i nombre de fills a càrrec. Dones. 2 fills	2021	31
2840	Nombre de prestacions econòmiques per desocupació involuntària per sexe i nombre de fills a càrrec	0106020900120007	Nombre de prestacions econòmiques per desocupació involuntària per sexe i nombre de fills a càrrec. Dones. 2 fills	2022	2
2840	Nombre de prestacions econòmiques per desocupació involuntària per sexe i nombre de fills a càrrec	0106020900120007	Nombre de prestacions econòmiques per desocupació involuntària per sexe i nombre de fills a càrrec. Dones. 2 fills	2023	0
2840	Nombre de prestacions econòmiques per desocupació involuntària per sexe i nombre de fills a càrrec	0106020900120007	Nombre de prestacions econòmiques per desocupació involuntària per sexe i nombre de fills a càrrec. Dones. 2 fills	2024	7
2840	Nombre de prestacions econòmiques per desocupació involuntària per sexe i nombre de fills a càrrec	0106020900120007	Nombre de prestacions econòmiques per desocupació involuntària per sexe i nombre de fills a càrrec. Dones. 2 fills	2025	2
2840	Nombre de prestacions econòmiques per desocupació involuntària per sexe i nombre de fills a càrrec	0106020900120008	Nombre de prestacions econòmiques per desocupació involuntària per sexe i nombre de fills a càrrec. Dones. 3 fills	2015	2
2840	Nombre de prestacions econòmiques per desocupació involuntària per sexe i nombre de fills a càrrec	0106020900120008	Nombre de prestacions econòmiques per desocupació involuntària per sexe i nombre de fills a càrrec. Dones. 3 fills	2016	3
2840	Nombre de prestacions econòmiques per desocupació involuntària per sexe i nombre de fills a càrrec	0106020900120008	Nombre de prestacions econòmiques per desocupació involuntària per sexe i nombre de fills a càrrec. Dones. 3 fills	2017	1
2840	Nombre de prestacions econòmiques per desocupació involuntària per sexe i nombre de fills a càrrec	0106020900120008	Nombre de prestacions econòmiques per desocupació involuntària per sexe i nombre de fills a càrrec. Dones. 3 fills	2018	2
2840	Nombre de prestacions econòmiques per desocupació involuntària per sexe i nombre de fills a càrrec	0106020900120008	Nombre de prestacions econòmiques per desocupació involuntària per sexe i nombre de fills a càrrec. Dones. 3 fills	2019	1
2840	Nombre de prestacions econòmiques per desocupació involuntària per sexe i nombre de fills a càrrec	0106020900120008	Nombre de prestacions econòmiques per desocupació involuntària per sexe i nombre de fills a càrrec. Dones. 3 fills	2020	9
2840	Nombre de prestacions econòmiques per desocupació involuntària per sexe i nombre de fills a càrrec	0106020900120008	Nombre de prestacions econòmiques per desocupació involuntària per sexe i nombre de fills a càrrec. Dones. 3 fills	2021	11
2840	Nombre de prestacions econòmiques per desocupació involuntària per sexe i nombre de fills a càrrec	0106020900120008	Nombre de prestacions econòmiques per desocupació involuntària per sexe i nombre de fills a càrrec. Dones. 3 fills	2022	2
2840	Nombre de prestacions econòmiques per desocupació involuntària per sexe i nombre de fills a càrrec	0106020900120008	Nombre de prestacions econòmiques per desocupació involuntària per sexe i nombre de fills a càrrec. Dones. 3 fills	2023	3
2840	Nombre de prestacions econòmiques per desocupació involuntària per sexe i nombre de fills a càrrec	0106020900120008	Nombre de prestacions econòmiques per desocupació involuntària per sexe i nombre de fills a càrrec. Dones. 3 fills	2024	2
2840	Nombre de prestacions econòmiques per desocupació involuntària per sexe i nombre de fills a càrrec	0106020900120008	Nombre de prestacions econòmiques per desocupació involuntària per sexe i nombre de fills a càrrec. Dones. 3 fills	2025	0
2840	Nombre de prestacions econòmiques per desocupació involuntària per sexe i nombre de fills a càrrec	0106020900120009	Nombre de prestacions econòmiques per desocupació involuntària per sexe i nombre de fills a càrrec. Dones. 4 fills o més	2015	1
2840	Nombre de prestacions econòmiques per desocupació involuntària per sexe i nombre de fills a càrrec	0106020900120009	Nombre de prestacions econòmiques per desocupació involuntària per sexe i nombre de fills a càrrec. Dones. 4 fills o més	2016	0
2840	Nombre de prestacions econòmiques per desocupació involuntària per sexe i nombre de fills a càrrec	0106020900120009	Nombre de prestacions econòmiques per desocupació involuntària per sexe i nombre de fills a càrrec. Dones. 4 fills o més	2017	0
2840	Nombre de prestacions econòmiques per desocupació involuntària per sexe i nombre de fills a càrrec	0106020900120009	Nombre de prestacions econòmiques per desocupació involuntària per sexe i nombre de fills a càrrec. Dones. 4 fills o més	2018	0
2840	Nombre de prestacions econòmiques per desocupació involuntària per sexe i nombre de fills a càrrec	0106020900120009	Nombre de prestacions econòmiques per desocupació involuntària per sexe i nombre de fills a càrrec. Dones. 4 fills o més	2019	0
2840	Nombre de prestacions econòmiques per desocupació involuntària per sexe i nombre de fills a càrrec	0106020900120009	Nombre de prestacions econòmiques per desocupació involuntària per sexe i nombre de fills a càrrec. Dones. 4 fills o més	2020	2
2840	Nombre de prestacions econòmiques per desocupació involuntària per sexe i nombre de fills a càrrec	0106020900120009	Nombre de prestacions econòmiques per desocupació involuntària per sexe i nombre de fills a càrrec. Dones. 4 fills o més	2021	1
2840	Nombre de prestacions econòmiques per desocupació involuntària per sexe i nombre de fills a càrrec	0106020900120009	Nombre de prestacions econòmiques per desocupació involuntària per sexe i nombre de fills a càrrec. Dones. 4 fills o més	2022	0
2840	Nombre de prestacions econòmiques per desocupació involuntària per sexe i nombre de fills a càrrec	0106020900120009	Nombre de prestacions econòmiques per desocupació involuntària per sexe i nombre de fills a càrrec. Dones. 4 fills o més	2023	1
2840	Nombre de prestacions econòmiques per desocupació involuntària per sexe i nombre de fills a càrrec	0106020900120009	Nombre de prestacions econòmiques per desocupació involuntària per sexe i nombre de fills a càrrec. Dones. 4 fills o més	2024	0
2840	Nombre de prestacions econòmiques per desocupació involuntària per sexe i nombre de fills a càrrec	0106020900120009	Nombre de prestacions econòmiques per desocupació involuntària per sexe i nombre de fills a càrrec. Dones. 4 fills o més	2025	0
2840	Nombre de prestacions econòmiques per desocupació involuntària per sexe i nombre de fills a càrrec	0106020900120010	Nombre de prestacions econòmiques per desocupació involuntària per sexe i nombre de fills a càrrec. Dones. Sense fills	2015	98
2840	Nombre de prestacions econòmiques per desocupació involuntària per sexe i nombre de fills a càrrec	0106020900120010	Nombre de prestacions econòmiques per desocupació involuntària per sexe i nombre de fills a càrrec. Dones. Sense fills	2016	64
2840	Nombre de prestacions econòmiques per desocupació involuntària per sexe i nombre de fills a càrrec	0106020900120010	Nombre de prestacions econòmiques per desocupació involuntària per sexe i nombre de fills a càrrec. Dones. Sense fills	2017	29
2840	Nombre de prestacions econòmiques per desocupació involuntària per sexe i nombre de fills a càrrec	0106020900120010	Nombre de prestacions econòmiques per desocupació involuntària per sexe i nombre de fills a càrrec. Dones. Sense fills	2018	16
2840	Nombre de prestacions econòmiques per desocupació involuntària per sexe i nombre de fills a càrrec	0106020900120010	Nombre de prestacions econòmiques per desocupació involuntària per sexe i nombre de fills a càrrec. Dones. Sense fills	2019	21
2840	Nombre de prestacions econòmiques per desocupació involuntària per sexe i nombre de fills a càrrec	0106020900120010	Nombre de prestacions econòmiques per desocupació involuntària per sexe i nombre de fills a càrrec. Dones. Sense fills	2020	84
2840	Nombre de prestacions econòmiques per desocupació involuntària per sexe i nombre de fills a càrrec	0106020900120010	Nombre de prestacions econòmiques per desocupació involuntària per sexe i nombre de fills a càrrec. Dones. Sense fills	2021	112
2840	Nombre de prestacions econòmiques per desocupació involuntària per sexe i nombre de fills a càrrec	0106020900120010	Nombre de prestacions econòmiques per desocupació involuntària per sexe i nombre de fills a càrrec. Dones. Sense fills	2022	22
2840	Nombre de prestacions econòmiques per desocupació involuntària per sexe i nombre de fills a càrrec	0106020900120010	Nombre de prestacions econòmiques per desocupació involuntària per sexe i nombre de fills a càrrec. Dones. Sense fills	2023	18
2840	Nombre de prestacions econòmiques per desocupació involuntària per sexe i nombre de fills a càrrec	0106020900120010	Nombre de prestacions econòmiques per desocupació involuntària per sexe i nombre de fills a càrrec. Dones. Sense fills	2024	27
2840	Nombre de prestacions econòmiques per desocupació involuntària per sexe i nombre de fills a càrrec	0106020900120010	Nombre de prestacions econòmiques per desocupació involuntària per sexe i nombre de fills a càrrec. Dones. Sense fills	2025	11
2840	Nombre de prestacions econòmiques per desocupació involuntària per sexe i nombre de fills a càrrec	0106020900120011	Nombre de prestacions econòmiques per desocupació involuntària per sexe i nombre de fills a càrrec. Total	2015	235
2840	Nombre de prestacions econòmiques per desocupació involuntària per sexe i nombre de fills a càrrec	0106020900120011	Nombre de prestacions econòmiques per desocupació involuntària per sexe i nombre de fills a càrrec. Total	2016	255
2840	Nombre de prestacions econòmiques per desocupació involuntària per sexe i nombre de fills a càrrec	0106020900120011	Nombre de prestacions econòmiques per desocupació involuntària per sexe i nombre de fills a càrrec. Total	2017	107
2840	Nombre de prestacions econòmiques per desocupació involuntària per sexe i nombre de fills a càrrec	0106020900120011	Nombre de prestacions econòmiques per desocupació involuntària per sexe i nombre de fills a càrrec. Total	2018	74
2840	Nombre de prestacions econòmiques per desocupació involuntària per sexe i nombre de fills a càrrec	0106020900120011	Nombre de prestacions econòmiques per desocupació involuntària per sexe i nombre de fills a càrrec. Total	2019	97
2840	Nombre de prestacions econòmiques per desocupació involuntària per sexe i nombre de fills a càrrec	0106020900120011	Nombre de prestacions econòmiques per desocupació involuntària per sexe i nombre de fills a càrrec. Total	2020	290
2840	Nombre de prestacions econòmiques per desocupació involuntària per sexe i nombre de fills a càrrec	0106020900120011	Nombre de prestacions econòmiques per desocupació involuntària per sexe i nombre de fills a càrrec. Total	2021	385
2840	Nombre de prestacions econòmiques per desocupació involuntària per sexe i nombre de fills a càrrec	0106020900120011	Nombre de prestacions econòmiques per desocupació involuntària per sexe i nombre de fills a càrrec. Total	2022	83
2840	Nombre de prestacions econòmiques per desocupació involuntària per sexe i nombre de fills a càrrec	0106020900120011	Nombre de prestacions econòmiques per desocupació involuntària per sexe i nombre de fills a càrrec. Total	2023	70
2840	Nombre de prestacions econòmiques per desocupació involuntària per sexe i nombre de fills a càrrec	0106020900120011	Nombre de prestacions econòmiques per desocupació involuntària per sexe i nombre de fills a càrrec. Total	2024	71
2840	Nombre de prestacions econòmiques per desocupació involuntària per sexe i nombre de fills a càrrec	0106020900120011	Nombre de prestacions econòmiques per desocupació involuntària per sexe i nombre de fills a càrrec. Total	2025	31
2937	Import de prestacions econòmiques per desocupació involuntària	0106020900130001	Import de prestacions econòmiques per desocupació involuntària. Total	2015	856508.01
2937	Import de prestacions econòmiques per desocupació involuntària	0106020900130001	Import de prestacions econòmiques per desocupació involuntària. Total	2016	754730.14
2937	Import de prestacions econòmiques per desocupació involuntària	0106020900130001	Import de prestacions econòmiques per desocupació involuntària. Total	2017	374188.79
2937	Import de prestacions econòmiques per desocupació involuntària	0106020900130001	Import de prestacions econòmiques per desocupació involuntària. Total	2018	236817.8
2937	Import de prestacions econòmiques per desocupació involuntària	0106020900130001	Import de prestacions econòmiques per desocupació involuntària. Total	2019	340410.85
2937	Import de prestacions econòmiques per desocupació involuntària	0106020900130001	Import de prestacions econòmiques per desocupació involuntària. Total	2020	904755.89
2937	Import de prestacions econòmiques per desocupació involuntària	0106020900130001	Import de prestacions econòmiques per desocupació involuntària. Total	2021	1954794.54
2937	Import de prestacions econòmiques per desocupació involuntària	0106020900130001	Import de prestacions econòmiques per desocupació involuntària. Total	2022	361412.66
2937	Import de prestacions econòmiques per desocupació involuntària	0106020900130001	Import de prestacions econòmiques per desocupació involuntària. Total	2023	317646.75
2937	Import de prestacions econòmiques per desocupació involuntària	0106020900130001	Import de prestacions econòmiques per desocupació involuntària. Total	2024	334704.11
2937	Import de prestacions econòmiques per desocupació involuntària	0106020900130001	Import de prestacions econòmiques per desocupació involuntària. Total	2025	317646.75
